version,2.1.0
info,balls_per_over,6
info,team,South Africa
info,team,Australia
info,gender,male
info,season,2008/09
info,date,2009/04/13
info,event,Australia in South Africa ODI Series
info,match_number,4
info,venue,St George's Park
info,city,Port Elizabeth
info,toss_winner,Australia
info,toss_decision,field
info,player_of_match,HH Gibbs
info,umpire,EAR de Silva
info,umpire,BG Jerling
info,reserve_umpire,MW Brown
info,tv_umpire,RE Koertzen
info,match_referee,RS Madugalle
info,winner,South Africa
info,winner_runs,61
info,player,Australia,BJ Haddin
info,player,Australia,MJ Clarke
info,player,Australia,RT Ponting
info,player,Australia,CJ Ferguson
info,player,Australia,MEK Hussey
info,player,Australia,DJ Hussey
info,player,Australia,JR Hopes
info,player,Australia,MG Johnson
info,player,Australia,NM Hauritz
info,player,Australia,NW Bracken
info,player,Australia,SM Harwood
info,player,South Africa,GC Smith
info,player,South Africa,HH Gibbs
info,player,South Africa,JH Kallis
info,player,South Africa,AB de Villiers
info,player,South Africa,JA Morkel
info,player,South Africa,MV Boucher
info,player,South Africa,JP Duminy
info,player,South Africa,RE van der Merwe
info,player,South Africa,J Botha
info,player,South Africa,DW Steyn
info,player,South Africa,WD Parnell
info,registry,people,AB de Villiers,c4487b84
info,registry,people,BG Jerling,26457e41
info,registry,people,BJ Haddin,b0c772ee
info,registry,people,CJ Ferguson,9b4935c8
info,registry,people,DJ Hussey,fd835ab3
info,registry,people,DW Steyn,8fd1a8f5
info,registry,people,EAR de Silva,dc63f509
info,registry,people,GC Smith,72861603
info,registry,people,HH Gibbs,e1d1b294
info,registry,people,J Botha,7c503806
info,registry,people,JA Morkel,c3d35165
info,registry,people,JH Kallis,86dc8f2e
info,registry,people,JP Duminy,2e8994e7
info,registry,people,JR Hopes,2498e163
info,registry,people,MEK Hussey,48fd7349
info,registry,people,MG Johnson,f5180fe6
info,registry,people,MJ Clarke,f842c2cf
info,registry,people,MV Boucher,f3cb53a1
info,registry,people,MW Brown,d83d7796
info,registry,people,NM Hauritz,8ea6e670
info,registry,people,NW Bracken,4c61a0f9
info,registry,people,RE Koertzen,0265fab2
info,registry,people,RE van der Merwe,05c2ca46
info,registry,people,RS Madugalle,766b5798
info,registry,people,RT Ponting,7d415ea5
info,registry,people,SM Harwood,63bff7f9
info,registry,people,WD Parnell,3a60e0b5
