version,2.1.0
info,balls_per_over,6
info,team,Australia
info,team,South Africa
info,gender,male
info,season,2008/09
info,date,2009/01/26
info,event,South Africa in Australia ODI Series
info,match_number,4
info,venue,Adelaide Oval
info,city,
info,toss_winner,Australia
info,toss_decision,bat
info,player_of_match,AB de Villiers
info,umpire,IJ Gould
info,umpire,DJ Harper
info,reserve_umpire,AR Collins
info,tv_umpire,BNJ Oxenford
info,match_referee,RS Madugalle
info,winner,South Africa
info,winner_wickets,8
info,player,Australia,SE Marsh
info,player,Australia,DA Warner
info,player,Australia,RT Ponting
info,player,Australia,MEK Hussey
info,player,Australia,DJ Hussey
info,player,Australia,BJ Haddin
info,player,Australia,CL White
info,player,Australia,JR Hopes
info,player,Australia,MG Johnson
info,player,Australia,BW Hilfenhaus
info,player,Australia,SW Tait
info,player,South Africa,HM Amla
info,player,South Africa,HH Gibbs
info,player,South Africa,JH Kallis
info,player,South Africa,AB de Villiers
info,player,South Africa,JP Duminy
info,player,South Africa,ND McKenzie
info,player,South Africa,JA Morkel
info,player,South Africa,M Morkel
info,player,South Africa,J Botha
info,player,South Africa,DW Steyn
info,player,South Africa,M Ntini
info,registry,people,AB de Villiers,c4487b84
info,registry,people,AR Collins,11515742
info,registry,people,BJ Haddin,b0c772ee
info,registry,people,BNJ Oxenford,c1add349
info,registry,people,BW Hilfenhaus,f3171936
info,registry,people,CL White,d0513f63
info,registry,people,DA Warner,dcce6f09
info,registry,people,DJ Harper,0ec08b27
info,registry,people,DJ Hussey,fd835ab3
info,registry,people,DW Steyn,8fd1a8f5
info,registry,people,HH Gibbs,e1d1b294
info,registry,people,HM Amla,e798611a
info,registry,people,IJ Gould,a9dfdf6c
info,registry,people,J Botha,7c503806
info,registry,people,JA Morkel,c3d35165
info,registry,people,JH Kallis,86dc8f2e
info,registry,people,JP Duminy,2e8994e7
info,registry,people,JR Hopes,2498e163
info,registry,people,M Morkel,5bb5a915
info,registry,people,M Ntini,20a941bb
info,registry,people,MEK Hussey,48fd7349
info,registry,people,MG Johnson,f5180fe6
info,registry,people,ND McKenzie,a830c083
info,registry,people,RS Madugalle,766b5798
info,registry,people,RT Ponting,7d415ea5
info,registry,people,SE Marsh,508a1ea7
info,registry,people,SW Tait,addfb70e
