match_id,season,start_date,venue,innings,ball,batting_team,bowling_team,striker,non_striker,bowler,runs_off_bat,extras,wides,noballs,byes,legbyes,penalty,wicket_type,player_dismissed,other_wicket_type,other_player_dismissed
351692,2008/09,2009-02-10,Adelaide Oval,1,0.1,New Zealand,Australia,BB McCullum,MJ Guptill,NW Bracken,0,0,,,,,,,,,
351692,2008/09,2009-02-10,Adelaide Oval,1,0.2,New Zealand,Australia,BB McCullum,MJ Guptill,NW Bracken,0,0,,,,,,,,,
351692,2008/09,2009-02-10,Adelaide Oval,1,0.3,New Zealand,Australia,BB McCullum,MJ Guptill,NW Bracken,0,0,,,,,,,,,
351692,2008/09,2009-02-10,Adelaide Oval,1,0.4,New Zealand,Australia,BB McCullum,MJ Guptill,NW Bracken,3,0,,,,,,,,,
351692,2008/09,2009-02-10,Adelaide Oval,1,0.5,New Zealand,Australia,MJ Guptill,BB McCullum,NW Bracken,0,0,,,,,,,,,
351692,2008/09,2009-02-10,Adelaide Oval,1,0.6,New Zealand,Australia,MJ Guptill,BB McCullum,NW Bracken,0,0,,,,,,,,,
351692,2008/09,2009-02-10,Adelaide Oval,1,1.1,New Zealand,Australia,BB McCullum,MJ Guptill,BW Hilfenhaus,1,0,,,,,,,,,
351692,2008/09,2009-02-10,Adelaide Oval,1,1.2,New Zealand,Australia,MJ Guptill,BB McCullum,BW Hilfenhaus,0,0,,,,,,,,,
351692,2008/09,2009-02-10,Adelaide Oval,1,1.3,New Zealand,Australia,MJ Guptill,BB McCullum,BW Hilfenhaus,0,0,,,,,,,,,
351692,2008/09,2009-02-10,Adelaide Oval,1,1.4,New Zealand,Australia,MJ Guptill,BB McCullum,BW Hilfenhaus,0,0,,,,,,,,,
351692,2008/09,2009-02-10,Adelaide Oval,1,1.5,New Zealand,Australia,MJ Guptill,BB McCullum,BW Hilfenhaus,0,0,,,,,,,,,
351692,2008/09,2009-02-10,Adelaide Oval,1,1.6,New Zealand,Australia,MJ Guptill,BB McCullum,BW Hilfenhaus,1,0,,,,,,,,,
351692,2008/09,2009-02-10,Adelaide Oval,1,2.1,New Zealand,Australia,MJ Guptill,BB McCullum,NW Bracken,0,0,,,,,,,,,
351692,2008/09,2009-02-10,Adelaide Oval,1,2.2,New Zealand,Australia,MJ Guptill,BB McCullum,NW Bracken,0,0,,,,,,,,,
351692,2008/09,2009-02-10,Adelaide Oval,1,2.3,New Zealand,Australia,MJ Guptill,BB McCullum,NW Bracken,0,0,,,,,,,,,
351692,2008/09,2009-02-10,Adelaide Oval,1,2.4,New Zealand,Australia,MJ Guptill,BB McCullum,NW Bracken,0,0,,,,,,,,,
351692,2008/09,2009-02-10,Adelaide Oval,1,2.5,New Zealand,Australia,MJ Guptill,BB McCullum,NW Bracken,2,0,,,,,,,,,
351692,2008/09,2009-02-10,Adelaide Oval,1,2.6,New Zealand,Australia,MJ Guptill,BB McCullum,NW Bracken,0,0,,,,,,,,,
351692,2008/09,2009-02-10,Adelaide Oval,1,3.1,New Zealand,Australia,BB McCullum,MJ Guptill,BW Hilfenhaus,2,0,,,,,,,,,
351692,2008/09,2009-02-10,Adelaide Oval,1,3.2,New Zealand,Australia,BB McCullum,MJ Guptill,BW Hilfenhaus,1,0,,,,,,,,,
351692,2008/09,2009-02-10,Adelaide Oval,1,3.3,New Zealand,Australia,MJ Guptill,BB McCullum,BW Hilfenhaus,0,0,,,,,,,,,
351692,2008/09,2009-02-10,Adelaide Oval,1,3.4,New Zealand,Australia,MJ Guptill,BB McCullum,BW Hilfenhaus,0,0,,,,,,,,,
351692,2008/09,2009-02-10,Adelaide Oval,1,3.5,New Zealand,Australia,MJ Guptill,BB McCullum,BW Hilfenhaus,0,0,,,,,,,,,
351692,2008/09,2009-02-10,Adelaide Oval,1,3.6,New Zealand,Australia,MJ Guptill,BB McCullum,BW Hilfenhaus,0,0,,,,,,,,,
351692,2008/09,2009-02-10,Adelaide Oval,1,4.1,New Zealand,Australia,BB McCullum,MJ Guptill,NW Bracken,0,0,,,,,,,,,
351692,2008/09,2009-02-10,Adelaide Oval,1,4.2,New Zealand,Australia,BB McCullum,MJ Guptill,NW Bracken,1,0,,,,,,,,,
351692,2008/09,2009-02-10,Adelaide Oval,1,4.3,New Zealand,Australia,MJ Guptill,BB McCullum,NW Bracken,0,0,,,,,,,,,
351692,2008/09,2009-02-10,Adelaide Oval,1,4.4,New Zealand,Australia,MJ Guptill,BB McCullum,NW Bracken,0,0,,,,,,,,,
351692,2008/09,2009-02-10,Adelaide Oval,1,4.5,New Zealand,Australia,MJ Guptill,BB McCullum,NW Bracken,0,0,,,,,,,,,
351692,2008/09,2009-02-10,Adelaide Oval,1,4.6,New Zealand,Australia,MJ Guptill,BB McCullum,NW Bracken,0,0,,,,,,,,,
351692,2008/09,2009-02-10,Adelaide Oval,1,5.1,New Zealand,Australia,BB McCullum,MJ Guptill,BW Hilfenhaus,0,0,,,,,,,,,
351692,2008/09,2009-02-10,Adelaide Oval,1,5.2,New Zealand,Australia,BB McCullum,MJ Guptill,BW Hilfenhaus,0,0,,,,,,,,,
351692,2008/09,2009-02-10,Adelaide Oval,1,5.3,New Zealand,Australia,BB McCullum,MJ Guptill,BW Hilfenhaus,1,0,,,,,,,,,
351692,2008/09,2009-02-10,Adelaide Oval,1,5.4,New Zealand,Australia,MJ Guptill,BB McCullum,BW Hilfenhaus,0,0,,,,,,,,,
351692,2008/09,2009-02-10,Adelaide Oval,1,5.5,New Zealand,Australia,MJ Guptill,BB McCullum,BW Hilfenhaus,2,0,,,,,,,,,
351692,2008/09,2009-02-10,Adelaide Oval,1,5.6,New Zealand,Australia,MJ Guptill,BB McCullum,BW Hilfenhaus,0,0,,,,,,,,,
351692,2008/09,2009-02-10,Adelaide Oval,1,6.1,New Zealand,Australia,BB McCullum,MJ Guptill,NW Bracken,2,0,,,,,,,,,
351692,2008/09,2009-02-10,Adelaide Oval,1,6.2,New Zealand,Australia,BB McCullum,MJ Guptill,NW Bracken,0,0,,,,,,,,,
351692,2008/09,2009-02-10,Adelaide Oval,1,6.3,New Zealand,Australia,BB McCullum,MJ Guptill,NW Bracken,0,0,,,,,,,,,
351692,2008/09,2009-02-10,Adelaide Oval,1,6.4,New Zealand,Australia,BB McCullum,MJ Guptill,NW Bracken,1,0,,,,,,,,,
351692,2008/09,2009-02-10,Adelaide Oval,1,6.5,New Zealand,Australia,MJ Guptill,BB McCullum,NW Bracken,0,0,,,,,,,,,
351692,2008/09,2009-02-10,Adelaide Oval,1,6.6,New Zealand,Australia,MJ Guptill,BB McCullum,NW Bracken,0,0,,,,,,,,,
351692,2008/09,2009-02-10,Adelaide Oval,1,7.1,New Zealand,Australia,BB McCullum,MJ Guptill,BW Hilfenhaus,0,0,,,,,,,,,
351692,2008/09,2009-02-10,Adelaide Oval,1,7.2,New Zealand,Australia,BB McCullum,MJ Guptill,BW Hilfenhaus,1,0,,,,,,,,,
351692,2008/09,2009-02-10,Adelaide Oval,1,7.3,New Zealand,Australia,MJ Guptill,BB McCullum,BW Hilfenhaus,1,0,,,,,,,,,
351692,2008/09,2009-02-10,Adelaide Oval,1,7.4,New Zealand,Australia,BB McCullum,MJ Guptill,BW Hilfenhaus,2,0,,,,,,,,,
351692,2008/09,2009-02-10,Adelaide Oval,1,7.5,New Zealand,Australia,BB McCullum,MJ Guptill,BW Hilfenhaus,0,0,,,,,,,,,
351692,2008/09,2009-02-10,Adelaide Oval,1,7.6,New Zealand,Australia,BB McCullum,MJ Guptill,BW Hilfenhaus,0,0,,,,,,,,,
351692,2008/09,2009-02-10,Adelaide Oval,1,8.1,New Zealand,Australia,MJ Guptill,BB McCullum,NW Bracken,0,0,,,,,,,,,
351692,2008/09,2009-02-10,Adelaide Oval,1,8.2,New Zealand,Australia,MJ Guptill,BB McCullum,NW Bracken,0,0,,,,,,,,,
351692,2008/09,2009-02-10,Adelaide Oval,1,8.3,New Zealand,Australia,MJ Guptill,BB McCullum,NW Bracken,2,0,,,,,,,,,
351692,2008/09,2009-02-10,Adelaide Oval,1,8.4,New Zealand,Australia,MJ Guptill,BB McCullum,NW Bracken,0,0,,,,,,,,,
351692,2008/09,2009-02-10,Adelaide Oval,1,8.5,New Zealand,Australia,MJ Guptill,BB McCullum,NW Bracken,0,0,,,,,,,,,
351692,2008/09,2009-02-10,Adelaide Oval,1,8.6,New Zealand,Australia,MJ Guptill,BB McCullum,NW Bracken,6,0,,,,,,,,,
351692,2008/09,2009-02-10,Adelaide Oval,1,9.1,New Zealand,Australia,BB McCullum,MJ Guptill,MG Johnson,0,0,,,,,,,,,
351692,2008/09,2009-02-10,Adelaide Oval,1,9.2,New Zealand,Australia,BB McCullum,MJ Guptill,MG Johnson,0,0,,,,,,,,,
351692,2008/09,2009-02-10,Adelaide Oval,1,9.3,New Zealand,Australia,BB McCullum,MJ Guptill,MG Johnson,1,0,,,,,,,,,
351692,2008/09,2009-02-10,Adelaide Oval,1,9.4,New Zealand,Australia,MJ Guptill,BB McCullum,MG Johnson,0,0,,,,,,,,,
351692,2008/09,2009-02-10,Adelaide Oval,1,9.5,New Zealand,Australia,MJ Guptill,BB McCullum,MG Johnson,0,0,,,,,,,,,
351692,2008/09,2009-02-10,Adelaide Oval,1,9.6,New Zealand,Australia,MJ Guptill,BB McCullum,MG Johnson,2,0,,,,,,,,,
351692,2008/09,2009-02-10,Adelaide Oval,1,10.1,New Zealand,Australia,BB McCullum,MJ Guptill,NW Bracken,0,0,,,,,,,,,
351692,2008/09,2009-02-10,Adelaide Oval,1,10.2,New Zealand,Australia,BB McCullum,MJ Guptill,NW Bracken,1,0,,,,,,,,,
351692,2008/09,2009-02-10,Adelaide Oval,1,10.3,New Zealand,Australia,MJ Guptill,BB McCullum,NW Bracken,0,0,,,,,,,,,
351692,2008/09,2009-02-10,Adelaide Oval,1,10.4,New Zealand,Australia,MJ Guptill,BB McCullum,NW Bracken,0,0,,,,,,,,,
351692,2008/09,2009-02-10,Adelaide Oval,1,10.5,New Zealand,Australia,MJ Guptill,BB McCullum,NW Bracken,0,0,,,,,,,,,
351692,2008/09,2009-02-10,Adelaide Oval,1,10.6,New Zealand,Australia,MJ Guptill,BB McCullum,NW Bracken,0,0,,,,,,,,,
351692,2008/09,2009-02-10,Adelaide Oval,1,11.1,New Zealand,Australia,BB McCullum,MJ Guptill,MG Johnson,0,0,,,,,,,,,
351692,2008/09,2009-02-10,Adelaide Oval,1,11.2,New Zealand,Australia,BB McCullum,MJ Guptill,MG Johnson,1,0,,,,,,,,,
351692,2008/09,2009-02-10,Adelaide Oval,1,11.3,New Zealand,Australia,MJ Guptill,BB McCullum,MG Johnson,4,0,,,,,,,,,
351692,2008/09,2009-02-10,Adelaide Oval,1,11.4,New Zealand,Australia,MJ Guptill,BB McCullum,MG Johnson,0,0,,,,,,,,,
351692,2008/09,2009-02-10,Adelaide Oval,1,11.5,New Zealand,Australia,MJ Guptill,BB McCullum,MG Johnson,0,0,,,,,,,,,
351692,2008/09,2009-02-10,Adelaide Oval,1,11.6,New Zealand,Australia,MJ Guptill,BB McCullum,MG Johnson,0,0,,,,,,,,,
351692,2008/09,2009-02-10,Adelaide Oval,1,12.1,New Zealand,Australia,BB McCullum,MJ Guptill,JR Hopes,0,0,,,,,,,,,
351692,2008/09,2009-02-10,Adelaide Oval,1,12.2,New Zealand,Australia,BB McCullum,MJ Guptill,JR Hopes,1,0,,,,,,,,,
351692,2008/09,2009-02-10,Adelaide Oval,1,12.3,New Zealand,Australia,MJ Guptill,BB McCullum,JR Hopes,0,0,,,,,,,,,
351692,2008/09,2009-02-10,Adelaide Oval,1,12.4,New Zealand,Australia,MJ Guptill,BB McCullum,JR Hopes,2,0,,,,,,,,,
351692,2008/09,2009-02-10,Adelaide Oval,1,12.5,New Zealand,Australia,MJ Guptill,BB McCullum,JR Hopes,0,0,,,,,,,,,
351692,2008/09,2009-02-10,Adelaide Oval,1,12.6,New Zealand,Australia,MJ Guptill,BB McCullum,JR Hopes,0,0,,,,,,,,,
351692,2008/09,2009-02-10,Adelaide Oval,1,13.1,New Zealand,Australia,BB McCullum,MJ Guptill,MG Johnson,1,0,,,,,,,,,
351692,2008/09,2009-02-10,Adelaide Oval,1,13.2,New Zealand,Australia,MJ Guptill,BB McCullum,MG Johnson,0,0,,,,,,,,,
351692,2008/09,2009-02-10,Adelaide Oval,1,13.3,New Zealand,Australia,MJ Guptill,BB McCullum,MG Johnson,0,0,,,,,,,,,
351692,2008/09,2009-02-10,Adelaide Oval,1,13.4,New Zealand,Australia,MJ Guptill,BB McCullum,MG Johnson,4,0,,,,,,,,,
351692,2008/09,2009-02-10,Adelaide Oval,1,13.5,New Zealand,Australia,MJ Guptill,BB McCullum,MG Johnson,0,1,1,,,,,,,,
351692,2008/09,2009-02-10,Adelaide Oval,1,13.6,New Zealand,Australia,MJ Guptill,BB McCullum,MG Johnson,0,0,,,,,,,,,
351692,2008/09,2009-02-10,Adelaide Oval,1,13.7,New Zealand,Australia,MJ Guptill,BB McCullum,MG Johnson,1,0,,,,,,,,,
351692,2008/09,2009-02-10,Adelaide Oval,1,14.1,New Zealand,Australia,MJ Guptill,BB McCullum,JR Hopes,0,0,,,,,,,,,
351692,2008/09,2009-02-10,Adelaide Oval,1,14.2,New Zealand,Australia,MJ Guptill,BB McCullum,JR Hopes,1,0,,,,,,,,,
351692,2008/09,2009-02-10,Adelaide Oval,1,14.3,New Zealand,Australia,BB McCullum,MJ Guptill,JR Hopes,1,0,,,,,,,,,
351692,2008/09,2009-02-10,Adelaide Oval,1,14.4,New Zealand,Australia,MJ Guptill,BB McCullum,JR Hopes,1,0,,,,,,,,,
351692,2008/09,2009-02-10,Adelaide Oval,1,14.5,New Zealand,Australia,BB McCullum,MJ Guptill,JR Hopes,0,0,,,,,,,,,
351692,2008/09,2009-02-10,Adelaide Oval,1,14.6,New Zealand,Australia,BB McCullum,MJ Guptill,JR Hopes,0,0,,,,,,,,,
351692,2008/09,2009-02-10,Adelaide Oval,1,15.1,New Zealand,Australia,MJ Guptill,BB McCullum,MG Johnson,2,0,,,,,,,,,
351692,2008/09,2009-02-10,Adelaide Oval,1,15.2,New Zealand,Australia,MJ Guptill,BB McCullum,MG Johnson,1,0,,,,,,,,,
351692,2008/09,2009-02-10,Adelaide Oval,1,15.3,New Zealand,Australia,BB McCullum,MJ Guptill,MG Johnson,0,1,,,,1,,,,,
351692,2008/09,2009-02-10,Adelaide Oval,1,15.4,New Zealand,Australia,MJ Guptill,BB McCullum,MG Johnson,4,0,,,,,,,,,
351692,2008/09,2009-02-10,Adelaide Oval,1,15.5,New Zealand,Australia,MJ Guptill,BB McCullum,MG Johnson,0,0,,,,,,,,,
351692,2008/09,2009-02-10,Adelaide Oval,1,15.6,New Zealand,Australia,MJ Guptill,BB McCullum,MG Johnson,1,0,,,,,,,,,
351692,2008/09,2009-02-10,Adelaide Oval,1,16.1,New Zealand,Australia,MJ Guptill,BB McCullum,MJ Clarke,0,0,,,,,,,,,
351692,2008/09,2009-02-10,Adelaide Oval,1,16.2,New Zealand,Australia,MJ Guptill,BB McCullum,MJ Clarke,0,0,,,,,,,,,
351692,2008/09,2009-02-10,Adelaide Oval,1,16.3,New Zealand,Australia,MJ Guptill,BB McCullum,MJ Clarke,0,0,,,,,,,,,
351692,2008/09,2009-02-10,Adelaide Oval,1,16.4,New Zealand,Australia,MJ Guptill,BB McCullum,MJ Clarke,0,0,,,,,,,,,
351692,2008/09,2009-02-10,Adelaide Oval,1,16.5,New Zealand,Australia,MJ Guptill,BB McCullum,MJ Clarke,1,0,,,,,,,,,
351692,2008/09,2009-02-10,Adelaide Oval,1,16.6,New Zealand,Australia,BB McCullum,MJ Guptill,MJ Clarke,0,0,,,,,,,,,
351692,2008/09,2009-02-10,Adelaide Oval,1,17.1,New Zealand,Australia,MJ Guptill,BB McCullum,MG Johnson,2,0,,,,,,,,,
351692,2008/09,2009-02-10,Adelaide Oval,1,17.2,New Zealand,Australia,MJ Guptill,BB McCullum,MG Johnson,4,0,,,,,,,,,
351692,2008/09,2009-02-10,Adelaide Oval,1,17.3,New Zealand,Australia,MJ Guptill,BB McCullum,MG Johnson,1,0,,,,,,,,,
351692,2008/09,2009-02-10,Adelaide Oval,1,17.4,New Zealand,Australia,BB McCullum,MJ Guptill,MG Johnson,1,0,,,,,,,,,
351692,2008/09,2009-02-10,Adelaide Oval,1,17.5,New Zealand,Australia,MJ Guptill,BB McCullum,MG Johnson,0,0,,,,,,caught,MJ Guptill,,
351692,2008/09,2009-02-10,Adelaide Oval,1,17.6,New Zealand,Australia,PG Fulton,BB McCullum,MG Johnson,0,0,,,,,,,,,
351692,2008/09,2009-02-10,Adelaide Oval,1,18.1,New Zealand,Australia,BB McCullum,PG Fulton,MJ Clarke,0,0,,,,,,,,,
351692,2008/09,2009-02-10,Adelaide Oval,1,18.2,New Zealand,Australia,BB McCullum,PG Fulton,MJ Clarke,0,0,,,,,,,,,
351692,2008/09,2009-02-10,Adelaide Oval,1,18.3,New Zealand,Australia,BB McCullum,PG Fulton,MJ Clarke,0,0,,,,,,,,,
351692,2008/09,2009-02-10,Adelaide Oval,1,18.4,New Zealand,Australia,BB McCullum,PG Fulton,MJ Clarke,2,0,,,,,,,,,
351692,2008/09,2009-02-10,Adelaide Oval,1,18.5,New Zealand,Australia,BB McCullum,PG Fulton,MJ Clarke,0,0,,,,,,,,,
351692,2008/09,2009-02-10,Adelaide Oval,1,18.6,New Zealand,Australia,BB McCullum,PG Fulton,MJ Clarke,1,0,,,,,,,,,
351692,2008/09,2009-02-10,Adelaide Oval,1,19.1,New Zealand,Australia,BB McCullum,PG Fulton,JR Hopes,0,0,,,,,,,,,
351692,2008/09,2009-02-10,Adelaide Oval,1,19.2,New Zealand,Australia,BB McCullum,PG Fulton,JR Hopes,3,0,,,,,,,,,
351692,2008/09,2009-02-10,Adelaide Oval,1,19.3,New Zealand,Australia,PG Fulton,BB McCullum,JR Hopes,2,0,,,,,,,,,
351692,2008/09,2009-02-10,Adelaide Oval,1,19.4,New Zealand,Australia,PG Fulton,BB McCullum,JR Hopes,0,0,,,,,,,,,
351692,2008/09,2009-02-10,Adelaide Oval,1,19.5,New Zealand,Australia,PG Fulton,BB McCullum,JR Hopes,1,0,,,,,,,,,
351692,2008/09,2009-02-10,Adelaide Oval,1,19.6,New Zealand,Australia,BB McCullum,PG Fulton,JR Hopes,0,0,,,,,,,,,
351692,2008/09,2009-02-10,Adelaide Oval,1,20.1,New Zealand,Australia,PG Fulton,BB McCullum,MJ Clarke,1,0,,,,,,,,,
351692,2008/09,2009-02-10,Adelaide Oval,1,20.2,New Zealand,Australia,BB McCullum,PG Fulton,MJ Clarke,0,0,,,,,,,,,
351692,2008/09,2009-02-10,Adelaide Oval,1,20.3,New Zealand,Australia,BB McCullum,PG Fulton,MJ Clarke,1,0,,,,,,,,,
351692,2008/09,2009-02-10,Adelaide Oval,1,20.4,New Zealand,Australia,PG Fulton,BB McCullum,MJ Clarke,0,0,,,,,,,,,
351692,2008/09,2009-02-10,Adelaide Oval,1,20.5,New Zealand,Australia,PG Fulton,BB McCullum,MJ Clarke,1,0,,,,,,,,,
351692,2008/09,2009-02-10,Adelaide Oval,1,20.6,New Zealand,Australia,BB McCullum,PG Fulton,MJ Clarke,1,0,,,,,,,,,
351692,2008/09,2009-02-10,Adelaide Oval,1,21.1,New Zealand,Australia,BB McCullum,PG Fulton,JR Hopes,1,0,,,,,,,,,
351692,2008/09,2009-02-10,Adelaide Oval,1,21.2,New Zealand,Australia,PG Fulton,BB McCullum,JR Hopes,0,0,,,,,,,,,
351692,2008/09,2009-02-10,Adelaide Oval,1,21.3,New Zealand,Australia,PG Fulton,BB McCullum,JR Hopes,0,0,,,,,,,,,
351692,2008/09,2009-02-10,Adelaide Oval,1,21.4,New Zealand,Australia,PG Fulton,BB McCullum,JR Hopes,0,0,,,,,,caught,PG Fulton,,
351692,2008/09,2009-02-10,Adelaide Oval,1,21.5,New Zealand,Australia,BB McCullum,LRPL Taylor,JR Hopes,1,0,,,,,,,,,
351692,2008/09,2009-02-10,Adelaide Oval,1,21.6,New Zealand,Australia,LRPL Taylor,BB McCullum,JR Hopes,0,0,,,,,,,,,
351692,2008/09,2009-02-10,Adelaide Oval,1,22.1,New Zealand,Australia,BB McCullum,LRPL Taylor,MJ Clarke,0,0,,,,,,,,,
351692,2008/09,2009-02-10,Adelaide Oval,1,22.2,New Zealand,Australia,BB McCullum,LRPL Taylor,MJ Clarke,1,0,,,,,,,,,
351692,2008/09,2009-02-10,Adelaide Oval,1,22.3,New Zealand,Australia,LRPL Taylor,BB McCullum,MJ Clarke,0,0,,,,,,,,,
351692,2008/09,2009-02-10,Adelaide Oval,1,22.4,New Zealand,Australia,LRPL Taylor,BB McCullum,MJ Clarke,1,0,,,,,,,,,
351692,2008/09,2009-02-10,Adelaide Oval,1,22.5,New Zealand,Australia,BB McCullum,LRPL Taylor,MJ Clarke,0,0,,,,,,,,,
351692,2008/09,2009-02-10,Adelaide Oval,1,22.6,New Zealand,Australia,BB McCullum,LRPL Taylor,MJ Clarke,0,0,,,,,,bowled,BB McCullum,,
351692,2008/09,2009-02-10,Adelaide Oval,1,23.1,New Zealand,Australia,LRPL Taylor,GD Elliott,JR Hopes,0,0,,,,,,,,,
351692,2008/09,2009-02-10,Adelaide Oval,1,23.2,New Zealand,Australia,LRPL Taylor,GD Elliott,JR Hopes,0,0,,,,,,,,,
351692,2008/09,2009-02-10,Adelaide Oval,1,23.3,New Zealand,Australia,LRPL Taylor,GD Elliott,JR Hopes,0,0,,,,,,,,,
351692,2008/09,2009-02-10,Adelaide Oval,1,23.4,New Zealand,Australia,LRPL Taylor,GD Elliott,JR Hopes,1,0,,,,,,,,,
351692,2008/09,2009-02-10,Adelaide Oval,1,23.5,New Zealand,Australia,GD Elliott,LRPL Taylor,JR Hopes,0,0,,,,,,,,,
351692,2008/09,2009-02-10,Adelaide Oval,1,23.6,New Zealand,Australia,GD Elliott,LRPL Taylor,JR Hopes,0,0,,,,,,,,,
351692,2008/09,2009-02-10,Adelaide Oval,1,24.1,New Zealand,Australia,LRPL Taylor,GD Elliott,MJ Clarke,1,0,,,,,,,,,
351692,2008/09,2009-02-10,Adelaide Oval,1,24.2,New Zealand,Australia,GD Elliott,LRPL Taylor,MJ Clarke,0,0,,,,,,,,,
351692,2008/09,2009-02-10,Adelaide Oval,1,24.3,New Zealand,Australia,GD Elliott,LRPL Taylor,MJ Clarke,0,0,,,,,,,,,
351692,2008/09,2009-02-10,Adelaide Oval,1,24.4,New Zealand,Australia,GD Elliott,LRPL Taylor,MJ Clarke,0,0,,,,,,,,,
351692,2008/09,2009-02-10,Adelaide Oval,1,24.5,New Zealand,Australia,GD Elliott,LRPL Taylor,MJ Clarke,1,0,,,,,,,,,
351692,2008/09,2009-02-10,Adelaide Oval,1,24.6,New Zealand,Australia,LRPL Taylor,GD Elliott,MJ Clarke,1,0,,,,,,,,,
351692,2008/09,2009-02-10,Adelaide Oval,1,25.1,New Zealand,Australia,LRPL Taylor,GD Elliott,JR Hopes,0,0,,,,,,,,,
351692,2008/09,2009-02-10,Adelaide Oval,1,25.2,New Zealand,Australia,LRPL Taylor,GD Elliott,JR Hopes,1,0,,,,,,,,,
351692,2008/09,2009-02-10,Adelaide Oval,1,25.3,New Zealand,Australia,GD Elliott,LRPL Taylor,JR Hopes,1,0,,,,,,,,,
351692,2008/09,2009-02-10,Adelaide Oval,1,25.4,New Zealand,Australia,LRPL Taylor,GD Elliott,JR Hopes,0,0,,,,,,,,,
351692,2008/09,2009-02-10,Adelaide Oval,1,25.5,New Zealand,Australia,LRPL Taylor,GD Elliott,JR Hopes,0,0,,,,,,,,,
351692,2008/09,2009-02-10,Adelaide Oval,1,25.6,New Zealand,Australia,LRPL Taylor,GD Elliott,JR Hopes,0,0,,,,,,,,,
351692,2008/09,2009-02-10,Adelaide Oval,1,26.1,New Zealand,Australia,GD Elliott,LRPL Taylor,MJ Clarke,0,0,,,,,,,,,
351692,2008/09,2009-02-10,Adelaide Oval,1,26.2,New Zealand,Australia,GD Elliott,LRPL Taylor,MJ Clarke,0,0,,,,,,,,,
351692,2008/09,2009-02-10,Adelaide Oval,1,26.3,New Zealand,Australia,GD Elliott,LRPL Taylor,MJ Clarke,0,0,,,,,,,,,
351692,2008/09,2009-02-10,Adelaide Oval,1,26.4,New Zealand,Australia,GD Elliott,LRPL Taylor,MJ Clarke,1,0,,,,,,,,,
351692,2008/09,2009-02-10,Adelaide Oval,1,26.5,New Zealand,Australia,LRPL Taylor,GD Elliott,MJ Clarke,2,0,,,,,,,,,
351692,2008/09,2009-02-10,Adelaide Oval,1,26.6,New Zealand,Australia,LRPL Taylor,GD Elliott,MJ Clarke,0,0,,,,,,,,,
351692,2008/09,2009-02-10,Adelaide Oval,1,27.1,New Zealand,Australia,GD Elliott,LRPL Taylor,BW Hilfenhaus,1,0,,,,,,,,,
351692,2008/09,2009-02-10,Adelaide Oval,1,27.2,New Zealand,Australia,LRPL Taylor,GD Elliott,BW Hilfenhaus,0,0,,,,,,,,,
351692,2008/09,2009-02-10,Adelaide Oval,1,27.3,New Zealand,Australia,LRPL Taylor,GD Elliott,BW Hilfenhaus,0,0,,,,,,,,,
351692,2008/09,2009-02-10,Adelaide Oval,1,27.4,New Zealand,Australia,LRPL Taylor,GD Elliott,BW Hilfenhaus,0,0,,,,,,,,,
351692,2008/09,2009-02-10,Adelaide Oval,1,27.5,New Zealand,Australia,LRPL Taylor,GD Elliott,BW Hilfenhaus,1,0,,,,,,,,,
351692,2008/09,2009-02-10,Adelaide Oval,1,27.6,New Zealand,Australia,GD Elliott,LRPL Taylor,BW Hilfenhaus,2,0,,,,,,,,,
351692,2008/09,2009-02-10,Adelaide Oval,1,28.1,New Zealand,Australia,LRPL Taylor,GD Elliott,MJ Clarke,1,0,,,,,,,,,
351692,2008/09,2009-02-10,Adelaide Oval,1,28.2,New Zealand,Australia,GD Elliott,LRPL Taylor,MJ Clarke,1,0,,,,,,,,,
351692,2008/09,2009-02-10,Adelaide Oval,1,28.3,New Zealand,Australia,LRPL Taylor,GD Elliott,MJ Clarke,0,0,,,,,,,,,
351692,2008/09,2009-02-10,Adelaide Oval,1,28.4,New Zealand,Australia,LRPL Taylor,GD Elliott,MJ Clarke,1,0,,,,,,,,,
351692,2008/09,2009-02-10,Adelaide Oval,1,28.5,New Zealand,Australia,GD Elliott,LRPL Taylor,MJ Clarke,1,0,,,,,,,,,
351692,2008/09,2009-02-10,Adelaide Oval,1,28.6,New Zealand,Australia,LRPL Taylor,GD Elliott,MJ Clarke,1,0,,,,,,,,,
351692,2008/09,2009-02-10,Adelaide Oval,1,29.1,New Zealand,Australia,LRPL Taylor,GD Elliott,CL White,0,0,,,,,,,,,
351692,2008/09,2009-02-10,Adelaide Oval,1,29.2,New Zealand,Australia,LRPL Taylor,GD Elliott,CL White,0,0,,,,,,,,,
351692,2008/09,2009-02-10,Adelaide Oval,1,29.3,New Zealand,Australia,LRPL Taylor,GD Elliott,CL White,6,0,,,,,,,,,
351692,2008/09,2009-02-10,Adelaide Oval,1,29.4,New Zealand,Australia,LRPL Taylor,GD Elliott,CL White,0,0,,,,,,,,,
351692,2008/09,2009-02-10,Adelaide Oval,1,29.5,New Zealand,Australia,LRPL Taylor,GD Elliott,CL White,1,0,,,,,,,,,
351692,2008/09,2009-02-10,Adelaide Oval,1,29.6,New Zealand,Australia,GD Elliott,LRPL Taylor,CL White,1,0,,,,,,,,,
351692,2008/09,2009-02-10,Adelaide Oval,1,30.1,New Zealand,Australia,GD Elliott,LRPL Taylor,MJ Clarke,0,0,,,,,,,,,
351692,2008/09,2009-02-10,Adelaide Oval,1,30.2,New Zealand,Australia,GD Elliott,LRPL Taylor,MJ Clarke,1,0,,,,,,,,,
351692,2008/09,2009-02-10,Adelaide Oval,1,30.3,New Zealand,Australia,LRPL Taylor,GD Elliott,MJ Clarke,0,0,,,,,,,,,
351692,2008/09,2009-02-10,Adelaide Oval,1,30.4,New Zealand,Australia,LRPL Taylor,GD Elliott,MJ Clarke,0,0,,,,,,,,,
351692,2008/09,2009-02-10,Adelaide Oval,1,30.5,New Zealand,Australia,LRPL Taylor,GD Elliott,MJ Clarke,0,0,,,,,,,,,
351692,2008/09,2009-02-10,Adelaide Oval,1,30.6,New Zealand,Australia,LRPL Taylor,GD Elliott,MJ Clarke,1,0,,,,,,,,,
351692,2008/09,2009-02-10,Adelaide Oval,1,31.1,New Zealand,Australia,LRPL Taylor,GD Elliott,CL White,1,0,,,,,,,,,
351692,2008/09,2009-02-10,Adelaide Oval,1,31.2,New Zealand,Australia,GD Elliott,LRPL Taylor,CL White,4,0,,,,,,,,,
351692,2008/09,2009-02-10,Adelaide Oval,1,31.3,New Zealand,Australia,GD Elliott,LRPL Taylor,CL White,2,0,,,,,,,,,
351692,2008/09,2009-02-10,Adelaide Oval,1,31.4,New Zealand,Australia,GD Elliott,LRPL Taylor,CL White,4,0,,,,,,,,,
351692,2008/09,2009-02-10,Adelaide Oval,1,31.5,New Zealand,Australia,GD Elliott,LRPL Taylor,CL White,1,0,,,,,,,,,
351692,2008/09,2009-02-10,Adelaide Oval,1,31.6,New Zealand,Australia,LRPL Taylor,GD Elliott,CL White,4,0,,,,,,,,,
351692,2008/09,2009-02-10,Adelaide Oval,1,32.1,New Zealand,Australia,GD Elliott,LRPL Taylor,JR Hopes,2,0,,,,,,,,,
351692,2008/09,2009-02-10,Adelaide Oval,1,32.2,New Zealand,Australia,GD Elliott,LRPL Taylor,JR Hopes,1,0,,,,,,,,,
351692,2008/09,2009-02-10,Adelaide Oval,1,32.3,New Zealand,Australia,LRPL Taylor,GD Elliott,JR Hopes,4,0,,,,,,,,,
351692,2008/09,2009-02-10,Adelaide Oval,1,32.4,New Zealand,Australia,LRPL Taylor,GD Elliott,JR Hopes,1,0,,,,,,,,,
351692,2008/09,2009-02-10,Adelaide Oval,1,32.5,New Zealand,Australia,GD Elliott,LRPL Taylor,JR Hopes,0,0,,,,,,,,,
351692,2008/09,2009-02-10,Adelaide Oval,1,32.6,New Zealand,Australia,GD Elliott,LRPL Taylor,JR Hopes,0,0,,,,,,,,,
351692,2008/09,2009-02-10,Adelaide Oval,1,33.1,New Zealand,Australia,LRPL Taylor,GD Elliott,MG Johnson,0,0,,,,,,,,,
351692,2008/09,2009-02-10,Adelaide Oval,1,33.2,New Zealand,Australia,LRPL Taylor,GD Elliott,MG Johnson,0,0,,,,,,,,,
351692,2008/09,2009-02-10,Adelaide Oval,1,33.3,New Zealand,Australia,LRPL Taylor,GD Elliott,MG Johnson,1,0,,,,,,,,,
351692,2008/09,2009-02-10,Adelaide Oval,1,33.4,New Zealand,Australia,GD Elliott,LRPL Taylor,MG Johnson,2,0,,,,,,,,,
351692,2008/09,2009-02-10,Adelaide Oval,1,33.5,New Zealand,Australia,GD Elliott,LRPL Taylor,MG Johnson,0,0,,,,,,,,,
351692,2008/09,2009-02-10,Adelaide Oval,1,33.6,New Zealand,Australia,GD Elliott,LRPL Taylor,MG Johnson,0,0,,,,,,caught,GD Elliott,,
351692,2008/09,2009-02-10,Adelaide Oval,1,34.1,New Zealand,Australia,CD Cumming,LRPL Taylor,JR Hopes,0,0,,,,,,,,,
351692,2008/09,2009-02-10,Adelaide Oval,1,34.2,New Zealand,Australia,CD Cumming,LRPL Taylor,JR Hopes,0,0,,,,,,,,,
351692,2008/09,2009-02-10,Adelaide Oval,1,34.3,New Zealand,Australia,CD Cumming,LRPL Taylor,JR Hopes,0,0,,,,,,,,,
351692,2008/09,2009-02-10,Adelaide Oval,1,34.4,New Zealand,Australia,CD Cumming,LRPL Taylor,JR Hopes,0,0,,,,,,,,,
351692,2008/09,2009-02-10,Adelaide Oval,1,34.5,New Zealand,Australia,CD Cumming,LRPL Taylor,JR Hopes,0,0,,,,,,,,,
351692,2008/09,2009-02-10,Adelaide Oval,1,34.6,New Zealand,Australia,CD Cumming,LRPL Taylor,JR Hopes,0,0,,,,,,caught,CD Cumming,,
351692,2008/09,2009-02-10,Adelaide Oval,1,35.1,New Zealand,Australia,LRPL Taylor,NT Broom,MG Johnson,0,0,,,,,,,,,
351692,2008/09,2009-02-10,Adelaide Oval,1,35.2,New Zealand,Australia,LRPL Taylor,NT Broom,MG Johnson,1,0,,,,,,,,,
351692,2008/09,2009-02-10,Adelaide Oval,1,35.3,New Zealand,Australia,NT Broom,LRPL Taylor,MG Johnson,0,0,,,,,,,,,
351692,2008/09,2009-02-10,Adelaide Oval,1,35.4,New Zealand,Australia,NT Broom,LRPL Taylor,MG Johnson,0,0,,,,,,,,,
351692,2008/09,2009-02-10,Adelaide Oval,1,35.5,New Zealand,Australia,NT Broom,LRPL Taylor,MG Johnson,0,0,,,,,,,,,
351692,2008/09,2009-02-10,Adelaide Oval,1,35.6,New Zealand,Australia,NT Broom,LRPL Taylor,MG Johnson,0,0,,,,,,,,,
351692,2008/09,2009-02-10,Adelaide Oval,1,36.1,New Zealand,Australia,LRPL Taylor,NT Broom,JR Hopes,1,0,,,,,,,,,
351692,2008/09,2009-02-10,Adelaide Oval,1,36.2,New Zealand,Australia,NT Broom,LRPL Taylor,JR Hopes,0,0,,,,,,,,,
351692,2008/09,2009-02-10,Adelaide Oval,1,36.3,New Zealand,Australia,NT Broom,LRPL Taylor,JR Hopes,0,0,,,,,,,,,
351692,2008/09,2009-02-10,Adelaide Oval,1,36.4,New Zealand,Australia,NT Broom,LRPL Taylor,JR Hopes,1,0,,,,,,,,,
351692,2008/09,2009-02-10,Adelaide Oval,1,36.5,New Zealand,Australia,LRPL Taylor,NT Broom,JR Hopes,1,0,,,,,,,,,
351692,2008/09,2009-02-10,Adelaide Oval,1,36.6,New Zealand,Australia,NT Broom,LRPL Taylor,JR Hopes,0,0,,,,,,,,,
351692,2008/09,2009-02-10,Adelaide Oval,1,37.1,New Zealand,Australia,LRPL Taylor,NT Broom,BW Hilfenhaus,0,0,,,,,,,,,
351692,2008/09,2009-02-10,Adelaide Oval,1,37.2,New Zealand,Australia,LRPL Taylor,NT Broom,BW Hilfenhaus,1,0,,,,,,,,,
351692,2008/09,2009-02-10,Adelaide Oval,1,37.3,New Zealand,Australia,NT Broom,LRPL Taylor,BW Hilfenhaus,0,0,,,,,,,,,
351692,2008/09,2009-02-10,Adelaide Oval,1,37.4,New Zealand,Australia,NT Broom,LRPL Taylor,BW Hilfenhaus,0,1,1,,,,,,,,
351692,2008/09,2009-02-10,Adelaide Oval,1,37.5,New Zealand,Australia,NT Broom,LRPL Taylor,BW Hilfenhaus,1,0,,,,,,,,,
351692,2008/09,2009-02-10,Adelaide Oval,1,37.6,New Zealand,Australia,LRPL Taylor,NT Broom,BW Hilfenhaus,2,0,,,,,,,,,
351692,2008/09,2009-02-10,Adelaide Oval,1,37.7,New Zealand,Australia,LRPL Taylor,NT Broom,BW Hilfenhaus,1,0,,,,,,,,,
351692,2008/09,2009-02-10,Adelaide Oval,1,38.1,New Zealand,Australia,LRPL Taylor,NT Broom,NW Bracken,0,1,1,,,,,,,,
351692,2008/09,2009-02-10,Adelaide Oval,1,38.2,New Zealand,Australia,LRPL Taylor,NT Broom,NW Bracken,1,0,,,,,,,,,
351692,2008/09,2009-02-10,Adelaide Oval,1,38.3,New Zealand,Australia,NT Broom,LRPL Taylor,NW Bracken,1,0,,,,,,,,,
351692,2008/09,2009-02-10,Adelaide Oval,1,38.4,New Zealand,Australia,LRPL Taylor,NT Broom,NW Bracken,1,0,,,,,,,,,
351692,2008/09,2009-02-10,Adelaide Oval,1,38.5,New Zealand,Australia,NT Broom,LRPL Taylor,NW Bracken,0,0,,,,,,,,,
351692,2008/09,2009-02-10,Adelaide Oval,1,38.6,New Zealand,Australia,NT Broom,LRPL Taylor,NW Bracken,0,0,,,,,,,,,
351692,2008/09,2009-02-10,Adelaide Oval,1,38.7,New Zealand,Australia,NT Broom,LRPL Taylor,NW Bracken,1,0,,,,,,,,,
351692,2008/09,2009-02-10,Adelaide Oval,1,39.1,New Zealand,Australia,NT Broom,LRPL Taylor,BW Hilfenhaus,0,0,,,,,,,,,
351692,2008/09,2009-02-10,Adelaide Oval,1,39.2,New Zealand,Australia,NT Broom,LRPL Taylor,BW Hilfenhaus,1,0,,,,,,,,,
351692,2008/09,2009-02-10,Adelaide Oval,1,39.3,New Zealand,Australia,LRPL Taylor,NT Broom,BW Hilfenhaus,0,0,,,,,,,,,
351692,2008/09,2009-02-10,Adelaide Oval,1,39.4,New Zealand,Australia,LRPL Taylor,NT Broom,BW Hilfenhaus,0,0,,,,,,,,,
351692,2008/09,2009-02-10,Adelaide Oval,1,39.5,New Zealand,Australia,LRPL Taylor,NT Broom,BW Hilfenhaus,6,0,,,,,,,,,
351692,2008/09,2009-02-10,Adelaide Oval,1,39.6,New Zealand,Australia,LRPL Taylor,NT Broom,BW Hilfenhaus,0,0,,,,,,,,,
351692,2008/09,2009-02-10,Adelaide Oval,1,40.1,New Zealand,Australia,NT Broom,LRPL Taylor,NW Bracken,1,0,,,,,,,,,
351692,2008/09,2009-02-10,Adelaide Oval,1,40.2,New Zealand,Australia,LRPL Taylor,NT Broom,NW Bracken,1,0,,,,,,,,,
351692,2008/09,2009-02-10,Adelaide Oval,1,40.3,New Zealand,Australia,NT Broom,LRPL Taylor,NW Bracken,0,0,,,,,,,,,
351692,2008/09,2009-02-10,Adelaide Oval,1,40.4,New Zealand,Australia,NT Broom,LRPL Taylor,NW Bracken,0,0,,,,,,,,,
351692,2008/09,2009-02-10,Adelaide Oval,1,40.5,New Zealand,Australia,NT Broom,LRPL Taylor,NW Bracken,1,0,,,,,,,,,
351692,2008/09,2009-02-10,Adelaide Oval,1,40.6,New Zealand,Australia,LRPL Taylor,NT Broom,NW Bracken,2,0,,,,,,,,,
351692,2008/09,2009-02-10,Adelaide Oval,1,41.1,New Zealand,Australia,NT Broom,LRPL Taylor,BW Hilfenhaus,0,0,,,,,,,,,
351692,2008/09,2009-02-10,Adelaide Oval,1,41.2,New Zealand,Australia,NT Broom,LRPL Taylor,BW Hilfenhaus,0,0,,,,,,,,,
351692,2008/09,2009-02-10,Adelaide Oval,1,41.3,New Zealand,Australia,NT Broom,LRPL Taylor,BW Hilfenhaus,0,1,1,,,,,,,,
351692,2008/09,2009-02-10,Adelaide Oval,1,41.4,New Zealand,Australia,NT Broom,LRPL Taylor,BW Hilfenhaus,4,0,,,,,,,,,
351692,2008/09,2009-02-10,Adelaide Oval,1,41.5,New Zealand,Australia,NT Broom,LRPL Taylor,BW Hilfenhaus,0,0,,,,,,caught,NT Broom,,
351692,2008/09,2009-02-10,Adelaide Oval,1,41.6,New Zealand,Australia,KD Mills,LRPL Taylor,BW Hilfenhaus,0,0,,,,,,,,,
351692,2008/09,2009-02-10,Adelaide Oval,1,41.7,New Zealand,Australia,KD Mills,LRPL Taylor,BW Hilfenhaus,0,0,,,,,,,,,
351692,2008/09,2009-02-10,Adelaide Oval,1,42.1,New Zealand,Australia,LRPL Taylor,KD Mills,MG Johnson,1,0,,,,,,,,,
351692,2008/09,2009-02-10,Adelaide Oval,1,42.2,New Zealand,Australia,KD Mills,LRPL Taylor,MG Johnson,0,0,,,,,,,,,
351692,2008/09,2009-02-10,Adelaide Oval,1,42.3,New Zealand,Australia,KD Mills,LRPL Taylor,MG Johnson,1,0,,,,,,,,,
351692,2008/09,2009-02-10,Adelaide Oval,1,42.4,New Zealand,Australia,LRPL Taylor,KD Mills,MG Johnson,1,0,,,,,,,,,
351692,2008/09,2009-02-10,Adelaide Oval,1,42.5,New Zealand,Australia,KD Mills,LRPL Taylor,MG Johnson,0,0,,,,,,,,,
351692,2008/09,2009-02-10,Adelaide Oval,1,42.6,New Zealand,Australia,KD Mills,LRPL Taylor,MG Johnson,0,0,,,,,,,,,
351692,2008/09,2009-02-10,Adelaide Oval,1,43.1,New Zealand,Australia,LRPL Taylor,KD Mills,BW Hilfenhaus,4,0,,,,,,,,,
351692,2008/09,2009-02-10,Adelaide Oval,1,43.2,New Zealand,Australia,LRPL Taylor,KD Mills,BW Hilfenhaus,1,0,,,,,,,,,
351692,2008/09,2009-02-10,Adelaide Oval,1,43.3,New Zealand,Australia,KD Mills,LRPL Taylor,BW Hilfenhaus,0,0,,,,,,,,,
351692,2008/09,2009-02-10,Adelaide Oval,1,43.4,New Zealand,Australia,KD Mills,LRPL Taylor,BW Hilfenhaus,0,0,,,,,,,,,
351692,2008/09,2009-02-10,Adelaide Oval,1,43.5,New Zealand,Australia,KD Mills,LRPL Taylor,BW Hilfenhaus,0,0,,,,,,,,,
351692,2008/09,2009-02-10,Adelaide Oval,1,43.6,New Zealand,Australia,KD Mills,LRPL Taylor,BW Hilfenhaus,1,0,,,,,,,,,
351692,2008/09,2009-02-10,Adelaide Oval,1,44.1,New Zealand,Australia,KD Mills,LRPL Taylor,MG Johnson,2,0,,,,,,,,,
351692,2008/09,2009-02-10,Adelaide Oval,1,44.2,New Zealand,Australia,KD Mills,LRPL Taylor,MG Johnson,0,0,,,,,,,,,
351692,2008/09,2009-02-10,Adelaide Oval,1,44.3,New Zealand,Australia,KD Mills,LRPL Taylor,MG Johnson,0,0,,,,,,,,,
351692,2008/09,2009-02-10,Adelaide Oval,1,44.4,New Zealand,Australia,KD Mills,LRPL Taylor,MG Johnson,1,0,,,,,,,,,
351692,2008/09,2009-02-10,Adelaide Oval,1,44.5,New Zealand,Australia,LRPL Taylor,KD Mills,MG Johnson,1,0,,,,,,,,,
351692,2008/09,2009-02-10,Adelaide Oval,1,44.6,New Zealand,Australia,KD Mills,LRPL Taylor,MG Johnson,2,0,,,,,,,,,
351692,2008/09,2009-02-10,Adelaide Oval,1,45.1,New Zealand,Australia,LRPL Taylor,KD Mills,BW Hilfenhaus,0,1,1,,,,,,,,
351692,2008/09,2009-02-10,Adelaide Oval,1,45.2,New Zealand,Australia,LRPL Taylor,KD Mills,BW Hilfenhaus,0,0,,,,,,,,,
351692,2008/09,2009-02-10,Adelaide Oval,1,45.3,New Zealand,Australia,LRPL Taylor,KD Mills,BW Hilfenhaus,4,0,,,,,,,,,
351692,2008/09,2009-02-10,Adelaide Oval,1,45.4,New Zealand,Australia,LRPL Taylor,KD Mills,BW Hilfenhaus,4,0,,,,,,,,,
351692,2008/09,2009-02-10,Adelaide Oval,1,45.5,New Zealand,Australia,LRPL Taylor,KD Mills,BW Hilfenhaus,3,0,,,,,,,,,
351692,2008/09,2009-02-10,Adelaide Oval,1,45.6,New Zealand,Australia,KD Mills,LRPL Taylor,BW Hilfenhaus,4,0,,,,,,,,,
351692,2008/09,2009-02-10,Adelaide Oval,1,45.7,New Zealand,Australia,KD Mills,LRPL Taylor,BW Hilfenhaus,0,0,,,,,,,,,
351692,2008/09,2009-02-10,Adelaide Oval,1,46.1,New Zealand,Australia,LRPL Taylor,KD Mills,NW Bracken,2,0,,,,,,,,,
351692,2008/09,2009-02-10,Adelaide Oval,1,46.2,New Zealand,Australia,LRPL Taylor,KD Mills,NW Bracken,0,0,,,,,,,,,
351692,2008/09,2009-02-10,Adelaide Oval,1,46.3,New Zealand,Australia,LRPL Taylor,KD Mills,NW Bracken,2,0,,,,,,,,,
351692,2008/09,2009-02-10,Adelaide Oval,1,46.4,New Zealand,Australia,LRPL Taylor,KD Mills,NW Bracken,4,0,,,,,,,,,
351692,2008/09,2009-02-10,Adelaide Oval,1,46.5,New Zealand,Australia,LRPL Taylor,KD Mills,NW Bracken,0,5,5,,,,,,,,
351692,2008/09,2009-02-10,Adelaide Oval,1,46.6,New Zealand,Australia,LRPL Taylor,KD Mills,NW Bracken,1,0,,,,,,,,,
351692,2008/09,2009-02-10,Adelaide Oval,1,46.7,New Zealand,Australia,KD Mills,LRPL Taylor,NW Bracken,1,0,,,,,,,,,
351692,2008/09,2009-02-10,Adelaide Oval,1,47.1,New Zealand,Australia,KD Mills,LRPL Taylor,MG Johnson,0,0,,,,,,,,,
351692,2008/09,2009-02-10,Adelaide Oval,1,47.2,New Zealand,Australia,KD Mills,LRPL Taylor,MG Johnson,0,0,,,,,,,,,
351692,2008/09,2009-02-10,Adelaide Oval,1,47.3,New Zealand,Australia,KD Mills,LRPL Taylor,MG Johnson,6,0,,,,,,,,,
351692,2008/09,2009-02-10,Adelaide Oval,1,47.4,New Zealand,Australia,KD Mills,LRPL Taylor,MG Johnson,0,1,,,,1,,,,,
351692,2008/09,2009-02-10,Adelaide Oval,1,47.5,New Zealand,Australia,LRPL Taylor,KD Mills,MG Johnson,0,0,,,,,,caught,LRPL Taylor,,
351692,2008/09,2009-02-10,Adelaide Oval,1,47.6,New Zealand,Australia,KD Mills,DL Vettori,MG Johnson,1,0,,,,,,,,,
351692,2008/09,2009-02-10,Adelaide Oval,1,48.1,New Zealand,Australia,KD Mills,DL Vettori,NW Bracken,2,0,,,,,,,,,
351692,2008/09,2009-02-10,Adelaide Oval,1,48.2,New Zealand,Australia,KD Mills,DL Vettori,NW Bracken,1,0,,,,,,,,,
351692,2008/09,2009-02-10,Adelaide Oval,1,48.3,New Zealand,Australia,DL Vettori,KD Mills,NW Bracken,1,0,,,,,,,,,
351692,2008/09,2009-02-10,Adelaide Oval,1,48.4,New Zealand,Australia,KD Mills,DL Vettori,NW Bracken,1,0,,,,,,,,,
351692,2008/09,2009-02-10,Adelaide Oval,1,48.5,New Zealand,Australia,DL Vettori,KD Mills,NW Bracken,3,0,,,,,,,,,
351692,2008/09,2009-02-10,Adelaide Oval,1,48.6,New Zealand,Australia,KD Mills,DL Vettori,NW Bracken,0,0,,,,,,bowled,KD Mills,,
351692,2008/09,2009-02-10,Adelaide Oval,1,49.1,New Zealand,Australia,DL Vettori,TG Southee,JR Hopes,1,0,,,,,,,,,
351692,2008/09,2009-02-10,Adelaide Oval,1,49.2,New Zealand,Australia,TG Southee,DL Vettori,JR Hopes,1,0,,,,,,,,,
351692,2008/09,2009-02-10,Adelaide Oval,1,49.3,New Zealand,Australia,DL Vettori,TG Southee,JR Hopes,1,0,,,,,,,,,
351692,2008/09,2009-02-10,Adelaide Oval,1,49.4,New Zealand,Australia,TG Southee,DL Vettori,JR Hopes,2,0,,,,,,,,,
351692,2008/09,2009-02-10,Adelaide Oval,1,49.5,New Zealand,Australia,TG Southee,DL Vettori,JR Hopes,2,0,,,,,,,,,
351692,2008/09,2009-02-10,Adelaide Oval,1,49.6,New Zealand,Australia,TG Southee,DL Vettori,JR Hopes,2,0,,,,,,,,,
351692,2008/09,2009-02-10,Adelaide Oval,2,0.1,Australia,New Zealand,BJ Haddin,MJ Clarke,KD Mills,1,0,,,,,,,,,
351692,2008/09,2009-02-10,Adelaide Oval,2,0.2,Australia,New Zealand,MJ Clarke,BJ Haddin,KD Mills,2,0,,,,,,,,,
351692,2008/09,2009-02-10,Adelaide Oval,2,0.3,Australia,New Zealand,MJ Clarke,BJ Haddin,KD Mills,1,0,,,,,,,,,
351692,2008/09,2009-02-10,Adelaide Oval,2,0.4,Australia,New Zealand,BJ Haddin,MJ Clarke,KD Mills,1,0,,,,,,,,,
351692,2008/09,2009-02-10,Adelaide Oval,2,0.5,Australia,New Zealand,MJ Clarke,BJ Haddin,KD Mills,0,0,,,,,,,,,
351692,2008/09,2009-02-10,Adelaide Oval,2,0.6,Australia,New Zealand,MJ Clarke,BJ Haddin,KD Mills,0,0,,,,,,,,,
351692,2008/09,2009-02-10,Adelaide Oval,2,1.1,Australia,New Zealand,BJ Haddin,MJ Clarke,TG Southee,0,0,,,,,,,,,
351692,2008/09,2009-02-10,Adelaide Oval,2,1.2,Australia,New Zealand,BJ Haddin,MJ Clarke,TG Southee,0,0,,,,,,,,,
351692,2008/09,2009-02-10,Adelaide Oval,2,1.3,Australia,New Zealand,BJ Haddin,MJ Clarke,TG Southee,0,1,1,,,,,,,,
351692,2008/09,2009-02-10,Adelaide Oval,2,1.4,Australia,New Zealand,BJ Haddin,MJ Clarke,TG Southee,0,0,,,,,,,,,
351692,2008/09,2009-02-10,Adelaide Oval,2,1.5,Australia,New Zealand,BJ Haddin,MJ Clarke,TG Southee,4,0,,,,,,,,,
351692,2008/09,2009-02-10,Adelaide Oval,2,1.6,Australia,New Zealand,BJ Haddin,MJ Clarke,TG Southee,0,0,,,,,,,,,
351692,2008/09,2009-02-10,Adelaide Oval,2,1.7,Australia,New Zealand,BJ Haddin,MJ Clarke,TG Southee,0,0,,,,,,,,,
351692,2008/09,2009-02-10,Adelaide Oval,2,2.1,Australia,New Zealand,MJ Clarke,BJ Haddin,KD Mills,0,0,,,,,,,,,
351692,2008/09,2009-02-10,Adelaide Oval,2,2.2,Australia,New Zealand,MJ Clarke,BJ Haddin,KD Mills,0,0,,,,,,,,,
351692,2008/09,2009-02-10,Adelaide Oval,2,2.3,Australia,New Zealand,MJ Clarke,BJ Haddin,KD Mills,0,0,,,,,,,,,
351692,2008/09,2009-02-10,Adelaide Oval,2,2.4,Australia,New Zealand,MJ Clarke,BJ Haddin,KD Mills,0,0,,,,,,,,,
351692,2008/09,2009-02-10,Adelaide Oval,2,2.5,Australia,New Zealand,MJ Clarke,BJ Haddin,KD Mills,0,0,,,,,,,,,
351692,2008/09,2009-02-10,Adelaide Oval,2,2.6,Australia,New Zealand,MJ Clarke,BJ Haddin,KD Mills,1,0,,,,,,,,,
351692,2008/09,2009-02-10,Adelaide Oval,2,3.1,Australia,New Zealand,MJ Clarke,BJ Haddin,TG Southee,3,0,,,,,,,,,
351692,2008/09,2009-02-10,Adelaide Oval,2,3.2,Australia,New Zealand,BJ Haddin,MJ Clarke,TG Southee,0,0,,,,,,,,,
351692,2008/09,2009-02-10,Adelaide Oval,2,3.3,Australia,New Zealand,BJ Haddin,MJ Clarke,TG Southee,0,0,,,,,,,,,
351692,2008/09,2009-02-10,Adelaide Oval,2,3.4,Australia,New Zealand,BJ Haddin,MJ Clarke,TG Southee,4,0,,,,,,,,,
351692,2008/09,2009-02-10,Adelaide Oval,2,3.5,Australia,New Zealand,BJ Haddin,MJ Clarke,TG Southee,0,0,,,,,,,,,
351692,2008/09,2009-02-10,Adelaide Oval,2,3.6,Australia,New Zealand,BJ Haddin,MJ Clarke,TG Southee,4,0,,,,,,,,,
351692,2008/09,2009-02-10,Adelaide Oval,2,4.1,Australia,New Zealand,MJ Clarke,BJ Haddin,KD Mills,4,0,,,,,,,,,
351692,2008/09,2009-02-10,Adelaide Oval,2,4.2,Australia,New Zealand,MJ Clarke,BJ Haddin,KD Mills,0,0,,,,,,,,,
351692,2008/09,2009-02-10,Adelaide Oval,2,4.3,Australia,New Zealand,MJ Clarke,BJ Haddin,KD Mills,0,0,,,,,,,,,
351692,2008/09,2009-02-10,Adelaide Oval,2,4.4,Australia,New Zealand,MJ Clarke,BJ Haddin,KD Mills,1,0,,,,,,,,,
351692,2008/09,2009-02-10,Adelaide Oval,2,4.5,Australia,New Zealand,BJ Haddin,MJ Clarke,KD Mills,0,0,,,,,,,,,
351692,2008/09,2009-02-10,Adelaide Oval,2,4.6,Australia,New Zealand,BJ Haddin,MJ Clarke,KD Mills,0,0,,,,,,,,,
351692,2008/09,2009-02-10,Adelaide Oval,2,5.1,Australia,New Zealand,MJ Clarke,BJ Haddin,IE O'Brien,2,0,,,,,,,,,
351692,2008/09,2009-02-10,Adelaide Oval,2,5.2,Australia,New Zealand,MJ Clarke,BJ Haddin,IE O'Brien,0,0,,,,,,,,,
351692,2008/09,2009-02-10,Adelaide Oval,2,5.3,Australia,New Zealand,MJ Clarke,BJ Haddin,IE O'Brien,0,0,,,,,,,,,
351692,2008/09,2009-02-10,Adelaide Oval,2,5.4,Australia,New Zealand,MJ Clarke,BJ Haddin,IE O'Brien,0,0,,,,,,caught,MJ Clarke,,
351692,2008/09,2009-02-10,Adelaide Oval,2,5.5,Australia,New Zealand,RT Ponting,BJ Haddin,IE O'Brien,0,0,,,,,,,,,
351692,2008/09,2009-02-10,Adelaide Oval,2,5.6,Australia,New Zealand,RT Ponting,BJ Haddin,IE O'Brien,0,0,,,,,,,,,
351692,2008/09,2009-02-10,Adelaide Oval,2,6.1,Australia,New Zealand,BJ Haddin,RT Ponting,KD Mills,0,0,,,,,,,,,
351692,2008/09,2009-02-10,Adelaide Oval,2,6.2,Australia,New Zealand,BJ Haddin,RT Ponting,KD Mills,0,0,,,,,,,,,
351692,2008/09,2009-02-10,Adelaide Oval,2,6.3,Australia,New Zealand,BJ Haddin,RT Ponting,KD Mills,0,0,,,,,,,,,
351692,2008/09,2009-02-10,Adelaide Oval,2,6.4,Australia,New Zealand,BJ Haddin,RT Ponting,KD Mills,0,0,,,,,,,,,
351692,2008/09,2009-02-10,Adelaide Oval,2,6.5,Australia,New Zealand,BJ Haddin,RT Ponting,KD Mills,0,0,,,,,,,,,
351692,2008/09,2009-02-10,Adelaide Oval,2,6.6,Australia,New Zealand,BJ Haddin,RT Ponting,KD Mills,0,0,,,,,,,,,
351692,2008/09,2009-02-10,Adelaide Oval,2,7.1,Australia,New Zealand,RT Ponting,BJ Haddin,IE O'Brien,0,0,,,,,,,,,
351692,2008/09,2009-02-10,Adelaide Oval,2,7.2,Australia,New Zealand,RT Ponting,BJ Haddin,IE O'Brien,0,0,,,,,,,,,
351692,2008/09,2009-02-10,Adelaide Oval,2,7.3,Australia,New Zealand,RT Ponting,BJ Haddin,IE O'Brien,1,0,,,,,,,,,
351692,2008/09,2009-02-10,Adelaide Oval,2,7.4,Australia,New Zealand,BJ Haddin,RT Ponting,IE O'Brien,0,0,,,,,,,,,
351692,2008/09,2009-02-10,Adelaide Oval,2,7.5,Australia,New Zealand,BJ Haddin,RT Ponting,IE O'Brien,0,0,,,,,,,,,
351692,2008/09,2009-02-10,Adelaide Oval,2,7.6,Australia,New Zealand,BJ Haddin,RT Ponting,IE O'Brien,1,0,,,,,,,,,
351692,2008/09,2009-02-10,Adelaide Oval,2,8.1,Australia,New Zealand,BJ Haddin,RT Ponting,KD Mills,0,0,,,,,,,,,
351692,2008/09,2009-02-10,Adelaide Oval,2,8.2,Australia,New Zealand,BJ Haddin,RT Ponting,KD Mills,0,0,,,,,,,,,
351692,2008/09,2009-02-10,Adelaide Oval,2,8.3,Australia,New Zealand,BJ Haddin,RT Ponting,KD Mills,1,0,,,,,,,,,
351692,2008/09,2009-02-10,Adelaide Oval,2,8.4,Australia,New Zealand,RT Ponting,BJ Haddin,KD Mills,0,0,,,,,,,,,
351692,2008/09,2009-02-10,Adelaide Oval,2,8.5,Australia,New Zealand,RT Ponting,BJ Haddin,KD Mills,0,0,,,,,,,,,
351692,2008/09,2009-02-10,Adelaide Oval,2,8.6,Australia,New Zealand,RT Ponting,BJ Haddin,KD Mills,0,0,,,,,,,,,
351692,2008/09,2009-02-10,Adelaide Oval,2,9.1,Australia,New Zealand,BJ Haddin,RT Ponting,IE O'Brien,0,0,,,,,,,,,
351692,2008/09,2009-02-10,Adelaide Oval,2,9.2,Australia,New Zealand,BJ Haddin,RT Ponting,IE O'Brien,4,0,,,,,,,,,
351692,2008/09,2009-02-10,Adelaide Oval,2,9.3,Australia,New Zealand,BJ Haddin,RT Ponting,IE O'Brien,4,0,,,,,,,,,
351692,2008/09,2009-02-10,Adelaide Oval,2,9.4,Australia,New Zealand,BJ Haddin,RT Ponting,IE O'Brien,0,0,,,,,,,,,
351692,2008/09,2009-02-10,Adelaide Oval,2,9.5,Australia,New Zealand,BJ Haddin,RT Ponting,IE O'Brien,0,0,,,,,,,,,
351692,2008/09,2009-02-10,Adelaide Oval,2,9.6,Australia,New Zealand,BJ Haddin,RT Ponting,IE O'Brien,0,0,,,,,,,,,
351692,2008/09,2009-02-10,Adelaide Oval,2,10.1,Australia,New Zealand,RT Ponting,BJ Haddin,KD Mills,0,0,,,,,,,,,
351692,2008/09,2009-02-10,Adelaide Oval,2,10.2,Australia,New Zealand,RT Ponting,BJ Haddin,KD Mills,0,0,,,,,,,,,
351692,2008/09,2009-02-10,Adelaide Oval,2,10.3,Australia,New Zealand,RT Ponting,BJ Haddin,KD Mills,0,1,1,,,,,,,,
351692,2008/09,2009-02-10,Adelaide Oval,2,10.4,Australia,New Zealand,RT Ponting,BJ Haddin,KD Mills,0,0,,,,,,,,,
351692,2008/09,2009-02-10,Adelaide Oval,2,10.5,Australia,New Zealand,RT Ponting,BJ Haddin,KD Mills,0,0,,,,,,,,,
351692,2008/09,2009-02-10,Adelaide Oval,2,10.6,Australia,New Zealand,RT Ponting,BJ Haddin,KD Mills,1,0,,,,,,,,,
351692,2008/09,2009-02-10,Adelaide Oval,2,10.7,Australia,New Zealand,BJ Haddin,RT Ponting,KD Mills,0,0,,,,,,,,,
351692,2008/09,2009-02-10,Adelaide Oval,2,11.1,Australia,New Zealand,RT Ponting,BJ Haddin,IE O'Brien,0,0,,,,,,,,,
351692,2008/09,2009-02-10,Adelaide Oval,2,11.2,Australia,New Zealand,RT Ponting,BJ Haddin,IE O'Brien,1,0,,,,,,,,,
351692,2008/09,2009-02-10,Adelaide Oval,2,11.3,Australia,New Zealand,BJ Haddin,RT Ponting,IE O'Brien,1,0,,,,,,,,,
351692,2008/09,2009-02-10,Adelaide Oval,2,11.4,Australia,New Zealand,RT Ponting,BJ Haddin,IE O'Brien,0,0,,,,,,,,,
351692,2008/09,2009-02-10,Adelaide Oval,2,11.5,Australia,New Zealand,RT Ponting,BJ Haddin,IE O'Brien,4,0,,,,,,,,,
351692,2008/09,2009-02-10,Adelaide Oval,2,11.6,Australia,New Zealand,RT Ponting,BJ Haddin,IE O'Brien,0,0,,,,,,,,,
351692,2008/09,2009-02-10,Adelaide Oval,2,12.1,Australia,New Zealand,BJ Haddin,RT Ponting,KD Mills,0,0,,,,,,,,,
351692,2008/09,2009-02-10,Adelaide Oval,2,12.2,Australia,New Zealand,BJ Haddin,RT Ponting,KD Mills,0,0,,,,,,,,,
351692,2008/09,2009-02-10,Adelaide Oval,2,12.3,Australia,New Zealand,BJ Haddin,RT Ponting,KD Mills,0,0,,,,,,,,,
351692,2008/09,2009-02-10,Adelaide Oval,2,12.4,Australia,New Zealand,BJ Haddin,RT Ponting,KD Mills,1,0,,,,,,,,,
351692,2008/09,2009-02-10,Adelaide Oval,2,12.5,Australia,New Zealand,RT Ponting,BJ Haddin,KD Mills,1,0,,,,,,,,,
351692,2008/09,2009-02-10,Adelaide Oval,2,12.6,Australia,New Zealand,BJ Haddin,RT Ponting,KD Mills,0,0,,,,,,,,,
351692,2008/09,2009-02-10,Adelaide Oval,2,13.1,Australia,New Zealand,RT Ponting,BJ Haddin,IE O'Brien,4,0,,,,,,,,,
351692,2008/09,2009-02-10,Adelaide Oval,2,13.2,Australia,New Zealand,RT Ponting,BJ Haddin,IE O'Brien,0,0,,,,,,,,,
351692,2008/09,2009-02-10,Adelaide Oval,2,13.3,Australia,New Zealand,RT Ponting,BJ Haddin,IE O'Brien,1,0,,,,,,,,,
351692,2008/09,2009-02-10,Adelaide Oval,2,13.4,Australia,New Zealand,BJ Haddin,RT Ponting,IE O'Brien,0,0,,,,,,,,,
351692,2008/09,2009-02-10,Adelaide Oval,2,13.5,Australia,New Zealand,BJ Haddin,RT Ponting,IE O'Brien,0,0,,,,,,,,,
351692,2008/09,2009-02-10,Adelaide Oval,2,13.6,Australia,New Zealand,BJ Haddin,RT Ponting,IE O'Brien,0,0,,,,,,,,,
351692,2008/09,2009-02-10,Adelaide Oval,2,14.1,Australia,New Zealand,RT Ponting,BJ Haddin,TG Southee,0,0,,,,,,,,,
351692,2008/09,2009-02-10,Adelaide Oval,2,14.2,Australia,New Zealand,RT Ponting,BJ Haddin,TG Southee,0,0,,,,,,,,,
351692,2008/09,2009-02-10,Adelaide Oval,2,14.3,Australia,New Zealand,RT Ponting,BJ Haddin,TG Southee,2,0,,,,,,,,,
351692,2008/09,2009-02-10,Adelaide Oval,2,14.4,Australia,New Zealand,RT Ponting,BJ Haddin,TG Southee,0,0,,,,,,,,,
351692,2008/09,2009-02-10,Adelaide Oval,2,14.5,Australia,New Zealand,RT Ponting,BJ Haddin,TG Southee,0,0,,,,,,caught,RT Ponting,,
351692,2008/09,2009-02-10,Adelaide Oval,2,14.6,Australia,New Zealand,DJ Hussey,BJ Haddin,TG Southee,0,0,,,,,,,,,
351692,2008/09,2009-02-10,Adelaide Oval,2,15.1,Australia,New Zealand,BJ Haddin,DJ Hussey,IE O'Brien,0,0,,,,,,,,,
351692,2008/09,2009-02-10,Adelaide Oval,2,15.2,Australia,New Zealand,BJ Haddin,DJ Hussey,IE O'Brien,0,0,,,,,,,,,
351692,2008/09,2009-02-10,Adelaide Oval,2,15.3,Australia,New Zealand,BJ Haddin,DJ Hussey,IE O'Brien,1,0,,,,,,,,,
351692,2008/09,2009-02-10,Adelaide Oval,2,15.4,Australia,New Zealand,DJ Hussey,BJ Haddin,IE O'Brien,0,0,,,,,,,,,
351692,2008/09,2009-02-10,Adelaide Oval,2,15.5,Australia,New Zealand,DJ Hussey,BJ Haddin,IE O'Brien,4,0,,,,,,,,,
351692,2008/09,2009-02-10,Adelaide Oval,2,15.6,Australia,New Zealand,DJ Hussey,BJ Haddin,IE O'Brien,0,0,,,,,,,,,
351692,2008/09,2009-02-10,Adelaide Oval,2,16.1,Australia,New Zealand,BJ Haddin,DJ Hussey,TG Southee,0,0,,,,,,,,,
351692,2008/09,2009-02-10,Adelaide Oval,2,16.2,Australia,New Zealand,BJ Haddin,DJ Hussey,TG Southee,2,0,,,,,,,,,
351692,2008/09,2009-02-10,Adelaide Oval,2,16.3,Australia,New Zealand,BJ Haddin,DJ Hussey,TG Southee,1,1,,1,,,,,,,
351692,2008/09,2009-02-10,Adelaide Oval,2,16.4,Australia,New Zealand,DJ Hussey,BJ Haddin,TG Southee,2,0,,,,,,,,,
351692,2008/09,2009-02-10,Adelaide Oval,2,16.5,Australia,New Zealand,DJ Hussey,BJ Haddin,TG Southee,2,0,,,,,,,,,
351692,2008/09,2009-02-10,Adelaide Oval,2,16.6,Australia,New Zealand,DJ Hussey,BJ Haddin,TG Southee,0,0,,,,,,,,,
351692,2008/09,2009-02-10,Adelaide Oval,2,16.7,Australia,New Zealand,DJ Hussey,BJ Haddin,TG Southee,0,0,,,,,,,,,
351692,2008/09,2009-02-10,Adelaide Oval,2,17.1,Australia,New Zealand,BJ Haddin,DJ Hussey,DL Vettori,0,0,,,,,,,,,
351692,2008/09,2009-02-10,Adelaide Oval,2,17.2,Australia,New Zealand,BJ Haddin,DJ Hussey,DL Vettori,0,0,,,,,,,,,
351692,2008/09,2009-02-10,Adelaide Oval,2,17.3,Australia,New Zealand,BJ Haddin,DJ Hussey,DL Vettori,2,0,,,,,,,,,
351692,2008/09,2009-02-10,Adelaide Oval,2,17.4,Australia,New Zealand,BJ Haddin,DJ Hussey,DL Vettori,6,0,,,,,,,,,
351692,2008/09,2009-02-10,Adelaide Oval,2,17.5,Australia,New Zealand,BJ Haddin,DJ Hussey,DL Vettori,0,0,,,,,,,,,
351692,2008/09,2009-02-10,Adelaide Oval,2,17.6,Australia,New Zealand,BJ Haddin,DJ Hussey,DL Vettori,1,0,,,,,,,,,
351692,2008/09,2009-02-10,Adelaide Oval,2,18.1,Australia,New Zealand,BJ Haddin,DJ Hussey,TG Southee,1,0,,,,,,,,,
351692,2008/09,2009-02-10,Adelaide Oval,2,18.2,Australia,New Zealand,DJ Hussey,BJ Haddin,TG Southee,0,0,,,,,,,,,
351692,2008/09,2009-02-10,Adelaide Oval,2,18.3,Australia,New Zealand,DJ Hussey,BJ Haddin,TG Southee,2,0,,,,,,,,,
351692,2008/09,2009-02-10,Adelaide Oval,2,18.4,Australia,New Zealand,DJ Hussey,BJ Haddin,TG Southee,2,0,,,,,,,,,
351692,2008/09,2009-02-10,Adelaide Oval,2,18.5,Australia,New Zealand,DJ Hussey,BJ Haddin,TG Southee,0,0,,,,,,,,,
351692,2008/09,2009-02-10,Adelaide Oval,2,18.6,Australia,New Zealand,DJ Hussey,BJ Haddin,TG Southee,1,0,,,,,,,,,
351692,2008/09,2009-02-10,Adelaide Oval,2,19.1,Australia,New Zealand,DJ Hussey,BJ Haddin,DL Vettori,0,0,,,,,,,,,
351692,2008/09,2009-02-10,Adelaide Oval,2,19.2,Australia,New Zealand,DJ Hussey,BJ Haddin,DL Vettori,0,0,,,,,,,,,
351692,2008/09,2009-02-10,Adelaide Oval,2,19.3,Australia,New Zealand,DJ Hussey,BJ Haddin,DL Vettori,0,0,,,,,,,,,
351692,2008/09,2009-02-10,Adelaide Oval,2,19.4,Australia,New Zealand,DJ Hussey,BJ Haddin,DL Vettori,0,0,,,,,,,,,
351692,2008/09,2009-02-10,Adelaide Oval,2,19.5,Australia,New Zealand,DJ Hussey,BJ Haddin,DL Vettori,1,0,,,,,,,,,
351692,2008/09,2009-02-10,Adelaide Oval,2,19.6,Australia,New Zealand,BJ Haddin,DJ Hussey,DL Vettori,0,0,,,,,,,,,
351692,2008/09,2009-02-10,Adelaide Oval,2,20.1,Australia,New Zealand,DJ Hussey,BJ Haddin,TG Southee,0,0,,,,,,,,,
351692,2008/09,2009-02-10,Adelaide Oval,2,20.2,Australia,New Zealand,DJ Hussey,BJ Haddin,TG Southee,4,0,,,,,,,,,
351692,2008/09,2009-02-10,Adelaide Oval,2,20.3,Australia,New Zealand,DJ Hussey,BJ Haddin,TG Southee,0,0,,,,,,,,,
351692,2008/09,2009-02-10,Adelaide Oval,2,20.4,Australia,New Zealand,DJ Hussey,BJ Haddin,TG Southee,1,0,,,,,,,,,
351692,2008/09,2009-02-10,Adelaide Oval,2,20.5,Australia,New Zealand,BJ Haddin,DJ Hussey,TG Southee,0,0,,,,,,,,,
351692,2008/09,2009-02-10,Adelaide Oval,2,20.6,Australia,New Zealand,BJ Haddin,DJ Hussey,TG Southee,0,0,,,,,,,,,
351692,2008/09,2009-02-10,Adelaide Oval,2,21.1,Australia,New Zealand,DJ Hussey,BJ Haddin,DL Vettori,1,0,,,,,,,,,
351692,2008/09,2009-02-10,Adelaide Oval,2,21.2,Australia,New Zealand,BJ Haddin,DJ Hussey,DL Vettori,1,0,,,,,,,,,
351692,2008/09,2009-02-10,Adelaide Oval,2,21.3,Australia,New Zealand,DJ Hussey,BJ Haddin,DL Vettori,1,0,,,,,,,,,
351692,2008/09,2009-02-10,Adelaide Oval,2,21.4,Australia,New Zealand,BJ Haddin,DJ Hussey,DL Vettori,0,0,,,,,,,,,
351692,2008/09,2009-02-10,Adelaide Oval,2,21.5,Australia,New Zealand,BJ Haddin,DJ Hussey,DL Vettori,0,0,,,,,,,,,
351692,2008/09,2009-02-10,Adelaide Oval,2,21.6,Australia,New Zealand,BJ Haddin,DJ Hussey,DL Vettori,0,0,,,,,,,,,
351692,2008/09,2009-02-10,Adelaide Oval,2,22.1,Australia,New Zealand,DJ Hussey,BJ Haddin,GD Elliott,0,0,,,,,,,,,
351692,2008/09,2009-02-10,Adelaide Oval,2,22.2,Australia,New Zealand,DJ Hussey,BJ Haddin,GD Elliott,1,0,,,,,,,,,
351692,2008/09,2009-02-10,Adelaide Oval,2,22.3,Australia,New Zealand,BJ Haddin,DJ Hussey,GD Elliott,0,0,,,,,,,,,
351692,2008/09,2009-02-10,Adelaide Oval,2,22.4,Australia,New Zealand,BJ Haddin,DJ Hussey,GD Elliott,1,0,,,,,,,,,
351692,2008/09,2009-02-10,Adelaide Oval,2,22.5,Australia,New Zealand,DJ Hussey,BJ Haddin,GD Elliott,0,0,,,,,,,,,
351692,2008/09,2009-02-10,Adelaide Oval,2,22.6,Australia,New Zealand,DJ Hussey,BJ Haddin,GD Elliott,0,1,,,,1,,,,,
351692,2008/09,2009-02-10,Adelaide Oval,2,23.1,Australia,New Zealand,DJ Hussey,BJ Haddin,DL Vettori,1,0,,,,,,,,,
351692,2008/09,2009-02-10,Adelaide Oval,2,23.2,Australia,New Zealand,BJ Haddin,DJ Hussey,DL Vettori,0,0,,,,,,,,,
351692,2008/09,2009-02-10,Adelaide Oval,2,23.3,Australia,New Zealand,BJ Haddin,DJ Hussey,DL Vettori,1,0,,,,,,,,,
351692,2008/09,2009-02-10,Adelaide Oval,2,23.4,Australia,New Zealand,DJ Hussey,BJ Haddin,DL Vettori,0,0,,,,,,,,,
351692,2008/09,2009-02-10,Adelaide Oval,2,23.5,Australia,New Zealand,DJ Hussey,BJ Haddin,DL Vettori,0,0,,,,,,,,,
351692,2008/09,2009-02-10,Adelaide Oval,2,23.6,Australia,New Zealand,DJ Hussey,BJ Haddin,DL Vettori,1,0,,,,,,,,,
351692,2008/09,2009-02-10,Adelaide Oval,2,24.1,Australia,New Zealand,DJ Hussey,BJ Haddin,GD Elliott,0,0,,,,,,,,,
351692,2008/09,2009-02-10,Adelaide Oval,2,24.2,Australia,New Zealand,DJ Hussey,BJ Haddin,GD Elliott,0,0,,,,,,,,,
351692,2008/09,2009-02-10,Adelaide Oval,2,24.3,Australia,New Zealand,DJ Hussey,BJ Haddin,GD Elliott,1,0,,,,,,run out,BJ Haddin,,
351692,2008/09,2009-02-10,Adelaide Oval,2,24.4,Australia,New Zealand,MEK Hussey,DJ Hussey,GD Elliott,0,0,,,,,,,,,
351692,2008/09,2009-02-10,Adelaide Oval,2,24.5,Australia,New Zealand,MEK Hussey,DJ Hussey,GD Elliott,0,0,,,,,,,,,
351692,2008/09,2009-02-10,Adelaide Oval,2,24.6,Australia,New Zealand,MEK Hussey,DJ Hussey,GD Elliott,0,0,,,,,,,,,
351692,2008/09,2009-02-10,Adelaide Oval,2,25.1,Australia,New Zealand,DJ Hussey,MEK Hussey,DL Vettori,1,0,,,,,,,,,
351692,2008/09,2009-02-10,Adelaide Oval,2,25.2,Australia,New Zealand,MEK Hussey,DJ Hussey,DL Vettori,4,0,,,,,,,,,
351692,2008/09,2009-02-10,Adelaide Oval,2,25.3,Australia,New Zealand,MEK Hussey,DJ Hussey,DL Vettori,1,0,,,,,,,,,
351692,2008/09,2009-02-10,Adelaide Oval,2,25.4,Australia,New Zealand,DJ Hussey,MEK Hussey,DL Vettori,1,0,,,,,,,,,
351692,2008/09,2009-02-10,Adelaide Oval,2,25.5,Australia,New Zealand,MEK Hussey,DJ Hussey,DL Vettori,0,0,,,,,,,,,
351692,2008/09,2009-02-10,Adelaide Oval,2,25.6,Australia,New Zealand,MEK Hussey,DJ Hussey,DL Vettori,0,0,,,,,,,,,
351692,2008/09,2009-02-10,Adelaide Oval,2,26.1,Australia,New Zealand,DJ Hussey,MEK Hussey,GD Elliott,0,0,,,,,,,,,
351692,2008/09,2009-02-10,Adelaide Oval,2,26.2,Australia,New Zealand,DJ Hussey,MEK Hussey,GD Elliott,1,0,,,,,,,,,
351692,2008/09,2009-02-10,Adelaide Oval,2,26.3,Australia,New Zealand,MEK Hussey,DJ Hussey,GD Elliott,0,0,,,,,,,,,
351692,2008/09,2009-02-10,Adelaide Oval,2,26.4,Australia,New Zealand,MEK Hussey,DJ Hussey,GD Elliott,0,0,,,,,,,,,
351692,2008/09,2009-02-10,Adelaide Oval,2,26.5,Australia,New Zealand,MEK Hussey,DJ Hussey,GD Elliott,0,1,1,,,,,,,,
351692,2008/09,2009-02-10,Adelaide Oval,2,26.6,Australia,New Zealand,MEK Hussey,DJ Hussey,GD Elliott,0,0,,,,,,,,,
351692,2008/09,2009-02-10,Adelaide Oval,2,26.7,Australia,New Zealand,MEK Hussey,DJ Hussey,GD Elliott,0,0,,,,,,,,,
351692,2008/09,2009-02-10,Adelaide Oval,2,27.1,Australia,New Zealand,DJ Hussey,MEK Hussey,DL Vettori,1,0,,,,,,,,,
351692,2008/09,2009-02-10,Adelaide Oval,2,27.2,Australia,New Zealand,MEK Hussey,DJ Hussey,DL Vettori,2,0,,,,,,,,,
351692,2008/09,2009-02-10,Adelaide Oval,2,27.3,Australia,New Zealand,MEK Hussey,DJ Hussey,DL Vettori,0,0,,,,,,,,,
351692,2008/09,2009-02-10,Adelaide Oval,2,27.4,Australia,New Zealand,MEK Hussey,DJ Hussey,DL Vettori,0,0,,,,,,,,,
351692,2008/09,2009-02-10,Adelaide Oval,2,27.5,Australia,New Zealand,MEK Hussey,DJ Hussey,DL Vettori,6,0,,,,,,,,,
351692,2008/09,2009-02-10,Adelaide Oval,2,27.6,Australia,New Zealand,MEK Hussey,DJ Hussey,DL Vettori,0,0,,,,,,,,,
351692,2008/09,2009-02-10,Adelaide Oval,2,28.1,Australia,New Zealand,DJ Hussey,MEK Hussey,GD Elliott,1,0,,,,,,,,,
351692,2008/09,2009-02-10,Adelaide Oval,2,28.2,Australia,New Zealand,MEK Hussey,DJ Hussey,GD Elliott,1,0,,,,,,,,,
351692,2008/09,2009-02-10,Adelaide Oval,2,28.3,Australia,New Zealand,DJ Hussey,MEK Hussey,GD Elliott,0,0,,,,,,,,,
351692,2008/09,2009-02-10,Adelaide Oval,2,28.4,Australia,New Zealand,DJ Hussey,MEK Hussey,GD Elliott,1,0,,,,,,,,,
351692,2008/09,2009-02-10,Adelaide Oval,2,28.5,Australia,New Zealand,MEK Hussey,DJ Hussey,GD Elliott,1,0,,,,,,,,,
351692,2008/09,2009-02-10,Adelaide Oval,2,28.6,Australia,New Zealand,DJ Hussey,MEK Hussey,GD Elliott,1,0,,,,,,,,,
351692,2008/09,2009-02-10,Adelaide Oval,2,29.1,Australia,New Zealand,DJ Hussey,MEK Hussey,DL Vettori,1,0,,,,,,,,,
351692,2008/09,2009-02-10,Adelaide Oval,2,29.2,Australia,New Zealand,MEK Hussey,DJ Hussey,DL Vettori,1,0,,,,,,,,,
351692,2008/09,2009-02-10,Adelaide Oval,2,29.3,Australia,New Zealand,DJ Hussey,MEK Hussey,DL Vettori,2,0,,,,,,,,,
351692,2008/09,2009-02-10,Adelaide Oval,2,29.4,Australia,New Zealand,DJ Hussey,MEK Hussey,DL Vettori,0,0,,,,,,,,,
351692,2008/09,2009-02-10,Adelaide Oval,2,29.5,Australia,New Zealand,DJ Hussey,MEK Hussey,DL Vettori,0,0,,,,,,,,,
351692,2008/09,2009-02-10,Adelaide Oval,2,29.6,Australia,New Zealand,DJ Hussey,MEK Hussey,DL Vettori,2,0,,,,,,,,,
351692,2008/09,2009-02-10,Adelaide Oval,2,30.1,Australia,New Zealand,MEK Hussey,DJ Hussey,IE O'Brien,0,0,,,,,,,,,
351692,2008/09,2009-02-10,Adelaide Oval,2,30.2,Australia,New Zealand,MEK Hussey,DJ Hussey,IE O'Brien,1,0,,,,,,,,,
351692,2008/09,2009-02-10,Adelaide Oval,2,30.3,Australia,New Zealand,DJ Hussey,MEK Hussey,IE O'Brien,0,0,,,,,,,,,
351692,2008/09,2009-02-10,Adelaide Oval,2,30.4,Australia,New Zealand,DJ Hussey,MEK Hussey,IE O'Brien,0,0,,,,,,,,,
351692,2008/09,2009-02-10,Adelaide Oval,2,30.5,Australia,New Zealand,DJ Hussey,MEK Hussey,IE O'Brien,0,0,,,,,,,,,
351692,2008/09,2009-02-10,Adelaide Oval,2,30.6,Australia,New Zealand,DJ Hussey,MEK Hussey,IE O'Brien,0,0,,,,,,,,,
351692,2008/09,2009-02-10,Adelaide Oval,2,31.1,Australia,New Zealand,MEK Hussey,DJ Hussey,GD Elliott,1,0,,,,,,,,,
351692,2008/09,2009-02-10,Adelaide Oval,2,31.2,Australia,New Zealand,DJ Hussey,MEK Hussey,GD Elliott,1,0,,,,,,,,,
351692,2008/09,2009-02-10,Adelaide Oval,2,31.3,Australia,New Zealand,MEK Hussey,DJ Hussey,GD Elliott,1,0,,,,,,,,,
351692,2008/09,2009-02-10,Adelaide Oval,2,31.4,Australia,New Zealand,DJ Hussey,MEK Hussey,GD Elliott,0,0,,,,,,,,,
351692,2008/09,2009-02-10,Adelaide Oval,2,31.5,Australia,New Zealand,DJ Hussey,MEK Hussey,GD Elliott,0,0,,,,,,,,,
351692,2008/09,2009-02-10,Adelaide Oval,2,31.6,Australia,New Zealand,DJ Hussey,MEK Hussey,GD Elliott,2,0,,,,,,,,,
351692,2008/09,2009-02-10,Adelaide Oval,2,32.1,Australia,New Zealand,MEK Hussey,DJ Hussey,IE O'Brien,1,0,,,,,,,,,
351692,2008/09,2009-02-10,Adelaide Oval,2,32.2,Australia,New Zealand,DJ Hussey,MEK Hussey,IE O'Brien,0,0,,,,,,,,,
351692,2008/09,2009-02-10,Adelaide Oval,2,32.3,Australia,New Zealand,DJ Hussey,MEK Hussey,IE O'Brien,1,0,,,,,,,,,
351692,2008/09,2009-02-10,Adelaide Oval,2,32.4,Australia,New Zealand,MEK Hussey,DJ Hussey,IE O'Brien,4,0,,,,,,,,,
351692,2008/09,2009-02-10,Adelaide Oval,2,32.5,Australia,New Zealand,MEK Hussey,DJ Hussey,IE O'Brien,1,0,,,,,,,,,
351692,2008/09,2009-02-10,Adelaide Oval,2,32.6,Australia,New Zealand,DJ Hussey,MEK Hussey,IE O'Brien,0,0,,,,,,,,,
351692,2008/09,2009-02-10,Adelaide Oval,2,33.1,Australia,New Zealand,MEK Hussey,DJ Hussey,GD Elliott,1,0,,,,,,,,,
351692,2008/09,2009-02-10,Adelaide Oval,2,33.2,Australia,New Zealand,DJ Hussey,MEK Hussey,GD Elliott,0,0,,,,,,,,,
351692,2008/09,2009-02-10,Adelaide Oval,2,33.3,Australia,New Zealand,DJ Hussey,MEK Hussey,GD Elliott,1,0,,,,,,,,,
351692,2008/09,2009-02-10,Adelaide Oval,2,33.4,Australia,New Zealand,MEK Hussey,DJ Hussey,GD Elliott,1,0,,,,,,,,,
351692,2008/09,2009-02-10,Adelaide Oval,2,33.5,Australia,New Zealand,DJ Hussey,MEK Hussey,GD Elliott,1,0,,,,,,,,,
351692,2008/09,2009-02-10,Adelaide Oval,2,33.6,Australia,New Zealand,MEK Hussey,DJ Hussey,GD Elliott,2,0,,,,,,,,,
351692,2008/09,2009-02-10,Adelaide Oval,2,34.1,Australia,New Zealand,DJ Hussey,MEK Hussey,KD Mills,0,0,,,,,,,,,
351692,2008/09,2009-02-10,Adelaide Oval,2,34.2,Australia,New Zealand,DJ Hussey,MEK Hussey,KD Mills,0,0,,,,,,,,,
351692,2008/09,2009-02-10,Adelaide Oval,2,34.3,Australia,New Zealand,DJ Hussey,MEK Hussey,KD Mills,0,0,,,,,,,,,
351692,2008/09,2009-02-10,Adelaide Oval,2,34.4,Australia,New Zealand,DJ Hussey,MEK Hussey,KD Mills,0,0,,,,,,,,,
351692,2008/09,2009-02-10,Adelaide Oval,2,34.5,Australia,New Zealand,DJ Hussey,MEK Hussey,KD Mills,0,0,,,,,,,,,
351692,2008/09,2009-02-10,Adelaide Oval,2,34.6,Australia,New Zealand,DJ Hussey,MEK Hussey,KD Mills,0,0,,,,,,,,,
351692,2008/09,2009-02-10,Adelaide Oval,2,35.1,Australia,New Zealand,MEK Hussey,DJ Hussey,DL Vettori,1,0,,,,,,,,,
351692,2008/09,2009-02-10,Adelaide Oval,2,35.2,Australia,New Zealand,DJ Hussey,MEK Hussey,DL Vettori,2,0,,,,,,,,,
351692,2008/09,2009-02-10,Adelaide Oval,2,35.3,Australia,New Zealand,DJ Hussey,MEK Hussey,DL Vettori,0,0,,,,,,,,,
351692,2008/09,2009-02-10,Adelaide Oval,2,35.4,Australia,New Zealand,DJ Hussey,MEK Hussey,DL Vettori,1,0,,,,,,,,,
351692,2008/09,2009-02-10,Adelaide Oval,2,35.5,Australia,New Zealand,MEK Hussey,DJ Hussey,DL Vettori,0,0,,,,,,,,,
351692,2008/09,2009-02-10,Adelaide Oval,2,35.6,Australia,New Zealand,MEK Hussey,DJ Hussey,DL Vettori,1,0,,,,,,,,,
351692,2008/09,2009-02-10,Adelaide Oval,2,36.1,Australia,New Zealand,MEK Hussey,DJ Hussey,KD Mills,4,0,,,,,,,,,
351692,2008/09,2009-02-10,Adelaide Oval,2,36.2,Australia,New Zealand,MEK Hussey,DJ Hussey,KD Mills,0,0,,,,,,,,,
351692,2008/09,2009-02-10,Adelaide Oval,2,36.3,Australia,New Zealand,MEK Hussey,DJ Hussey,KD Mills,2,0,,,,,,,,,
351692,2008/09,2009-02-10,Adelaide Oval,2,36.4,Australia,New Zealand,MEK Hussey,DJ Hussey,KD Mills,1,0,,,,,,,,,
351692,2008/09,2009-02-10,Adelaide Oval,2,36.5,Australia,New Zealand,DJ Hussey,MEK Hussey,KD Mills,1,0,,,,,,,,,
351692,2008/09,2009-02-10,Adelaide Oval,2,36.6,Australia,New Zealand,MEK Hussey,DJ Hussey,KD Mills,0,0,,,,,,,,,
351692,2008/09,2009-02-10,Adelaide Oval,2,37.1,Australia,New Zealand,DJ Hussey,MEK Hussey,DL Vettori,0,0,,,,,,,,,
351692,2008/09,2009-02-10,Adelaide Oval,2,37.2,Australia,New Zealand,DJ Hussey,MEK Hussey,DL Vettori,1,0,,,,,,,,,
351692,2008/09,2009-02-10,Adelaide Oval,2,37.3,Australia,New Zealand,MEK Hussey,DJ Hussey,DL Vettori,0,0,,,,,,,,,
351692,2008/09,2009-02-10,Adelaide Oval,2,37.4,Australia,New Zealand,MEK Hussey,DJ Hussey,DL Vettori,1,0,,,,,,,,,
351692,2008/09,2009-02-10,Adelaide Oval,2,37.5,Australia,New Zealand,DJ Hussey,MEK Hussey,DL Vettori,0,0,,,,,,,,,
351692,2008/09,2009-02-10,Adelaide Oval,2,37.6,Australia,New Zealand,DJ Hussey,MEK Hussey,DL Vettori,4,0,,,,,,,,,
351692,2008/09,2009-02-10,Adelaide Oval,2,38.1,Australia,New Zealand,MEK Hussey,DJ Hussey,GD Elliott,1,0,,,,,,,,,
351692,2008/09,2009-02-10,Adelaide Oval,2,38.2,Australia,New Zealand,DJ Hussey,MEK Hussey,GD Elliott,0,0,,,,,,,,,
351692,2008/09,2009-02-10,Adelaide Oval,2,38.3,Australia,New Zealand,DJ Hussey,MEK Hussey,GD Elliott,3,0,,,,,,,,,
351692,2008/09,2009-02-10,Adelaide Oval,2,38.4,Australia,New Zealand,MEK Hussey,DJ Hussey,GD Elliott,0,0,,,,,,,,,
351692,2008/09,2009-02-10,Adelaide Oval,2,38.5,Australia,New Zealand,MEK Hussey,DJ Hussey,GD Elliott,4,0,,,,,,,,,
351692,2008/09,2009-02-10,Adelaide Oval,2,38.6,Australia,New Zealand,MEK Hussey,DJ Hussey,GD Elliott,0,3,3,,,,,,,,
351692,2008/09,2009-02-10,Adelaide Oval,2,38.7,Australia,New Zealand,MEK Hussey,DJ Hussey,GD Elliott,1,0,,,,,,,,,
351692,2008/09,2009-02-10,Adelaide Oval,2,39.1,Australia,New Zealand,MEK Hussey,DJ Hussey,DL Vettori,1,0,,,,,,,,,
351692,2008/09,2009-02-10,Adelaide Oval,2,39.2,Australia,New Zealand,DJ Hussey,MEK Hussey,DL Vettori,0,0,,,,,,,,,
351692,2008/09,2009-02-10,Adelaide Oval,2,39.3,Australia,New Zealand,DJ Hussey,MEK Hussey,DL Vettori,2,0,,,,,,,,,
351692,2008/09,2009-02-10,Adelaide Oval,2,39.4,Australia,New Zealand,DJ Hussey,MEK Hussey,DL Vettori,0,0,,,,,,,,,
351692,2008/09,2009-02-10,Adelaide Oval,2,39.5,Australia,New Zealand,DJ Hussey,MEK Hussey,DL Vettori,1,0,,,,,,,,,
351692,2008/09,2009-02-10,Adelaide Oval,2,39.6,Australia,New Zealand,MEK Hussey,DJ Hussey,DL Vettori,1,0,,,,,,,,,
351692,2008/09,2009-02-10,Adelaide Oval,2,40.1,Australia,New Zealand,MEK Hussey,DJ Hussey,GD Elliott,1,0,,,,,,,,,
351692,2008/09,2009-02-10,Adelaide Oval,2,40.2,Australia,New Zealand,DJ Hussey,MEK Hussey,GD Elliott,1,0,,,,,,,,,
351692,2008/09,2009-02-10,Adelaide Oval,2,40.3,Australia,New Zealand,MEK Hussey,DJ Hussey,GD Elliott,0,0,,,,,,,,,
351692,2008/09,2009-02-10,Adelaide Oval,2,40.4,Australia,New Zealand,MEK Hussey,DJ Hussey,GD Elliott,0,0,,,,,,,,,
351692,2008/09,2009-02-10,Adelaide Oval,2,40.5,Australia,New Zealand,MEK Hussey,DJ Hussey,GD Elliott,1,0,,,,,,,,,
351692,2008/09,2009-02-10,Adelaide Oval,2,40.6,Australia,New Zealand,DJ Hussey,MEK Hussey,GD Elliott,2,0,,,,,,,,,
351692,2008/09,2009-02-10,Adelaide Oval,2,41.1,Australia,New Zealand,MEK Hussey,DJ Hussey,TG Southee,2,0,,,,,,,,,
351692,2008/09,2009-02-10,Adelaide Oval,2,41.2,Australia,New Zealand,MEK Hussey,DJ Hussey,TG Southee,1,0,,,,,,,,,
351692,2008/09,2009-02-10,Adelaide Oval,2,41.3,Australia,New Zealand,DJ Hussey,MEK Hussey,TG Southee,1,0,,,,,,,,,
351692,2008/09,2009-02-10,Adelaide Oval,2,41.4,Australia,New Zealand,MEK Hussey,DJ Hussey,TG Southee,0,0,,,,,,,,,
351692,2008/09,2009-02-10,Adelaide Oval,2,41.5,Australia,New Zealand,MEK Hussey,DJ Hussey,TG Southee,0,0,,,,,,,,,
351692,2008/09,2009-02-10,Adelaide Oval,2,41.6,Australia,New Zealand,MEK Hussey,DJ Hussey,TG Southee,0,0,,,,,,,,,
351692,2008/09,2009-02-10,Adelaide Oval,2,42.1,Australia,New Zealand,DJ Hussey,MEK Hussey,IE O'Brien,4,0,,,,,,,,,
351692,2008/09,2009-02-10,Adelaide Oval,2,42.2,Australia,New Zealand,DJ Hussey,MEK Hussey,IE O'Brien,0,0,,,,,,,,,
351692,2008/09,2009-02-10,Adelaide Oval,2,42.3,Australia,New Zealand,DJ Hussey,MEK Hussey,IE O'Brien,4,0,,,,,,,,,
351692,2008/09,2009-02-10,Adelaide Oval,2,42.4,Australia,New Zealand,DJ Hussey,MEK Hussey,IE O'Brien,0,0,,,,,,,,,
351692,2008/09,2009-02-10,Adelaide Oval,2,42.5,Australia,New Zealand,DJ Hussey,MEK Hussey,IE O'Brien,3,0,,,,,,,,,
351692,2008/09,2009-02-10,Adelaide Oval,2,42.6,Australia,New Zealand,MEK Hussey,DJ Hussey,IE O'Brien,2,0,,,,,,,,,
351692,2008/09,2009-02-10,Adelaide Oval,2,43.1,Australia,New Zealand,DJ Hussey,MEK Hussey,TG Southee,4,0,,,,,,,,,
351692,2008/09,2009-02-10,Adelaide Oval,2,43.2,Australia,New Zealand,DJ Hussey,MEK Hussey,TG Southee,1,0,,,,,,,,,
351692,2008/09,2009-02-10,Adelaide Oval,2,43.3,Australia,New Zealand,MEK Hussey,DJ Hussey,TG Southee,1,0,,,,,,,,,
351692,2008/09,2009-02-10,Adelaide Oval,2,43.4,Australia,New Zealand,DJ Hussey,MEK Hussey,TG Southee,0,0,,,,,,,,,
351692,2008/09,2009-02-10,Adelaide Oval,2,43.5,Australia,New Zealand,DJ Hussey,MEK Hussey,TG Southee,1,0,,,,,,,,,
351692,2008/09,2009-02-10,Adelaide Oval,2,43.6,Australia,New Zealand,MEK Hussey,DJ Hussey,TG Southee,1,0,,,,,,,,,
351692,2008/09,2009-02-10,Adelaide Oval,2,44.1,Australia,New Zealand,MEK Hussey,DJ Hussey,IE O'Brien,1,0,,,,,,,,,
351692,2008/09,2009-02-10,Adelaide Oval,2,44.2,Australia,New Zealand,DJ Hussey,MEK Hussey,IE O'Brien,0,0,,,,,,bowled,DJ Hussey,,
351692,2008/09,2009-02-10,Adelaide Oval,2,44.3,Australia,New Zealand,CJ Ferguson,MEK Hussey,IE O'Brien,1,0,,,,,,,,,
351692,2008/09,2009-02-10,Adelaide Oval,2,44.4,Australia,New Zealand,MEK Hussey,CJ Ferguson,IE O'Brien,1,0,,,,,,,,,
351692,2008/09,2009-02-10,Adelaide Oval,2,44.5,Australia,New Zealand,CJ Ferguson,MEK Hussey,IE O'Brien,1,0,,,,,,,,,
351692,2008/09,2009-02-10,Adelaide Oval,2,44.6,Australia,New Zealand,MEK Hussey,CJ Ferguson,IE O'Brien,1,0,,,,,,,,,
351692,2008/09,2009-02-10,Adelaide Oval,2,45.1,Australia,New Zealand,MEK Hussey,CJ Ferguson,TG Southee,1,0,,,,,,,,,
351692,2008/09,2009-02-10,Adelaide Oval,2,45.2,Australia,New Zealand,CJ Ferguson,MEK Hussey,TG Southee,0,0,,,,,,,,,
351692,2008/09,2009-02-10,Adelaide Oval,2,45.3,Australia,New Zealand,CJ Ferguson,MEK Hussey,TG Southee,1,0,,,,,,,,,
351692,2008/09,2009-02-10,Adelaide Oval,2,45.4,Australia,New Zealand,MEK Hussey,CJ Ferguson,TG Southee,3,0,,,,,,,,,
351692,2008/09,2009-02-10,Adelaide Oval,2,45.5,Australia,New Zealand,CJ Ferguson,MEK Hussey,TG Southee,1,0,,,,,,,,,
351692,2008/09,2009-02-10,Adelaide Oval,2,45.6,Australia,New Zealand,MEK Hussey,CJ Ferguson,TG Southee,1,0,,,,,,,,,
351692,2008/09,2009-02-10,Adelaide Oval,2,46.1,Australia,New Zealand,MEK Hussey,CJ Ferguson,GD Elliott,2,0,,,,,,,,,
351692,2008/09,2009-02-10,Adelaide Oval,2,46.2,Australia,New Zealand,MEK Hussey,CJ Ferguson,GD Elliott,1,0,,,,,,,,,
351692,2008/09,2009-02-10,Adelaide Oval,2,46.3,Australia,New Zealand,CJ Ferguson,MEK Hussey,GD Elliott,0,0,,,,,,,,,
351692,2008/09,2009-02-10,Adelaide Oval,2,46.4,Australia,New Zealand,CJ Ferguson,MEK Hussey,GD Elliott,1,0,,,,,,,,,
351692,2008/09,2009-02-10,Adelaide Oval,2,46.5,Australia,New Zealand,MEK Hussey,CJ Ferguson,GD Elliott,1,0,,,,,,,,,
351692,2008/09,2009-02-10,Adelaide Oval,2,46.6,Australia,New Zealand,CJ Ferguson,MEK Hussey,GD Elliott,4,0,,,,,,,,,
351692,2008/09,2009-02-10,Adelaide Oval,2,47.1,Australia,New Zealand,MEK Hussey,CJ Ferguson,TG Southee,0,0,,,,,,,,,
351692,2008/09,2009-02-10,Adelaide Oval,2,47.2,Australia,New Zealand,MEK Hussey,CJ Ferguson,TG Southee,0,0,,,,,,,,,
351692,2008/09,2009-02-10,Adelaide Oval,2,47.3,Australia,New Zealand,MEK Hussey,CJ Ferguson,TG Southee,1,0,,,,,,,,,
351692,2008/09,2009-02-10,Adelaide Oval,2,47.4,Australia,New Zealand,CJ Ferguson,MEK Hussey,TG Southee,0,0,,,,,,,,,
351692,2008/09,2009-02-10,Adelaide Oval,2,47.5,Australia,New Zealand,CJ Ferguson,MEK Hussey,TG Southee,0,0,,,,,,,,,
351692,2008/09,2009-02-10,Adelaide Oval,2,47.6,Australia,New Zealand,CJ Ferguson,MEK Hussey,TG Southee,4,0,,,,,,,,,
351692,2008/09,2009-02-10,Adelaide Oval,2,48.1,Australia,New Zealand,MEK Hussey,CJ Ferguson,KD Mills,0,0,,,,,,,,,
351692,2008/09,2009-02-10,Adelaide Oval,2,48.2,Australia,New Zealand,MEK Hussey,CJ Ferguson,KD Mills,6,0,,,,,,,,,
