match_id,season,start_date,venue,innings,ball,batting_team,bowling_team,striker,non_striker,bowler,runs_off_bat,extras,wides,noballs,byes,legbyes,penalty,wicket_type,player_dismissed,other_wicket_type,other_player_dismissed
351693,2008/09,2009-02-13,"Brisbane Cricket Ground, Woolloongabba",1,0.1,Australia,New Zealand,JR Hopes,BJ Haddin,KD Mills,0,0,,,,,,,,,
351693,2008/09,2009-02-13,"Brisbane Cricket Ground, Woolloongabba",1,0.2,Australia,New Zealand,JR Hopes,BJ Haddin,KD Mills,1,0,,,,,,,,,
351693,2008/09,2009-02-13,"Brisbane Cricket Ground, Woolloongabba",1,0.3,Australia,New Zealand,BJ Haddin,JR Hopes,KD Mills,0,0,,,,,,,,,
351693,2008/09,2009-02-13,"Brisbane Cricket Ground, Woolloongabba",1,0.4,Australia,New Zealand,BJ Haddin,JR Hopes,KD Mills,0,0,,,,,,,,,
351693,2008/09,2009-02-13,"Brisbane Cricket Ground, Woolloongabba",1,0.5,Australia,New Zealand,BJ Haddin,JR Hopes,KD Mills,1,0,,,,,,,,,
351693,2008/09,2009-02-13,"Brisbane Cricket Ground, Woolloongabba",1,0.6,Australia,New Zealand,JR Hopes,BJ Haddin,KD Mills,0,0,,,,,,,,,
351693,2008/09,2009-02-13,"Brisbane Cricket Ground, Woolloongabba",1,1.1,Australia,New Zealand,BJ Haddin,JR Hopes,TG Southee,0,0,,,,,,,,,
351693,2008/09,2009-02-13,"Brisbane Cricket Ground, Woolloongabba",1,1.2,Australia,New Zealand,BJ Haddin,JR Hopes,TG Southee,1,0,,,,,,,,,
351693,2008/09,2009-02-13,"Brisbane Cricket Ground, Woolloongabba",1,1.3,Australia,New Zealand,JR Hopes,BJ Haddin,TG Southee,0,1,1,,,,,,,,
351693,2008/09,2009-02-13,"Brisbane Cricket Ground, Woolloongabba",1,1.4,Australia,New Zealand,JR Hopes,BJ Haddin,TG Southee,0,0,,,,,,,,,
351693,2008/09,2009-02-13,"Brisbane Cricket Ground, Woolloongabba",1,1.5,Australia,New Zealand,JR Hopes,BJ Haddin,TG Southee,0,0,,,,,,,,,
351693,2008/09,2009-02-13,"Brisbane Cricket Ground, Woolloongabba",1,1.6,Australia,New Zealand,JR Hopes,BJ Haddin,TG Southee,4,0,,,,,,,,,
351693,2008/09,2009-02-13,"Brisbane Cricket Ground, Woolloongabba",1,1.7,Australia,New Zealand,JR Hopes,BJ Haddin,TG Southee,0,0,,,,,,,,,
351693,2008/09,2009-02-13,"Brisbane Cricket Ground, Woolloongabba",1,2.1,Australia,New Zealand,BJ Haddin,JR Hopes,KD Mills,0,0,,,,,,,,,
351693,2008/09,2009-02-13,"Brisbane Cricket Ground, Woolloongabba",1,2.2,Australia,New Zealand,BJ Haddin,JR Hopes,KD Mills,1,0,,,,,,,,,
351693,2008/09,2009-02-13,"Brisbane Cricket Ground, Woolloongabba",1,2.3,Australia,New Zealand,JR Hopes,BJ Haddin,KD Mills,0,0,,,,,,,,,
351693,2008/09,2009-02-13,"Brisbane Cricket Ground, Woolloongabba",1,2.4,Australia,New Zealand,JR Hopes,BJ Haddin,KD Mills,0,0,,,,,,caught,JR Hopes,,
351693,2008/09,2009-02-13,"Brisbane Cricket Ground, Woolloongabba",1,2.5,Australia,New Zealand,BJ Haddin,RT Ponting,KD Mills,4,0,,,,,,,,,
351693,2008/09,2009-02-13,"Brisbane Cricket Ground, Woolloongabba",1,2.6,Australia,New Zealand,BJ Haddin,RT Ponting,KD Mills,1,0,,,,,,,,,
351693,2008/09,2009-02-13,"Brisbane Cricket Ground, Woolloongabba",1,3.1,Australia,New Zealand,BJ Haddin,RT Ponting,TG Southee,2,0,,,,,,,,,
351693,2008/09,2009-02-13,"Brisbane Cricket Ground, Woolloongabba",1,3.2,Australia,New Zealand,BJ Haddin,RT Ponting,TG Southee,1,0,,,,,,,,,
351693,2008/09,2009-02-13,"Brisbane Cricket Ground, Woolloongabba",1,3.3,Australia,New Zealand,RT Ponting,BJ Haddin,TG Southee,1,0,,,,,,,,,
351693,2008/09,2009-02-13,"Brisbane Cricket Ground, Woolloongabba",1,3.4,Australia,New Zealand,BJ Haddin,RT Ponting,TG Southee,0,0,,,,,,,,,
351693,2008/09,2009-02-13,"Brisbane Cricket Ground, Woolloongabba",1,3.5,Australia,New Zealand,BJ Haddin,RT Ponting,TG Southee,1,0,,,,,,,,,
351693,2008/09,2009-02-13,"Brisbane Cricket Ground, Woolloongabba",1,3.6,Australia,New Zealand,RT Ponting,BJ Haddin,TG Southee,1,0,,,,,,,,,
351693,2008/09,2009-02-13,"Brisbane Cricket Ground, Woolloongabba",1,4.1,Australia,New Zealand,RT Ponting,BJ Haddin,KD Mills,0,0,,,,,,caught,RT Ponting,,
351693,2008/09,2009-02-13,"Brisbane Cricket Ground, Woolloongabba",1,4.2,Australia,New Zealand,DJ Hussey,BJ Haddin,KD Mills,0,0,,,,,,,,,
351693,2008/09,2009-02-13,"Brisbane Cricket Ground, Woolloongabba",1,4.3,Australia,New Zealand,DJ Hussey,BJ Haddin,KD Mills,0,0,,,,,,,,,
351693,2008/09,2009-02-13,"Brisbane Cricket Ground, Woolloongabba",1,4.4,Australia,New Zealand,DJ Hussey,BJ Haddin,KD Mills,4,0,,,,,,,,,
351693,2008/09,2009-02-13,"Brisbane Cricket Ground, Woolloongabba",1,4.5,Australia,New Zealand,DJ Hussey,BJ Haddin,KD Mills,0,1,1,,,,,,,,
351693,2008/09,2009-02-13,"Brisbane Cricket Ground, Woolloongabba",1,4.6,Australia,New Zealand,DJ Hussey,BJ Haddin,KD Mills,1,0,,,,,,,,,
351693,2008/09,2009-02-13,"Brisbane Cricket Ground, Woolloongabba",1,4.7,Australia,New Zealand,BJ Haddin,DJ Hussey,KD Mills,1,0,,,,,,,,,
351693,2008/09,2009-02-13,"Brisbane Cricket Ground, Woolloongabba",1,5.1,Australia,New Zealand,BJ Haddin,DJ Hussey,IE O'Brien,1,0,,,,,,,,,
351693,2008/09,2009-02-13,"Brisbane Cricket Ground, Woolloongabba",1,5.2,Australia,New Zealand,DJ Hussey,BJ Haddin,IE O'Brien,0,0,,,,,,,,,
351693,2008/09,2009-02-13,"Brisbane Cricket Ground, Woolloongabba",1,5.3,Australia,New Zealand,DJ Hussey,BJ Haddin,IE O'Brien,1,0,,,,,,,,,
351693,2008/09,2009-02-13,"Brisbane Cricket Ground, Woolloongabba",1,5.4,Australia,New Zealand,BJ Haddin,DJ Hussey,IE O'Brien,1,0,,,,,,,,,
351693,2008/09,2009-02-13,"Brisbane Cricket Ground, Woolloongabba",1,5.5,Australia,New Zealand,DJ Hussey,BJ Haddin,IE O'Brien,0,0,,,,,,bowled,DJ Hussey,,
351693,2008/09,2009-02-13,"Brisbane Cricket Ground, Woolloongabba",1,5.6,Australia,New Zealand,MEK Hussey,BJ Haddin,IE O'Brien,0,0,,,,,,,,,
351693,2008/09,2009-02-13,"Brisbane Cricket Ground, Woolloongabba",1,6.1,Australia,New Zealand,BJ Haddin,MEK Hussey,KD Mills,2,0,,,,,,,,,
351693,2008/09,2009-02-13,"Brisbane Cricket Ground, Woolloongabba",1,6.2,Australia,New Zealand,BJ Haddin,MEK Hussey,KD Mills,1,0,,,,,,,,,
351693,2008/09,2009-02-13,"Brisbane Cricket Ground, Woolloongabba",1,6.3,Australia,New Zealand,MEK Hussey,BJ Haddin,KD Mills,1,0,,,,,,,,,
351693,2008/09,2009-02-13,"Brisbane Cricket Ground, Woolloongabba",1,6.4,Australia,New Zealand,BJ Haddin,MEK Hussey,KD Mills,1,0,,,,,,,,,
351693,2008/09,2009-02-13,"Brisbane Cricket Ground, Woolloongabba",1,6.5,Australia,New Zealand,MEK Hussey,BJ Haddin,KD Mills,1,0,,,,,,,,,
351693,2008/09,2009-02-13,"Brisbane Cricket Ground, Woolloongabba",1,6.6,Australia,New Zealand,BJ Haddin,MEK Hussey,KD Mills,1,0,,,,,,,,,
351693,2008/09,2009-02-13,"Brisbane Cricket Ground, Woolloongabba",1,7.1,Australia,New Zealand,BJ Haddin,MEK Hussey,IE O'Brien,2,0,,,,,,,,,
351693,2008/09,2009-02-13,"Brisbane Cricket Ground, Woolloongabba",1,7.2,Australia,New Zealand,BJ Haddin,MEK Hussey,IE O'Brien,1,0,,,,,,,,,
351693,2008/09,2009-02-13,"Brisbane Cricket Ground, Woolloongabba",1,7.3,Australia,New Zealand,MEK Hussey,BJ Haddin,IE O'Brien,0,0,,,,,,,,,
351693,2008/09,2009-02-13,"Brisbane Cricket Ground, Woolloongabba",1,7.4,Australia,New Zealand,MEK Hussey,BJ Haddin,IE O'Brien,1,0,,,,,,,,,
351693,2008/09,2009-02-13,"Brisbane Cricket Ground, Woolloongabba",1,7.5,Australia,New Zealand,BJ Haddin,MEK Hussey,IE O'Brien,0,0,,,,,,,,,
351693,2008/09,2009-02-13,"Brisbane Cricket Ground, Woolloongabba",1,7.6,Australia,New Zealand,BJ Haddin,MEK Hussey,IE O'Brien,1,0,,,,,,,,,
351693,2008/09,2009-02-13,"Brisbane Cricket Ground, Woolloongabba",1,8.1,Australia,New Zealand,BJ Haddin,MEK Hussey,BJ Diamanti,2,0,,,,,,,,,
351693,2008/09,2009-02-13,"Brisbane Cricket Ground, Woolloongabba",1,8.2,Australia,New Zealand,BJ Haddin,MEK Hussey,BJ Diamanti,4,0,,,,,,,,,
351693,2008/09,2009-02-13,"Brisbane Cricket Ground, Woolloongabba",1,8.3,Australia,New Zealand,BJ Haddin,MEK Hussey,BJ Diamanti,1,0,,,,,,,,,
351693,2008/09,2009-02-13,"Brisbane Cricket Ground, Woolloongabba",1,8.4,Australia,New Zealand,MEK Hussey,BJ Haddin,BJ Diamanti,2,0,,,,,,,,,
351693,2008/09,2009-02-13,"Brisbane Cricket Ground, Woolloongabba",1,8.5,Australia,New Zealand,MEK Hussey,BJ Haddin,BJ Diamanti,1,0,,,,,,,,,
351693,2008/09,2009-02-13,"Brisbane Cricket Ground, Woolloongabba",1,8.6,Australia,New Zealand,BJ Haddin,MEK Hussey,BJ Diamanti,1,0,,,,,,,,,
351693,2008/09,2009-02-13,"Brisbane Cricket Ground, Woolloongabba",1,9.1,Australia,New Zealand,BJ Haddin,MEK Hussey,IE O'Brien,0,0,,,,,,,,,
351693,2008/09,2009-02-13,"Brisbane Cricket Ground, Woolloongabba",1,9.2,Australia,New Zealand,BJ Haddin,MEK Hussey,IE O'Brien,1,0,,,,,,,,,
351693,2008/09,2009-02-13,"Brisbane Cricket Ground, Woolloongabba",1,9.3,Australia,New Zealand,MEK Hussey,BJ Haddin,IE O'Brien,0,0,,,,,,,,,
351693,2008/09,2009-02-13,"Brisbane Cricket Ground, Woolloongabba",1,9.4,Australia,New Zealand,MEK Hussey,BJ Haddin,IE O'Brien,0,0,,,,,,,,,
351693,2008/09,2009-02-13,"Brisbane Cricket Ground, Woolloongabba",1,9.5,Australia,New Zealand,MEK Hussey,BJ Haddin,IE O'Brien,1,0,,,,,,,,,
351693,2008/09,2009-02-13,"Brisbane Cricket Ground, Woolloongabba",1,9.6,Australia,New Zealand,BJ Haddin,MEK Hussey,IE O'Brien,1,0,,,,,,,,,
351693,2008/09,2009-02-13,"Brisbane Cricket Ground, Woolloongabba",1,10.1,Australia,New Zealand,BJ Haddin,MEK Hussey,BJ Diamanti,6,0,,,,,,,,,
351693,2008/09,2009-02-13,"Brisbane Cricket Ground, Woolloongabba",1,10.2,Australia,New Zealand,BJ Haddin,MEK Hussey,BJ Diamanti,1,0,,,,,,,,,
351693,2008/09,2009-02-13,"Brisbane Cricket Ground, Woolloongabba",1,10.3,Australia,New Zealand,MEK Hussey,BJ Haddin,BJ Diamanti,1,0,,,,,,,,,
351693,2008/09,2009-02-13,"Brisbane Cricket Ground, Woolloongabba",1,10.4,Australia,New Zealand,BJ Haddin,MEK Hussey,BJ Diamanti,4,0,,,,,,,,,
351693,2008/09,2009-02-13,"Brisbane Cricket Ground, Woolloongabba",1,10.5,Australia,New Zealand,BJ Haddin,MEK Hussey,BJ Diamanti,1,0,,,,,,,,,
351693,2008/09,2009-02-13,"Brisbane Cricket Ground, Woolloongabba",1,10.6,Australia,New Zealand,MEK Hussey,BJ Haddin,BJ Diamanti,1,0,,,,,,,,,
351693,2008/09,2009-02-13,"Brisbane Cricket Ground, Woolloongabba",1,11.1,Australia,New Zealand,MEK Hussey,BJ Haddin,DL Vettori,0,0,,,,,,caught,MEK Hussey,,
351693,2008/09,2009-02-13,"Brisbane Cricket Ground, Woolloongabba",1,11.2,Australia,New Zealand,CJ Ferguson,BJ Haddin,DL Vettori,1,0,,,,,,,,,
351693,2008/09,2009-02-13,"Brisbane Cricket Ground, Woolloongabba",1,11.3,Australia,New Zealand,BJ Haddin,CJ Ferguson,DL Vettori,0,0,,,,,,,,,
351693,2008/09,2009-02-13,"Brisbane Cricket Ground, Woolloongabba",1,11.4,Australia,New Zealand,BJ Haddin,CJ Ferguson,DL Vettori,0,0,,,,,,,,,
351693,2008/09,2009-02-13,"Brisbane Cricket Ground, Woolloongabba",1,11.5,Australia,New Zealand,BJ Haddin,CJ Ferguson,DL Vettori,0,0,,,,,,,,,
351693,2008/09,2009-02-13,"Brisbane Cricket Ground, Woolloongabba",1,11.6,Australia,New Zealand,BJ Haddin,CJ Ferguson,DL Vettori,0,0,,,,,,,,,
351693,2008/09,2009-02-13,"Brisbane Cricket Ground, Woolloongabba",1,12.1,Australia,New Zealand,CJ Ferguson,BJ Haddin,GD Elliott,0,0,,,,,,,,,
351693,2008/09,2009-02-13,"Brisbane Cricket Ground, Woolloongabba",1,12.2,Australia,New Zealand,CJ Ferguson,BJ Haddin,GD Elliott,0,0,,,,,,,,,
351693,2008/09,2009-02-13,"Brisbane Cricket Ground, Woolloongabba",1,12.3,Australia,New Zealand,CJ Ferguson,BJ Haddin,GD Elliott,0,0,,,,,,,,,
351693,2008/09,2009-02-13,"Brisbane Cricket Ground, Woolloongabba",1,12.4,Australia,New Zealand,CJ Ferguson,BJ Haddin,GD Elliott,1,0,,,,,,,,,
351693,2008/09,2009-02-13,"Brisbane Cricket Ground, Woolloongabba",1,12.5,Australia,New Zealand,BJ Haddin,CJ Ferguson,GD Elliott,1,0,,,,,,,,,
351693,2008/09,2009-02-13,"Brisbane Cricket Ground, Woolloongabba",1,12.6,Australia,New Zealand,CJ Ferguson,BJ Haddin,GD Elliott,0,0,,,,,,,,,
351693,2008/09,2009-02-13,"Brisbane Cricket Ground, Woolloongabba",1,13.1,Australia,New Zealand,BJ Haddin,CJ Ferguson,DL Vettori,1,0,,,,,,,,,
351693,2008/09,2009-02-13,"Brisbane Cricket Ground, Woolloongabba",1,13.2,Australia,New Zealand,CJ Ferguson,BJ Haddin,DL Vettori,1,0,,,,,,,,,
351693,2008/09,2009-02-13,"Brisbane Cricket Ground, Woolloongabba",1,13.3,Australia,New Zealand,BJ Haddin,CJ Ferguson,DL Vettori,1,0,,,,,,,,,
351693,2008/09,2009-02-13,"Brisbane Cricket Ground, Woolloongabba",1,13.4,Australia,New Zealand,CJ Ferguson,BJ Haddin,DL Vettori,3,0,,,,,,,,,
351693,2008/09,2009-02-13,"Brisbane Cricket Ground, Woolloongabba",1,13.5,Australia,New Zealand,BJ Haddin,CJ Ferguson,DL Vettori,2,0,,,,,,,,,
351693,2008/09,2009-02-13,"Brisbane Cricket Ground, Woolloongabba",1,13.6,Australia,New Zealand,BJ Haddin,CJ Ferguson,DL Vettori,1,0,,,,,,,,,
351693,2008/09,2009-02-13,"Brisbane Cricket Ground, Woolloongabba",1,14.1,Australia,New Zealand,BJ Haddin,CJ Ferguson,GD Elliott,0,1,1,,,,,,,,
351693,2008/09,2009-02-13,"Brisbane Cricket Ground, Woolloongabba",1,14.2,Australia,New Zealand,BJ Haddin,CJ Ferguson,GD Elliott,1,0,,,,,,,,,
351693,2008/09,2009-02-13,"Brisbane Cricket Ground, Woolloongabba",1,14.3,Australia,New Zealand,CJ Ferguson,BJ Haddin,GD Elliott,1,0,,,,,,,,,
351693,2008/09,2009-02-13,"Brisbane Cricket Ground, Woolloongabba",1,14.4,Australia,New Zealand,BJ Haddin,CJ Ferguson,GD Elliott,1,0,,,,,,,,,
351693,2008/09,2009-02-13,"Brisbane Cricket Ground, Woolloongabba",1,14.5,Australia,New Zealand,CJ Ferguson,BJ Haddin,GD Elliott,1,0,,,,,,,,,
351693,2008/09,2009-02-13,"Brisbane Cricket Ground, Woolloongabba",1,14.6,Australia,New Zealand,BJ Haddin,CJ Ferguson,GD Elliott,1,0,,,,,,,,,
351693,2008/09,2009-02-13,"Brisbane Cricket Ground, Woolloongabba",1,14.7,Australia,New Zealand,CJ Ferguson,BJ Haddin,GD Elliott,0,0,,,,,,,,,
351693,2008/09,2009-02-13,"Brisbane Cricket Ground, Woolloongabba",1,15.1,Australia,New Zealand,BJ Haddin,CJ Ferguson,DL Vettori,0,0,,,,,,,,,
351693,2008/09,2009-02-13,"Brisbane Cricket Ground, Woolloongabba",1,15.2,Australia,New Zealand,BJ Haddin,CJ Ferguson,DL Vettori,1,0,,,,,,,,,
351693,2008/09,2009-02-13,"Brisbane Cricket Ground, Woolloongabba",1,15.3,Australia,New Zealand,CJ Ferguson,BJ Haddin,DL Vettori,1,0,,,,,,,,,
351693,2008/09,2009-02-13,"Brisbane Cricket Ground, Woolloongabba",1,15.4,Australia,New Zealand,BJ Haddin,CJ Ferguson,DL Vettori,1,0,,,,,,,,,
351693,2008/09,2009-02-13,"Brisbane Cricket Ground, Woolloongabba",1,15.5,Australia,New Zealand,CJ Ferguson,BJ Haddin,DL Vettori,1,0,,,,,,,,,
351693,2008/09,2009-02-13,"Brisbane Cricket Ground, Woolloongabba",1,15.6,Australia,New Zealand,BJ Haddin,CJ Ferguson,DL Vettori,1,0,,,,,,,,,
351693,2008/09,2009-02-13,"Brisbane Cricket Ground, Woolloongabba",1,16.1,Australia,New Zealand,BJ Haddin,CJ Ferguson,TG Southee,4,0,,,,,,,,,
351693,2008/09,2009-02-13,"Brisbane Cricket Ground, Woolloongabba",1,16.2,Australia,New Zealand,BJ Haddin,CJ Ferguson,TG Southee,1,0,,,,,,,,,
351693,2008/09,2009-02-13,"Brisbane Cricket Ground, Woolloongabba",1,16.3,Australia,New Zealand,CJ Ferguson,BJ Haddin,TG Southee,0,0,,,,,,,,,
351693,2008/09,2009-02-13,"Brisbane Cricket Ground, Woolloongabba",1,16.4,Australia,New Zealand,CJ Ferguson,BJ Haddin,TG Southee,2,0,,,,,,,,,
351693,2008/09,2009-02-13,"Brisbane Cricket Ground, Woolloongabba",1,16.5,Australia,New Zealand,CJ Ferguson,BJ Haddin,TG Southee,0,0,,,,,,,,,
351693,2008/09,2009-02-13,"Brisbane Cricket Ground, Woolloongabba",1,16.6,Australia,New Zealand,CJ Ferguson,BJ Haddin,TG Southee,1,0,,,,,,,,,
351693,2008/09,2009-02-13,"Brisbane Cricket Ground, Woolloongabba",1,17.1,Australia,New Zealand,CJ Ferguson,BJ Haddin,DL Vettori,1,0,,,,,,,,,
351693,2008/09,2009-02-13,"Brisbane Cricket Ground, Woolloongabba",1,17.2,Australia,New Zealand,BJ Haddin,CJ Ferguson,DL Vettori,1,0,,,,,,,,,
351693,2008/09,2009-02-13,"Brisbane Cricket Ground, Woolloongabba",1,17.3,Australia,New Zealand,CJ Ferguson,BJ Haddin,DL Vettori,1,0,,,,,,,,,
351693,2008/09,2009-02-13,"Brisbane Cricket Ground, Woolloongabba",1,17.4,Australia,New Zealand,BJ Haddin,CJ Ferguson,DL Vettori,1,0,,,,,,,,,
351693,2008/09,2009-02-13,"Brisbane Cricket Ground, Woolloongabba",1,17.5,Australia,New Zealand,CJ Ferguson,BJ Haddin,DL Vettori,4,0,,,,,,,,,
351693,2008/09,2009-02-13,"Brisbane Cricket Ground, Woolloongabba",1,17.6,Australia,New Zealand,CJ Ferguson,BJ Haddin,DL Vettori,1,0,,,,,,,,,
351693,2008/09,2009-02-13,"Brisbane Cricket Ground, Woolloongabba",1,18.1,Australia,New Zealand,CJ Ferguson,BJ Haddin,TG Southee,4,0,,,,,,,,,
351693,2008/09,2009-02-13,"Brisbane Cricket Ground, Woolloongabba",1,18.2,Australia,New Zealand,CJ Ferguson,BJ Haddin,TG Southee,4,0,,,,,,,,,
351693,2008/09,2009-02-13,"Brisbane Cricket Ground, Woolloongabba",1,18.3,Australia,New Zealand,CJ Ferguson,BJ Haddin,TG Southee,4,0,,,,,,,,,
351693,2008/09,2009-02-13,"Brisbane Cricket Ground, Woolloongabba",1,18.4,Australia,New Zealand,CJ Ferguson,BJ Haddin,TG Southee,1,0,,,,,,,,,
351693,2008/09,2009-02-13,"Brisbane Cricket Ground, Woolloongabba",1,18.5,Australia,New Zealand,BJ Haddin,CJ Ferguson,TG Southee,1,0,,,,,,,,,
351693,2008/09,2009-02-13,"Brisbane Cricket Ground, Woolloongabba",1,18.6,Australia,New Zealand,CJ Ferguson,BJ Haddin,TG Southee,1,0,,,,,,,,,
351693,2008/09,2009-02-13,"Brisbane Cricket Ground, Woolloongabba",1,19.1,Australia,New Zealand,CJ Ferguson,BJ Haddin,IE O'Brien,2,0,,,,,,,,,
351693,2008/09,2009-02-13,"Brisbane Cricket Ground, Woolloongabba",1,19.2,Australia,New Zealand,CJ Ferguson,BJ Haddin,IE O'Brien,2,0,,,,,,,,,
351693,2008/09,2009-02-13,"Brisbane Cricket Ground, Woolloongabba",1,19.3,Australia,New Zealand,CJ Ferguson,BJ Haddin,IE O'Brien,4,0,,,,,,,,,
351693,2008/09,2009-02-13,"Brisbane Cricket Ground, Woolloongabba",1,19.4,Australia,New Zealand,CJ Ferguson,BJ Haddin,IE O'Brien,2,0,,,,,,,,,
351693,2008/09,2009-02-13,"Brisbane Cricket Ground, Woolloongabba",1,19.5,Australia,New Zealand,CJ Ferguson,BJ Haddin,IE O'Brien,4,0,,,,,,,,,
351693,2008/09,2009-02-13,"Brisbane Cricket Ground, Woolloongabba",1,19.6,Australia,New Zealand,CJ Ferguson,BJ Haddin,IE O'Brien,1,0,,,,,,,,,
351693,2008/09,2009-02-13,"Brisbane Cricket Ground, Woolloongabba",1,20.1,Australia,New Zealand,CJ Ferguson,BJ Haddin,TG Southee,1,0,,,,,,,,,
351693,2008/09,2009-02-13,"Brisbane Cricket Ground, Woolloongabba",1,20.2,Australia,New Zealand,BJ Haddin,CJ Ferguson,TG Southee,6,0,,,,,,,,,
351693,2008/09,2009-02-13,"Brisbane Cricket Ground, Woolloongabba",1,20.3,Australia,New Zealand,BJ Haddin,CJ Ferguson,TG Southee,1,0,,,,,,,,,
351693,2008/09,2009-02-13,"Brisbane Cricket Ground, Woolloongabba",1,20.4,Australia,New Zealand,CJ Ferguson,BJ Haddin,TG Southee,4,0,,,,,,,,,
351693,2008/09,2009-02-13,"Brisbane Cricket Ground, Woolloongabba",1,20.5,Australia,New Zealand,CJ Ferguson,BJ Haddin,TG Southee,1,0,,,,,,,,,
351693,2008/09,2009-02-13,"Brisbane Cricket Ground, Woolloongabba",1,20.6,Australia,New Zealand,BJ Haddin,CJ Ferguson,TG Southee,1,0,,,,,,,,,
351693,2008/09,2009-02-13,"Brisbane Cricket Ground, Woolloongabba",1,21.1,Australia,New Zealand,BJ Haddin,CJ Ferguson,IE O'Brien,4,0,,,,,,,,,
351693,2008/09,2009-02-13,"Brisbane Cricket Ground, Woolloongabba",1,21.2,Australia,New Zealand,BJ Haddin,CJ Ferguson,IE O'Brien,0,0,,,,,,,,,
351693,2008/09,2009-02-13,"Brisbane Cricket Ground, Woolloongabba",1,21.3,Australia,New Zealand,BJ Haddin,CJ Ferguson,IE O'Brien,6,0,,,,,,,,,
351693,2008/09,2009-02-13,"Brisbane Cricket Ground, Woolloongabba",1,21.4,Australia,New Zealand,BJ Haddin,CJ Ferguson,IE O'Brien,2,0,,,,,,,,,
351693,2008/09,2009-02-13,"Brisbane Cricket Ground, Woolloongabba",1,21.5,Australia,New Zealand,BJ Haddin,CJ Ferguson,IE O'Brien,0,0,,,,,,,,,
351693,2008/09,2009-02-13,"Brisbane Cricket Ground, Woolloongabba",1,21.6,Australia,New Zealand,BJ Haddin,CJ Ferguson,IE O'Brien,2,0,,,,,,,,,
351693,2008/09,2009-02-13,"Brisbane Cricket Ground, Woolloongabba",2,0.1,New Zealand,Australia,BB McCullum,MJ Guptill,BW Hilfenhaus,2,0,,,,,,,,,
351693,2008/09,2009-02-13,"Brisbane Cricket Ground, Woolloongabba",2,0.2,New Zealand,Australia,BB McCullum,MJ Guptill,BW Hilfenhaus,0,0,,,,,,bowled,BB McCullum,,
351693,2008/09,2009-02-13,"Brisbane Cricket Ground, Woolloongabba",2,0.3,New Zealand,Australia,PG Fulton,MJ Guptill,BW Hilfenhaus,0,0,,,,,,,,,
351693,2008/09,2009-02-13,"Brisbane Cricket Ground, Woolloongabba",2,0.4,New Zealand,Australia,PG Fulton,MJ Guptill,BW Hilfenhaus,0,0,,,,,,,,,
351693,2008/09,2009-02-13,"Brisbane Cricket Ground, Woolloongabba",2,0.5,New Zealand,Australia,PG Fulton,MJ Guptill,BW Hilfenhaus,0,0,,,,,,,,,
351693,2008/09,2009-02-13,"Brisbane Cricket Ground, Woolloongabba",2,0.6,New Zealand,Australia,PG Fulton,MJ Guptill,BW Hilfenhaus,0,0,,,,,,,,,
351693,2008/09,2009-02-13,"Brisbane Cricket Ground, Woolloongabba",2,1.1,New Zealand,Australia,MJ Guptill,PG Fulton,NW Bracken,0,0,,,,,,,,,
351693,2008/09,2009-02-13,"Brisbane Cricket Ground, Woolloongabba",2,1.2,New Zealand,Australia,MJ Guptill,PG Fulton,NW Bracken,6,0,,,,,,,,,
351693,2008/09,2009-02-13,"Brisbane Cricket Ground, Woolloongabba",2,1.3,New Zealand,Australia,MJ Guptill,PG Fulton,NW Bracken,0,0,,,,,,,,,
351693,2008/09,2009-02-13,"Brisbane Cricket Ground, Woolloongabba",2,1.4,New Zealand,Australia,MJ Guptill,PG Fulton,NW Bracken,1,0,,,,,,,,,
351693,2008/09,2009-02-13,"Brisbane Cricket Ground, Woolloongabba",2,1.5,New Zealand,Australia,PG Fulton,MJ Guptill,NW Bracken,4,0,,,,,,,,,
351693,2008/09,2009-02-13,"Brisbane Cricket Ground, Woolloongabba",2,1.6,New Zealand,Australia,PG Fulton,MJ Guptill,NW Bracken,4,0,,,,,,,,,
351693,2008/09,2009-02-13,"Brisbane Cricket Ground, Woolloongabba",2,2.1,New Zealand,Australia,MJ Guptill,PG Fulton,BW Hilfenhaus,4,0,,,,,,,,,
351693,2008/09,2009-02-13,"Brisbane Cricket Ground, Woolloongabba",2,2.2,New Zealand,Australia,MJ Guptill,PG Fulton,BW Hilfenhaus,3,0,,,,,,,,,
351693,2008/09,2009-02-13,"Brisbane Cricket Ground, Woolloongabba",2,2.3,New Zealand,Australia,PG Fulton,MJ Guptill,BW Hilfenhaus,0,0,,,,,,,,,
351693,2008/09,2009-02-13,"Brisbane Cricket Ground, Woolloongabba",2,2.4,New Zealand,Australia,PG Fulton,MJ Guptill,BW Hilfenhaus,6,0,,,,,,,,,
351693,2008/09,2009-02-13,"Brisbane Cricket Ground, Woolloongabba",2,2.5,New Zealand,Australia,PG Fulton,MJ Guptill,BW Hilfenhaus,0,1,1,,,,,,,,
351693,2008/09,2009-02-13,"Brisbane Cricket Ground, Woolloongabba",2,2.6,New Zealand,Australia,PG Fulton,MJ Guptill,BW Hilfenhaus,6,0,,,,,,,,,
351693,2008/09,2009-02-13,"Brisbane Cricket Ground, Woolloongabba",2,2.7,New Zealand,Australia,PG Fulton,MJ Guptill,BW Hilfenhaus,1,0,,,,,,,,,
351693,2008/09,2009-02-13,"Brisbane Cricket Ground, Woolloongabba",2,3.1,New Zealand,Australia,PG Fulton,MJ Guptill,NW Bracken,1,0,,,,,,,,,
351693,2008/09,2009-02-13,"Brisbane Cricket Ground, Woolloongabba",2,3.2,New Zealand,Australia,MJ Guptill,PG Fulton,NW Bracken,1,0,,,,,,,,,
351693,2008/09,2009-02-13,"Brisbane Cricket Ground, Woolloongabba",2,3.3,New Zealand,Australia,PG Fulton,MJ Guptill,NW Bracken,0,0,,,,,,caught,PG Fulton,,
351693,2008/09,2009-02-13,"Brisbane Cricket Ground, Woolloongabba",2,3.4,New Zealand,Australia,MJ Guptill,LRPL Taylor,NW Bracken,0,0,,,,,,,,,
351693,2008/09,2009-02-13,"Brisbane Cricket Ground, Woolloongabba",2,3.5,New Zealand,Australia,MJ Guptill,LRPL Taylor,NW Bracken,2,0,,,,,,,,,
351693,2008/09,2009-02-13,"Brisbane Cricket Ground, Woolloongabba",2,3.6,New Zealand,Australia,MJ Guptill,LRPL Taylor,NW Bracken,3,0,,,,,,,,,
351693,2008/09,2009-02-13,"Brisbane Cricket Ground, Woolloongabba",2,4.1,New Zealand,Australia,MJ Guptill,LRPL Taylor,MG Johnson,6,0,,,,,,,,,
351693,2008/09,2009-02-13,"Brisbane Cricket Ground, Woolloongabba",2,4.2,New Zealand,Australia,MJ Guptill,LRPL Taylor,MG Johnson,1,0,,,,,,,,,
351693,2008/09,2009-02-13,"Brisbane Cricket Ground, Woolloongabba",2,4.3,New Zealand,Australia,LRPL Taylor,MJ Guptill,MG Johnson,0,0,,,,,,,,,
351693,2008/09,2009-02-13,"Brisbane Cricket Ground, Woolloongabba",2,4.4,New Zealand,Australia,LRPL Taylor,MJ Guptill,MG Johnson,4,0,,,,,,,,,
351693,2008/09,2009-02-13,"Brisbane Cricket Ground, Woolloongabba",2,4.5,New Zealand,Australia,LRPL Taylor,MJ Guptill,MG Johnson,0,0,,,,,,caught,LRPL Taylor,,
351693,2008/09,2009-02-13,"Brisbane Cricket Ground, Woolloongabba",2,4.6,New Zealand,Australia,MJ Guptill,GD Elliott,MG Johnson,1,0,,,,,,,,,
351693,2008/09,2009-02-13,"Brisbane Cricket Ground, Woolloongabba",2,5.1,New Zealand,Australia,MJ Guptill,GD Elliott,NW Bracken,0,0,,,,,,,,,
351693,2008/09,2009-02-13,"Brisbane Cricket Ground, Woolloongabba",2,5.2,New Zealand,Australia,MJ Guptill,GD Elliott,NW Bracken,4,0,,,,,,,,,
351693,2008/09,2009-02-13,"Brisbane Cricket Ground, Woolloongabba",2,5.3,New Zealand,Australia,MJ Guptill,GD Elliott,NW Bracken,6,0,,,,,,,,,
351693,2008/09,2009-02-13,"Brisbane Cricket Ground, Woolloongabba",2,5.4,New Zealand,Australia,MJ Guptill,GD Elliott,NW Bracken,1,0,,,,,,,,,
351693,2008/09,2009-02-13,"Brisbane Cricket Ground, Woolloongabba",2,5.5,New Zealand,Australia,GD Elliott,MJ Guptill,NW Bracken,0,0,,,,,,caught,GD Elliott,,
351693,2008/09,2009-02-13,"Brisbane Cricket Ground, Woolloongabba",2,5.6,New Zealand,Australia,NT Broom,MJ Guptill,NW Bracken,0,0,,,,,,,,,
351693,2008/09,2009-02-13,"Brisbane Cricket Ground, Woolloongabba",2,6.1,New Zealand,Australia,MJ Guptill,NT Broom,MG Johnson,0,0,,,,,,run out,NT Broom,,
351693,2008/09,2009-02-13,"Brisbane Cricket Ground, Woolloongabba",2,6.2,New Zealand,Australia,KD Mills,MJ Guptill,MG Johnson,0,0,,,,,,,,,
351693,2008/09,2009-02-13,"Brisbane Cricket Ground, Woolloongabba",2,6.3,New Zealand,Australia,KD Mills,MJ Guptill,MG Johnson,1,0,,,,,,,,,
351693,2008/09,2009-02-13,"Brisbane Cricket Ground, Woolloongabba",2,6.4,New Zealand,Australia,MJ Guptill,KD Mills,MG Johnson,3,0,,,,,,,,,
351693,2008/09,2009-02-13,"Brisbane Cricket Ground, Woolloongabba",2,6.5,New Zealand,Australia,KD Mills,MJ Guptill,MG Johnson,0,0,,,,,,,,,
351693,2008/09,2009-02-13,"Brisbane Cricket Ground, Woolloongabba",2,6.6,New Zealand,Australia,KD Mills,MJ Guptill,MG Johnson,0,0,,,,,,,,,
351693,2008/09,2009-02-13,"Brisbane Cricket Ground, Woolloongabba",2,7.1,New Zealand,Australia,MJ Guptill,KD Mills,PM Siddle,1,0,,,,,,,,,
351693,2008/09,2009-02-13,"Brisbane Cricket Ground, Woolloongabba",2,7.2,New Zealand,Australia,KD Mills,MJ Guptill,PM Siddle,0,0,,,,,,,,,
351693,2008/09,2009-02-13,"Brisbane Cricket Ground, Woolloongabba",2,7.3,New Zealand,Australia,KD Mills,MJ Guptill,PM Siddle,0,0,,,,,,,,,
351693,2008/09,2009-02-13,"Brisbane Cricket Ground, Woolloongabba",2,7.4,New Zealand,Australia,KD Mills,MJ Guptill,PM Siddle,0,0,,,,,,,,,
351693,2008/09,2009-02-13,"Brisbane Cricket Ground, Woolloongabba",2,7.5,New Zealand,Australia,KD Mills,MJ Guptill,PM Siddle,0,0,,,,,,,,,
351693,2008/09,2009-02-13,"Brisbane Cricket Ground, Woolloongabba",2,7.6,New Zealand,Australia,KD Mills,MJ Guptill,PM Siddle,0,0,,,,,,caught,KD Mills,,
351693,2008/09,2009-02-13,"Brisbane Cricket Ground, Woolloongabba",2,8.1,New Zealand,Australia,MJ Guptill,BJ Diamanti,MG Johnson,4,0,,,,,,,,,
351693,2008/09,2009-02-13,"Brisbane Cricket Ground, Woolloongabba",2,8.2,New Zealand,Australia,MJ Guptill,BJ Diamanti,MG Johnson,1,0,,,,,,,,,
351693,2008/09,2009-02-13,"Brisbane Cricket Ground, Woolloongabba",2,8.3,New Zealand,Australia,BJ Diamanti,MJ Guptill,MG Johnson,0,1,1,,,,,,,,
351693,2008/09,2009-02-13,"Brisbane Cricket Ground, Woolloongabba",2,8.4,New Zealand,Australia,BJ Diamanti,MJ Guptill,MG Johnson,0,0,,,,,,,,,
351693,2008/09,2009-02-13,"Brisbane Cricket Ground, Woolloongabba",2,8.5,New Zealand,Australia,BJ Diamanti,MJ Guptill,MG Johnson,4,0,,,,,,,,,
351693,2008/09,2009-02-13,"Brisbane Cricket Ground, Woolloongabba",2,8.6,New Zealand,Australia,BJ Diamanti,MJ Guptill,MG Johnson,0,0,,,,,,,,,
351693,2008/09,2009-02-13,"Brisbane Cricket Ground, Woolloongabba",2,8.7,New Zealand,Australia,BJ Diamanti,MJ Guptill,MG Johnson,2,0,,,,,,,,,
351693,2008/09,2009-02-13,"Brisbane Cricket Ground, Woolloongabba",2,9.1,New Zealand,Australia,MJ Guptill,BJ Diamanti,JR Hopes,1,0,,,,,,,,,
351693,2008/09,2009-02-13,"Brisbane Cricket Ground, Woolloongabba",2,9.2,New Zealand,Australia,BJ Diamanti,MJ Guptill,JR Hopes,4,0,,,,,,,,,
351693,2008/09,2009-02-13,"Brisbane Cricket Ground, Woolloongabba",2,9.3,New Zealand,Australia,BJ Diamanti,MJ Guptill,JR Hopes,0,0,,,,,,,,,
351693,2008/09,2009-02-13,"Brisbane Cricket Ground, Woolloongabba",2,9.4,New Zealand,Australia,BJ Diamanti,MJ Guptill,JR Hopes,0,0,,,,,,,,,
351693,2008/09,2009-02-13,"Brisbane Cricket Ground, Woolloongabba",2,9.5,New Zealand,Australia,BJ Diamanti,MJ Guptill,JR Hopes,0,0,,,,,,,,,
351693,2008/09,2009-02-13,"Brisbane Cricket Ground, Woolloongabba",2,9.6,New Zealand,Australia,BJ Diamanti,MJ Guptill,JR Hopes,0,0,,,,,,,,,
351693,2008/09,2009-02-13,"Brisbane Cricket Ground, Woolloongabba",2,10.1,New Zealand,Australia,MJ Guptill,BJ Diamanti,PM Siddle,1,0,,,,,,,,,
351693,2008/09,2009-02-13,"Brisbane Cricket Ground, Woolloongabba",2,10.2,New Zealand,Australia,BJ Diamanti,MJ Guptill,PM Siddle,0,0,,,,,,,,,
351693,2008/09,2009-02-13,"Brisbane Cricket Ground, Woolloongabba",2,10.3,New Zealand,Australia,BJ Diamanti,MJ Guptill,PM Siddle,1,0,,,,,,,,,
351693,2008/09,2009-02-13,"Brisbane Cricket Ground, Woolloongabba",2,10.4,New Zealand,Australia,MJ Guptill,BJ Diamanti,PM Siddle,4,0,,,,,,,,,
351693,2008/09,2009-02-13,"Brisbane Cricket Ground, Woolloongabba",2,10.5,New Zealand,Australia,MJ Guptill,BJ Diamanti,PM Siddle,2,0,,,,,,,,,
351693,2008/09,2009-02-13,"Brisbane Cricket Ground, Woolloongabba",2,10.6,New Zealand,Australia,MJ Guptill,BJ Diamanti,PM Siddle,0,1,,,,1,,,,,
351693,2008/09,2009-02-13,"Brisbane Cricket Ground, Woolloongabba",2,11.1,New Zealand,Australia,MJ Guptill,BJ Diamanti,JR Hopes,0,0,,,,,,,,,
351693,2008/09,2009-02-13,"Brisbane Cricket Ground, Woolloongabba",2,11.2,New Zealand,Australia,MJ Guptill,BJ Diamanti,JR Hopes,1,0,,,,,,,,,
351693,2008/09,2009-02-13,"Brisbane Cricket Ground, Woolloongabba",2,11.3,New Zealand,Australia,BJ Diamanti,MJ Guptill,JR Hopes,2,0,,,,,,,,,
351693,2008/09,2009-02-13,"Brisbane Cricket Ground, Woolloongabba",2,11.4,New Zealand,Australia,BJ Diamanti,MJ Guptill,JR Hopes,4,0,,,,,,,,,
351693,2008/09,2009-02-13,"Brisbane Cricket Ground, Woolloongabba",2,11.5,New Zealand,Australia,BJ Diamanti,MJ Guptill,JR Hopes,3,0,,,,,,,,,
351693,2008/09,2009-02-13,"Brisbane Cricket Ground, Woolloongabba",2,11.6,New Zealand,Australia,MJ Guptill,BJ Diamanti,JR Hopes,0,1,1,,,,,,,,
351693,2008/09,2009-02-13,"Brisbane Cricket Ground, Woolloongabba",2,11.7,New Zealand,Australia,MJ Guptill,BJ Diamanti,JR Hopes,4,0,,,,,,,,,
351693,2008/09,2009-02-13,"Brisbane Cricket Ground, Woolloongabba",2,12.1,New Zealand,Australia,BJ Diamanti,MJ Guptill,PM Siddle,0,0,,,,,,,,,
351693,2008/09,2009-02-13,"Brisbane Cricket Ground, Woolloongabba",2,12.2,New Zealand,Australia,BJ Diamanti,MJ Guptill,PM Siddle,0,0,,,,,,,,,
351693,2008/09,2009-02-13,"Brisbane Cricket Ground, Woolloongabba",2,12.3,New Zealand,Australia,BJ Diamanti,MJ Guptill,PM Siddle,1,0,,,,,,,,,
351693,2008/09,2009-02-13,"Brisbane Cricket Ground, Woolloongabba",2,12.4,New Zealand,Australia,MJ Guptill,BJ Diamanti,PM Siddle,1,0,,,,,,,,,
351693,2008/09,2009-02-13,"Brisbane Cricket Ground, Woolloongabba",2,12.5,New Zealand,Australia,BJ Diamanti,MJ Guptill,PM Siddle,0,0,,,,,,,,,
351693,2008/09,2009-02-13,"Brisbane Cricket Ground, Woolloongabba",2,12.6,New Zealand,Australia,BJ Diamanti,MJ Guptill,PM Siddle,2,0,,,,,,,,,
351693,2008/09,2009-02-13,"Brisbane Cricket Ground, Woolloongabba",2,13.1,New Zealand,Australia,MJ Guptill,BJ Diamanti,BW Hilfenhaus,1,0,,,,,,,,,
351693,2008/09,2009-02-13,"Brisbane Cricket Ground, Woolloongabba",2,13.2,New Zealand,Australia,BJ Diamanti,MJ Guptill,BW Hilfenhaus,0,0,,,,,,,,,
351693,2008/09,2009-02-13,"Brisbane Cricket Ground, Woolloongabba",2,13.3,New Zealand,Australia,BJ Diamanti,MJ Guptill,BW Hilfenhaus,2,0,,,,,,,,,
351693,2008/09,2009-02-13,"Brisbane Cricket Ground, Woolloongabba",2,13.4,New Zealand,Australia,BJ Diamanti,MJ Guptill,BW Hilfenhaus,1,0,,,,,,,,,
351693,2008/09,2009-02-13,"Brisbane Cricket Ground, Woolloongabba",2,13.5,New Zealand,Australia,MJ Guptill,BJ Diamanti,BW Hilfenhaus,0,0,,,,,,,,,
351693,2008/09,2009-02-13,"Brisbane Cricket Ground, Woolloongabba",2,13.6,New Zealand,Australia,MJ Guptill,BJ Diamanti,BW Hilfenhaus,1,0,,,,,,,,,
