match_id,season,start_date,venue,innings,ball,batting_team,bowling_team,striker,non_striker,bowler,runs_off_bat,extras,wides,noballs,byes,legbyes,penalty,wicket_type,player_dismissed,other_wicket_type,other_player_dismissed
352669,2008/09,2009-04-03,"Beausejour Stadium, Gros Islet",1,0.1,England,West Indies,AJ Strauss,RS Bopara,FH Edwards,0,1,1,,,,,,,,
352669,2008/09,2009-04-03,"Beausejour Stadium, Gros Islet",1,0.2,England,West Indies,AJ Strauss,RS Bopara,FH Edwards,2,0,,,,,,,,,
352669,2008/09,2009-04-03,"Beausejour Stadium, Gros Islet",1,0.3,England,West Indies,AJ Strauss,RS Bopara,FH Edwards,0,0,,,,,,,,,
352669,2008/09,2009-04-03,"Beausejour Stadium, Gros Islet",1,0.4,England,West Indies,AJ Strauss,RS Bopara,FH Edwards,1,0,,,,,,,,,
352669,2008/09,2009-04-03,"Beausejour Stadium, Gros Islet",1,0.5,England,West Indies,RS Bopara,AJ Strauss,FH Edwards,0,0,,,,,,,,,
352669,2008/09,2009-04-03,"Beausejour Stadium, Gros Islet",1,0.6,England,West Indies,RS Bopara,AJ Strauss,FH Edwards,0,0,,,,,,,,,
352669,2008/09,2009-04-03,"Beausejour Stadium, Gros Islet",1,0.7,England,West Indies,RS Bopara,AJ Strauss,FH Edwards,4,0,,,,,,,,,
352669,2008/09,2009-04-03,"Beausejour Stadium, Gros Islet",1,1.1,England,West Indies,AJ Strauss,RS Bopara,R Rampaul,0,0,,,,,,caught,AJ Strauss,,
352669,2008/09,2009-04-03,"Beausejour Stadium, Gros Islet",1,1.2,England,West Indies,KP Pietersen,RS Bopara,R Rampaul,0,0,,,,,,,,,
352669,2008/09,2009-04-03,"Beausejour Stadium, Gros Islet",1,1.3,England,West Indies,KP Pietersen,RS Bopara,R Rampaul,0,0,,,,,,,,,
352669,2008/09,2009-04-03,"Beausejour Stadium, Gros Islet",1,1.4,England,West Indies,KP Pietersen,RS Bopara,R Rampaul,0,0,,,,,,,,,
352669,2008/09,2009-04-03,"Beausejour Stadium, Gros Islet",1,1.5,England,West Indies,KP Pietersen,RS Bopara,R Rampaul,0,0,,,,,,,,,
352669,2008/09,2009-04-03,"Beausejour Stadium, Gros Islet",1,1.6,England,West Indies,KP Pietersen,RS Bopara,R Rampaul,2,0,,,,,,,,,
352669,2008/09,2009-04-03,"Beausejour Stadium, Gros Islet",1,2.1,England,West Indies,RS Bopara,KP Pietersen,FH Edwards,0,0,,,,,,,,,
352669,2008/09,2009-04-03,"Beausejour Stadium, Gros Islet",1,2.2,England,West Indies,RS Bopara,KP Pietersen,FH Edwards,1,0,,,,,,,,,
352669,2008/09,2009-04-03,"Beausejour Stadium, Gros Islet",1,2.3,England,West Indies,KP Pietersen,RS Bopara,FH Edwards,0,0,,,,,,,,,
352669,2008/09,2009-04-03,"Beausejour Stadium, Gros Islet",1,2.4,England,West Indies,KP Pietersen,RS Bopara,FH Edwards,0,0,,,,,,,,,
352669,2008/09,2009-04-03,"Beausejour Stadium, Gros Islet",1,2.5,England,West Indies,KP Pietersen,RS Bopara,FH Edwards,4,0,,,,,,,,,
352669,2008/09,2009-04-03,"Beausejour Stadium, Gros Islet",1,2.6,England,West Indies,KP Pietersen,RS Bopara,FH Edwards,4,0,,,,,,,,,
352669,2008/09,2009-04-03,"Beausejour Stadium, Gros Islet",1,3.1,England,West Indies,RS Bopara,KP Pietersen,R Rampaul,0,0,,,,,,,,,
352669,2008/09,2009-04-03,"Beausejour Stadium, Gros Islet",1,3.2,England,West Indies,RS Bopara,KP Pietersen,R Rampaul,0,1,1,,,,,,,,
352669,2008/09,2009-04-03,"Beausejour Stadium, Gros Islet",1,3.3,England,West Indies,RS Bopara,KP Pietersen,R Rampaul,0,0,,,,,,,,,
352669,2008/09,2009-04-03,"Beausejour Stadium, Gros Islet",1,3.4,England,West Indies,RS Bopara,KP Pietersen,R Rampaul,1,0,,,,,,,,,
352669,2008/09,2009-04-03,"Beausejour Stadium, Gros Islet",1,3.5,England,West Indies,KP Pietersen,RS Bopara,R Rampaul,1,0,,,,,,,,,
352669,2008/09,2009-04-03,"Beausejour Stadium, Gros Islet",1,3.6,England,West Indies,RS Bopara,KP Pietersen,R Rampaul,0,0,,,,,,,,,
352669,2008/09,2009-04-03,"Beausejour Stadium, Gros Islet",1,3.7,England,West Indies,RS Bopara,KP Pietersen,R Rampaul,0,0,,,,,,,,,
352669,2008/09,2009-04-03,"Beausejour Stadium, Gros Islet",1,4.1,England,West Indies,KP Pietersen,RS Bopara,DJ Bravo,1,0,,,,,,,,,
352669,2008/09,2009-04-03,"Beausejour Stadium, Gros Islet",1,4.2,England,West Indies,RS Bopara,KP Pietersen,DJ Bravo,1,0,,,,,,,,,
352669,2008/09,2009-04-03,"Beausejour Stadium, Gros Islet",1,4.3,England,West Indies,KP Pietersen,RS Bopara,DJ Bravo,0,0,,,,,,,,,
352669,2008/09,2009-04-03,"Beausejour Stadium, Gros Islet",1,4.4,England,West Indies,KP Pietersen,RS Bopara,DJ Bravo,2,0,,,,,,,,,
352669,2008/09,2009-04-03,"Beausejour Stadium, Gros Islet",1,4.5,England,West Indies,KP Pietersen,RS Bopara,DJ Bravo,0,1,1,,,,,,,,
352669,2008/09,2009-04-03,"Beausejour Stadium, Gros Islet",1,4.6,England,West Indies,KP Pietersen,RS Bopara,DJ Bravo,0,0,,,,,,,,,
352669,2008/09,2009-04-03,"Beausejour Stadium, Gros Islet",1,4.7,England,West Indies,KP Pietersen,RS Bopara,DJ Bravo,2,0,,,,,,,,,
352669,2008/09,2009-04-03,"Beausejour Stadium, Gros Islet",1,5.1,England,West Indies,RS Bopara,KP Pietersen,R Rampaul,0,0,,,,,,,,,
352669,2008/09,2009-04-03,"Beausejour Stadium, Gros Islet",1,5.2,England,West Indies,RS Bopara,KP Pietersen,R Rampaul,0,0,,,,,,,,,
352669,2008/09,2009-04-03,"Beausejour Stadium, Gros Islet",1,5.3,England,West Indies,RS Bopara,KP Pietersen,R Rampaul,4,0,,,,,,,,,
352669,2008/09,2009-04-03,"Beausejour Stadium, Gros Islet",1,5.4,England,West Indies,RS Bopara,KP Pietersen,R Rampaul,1,0,,,,,,,,,
352669,2008/09,2009-04-03,"Beausejour Stadium, Gros Islet",1,5.5,England,West Indies,KP Pietersen,RS Bopara,R Rampaul,0,0,,,,,,,,,
352669,2008/09,2009-04-03,"Beausejour Stadium, Gros Islet",1,5.6,England,West Indies,KP Pietersen,RS Bopara,R Rampaul,1,0,,,,,,,,,
352669,2008/09,2009-04-03,"Beausejour Stadium, Gros Islet",1,6.1,England,West Indies,KP Pietersen,RS Bopara,DJ Bravo,0,0,,,,,,,,,
352669,2008/09,2009-04-03,"Beausejour Stadium, Gros Islet",1,6.2,England,West Indies,KP Pietersen,RS Bopara,DJ Bravo,0,0,,,,,,,,,
352669,2008/09,2009-04-03,"Beausejour Stadium, Gros Islet",1,6.3,England,West Indies,KP Pietersen,RS Bopara,DJ Bravo,0,0,,,,,,,,,
352669,2008/09,2009-04-03,"Beausejour Stadium, Gros Islet",1,6.4,England,West Indies,KP Pietersen,RS Bopara,DJ Bravo,1,0,,,,,,,,,
352669,2008/09,2009-04-03,"Beausejour Stadium, Gros Islet",1,6.5,England,West Indies,RS Bopara,KP Pietersen,DJ Bravo,1,0,,,,,,,,,
352669,2008/09,2009-04-03,"Beausejour Stadium, Gros Islet",1,6.6,England,West Indies,KP Pietersen,RS Bopara,DJ Bravo,1,0,,,,,,,,,
352669,2008/09,2009-04-03,"Beausejour Stadium, Gros Islet",1,7.1,England,West Indies,KP Pietersen,RS Bopara,R Rampaul,1,0,,,,,,,,,
352669,2008/09,2009-04-03,"Beausejour Stadium, Gros Islet",1,7.2,England,West Indies,RS Bopara,KP Pietersen,R Rampaul,0,0,,,,,,,,,
352669,2008/09,2009-04-03,"Beausejour Stadium, Gros Islet",1,7.3,England,West Indies,RS Bopara,KP Pietersen,R Rampaul,0,0,,,,,,,,,
352669,2008/09,2009-04-03,"Beausejour Stadium, Gros Islet",1,7.4,England,West Indies,RS Bopara,KP Pietersen,R Rampaul,0,0,,,,,,,,,
352669,2008/09,2009-04-03,"Beausejour Stadium, Gros Islet",1,7.5,England,West Indies,RS Bopara,KP Pietersen,R Rampaul,1,0,,,,,,,,,
352669,2008/09,2009-04-03,"Beausejour Stadium, Gros Islet",1,7.6,England,West Indies,KP Pietersen,RS Bopara,R Rampaul,6,0,,,,,,,,,
352669,2008/09,2009-04-03,"Beausejour Stadium, Gros Islet",1,8.1,England,West Indies,RS Bopara,KP Pietersen,DJ Bravo,0,0,,,,,,,,,
352669,2008/09,2009-04-03,"Beausejour Stadium, Gros Islet",1,8.2,England,West Indies,RS Bopara,KP Pietersen,DJ Bravo,0,0,,,,,,,,,
352669,2008/09,2009-04-03,"Beausejour Stadium, Gros Islet",1,8.3,England,West Indies,RS Bopara,KP Pietersen,DJ Bravo,1,0,,,,,,,,,
352669,2008/09,2009-04-03,"Beausejour Stadium, Gros Islet",1,8.4,England,West Indies,KP Pietersen,RS Bopara,DJ Bravo,0,1,,,,1,,,,,
352669,2008/09,2009-04-03,"Beausejour Stadium, Gros Islet",1,8.5,England,West Indies,RS Bopara,KP Pietersen,DJ Bravo,4,0,,,,,,,,,
352669,2008/09,2009-04-03,"Beausejour Stadium, Gros Islet",1,8.6,England,West Indies,RS Bopara,KP Pietersen,DJ Bravo,0,0,,,,,,,,,
352669,2008/09,2009-04-03,"Beausejour Stadium, Gros Islet",1,9.1,England,West Indies,KP Pietersen,RS Bopara,KA Pollard,1,0,,,,,,,,,
352669,2008/09,2009-04-03,"Beausejour Stadium, Gros Islet",1,9.2,England,West Indies,RS Bopara,KP Pietersen,KA Pollard,1,0,,,,,,,,,
352669,2008/09,2009-04-03,"Beausejour Stadium, Gros Islet",1,9.3,England,West Indies,KP Pietersen,RS Bopara,KA Pollard,4,0,,,,,,,,,
352669,2008/09,2009-04-03,"Beausejour Stadium, Gros Islet",1,9.4,England,West Indies,KP Pietersen,RS Bopara,KA Pollard,1,0,,,,,,,,,
352669,2008/09,2009-04-03,"Beausejour Stadium, Gros Islet",1,9.5,England,West Indies,RS Bopara,KP Pietersen,KA Pollard,1,0,,,,,,,,,
352669,2008/09,2009-04-03,"Beausejour Stadium, Gros Islet",1,9.6,England,West Indies,KP Pietersen,RS Bopara,KA Pollard,1,0,,,,,,,,,
352669,2008/09,2009-04-03,"Beausejour Stadium, Gros Islet",1,10.1,England,West Indies,KP Pietersen,RS Bopara,DJG Sammy,1,0,,,,,,,,,
352669,2008/09,2009-04-03,"Beausejour Stadium, Gros Islet",1,10.2,England,West Indies,RS Bopara,KP Pietersen,DJG Sammy,0,0,,,,,,,,,
352669,2008/09,2009-04-03,"Beausejour Stadium, Gros Islet",1,10.3,England,West Indies,RS Bopara,KP Pietersen,DJG Sammy,0,0,,,,,,,,,
352669,2008/09,2009-04-03,"Beausejour Stadium, Gros Islet",1,10.4,England,West Indies,RS Bopara,KP Pietersen,DJG Sammy,1,0,,,,,,,,,
352669,2008/09,2009-04-03,"Beausejour Stadium, Gros Islet",1,10.5,England,West Indies,KP Pietersen,RS Bopara,DJG Sammy,1,0,,,,,,,,,
352669,2008/09,2009-04-03,"Beausejour Stadium, Gros Islet",1,10.6,England,West Indies,RS Bopara,KP Pietersen,DJG Sammy,0,0,,,,,,,,,
352669,2008/09,2009-04-03,"Beausejour Stadium, Gros Islet",1,11.1,England,West Indies,KP Pietersen,RS Bopara,SJ Benn,0,0,,,,,,,,,
352669,2008/09,2009-04-03,"Beausejour Stadium, Gros Islet",1,11.2,England,West Indies,KP Pietersen,RS Bopara,SJ Benn,0,0,,,,,,,,,
352669,2008/09,2009-04-03,"Beausejour Stadium, Gros Islet",1,11.3,England,West Indies,KP Pietersen,RS Bopara,SJ Benn,1,0,,,,,,,,,
352669,2008/09,2009-04-03,"Beausejour Stadium, Gros Islet",1,11.4,England,West Indies,RS Bopara,KP Pietersen,SJ Benn,1,0,,,,,,,,,
352669,2008/09,2009-04-03,"Beausejour Stadium, Gros Islet",1,11.5,England,West Indies,KP Pietersen,RS Bopara,SJ Benn,0,0,,,,,,,,,
352669,2008/09,2009-04-03,"Beausejour Stadium, Gros Islet",1,11.6,England,West Indies,KP Pietersen,RS Bopara,SJ Benn,1,0,,,,,,,,,
352669,2008/09,2009-04-03,"Beausejour Stadium, Gros Islet",1,12.1,England,West Indies,KP Pietersen,RS Bopara,DJG Sammy,1,0,,,,,,,,,
352669,2008/09,2009-04-03,"Beausejour Stadium, Gros Islet",1,12.2,England,West Indies,RS Bopara,KP Pietersen,DJG Sammy,0,0,,,,,,,,,
352669,2008/09,2009-04-03,"Beausejour Stadium, Gros Islet",1,12.3,England,West Indies,RS Bopara,KP Pietersen,DJG Sammy,1,0,,,,,,,,,
352669,2008/09,2009-04-03,"Beausejour Stadium, Gros Islet",1,12.4,England,West Indies,KP Pietersen,RS Bopara,DJG Sammy,0,0,,,,,,,,,
352669,2008/09,2009-04-03,"Beausejour Stadium, Gros Islet",1,12.5,England,West Indies,KP Pietersen,RS Bopara,DJG Sammy,1,0,,,,,,,,,
352669,2008/09,2009-04-03,"Beausejour Stadium, Gros Islet",1,12.6,England,West Indies,RS Bopara,KP Pietersen,DJG Sammy,6,0,,,,,,,,,
352669,2008/09,2009-04-03,"Beausejour Stadium, Gros Islet",1,13.1,England,West Indies,KP Pietersen,RS Bopara,SJ Benn,4,0,,,,,,,,,
352669,2008/09,2009-04-03,"Beausejour Stadium, Gros Islet",1,13.2,England,West Indies,KP Pietersen,RS Bopara,SJ Benn,2,0,,,,,,,,,
352669,2008/09,2009-04-03,"Beausejour Stadium, Gros Islet",1,13.3,England,West Indies,KP Pietersen,RS Bopara,SJ Benn,1,0,,,,,,,,,
352669,2008/09,2009-04-03,"Beausejour Stadium, Gros Islet",1,13.4,England,West Indies,RS Bopara,KP Pietersen,SJ Benn,1,0,,,,,,,,,
352669,2008/09,2009-04-03,"Beausejour Stadium, Gros Islet",1,13.5,England,West Indies,KP Pietersen,RS Bopara,SJ Benn,0,0,,,,,,,,,
352669,2008/09,2009-04-03,"Beausejour Stadium, Gros Islet",1,13.6,England,West Indies,KP Pietersen,RS Bopara,SJ Benn,1,0,,,,,,,,,
352669,2008/09,2009-04-03,"Beausejour Stadium, Gros Islet",1,14.1,England,West Indies,KP Pietersen,RS Bopara,DJG Sammy,0,0,,,,,,,,,
352669,2008/09,2009-04-03,"Beausejour Stadium, Gros Islet",1,14.2,England,West Indies,KP Pietersen,RS Bopara,DJG Sammy,0,0,,,,,,,,,
352669,2008/09,2009-04-03,"Beausejour Stadium, Gros Islet",1,14.3,England,West Indies,KP Pietersen,RS Bopara,DJG Sammy,1,0,,,,,,,,,
352669,2008/09,2009-04-03,"Beausejour Stadium, Gros Islet",1,14.4,England,West Indies,RS Bopara,KP Pietersen,DJG Sammy,0,0,,,,,,,,,
352669,2008/09,2009-04-03,"Beausejour Stadium, Gros Islet",1,14.5,England,West Indies,RS Bopara,KP Pietersen,DJG Sammy,0,0,,,,,,,,,
352669,2008/09,2009-04-03,"Beausejour Stadium, Gros Islet",1,14.6,England,West Indies,RS Bopara,KP Pietersen,DJG Sammy,1,0,,,,,,,,,
352669,2008/09,2009-04-03,"Beausejour Stadium, Gros Islet",1,15.1,England,West Indies,RS Bopara,KP Pietersen,SJ Benn,1,0,,,,,,,,,
352669,2008/09,2009-04-03,"Beausejour Stadium, Gros Islet",1,15.2,England,West Indies,KP Pietersen,RS Bopara,SJ Benn,0,0,,,,,,caught,KP Pietersen,,
352669,2008/09,2009-04-03,"Beausejour Stadium, Gros Islet",1,15.3,England,West Indies,OA Shah,RS Bopara,SJ Benn,0,0,,,,,,,,,
352669,2008/09,2009-04-03,"Beausejour Stadium, Gros Islet",1,15.4,England,West Indies,OA Shah,RS Bopara,SJ Benn,1,0,,,,,,,,,
352669,2008/09,2009-04-03,"Beausejour Stadium, Gros Islet",1,15.5,England,West Indies,RS Bopara,OA Shah,SJ Benn,0,0,,,,,,,,,
352669,2008/09,2009-04-03,"Beausejour Stadium, Gros Islet",1,15.6,England,West Indies,RS Bopara,OA Shah,SJ Benn,0,0,,,,,,,,,
352669,2008/09,2009-04-03,"Beausejour Stadium, Gros Islet",1,16.1,England,West Indies,OA Shah,RS Bopara,DJG Sammy,0,0,,,,,,,,,
352669,2008/09,2009-04-03,"Beausejour Stadium, Gros Islet",1,16.2,England,West Indies,OA Shah,RS Bopara,DJG Sammy,0,0,,,,,,,,,
352669,2008/09,2009-04-03,"Beausejour Stadium, Gros Islet",1,16.3,England,West Indies,OA Shah,RS Bopara,DJG Sammy,0,0,,,,,,,,,
352669,2008/09,2009-04-03,"Beausejour Stadium, Gros Islet",1,16.4,England,West Indies,OA Shah,RS Bopara,DJG Sammy,1,0,,,,,,,,,
352669,2008/09,2009-04-03,"Beausejour Stadium, Gros Islet",1,16.5,England,West Indies,RS Bopara,OA Shah,DJG Sammy,6,0,,,,,,,,,
352669,2008/09,2009-04-03,"Beausejour Stadium, Gros Islet",1,16.6,England,West Indies,RS Bopara,OA Shah,DJG Sammy,2,0,,,,,,,,,
352669,2008/09,2009-04-03,"Beausejour Stadium, Gros Islet",1,17.1,England,West Indies,OA Shah,RS Bopara,SJ Benn,1,0,,,,,,,,,
352669,2008/09,2009-04-03,"Beausejour Stadium, Gros Islet",1,17.2,England,West Indies,RS Bopara,OA Shah,SJ Benn,0,1,,,,1,,,,,
352669,2008/09,2009-04-03,"Beausejour Stadium, Gros Islet",1,17.3,England,West Indies,OA Shah,RS Bopara,SJ Benn,1,0,,,,,,,,,
352669,2008/09,2009-04-03,"Beausejour Stadium, Gros Islet",1,17.4,England,West Indies,RS Bopara,OA Shah,SJ Benn,2,0,,,,,,,,,
352669,2008/09,2009-04-03,"Beausejour Stadium, Gros Islet",1,17.5,England,West Indies,RS Bopara,OA Shah,SJ Benn,0,0,,,,,,,,,
352669,2008/09,2009-04-03,"Beausejour Stadium, Gros Islet",1,17.6,England,West Indies,RS Bopara,OA Shah,SJ Benn,1,0,,,,,,,,,
352669,2008/09,2009-04-03,"Beausejour Stadium, Gros Islet",1,18.1,England,West Indies,RS Bopara,OA Shah,KA Pollard,0,0,,,,,,caught,RS Bopara,,
352669,2008/09,2009-04-03,"Beausejour Stadium, Gros Islet",1,18.2,England,West Indies,OA Shah,PD Collingwood,KA Pollard,1,0,,,,,,,,,
352669,2008/09,2009-04-03,"Beausejour Stadium, Gros Islet",1,18.3,England,West Indies,PD Collingwood,OA Shah,KA Pollard,1,0,,,,,,,,,
352669,2008/09,2009-04-03,"Beausejour Stadium, Gros Islet",1,18.4,England,West Indies,OA Shah,PD Collingwood,KA Pollard,1,0,,,,,,,,,
352669,2008/09,2009-04-03,"Beausejour Stadium, Gros Islet",1,18.5,England,West Indies,PD Collingwood,OA Shah,KA Pollard,0,0,,,,,,,,,
352669,2008/09,2009-04-03,"Beausejour Stadium, Gros Islet",1,18.6,England,West Indies,PD Collingwood,OA Shah,KA Pollard,0,0,,,,,,,,,
352669,2008/09,2009-04-03,"Beausejour Stadium, Gros Islet",1,19.1,England,West Indies,OA Shah,PD Collingwood,SJ Benn,0,0,,,,,,,,,
352669,2008/09,2009-04-03,"Beausejour Stadium, Gros Islet",1,19.2,England,West Indies,OA Shah,PD Collingwood,SJ Benn,0,0,,,,,,caught,OA Shah,,
352669,2008/09,2009-04-03,"Beausejour Stadium, Gros Islet",1,19.3,England,West Indies,A Flintoff,PD Collingwood,SJ Benn,0,0,,,,,,,,,
352669,2008/09,2009-04-03,"Beausejour Stadium, Gros Islet",1,19.4,England,West Indies,A Flintoff,PD Collingwood,SJ Benn,1,0,,,,,,,,,
352669,2008/09,2009-04-03,"Beausejour Stadium, Gros Islet",1,19.5,England,West Indies,PD Collingwood,A Flintoff,SJ Benn,1,0,,,,,,,,,
352669,2008/09,2009-04-03,"Beausejour Stadium, Gros Islet",1,19.6,England,West Indies,A Flintoff,PD Collingwood,SJ Benn,1,0,,,,,,,,,
352669,2008/09,2009-04-03,"Beausejour Stadium, Gros Islet",1,20.1,England,West Indies,A Flintoff,PD Collingwood,KA Pollard,1,0,,,,,,,,,
352669,2008/09,2009-04-03,"Beausejour Stadium, Gros Islet",1,20.2,England,West Indies,PD Collingwood,A Flintoff,KA Pollard,0,0,,,,,,,,,
352669,2008/09,2009-04-03,"Beausejour Stadium, Gros Islet",1,20.3,England,West Indies,PD Collingwood,A Flintoff,KA Pollard,1,0,,,,,,,,,
352669,2008/09,2009-04-03,"Beausejour Stadium, Gros Islet",1,20.4,England,West Indies,A Flintoff,PD Collingwood,KA Pollard,0,0,,,,,,,,,
352669,2008/09,2009-04-03,"Beausejour Stadium, Gros Islet",1,20.5,England,West Indies,A Flintoff,PD Collingwood,KA Pollard,0,0,,,,,,caught,A Flintoff,,
352669,2008/09,2009-04-03,"Beausejour Stadium, Gros Islet",1,20.6,England,West Indies,MJ Prior,PD Collingwood,KA Pollard,0,0,,,,,,,,,
352669,2008/09,2009-04-03,"Beausejour Stadium, Gros Islet",1,21.1,England,West Indies,PD Collingwood,MJ Prior,SJ Benn,1,0,,,,,,,,,
352669,2008/09,2009-04-03,"Beausejour Stadium, Gros Islet",1,21.2,England,West Indies,MJ Prior,PD Collingwood,SJ Benn,0,0,,,,,,,,,
352669,2008/09,2009-04-03,"Beausejour Stadium, Gros Islet",1,21.3,England,West Indies,MJ Prior,PD Collingwood,SJ Benn,0,0,,,,,,,,,
352669,2008/09,2009-04-03,"Beausejour Stadium, Gros Islet",1,21.4,England,West Indies,MJ Prior,PD Collingwood,SJ Benn,0,0,,,,,,,,,
352669,2008/09,2009-04-03,"Beausejour Stadium, Gros Islet",1,21.5,England,West Indies,MJ Prior,PD Collingwood,SJ Benn,0,0,,,,,,,,,
352669,2008/09,2009-04-03,"Beausejour Stadium, Gros Islet",1,21.6,England,West Indies,MJ Prior,PD Collingwood,SJ Benn,0,0,,,,,,,,,
352669,2008/09,2009-04-03,"Beausejour Stadium, Gros Islet",1,22.1,England,West Indies,PD Collingwood,MJ Prior,KA Pollard,2,0,,,,,,,,,
352669,2008/09,2009-04-03,"Beausejour Stadium, Gros Islet",1,22.2,England,West Indies,PD Collingwood,MJ Prior,KA Pollard,0,0,,,,,,,,,
352669,2008/09,2009-04-03,"Beausejour Stadium, Gros Islet",1,22.3,England,West Indies,PD Collingwood,MJ Prior,KA Pollard,0,0,,,,,,,,,
352669,2008/09,2009-04-03,"Beausejour Stadium, Gros Islet",1,22.4,England,West Indies,PD Collingwood,MJ Prior,KA Pollard,0,0,,,,,,,,,
352669,2008/09,2009-04-03,"Beausejour Stadium, Gros Islet",1,22.5,England,West Indies,PD Collingwood,MJ Prior,KA Pollard,1,0,,,,,,,,,
352669,2008/09,2009-04-03,"Beausejour Stadium, Gros Islet",1,22.6,England,West Indies,MJ Prior,PD Collingwood,KA Pollard,0,0,,,,,,,,,
352669,2008/09,2009-04-03,"Beausejour Stadium, Gros Islet",1,23.1,England,West Indies,PD Collingwood,MJ Prior,CH Gayle,0,0,,,,,,,,,
352669,2008/09,2009-04-03,"Beausejour Stadium, Gros Islet",1,23.2,England,West Indies,PD Collingwood,MJ Prior,CH Gayle,1,0,,,,,,,,,
352669,2008/09,2009-04-03,"Beausejour Stadium, Gros Islet",1,23.3,England,West Indies,MJ Prior,PD Collingwood,CH Gayle,1,0,,,,,,,,,
352669,2008/09,2009-04-03,"Beausejour Stadium, Gros Islet",1,23.4,England,West Indies,PD Collingwood,MJ Prior,CH Gayle,0,0,,,,,,,,,
352669,2008/09,2009-04-03,"Beausejour Stadium, Gros Islet",1,23.5,England,West Indies,PD Collingwood,MJ Prior,CH Gayle,0,0,,,,,,,,,
352669,2008/09,2009-04-03,"Beausejour Stadium, Gros Islet",1,23.6,England,West Indies,PD Collingwood,MJ Prior,CH Gayle,1,0,,,,,,,,,
352669,2008/09,2009-04-03,"Beausejour Stadium, Gros Islet",1,24.1,England,West Indies,PD Collingwood,MJ Prior,KA Pollard,4,0,,,,,,,,,
352669,2008/09,2009-04-03,"Beausejour Stadium, Gros Islet",1,24.2,England,West Indies,PD Collingwood,MJ Prior,KA Pollard,1,0,,,,,,,,,
352669,2008/09,2009-04-03,"Beausejour Stadium, Gros Islet",1,24.3,England,West Indies,MJ Prior,PD Collingwood,KA Pollard,0,0,,,,,,,,,
352669,2008/09,2009-04-03,"Beausejour Stadium, Gros Islet",1,24.4,England,West Indies,MJ Prior,PD Collingwood,KA Pollard,1,0,,,,,,,,,
352669,2008/09,2009-04-03,"Beausejour Stadium, Gros Islet",1,24.5,England,West Indies,PD Collingwood,MJ Prior,KA Pollard,2,0,,,,,,,,,
352669,2008/09,2009-04-03,"Beausejour Stadium, Gros Islet",1,24.6,England,West Indies,PD Collingwood,MJ Prior,KA Pollard,6,0,,,,,,,,,
352669,2008/09,2009-04-03,"Beausejour Stadium, Gros Islet",1,25.1,England,West Indies,MJ Prior,PD Collingwood,DJ Bravo,0,1,,1,,,,,,,
352669,2008/09,2009-04-03,"Beausejour Stadium, Gros Islet",1,25.2,England,West Indies,MJ Prior,PD Collingwood,DJ Bravo,0,0,,,,,,,,,
352669,2008/09,2009-04-03,"Beausejour Stadium, Gros Islet",1,25.3,England,West Indies,MJ Prior,PD Collingwood,DJ Bravo,1,0,,,,,,,,,
352669,2008/09,2009-04-03,"Beausejour Stadium, Gros Islet",1,25.4,England,West Indies,PD Collingwood,MJ Prior,DJ Bravo,1,0,,,,,,,,,
352669,2008/09,2009-04-03,"Beausejour Stadium, Gros Islet",1,25.5,England,West Indies,MJ Prior,PD Collingwood,DJ Bravo,4,0,,,,,,,,,
352669,2008/09,2009-04-03,"Beausejour Stadium, Gros Islet",1,25.6,England,West Indies,MJ Prior,PD Collingwood,DJ Bravo,2,0,,,,,,,,,
352669,2008/09,2009-04-03,"Beausejour Stadium, Gros Islet",1,25.7,England,West Indies,MJ Prior,PD Collingwood,DJ Bravo,0,0,,,,,,,,,
352669,2008/09,2009-04-03,"Beausejour Stadium, Gros Islet",1,26.1,England,West Indies,PD Collingwood,MJ Prior,DJG Sammy,1,0,,,,,,,,,
352669,2008/09,2009-04-03,"Beausejour Stadium, Gros Islet",1,26.2,England,West Indies,MJ Prior,PD Collingwood,DJG Sammy,1,0,,,,,,,,,
352669,2008/09,2009-04-03,"Beausejour Stadium, Gros Islet",1,26.3,England,West Indies,PD Collingwood,MJ Prior,DJG Sammy,1,0,,,,,,,,,
352669,2008/09,2009-04-03,"Beausejour Stadium, Gros Islet",1,26.4,England,West Indies,MJ Prior,PD Collingwood,DJG Sammy,0,1,1,,,,,,,,
352669,2008/09,2009-04-03,"Beausejour Stadium, Gros Islet",1,26.5,England,West Indies,MJ Prior,PD Collingwood,DJG Sammy,0,0,,,,,,,,,
352669,2008/09,2009-04-03,"Beausejour Stadium, Gros Islet",1,26.6,England,West Indies,MJ Prior,PD Collingwood,DJG Sammy,2,0,,,,,,,,,
352669,2008/09,2009-04-03,"Beausejour Stadium, Gros Islet",1,26.7,England,West Indies,MJ Prior,PD Collingwood,DJG Sammy,4,0,,,,,,,,,
352669,2008/09,2009-04-03,"Beausejour Stadium, Gros Islet",1,27.1,England,West Indies,PD Collingwood,MJ Prior,DJ Bravo,0,0,,,,,,,,,
352669,2008/09,2009-04-03,"Beausejour Stadium, Gros Islet",1,27.2,England,West Indies,PD Collingwood,MJ Prior,DJ Bravo,1,0,,,,,,,,,
352669,2008/09,2009-04-03,"Beausejour Stadium, Gros Islet",1,27.3,England,West Indies,MJ Prior,PD Collingwood,DJ Bravo,1,0,,,,,,,,,
352669,2008/09,2009-04-03,"Beausejour Stadium, Gros Islet",1,27.4,England,West Indies,PD Collingwood,MJ Prior,DJ Bravo,3,0,,,,,,,,,
352669,2008/09,2009-04-03,"Beausejour Stadium, Gros Islet",1,27.5,England,West Indies,MJ Prior,PD Collingwood,DJ Bravo,1,0,,,,,,,,,
352669,2008/09,2009-04-03,"Beausejour Stadium, Gros Islet",1,27.6,England,West Indies,PD Collingwood,MJ Prior,DJ Bravo,1,0,,,,,,,,,
352669,2008/09,2009-04-03,"Beausejour Stadium, Gros Islet",1,28.1,England,West Indies,PD Collingwood,MJ Prior,DJG Sammy,4,0,,,,,,,,,
352669,2008/09,2009-04-03,"Beausejour Stadium, Gros Islet",1,28.2,England,West Indies,PD Collingwood,MJ Prior,DJG Sammy,1,0,,,,,,,,,
352669,2008/09,2009-04-03,"Beausejour Stadium, Gros Islet",1,28.3,England,West Indies,MJ Prior,PD Collingwood,DJG Sammy,1,0,,,,,,,,,
352669,2008/09,2009-04-03,"Beausejour Stadium, Gros Islet",1,28.4,England,West Indies,PD Collingwood,MJ Prior,DJG Sammy,0,1,,,,1,,,,,
352669,2008/09,2009-04-03,"Beausejour Stadium, Gros Islet",1,28.5,England,West Indies,MJ Prior,PD Collingwood,DJG Sammy,4,0,,,,,,,,,
352669,2008/09,2009-04-03,"Beausejour Stadium, Gros Islet",1,28.6,England,West Indies,MJ Prior,PD Collingwood,DJG Sammy,2,0,,,,,,,,,
352669,2008/09,2009-04-03,"Beausejour Stadium, Gros Islet",2,0.1,West Indies,England,CH Gayle,LMP Simmons,JM Anderson,0,0,,,,,,,,,
352669,2008/09,2009-04-03,"Beausejour Stadium, Gros Islet",2,0.2,West Indies,England,CH Gayle,LMP Simmons,JM Anderson,0,1,1,,,,,,,,
352669,2008/09,2009-04-03,"Beausejour Stadium, Gros Islet",2,0.3,West Indies,England,CH Gayle,LMP Simmons,JM Anderson,0,0,,,,,,,,,
352669,2008/09,2009-04-03,"Beausejour Stadium, Gros Islet",2,0.4,West Indies,England,CH Gayle,LMP Simmons,JM Anderson,0,0,,,,,,caught,CH Gayle,,
352669,2008/09,2009-04-03,"Beausejour Stadium, Gros Islet",2,0.5,West Indies,England,RR Sarwan,LMP Simmons,JM Anderson,0,0,,,,,,,,,
352669,2008/09,2009-04-03,"Beausejour Stadium, Gros Islet",2,0.6,West Indies,England,RR Sarwan,LMP Simmons,JM Anderson,1,0,,,,,,,,,
352669,2008/09,2009-04-03,"Beausejour Stadium, Gros Islet",2,0.7,West Indies,England,LMP Simmons,RR Sarwan,JM Anderson,0,0,,,,,,,,,
352669,2008/09,2009-04-03,"Beausejour Stadium, Gros Islet",2,1.1,West Indies,England,RR Sarwan,LMP Simmons,SCJ Broad,0,0,,,,,,,,,
352669,2008/09,2009-04-03,"Beausejour Stadium, Gros Islet",2,1.2,West Indies,England,RR Sarwan,LMP Simmons,SCJ Broad,0,0,,,,,,,,,
352669,2008/09,2009-04-03,"Beausejour Stadium, Gros Islet",2,1.3,West Indies,England,RR Sarwan,LMP Simmons,SCJ Broad,1,0,,,,,,,,,
352669,2008/09,2009-04-03,"Beausejour Stadium, Gros Islet",2,1.4,West Indies,England,LMP Simmons,RR Sarwan,SCJ Broad,1,0,,,,,,,,,
352669,2008/09,2009-04-03,"Beausejour Stadium, Gros Islet",2,1.5,West Indies,England,RR Sarwan,LMP Simmons,SCJ Broad,0,0,,,,,,,,,
352669,2008/09,2009-04-03,"Beausejour Stadium, Gros Islet",2,1.6,West Indies,England,RR Sarwan,LMP Simmons,SCJ Broad,0,0,,,,,,,,,
352669,2008/09,2009-04-03,"Beausejour Stadium, Gros Islet",2,2.1,West Indies,England,LMP Simmons,RR Sarwan,JM Anderson,2,0,,,,,,,,,
352669,2008/09,2009-04-03,"Beausejour Stadium, Gros Islet",2,2.2,West Indies,England,LMP Simmons,RR Sarwan,JM Anderson,1,0,,,,,,,,,
352669,2008/09,2009-04-03,"Beausejour Stadium, Gros Islet",2,2.3,West Indies,England,RR Sarwan,LMP Simmons,JM Anderson,0,0,,,,,,,,,
352669,2008/09,2009-04-03,"Beausejour Stadium, Gros Islet",2,2.4,West Indies,England,RR Sarwan,LMP Simmons,JM Anderson,1,0,,,,,,,,,
352669,2008/09,2009-04-03,"Beausejour Stadium, Gros Islet",2,2.5,West Indies,England,LMP Simmons,RR Sarwan,JM Anderson,0,0,,,,,,,,,
352669,2008/09,2009-04-03,"Beausejour Stadium, Gros Islet",2,2.6,West Indies,England,LMP Simmons,RR Sarwan,JM Anderson,4,0,,,,,,,,,
352669,2008/09,2009-04-03,"Beausejour Stadium, Gros Islet",2,3.1,West Indies,England,RR Sarwan,LMP Simmons,SCJ Broad,0,0,,,,,,,,,
352669,2008/09,2009-04-03,"Beausejour Stadium, Gros Islet",2,3.2,West Indies,England,RR Sarwan,LMP Simmons,SCJ Broad,0,0,,,,,,,,,
352669,2008/09,2009-04-03,"Beausejour Stadium, Gros Islet",2,3.3,West Indies,England,RR Sarwan,LMP Simmons,SCJ Broad,0,1,1,,,,,,,,
352669,2008/09,2009-04-03,"Beausejour Stadium, Gros Islet",2,3.4,West Indies,England,RR Sarwan,LMP Simmons,SCJ Broad,4,0,,,,,,,,,
352669,2008/09,2009-04-03,"Beausejour Stadium, Gros Islet",2,3.5,West Indies,England,RR Sarwan,LMP Simmons,SCJ Broad,4,0,,,,,,,,,
352669,2008/09,2009-04-03,"Beausejour Stadium, Gros Islet",2,3.6,West Indies,England,RR Sarwan,LMP Simmons,SCJ Broad,0,0,,,,,,,,,
352669,2008/09,2009-04-03,"Beausejour Stadium, Gros Islet",2,3.7,West Indies,England,RR Sarwan,LMP Simmons,SCJ Broad,1,0,,,,,,,,,
352669,2008/09,2009-04-03,"Beausejour Stadium, Gros Islet",2,4.1,West Indies,England,RR Sarwan,LMP Simmons,JM Anderson,4,0,,,,,,,,,
352669,2008/09,2009-04-03,"Beausejour Stadium, Gros Islet",2,4.2,West Indies,England,RR Sarwan,LMP Simmons,JM Anderson,0,0,,,,,,,,,
352669,2008/09,2009-04-03,"Beausejour Stadium, Gros Islet",2,4.3,West Indies,England,RR Sarwan,LMP Simmons,JM Anderson,0,0,,,,,,,,,
352669,2008/09,2009-04-03,"Beausejour Stadium, Gros Islet",2,4.4,West Indies,England,RR Sarwan,LMP Simmons,JM Anderson,1,0,,,,,,,,,
352669,2008/09,2009-04-03,"Beausejour Stadium, Gros Islet",2,4.5,West Indies,England,LMP Simmons,RR Sarwan,JM Anderson,4,0,,,,,,,,,
352669,2008/09,2009-04-03,"Beausejour Stadium, Gros Islet",2,4.6,West Indies,England,LMP Simmons,RR Sarwan,JM Anderson,0,0,,,,,,,,,
352669,2008/09,2009-04-03,"Beausejour Stadium, Gros Islet",2,5.1,West Indies,England,RR Sarwan,LMP Simmons,A Flintoff,0,0,,,,,,,,,
352669,2008/09,2009-04-03,"Beausejour Stadium, Gros Islet",2,5.2,West Indies,England,RR Sarwan,LMP Simmons,A Flintoff,1,0,,,,,,,,,
352669,2008/09,2009-04-03,"Beausejour Stadium, Gros Islet",2,5.3,West Indies,England,LMP Simmons,RR Sarwan,A Flintoff,0,0,,,,,,,,,
352669,2008/09,2009-04-03,"Beausejour Stadium, Gros Islet",2,5.4,West Indies,England,LMP Simmons,RR Sarwan,A Flintoff,0,0,,,,,,,,,
352669,2008/09,2009-04-03,"Beausejour Stadium, Gros Islet",2,5.5,West Indies,England,LMP Simmons,RR Sarwan,A Flintoff,0,0,,,,,,,,,
352669,2008/09,2009-04-03,"Beausejour Stadium, Gros Islet",2,5.6,West Indies,England,LMP Simmons,RR Sarwan,A Flintoff,0,0,,,,,,,,,
352669,2008/09,2009-04-03,"Beausejour Stadium, Gros Islet",2,6.1,West Indies,England,RR Sarwan,LMP Simmons,SJ Harmison,1,0,,,,,,,,,
352669,2008/09,2009-04-03,"Beausejour Stadium, Gros Islet",2,6.2,West Indies,England,LMP Simmons,RR Sarwan,SJ Harmison,1,0,,,,,,,,,
352669,2008/09,2009-04-03,"Beausejour Stadium, Gros Islet",2,6.3,West Indies,England,RR Sarwan,LMP Simmons,SJ Harmison,1,0,,,,,,,,,
352669,2008/09,2009-04-03,"Beausejour Stadium, Gros Islet",2,6.4,West Indies,England,LMP Simmons,RR Sarwan,SJ Harmison,1,0,,,,,,,,,
352669,2008/09,2009-04-03,"Beausejour Stadium, Gros Islet",2,6.5,West Indies,England,RR Sarwan,LMP Simmons,SJ Harmison,0,1,1,,,,,,,,
352669,2008/09,2009-04-03,"Beausejour Stadium, Gros Islet",2,6.6,West Indies,England,RR Sarwan,LMP Simmons,SJ Harmison,0,0,,,,,,,,,
352669,2008/09,2009-04-03,"Beausejour Stadium, Gros Islet",2,6.7,West Indies,England,RR Sarwan,LMP Simmons,SJ Harmison,1,0,,,,,,,,,
352669,2008/09,2009-04-03,"Beausejour Stadium, Gros Islet",2,7.1,West Indies,England,RR Sarwan,LMP Simmons,A Flintoff,2,0,,,,,,,,,
352669,2008/09,2009-04-03,"Beausejour Stadium, Gros Islet",2,7.2,West Indies,England,RR Sarwan,LMP Simmons,A Flintoff,0,0,,,,,,,,,
352669,2008/09,2009-04-03,"Beausejour Stadium, Gros Islet",2,7.3,West Indies,England,RR Sarwan,LMP Simmons,A Flintoff,0,0,,,,,,caught,RR Sarwan,,
352669,2008/09,2009-04-03,"Beausejour Stadium, Gros Islet",2,7.4,West Indies,England,S Chanderpaul,LMP Simmons,A Flintoff,1,0,,,,,,,,,
352669,2008/09,2009-04-03,"Beausejour Stadium, Gros Islet",2,7.5,West Indies,England,LMP Simmons,S Chanderpaul,A Flintoff,0,0,,,,,,,,,
352669,2008/09,2009-04-03,"Beausejour Stadium, Gros Islet",2,7.6,West Indies,England,LMP Simmons,S Chanderpaul,A Flintoff,1,0,,,,,,,,,
352669,2008/09,2009-04-03,"Beausejour Stadium, Gros Islet",2,8.1,West Indies,England,LMP Simmons,S Chanderpaul,SJ Harmison,1,0,,,,,,,,,
352669,2008/09,2009-04-03,"Beausejour Stadium, Gros Islet",2,8.2,West Indies,England,S Chanderpaul,LMP Simmons,SJ Harmison,0,0,,,,,,,,,
352669,2008/09,2009-04-03,"Beausejour Stadium, Gros Islet",2,8.3,West Indies,England,S Chanderpaul,LMP Simmons,SJ Harmison,1,0,,,,,,,,,
352669,2008/09,2009-04-03,"Beausejour Stadium, Gros Islet",2,8.4,West Indies,England,LMP Simmons,S Chanderpaul,SJ Harmison,1,0,,,,,,,,,
352669,2008/09,2009-04-03,"Beausejour Stadium, Gros Islet",2,8.5,West Indies,England,S Chanderpaul,LMP Simmons,SJ Harmison,0,0,,,,,,,,,
352669,2008/09,2009-04-03,"Beausejour Stadium, Gros Islet",2,8.6,West Indies,England,S Chanderpaul,LMP Simmons,SJ Harmison,0,0,,,,,,,,,
352669,2008/09,2009-04-03,"Beausejour Stadium, Gros Islet",2,9.1,West Indies,England,LMP Simmons,S Chanderpaul,A Flintoff,0,0,,,,,,caught,LMP Simmons,,
352669,2008/09,2009-04-03,"Beausejour Stadium, Gros Islet",2,9.2,West Indies,England,S Chanderpaul,DJ Bravo,A Flintoff,0,0,,,,,,,,,
352669,2008/09,2009-04-03,"Beausejour Stadium, Gros Islet",2,9.3,West Indies,England,S Chanderpaul,DJ Bravo,A Flintoff,0,0,,,,,,,,,
352669,2008/09,2009-04-03,"Beausejour Stadium, Gros Islet",2,9.4,West Indies,England,S Chanderpaul,DJ Bravo,A Flintoff,0,0,,,,,,,,,
352669,2008/09,2009-04-03,"Beausejour Stadium, Gros Islet",2,9.5,West Indies,England,S Chanderpaul,DJ Bravo,A Flintoff,1,0,,,,,,,,,
352669,2008/09,2009-04-03,"Beausejour Stadium, Gros Islet",2,9.6,West Indies,England,DJ Bravo,S Chanderpaul,A Flintoff,1,0,,,,,,,,,
352669,2008/09,2009-04-03,"Beausejour Stadium, Gros Islet",2,10.1,West Indies,England,DJ Bravo,S Chanderpaul,SJ Harmison,0,1,,,,1,,,,,
352669,2008/09,2009-04-03,"Beausejour Stadium, Gros Islet",2,10.2,West Indies,England,S Chanderpaul,DJ Bravo,SJ Harmison,1,0,,,,,,,,,
352669,2008/09,2009-04-03,"Beausejour Stadium, Gros Islet",2,10.3,West Indies,England,DJ Bravo,S Chanderpaul,SJ Harmison,0,0,,,,,,,,,
352669,2008/09,2009-04-03,"Beausejour Stadium, Gros Islet",2,10.4,West Indies,England,DJ Bravo,S Chanderpaul,SJ Harmison,1,0,,,,,,,,,
352669,2008/09,2009-04-03,"Beausejour Stadium, Gros Islet",2,10.5,West Indies,England,S Chanderpaul,DJ Bravo,SJ Harmison,4,0,,,,,,,,,
352669,2008/09,2009-04-03,"Beausejour Stadium, Gros Islet",2,10.6,West Indies,England,S Chanderpaul,DJ Bravo,SJ Harmison,0,1,1,,,,,,,,
352669,2008/09,2009-04-03,"Beausejour Stadium, Gros Islet",2,10.7,West Indies,England,S Chanderpaul,DJ Bravo,SJ Harmison,1,0,,,,,,,,,
352669,2008/09,2009-04-03,"Beausejour Stadium, Gros Islet",2,11.1,West Indies,England,S Chanderpaul,DJ Bravo,AD Mascarenhas,1,0,,,,,,,,,
352669,2008/09,2009-04-03,"Beausejour Stadium, Gros Islet",2,11.2,West Indies,England,DJ Bravo,S Chanderpaul,AD Mascarenhas,0,0,,,,,,,,,
352669,2008/09,2009-04-03,"Beausejour Stadium, Gros Islet",2,11.3,West Indies,England,DJ Bravo,S Chanderpaul,AD Mascarenhas,2,0,,,,,,,,,
352669,2008/09,2009-04-03,"Beausejour Stadium, Gros Islet",2,11.4,West Indies,England,DJ Bravo,S Chanderpaul,AD Mascarenhas,0,0,,,,,,,,,
352669,2008/09,2009-04-03,"Beausejour Stadium, Gros Islet",2,11.5,West Indies,England,DJ Bravo,S Chanderpaul,AD Mascarenhas,0,0,,,,,,,,,
352669,2008/09,2009-04-03,"Beausejour Stadium, Gros Islet",2,11.6,West Indies,England,DJ Bravo,S Chanderpaul,AD Mascarenhas,0,0,,,,,,,,,
352669,2008/09,2009-04-03,"Beausejour Stadium, Gros Islet",2,12.1,West Indies,England,S Chanderpaul,DJ Bravo,PD Collingwood,0,0,,,,,,,,,
352669,2008/09,2009-04-03,"Beausejour Stadium, Gros Islet",2,12.2,West Indies,England,S Chanderpaul,DJ Bravo,PD Collingwood,0,0,,,,,,,,,
352669,2008/09,2009-04-03,"Beausejour Stadium, Gros Islet",2,12.3,West Indies,England,S Chanderpaul,DJ Bravo,PD Collingwood,1,0,,,,,,,,,
352669,2008/09,2009-04-03,"Beausejour Stadium, Gros Islet",2,12.4,West Indies,England,DJ Bravo,S Chanderpaul,PD Collingwood,0,0,,,,,,,,,
352669,2008/09,2009-04-03,"Beausejour Stadium, Gros Islet",2,12.5,West Indies,England,DJ Bravo,S Chanderpaul,PD Collingwood,1,0,,,,,,,,,
352669,2008/09,2009-04-03,"Beausejour Stadium, Gros Islet",2,12.6,West Indies,England,S Chanderpaul,DJ Bravo,PD Collingwood,2,0,,,,,,,,,
352669,2008/09,2009-04-03,"Beausejour Stadium, Gros Islet",2,13.1,West Indies,England,DJ Bravo,S Chanderpaul,AD Mascarenhas,0,0,,,,,,,,,
352669,2008/09,2009-04-03,"Beausejour Stadium, Gros Islet",2,13.2,West Indies,England,DJ Bravo,S Chanderpaul,AD Mascarenhas,0,0,,,,,,,,,
352669,2008/09,2009-04-03,"Beausejour Stadium, Gros Islet",2,13.3,West Indies,England,DJ Bravo,S Chanderpaul,AD Mascarenhas,6,0,,,,,,,,,
352669,2008/09,2009-04-03,"Beausejour Stadium, Gros Islet",2,13.4,West Indies,England,DJ Bravo,S Chanderpaul,AD Mascarenhas,0,0,,,,,,,,,
352669,2008/09,2009-04-03,"Beausejour Stadium, Gros Islet",2,13.5,West Indies,England,DJ Bravo,S Chanderpaul,AD Mascarenhas,0,0,,,,,,,,,
352669,2008/09,2009-04-03,"Beausejour Stadium, Gros Islet",2,13.6,West Indies,England,DJ Bravo,S Chanderpaul,AD Mascarenhas,0,0,,,,,,,,,
352669,2008/09,2009-04-03,"Beausejour Stadium, Gros Islet",2,14.1,West Indies,England,S Chanderpaul,DJ Bravo,PD Collingwood,0,0,,,,,,caught,S Chanderpaul,,
352669,2008/09,2009-04-03,"Beausejour Stadium, Gros Islet",2,14.2,West Indies,England,DJ Bravo,KA Pollard,PD Collingwood,0,0,,,,,,,,,
352669,2008/09,2009-04-03,"Beausejour Stadium, Gros Islet",2,14.3,West Indies,England,DJ Bravo,KA Pollard,PD Collingwood,1,0,,,,,,,,,
352669,2008/09,2009-04-03,"Beausejour Stadium, Gros Islet",2,14.4,West Indies,England,KA Pollard,DJ Bravo,PD Collingwood,0,0,,,,,,,,,
352669,2008/09,2009-04-03,"Beausejour Stadium, Gros Islet",2,14.5,West Indies,England,KA Pollard,DJ Bravo,PD Collingwood,0,0,,,,,,,,,
352669,2008/09,2009-04-03,"Beausejour Stadium, Gros Islet",2,14.6,West Indies,England,KA Pollard,DJ Bravo,PD Collingwood,1,0,,,,,,,,,
352669,2008/09,2009-04-03,"Beausejour Stadium, Gros Islet",2,15.1,West Indies,England,KA Pollard,DJ Bravo,AD Mascarenhas,1,0,,,,,,,,,
352669,2008/09,2009-04-03,"Beausejour Stadium, Gros Islet",2,15.2,West Indies,England,DJ Bravo,KA Pollard,AD Mascarenhas,1,0,,,,,,,,,
352669,2008/09,2009-04-03,"Beausejour Stadium, Gros Islet",2,15.3,West Indies,England,KA Pollard,DJ Bravo,AD Mascarenhas,1,0,,,,,,,,,
352669,2008/09,2009-04-03,"Beausejour Stadium, Gros Islet",2,15.4,West Indies,England,DJ Bravo,KA Pollard,AD Mascarenhas,1,0,,,,,,,,,
352669,2008/09,2009-04-03,"Beausejour Stadium, Gros Islet",2,15.5,West Indies,England,KA Pollard,DJ Bravo,AD Mascarenhas,0,0,,,,,,,,,
352669,2008/09,2009-04-03,"Beausejour Stadium, Gros Islet",2,15.6,West Indies,England,KA Pollard,DJ Bravo,AD Mascarenhas,0,0,,,,,,,,,
352669,2008/09,2009-04-03,"Beausejour Stadium, Gros Islet",2,16.1,West Indies,England,DJ Bravo,KA Pollard,PD Collingwood,2,0,,,,,,,,,
352669,2008/09,2009-04-03,"Beausejour Stadium, Gros Islet",2,16.2,West Indies,England,DJ Bravo,KA Pollard,PD Collingwood,0,0,,,,,,,,,
352669,2008/09,2009-04-03,"Beausejour Stadium, Gros Islet",2,16.3,West Indies,England,DJ Bravo,KA Pollard,PD Collingwood,0,0,,,,,,,,,
352669,2008/09,2009-04-03,"Beausejour Stadium, Gros Islet",2,16.4,West Indies,England,DJ Bravo,KA Pollard,PD Collingwood,0,0,,,,,,,,,
352669,2008/09,2009-04-03,"Beausejour Stadium, Gros Islet",2,16.5,West Indies,England,DJ Bravo,KA Pollard,PD Collingwood,0,0,,,,,,,,,
352669,2008/09,2009-04-03,"Beausejour Stadium, Gros Islet",2,16.6,West Indies,England,DJ Bravo,KA Pollard,PD Collingwood,4,0,,,,,,,,,
352669,2008/09,2009-04-03,"Beausejour Stadium, Gros Islet",2,17.1,West Indies,England,KA Pollard,DJ Bravo,AD Mascarenhas,1,0,,,,,,,,,
352669,2008/09,2009-04-03,"Beausejour Stadium, Gros Islet",2,17.2,West Indies,England,DJ Bravo,KA Pollard,AD Mascarenhas,0,0,,,,,,,,,
352669,2008/09,2009-04-03,"Beausejour Stadium, Gros Islet",2,17.3,West Indies,England,DJ Bravo,KA Pollard,AD Mascarenhas,0,0,,,,,,,,,
352669,2008/09,2009-04-03,"Beausejour Stadium, Gros Islet",2,17.4,West Indies,England,DJ Bravo,KA Pollard,AD Mascarenhas,1,0,,,,,,,,,
352669,2008/09,2009-04-03,"Beausejour Stadium, Gros Islet",2,17.5,West Indies,England,KA Pollard,DJ Bravo,AD Mascarenhas,1,0,,,,,,,,,
352669,2008/09,2009-04-03,"Beausejour Stadium, Gros Islet",2,17.6,West Indies,England,DJ Bravo,KA Pollard,AD Mascarenhas,0,0,,,,,,,,,
352669,2008/09,2009-04-03,"Beausejour Stadium, Gros Islet",2,18.1,West Indies,England,KA Pollard,DJ Bravo,PD Collingwood,1,0,,,,,,,,,
352669,2008/09,2009-04-03,"Beausejour Stadium, Gros Islet",2,18.2,West Indies,England,DJ Bravo,KA Pollard,PD Collingwood,1,0,,,,,,,,,
352669,2008/09,2009-04-03,"Beausejour Stadium, Gros Islet",2,18.3,West Indies,England,KA Pollard,DJ Bravo,PD Collingwood,1,0,,,,,,,,,
352669,2008/09,2009-04-03,"Beausejour Stadium, Gros Islet",2,18.4,West Indies,England,DJ Bravo,KA Pollard,PD Collingwood,1,0,,,,,,,,,
352669,2008/09,2009-04-03,"Beausejour Stadium, Gros Islet",2,18.5,West Indies,England,KA Pollard,DJ Bravo,PD Collingwood,6,0,,,,,,,,,
352669,2008/09,2009-04-03,"Beausejour Stadium, Gros Islet",2,18.6,West Indies,England,KA Pollard,DJ Bravo,PD Collingwood,2,0,,,,,,,,,
352669,2008/09,2009-04-03,"Beausejour Stadium, Gros Islet",2,19.1,West Indies,England,DJ Bravo,KA Pollard,SCJ Broad,0,0,,,,,,,,,
352669,2008/09,2009-04-03,"Beausejour Stadium, Gros Islet",2,19.2,West Indies,England,DJ Bravo,KA Pollard,SCJ Broad,1,0,,,,,,,,,
352669,2008/09,2009-04-03,"Beausejour Stadium, Gros Islet",2,19.3,West Indies,England,KA Pollard,DJ Bravo,SCJ Broad,0,0,,,,,,,,,
352669,2008/09,2009-04-03,"Beausejour Stadium, Gros Islet",2,19.4,West Indies,England,KA Pollard,DJ Bravo,SCJ Broad,1,0,,,,,,,,,
352669,2008/09,2009-04-03,"Beausejour Stadium, Gros Islet",2,19.5,West Indies,England,DJ Bravo,KA Pollard,SCJ Broad,0,1,,,,1,,,,,
352669,2008/09,2009-04-03,"Beausejour Stadium, Gros Islet",2,19.6,West Indies,England,KA Pollard,DJ Bravo,SCJ Broad,1,0,,,,,,,,,
352669,2008/09,2009-04-03,"Beausejour Stadium, Gros Islet",2,20.1,West Indies,England,KA Pollard,DJ Bravo,JM Anderson,1,0,,,,,,,,,
352669,2008/09,2009-04-03,"Beausejour Stadium, Gros Islet",2,20.2,West Indies,England,DJ Bravo,KA Pollard,JM Anderson,1,0,,,,,,,,,
352669,2008/09,2009-04-03,"Beausejour Stadium, Gros Islet",2,20.3,West Indies,England,KA Pollard,DJ Bravo,JM Anderson,1,0,,,,,,,,,
352669,2008/09,2009-04-03,"Beausejour Stadium, Gros Islet",2,20.4,West Indies,England,DJ Bravo,KA Pollard,JM Anderson,1,0,,,,,,,,,
352669,2008/09,2009-04-03,"Beausejour Stadium, Gros Islet",2,20.5,West Indies,England,KA Pollard,DJ Bravo,JM Anderson,1,0,,,,,,,,,
352669,2008/09,2009-04-03,"Beausejour Stadium, Gros Islet",2,20.6,West Indies,England,DJ Bravo,KA Pollard,JM Anderson,1,0,,,,,,,,,
352669,2008/09,2009-04-03,"Beausejour Stadium, Gros Islet",2,21.1,West Indies,England,DJ Bravo,KA Pollard,SCJ Broad,0,1,,,,1,,,,,
352669,2008/09,2009-04-03,"Beausejour Stadium, Gros Islet",2,21.2,West Indies,England,KA Pollard,DJ Bravo,SCJ Broad,0,0,,,,,,,,,
352669,2008/09,2009-04-03,"Beausejour Stadium, Gros Islet",2,21.3,West Indies,England,KA Pollard,DJ Bravo,SCJ Broad,0,0,,,,,,,,,
352669,2008/09,2009-04-03,"Beausejour Stadium, Gros Islet",2,21.4,West Indies,England,KA Pollard,DJ Bravo,SCJ Broad,1,0,,,,,,,,,
352669,2008/09,2009-04-03,"Beausejour Stadium, Gros Islet",2,21.5,West Indies,England,DJ Bravo,KA Pollard,SCJ Broad,1,0,,,,,,,,,
352669,2008/09,2009-04-03,"Beausejour Stadium, Gros Islet",2,21.6,West Indies,England,KA Pollard,DJ Bravo,SCJ Broad,1,0,,,,,,,,,
352669,2008/09,2009-04-03,"Beausejour Stadium, Gros Islet",2,22.1,West Indies,England,KA Pollard,DJ Bravo,A Flintoff,0,0,,,,,,,,,
352669,2008/09,2009-04-03,"Beausejour Stadium, Gros Islet",2,22.2,West Indies,England,KA Pollard,DJ Bravo,A Flintoff,1,0,,,,,,,,,
352669,2008/09,2009-04-03,"Beausejour Stadium, Gros Islet",2,22.3,West Indies,England,DJ Bravo,KA Pollard,A Flintoff,4,0,,,,,,,,,
352669,2008/09,2009-04-03,"Beausejour Stadium, Gros Islet",2,22.4,West Indies,England,DJ Bravo,KA Pollard,A Flintoff,0,0,,,,,,,,,
352669,2008/09,2009-04-03,"Beausejour Stadium, Gros Islet",2,22.5,West Indies,England,DJ Bravo,KA Pollard,A Flintoff,1,0,,,,,,,,,
352669,2008/09,2009-04-03,"Beausejour Stadium, Gros Islet",2,22.6,West Indies,England,KA Pollard,DJ Bravo,A Flintoff,1,0,,,,,,,,,
352669,2008/09,2009-04-03,"Beausejour Stadium, Gros Islet",2,23.1,West Indies,England,KA Pollard,DJ Bravo,SCJ Broad,0,0,,,,,,,,,
352669,2008/09,2009-04-03,"Beausejour Stadium, Gros Islet",2,23.2,West Indies,England,KA Pollard,DJ Bravo,SCJ Broad,6,0,,,,,,,,,
352669,2008/09,2009-04-03,"Beausejour Stadium, Gros Islet",2,23.3,West Indies,England,KA Pollard,DJ Bravo,SCJ Broad,0,0,,,,,,,,,
352669,2008/09,2009-04-03,"Beausejour Stadium, Gros Islet",2,23.4,West Indies,England,KA Pollard,DJ Bravo,SCJ Broad,0,1,,,1,,,,,,
352669,2008/09,2009-04-03,"Beausejour Stadium, Gros Islet",2,23.5,West Indies,England,DJ Bravo,KA Pollard,SCJ Broad,0,0,,,,,,,,,
352669,2008/09,2009-04-03,"Beausejour Stadium, Gros Islet",2,23.6,West Indies,England,DJ Bravo,KA Pollard,SCJ Broad,0,0,,,,,,caught,DJ Bravo,,
352669,2008/09,2009-04-03,"Beausejour Stadium, Gros Islet",2,24.1,West Indies,England,KA Pollard,D Ramdin,JM Anderson,0,0,,,,,,caught,KA Pollard,,
352669,2008/09,2009-04-03,"Beausejour Stadium, Gros Islet",2,24.2,West Indies,England,D Ramdin,DJG Sammy,JM Anderson,1,0,,,,,,,,,
352669,2008/09,2009-04-03,"Beausejour Stadium, Gros Islet",2,24.3,West Indies,England,DJG Sammy,D Ramdin,JM Anderson,1,0,,,,,,,,,
352669,2008/09,2009-04-03,"Beausejour Stadium, Gros Islet",2,24.4,West Indies,England,D Ramdin,DJG Sammy,JM Anderson,0,0,,,,,,,,,
352669,2008/09,2009-04-03,"Beausejour Stadium, Gros Islet",2,24.5,West Indies,England,D Ramdin,DJG Sammy,JM Anderson,0,0,,,,,,,,,
352669,2008/09,2009-04-03,"Beausejour Stadium, Gros Islet",2,24.6,West Indies,England,D Ramdin,DJG Sammy,JM Anderson,1,0,,,,,,,,,
352669,2008/09,2009-04-03,"Beausejour Stadium, Gros Islet",2,25.1,West Indies,England,D Ramdin,DJG Sammy,SCJ Broad,0,0,,,,,,,,,
352669,2008/09,2009-04-03,"Beausejour Stadium, Gros Islet",2,25.2,West Indies,England,D Ramdin,DJG Sammy,SCJ Broad,1,0,,,,,,,,,
352669,2008/09,2009-04-03,"Beausejour Stadium, Gros Islet",2,25.3,West Indies,England,DJG Sammy,D Ramdin,SCJ Broad,1,0,,,,,,,,,
352669,2008/09,2009-04-03,"Beausejour Stadium, Gros Islet",2,25.4,West Indies,England,D Ramdin,DJG Sammy,SCJ Broad,1,0,,,,,,,,,
352669,2008/09,2009-04-03,"Beausejour Stadium, Gros Islet",2,25.5,West Indies,England,DJG Sammy,D Ramdin,SCJ Broad,1,0,,,,,,,,,
352669,2008/09,2009-04-03,"Beausejour Stadium, Gros Islet",2,25.6,West Indies,England,D Ramdin,DJG Sammy,SCJ Broad,4,0,,,,,,,,,
352669,2008/09,2009-04-03,"Beausejour Stadium, Gros Islet",2,26.1,West Indies,England,DJG Sammy,D Ramdin,A Flintoff,1,0,,,,,,,,,
352669,2008/09,2009-04-03,"Beausejour Stadium, Gros Islet",2,26.2,West Indies,England,D Ramdin,DJG Sammy,A Flintoff,4,0,,,,,,,,,
352669,2008/09,2009-04-03,"Beausejour Stadium, Gros Islet",2,26.3,West Indies,England,D Ramdin,DJG Sammy,A Flintoff,0,0,,,,,,bowled,D Ramdin,,
352669,2008/09,2009-04-03,"Beausejour Stadium, Gros Islet",2,26.4,West Indies,England,R Rampaul,DJG Sammy,A Flintoff,0,0,,,,,,lbw,R Rampaul,,
352669,2008/09,2009-04-03,"Beausejour Stadium, Gros Islet",2,26.5,West Indies,England,SJ Benn,DJG Sammy,A Flintoff,0,0,,,,,,bowled,SJ Benn,,
352669,2008/09,2009-04-03,"Beausejour Stadium, Gros Islet",2,26.6,West Indies,England,FH Edwards,DJG Sammy,A Flintoff,0,0,,,,,,,,,
352669,2008/09,2009-04-03,"Beausejour Stadium, Gros Islet",2,27.1,West Indies,England,DJG Sammy,FH Edwards,JM Anderson,0,0,,,,,,,,,
352669,2008/09,2009-04-03,"Beausejour Stadium, Gros Islet",2,27.2,West Indies,England,DJG Sammy,FH Edwards,JM Anderson,1,0,,,,,,,,,
352669,2008/09,2009-04-03,"Beausejour Stadium, Gros Islet",2,27.3,West Indies,England,FH Edwards,DJG Sammy,JM Anderson,1,0,,,,,,,,,
352669,2008/09,2009-04-03,"Beausejour Stadium, Gros Islet",2,27.4,West Indies,England,DJG Sammy,FH Edwards,JM Anderson,0,1,1,,,,,,,,
352669,2008/09,2009-04-03,"Beausejour Stadium, Gros Islet",2,27.5,West Indies,England,DJG Sammy,FH Edwards,JM Anderson,1,0,,,,,,,,,
352669,2008/09,2009-04-03,"Beausejour Stadium, Gros Islet",2,27.6,West Indies,England,FH Edwards,DJG Sammy,JM Anderson,1,0,,,,,,,,,
352669,2008/09,2009-04-03,"Beausejour Stadium, Gros Islet",2,27.7,West Indies,England,DJG Sammy,FH Edwards,JM Anderson,1,0,,,,,,run out,DJG Sammy,,
