match_id,season,start_date,venue,innings,ball,batting_team,bowling_team,striker,non_striker,bowler,runs_off_bat,extras,wides,noballs,byes,legbyes,penalty,wicket_type,player_dismissed,other_wicket_type,other_player_dismissed
352665,2008/09,2009-03-20,Providence Stadium,1,0.1,England,West Indies,AJ Strauss,RS Bopara,DBL Powell,0,0,,,,,,,,,
352665,2008/09,2009-03-20,Providence Stadium,1,0.2,England,West Indies,AJ Strauss,RS Bopara,DBL Powell,0,1,1,,,,,,,,
352665,2008/09,2009-03-20,Providence Stadium,1,0.3,England,West Indies,AJ Strauss,RS Bopara,DBL Powell,0,0,,,,,,,,,
352665,2008/09,2009-03-20,Providence Stadium,1,0.4,England,West Indies,AJ Strauss,RS Bopara,DBL Powell,0,0,,,,,,,,,
352665,2008/09,2009-03-20,Providence Stadium,1,0.5,England,West Indies,AJ Strauss,RS Bopara,DBL Powell,0,1,1,,,,,,,,
352665,2008/09,2009-03-20,Providence Stadium,1,0.6,England,West Indies,AJ Strauss,RS Bopara,DBL Powell,3,0,,,,,,,,,
352665,2008/09,2009-03-20,Providence Stadium,1,0.7,England,West Indies,RS Bopara,AJ Strauss,DBL Powell,0,0,,,,,,,,,
352665,2008/09,2009-03-20,Providence Stadium,1,0.8,England,West Indies,RS Bopara,AJ Strauss,DBL Powell,2,0,,,,,,,,,
352665,2008/09,2009-03-20,Providence Stadium,1,1.1,England,West Indies,AJ Strauss,RS Bopara,FH Edwards,0,0,,,,,,,,,
352665,2008/09,2009-03-20,Providence Stadium,1,1.2,England,West Indies,AJ Strauss,RS Bopara,FH Edwards,0,1,1,,,,,,,,
352665,2008/09,2009-03-20,Providence Stadium,1,1.3,England,West Indies,AJ Strauss,RS Bopara,FH Edwards,0,0,,,,,,,,,
352665,2008/09,2009-03-20,Providence Stadium,1,1.4,England,West Indies,AJ Strauss,RS Bopara,FH Edwards,1,0,,,,,,,,,
352665,2008/09,2009-03-20,Providence Stadium,1,1.5,England,West Indies,RS Bopara,AJ Strauss,FH Edwards,0,0,,,,,,,,,
352665,2008/09,2009-03-20,Providence Stadium,1,1.6,England,West Indies,RS Bopara,AJ Strauss,FH Edwards,0,0,,,,,,,,,
352665,2008/09,2009-03-20,Providence Stadium,1,1.7,England,West Indies,RS Bopara,AJ Strauss,FH Edwards,0,1,1,,,,,,,,
352665,2008/09,2009-03-20,Providence Stadium,1,1.8,England,West Indies,RS Bopara,AJ Strauss,FH Edwards,0,0,,,,,,,,,
352665,2008/09,2009-03-20,Providence Stadium,1,2.1,England,West Indies,AJ Strauss,RS Bopara,DBL Powell,0,0,,,,,,,,,
352665,2008/09,2009-03-20,Providence Stadium,1,2.2,England,West Indies,AJ Strauss,RS Bopara,DBL Powell,0,0,,,,,,,,,
352665,2008/09,2009-03-20,Providence Stadium,1,2.3,England,West Indies,AJ Strauss,RS Bopara,DBL Powell,1,0,,,,,,,,,
352665,2008/09,2009-03-20,Providence Stadium,1,2.4,England,West Indies,RS Bopara,AJ Strauss,DBL Powell,0,0,,,,,,,,,
352665,2008/09,2009-03-20,Providence Stadium,1,2.5,England,West Indies,RS Bopara,AJ Strauss,DBL Powell,0,1,1,,,,,,,,
352665,2008/09,2009-03-20,Providence Stadium,1,2.6,England,West Indies,RS Bopara,AJ Strauss,DBL Powell,0,0,,,,,,,,,
352665,2008/09,2009-03-20,Providence Stadium,1,2.7,England,West Indies,RS Bopara,AJ Strauss,DBL Powell,0,1,1,,,,,,,,
352665,2008/09,2009-03-20,Providence Stadium,1,2.8,England,West Indies,RS Bopara,AJ Strauss,DBL Powell,0,0,,,,,,,,,
352665,2008/09,2009-03-20,Providence Stadium,1,3.1,England,West Indies,AJ Strauss,RS Bopara,FH Edwards,0,0,,,,,,,,,
352665,2008/09,2009-03-20,Providence Stadium,1,3.2,England,West Indies,AJ Strauss,RS Bopara,FH Edwards,0,0,,,,,,,,,
352665,2008/09,2009-03-20,Providence Stadium,1,3.3,England,West Indies,AJ Strauss,RS Bopara,FH Edwards,1,0,,,,,,,,,
352665,2008/09,2009-03-20,Providence Stadium,1,3.4,England,West Indies,RS Bopara,AJ Strauss,FH Edwards,0,1,1,,,,,,,,
352665,2008/09,2009-03-20,Providence Stadium,1,3.5,England,West Indies,RS Bopara,AJ Strauss,FH Edwards,1,0,,,,,,,,,
352665,2008/09,2009-03-20,Providence Stadium,1,3.6,England,West Indies,AJ Strauss,RS Bopara,FH Edwards,1,0,,,,,,,,,
352665,2008/09,2009-03-20,Providence Stadium,1,3.7,England,West Indies,RS Bopara,AJ Strauss,FH Edwards,0,0,,,,,,,,,
352665,2008/09,2009-03-20,Providence Stadium,1,4.1,England,West Indies,AJ Strauss,RS Bopara,DBL Powell,1,0,,,,,,,,,
352665,2008/09,2009-03-20,Providence Stadium,1,4.2,England,West Indies,RS Bopara,AJ Strauss,DBL Powell,0,0,,,,,,,,,
352665,2008/09,2009-03-20,Providence Stadium,1,4.3,England,West Indies,RS Bopara,AJ Strauss,DBL Powell,0,0,,,,,,,,,
352665,2008/09,2009-03-20,Providence Stadium,1,4.4,England,West Indies,RS Bopara,AJ Strauss,DBL Powell,1,0,,,,,,,,,
352665,2008/09,2009-03-20,Providence Stadium,1,4.5,England,West Indies,AJ Strauss,RS Bopara,DBL Powell,0,0,,,,,,,,,
352665,2008/09,2009-03-20,Providence Stadium,1,4.6,England,West Indies,AJ Strauss,RS Bopara,DBL Powell,2,0,,,,,,,,,
352665,2008/09,2009-03-20,Providence Stadium,1,5.1,England,West Indies,RS Bopara,AJ Strauss,FH Edwards,1,0,,,,,,,,,
352665,2008/09,2009-03-20,Providence Stadium,1,5.2,England,West Indies,AJ Strauss,RS Bopara,FH Edwards,0,0,,,,,,,,,
352665,2008/09,2009-03-20,Providence Stadium,1,5.3,England,West Indies,AJ Strauss,RS Bopara,FH Edwards,1,0,,,,,,,,,
352665,2008/09,2009-03-20,Providence Stadium,1,5.4,England,West Indies,RS Bopara,AJ Strauss,FH Edwards,0,0,,,,,,,,,
352665,2008/09,2009-03-20,Providence Stadium,1,5.5,England,West Indies,RS Bopara,AJ Strauss,FH Edwards,0,0,,,,,,,,,
352665,2008/09,2009-03-20,Providence Stadium,1,5.6,England,West Indies,RS Bopara,AJ Strauss,FH Edwards,0,0,,,,,,,,,
352665,2008/09,2009-03-20,Providence Stadium,1,6.1,England,West Indies,AJ Strauss,RS Bopara,DBL Powell,0,1,1,,,,,,,,
352665,2008/09,2009-03-20,Providence Stadium,1,6.2,England,West Indies,AJ Strauss,RS Bopara,DBL Powell,0,0,,,,,,,,,
352665,2008/09,2009-03-20,Providence Stadium,1,6.3,England,West Indies,AJ Strauss,RS Bopara,DBL Powell,0,0,,,,,,,,,
352665,2008/09,2009-03-20,Providence Stadium,1,6.4,England,West Indies,AJ Strauss,RS Bopara,DBL Powell,4,0,,,,,,,,,
352665,2008/09,2009-03-20,Providence Stadium,1,6.5,England,West Indies,AJ Strauss,RS Bopara,DBL Powell,0,0,,,,,,caught,AJ Strauss,,
352665,2008/09,2009-03-20,Providence Stadium,1,6.6,England,West Indies,RS Bopara,KP Pietersen,DBL Powell,0,0,,,,,,,,,
352665,2008/09,2009-03-20,Providence Stadium,1,6.7,England,West Indies,RS Bopara,KP Pietersen,DBL Powell,0,3,3,,,,,,,,
352665,2008/09,2009-03-20,Providence Stadium,1,6.8,England,West Indies,RS Bopara,KP Pietersen,DBL Powell,0,0,,,,,,,,,
352665,2008/09,2009-03-20,Providence Stadium,1,7.1,England,West Indies,KP Pietersen,RS Bopara,FH Edwards,0,0,,,,,,,,,
352665,2008/09,2009-03-20,Providence Stadium,1,7.2,England,West Indies,KP Pietersen,RS Bopara,FH Edwards,0,0,,,,,,,,,
352665,2008/09,2009-03-20,Providence Stadium,1,7.3,England,West Indies,KP Pietersen,RS Bopara,FH Edwards,0,0,,,,,,,,,
352665,2008/09,2009-03-20,Providence Stadium,1,7.4,England,West Indies,KP Pietersen,RS Bopara,FH Edwards,1,0,,,,,,,,,
352665,2008/09,2009-03-20,Providence Stadium,1,7.5,England,West Indies,RS Bopara,KP Pietersen,FH Edwards,2,0,,,,,,,,,
352665,2008/09,2009-03-20,Providence Stadium,1,7.6,England,West Indies,RS Bopara,KP Pietersen,FH Edwards,4,0,,,,,,,,,
352665,2008/09,2009-03-20,Providence Stadium,1,8.1,England,West Indies,KP Pietersen,RS Bopara,DBL Powell,0,0,,,,,,,,,
352665,2008/09,2009-03-20,Providence Stadium,1,8.2,England,West Indies,KP Pietersen,RS Bopara,DBL Powell,0,0,,,,,,,,,
352665,2008/09,2009-03-20,Providence Stadium,1,8.3,England,West Indies,KP Pietersen,RS Bopara,DBL Powell,0,0,,,,,,,,,
352665,2008/09,2009-03-20,Providence Stadium,1,8.4,England,West Indies,KP Pietersen,RS Bopara,DBL Powell,1,0,,,,,,,,,
352665,2008/09,2009-03-20,Providence Stadium,1,8.5,England,West Indies,RS Bopara,KP Pietersen,DBL Powell,4,0,,,,,,,,,
352665,2008/09,2009-03-20,Providence Stadium,1,8.6,England,West Indies,RS Bopara,KP Pietersen,DBL Powell,0,0,,,,,,,,,
352665,2008/09,2009-03-20,Providence Stadium,1,9.1,England,West Indies,KP Pietersen,RS Bopara,FH Edwards,2,0,,,,,,,,,
352665,2008/09,2009-03-20,Providence Stadium,1,9.2,England,West Indies,KP Pietersen,RS Bopara,FH Edwards,4,0,,,,,,,,,
352665,2008/09,2009-03-20,Providence Stadium,1,9.3,England,West Indies,KP Pietersen,RS Bopara,FH Edwards,0,0,,,,,,,,,
352665,2008/09,2009-03-20,Providence Stadium,1,9.4,England,West Indies,KP Pietersen,RS Bopara,FH Edwards,0,0,,,,,,,,,
352665,2008/09,2009-03-20,Providence Stadium,1,9.5,England,West Indies,KP Pietersen,RS Bopara,FH Edwards,0,0,,,,,,,,,
352665,2008/09,2009-03-20,Providence Stadium,1,9.6,England,West Indies,KP Pietersen,RS Bopara,FH Edwards,1,0,,,,,,,,,
352665,2008/09,2009-03-20,Providence Stadium,1,10.1,England,West Indies,KP Pietersen,RS Bopara,DJ Bravo,0,0,,,,,,,,,
352665,2008/09,2009-03-20,Providence Stadium,1,10.2,England,West Indies,KP Pietersen,RS Bopara,DJ Bravo,1,0,,,,,,,,,
352665,2008/09,2009-03-20,Providence Stadium,1,10.3,England,West Indies,RS Bopara,KP Pietersen,DJ Bravo,0,0,,,,,,,,,
352665,2008/09,2009-03-20,Providence Stadium,1,10.4,England,West Indies,RS Bopara,KP Pietersen,DJ Bravo,0,0,,,,,,,,,
352665,2008/09,2009-03-20,Providence Stadium,1,10.5,England,West Indies,RS Bopara,KP Pietersen,DJ Bravo,1,0,,,,,,,,,
352665,2008/09,2009-03-20,Providence Stadium,1,10.6,England,West Indies,KP Pietersen,RS Bopara,DJ Bravo,0,0,,,,,,,,,
352665,2008/09,2009-03-20,Providence Stadium,1,11.1,England,West Indies,RS Bopara,KP Pietersen,DJG Sammy,0,0,,,,,,,,,
352665,2008/09,2009-03-20,Providence Stadium,1,11.2,England,West Indies,RS Bopara,KP Pietersen,DJG Sammy,0,0,,,,,,,,,
352665,2008/09,2009-03-20,Providence Stadium,1,11.3,England,West Indies,RS Bopara,KP Pietersen,DJG Sammy,1,0,,,,,,,,,
352665,2008/09,2009-03-20,Providence Stadium,1,11.4,England,West Indies,KP Pietersen,RS Bopara,DJG Sammy,0,0,,,,,,,,,
352665,2008/09,2009-03-20,Providence Stadium,1,11.5,England,West Indies,KP Pietersen,RS Bopara,DJG Sammy,1,0,,,,,,,,,
352665,2008/09,2009-03-20,Providence Stadium,1,11.6,England,West Indies,RS Bopara,KP Pietersen,DJG Sammy,1,0,,,,,,,,,
352665,2008/09,2009-03-20,Providence Stadium,1,12.1,England,West Indies,RS Bopara,KP Pietersen,DJ Bravo,0,0,,,,,,,,,
352665,2008/09,2009-03-20,Providence Stadium,1,12.2,England,West Indies,RS Bopara,KP Pietersen,DJ Bravo,0,0,,,,,,,,,
352665,2008/09,2009-03-20,Providence Stadium,1,12.3,England,West Indies,RS Bopara,KP Pietersen,DJ Bravo,0,1,1,,,,,,,,
352665,2008/09,2009-03-20,Providence Stadium,1,12.4,England,West Indies,RS Bopara,KP Pietersen,DJ Bravo,0,1,1,,,,,,,,
352665,2008/09,2009-03-20,Providence Stadium,1,12.5,England,West Indies,RS Bopara,KP Pietersen,DJ Bravo,1,0,,,,,,,,,
352665,2008/09,2009-03-20,Providence Stadium,1,12.6,England,West Indies,KP Pietersen,RS Bopara,DJ Bravo,6,0,,,,,,,,,
352665,2008/09,2009-03-20,Providence Stadium,1,12.7,England,West Indies,KP Pietersen,RS Bopara,DJ Bravo,0,0,,,,,,caught,KP Pietersen,,
352665,2008/09,2009-03-20,Providence Stadium,1,12.8,England,West Indies,OA Shah,RS Bopara,DJ Bravo,0,0,,,,,,,,,
352665,2008/09,2009-03-20,Providence Stadium,1,13.1,England,West Indies,RS Bopara,OA Shah,DJG Sammy,1,0,,,,,,,,,
352665,2008/09,2009-03-20,Providence Stadium,1,13.2,England,West Indies,OA Shah,RS Bopara,DJG Sammy,0,0,,,,,,,,,
352665,2008/09,2009-03-20,Providence Stadium,1,13.3,England,West Indies,OA Shah,RS Bopara,DJG Sammy,1,0,,,,,,,,,
352665,2008/09,2009-03-20,Providence Stadium,1,13.4,England,West Indies,RS Bopara,OA Shah,DJG Sammy,0,0,,,,,,,,,
352665,2008/09,2009-03-20,Providence Stadium,1,13.5,England,West Indies,RS Bopara,OA Shah,DJG Sammy,1,0,,,,,,,,,
352665,2008/09,2009-03-20,Providence Stadium,1,13.6,England,West Indies,OA Shah,RS Bopara,DJG Sammy,0,0,,,,,,,,,
352665,2008/09,2009-03-20,Providence Stadium,1,14.1,England,West Indies,RS Bopara,OA Shah,DJ Bravo,0,0,,,,,,,,,
352665,2008/09,2009-03-20,Providence Stadium,1,14.2,England,West Indies,RS Bopara,OA Shah,DJ Bravo,0,0,,,,,,,,,
352665,2008/09,2009-03-20,Providence Stadium,1,14.3,England,West Indies,RS Bopara,OA Shah,DJ Bravo,4,0,,,,,,,,,
352665,2008/09,2009-03-20,Providence Stadium,1,14.4,England,West Indies,RS Bopara,OA Shah,DJ Bravo,0,0,,,,,,,,,
352665,2008/09,2009-03-20,Providence Stadium,1,14.5,England,West Indies,RS Bopara,OA Shah,DJ Bravo,0,1,,1,,,,,,,
352665,2008/09,2009-03-20,Providence Stadium,1,14.6,England,West Indies,RS Bopara,OA Shah,DJ Bravo,1,0,,,,,,,,,
352665,2008/09,2009-03-20,Providence Stadium,1,14.7,England,West Indies,OA Shah,RS Bopara,DJ Bravo,1,0,,,,,,,,,
352665,2008/09,2009-03-20,Providence Stadium,1,15.1,England,West Indies,OA Shah,RS Bopara,DJG Sammy,0,0,,,,,,,,,
352665,2008/09,2009-03-20,Providence Stadium,1,15.2,England,West Indies,OA Shah,RS Bopara,DJG Sammy,1,0,,,,,,,,,
352665,2008/09,2009-03-20,Providence Stadium,1,15.3,England,West Indies,RS Bopara,OA Shah,DJG Sammy,1,0,,,,,,,,,
352665,2008/09,2009-03-20,Providence Stadium,1,15.4,England,West Indies,OA Shah,RS Bopara,DJG Sammy,1,0,,,,,,,,,
352665,2008/09,2009-03-20,Providence Stadium,1,15.5,England,West Indies,RS Bopara,OA Shah,DJG Sammy,4,0,,,,,,,,,
352665,2008/09,2009-03-20,Providence Stadium,1,15.6,England,West Indies,RS Bopara,OA Shah,DJG Sammy,1,0,,,,,,,,,
352665,2008/09,2009-03-20,Providence Stadium,1,16.1,England,West Indies,RS Bopara,OA Shah,DJ Bravo,0,0,,,,,,,,,
352665,2008/09,2009-03-20,Providence Stadium,1,16.2,England,West Indies,RS Bopara,OA Shah,DJ Bravo,0,0,,,,,,,,,
352665,2008/09,2009-03-20,Providence Stadium,1,16.3,England,West Indies,RS Bopara,OA Shah,DJ Bravo,1,0,,,,,,,,,
352665,2008/09,2009-03-20,Providence Stadium,1,16.4,England,West Indies,OA Shah,RS Bopara,DJ Bravo,1,0,,,,,,,,,
352665,2008/09,2009-03-20,Providence Stadium,1,16.5,England,West Indies,RS Bopara,OA Shah,DJ Bravo,1,0,,,,,,,,,
352665,2008/09,2009-03-20,Providence Stadium,1,16.6,England,West Indies,OA Shah,RS Bopara,DJ Bravo,1,0,,,,,,,,,
352665,2008/09,2009-03-20,Providence Stadium,1,17.1,England,West Indies,OA Shah,RS Bopara,NO Miller,1,0,,,,,,,,,
352665,2008/09,2009-03-20,Providence Stadium,1,17.2,England,West Indies,RS Bopara,OA Shah,NO Miller,0,1,,,,1,,,,,
352665,2008/09,2009-03-20,Providence Stadium,1,17.3,England,West Indies,OA Shah,RS Bopara,NO Miller,1,0,,,,,,,,,
352665,2008/09,2009-03-20,Providence Stadium,1,17.4,England,West Indies,RS Bopara,OA Shah,NO Miller,1,0,,,,,,,,,
352665,2008/09,2009-03-20,Providence Stadium,1,17.5,England,West Indies,OA Shah,RS Bopara,NO Miller,1,0,,,,,,,,,
352665,2008/09,2009-03-20,Providence Stadium,1,17.6,England,West Indies,RS Bopara,OA Shah,NO Miller,0,0,,,,,,,,,
352665,2008/09,2009-03-20,Providence Stadium,1,18.1,England,West Indies,OA Shah,RS Bopara,DJ Bravo,0,0,,,,,,,,,
352665,2008/09,2009-03-20,Providence Stadium,1,18.2,England,West Indies,OA Shah,RS Bopara,DJ Bravo,4,0,,,,,,,,,
352665,2008/09,2009-03-20,Providence Stadium,1,18.3,England,West Indies,OA Shah,RS Bopara,DJ Bravo,0,0,,,,,,,,,
352665,2008/09,2009-03-20,Providence Stadium,1,18.4,England,West Indies,OA Shah,RS Bopara,DJ Bravo,1,0,,,,,,,,,
352665,2008/09,2009-03-20,Providence Stadium,1,18.5,England,West Indies,RS Bopara,OA Shah,DJ Bravo,1,0,,,,,,,,,
352665,2008/09,2009-03-20,Providence Stadium,1,18.6,England,West Indies,OA Shah,RS Bopara,DJ Bravo,1,0,,,,,,,,,
352665,2008/09,2009-03-20,Providence Stadium,1,19.1,England,West Indies,OA Shah,RS Bopara,NO Miller,1,0,,,,,,,,,
352665,2008/09,2009-03-20,Providence Stadium,1,19.2,England,West Indies,RS Bopara,OA Shah,NO Miller,0,0,,,,,,,,,
352665,2008/09,2009-03-20,Providence Stadium,1,19.3,England,West Indies,RS Bopara,OA Shah,NO Miller,1,0,,,,,,,,,
352665,2008/09,2009-03-20,Providence Stadium,1,19.4,England,West Indies,OA Shah,RS Bopara,NO Miller,1,0,,,,,,,,,
352665,2008/09,2009-03-20,Providence Stadium,1,19.5,England,West Indies,RS Bopara,OA Shah,NO Miller,1,0,,,,,,,,,
352665,2008/09,2009-03-20,Providence Stadium,1,19.6,England,West Indies,OA Shah,RS Bopara,NO Miller,1,0,,,,,,,,,
352665,2008/09,2009-03-20,Providence Stadium,1,20.1,England,West Indies,OA Shah,RS Bopara,DJG Sammy,0,0,,,,,,,,,
352665,2008/09,2009-03-20,Providence Stadium,1,20.2,England,West Indies,OA Shah,RS Bopara,DJG Sammy,1,0,,,,,,,,,
352665,2008/09,2009-03-20,Providence Stadium,1,20.3,England,West Indies,RS Bopara,OA Shah,DJG Sammy,0,0,,,,,,,,,
352665,2008/09,2009-03-20,Providence Stadium,1,20.4,England,West Indies,RS Bopara,OA Shah,DJG Sammy,2,0,,,,,,,,,
352665,2008/09,2009-03-20,Providence Stadium,1,20.5,England,West Indies,RS Bopara,OA Shah,DJG Sammy,1,0,,,,,,,,,
352665,2008/09,2009-03-20,Providence Stadium,1,20.6,England,West Indies,OA Shah,RS Bopara,DJG Sammy,1,0,,,,,,,,,
352665,2008/09,2009-03-20,Providence Stadium,1,21.1,England,West Indies,OA Shah,RS Bopara,NO Miller,1,0,,,,,,,,,
352665,2008/09,2009-03-20,Providence Stadium,1,21.2,England,West Indies,RS Bopara,OA Shah,NO Miller,1,0,,,,,,,,,
352665,2008/09,2009-03-20,Providence Stadium,1,21.3,England,West Indies,OA Shah,RS Bopara,NO Miller,4,0,,,,,,,,,
352665,2008/09,2009-03-20,Providence Stadium,1,21.4,England,West Indies,OA Shah,RS Bopara,NO Miller,0,0,,,,,,,,,
352665,2008/09,2009-03-20,Providence Stadium,1,21.5,England,West Indies,OA Shah,RS Bopara,NO Miller,0,0,,,,,,,,,
352665,2008/09,2009-03-20,Providence Stadium,1,21.6,England,West Indies,OA Shah,RS Bopara,NO Miller,1,0,,,,,,,,,
352665,2008/09,2009-03-20,Providence Stadium,1,22.1,England,West Indies,OA Shah,RS Bopara,DJG Sammy,0,0,,,,,,,,,
352665,2008/09,2009-03-20,Providence Stadium,1,22.2,England,West Indies,OA Shah,RS Bopara,DJG Sammy,0,0,,,,,,,,,
352665,2008/09,2009-03-20,Providence Stadium,1,22.3,England,West Indies,OA Shah,RS Bopara,DJG Sammy,0,0,,,,,,,,,
352665,2008/09,2009-03-20,Providence Stadium,1,22.4,England,West Indies,OA Shah,RS Bopara,DJG Sammy,0,0,,,,,,,,,
352665,2008/09,2009-03-20,Providence Stadium,1,22.5,England,West Indies,OA Shah,RS Bopara,DJG Sammy,1,0,,,,,,,,,
352665,2008/09,2009-03-20,Providence Stadium,1,22.6,England,West Indies,RS Bopara,OA Shah,DJG Sammy,1,0,,,,,,,,,
352665,2008/09,2009-03-20,Providence Stadium,1,23.1,England,West Indies,RS Bopara,OA Shah,NO Miller,0,0,,,,,,lbw,RS Bopara,,
352665,2008/09,2009-03-20,Providence Stadium,1,23.2,England,West Indies,PD Collingwood,OA Shah,NO Miller,1,0,,,,,,,,,
352665,2008/09,2009-03-20,Providence Stadium,1,23.3,England,West Indies,OA Shah,PD Collingwood,NO Miller,0,0,,,,,,,,,
352665,2008/09,2009-03-20,Providence Stadium,1,23.4,England,West Indies,OA Shah,PD Collingwood,NO Miller,4,0,,,,,,,,,
352665,2008/09,2009-03-20,Providence Stadium,1,23.5,England,West Indies,OA Shah,PD Collingwood,NO Miller,0,0,,,,,,,,,
352665,2008/09,2009-03-20,Providence Stadium,1,23.6,England,West Indies,OA Shah,PD Collingwood,NO Miller,1,0,,,,,,,,,
352665,2008/09,2009-03-20,Providence Stadium,1,24.1,England,West Indies,OA Shah,PD Collingwood,DJG Sammy,1,0,,,,,,,,,
352665,2008/09,2009-03-20,Providence Stadium,1,24.2,England,West Indies,PD Collingwood,OA Shah,DJG Sammy,0,0,,,,,,,,,
352665,2008/09,2009-03-20,Providence Stadium,1,24.3,England,West Indies,PD Collingwood,OA Shah,DJG Sammy,0,0,,,,,,,,,
352665,2008/09,2009-03-20,Providence Stadium,1,24.4,England,West Indies,PD Collingwood,OA Shah,DJG Sammy,1,0,,,,,,,,,
352665,2008/09,2009-03-20,Providence Stadium,1,24.5,England,West Indies,OA Shah,PD Collingwood,DJG Sammy,1,0,,,,,,,,,
352665,2008/09,2009-03-20,Providence Stadium,1,24.6,England,West Indies,PD Collingwood,OA Shah,DJG Sammy,2,0,,,,,,,,,
352665,2008/09,2009-03-20,Providence Stadium,1,25.1,England,West Indies,OA Shah,PD Collingwood,NO Miller,1,0,,,,,,,,,
352665,2008/09,2009-03-20,Providence Stadium,1,25.2,England,West Indies,PD Collingwood,OA Shah,NO Miller,0,0,,,,,,,,,
352665,2008/09,2009-03-20,Providence Stadium,1,25.3,England,West Indies,PD Collingwood,OA Shah,NO Miller,0,0,,,,,,,,,
352665,2008/09,2009-03-20,Providence Stadium,1,25.4,England,West Indies,PD Collingwood,OA Shah,NO Miller,1,0,,,,,,,,,
352665,2008/09,2009-03-20,Providence Stadium,1,25.5,England,West Indies,OA Shah,PD Collingwood,NO Miller,0,0,,,,,,,,,
352665,2008/09,2009-03-20,Providence Stadium,1,25.6,England,West Indies,OA Shah,PD Collingwood,NO Miller,0,0,,,,,,,,,
352665,2008/09,2009-03-20,Providence Stadium,1,26.1,England,West Indies,PD Collingwood,OA Shah,DJG Sammy,0,0,,,,,,,,,
352665,2008/09,2009-03-20,Providence Stadium,1,26.2,England,West Indies,PD Collingwood,OA Shah,DJG Sammy,0,0,,,,,,,,,
352665,2008/09,2009-03-20,Providence Stadium,1,26.3,England,West Indies,PD Collingwood,OA Shah,DJG Sammy,1,0,,,,,,,,,
352665,2008/09,2009-03-20,Providence Stadium,1,26.4,England,West Indies,OA Shah,PD Collingwood,DJG Sammy,1,0,,,,,,,,,
352665,2008/09,2009-03-20,Providence Stadium,1,26.5,England,West Indies,PD Collingwood,OA Shah,DJG Sammy,1,0,,,,,,,,,
352665,2008/09,2009-03-20,Providence Stadium,1,26.6,England,West Indies,OA Shah,PD Collingwood,DJG Sammy,0,0,,,,,,,,,
352665,2008/09,2009-03-20,Providence Stadium,1,27.1,England,West Indies,PD Collingwood,OA Shah,NO Miller,0,0,,,,,,,,,
352665,2008/09,2009-03-20,Providence Stadium,1,27.2,England,West Indies,PD Collingwood,OA Shah,NO Miller,3,0,,,,,,,,,
352665,2008/09,2009-03-20,Providence Stadium,1,27.3,England,West Indies,OA Shah,PD Collingwood,NO Miller,0,0,,,,,,,,,
352665,2008/09,2009-03-20,Providence Stadium,1,27.4,England,West Indies,OA Shah,PD Collingwood,NO Miller,0,0,,,,,,,,,
352665,2008/09,2009-03-20,Providence Stadium,1,27.5,England,West Indies,OA Shah,PD Collingwood,NO Miller,0,0,,,,,,,,,
352665,2008/09,2009-03-20,Providence Stadium,1,27.6,England,West Indies,OA Shah,PD Collingwood,NO Miller,1,0,,,,,,,,,
352665,2008/09,2009-03-20,Providence Stadium,1,28.1,England,West Indies,OA Shah,PD Collingwood,DJG Sammy,0,0,,,,,,,,,
352665,2008/09,2009-03-20,Providence Stadium,1,28.2,England,West Indies,OA Shah,PD Collingwood,DJG Sammy,0,0,,,,,,,,,
352665,2008/09,2009-03-20,Providence Stadium,1,28.3,England,West Indies,OA Shah,PD Collingwood,DJG Sammy,0,0,,,,,,,,,
352665,2008/09,2009-03-20,Providence Stadium,1,28.4,England,West Indies,OA Shah,PD Collingwood,DJG Sammy,0,0,,,,,,,,,
352665,2008/09,2009-03-20,Providence Stadium,1,28.5,England,West Indies,OA Shah,PD Collingwood,DJG Sammy,1,0,,,,,,,,,
352665,2008/09,2009-03-20,Providence Stadium,1,28.6,England,West Indies,PD Collingwood,OA Shah,DJG Sammy,1,0,,,,,,,,,
352665,2008/09,2009-03-20,Providence Stadium,1,29.1,England,West Indies,PD Collingwood,OA Shah,NO Miller,1,0,,,,,,,,,
352665,2008/09,2009-03-20,Providence Stadium,1,29.2,England,West Indies,OA Shah,PD Collingwood,NO Miller,4,0,,,,,,,,,
352665,2008/09,2009-03-20,Providence Stadium,1,29.3,England,West Indies,OA Shah,PD Collingwood,NO Miller,1,0,,,,,,,,,
352665,2008/09,2009-03-20,Providence Stadium,1,29.4,England,West Indies,PD Collingwood,OA Shah,NO Miller,0,0,,,,,,,,,
352665,2008/09,2009-03-20,Providence Stadium,1,29.5,England,West Indies,PD Collingwood,OA Shah,NO Miller,0,0,,,,,,,,,
352665,2008/09,2009-03-20,Providence Stadium,1,29.6,England,West Indies,PD Collingwood,OA Shah,NO Miller,2,0,,,,,,,,,
352665,2008/09,2009-03-20,Providence Stadium,1,30.1,England,West Indies,OA Shah,PD Collingwood,DJG Sammy,1,0,,,,,,,,,
352665,2008/09,2009-03-20,Providence Stadium,1,30.2,England,West Indies,PD Collingwood,OA Shah,DJG Sammy,0,0,,,,,,,,,
352665,2008/09,2009-03-20,Providence Stadium,1,30.3,England,West Indies,PD Collingwood,OA Shah,DJG Sammy,1,0,,,,,,,,,
352665,2008/09,2009-03-20,Providence Stadium,1,30.4,England,West Indies,OA Shah,PD Collingwood,DJG Sammy,1,0,,,,,,,,,
352665,2008/09,2009-03-20,Providence Stadium,1,30.5,England,West Indies,PD Collingwood,OA Shah,DJG Sammy,0,0,,,,,,,,,
352665,2008/09,2009-03-20,Providence Stadium,1,30.6,England,West Indies,PD Collingwood,OA Shah,DJG Sammy,4,0,,,,,,,,,
352665,2008/09,2009-03-20,Providence Stadium,1,31.1,England,West Indies,OA Shah,PD Collingwood,NO Miller,0,0,,,,,,,,,
352665,2008/09,2009-03-20,Providence Stadium,1,31.2,England,West Indies,OA Shah,PD Collingwood,NO Miller,1,0,,,,,,,,,
352665,2008/09,2009-03-20,Providence Stadium,1,31.3,England,West Indies,PD Collingwood,OA Shah,NO Miller,0,0,,,,,,,,,
352665,2008/09,2009-03-20,Providence Stadium,1,31.4,England,West Indies,PD Collingwood,OA Shah,NO Miller,0,0,,,,,,,,,
352665,2008/09,2009-03-20,Providence Stadium,1,31.5,England,West Indies,PD Collingwood,OA Shah,NO Miller,1,0,,,,,,,,,
352665,2008/09,2009-03-20,Providence Stadium,1,31.6,England,West Indies,OA Shah,PD Collingwood,NO Miller,0,0,,,,,,,,,
352665,2008/09,2009-03-20,Providence Stadium,1,32.1,England,West Indies,PD Collingwood,OA Shah,DJG Sammy,1,0,,,,,,,,,
352665,2008/09,2009-03-20,Providence Stadium,1,32.2,England,West Indies,OA Shah,PD Collingwood,DJG Sammy,1,0,,,,,,,,,
352665,2008/09,2009-03-20,Providence Stadium,1,32.3,England,West Indies,PD Collingwood,OA Shah,DJG Sammy,1,0,,,,,,,,,
352665,2008/09,2009-03-20,Providence Stadium,1,32.4,England,West Indies,OA Shah,PD Collingwood,DJG Sammy,0,0,,,,,,,,,
352665,2008/09,2009-03-20,Providence Stadium,1,32.5,England,West Indies,OA Shah,PD Collingwood,DJG Sammy,1,0,,,,,,,,,
352665,2008/09,2009-03-20,Providence Stadium,1,32.6,England,West Indies,PD Collingwood,OA Shah,DJG Sammy,1,0,,,,,,,,,
352665,2008/09,2009-03-20,Providence Stadium,1,33.1,England,West Indies,PD Collingwood,OA Shah,NO Miller,4,0,,,,,,,,,
352665,2008/09,2009-03-20,Providence Stadium,1,33.2,England,West Indies,PD Collingwood,OA Shah,NO Miller,0,0,,,,,,,,,
352665,2008/09,2009-03-20,Providence Stadium,1,33.3,England,West Indies,PD Collingwood,OA Shah,NO Miller,0,0,,,,,,,,,
352665,2008/09,2009-03-20,Providence Stadium,1,33.4,England,West Indies,PD Collingwood,OA Shah,NO Miller,4,0,,,,,,,,,
352665,2008/09,2009-03-20,Providence Stadium,1,33.5,England,West Indies,PD Collingwood,OA Shah,NO Miller,1,0,,,,,,,,,
352665,2008/09,2009-03-20,Providence Stadium,1,33.6,England,West Indies,OA Shah,PD Collingwood,NO Miller,0,1,1,,,,,,,,
352665,2008/09,2009-03-20,Providence Stadium,1,33.7,England,West Indies,OA Shah,PD Collingwood,NO Miller,0,0,,,,,,,,,
352665,2008/09,2009-03-20,Providence Stadium,1,34.1,England,West Indies,PD Collingwood,OA Shah,KA Pollard,1,0,,,,,,,,,
352665,2008/09,2009-03-20,Providence Stadium,1,34.2,England,West Indies,OA Shah,PD Collingwood,KA Pollard,1,0,,,,,,,,,
352665,2008/09,2009-03-20,Providence Stadium,1,34.3,England,West Indies,PD Collingwood,OA Shah,KA Pollard,1,0,,,,,,,,,
352665,2008/09,2009-03-20,Providence Stadium,1,34.4,England,West Indies,OA Shah,PD Collingwood,KA Pollard,1,0,,,,,,,,,
352665,2008/09,2009-03-20,Providence Stadium,1,34.5,England,West Indies,PD Collingwood,OA Shah,KA Pollard,0,0,,,,,,,,,
352665,2008/09,2009-03-20,Providence Stadium,1,34.6,England,West Indies,PD Collingwood,OA Shah,KA Pollard,1,0,,,,,,,,,
352665,2008/09,2009-03-20,Providence Stadium,1,35.1,England,West Indies,PD Collingwood,OA Shah,CH Gayle,0,0,,,,,,,,,
352665,2008/09,2009-03-20,Providence Stadium,1,35.2,England,West Indies,PD Collingwood,OA Shah,CH Gayle,0,0,,,,,,,,,
352665,2008/09,2009-03-20,Providence Stadium,1,35.3,England,West Indies,PD Collingwood,OA Shah,CH Gayle,0,0,,,,,,,,,
352665,2008/09,2009-03-20,Providence Stadium,1,35.4,England,West Indies,PD Collingwood,OA Shah,CH Gayle,0,0,,,,,,,,,
352665,2008/09,2009-03-20,Providence Stadium,1,35.5,England,West Indies,PD Collingwood,OA Shah,CH Gayle,1,0,,,,,,,,,
352665,2008/09,2009-03-20,Providence Stadium,1,35.6,England,West Indies,OA Shah,PD Collingwood,CH Gayle,0,0,,,,,,,,,
352665,2008/09,2009-03-20,Providence Stadium,1,36.1,England,West Indies,PD Collingwood,OA Shah,KA Pollard,1,0,,,,,,,,,
352665,2008/09,2009-03-20,Providence Stadium,1,36.2,England,West Indies,OA Shah,PD Collingwood,KA Pollard,1,0,,,,,,,,,
352665,2008/09,2009-03-20,Providence Stadium,1,36.3,England,West Indies,PD Collingwood,OA Shah,KA Pollard,0,5,5,,,,,,,,
352665,2008/09,2009-03-20,Providence Stadium,1,36.4,England,West Indies,PD Collingwood,OA Shah,KA Pollard,4,0,,,,,,,,,
352665,2008/09,2009-03-20,Providence Stadium,1,36.5,England,West Indies,PD Collingwood,OA Shah,KA Pollard,0,0,,,,,,,,,
352665,2008/09,2009-03-20,Providence Stadium,1,36.6,England,West Indies,PD Collingwood,OA Shah,KA Pollard,1,0,,,,,,,,,
352665,2008/09,2009-03-20,Providence Stadium,1,36.7,England,West Indies,OA Shah,PD Collingwood,KA Pollard,1,0,,,,,,,,,
352665,2008/09,2009-03-20,Providence Stadium,1,37.1,England,West Indies,OA Shah,PD Collingwood,CH Gayle,0,0,,,,,,,,,
352665,2008/09,2009-03-20,Providence Stadium,1,37.2,England,West Indies,OA Shah,PD Collingwood,CH Gayle,0,1,1,,,,,,,,
352665,2008/09,2009-03-20,Providence Stadium,1,37.3,England,West Indies,OA Shah,PD Collingwood,CH Gayle,1,0,,,,,,,,,
352665,2008/09,2009-03-20,Providence Stadium,1,37.4,England,West Indies,PD Collingwood,OA Shah,CH Gayle,1,0,,,,,,,,,
352665,2008/09,2009-03-20,Providence Stadium,1,37.5,England,West Indies,OA Shah,PD Collingwood,CH Gayle,1,0,,,,,,,,,
352665,2008/09,2009-03-20,Providence Stadium,1,37.6,England,West Indies,PD Collingwood,OA Shah,CH Gayle,1,0,,,,,,,,,
352665,2008/09,2009-03-20,Providence Stadium,1,37.7,England,West Indies,OA Shah,PD Collingwood,CH Gayle,0,0,,,,,,,,,
352665,2008/09,2009-03-20,Providence Stadium,1,38.1,England,West Indies,PD Collingwood,OA Shah,KA Pollard,1,0,,,,,,,,,
352665,2008/09,2009-03-20,Providence Stadium,1,38.2,England,West Indies,OA Shah,PD Collingwood,KA Pollard,0,0,,,,,,,,,
352665,2008/09,2009-03-20,Providence Stadium,1,38.3,England,West Indies,OA Shah,PD Collingwood,KA Pollard,1,0,,,,,,,,,
352665,2008/09,2009-03-20,Providence Stadium,1,38.4,England,West Indies,PD Collingwood,OA Shah,KA Pollard,0,0,,,,,,,,,
352665,2008/09,2009-03-20,Providence Stadium,1,38.5,England,West Indies,PD Collingwood,OA Shah,KA Pollard,0,0,,,,,,,,,
352665,2008/09,2009-03-20,Providence Stadium,1,38.6,England,West Indies,PD Collingwood,OA Shah,KA Pollard,1,0,,,,,,,,,
352665,2008/09,2009-03-20,Providence Stadium,1,39.1,England,West Indies,PD Collingwood,OA Shah,CH Gayle,1,0,,,,,,,,,
352665,2008/09,2009-03-20,Providence Stadium,1,39.2,England,West Indies,OA Shah,PD Collingwood,CH Gayle,0,0,,,,,,,,,
352665,2008/09,2009-03-20,Providence Stadium,1,39.3,England,West Indies,OA Shah,PD Collingwood,CH Gayle,4,0,,,,,,,,,
352665,2008/09,2009-03-20,Providence Stadium,1,39.4,England,West Indies,OA Shah,PD Collingwood,CH Gayle,1,0,,,,,,,,,
352665,2008/09,2009-03-20,Providence Stadium,1,39.5,England,West Indies,PD Collingwood,OA Shah,CH Gayle,0,1,1,,,,,,,,
352665,2008/09,2009-03-20,Providence Stadium,1,39.6,England,West Indies,PD Collingwood,OA Shah,CH Gayle,0,0,,,,,,,,,
352665,2008/09,2009-03-20,Providence Stadium,1,39.7,England,West Indies,PD Collingwood,OA Shah,CH Gayle,1,0,,,,,,,,,
352665,2008/09,2009-03-20,Providence Stadium,1,40.1,England,West Indies,PD Collingwood,OA Shah,KA Pollard,1,0,,,,,,,,,
352665,2008/09,2009-03-20,Providence Stadium,1,40.2,England,West Indies,OA Shah,PD Collingwood,KA Pollard,1,0,,,,,,,,,
352665,2008/09,2009-03-20,Providence Stadium,1,40.3,England,West Indies,PD Collingwood,OA Shah,KA Pollard,1,0,,,,,,,,,
352665,2008/09,2009-03-20,Providence Stadium,1,40.4,England,West Indies,OA Shah,PD Collingwood,KA Pollard,0,1,1,,,,,,,,
352665,2008/09,2009-03-20,Providence Stadium,1,40.5,England,West Indies,OA Shah,PD Collingwood,KA Pollard,0,0,,,,,,,,,
352665,2008/09,2009-03-20,Providence Stadium,1,40.6,England,West Indies,OA Shah,PD Collingwood,KA Pollard,0,0,,,,,,,,,
352665,2008/09,2009-03-20,Providence Stadium,1,40.7,England,West Indies,OA Shah,PD Collingwood,KA Pollard,0,0,,,,,,,,,
352665,2008/09,2009-03-20,Providence Stadium,1,41.1,England,West Indies,PD Collingwood,OA Shah,DJ Bravo,2,0,,,,,,,,,
352665,2008/09,2009-03-20,Providence Stadium,1,41.2,England,West Indies,PD Collingwood,OA Shah,DJ Bravo,1,0,,,,,,,,,
352665,2008/09,2009-03-20,Providence Stadium,1,41.3,England,West Indies,OA Shah,PD Collingwood,DJ Bravo,1,0,,,,,,,,,
352665,2008/09,2009-03-20,Providence Stadium,1,41.4,England,West Indies,PD Collingwood,OA Shah,DJ Bravo,1,0,,,,,,,,,
352665,2008/09,2009-03-20,Providence Stadium,1,41.5,England,West Indies,OA Shah,PD Collingwood,DJ Bravo,0,0,,,,,,,,,
352665,2008/09,2009-03-20,Providence Stadium,1,41.6,England,West Indies,OA Shah,PD Collingwood,DJ Bravo,0,0,,,,,,caught,OA Shah,,
352665,2008/09,2009-03-20,Providence Stadium,1,42.1,England,West Indies,AD Mascarenhas,PD Collingwood,KA Pollard,0,1,1,,,,,,,,
352665,2008/09,2009-03-20,Providence Stadium,1,42.2,England,West Indies,AD Mascarenhas,PD Collingwood,KA Pollard,0,0,,,,,,,,,
352665,2008/09,2009-03-20,Providence Stadium,1,42.3,England,West Indies,AD Mascarenhas,PD Collingwood,KA Pollard,0,0,,,,,,lbw,AD Mascarenhas,,
352665,2008/09,2009-03-20,Providence Stadium,1,42.4,England,West Indies,MJ Prior,PD Collingwood,KA Pollard,0,0,,,,,,,,,
352665,2008/09,2009-03-20,Providence Stadium,1,42.5,England,West Indies,MJ Prior,PD Collingwood,KA Pollard,1,0,,,,,,,,,
352665,2008/09,2009-03-20,Providence Stadium,1,42.6,England,West Indies,PD Collingwood,MJ Prior,KA Pollard,0,0,,,,,,,,,
352665,2008/09,2009-03-20,Providence Stadium,1,42.7,England,West Indies,PD Collingwood,MJ Prior,KA Pollard,1,0,,,,,,,,,
352665,2008/09,2009-03-20,Providence Stadium,1,43.1,England,West Indies,PD Collingwood,MJ Prior,DJ Bravo,0,0,,,,,,,,,
352665,2008/09,2009-03-20,Providence Stadium,1,43.2,England,West Indies,PD Collingwood,MJ Prior,DJ Bravo,1,0,,,,,,,,,
352665,2008/09,2009-03-20,Providence Stadium,1,43.3,England,West Indies,MJ Prior,PD Collingwood,DJ Bravo,0,0,,,,,,,,,
352665,2008/09,2009-03-20,Providence Stadium,1,43.4,England,West Indies,MJ Prior,PD Collingwood,DJ Bravo,0,1,,,,1,,,,,
352665,2008/09,2009-03-20,Providence Stadium,1,43.5,England,West Indies,PD Collingwood,MJ Prior,DJ Bravo,1,0,,,,,,,,,
352665,2008/09,2009-03-20,Providence Stadium,1,43.6,England,West Indies,MJ Prior,PD Collingwood,DJ Bravo,0,1,,,,1,,,,,
352665,2008/09,2009-03-20,Providence Stadium,1,44.1,England,West Indies,MJ Prior,PD Collingwood,KA Pollard,0,0,,,,,,,,,
352665,2008/09,2009-03-20,Providence Stadium,1,44.2,England,West Indies,MJ Prior,PD Collingwood,KA Pollard,0,0,,,,,,,,,
352665,2008/09,2009-03-20,Providence Stadium,1,44.3,England,West Indies,MJ Prior,PD Collingwood,KA Pollard,1,0,,,,,,,,,
352665,2008/09,2009-03-20,Providence Stadium,1,44.4,England,West Indies,PD Collingwood,MJ Prior,KA Pollard,0,0,,,,,,,,,
352665,2008/09,2009-03-20,Providence Stadium,1,44.5,England,West Indies,PD Collingwood,MJ Prior,KA Pollard,0,0,,,,,,,,,
352665,2008/09,2009-03-20,Providence Stadium,1,44.6,England,West Indies,PD Collingwood,MJ Prior,KA Pollard,0,0,,,,,,,,,
352665,2008/09,2009-03-20,Providence Stadium,1,45.1,England,West Indies,MJ Prior,PD Collingwood,DJ Bravo,1,0,,,,,,,,,
352665,2008/09,2009-03-20,Providence Stadium,1,45.2,England,West Indies,PD Collingwood,MJ Prior,DJ Bravo,4,0,,,,,,,,,
352665,2008/09,2009-03-20,Providence Stadium,1,45.3,England,West Indies,PD Collingwood,MJ Prior,DJ Bravo,2,0,,,,,,,,,
352665,2008/09,2009-03-20,Providence Stadium,1,45.4,England,West Indies,PD Collingwood,MJ Prior,DJ Bravo,0,0,,,,,,,,,
352665,2008/09,2009-03-20,Providence Stadium,1,45.5,England,West Indies,PD Collingwood,MJ Prior,DJ Bravo,2,0,,,,,,,,,
352665,2008/09,2009-03-20,Providence Stadium,1,45.6,England,West Indies,PD Collingwood,MJ Prior,DJ Bravo,0,0,,,,,,,,,
352665,2008/09,2009-03-20,Providence Stadium,1,46.1,England,West Indies,MJ Prior,PD Collingwood,KA Pollard,1,0,,,,,,,,,
352665,2008/09,2009-03-20,Providence Stadium,1,46.2,England,West Indies,PD Collingwood,MJ Prior,KA Pollard,0,1,,,,1,,,,,
352665,2008/09,2009-03-20,Providence Stadium,1,46.3,England,West Indies,MJ Prior,PD Collingwood,KA Pollard,4,0,,,,,,,,,
352665,2008/09,2009-03-20,Providence Stadium,1,46.4,England,West Indies,MJ Prior,PD Collingwood,KA Pollard,1,0,,,,,,,,,
352665,2008/09,2009-03-20,Providence Stadium,1,46.5,England,West Indies,PD Collingwood,MJ Prior,KA Pollard,4,0,,,,,,,,,
352665,2008/09,2009-03-20,Providence Stadium,1,46.6,England,West Indies,PD Collingwood,MJ Prior,KA Pollard,0,0,,,,,,caught,PD Collingwood,,
352665,2008/09,2009-03-20,Providence Stadium,1,47.1,England,West Indies,SCJ Broad,MJ Prior,DJ Bravo,0,0,,,,,,,,,
352665,2008/09,2009-03-20,Providence Stadium,1,47.2,England,West Indies,SCJ Broad,MJ Prior,DJ Bravo,2,0,,,,,,,,,
352665,2008/09,2009-03-20,Providence Stadium,1,47.3,England,West Indies,SCJ Broad,MJ Prior,DJ Bravo,1,0,,,,,,,,,
352665,2008/09,2009-03-20,Providence Stadium,1,47.4,England,West Indies,MJ Prior,SCJ Broad,DJ Bravo,4,0,,,,,,,,,
352665,2008/09,2009-03-20,Providence Stadium,1,47.5,England,West Indies,MJ Prior,SCJ Broad,DJ Bravo,4,0,,,,,,,,,
352665,2008/09,2009-03-20,Providence Stadium,1,47.6,England,West Indies,MJ Prior,SCJ Broad,DJ Bravo,1,0,,,,,,,,,
352665,2008/09,2009-03-20,Providence Stadium,1,48.1,England,West Indies,MJ Prior,SCJ Broad,KA Pollard,1,0,,,,,,,,,
352665,2008/09,2009-03-20,Providence Stadium,1,48.2,England,West Indies,SCJ Broad,MJ Prior,KA Pollard,2,0,,,,,,,,,
352665,2008/09,2009-03-20,Providence Stadium,1,48.3,England,West Indies,SCJ Broad,MJ Prior,KA Pollard,1,0,,,,,,,,,
352665,2008/09,2009-03-20,Providence Stadium,1,48.4,England,West Indies,MJ Prior,SCJ Broad,KA Pollard,1,0,,,,,,,,,
352665,2008/09,2009-03-20,Providence Stadium,1,48.5,England,West Indies,SCJ Broad,MJ Prior,KA Pollard,0,0,,,,,,,,,
352665,2008/09,2009-03-20,Providence Stadium,1,48.6,England,West Indies,SCJ Broad,MJ Prior,KA Pollard,2,0,,,,,,,,,
352665,2008/09,2009-03-20,Providence Stadium,1,49.1,England,West Indies,MJ Prior,SCJ Broad,DJ Bravo,0,0,,,,,,,,,
352665,2008/09,2009-03-20,Providence Stadium,1,49.2,England,West Indies,MJ Prior,SCJ Broad,DJ Bravo,1,0,,,,,,,,,
352665,2008/09,2009-03-20,Providence Stadium,1,49.3,England,West Indies,SCJ Broad,MJ Prior,DJ Bravo,0,0,,,,,,run out,SCJ Broad,,
352665,2008/09,2009-03-20,Providence Stadium,1,49.4,England,West Indies,MJ Prior,GJ Batty,DJ Bravo,4,0,,,,,,,,,
352665,2008/09,2009-03-20,Providence Stadium,1,49.5,England,West Indies,MJ Prior,GJ Batty,DJ Bravo,1,0,,,,,,,,,
352665,2008/09,2009-03-20,Providence Stadium,1,49.6,England,West Indies,GJ Batty,MJ Prior,DJ Bravo,2,0,,,,,,,,,
352665,2008/09,2009-03-20,Providence Stadium,2,0.1,West Indies,England,CH Gayle,LMP Simmons,SCJ Broad,0,0,,,,,,,,,
352665,2008/09,2009-03-20,Providence Stadium,2,0.2,West Indies,England,CH Gayle,LMP Simmons,SCJ Broad,0,0,,,,,,,,,
352665,2008/09,2009-03-20,Providence Stadium,2,0.3,West Indies,England,CH Gayle,LMP Simmons,SCJ Broad,0,0,,,,,,,,,
352665,2008/09,2009-03-20,Providence Stadium,2,0.4,West Indies,England,CH Gayle,LMP Simmons,SCJ Broad,0,0,,,,,,,,,
352665,2008/09,2009-03-20,Providence Stadium,2,0.5,West Indies,England,CH Gayle,LMP Simmons,SCJ Broad,0,0,,,,,,,,,
352665,2008/09,2009-03-20,Providence Stadium,2,0.6,West Indies,England,CH Gayle,LMP Simmons,SCJ Broad,0,0,,,,,,,,,
352665,2008/09,2009-03-20,Providence Stadium,2,1.1,West Indies,England,LMP Simmons,CH Gayle,JM Anderson,0,0,,,,,,,,,
352665,2008/09,2009-03-20,Providence Stadium,2,1.2,West Indies,England,LMP Simmons,CH Gayle,JM Anderson,3,0,,,,,,,,,
352665,2008/09,2009-03-20,Providence Stadium,2,1.3,West Indies,England,CH Gayle,LMP Simmons,JM Anderson,0,0,,,,,,,,,
352665,2008/09,2009-03-20,Providence Stadium,2,1.4,West Indies,England,CH Gayle,LMP Simmons,JM Anderson,1,0,,,,,,,,,
352665,2008/09,2009-03-20,Providence Stadium,2,1.5,West Indies,England,LMP Simmons,CH Gayle,JM Anderson,0,0,,,,,,,,,
352665,2008/09,2009-03-20,Providence Stadium,2,1.6,West Indies,England,LMP Simmons,CH Gayle,JM Anderson,0,0,,,,,,,,,
352665,2008/09,2009-03-20,Providence Stadium,2,2.1,West Indies,England,CH Gayle,LMP Simmons,SCJ Broad,0,0,,,,,,,,,
352665,2008/09,2009-03-20,Providence Stadium,2,2.2,West Indies,England,CH Gayle,LMP Simmons,SCJ Broad,1,0,,,,,,,,,
352665,2008/09,2009-03-20,Providence Stadium,2,2.3,West Indies,England,LMP Simmons,CH Gayle,SCJ Broad,0,0,,,,,,,,,
352665,2008/09,2009-03-20,Providence Stadium,2,2.4,West Indies,England,LMP Simmons,CH Gayle,SCJ Broad,0,1,,,,1,,,,,
352665,2008/09,2009-03-20,Providence Stadium,2,2.5,West Indies,England,CH Gayle,LMP Simmons,SCJ Broad,0,0,,,,,,lbw,CH Gayle,,
352665,2008/09,2009-03-20,Providence Stadium,2,2.6,West Indies,England,RR Sarwan,LMP Simmons,SCJ Broad,0,0,,,,,,,,,
352665,2008/09,2009-03-20,Providence Stadium,2,3.1,West Indies,England,LMP Simmons,RR Sarwan,JM Anderson,4,0,,,,,,,,,
352665,2008/09,2009-03-20,Providence Stadium,2,3.2,West Indies,England,LMP Simmons,RR Sarwan,JM Anderson,0,0,,,,,,,,,
352665,2008/09,2009-03-20,Providence Stadium,2,3.3,West Indies,England,LMP Simmons,RR Sarwan,JM Anderson,0,0,,,,,,,,,
352665,2008/09,2009-03-20,Providence Stadium,2,3.4,West Indies,England,LMP Simmons,RR Sarwan,JM Anderson,0,0,,,,,,,,,
352665,2008/09,2009-03-20,Providence Stadium,2,3.5,West Indies,England,LMP Simmons,RR Sarwan,JM Anderson,0,0,,,,,,,,,
352665,2008/09,2009-03-20,Providence Stadium,2,3.6,West Indies,England,LMP Simmons,RR Sarwan,JM Anderson,0,0,,,,,,,,,
352665,2008/09,2009-03-20,Providence Stadium,2,4.1,West Indies,England,RR Sarwan,LMP Simmons,SCJ Broad,0,0,,,,,,,,,
352665,2008/09,2009-03-20,Providence Stadium,2,4.2,West Indies,England,RR Sarwan,LMP Simmons,SCJ Broad,0,0,,,,,,,,,
352665,2008/09,2009-03-20,Providence Stadium,2,4.3,West Indies,England,RR Sarwan,LMP Simmons,SCJ Broad,0,0,,,,,,,,,
352665,2008/09,2009-03-20,Providence Stadium,2,4.4,West Indies,England,RR Sarwan,LMP Simmons,SCJ Broad,0,0,,,,,,,,,
352665,2008/09,2009-03-20,Providence Stadium,2,4.5,West Indies,England,RR Sarwan,LMP Simmons,SCJ Broad,0,0,,,,,,,,,
352665,2008/09,2009-03-20,Providence Stadium,2,4.6,West Indies,England,RR Sarwan,LMP Simmons,SCJ Broad,0,0,,,,,,,,,
352665,2008/09,2009-03-20,Providence Stadium,2,5.1,West Indies,England,LMP Simmons,RR Sarwan,JM Anderson,0,0,,,,,,,,,
352665,2008/09,2009-03-20,Providence Stadium,2,5.2,West Indies,England,LMP Simmons,RR Sarwan,JM Anderson,0,0,,,,,,,,,
352665,2008/09,2009-03-20,Providence Stadium,2,5.3,West Indies,England,LMP Simmons,RR Sarwan,JM Anderson,0,0,,,,,,,,,
352665,2008/09,2009-03-20,Providence Stadium,2,5.4,West Indies,England,LMP Simmons,RR Sarwan,JM Anderson,0,0,,,,,,,,,
352665,2008/09,2009-03-20,Providence Stadium,2,5.5,West Indies,England,LMP Simmons,RR Sarwan,JM Anderson,1,0,,,,,,,,,
352665,2008/09,2009-03-20,Providence Stadium,2,5.6,West Indies,England,RR Sarwan,LMP Simmons,JM Anderson,3,0,,,,,,,,,
352665,2008/09,2009-03-20,Providence Stadium,2,6.1,West Indies,England,RR Sarwan,LMP Simmons,SCJ Broad,0,0,,,,,,,,,
352665,2008/09,2009-03-20,Providence Stadium,2,6.2,West Indies,England,RR Sarwan,LMP Simmons,SCJ Broad,0,5,5,,,,,,,,
352665,2008/09,2009-03-20,Providence Stadium,2,6.3,West Indies,England,RR Sarwan,LMP Simmons,SCJ Broad,0,0,,,,,,,,,
352665,2008/09,2009-03-20,Providence Stadium,2,6.4,West Indies,England,RR Sarwan,LMP Simmons,SCJ Broad,0,0,,,,,,,,,
352665,2008/09,2009-03-20,Providence Stadium,2,6.5,West Indies,England,RR Sarwan,LMP Simmons,SCJ Broad,0,2,,,,2,,,,,
352665,2008/09,2009-03-20,Providence Stadium,2,6.6,West Indies,England,RR Sarwan,LMP Simmons,SCJ Broad,0,0,,,,,,,,,
352665,2008/09,2009-03-20,Providence Stadium,2,6.7,West Indies,England,RR Sarwan,LMP Simmons,SCJ Broad,1,0,,,,,,,,,
352665,2008/09,2009-03-20,Providence Stadium,2,7.1,West Indies,England,RR Sarwan,LMP Simmons,JM Anderson,0,0,,,,,,,,,
352665,2008/09,2009-03-20,Providence Stadium,2,7.2,West Indies,England,RR Sarwan,LMP Simmons,JM Anderson,0,0,,,,,,,,,
352665,2008/09,2009-03-20,Providence Stadium,2,7.3,West Indies,England,RR Sarwan,LMP Simmons,JM Anderson,4,0,,,,,,,,,
352665,2008/09,2009-03-20,Providence Stadium,2,7.4,West Indies,England,RR Sarwan,LMP Simmons,JM Anderson,1,0,,,,,,,,,
352665,2008/09,2009-03-20,Providence Stadium,2,7.5,West Indies,England,LMP Simmons,RR Sarwan,JM Anderson,1,0,,,,,,,,,
352665,2008/09,2009-03-20,Providence Stadium,2,7.6,West Indies,England,RR Sarwan,LMP Simmons,JM Anderson,0,0,,,,,,,,,
352665,2008/09,2009-03-20,Providence Stadium,2,8.1,West Indies,England,LMP Simmons,RR Sarwan,SCJ Broad,4,0,,,,,,,,,
352665,2008/09,2009-03-20,Providence Stadium,2,8.2,West Indies,England,LMP Simmons,RR Sarwan,SCJ Broad,0,0,,,,,,,,,
352665,2008/09,2009-03-20,Providence Stadium,2,8.3,West Indies,England,LMP Simmons,RR Sarwan,SCJ Broad,2,0,,,,,,,,,
352665,2008/09,2009-03-20,Providence Stadium,2,8.4,West Indies,England,LMP Simmons,RR Sarwan,SCJ Broad,0,0,,,,,,,,,
352665,2008/09,2009-03-20,Providence Stadium,2,8.5,West Indies,England,LMP Simmons,RR Sarwan,SCJ Broad,0,0,,,,,,,,,
352665,2008/09,2009-03-20,Providence Stadium,2,8.6,West Indies,England,LMP Simmons,RR Sarwan,SCJ Broad,1,0,,,,,,,,,
352665,2008/09,2009-03-20,Providence Stadium,2,9.1,West Indies,England,LMP Simmons,RR Sarwan,SJ Harmison,0,0,,,,,,,,,
352665,2008/09,2009-03-20,Providence Stadium,2,9.2,West Indies,England,LMP Simmons,RR Sarwan,SJ Harmison,0,0,,,,,,,,,
352665,2008/09,2009-03-20,Providence Stadium,2,9.3,West Indies,England,LMP Simmons,RR Sarwan,SJ Harmison,0,1,1,,,,,,,,
352665,2008/09,2009-03-20,Providence Stadium,2,9.4,West Indies,England,LMP Simmons,RR Sarwan,SJ Harmison,0,0,,,,,,,,,
352665,2008/09,2009-03-20,Providence Stadium,2,9.5,West Indies,England,LMP Simmons,RR Sarwan,SJ Harmison,0,0,,,,,,,,,
352665,2008/09,2009-03-20,Providence Stadium,2,9.6,West Indies,England,LMP Simmons,RR Sarwan,SJ Harmison,0,0,,,,,,,,,
352665,2008/09,2009-03-20,Providence Stadium,2,9.7,West Indies,England,LMP Simmons,RR Sarwan,SJ Harmison,0,0,,,,,,,,,
352665,2008/09,2009-03-20,Providence Stadium,2,10.1,West Indies,England,RR Sarwan,LMP Simmons,SCJ Broad,1,0,,,,,,,,,
352665,2008/09,2009-03-20,Providence Stadium,2,10.2,West Indies,England,LMP Simmons,RR Sarwan,SCJ Broad,0,0,,,,,,,,,
352665,2008/09,2009-03-20,Providence Stadium,2,10.3,West Indies,England,LMP Simmons,RR Sarwan,SCJ Broad,0,0,,,,,,,,,
352665,2008/09,2009-03-20,Providence Stadium,2,10.4,West Indies,England,LMP Simmons,RR Sarwan,SCJ Broad,0,0,,,,,,,,,
352665,2008/09,2009-03-20,Providence Stadium,2,10.5,West Indies,England,LMP Simmons,RR Sarwan,SCJ Broad,1,0,,,,,,,,,
352665,2008/09,2009-03-20,Providence Stadium,2,10.6,West Indies,England,RR Sarwan,LMP Simmons,SCJ Broad,0,0,,,,,,,,,
352665,2008/09,2009-03-20,Providence Stadium,2,11.1,West Indies,England,LMP Simmons,RR Sarwan,SJ Harmison,0,0,,,,,,,,,
352665,2008/09,2009-03-20,Providence Stadium,2,11.2,West Indies,England,LMP Simmons,RR Sarwan,SJ Harmison,0,0,,,,,,,,,
352665,2008/09,2009-03-20,Providence Stadium,2,11.3,West Indies,England,LMP Simmons,RR Sarwan,SJ Harmison,4,0,,,,,,,,,
352665,2008/09,2009-03-20,Providence Stadium,2,11.4,West Indies,England,LMP Simmons,RR Sarwan,SJ Harmison,0,0,,,,,,,,,
352665,2008/09,2009-03-20,Providence Stadium,2,11.5,West Indies,England,LMP Simmons,RR Sarwan,SJ Harmison,0,0,,,,,,,,,
352665,2008/09,2009-03-20,Providence Stadium,2,11.6,West Indies,England,LMP Simmons,RR Sarwan,SJ Harmison,2,0,,,,,,,,,
352665,2008/09,2009-03-20,Providence Stadium,2,12.1,West Indies,England,RR Sarwan,LMP Simmons,JM Anderson,2,0,,,,,,,,,
352665,2008/09,2009-03-20,Providence Stadium,2,12.2,West Indies,England,RR Sarwan,LMP Simmons,JM Anderson,4,0,,,,,,,,,
352665,2008/09,2009-03-20,Providence Stadium,2,12.3,West Indies,England,RR Sarwan,LMP Simmons,JM Anderson,0,0,,,,,,,,,
352665,2008/09,2009-03-20,Providence Stadium,2,12.4,West Indies,England,RR Sarwan,LMP Simmons,JM Anderson,4,0,,,,,,,,,
352665,2008/09,2009-03-20,Providence Stadium,2,12.5,West Indies,England,RR Sarwan,LMP Simmons,JM Anderson,0,0,,,,,,,,,
352665,2008/09,2009-03-20,Providence Stadium,2,12.6,West Indies,England,RR Sarwan,LMP Simmons,JM Anderson,0,0,,,,,,,,,
352665,2008/09,2009-03-20,Providence Stadium,2,13.1,West Indies,England,LMP Simmons,RR Sarwan,SJ Harmison,1,0,,,,,,,,,
352665,2008/09,2009-03-20,Providence Stadium,2,13.2,West Indies,England,RR Sarwan,LMP Simmons,SJ Harmison,0,1,,,1,,,,,,
352665,2008/09,2009-03-20,Providence Stadium,2,13.3,West Indies,England,LMP Simmons,RR Sarwan,SJ Harmison,0,0,,,,,,,,,
352665,2008/09,2009-03-20,Providence Stadium,2,13.4,West Indies,England,LMP Simmons,RR Sarwan,SJ Harmison,0,0,,,,,,,,,
352665,2008/09,2009-03-20,Providence Stadium,2,13.5,West Indies,England,LMP Simmons,RR Sarwan,SJ Harmison,1,0,,,,,,,,,
352665,2008/09,2009-03-20,Providence Stadium,2,13.6,West Indies,England,RR Sarwan,LMP Simmons,SJ Harmison,0,0,,,,,,,,,
352665,2008/09,2009-03-20,Providence Stadium,2,14.1,West Indies,England,LMP Simmons,RR Sarwan,JM Anderson,1,0,,,,,,,,,
352665,2008/09,2009-03-20,Providence Stadium,2,14.2,West Indies,England,RR Sarwan,LMP Simmons,JM Anderson,0,0,,,,,,,,,
352665,2008/09,2009-03-20,Providence Stadium,2,14.3,West Indies,England,RR Sarwan,LMP Simmons,JM Anderson,0,0,,,,,,,,,
352665,2008/09,2009-03-20,Providence Stadium,2,14.4,West Indies,England,RR Sarwan,LMP Simmons,JM Anderson,0,0,,,,,,,,,
352665,2008/09,2009-03-20,Providence Stadium,2,14.5,West Indies,England,RR Sarwan,LMP Simmons,JM Anderson,2,0,,,,,,,,,
352665,2008/09,2009-03-20,Providence Stadium,2,14.6,West Indies,England,RR Sarwan,LMP Simmons,JM Anderson,0,0,,,,,,,,,
352665,2008/09,2009-03-20,Providence Stadium,2,15.1,West Indies,England,LMP Simmons,RR Sarwan,AD Mascarenhas,0,1,,,,1,,,,,
352665,2008/09,2009-03-20,Providence Stadium,2,15.2,West Indies,England,RR Sarwan,LMP Simmons,AD Mascarenhas,0,0,,,,,,,,,
352665,2008/09,2009-03-20,Providence Stadium,2,15.3,West Indies,England,RR Sarwan,LMP Simmons,AD Mascarenhas,0,0,,,,,,,,,
352665,2008/09,2009-03-20,Providence Stadium,2,15.4,West Indies,England,RR Sarwan,LMP Simmons,AD Mascarenhas,0,0,,,,,,,,,
352665,2008/09,2009-03-20,Providence Stadium,2,15.5,West Indies,England,RR Sarwan,LMP Simmons,AD Mascarenhas,1,0,,,,,,,,,
352665,2008/09,2009-03-20,Providence Stadium,2,15.6,West Indies,England,LMP Simmons,RR Sarwan,AD Mascarenhas,0,0,,,,,,,,,
352665,2008/09,2009-03-20,Providence Stadium,2,16.1,West Indies,England,RR Sarwan,LMP Simmons,GJ Batty,1,0,,,,,,,,,
352665,2008/09,2009-03-20,Providence Stadium,2,16.2,West Indies,England,LMP Simmons,RR Sarwan,GJ Batty,2,0,,,,,,,,,
352665,2008/09,2009-03-20,Providence Stadium,2,16.3,West Indies,England,LMP Simmons,RR Sarwan,GJ Batty,0,0,,,,,,,,,
352665,2008/09,2009-03-20,Providence Stadium,2,16.4,West Indies,England,LMP Simmons,RR Sarwan,GJ Batty,1,0,,,,,,,,,
352665,2008/09,2009-03-20,Providence Stadium,2,16.5,West Indies,England,RR Sarwan,LMP Simmons,GJ Batty,0,0,,,,,,,,,
352665,2008/09,2009-03-20,Providence Stadium,2,16.6,West Indies,England,RR Sarwan,LMP Simmons,GJ Batty,1,0,,,,,,,,,
352665,2008/09,2009-03-20,Providence Stadium,2,17.1,West Indies,England,RR Sarwan,LMP Simmons,AD Mascarenhas,0,0,,,,,,,,,
352665,2008/09,2009-03-20,Providence Stadium,2,17.2,West Indies,England,RR Sarwan,LMP Simmons,AD Mascarenhas,0,0,,,,,,,,,
352665,2008/09,2009-03-20,Providence Stadium,2,17.3,West Indies,England,RR Sarwan,LMP Simmons,AD Mascarenhas,1,0,,,,,,,,,
352665,2008/09,2009-03-20,Providence Stadium,2,17.4,West Indies,England,LMP Simmons,RR Sarwan,AD Mascarenhas,0,0,,,,,,,,,
352665,2008/09,2009-03-20,Providence Stadium,2,17.5,West Indies,England,LMP Simmons,RR Sarwan,AD Mascarenhas,0,0,,,,,,,,,
352665,2008/09,2009-03-20,Providence Stadium,2,17.6,West Indies,England,LMP Simmons,RR Sarwan,AD Mascarenhas,1,0,,,,,,,,,
352665,2008/09,2009-03-20,Providence Stadium,2,18.1,West Indies,England,LMP Simmons,RR Sarwan,GJ Batty,6,0,,,,,,,,,
352665,2008/09,2009-03-20,Providence Stadium,2,18.2,West Indies,England,LMP Simmons,RR Sarwan,GJ Batty,0,0,,,,,,,,,
352665,2008/09,2009-03-20,Providence Stadium,2,18.3,West Indies,England,LMP Simmons,RR Sarwan,GJ Batty,0,0,,,,,,,,,
352665,2008/09,2009-03-20,Providence Stadium,2,18.4,West Indies,England,LMP Simmons,RR Sarwan,GJ Batty,0,0,,,,,,,,,
352665,2008/09,2009-03-20,Providence Stadium,2,18.5,West Indies,England,LMP Simmons,RR Sarwan,GJ Batty,0,0,,,,,,,,,
352665,2008/09,2009-03-20,Providence Stadium,2,18.6,West Indies,England,LMP Simmons,RR Sarwan,GJ Batty,0,0,,,,,,,,,
352665,2008/09,2009-03-20,Providence Stadium,2,19.1,West Indies,England,RR Sarwan,LMP Simmons,AD Mascarenhas,4,0,,,,,,,,,
352665,2008/09,2009-03-20,Providence Stadium,2,19.2,West Indies,England,RR Sarwan,LMP Simmons,AD Mascarenhas,0,0,,,,,,,,,
352665,2008/09,2009-03-20,Providence Stadium,2,19.3,West Indies,England,RR Sarwan,LMP Simmons,AD Mascarenhas,1,0,,,,,,,,,
352665,2008/09,2009-03-20,Providence Stadium,2,19.4,West Indies,England,LMP Simmons,RR Sarwan,AD Mascarenhas,1,0,,,,,,,,,
352665,2008/09,2009-03-20,Providence Stadium,2,19.5,West Indies,England,RR Sarwan,LMP Simmons,AD Mascarenhas,1,0,,,,,,,,,
352665,2008/09,2009-03-20,Providence Stadium,2,19.6,West Indies,England,LMP Simmons,RR Sarwan,AD Mascarenhas,0,0,,,,,,,,,
352665,2008/09,2009-03-20,Providence Stadium,2,20.1,West Indies,England,RR Sarwan,LMP Simmons,PD Collingwood,1,0,,,,,,,,,
352665,2008/09,2009-03-20,Providence Stadium,2,20.2,West Indies,England,LMP Simmons,RR Sarwan,PD Collingwood,0,0,,,,,,,,,
352665,2008/09,2009-03-20,Providence Stadium,2,20.3,West Indies,England,LMP Simmons,RR Sarwan,PD Collingwood,1,0,,,,,,,,,
352665,2008/09,2009-03-20,Providence Stadium,2,20.4,West Indies,England,RR Sarwan,LMP Simmons,PD Collingwood,0,0,,,,,,,,,
352665,2008/09,2009-03-20,Providence Stadium,2,20.5,West Indies,England,RR Sarwan,LMP Simmons,PD Collingwood,1,0,,,,,,,,,
352665,2008/09,2009-03-20,Providence Stadium,2,20.6,West Indies,England,LMP Simmons,RR Sarwan,PD Collingwood,0,0,,,,,,,,,
352665,2008/09,2009-03-20,Providence Stadium,2,21.1,West Indies,England,RR Sarwan,LMP Simmons,AD Mascarenhas,0,0,,,,,,,,,
352665,2008/09,2009-03-20,Providence Stadium,2,21.2,West Indies,England,RR Sarwan,LMP Simmons,AD Mascarenhas,0,0,,,,,,,,,
352665,2008/09,2009-03-20,Providence Stadium,2,21.3,West Indies,England,RR Sarwan,LMP Simmons,AD Mascarenhas,0,0,,,,,,,,,
352665,2008/09,2009-03-20,Providence Stadium,2,21.4,West Indies,England,RR Sarwan,LMP Simmons,AD Mascarenhas,4,0,,,,,,,,,
352665,2008/09,2009-03-20,Providence Stadium,2,21.5,West Indies,England,RR Sarwan,LMP Simmons,AD Mascarenhas,1,0,,,,,,,,,
352665,2008/09,2009-03-20,Providence Stadium,2,21.6,West Indies,England,LMP Simmons,RR Sarwan,AD Mascarenhas,1,0,,,,,,,,,
352665,2008/09,2009-03-20,Providence Stadium,2,22.1,West Indies,England,LMP Simmons,RR Sarwan,PD Collingwood,0,0,,,,,,,,,
352665,2008/09,2009-03-20,Providence Stadium,2,22.2,West Indies,England,LMP Simmons,RR Sarwan,PD Collingwood,0,0,,,,,,,,,
352665,2008/09,2009-03-20,Providence Stadium,2,22.3,West Indies,England,LMP Simmons,RR Sarwan,PD Collingwood,1,0,,,,,,,,,
352665,2008/09,2009-03-20,Providence Stadium,2,22.4,West Indies,England,RR Sarwan,LMP Simmons,PD Collingwood,0,0,,,,,,,,,
352665,2008/09,2009-03-20,Providence Stadium,2,22.5,West Indies,England,RR Sarwan,LMP Simmons,PD Collingwood,1,0,,,,,,,,,
352665,2008/09,2009-03-20,Providence Stadium,2,22.6,West Indies,England,LMP Simmons,RR Sarwan,PD Collingwood,0,0,,,,,,,,,
352665,2008/09,2009-03-20,Providence Stadium,2,23.1,West Indies,England,RR Sarwan,LMP Simmons,AD Mascarenhas,1,0,,,,,,,,,
352665,2008/09,2009-03-20,Providence Stadium,2,23.2,West Indies,England,LMP Simmons,RR Sarwan,AD Mascarenhas,0,0,,,,,,,,,
352665,2008/09,2009-03-20,Providence Stadium,2,23.3,West Indies,England,LMP Simmons,RR Sarwan,AD Mascarenhas,1,0,,,,,,,,,
352665,2008/09,2009-03-20,Providence Stadium,2,23.4,West Indies,England,RR Sarwan,LMP Simmons,AD Mascarenhas,1,0,,,,,,,,,
352665,2008/09,2009-03-20,Providence Stadium,2,23.5,West Indies,England,LMP Simmons,RR Sarwan,AD Mascarenhas,0,0,,,,,,,,,
352665,2008/09,2009-03-20,Providence Stadium,2,23.6,West Indies,England,LMP Simmons,RR Sarwan,AD Mascarenhas,0,0,,,,,,,,,
352665,2008/09,2009-03-20,Providence Stadium,2,24.1,West Indies,England,RR Sarwan,LMP Simmons,PD Collingwood,1,0,,,,,,,,,
352665,2008/09,2009-03-20,Providence Stadium,2,24.2,West Indies,England,LMP Simmons,RR Sarwan,PD Collingwood,0,0,,,,,,,,,
352665,2008/09,2009-03-20,Providence Stadium,2,24.3,West Indies,England,LMP Simmons,RR Sarwan,PD Collingwood,0,0,,,,,,,,,
352665,2008/09,2009-03-20,Providence Stadium,2,24.4,West Indies,England,LMP Simmons,RR Sarwan,PD Collingwood,1,0,,,,,,,,,
352665,2008/09,2009-03-20,Providence Stadium,2,24.5,West Indies,England,RR Sarwan,LMP Simmons,PD Collingwood,0,0,,,,,,,,,
352665,2008/09,2009-03-20,Providence Stadium,2,24.6,West Indies,England,RR Sarwan,LMP Simmons,PD Collingwood,1,0,,,,,,,,,
352665,2008/09,2009-03-20,Providence Stadium,2,25.1,West Indies,England,RR Sarwan,LMP Simmons,AD Mascarenhas,1,0,,,,,,,,,
352665,2008/09,2009-03-20,Providence Stadium,2,25.2,West Indies,England,LMP Simmons,RR Sarwan,AD Mascarenhas,0,0,,,,,,,,,
352665,2008/09,2009-03-20,Providence Stadium,2,25.3,West Indies,England,LMP Simmons,RR Sarwan,AD Mascarenhas,0,4,,,4,,,,,,
352665,2008/09,2009-03-20,Providence Stadium,2,25.4,West Indies,England,LMP Simmons,RR Sarwan,AD Mascarenhas,0,0,,,,,,,,,
352665,2008/09,2009-03-20,Providence Stadium,2,25.5,West Indies,England,LMP Simmons,RR Sarwan,AD Mascarenhas,1,0,,,,,,,,,
352665,2008/09,2009-03-20,Providence Stadium,2,25.6,West Indies,England,RR Sarwan,LMP Simmons,AD Mascarenhas,1,0,,,,,,,,,
352665,2008/09,2009-03-20,Providence Stadium,2,26.1,West Indies,England,RR Sarwan,LMP Simmons,PD Collingwood,1,0,,,,,,,,,
352665,2008/09,2009-03-20,Providence Stadium,2,26.2,West Indies,England,LMP Simmons,RR Sarwan,PD Collingwood,1,0,,,,,,,,,
352665,2008/09,2009-03-20,Providence Stadium,2,26.3,West Indies,England,RR Sarwan,LMP Simmons,PD Collingwood,0,0,,,,,,,,,
352665,2008/09,2009-03-20,Providence Stadium,2,26.4,West Indies,England,RR Sarwan,LMP Simmons,PD Collingwood,1,0,,,,,,,,,
352665,2008/09,2009-03-20,Providence Stadium,2,26.5,West Indies,England,LMP Simmons,RR Sarwan,PD Collingwood,0,0,,,,,,,,,
352665,2008/09,2009-03-20,Providence Stadium,2,26.6,West Indies,England,LMP Simmons,RR Sarwan,PD Collingwood,1,0,,,,,,,,,
352665,2008/09,2009-03-20,Providence Stadium,2,27.1,West Indies,England,LMP Simmons,RR Sarwan,SJ Harmison,0,0,,,,,,,,,
352665,2008/09,2009-03-20,Providence Stadium,2,27.2,West Indies,England,LMP Simmons,RR Sarwan,SJ Harmison,1,0,,,,,,,,,
352665,2008/09,2009-03-20,Providence Stadium,2,27.3,West Indies,England,RR Sarwan,LMP Simmons,SJ Harmison,1,0,,,,,,,,,
352665,2008/09,2009-03-20,Providence Stadium,2,27.4,West Indies,England,LMP Simmons,RR Sarwan,SJ Harmison,0,0,,,,,,,,,
352665,2008/09,2009-03-20,Providence Stadium,2,27.5,West Indies,England,LMP Simmons,RR Sarwan,SJ Harmison,0,0,,,,,,,,,
352665,2008/09,2009-03-20,Providence Stadium,2,27.6,West Indies,England,LMP Simmons,RR Sarwan,SJ Harmison,0,0,,,,,,,,,
352665,2008/09,2009-03-20,Providence Stadium,2,28.1,West Indies,England,RR Sarwan,LMP Simmons,PD Collingwood,1,0,,,,,,,,,
352665,2008/09,2009-03-20,Providence Stadium,2,28.2,West Indies,England,LMP Simmons,RR Sarwan,PD Collingwood,2,0,,,,,,,,,
352665,2008/09,2009-03-20,Providence Stadium,2,28.3,West Indies,England,LMP Simmons,RR Sarwan,PD Collingwood,3,0,,,,,,,,,
352665,2008/09,2009-03-20,Providence Stadium,2,28.4,West Indies,England,RR Sarwan,LMP Simmons,PD Collingwood,0,0,,,,,,,,,
352665,2008/09,2009-03-20,Providence Stadium,2,28.5,West Indies,England,RR Sarwan,LMP Simmons,PD Collingwood,2,0,,,,,,,,,
352665,2008/09,2009-03-20,Providence Stadium,2,28.6,West Indies,England,RR Sarwan,LMP Simmons,PD Collingwood,1,0,,,,,,,,,
352665,2008/09,2009-03-20,Providence Stadium,2,29.1,West Indies,England,RR Sarwan,LMP Simmons,SJ Harmison,1,0,,,,,,,,,
352665,2008/09,2009-03-20,Providence Stadium,2,29.2,West Indies,England,LMP Simmons,RR Sarwan,SJ Harmison,1,0,,,,,,,,,
352665,2008/09,2009-03-20,Providence Stadium,2,29.3,West Indies,England,RR Sarwan,LMP Simmons,SJ Harmison,2,0,,,,,,,,,
352665,2008/09,2009-03-20,Providence Stadium,2,29.4,West Indies,England,RR Sarwan,LMP Simmons,SJ Harmison,1,0,,,,,,,,,
352665,2008/09,2009-03-20,Providence Stadium,2,29.5,West Indies,England,LMP Simmons,RR Sarwan,SJ Harmison,4,0,,,,,,,,,
352665,2008/09,2009-03-20,Providence Stadium,2,29.6,West Indies,England,LMP Simmons,RR Sarwan,SJ Harmison,0,1,1,,,,,,,,
352665,2008/09,2009-03-20,Providence Stadium,2,29.7,West Indies,England,LMP Simmons,RR Sarwan,SJ Harmison,0,0,,,,,,,,,
352665,2008/09,2009-03-20,Providence Stadium,2,30.1,West Indies,England,RR Sarwan,LMP Simmons,PD Collingwood,0,0,,,,,,caught,RR Sarwan,,
352665,2008/09,2009-03-20,Providence Stadium,2,30.2,West Indies,England,S Chanderpaul,LMP Simmons,PD Collingwood,4,0,,,,,,,,,
352665,2008/09,2009-03-20,Providence Stadium,2,30.3,West Indies,England,S Chanderpaul,LMP Simmons,PD Collingwood,0,5,5,,,,,,,,
352665,2008/09,2009-03-20,Providence Stadium,2,30.4,West Indies,England,S Chanderpaul,LMP Simmons,PD Collingwood,1,0,,,,,,,,,
352665,2008/09,2009-03-20,Providence Stadium,2,30.5,West Indies,England,LMP Simmons,S Chanderpaul,PD Collingwood,0,0,,,,,,,,,
352665,2008/09,2009-03-20,Providence Stadium,2,30.6,West Indies,England,LMP Simmons,S Chanderpaul,PD Collingwood,1,0,,,,,,,,,
352665,2008/09,2009-03-20,Providence Stadium,2,30.7,West Indies,England,S Chanderpaul,LMP Simmons,PD Collingwood,1,0,,,,,,,,,
352665,2008/09,2009-03-20,Providence Stadium,2,31.1,West Indies,England,S Chanderpaul,LMP Simmons,GJ Batty,1,0,,,,,,,,,
352665,2008/09,2009-03-20,Providence Stadium,2,31.2,West Indies,England,LMP Simmons,S Chanderpaul,GJ Batty,0,0,,,,,,,,,
352665,2008/09,2009-03-20,Providence Stadium,2,31.3,West Indies,England,LMP Simmons,S Chanderpaul,GJ Batty,0,0,,,,,,,,,
352665,2008/09,2009-03-20,Providence Stadium,2,31.4,West Indies,England,LMP Simmons,S Chanderpaul,GJ Batty,1,0,,,,,,,,,
352665,2008/09,2009-03-20,Providence Stadium,2,31.5,West Indies,England,S Chanderpaul,LMP Simmons,GJ Batty,0,0,,,,,,,,,
352665,2008/09,2009-03-20,Providence Stadium,2,31.6,West Indies,England,S Chanderpaul,LMP Simmons,GJ Batty,1,0,,,,,,,,,
352665,2008/09,2009-03-20,Providence Stadium,2,32.1,West Indies,England,S Chanderpaul,LMP Simmons,AD Mascarenhas,0,0,,,,,,,,,
352665,2008/09,2009-03-20,Providence Stadium,2,32.2,West Indies,England,S Chanderpaul,LMP Simmons,AD Mascarenhas,1,0,,,,,,,,,
352665,2008/09,2009-03-20,Providence Stadium,2,32.3,West Indies,England,LMP Simmons,S Chanderpaul,AD Mascarenhas,4,0,,,,,,,,,
352665,2008/09,2009-03-20,Providence Stadium,2,32.4,West Indies,England,LMP Simmons,S Chanderpaul,AD Mascarenhas,0,0,,,,,,,,,
352665,2008/09,2009-03-20,Providence Stadium,2,32.5,West Indies,England,LMP Simmons,S Chanderpaul,AD Mascarenhas,0,0,,,,,,,,,
352665,2008/09,2009-03-20,Providence Stadium,2,32.6,West Indies,England,LMP Simmons,S Chanderpaul,AD Mascarenhas,0,0,,,,,,,,,
352665,2008/09,2009-03-20,Providence Stadium,2,33.1,West Indies,England,S Chanderpaul,LMP Simmons,GJ Batty,1,0,,,,,,,,,
352665,2008/09,2009-03-20,Providence Stadium,2,33.2,West Indies,England,LMP Simmons,S Chanderpaul,GJ Batty,0,0,,,,,,,,,
352665,2008/09,2009-03-20,Providence Stadium,2,33.3,West Indies,England,LMP Simmons,S Chanderpaul,GJ Batty,0,0,,,,,,,,,
352665,2008/09,2009-03-20,Providence Stadium,2,33.4,West Indies,England,LMP Simmons,S Chanderpaul,GJ Batty,0,0,,,,,,caught,LMP Simmons,,
352665,2008/09,2009-03-20,Providence Stadium,2,33.5,West Indies,England,S Chanderpaul,KA Pollard,GJ Batty,1,0,,,,,,,,,
352665,2008/09,2009-03-20,Providence Stadium,2,33.6,West Indies,England,KA Pollard,S Chanderpaul,GJ Batty,1,0,,,,,,,,,
352665,2008/09,2009-03-20,Providence Stadium,2,34.1,West Indies,England,KA Pollard,S Chanderpaul,AD Mascarenhas,0,0,,,,,,,,,
352665,2008/09,2009-03-20,Providence Stadium,2,34.2,West Indies,England,KA Pollard,S Chanderpaul,AD Mascarenhas,0,0,,,,,,,,,
352665,2008/09,2009-03-20,Providence Stadium,2,34.3,West Indies,England,KA Pollard,S Chanderpaul,AD Mascarenhas,0,0,,,,,,,,,
352665,2008/09,2009-03-20,Providence Stadium,2,34.4,West Indies,England,KA Pollard,S Chanderpaul,AD Mascarenhas,0,0,,,,,,,,,
352665,2008/09,2009-03-20,Providence Stadium,2,34.5,West Indies,England,KA Pollard,S Chanderpaul,AD Mascarenhas,6,0,,,,,,,,,
352665,2008/09,2009-03-20,Providence Stadium,2,34.6,West Indies,England,KA Pollard,S Chanderpaul,AD Mascarenhas,0,0,,,,,,,,,
352665,2008/09,2009-03-20,Providence Stadium,2,35.1,West Indies,England,S Chanderpaul,KA Pollard,GJ Batty,0,0,,,,,,,,,
352665,2008/09,2009-03-20,Providence Stadium,2,35.2,West Indies,England,S Chanderpaul,KA Pollard,GJ Batty,1,0,,,,,,,,,
352665,2008/09,2009-03-20,Providence Stadium,2,35.3,West Indies,England,KA Pollard,S Chanderpaul,GJ Batty,0,0,,,,,,,,,
352665,2008/09,2009-03-20,Providence Stadium,2,35.4,West Indies,England,KA Pollard,S Chanderpaul,GJ Batty,1,0,,,,,,,,,
352665,2008/09,2009-03-20,Providence Stadium,2,35.5,West Indies,England,S Chanderpaul,KA Pollard,GJ Batty,1,0,,,,,,,,,
352665,2008/09,2009-03-20,Providence Stadium,2,35.6,West Indies,England,KA Pollard,S Chanderpaul,GJ Batty,1,0,,,,,,,,,
352665,2008/09,2009-03-20,Providence Stadium,2,36.1,West Indies,England,KA Pollard,S Chanderpaul,SJ Harmison,1,0,,,,,,,,,
352665,2008/09,2009-03-20,Providence Stadium,2,36.2,West Indies,England,S Chanderpaul,KA Pollard,SJ Harmison,2,0,,,,,,,,,
352665,2008/09,2009-03-20,Providence Stadium,2,36.3,West Indies,England,S Chanderpaul,KA Pollard,SJ Harmison,0,0,,,,,,,,,
352665,2008/09,2009-03-20,Providence Stadium,2,36.4,West Indies,England,S Chanderpaul,KA Pollard,SJ Harmison,0,0,,,,,,,,,
352665,2008/09,2009-03-20,Providence Stadium,2,36.5,West Indies,England,S Chanderpaul,KA Pollard,SJ Harmison,1,0,,,,,,,,,
352665,2008/09,2009-03-20,Providence Stadium,2,36.6,West Indies,England,KA Pollard,S Chanderpaul,SJ Harmison,0,0,,,,,,,,,
352665,2008/09,2009-03-20,Providence Stadium,2,37.1,West Indies,England,S Chanderpaul,KA Pollard,GJ Batty,0,0,,,,,,,,,
352665,2008/09,2009-03-20,Providence Stadium,2,37.2,West Indies,England,S Chanderpaul,KA Pollard,GJ Batty,1,0,,,,,,,,,
352665,2008/09,2009-03-20,Providence Stadium,2,37.3,West Indies,England,KA Pollard,S Chanderpaul,GJ Batty,0,0,,,,,,,,,
352665,2008/09,2009-03-20,Providence Stadium,2,37.4,West Indies,England,KA Pollard,S Chanderpaul,GJ Batty,2,0,,,,,,,,,
352665,2008/09,2009-03-20,Providence Stadium,2,37.5,West Indies,England,KA Pollard,S Chanderpaul,GJ Batty,0,0,,,,,,,,,
352665,2008/09,2009-03-20,Providence Stadium,2,37.6,West Indies,England,KA Pollard,S Chanderpaul,GJ Batty,2,0,,,,,,,,,
352665,2008/09,2009-03-20,Providence Stadium,2,38.1,West Indies,England,S Chanderpaul,KA Pollard,SCJ Broad,0,0,,,,,,,,,
352665,2008/09,2009-03-20,Providence Stadium,2,38.2,West Indies,England,S Chanderpaul,KA Pollard,SCJ Broad,1,0,,,,,,,,,
352665,2008/09,2009-03-20,Providence Stadium,2,38.3,West Indies,England,KA Pollard,S Chanderpaul,SCJ Broad,0,0,,,,,,,,,
352665,2008/09,2009-03-20,Providence Stadium,2,38.4,West Indies,England,KA Pollard,S Chanderpaul,SCJ Broad,1,0,,,,,,,,,
352665,2008/09,2009-03-20,Providence Stadium,2,38.5,West Indies,England,S Chanderpaul,KA Pollard,SCJ Broad,0,1,1,,,,,,,,
352665,2008/09,2009-03-20,Providence Stadium,2,38.6,West Indies,England,S Chanderpaul,KA Pollard,SCJ Broad,1,0,,,,,,,,,
352665,2008/09,2009-03-20,Providence Stadium,2,38.7,West Indies,England,KA Pollard,S Chanderpaul,SCJ Broad,6,0,,,,,,,,,
352665,2008/09,2009-03-20,Providence Stadium,2,39.1,West Indies,England,S Chanderpaul,KA Pollard,SJ Harmison,4,0,,,,,,,,,
352665,2008/09,2009-03-20,Providence Stadium,2,39.2,West Indies,England,S Chanderpaul,KA Pollard,SJ Harmison,6,0,,,,,,,,,
352665,2008/09,2009-03-20,Providence Stadium,2,39.3,West Indies,England,S Chanderpaul,KA Pollard,SJ Harmison,4,0,,,,,,,,,
352665,2008/09,2009-03-20,Providence Stadium,2,39.4,West Indies,England,S Chanderpaul,KA Pollard,SJ Harmison,4,0,,,,,,,,,
352665,2008/09,2009-03-20,Providence Stadium,2,39.5,West Indies,England,S Chanderpaul,KA Pollard,SJ Harmison,4,0,,,,,,,,,
352665,2008/09,2009-03-20,Providence Stadium,2,39.6,West Indies,England,S Chanderpaul,KA Pollard,SJ Harmison,4,0,,,,,,,,,
352665,2008/09,2009-03-20,Providence Stadium,2,40.1,West Indies,England,KA Pollard,S Chanderpaul,SCJ Broad,1,0,,,,,,,,,
352665,2008/09,2009-03-20,Providence Stadium,2,40.2,West Indies,England,S Chanderpaul,KA Pollard,SCJ Broad,1,0,,,,,,,,,
352665,2008/09,2009-03-20,Providence Stadium,2,40.3,West Indies,England,KA Pollard,S Chanderpaul,SCJ Broad,1,0,,,,,,,,,
352665,2008/09,2009-03-20,Providence Stadium,2,40.4,West Indies,England,S Chanderpaul,KA Pollard,SCJ Broad,0,0,,,,,,caught,S Chanderpaul,,
352665,2008/09,2009-03-20,Providence Stadium,2,40.5,West Indies,England,DJ Bravo,KA Pollard,SCJ Broad,0,0,,,,,,,,,
352665,2008/09,2009-03-20,Providence Stadium,2,40.6,West Indies,England,DJ Bravo,KA Pollard,SCJ Broad,1,0,,,,,,,,,
352665,2008/09,2009-03-20,Providence Stadium,2,41.1,West Indies,England,DJ Bravo,KA Pollard,JM Anderson,0,0,,,,,,caught,DJ Bravo,,
352665,2008/09,2009-03-20,Providence Stadium,2,41.2,West Indies,England,D Ramdin,KA Pollard,JM Anderson,1,0,,,,,,,,,
352665,2008/09,2009-03-20,Providence Stadium,2,41.3,West Indies,England,KA Pollard,D Ramdin,JM Anderson,0,0,,,,,,,,,
352665,2008/09,2009-03-20,Providence Stadium,2,41.4,West Indies,England,KA Pollard,D Ramdin,JM Anderson,0,0,,,,,,,,,
352665,2008/09,2009-03-20,Providence Stadium,2,41.5,West Indies,England,KA Pollard,D Ramdin,JM Anderson,1,0,,,,,,,,,
352665,2008/09,2009-03-20,Providence Stadium,2,41.6,West Indies,England,D Ramdin,KA Pollard,JM Anderson,0,0,,,,,,,,,
352665,2008/09,2009-03-20,Providence Stadium,2,42.1,West Indies,England,KA Pollard,D Ramdin,SCJ Broad,4,0,,,,,,,,,
352665,2008/09,2009-03-20,Providence Stadium,2,42.2,West Indies,England,KA Pollard,D Ramdin,SCJ Broad,1,0,,,,,,,,,
352665,2008/09,2009-03-20,Providence Stadium,2,42.3,West Indies,England,D Ramdin,KA Pollard,SCJ Broad,2,0,,,,,,,,,
352665,2008/09,2009-03-20,Providence Stadium,2,42.4,West Indies,England,D Ramdin,KA Pollard,SCJ Broad,1,0,,,,,,,,,
352665,2008/09,2009-03-20,Providence Stadium,2,42.5,West Indies,England,KA Pollard,D Ramdin,SCJ Broad,1,0,,,,,,,,,
352665,2008/09,2009-03-20,Providence Stadium,2,42.6,West Indies,England,D Ramdin,KA Pollard,SCJ Broad,1,0,,,,,,,,,
352665,2008/09,2009-03-20,Providence Stadium,2,43.1,West Indies,England,D Ramdin,KA Pollard,GJ Batty,1,0,,,,,,,,,
352665,2008/09,2009-03-20,Providence Stadium,2,43.2,West Indies,England,KA Pollard,D Ramdin,GJ Batty,1,0,,,,,,,,,
352665,2008/09,2009-03-20,Providence Stadium,2,43.3,West Indies,England,D Ramdin,KA Pollard,GJ Batty,1,0,,,,,,,,,
352665,2008/09,2009-03-20,Providence Stadium,2,43.4,West Indies,England,KA Pollard,D Ramdin,GJ Batty,4,0,,,,,,,,,
352665,2008/09,2009-03-20,Providence Stadium,2,43.5,West Indies,England,KA Pollard,D Ramdin,GJ Batty,1,0,,,,,,,,,
352665,2008/09,2009-03-20,Providence Stadium,2,43.6,West Indies,England,D Ramdin,KA Pollard,GJ Batty,0,0,,,,,,,,,
352665,2008/09,2009-03-20,Providence Stadium,2,44.1,West Indies,England,KA Pollard,D Ramdin,PD Collingwood,0,0,,,,,,,,,
352665,2008/09,2009-03-20,Providence Stadium,2,44.2,West Indies,England,KA Pollard,D Ramdin,PD Collingwood,1,0,,,,,,,,,
352665,2008/09,2009-03-20,Providence Stadium,2,44.3,West Indies,England,D Ramdin,KA Pollard,PD Collingwood,1,0,,,,,,,,,
352665,2008/09,2009-03-20,Providence Stadium,2,44.4,West Indies,England,KA Pollard,D Ramdin,PD Collingwood,1,0,,,,,,,,,
352665,2008/09,2009-03-20,Providence Stadium,2,44.5,West Indies,England,D Ramdin,KA Pollard,PD Collingwood,0,0,,,,,,,,,
352665,2008/09,2009-03-20,Providence Stadium,2,44.6,West Indies,England,D Ramdin,KA Pollard,PD Collingwood,1,0,,,,,,,,,
352665,2008/09,2009-03-20,Providence Stadium,2,45.1,West Indies,England,D Ramdin,KA Pollard,JM Anderson,0,0,,,,,,,,,
352665,2008/09,2009-03-20,Providence Stadium,2,45.2,West Indies,England,D Ramdin,KA Pollard,JM Anderson,1,0,,,,,,,,,
352665,2008/09,2009-03-20,Providence Stadium,2,45.3,West Indies,England,KA Pollard,D Ramdin,JM Anderson,0,0,,,,,,,,,
352665,2008/09,2009-03-20,Providence Stadium,2,45.4,West Indies,England,KA Pollard,D Ramdin,JM Anderson,4,0,,,,,,,,,
352665,2008/09,2009-03-20,Providence Stadium,2,45.5,West Indies,England,KA Pollard,D Ramdin,JM Anderson,0,0,,,,,,caught,KA Pollard,,
352665,2008/09,2009-03-20,Providence Stadium,2,45.6,West Indies,England,D Ramdin,DJG Sammy,JM Anderson,1,0,,,,,,,,,
352665,2008/09,2009-03-20,Providence Stadium,2,46.1,West Indies,England,D Ramdin,DJG Sammy,SCJ Broad,0,0,,,,,,,,,
352665,2008/09,2009-03-20,Providence Stadium,2,46.2,West Indies,England,D Ramdin,DJG Sammy,SCJ Broad,0,1,1,,,,,,,,
352665,2008/09,2009-03-20,Providence Stadium,2,46.3,West Indies,England,D Ramdin,DJG Sammy,SCJ Broad,0,0,,,,,,lbw,D Ramdin,,
