match_id,season,start_date,venue,innings,ball,batting_team,bowling_team,striker,non_striker,bowler,runs_off_bat,extras,wides,noballs,byes,legbyes,penalty,wicket_type,player_dismissed,other_wicket_type,other_player_dismissed
366623,2008/09,2009-03-03,McLean Park,1,0.1,India,New Zealand,V Sehwag,SR Tendulkar,KD Mills,0,0,,,,,,,,,
366623,2008/09,2009-03-03,McLean Park,1,0.2,India,New Zealand,V Sehwag,SR Tendulkar,KD Mills,0,0,,,,,,,,,
366623,2008/09,2009-03-03,McLean Park,1,0.3,India,New Zealand,V Sehwag,SR Tendulkar,KD Mills,0,1,,1,,,,,,,
366623,2008/09,2009-03-03,McLean Park,1,0.4,India,New Zealand,V Sehwag,SR Tendulkar,KD Mills,0,0,,,,,,,,,
366623,2008/09,2009-03-03,McLean Park,1,0.5,India,New Zealand,V Sehwag,SR Tendulkar,KD Mills,4,0,,,,,,,,,
366623,2008/09,2009-03-03,McLean Park,1,0.6,India,New Zealand,V Sehwag,SR Tendulkar,KD Mills,4,0,,,,,,,,,
366623,2008/09,2009-03-03,McLean Park,1,0.7,India,New Zealand,V Sehwag,SR Tendulkar,KD Mills,0,0,,,,,,,,,
366623,2008/09,2009-03-03,McLean Park,1,1.1,India,New Zealand,SR Tendulkar,V Sehwag,IE O'Brien,0,0,,,,,,,,,
366623,2008/09,2009-03-03,McLean Park,1,1.2,India,New Zealand,SR Tendulkar,V Sehwag,IE O'Brien,0,0,,,,,,,,,
366623,2008/09,2009-03-03,McLean Park,1,1.3,India,New Zealand,SR Tendulkar,V Sehwag,IE O'Brien,0,0,,,,,,,,,
366623,2008/09,2009-03-03,McLean Park,1,1.4,India,New Zealand,SR Tendulkar,V Sehwag,IE O'Brien,0,0,,,,,,,,,
366623,2008/09,2009-03-03,McLean Park,1,1.5,India,New Zealand,SR Tendulkar,V Sehwag,IE O'Brien,0,0,,,,,,,,,
366623,2008/09,2009-03-03,McLean Park,1,1.6,India,New Zealand,SR Tendulkar,V Sehwag,IE O'Brien,0,0,,,,,,,,,
366623,2008/09,2009-03-03,McLean Park,1,2.1,India,New Zealand,V Sehwag,SR Tendulkar,KD Mills,1,0,,,,,,,,,
366623,2008/09,2009-03-03,McLean Park,1,2.2,India,New Zealand,SR Tendulkar,V Sehwag,KD Mills,0,0,,,,,,,,,
366623,2008/09,2009-03-03,McLean Park,1,2.3,India,New Zealand,SR Tendulkar,V Sehwag,KD Mills,0,0,,,,,,,,,
366623,2008/09,2009-03-03,McLean Park,1,2.4,India,New Zealand,SR Tendulkar,V Sehwag,KD Mills,3,0,,,,,,,,,
366623,2008/09,2009-03-03,McLean Park,1,2.5,India,New Zealand,V Sehwag,SR Tendulkar,KD Mills,0,0,,,,,,,,,
366623,2008/09,2009-03-03,McLean Park,1,2.6,India,New Zealand,V Sehwag,SR Tendulkar,KD Mills,1,0,,,,,,,,,
366623,2008/09,2009-03-03,McLean Park,1,3.1,India,New Zealand,V Sehwag,SR Tendulkar,IE O'Brien,0,0,,,,,,,,,
366623,2008/09,2009-03-03,McLean Park,1,3.2,India,New Zealand,V Sehwag,SR Tendulkar,IE O'Brien,0,0,,,,,,,,,
366623,2008/09,2009-03-03,McLean Park,1,3.3,India,New Zealand,V Sehwag,SR Tendulkar,IE O'Brien,0,0,,,,,,,,,
366623,2008/09,2009-03-03,McLean Park,1,3.4,India,New Zealand,V Sehwag,SR Tendulkar,IE O'Brien,4,0,,,,,,,,,
366623,2008/09,2009-03-03,McLean Park,1,3.5,India,New Zealand,V Sehwag,SR Tendulkar,IE O'Brien,4,0,,,,,,,,,
366623,2008/09,2009-03-03,McLean Park,1,3.6,India,New Zealand,V Sehwag,SR Tendulkar,IE O'Brien,1,0,,,,,,,,,
366623,2008/09,2009-03-03,McLean Park,1,4.1,India,New Zealand,V Sehwag,SR Tendulkar,KD Mills,4,0,,,,,,,,,
366623,2008/09,2009-03-03,McLean Park,1,4.2,India,New Zealand,V Sehwag,SR Tendulkar,KD Mills,0,0,,,,,,,,,
366623,2008/09,2009-03-03,McLean Park,1,4.3,India,New Zealand,V Sehwag,SR Tendulkar,KD Mills,0,0,,,,,,,,,
366623,2008/09,2009-03-03,McLean Park,1,4.4,India,New Zealand,V Sehwag,SR Tendulkar,KD Mills,0,0,,,,,,,,,
366623,2008/09,2009-03-03,McLean Park,1,4.5,India,New Zealand,V Sehwag,SR Tendulkar,KD Mills,1,0,,,,,,,,,
366623,2008/09,2009-03-03,McLean Park,1,4.6,India,New Zealand,SR Tendulkar,V Sehwag,KD Mills,1,0,,,,,,,,,
366623,2008/09,2009-03-03,McLean Park,1,5.1,India,New Zealand,SR Tendulkar,V Sehwag,IE O'Brien,1,0,,,,,,,,,
366623,2008/09,2009-03-03,McLean Park,1,5.2,India,New Zealand,V Sehwag,SR Tendulkar,IE O'Brien,1,0,,,,,,,,,
366623,2008/09,2009-03-03,McLean Park,1,5.3,India,New Zealand,SR Tendulkar,V Sehwag,IE O'Brien,0,0,,,,,,,,,
366623,2008/09,2009-03-03,McLean Park,1,5.4,India,New Zealand,SR Tendulkar,V Sehwag,IE O'Brien,1,0,,,,,,,,,
366623,2008/09,2009-03-03,McLean Park,1,5.5,India,New Zealand,V Sehwag,SR Tendulkar,IE O'Brien,0,0,,,,,,,,,
366623,2008/09,2009-03-03,McLean Park,1,5.6,India,New Zealand,V Sehwag,SR Tendulkar,IE O'Brien,1,0,,,,,,,,,
366623,2008/09,2009-03-03,McLean Park,1,6.1,India,New Zealand,V Sehwag,SR Tendulkar,KD Mills,1,0,,,,,,,,,
366623,2008/09,2009-03-03,McLean Park,1,6.2,India,New Zealand,SR Tendulkar,V Sehwag,KD Mills,0,0,,,,,,,,,
366623,2008/09,2009-03-03,McLean Park,1,6.3,India,New Zealand,SR Tendulkar,V Sehwag,KD Mills,1,0,,,,,,,,,
366623,2008/09,2009-03-03,McLean Park,1,6.4,India,New Zealand,V Sehwag,SR Tendulkar,KD Mills,2,0,,,,,,,,,
366623,2008/09,2009-03-03,McLean Park,1,6.5,India,New Zealand,V Sehwag,SR Tendulkar,KD Mills,0,0,,,,,,,,,
366623,2008/09,2009-03-03,McLean Park,1,6.6,India,New Zealand,V Sehwag,SR Tendulkar,KD Mills,0,0,,,,,,,,,
366623,2008/09,2009-03-03,McLean Park,1,7.1,India,New Zealand,SR Tendulkar,V Sehwag,IE O'Brien,0,0,,,,,,,,,
366623,2008/09,2009-03-03,McLean Park,1,7.2,India,New Zealand,SR Tendulkar,V Sehwag,IE O'Brien,4,0,,,,,,,,,
366623,2008/09,2009-03-03,McLean Park,1,7.3,India,New Zealand,SR Tendulkar,V Sehwag,IE O'Brien,2,0,,,,,,,,,
366623,2008/09,2009-03-03,McLean Park,1,7.4,India,New Zealand,SR Tendulkar,V Sehwag,IE O'Brien,1,0,,,,,,,,,
366623,2008/09,2009-03-03,McLean Park,1,7.5,India,New Zealand,V Sehwag,SR Tendulkar,IE O'Brien,4,0,,,,,,,,,
366623,2008/09,2009-03-03,McLean Park,1,7.6,India,New Zealand,V Sehwag,SR Tendulkar,IE O'Brien,1,0,,,,,,,,,
366623,2008/09,2009-03-03,McLean Park,1,8.1,India,New Zealand,V Sehwag,SR Tendulkar,KD Mills,1,0,,,,,,,,,
366623,2008/09,2009-03-03,McLean Park,1,8.2,India,New Zealand,SR Tendulkar,V Sehwag,KD Mills,4,0,,,,,,,,,
366623,2008/09,2009-03-03,McLean Park,1,8.3,India,New Zealand,SR Tendulkar,V Sehwag,KD Mills,1,0,,,,,,,,,
366623,2008/09,2009-03-03,McLean Park,1,8.4,India,New Zealand,V Sehwag,SR Tendulkar,KD Mills,6,0,,,,,,,,,
366623,2008/09,2009-03-03,McLean Park,1,8.5,India,New Zealand,V Sehwag,SR Tendulkar,KD Mills,4,0,,,,,,,,,
366623,2008/09,2009-03-03,McLean Park,1,8.6,India,New Zealand,V Sehwag,SR Tendulkar,KD Mills,1,0,,,,,,,,,
366623,2008/09,2009-03-03,McLean Park,1,9.1,India,New Zealand,V Sehwag,SR Tendulkar,IG Butler,1,0,,,,,,,,,
366623,2008/09,2009-03-03,McLean Park,1,9.2,India,New Zealand,SR Tendulkar,V Sehwag,IG Butler,1,0,,,,,,,,,
366623,2008/09,2009-03-03,McLean Park,1,9.3,India,New Zealand,V Sehwag,SR Tendulkar,IG Butler,1,0,,,,,,,,,
366623,2008/09,2009-03-03,McLean Park,1,9.4,India,New Zealand,SR Tendulkar,V Sehwag,IG Butler,0,0,,,,,,caught,SR Tendulkar,,
366623,2008/09,2009-03-03,McLean Park,1,9.5,India,New Zealand,MS Dhoni,V Sehwag,IG Butler,0,0,,,,,,,,,
366623,2008/09,2009-03-03,McLean Park,1,9.6,India,New Zealand,MS Dhoni,V Sehwag,IG Butler,0,0,,,,,,,,,
366623,2008/09,2009-03-03,McLean Park,1,10.1,India,New Zealand,V Sehwag,MS Dhoni,JDP Oram,4,0,,,,,,,,,
366623,2008/09,2009-03-03,McLean Park,1,10.2,India,New Zealand,V Sehwag,MS Dhoni,JDP Oram,4,0,,,,,,,,,
366623,2008/09,2009-03-03,McLean Park,1,10.3,India,New Zealand,V Sehwag,MS Dhoni,JDP Oram,2,0,,,,,,,,,
366623,2008/09,2009-03-03,McLean Park,1,10.4,India,New Zealand,V Sehwag,MS Dhoni,JDP Oram,1,0,,,,,,,,,
366623,2008/09,2009-03-03,McLean Park,1,10.5,India,New Zealand,MS Dhoni,V Sehwag,JDP Oram,0,0,,,,,,,,,
366623,2008/09,2009-03-03,McLean Park,1,10.6,India,New Zealand,MS Dhoni,V Sehwag,JDP Oram,1,0,,,,,,,,,
366623,2008/09,2009-03-03,McLean Park,1,11.1,India,New Zealand,MS Dhoni,V Sehwag,IG Butler,1,0,,,,,,,,,
366623,2008/09,2009-03-03,McLean Park,1,11.2,India,New Zealand,V Sehwag,MS Dhoni,IG Butler,4,0,,,,,,,,,
366623,2008/09,2009-03-03,McLean Park,1,11.3,India,New Zealand,V Sehwag,MS Dhoni,IG Butler,1,0,,,,,,,,,
366623,2008/09,2009-03-03,McLean Park,1,11.4,India,New Zealand,MS Dhoni,V Sehwag,IG Butler,0,0,,,,,,,,,
366623,2008/09,2009-03-03,McLean Park,1,11.5,India,New Zealand,MS Dhoni,V Sehwag,IG Butler,2,0,,,,,,,,,
366623,2008/09,2009-03-03,McLean Park,1,11.6,India,New Zealand,MS Dhoni,V Sehwag,IG Butler,0,0,,,,,,,,,
366623,2008/09,2009-03-03,McLean Park,1,12.1,India,New Zealand,V Sehwag,MS Dhoni,JDP Oram,1,0,,,,,,,,,
366623,2008/09,2009-03-03,McLean Park,1,12.2,India,New Zealand,MS Dhoni,V Sehwag,JDP Oram,3,0,,,,,,,,,
366623,2008/09,2009-03-03,McLean Park,1,12.3,India,New Zealand,V Sehwag,MS Dhoni,JDP Oram,1,0,,,,,,,,,
366623,2008/09,2009-03-03,McLean Park,1,12.4,India,New Zealand,MS Dhoni,V Sehwag,JDP Oram,1,0,,,,,,,,,
366623,2008/09,2009-03-03,McLean Park,1,12.5,India,New Zealand,V Sehwag,MS Dhoni,JDP Oram,1,0,,,,,,,,,
366623,2008/09,2009-03-03,McLean Park,1,12.6,India,New Zealand,MS Dhoni,V Sehwag,JDP Oram,0,0,,,,,,,,,
366623,2008/09,2009-03-03,McLean Park,1,13.1,India,New Zealand,V Sehwag,MS Dhoni,IG Butler,1,0,,,,,,,,,
366623,2008/09,2009-03-03,McLean Park,1,13.2,India,New Zealand,MS Dhoni,V Sehwag,IG Butler,0,0,,,,,,,,,
366623,2008/09,2009-03-03,McLean Park,1,13.3,India,New Zealand,MS Dhoni,V Sehwag,IG Butler,0,0,,,,,,,,,
366623,2008/09,2009-03-03,McLean Park,1,13.4,India,New Zealand,MS Dhoni,V Sehwag,IG Butler,0,0,,,,,,,,,
366623,2008/09,2009-03-03,McLean Park,1,13.5,India,New Zealand,MS Dhoni,V Sehwag,IG Butler,1,0,,,,,,,,,
366623,2008/09,2009-03-03,McLean Park,1,13.6,India,New Zealand,V Sehwag,MS Dhoni,IG Butler,4,0,,,,,,,,,
366623,2008/09,2009-03-03,McLean Park,1,14.1,India,New Zealand,MS Dhoni,V Sehwag,DL Vettori,0,0,,,,,,,,,
366623,2008/09,2009-03-03,McLean Park,1,14.2,India,New Zealand,MS Dhoni,V Sehwag,DL Vettori,1,0,,,,,,,,,
366623,2008/09,2009-03-03,McLean Park,1,14.3,India,New Zealand,V Sehwag,MS Dhoni,DL Vettori,1,0,,,,,,,,,
366623,2008/09,2009-03-03,McLean Park,1,14.4,India,New Zealand,MS Dhoni,V Sehwag,DL Vettori,4,0,,,,,,,,,
366623,2008/09,2009-03-03,McLean Park,1,14.5,India,New Zealand,MS Dhoni,V Sehwag,DL Vettori,1,0,,,,,,,,,
366623,2008/09,2009-03-03,McLean Park,1,14.6,India,New Zealand,V Sehwag,MS Dhoni,DL Vettori,0,0,,,,,,,,,
366623,2008/09,2009-03-03,McLean Park,1,15.1,India,New Zealand,MS Dhoni,V Sehwag,IG Butler,1,0,,,,,,,,,
366623,2008/09,2009-03-03,McLean Park,1,15.2,India,New Zealand,V Sehwag,MS Dhoni,IG Butler,0,1,,,,1,,,,,
366623,2008/09,2009-03-03,McLean Park,1,15.3,India,New Zealand,MS Dhoni,V Sehwag,IG Butler,0,0,,,,,,,,,
366623,2008/09,2009-03-03,McLean Park,1,15.4,India,New Zealand,MS Dhoni,V Sehwag,IG Butler,1,0,,,,,,,,,
366623,2008/09,2009-03-03,McLean Park,1,15.5,India,New Zealand,V Sehwag,MS Dhoni,IG Butler,0,0,,,,,,,,,
366623,2008/09,2009-03-03,McLean Park,1,15.6,India,New Zealand,V Sehwag,MS Dhoni,IG Butler,2,0,,,,,,,,,
366623,2008/09,2009-03-03,McLean Park,1,16.1,India,New Zealand,MS Dhoni,V Sehwag,DL Vettori,0,0,,,,,,,,,
366623,2008/09,2009-03-03,McLean Park,1,16.2,India,New Zealand,MS Dhoni,V Sehwag,DL Vettori,0,0,,,,,,,,,
366623,2008/09,2009-03-03,McLean Park,1,16.3,India,New Zealand,MS Dhoni,V Sehwag,DL Vettori,0,0,,,,,,,,,
366623,2008/09,2009-03-03,McLean Park,1,16.4,India,New Zealand,MS Dhoni,V Sehwag,DL Vettori,4,0,,,,,,,,,
366623,2008/09,2009-03-03,McLean Park,1,16.5,India,New Zealand,MS Dhoni,V Sehwag,DL Vettori,0,0,,,,,,,,,
366623,2008/09,2009-03-03,McLean Park,1,16.6,India,New Zealand,MS Dhoni,V Sehwag,DL Vettori,0,0,,,,,,,,,
366623,2008/09,2009-03-03,McLean Park,1,17.1,India,New Zealand,V Sehwag,MS Dhoni,IG Butler,1,0,,,,,,,,,
366623,2008/09,2009-03-03,McLean Park,1,17.2,India,New Zealand,MS Dhoni,V Sehwag,IG Butler,0,0,,,,,,,,,
366623,2008/09,2009-03-03,McLean Park,1,17.3,India,New Zealand,MS Dhoni,V Sehwag,IG Butler,0,0,,,,,,,,,
366623,2008/09,2009-03-03,McLean Park,1,17.4,India,New Zealand,MS Dhoni,V Sehwag,IG Butler,1,0,,,,,,,,,
366623,2008/09,2009-03-03,McLean Park,1,17.5,India,New Zealand,V Sehwag,MS Dhoni,IG Butler,1,0,,,,,,,,,
366623,2008/09,2009-03-03,McLean Park,1,17.6,India,New Zealand,MS Dhoni,V Sehwag,IG Butler,0,0,,,,,,,,,
366623,2008/09,2009-03-03,McLean Park,1,18.1,India,New Zealand,V Sehwag,MS Dhoni,DL Vettori,0,0,,,,,,,,,
366623,2008/09,2009-03-03,McLean Park,1,18.2,India,New Zealand,V Sehwag,MS Dhoni,DL Vettori,0,0,,,,,,caught,V Sehwag,,
366623,2008/09,2009-03-03,McLean Park,1,18.3,India,New Zealand,Yuvraj Singh,MS Dhoni,DL Vettori,0,0,,,,,,,,,
366623,2008/09,2009-03-03,McLean Park,1,18.4,India,New Zealand,Yuvraj Singh,MS Dhoni,DL Vettori,0,0,,,,,,,,,
366623,2008/09,2009-03-03,McLean Park,1,18.5,India,New Zealand,Yuvraj Singh,MS Dhoni,DL Vettori,0,0,,,,,,,,,
366623,2008/09,2009-03-03,McLean Park,1,18.6,India,New Zealand,Yuvraj Singh,MS Dhoni,DL Vettori,1,0,,,,,,,,,
366623,2008/09,2009-03-03,McLean Park,1,19.1,India,New Zealand,Yuvraj Singh,MS Dhoni,IG Butler,0,0,,,,,,,,,
366623,2008/09,2009-03-03,McLean Park,1,19.2,India,New Zealand,Yuvraj Singh,MS Dhoni,IG Butler,0,0,,,,,,,,,
366623,2008/09,2009-03-03,McLean Park,1,19.3,India,New Zealand,Yuvraj Singh,MS Dhoni,IG Butler,0,0,,,,,,,,,
366623,2008/09,2009-03-03,McLean Park,1,19.4,India,New Zealand,Yuvraj Singh,MS Dhoni,IG Butler,0,0,,,,,,,,,
366623,2008/09,2009-03-03,McLean Park,1,19.5,India,New Zealand,Yuvraj Singh,MS Dhoni,IG Butler,0,0,,,,,,,,,
366623,2008/09,2009-03-03,McLean Park,1,19.6,India,New Zealand,Yuvraj Singh,MS Dhoni,IG Butler,0,0,,,,,,,,,
366623,2008/09,2009-03-03,McLean Park,1,20.1,India,New Zealand,MS Dhoni,Yuvraj Singh,DL Vettori,1,0,,,,,,,,,
366623,2008/09,2009-03-03,McLean Park,1,20.2,India,New Zealand,Yuvraj Singh,MS Dhoni,DL Vettori,0,0,,,,,,,,,
366623,2008/09,2009-03-03,McLean Park,1,20.3,India,New Zealand,Yuvraj Singh,MS Dhoni,DL Vettori,1,0,,,,,,,,,
366623,2008/09,2009-03-03,McLean Park,1,20.4,India,New Zealand,MS Dhoni,Yuvraj Singh,DL Vettori,0,0,,,,,,,,,
366623,2008/09,2009-03-03,McLean Park,1,20.5,India,New Zealand,MS Dhoni,Yuvraj Singh,DL Vettori,1,0,,,,,,,,,
366623,2008/09,2009-03-03,McLean Park,1,20.6,India,New Zealand,Yuvraj Singh,MS Dhoni,DL Vettori,0,0,,,,,,,,,
366623,2008/09,2009-03-03,McLean Park,1,21.1,India,New Zealand,MS Dhoni,Yuvraj Singh,IE O'Brien,0,0,,,,,,,,,
366623,2008/09,2009-03-03,McLean Park,1,21.2,India,New Zealand,MS Dhoni,Yuvraj Singh,IE O'Brien,0,0,,,,,,,,,
366623,2008/09,2009-03-03,McLean Park,1,21.3,India,New Zealand,MS Dhoni,Yuvraj Singh,IE O'Brien,0,0,,,,,,,,,
366623,2008/09,2009-03-03,McLean Park,1,21.4,India,New Zealand,MS Dhoni,Yuvraj Singh,IE O'Brien,2,0,,,,,,,,,
366623,2008/09,2009-03-03,McLean Park,1,21.5,India,New Zealand,MS Dhoni,Yuvraj Singh,IE O'Brien,0,0,,,,,,,,,
366623,2008/09,2009-03-03,McLean Park,1,21.6,India,New Zealand,MS Dhoni,Yuvraj Singh,IE O'Brien,1,0,,,,,,,,,
366623,2008/09,2009-03-03,McLean Park,1,22.1,India,New Zealand,MS Dhoni,Yuvraj Singh,DL Vettori,0,0,,,,,,,,,
366623,2008/09,2009-03-03,McLean Park,1,22.2,India,New Zealand,MS Dhoni,Yuvraj Singh,DL Vettori,0,0,,,,,,,,,
366623,2008/09,2009-03-03,McLean Park,1,22.3,India,New Zealand,MS Dhoni,Yuvraj Singh,DL Vettori,2,0,,,,,,,,,
366623,2008/09,2009-03-03,McLean Park,1,22.4,India,New Zealand,MS Dhoni,Yuvraj Singh,DL Vettori,1,0,,,,,,run out,Yuvraj Singh,,
366623,2008/09,2009-03-03,McLean Park,1,22.5,India,New Zealand,MS Dhoni,SK Raina,DL Vettori,1,0,,,,,,,,,
366623,2008/09,2009-03-03,McLean Park,1,22.6,India,New Zealand,SK Raina,MS Dhoni,DL Vettori,0,0,,,,,,,,,
366623,2008/09,2009-03-03,McLean Park,1,23.1,India,New Zealand,MS Dhoni,SK Raina,IE O'Brien,1,0,,,,,,,,,
366623,2008/09,2009-03-03,McLean Park,1,23.2,India,New Zealand,SK Raina,MS Dhoni,IE O'Brien,4,0,,,,,,,,,
366623,2008/09,2009-03-03,McLean Park,1,23.3,India,New Zealand,SK Raina,MS Dhoni,IE O'Brien,1,0,,,,,,,,,
366623,2008/09,2009-03-03,McLean Park,1,23.4,India,New Zealand,MS Dhoni,SK Raina,IE O'Brien,1,0,,,,,,,,,
366623,2008/09,2009-03-03,McLean Park,1,23.5,India,New Zealand,SK Raina,MS Dhoni,IE O'Brien,0,0,,,,,,,,,
366623,2008/09,2009-03-03,McLean Park,1,23.6,India,New Zealand,SK Raina,MS Dhoni,IE O'Brien,0,0,,,,,,,,,
366623,2008/09,2009-03-03,McLean Park,1,24.1,India,New Zealand,MS Dhoni,SK Raina,DL Vettori,0,0,,,,,,,,,
366623,2008/09,2009-03-03,McLean Park,1,24.2,India,New Zealand,MS Dhoni,SK Raina,DL Vettori,1,0,,,,,,,,,
366623,2008/09,2009-03-03,McLean Park,1,24.3,India,New Zealand,SK Raina,MS Dhoni,DL Vettori,0,0,,,,,,,,,
366623,2008/09,2009-03-03,McLean Park,1,24.4,India,New Zealand,SK Raina,MS Dhoni,DL Vettori,0,0,,,,,,,,,
366623,2008/09,2009-03-03,McLean Park,1,24.5,India,New Zealand,SK Raina,MS Dhoni,DL Vettori,0,0,,,,,,,,,
366623,2008/09,2009-03-03,McLean Park,1,24.6,India,New Zealand,SK Raina,MS Dhoni,DL Vettori,0,0,,,,,,,,,
366623,2008/09,2009-03-03,McLean Park,1,25.1,India,New Zealand,MS Dhoni,SK Raina,JD Ryder,1,0,,,,,,,,,
366623,2008/09,2009-03-03,McLean Park,1,25.2,India,New Zealand,SK Raina,MS Dhoni,JD Ryder,4,0,,,,,,,,,
366623,2008/09,2009-03-03,McLean Park,1,25.3,India,New Zealand,SK Raina,MS Dhoni,JD Ryder,1,0,,,,,,,,,
366623,2008/09,2009-03-03,McLean Park,1,25.4,India,New Zealand,MS Dhoni,SK Raina,JD Ryder,1,0,,,,,,,,,
366623,2008/09,2009-03-03,McLean Park,1,25.5,India,New Zealand,SK Raina,MS Dhoni,JD Ryder,1,0,,,,,,,,,
366623,2008/09,2009-03-03,McLean Park,1,25.6,India,New Zealand,MS Dhoni,SK Raina,JD Ryder,1,0,,,,,,,,,
366623,2008/09,2009-03-03,McLean Park,1,26.1,India,New Zealand,MS Dhoni,SK Raina,DL Vettori,0,0,,,,,,,,,
366623,2008/09,2009-03-03,McLean Park,1,26.2,India,New Zealand,MS Dhoni,SK Raina,DL Vettori,0,0,,,,,,,,,
366623,2008/09,2009-03-03,McLean Park,1,26.3,India,New Zealand,MS Dhoni,SK Raina,DL Vettori,1,0,,,,,,,,,
366623,2008/09,2009-03-03,McLean Park,1,26.4,India,New Zealand,SK Raina,MS Dhoni,DL Vettori,1,0,,,,,,,,,
366623,2008/09,2009-03-03,McLean Park,1,26.5,India,New Zealand,MS Dhoni,SK Raina,DL Vettori,1,0,,,,,,,,,
366623,2008/09,2009-03-03,McLean Park,1,26.6,India,New Zealand,SK Raina,MS Dhoni,DL Vettori,6,0,,,,,,,,,
366623,2008/09,2009-03-03,McLean Park,1,27.1,India,New Zealand,MS Dhoni,SK Raina,JD Ryder,0,0,,,,,,,,,
366623,2008/09,2009-03-03,McLean Park,1,27.2,India,New Zealand,MS Dhoni,SK Raina,JD Ryder,1,0,,,,,,,,,
366623,2008/09,2009-03-03,McLean Park,1,27.3,India,New Zealand,SK Raina,MS Dhoni,JD Ryder,2,0,,,,,,,,,
366623,2008/09,2009-03-03,McLean Park,1,27.4,India,New Zealand,SK Raina,MS Dhoni,JD Ryder,1,0,,,,,,,,,
366623,2008/09,2009-03-03,McLean Park,1,27.5,India,New Zealand,MS Dhoni,SK Raina,JD Ryder,1,0,,,,,,,,,
366623,2008/09,2009-03-03,McLean Park,1,27.6,India,New Zealand,SK Raina,MS Dhoni,JD Ryder,1,0,,,,,,,,,
366623,2008/09,2009-03-03,McLean Park,1,28.1,India,New Zealand,SK Raina,MS Dhoni,KD Mills,1,0,,,,,,,,,
366623,2008/09,2009-03-03,McLean Park,1,28.2,India,New Zealand,MS Dhoni,SK Raina,KD Mills,1,0,,,,,,,,,
366623,2008/09,2009-03-03,McLean Park,1,28.3,India,New Zealand,SK Raina,MS Dhoni,KD Mills,2,0,,,,,,,,,
366623,2008/09,2009-03-03,McLean Park,1,28.4,India,New Zealand,SK Raina,MS Dhoni,KD Mills,6,1,,1,,,,,,,
366623,2008/09,2009-03-03,McLean Park,1,28.5,India,New Zealand,SK Raina,MS Dhoni,KD Mills,1,0,,,,,,,,,
366623,2008/09,2009-03-03,McLean Park,1,28.6,India,New Zealand,MS Dhoni,SK Raina,KD Mills,1,0,,,,,,,,,
366623,2008/09,2009-03-03,McLean Park,1,28.7,India,New Zealand,SK Raina,MS Dhoni,KD Mills,1,0,,,,,,,,,
366623,2008/09,2009-03-03,McLean Park,1,29.1,India,New Zealand,SK Raina,MS Dhoni,IG Butler,1,0,,,,,,,,,
366623,2008/09,2009-03-03,McLean Park,1,29.2,India,New Zealand,MS Dhoni,SK Raina,IG Butler,4,0,,,,,,,,,
366623,2008/09,2009-03-03,McLean Park,1,29.3,India,New Zealand,MS Dhoni,SK Raina,IG Butler,1,0,,,,,,,,,
366623,2008/09,2009-03-03,McLean Park,1,29.4,India,New Zealand,SK Raina,MS Dhoni,IG Butler,1,0,,,,,,,,,
366623,2008/09,2009-03-03,McLean Park,1,29.5,India,New Zealand,MS Dhoni,SK Raina,IG Butler,1,0,,,,,,,,,
366623,2008/09,2009-03-03,McLean Park,1,29.6,India,New Zealand,SK Raina,MS Dhoni,IG Butler,4,0,,,,,,,,,
366623,2008/09,2009-03-03,McLean Park,1,30.1,India,New Zealand,MS Dhoni,SK Raina,KD Mills,4,0,,,,,,,,,
366623,2008/09,2009-03-03,McLean Park,1,30.2,India,New Zealand,MS Dhoni,SK Raina,KD Mills,1,0,,,,,,,,,
366623,2008/09,2009-03-03,McLean Park,1,30.3,India,New Zealand,SK Raina,MS Dhoni,KD Mills,6,0,,,,,,,,,
366623,2008/09,2009-03-03,McLean Park,1,30.4,India,New Zealand,SK Raina,MS Dhoni,KD Mills,1,0,,,,,,,,,
366623,2008/09,2009-03-03,McLean Park,1,30.5,India,New Zealand,MS Dhoni,SK Raina,KD Mills,1,0,,,,,,,,,
366623,2008/09,2009-03-03,McLean Park,1,30.6,India,New Zealand,SK Raina,MS Dhoni,KD Mills,1,0,,,,,,,,,
366623,2008/09,2009-03-03,McLean Park,1,31.1,India,New Zealand,SK Raina,MS Dhoni,IE O'Brien,1,0,,,,,,,,,
366623,2008/09,2009-03-03,McLean Park,1,31.2,India,New Zealand,MS Dhoni,SK Raina,IE O'Brien,1,0,,,,,,,,,
366623,2008/09,2009-03-03,McLean Park,1,31.3,India,New Zealand,SK Raina,MS Dhoni,IE O'Brien,1,0,,,,,,,,,
366623,2008/09,2009-03-03,McLean Park,1,31.4,India,New Zealand,MS Dhoni,SK Raina,IE O'Brien,4,0,,,,,,,,,
366623,2008/09,2009-03-03,McLean Park,1,31.5,India,New Zealand,MS Dhoni,SK Raina,IE O'Brien,2,0,,,,,,,,,
366623,2008/09,2009-03-03,McLean Park,1,31.6,India,New Zealand,MS Dhoni,SK Raina,IE O'Brien,1,0,,,,,,,,,
366623,2008/09,2009-03-03,McLean Park,1,32.1,India,New Zealand,MS Dhoni,SK Raina,DL Vettori,1,0,,,,,,,,,
366623,2008/09,2009-03-03,McLean Park,1,32.2,India,New Zealand,SK Raina,MS Dhoni,DL Vettori,1,0,,,,,,,,,
366623,2008/09,2009-03-03,McLean Park,1,32.3,India,New Zealand,MS Dhoni,SK Raina,DL Vettori,0,0,,,,,,,,,
366623,2008/09,2009-03-03,McLean Park,1,32.4,India,New Zealand,MS Dhoni,SK Raina,DL Vettori,1,0,,,,,,,,,
366623,2008/09,2009-03-03,McLean Park,1,32.5,India,New Zealand,SK Raina,MS Dhoni,DL Vettori,4,0,,,,,,,,,
366623,2008/09,2009-03-03,McLean Park,1,32.6,India,New Zealand,SK Raina,MS Dhoni,DL Vettori,6,0,,,,,,,,,
366623,2008/09,2009-03-03,McLean Park,1,33.1,India,New Zealand,MS Dhoni,SK Raina,IE O'Brien,1,0,,,,,,,,,
366623,2008/09,2009-03-03,McLean Park,1,33.2,India,New Zealand,SK Raina,MS Dhoni,IE O'Brien,0,0,,,,,,,,,
366623,2008/09,2009-03-03,McLean Park,1,33.3,India,New Zealand,SK Raina,MS Dhoni,IE O'Brien,0,0,,,,,,,,,
366623,2008/09,2009-03-03,McLean Park,1,33.4,India,New Zealand,SK Raina,MS Dhoni,IE O'Brien,4,0,,,,,,,,,
366623,2008/09,2009-03-03,McLean Park,1,33.5,India,New Zealand,SK Raina,MS Dhoni,IE O'Brien,1,0,,,,,,,,,
366623,2008/09,2009-03-03,McLean Park,1,33.6,India,New Zealand,MS Dhoni,SK Raina,IE O'Brien,1,0,,,,,,,,,
366623,2008/09,2009-03-03,McLean Park,1,34.1,India,New Zealand,MS Dhoni,SK Raina,GD Elliott,0,0,,,,,,,,,
366623,2008/09,2009-03-03,McLean Park,1,34.2,India,New Zealand,MS Dhoni,SK Raina,GD Elliott,4,0,,,,,,,,,
366623,2008/09,2009-03-03,McLean Park,1,34.3,India,New Zealand,MS Dhoni,SK Raina,GD Elliott,1,0,,,,,,,,,
366623,2008/09,2009-03-03,McLean Park,1,34.4,India,New Zealand,SK Raina,MS Dhoni,GD Elliott,1,0,,,,,,,,,
366623,2008/09,2009-03-03,McLean Park,1,34.5,India,New Zealand,MS Dhoni,SK Raina,GD Elliott,1,0,,,,,,,,,
366623,2008/09,2009-03-03,McLean Park,1,34.6,India,New Zealand,SK Raina,MS Dhoni,GD Elliott,0,0,,,,,,caught,SK Raina,,
366623,2008/09,2009-03-03,McLean Park,1,35.1,India,New Zealand,MS Dhoni,YK Pathan,IG Butler,1,0,,,,,,,,,
366623,2008/09,2009-03-03,McLean Park,1,35.2,India,New Zealand,YK Pathan,MS Dhoni,IG Butler,1,0,,,,,,,,,
366623,2008/09,2009-03-03,McLean Park,1,35.3,India,New Zealand,MS Dhoni,YK Pathan,IG Butler,1,0,,,,,,,,,
366623,2008/09,2009-03-03,McLean Park,1,35.4,India,New Zealand,YK Pathan,MS Dhoni,IG Butler,1,0,,,,,,,,,
366623,2008/09,2009-03-03,McLean Park,1,35.5,India,New Zealand,MS Dhoni,YK Pathan,IG Butler,1,0,,,,,,,,,
366623,2008/09,2009-03-03,McLean Park,1,35.6,India,New Zealand,YK Pathan,MS Dhoni,IG Butler,1,0,,,,,,,,,
366623,2008/09,2009-03-03,McLean Park,1,36.1,India,New Zealand,YK Pathan,MS Dhoni,GD Elliott,4,0,,,,,,,,,
366623,2008/09,2009-03-03,McLean Park,1,36.2,India,New Zealand,YK Pathan,MS Dhoni,GD Elliott,0,1,,,1,,,,,,
366623,2008/09,2009-03-03,McLean Park,1,36.3,India,New Zealand,MS Dhoni,YK Pathan,GD Elliott,2,0,,,,,,,,,
366623,2008/09,2009-03-03,McLean Park,1,36.4,India,New Zealand,MS Dhoni,YK Pathan,GD Elliott,1,0,,,,,,,,,
366623,2008/09,2009-03-03,McLean Park,1,36.5,India,New Zealand,YK Pathan,MS Dhoni,GD Elliott,6,0,,,,,,,,,
366623,2008/09,2009-03-03,McLean Park,1,36.6,India,New Zealand,YK Pathan,MS Dhoni,GD Elliott,0,0,,,,,,,,,
366623,2008/09,2009-03-03,McLean Park,1,37.1,India,New Zealand,MS Dhoni,YK Pathan,JD Ryder,1,0,,,,,,,,,
366623,2008/09,2009-03-03,McLean Park,1,37.2,India,New Zealand,YK Pathan,MS Dhoni,JD Ryder,4,0,,,,,,,,,
366623,2008/09,2009-03-03,McLean Park,1,37.3,India,New Zealand,YK Pathan,MS Dhoni,JD Ryder,2,0,,,,,,,,,
366623,2008/09,2009-03-03,McLean Park,1,37.4,India,New Zealand,YK Pathan,MS Dhoni,JD Ryder,1,0,,,,,,,,,
366623,2008/09,2009-03-03,McLean Park,1,37.5,India,New Zealand,MS Dhoni,YK Pathan,JD Ryder,2,0,,,,,,,,,
366623,2008/09,2009-03-03,McLean Park,1,37.6,India,New Zealand,MS Dhoni,YK Pathan,JD Ryder,2,0,,,,,,,,,
366623,2008/09,2009-03-03,McLean Park,2,0.1,New Zealand,India,JD Ryder,BB McCullum,Z Khan,0,0,,,,,,,,,
366623,2008/09,2009-03-03,McLean Park,2,0.2,New Zealand,India,JD Ryder,BB McCullum,Z Khan,0,0,,,,,,,,,
366623,2008/09,2009-03-03,McLean Park,2,0.3,New Zealand,India,JD Ryder,BB McCullum,Z Khan,0,0,,,,,,,,,
366623,2008/09,2009-03-03,McLean Park,2,0.4,New Zealand,India,JD Ryder,BB McCullum,Z Khan,0,0,,,,,,,,,
366623,2008/09,2009-03-03,McLean Park,2,0.5,New Zealand,India,JD Ryder,BB McCullum,Z Khan,0,0,,,,,,,,,
366623,2008/09,2009-03-03,McLean Park,2,0.6,New Zealand,India,JD Ryder,BB McCullum,Z Khan,0,0,,,,,,,,,
366623,2008/09,2009-03-03,McLean Park,2,1.1,New Zealand,India,BB McCullum,JD Ryder,P Kumar,0,0,,,,,,,,,
366623,2008/09,2009-03-03,McLean Park,2,1.2,New Zealand,India,BB McCullum,JD Ryder,P Kumar,0,0,,,,,,,,,
366623,2008/09,2009-03-03,McLean Park,2,1.3,New Zealand,India,BB McCullum,JD Ryder,P Kumar,0,0,,,,,,,,,
366623,2008/09,2009-03-03,McLean Park,2,1.4,New Zealand,India,BB McCullum,JD Ryder,P Kumar,0,0,,,,,,,,,
366623,2008/09,2009-03-03,McLean Park,2,1.5,New Zealand,India,BB McCullum,JD Ryder,P Kumar,0,0,,,,,,caught,BB McCullum,,
366623,2008/09,2009-03-03,McLean Park,2,1.6,New Zealand,India,JD Ryder,MJ Guptill,P Kumar,0,0,,,,,,,,,
366623,2008/09,2009-03-03,McLean Park,2,2.1,New Zealand,India,MJ Guptill,JD Ryder,Z Khan,4,0,,,,,,,,,
366623,2008/09,2009-03-03,McLean Park,2,2.2,New Zealand,India,MJ Guptill,JD Ryder,Z Khan,0,0,,,,,,,,,
366623,2008/09,2009-03-03,McLean Park,2,2.3,New Zealand,India,MJ Guptill,JD Ryder,Z Khan,1,0,,,,,,,,,
366623,2008/09,2009-03-03,McLean Park,2,2.4,New Zealand,India,JD Ryder,MJ Guptill,Z Khan,0,0,,,,,,,,,
366623,2008/09,2009-03-03,McLean Park,2,2.5,New Zealand,India,JD Ryder,MJ Guptill,Z Khan,0,0,,,,,,,,,
366623,2008/09,2009-03-03,McLean Park,2,2.6,New Zealand,India,JD Ryder,MJ Guptill,Z Khan,1,0,,,,,,,,,
366623,2008/09,2009-03-03,McLean Park,2,3.1,New Zealand,India,JD Ryder,MJ Guptill,P Kumar,1,0,,,,,,,,,
366623,2008/09,2009-03-03,McLean Park,2,3.2,New Zealand,India,MJ Guptill,JD Ryder,P Kumar,0,0,,,,,,,,,
366623,2008/09,2009-03-03,McLean Park,2,3.3,New Zealand,India,MJ Guptill,JD Ryder,P Kumar,0,0,,,,,,,,,
366623,2008/09,2009-03-03,McLean Park,2,3.4,New Zealand,India,MJ Guptill,JD Ryder,P Kumar,0,0,,,,,,,,,
366623,2008/09,2009-03-03,McLean Park,2,3.5,New Zealand,India,MJ Guptill,JD Ryder,P Kumar,0,1,1,,,,,,,,
366623,2008/09,2009-03-03,McLean Park,2,3.6,New Zealand,India,MJ Guptill,JD Ryder,P Kumar,0,0,,,,,,,,,
366623,2008/09,2009-03-03,McLean Park,2,3.7,New Zealand,India,MJ Guptill,JD Ryder,P Kumar,0,0,,,,,,,,,
366623,2008/09,2009-03-03,McLean Park,2,4.1,New Zealand,India,JD Ryder,MJ Guptill,Z Khan,0,0,,,,,,,,,
366623,2008/09,2009-03-03,McLean Park,2,4.2,New Zealand,India,JD Ryder,MJ Guptill,Z Khan,0,0,,,,,,,,,
366623,2008/09,2009-03-03,McLean Park,2,4.3,New Zealand,India,JD Ryder,MJ Guptill,Z Khan,0,0,,,,,,,,,
366623,2008/09,2009-03-03,McLean Park,2,4.4,New Zealand,India,JD Ryder,MJ Guptill,Z Khan,1,0,,,,,,,,,
366623,2008/09,2009-03-03,McLean Park,2,4.5,New Zealand,India,MJ Guptill,JD Ryder,Z Khan,0,0,,,,,,,,,
366623,2008/09,2009-03-03,McLean Park,2,4.6,New Zealand,India,MJ Guptill,JD Ryder,Z Khan,0,0,,,,,,,,,
366623,2008/09,2009-03-03,McLean Park,2,5.1,New Zealand,India,JD Ryder,MJ Guptill,P Kumar,0,0,,,,,,,,,
366623,2008/09,2009-03-03,McLean Park,2,5.2,New Zealand,India,JD Ryder,MJ Guptill,P Kumar,4,0,,,,,,,,,
366623,2008/09,2009-03-03,McLean Park,2,5.3,New Zealand,India,JD Ryder,MJ Guptill,P Kumar,1,0,,,,,,,,,
366623,2008/09,2009-03-03,McLean Park,2,5.4,New Zealand,India,MJ Guptill,JD Ryder,P Kumar,0,0,,,,,,,,,
366623,2008/09,2009-03-03,McLean Park,2,5.5,New Zealand,India,MJ Guptill,JD Ryder,P Kumar,0,1,,,,1,,,,,
366623,2008/09,2009-03-03,McLean Park,2,5.6,New Zealand,India,JD Ryder,MJ Guptill,P Kumar,0,0,,,,,,,,,
366623,2008/09,2009-03-03,McLean Park,2,6.1,New Zealand,India,MJ Guptill,JD Ryder,Z Khan,1,0,,,,,,,,,
366623,2008/09,2009-03-03,McLean Park,2,6.2,New Zealand,India,JD Ryder,MJ Guptill,Z Khan,0,0,,,,,,,,,
366623,2008/09,2009-03-03,McLean Park,2,6.3,New Zealand,India,JD Ryder,MJ Guptill,Z Khan,3,0,,,,,,,,,
366623,2008/09,2009-03-03,McLean Park,2,6.4,New Zealand,India,MJ Guptill,JD Ryder,Z Khan,2,0,,,,,,,,,
366623,2008/09,2009-03-03,McLean Park,2,6.5,New Zealand,India,MJ Guptill,JD Ryder,Z Khan,1,0,,,,,,,,,
366623,2008/09,2009-03-03,McLean Park,2,6.6,New Zealand,India,JD Ryder,MJ Guptill,Z Khan,0,0,,,,,,,,,
366623,2008/09,2009-03-03,McLean Park,2,7.1,New Zealand,India,MJ Guptill,JD Ryder,P Kumar,1,0,,,,,,,,,
366623,2008/09,2009-03-03,McLean Park,2,7.2,New Zealand,India,JD Ryder,MJ Guptill,P Kumar,0,0,,,,,,,,,
366623,2008/09,2009-03-03,McLean Park,2,7.3,New Zealand,India,JD Ryder,MJ Guptill,P Kumar,0,0,,,,,,,,,
366623,2008/09,2009-03-03,McLean Park,2,7.4,New Zealand,India,JD Ryder,MJ Guptill,P Kumar,0,0,,,,,,caught,JD Ryder,,
366623,2008/09,2009-03-03,McLean Park,2,7.5,New Zealand,India,MJ Guptill,LRPL Taylor,P Kumar,0,0,,,,,,,,,
366623,2008/09,2009-03-03,McLean Park,2,7.6,New Zealand,India,MJ Guptill,LRPL Taylor,P Kumar,0,0,,,,,,,,,
366623,2008/09,2009-03-03,McLean Park,2,8.1,New Zealand,India,LRPL Taylor,MJ Guptill,MM Patel,0,0,,,,,,,,,
366623,2008/09,2009-03-03,McLean Park,2,8.2,New Zealand,India,LRPL Taylor,MJ Guptill,MM Patel,0,0,,,,,,,,,
366623,2008/09,2009-03-03,McLean Park,2,8.3,New Zealand,India,LRPL Taylor,MJ Guptill,MM Patel,0,0,,,,,,,,,
366623,2008/09,2009-03-03,McLean Park,2,8.4,New Zealand,India,LRPL Taylor,MJ Guptill,MM Patel,4,0,,,,,,,,,
366623,2008/09,2009-03-03,McLean Park,2,8.5,New Zealand,India,LRPL Taylor,MJ Guptill,MM Patel,0,0,,,,,,,,,
366623,2008/09,2009-03-03,McLean Park,2,8.6,New Zealand,India,LRPL Taylor,MJ Guptill,MM Patel,1,0,,,,,,,,,
366623,2008/09,2009-03-03,McLean Park,2,9.1,New Zealand,India,LRPL Taylor,MJ Guptill,P Kumar,1,0,,,,,,,,,
366623,2008/09,2009-03-03,McLean Park,2,9.2,New Zealand,India,MJ Guptill,LRPL Taylor,P Kumar,2,0,,,,,,,,,
366623,2008/09,2009-03-03,McLean Park,2,9.3,New Zealand,India,MJ Guptill,LRPL Taylor,P Kumar,0,0,,,,,,,,,
366623,2008/09,2009-03-03,McLean Park,2,9.4,New Zealand,India,MJ Guptill,LRPL Taylor,P Kumar,0,0,,,,,,,,,
366623,2008/09,2009-03-03,McLean Park,2,9.5,New Zealand,India,MJ Guptill,LRPL Taylor,P Kumar,0,0,,,,,,,,,
366623,2008/09,2009-03-03,McLean Park,2,9.6,New Zealand,India,MJ Guptill,LRPL Taylor,P Kumar,4,0,,,,,,,,,
366623,2008/09,2009-03-03,McLean Park,2,10.1,New Zealand,India,LRPL Taylor,MJ Guptill,MM Patel,1,0,,,,,,,,,
366623,2008/09,2009-03-03,McLean Park,2,10.2,New Zealand,India,MJ Guptill,LRPL Taylor,MM Patel,0,0,,,,,,,,,
366623,2008/09,2009-03-03,McLean Park,2,10.3,New Zealand,India,MJ Guptill,LRPL Taylor,MM Patel,0,0,,,,,,,,,
366623,2008/09,2009-03-03,McLean Park,2,10.4,New Zealand,India,MJ Guptill,LRPL Taylor,MM Patel,2,0,,,,,,,,,
366623,2008/09,2009-03-03,McLean Park,2,10.5,New Zealand,India,MJ Guptill,LRPL Taylor,MM Patel,4,0,,,,,,,,,
366623,2008/09,2009-03-03,McLean Park,2,10.6,New Zealand,India,MJ Guptill,LRPL Taylor,MM Patel,2,0,,,,,,,,,
366623,2008/09,2009-03-03,McLean Park,2,11.1,New Zealand,India,LRPL Taylor,MJ Guptill,P Kumar,2,0,,,,,,,,,
366623,2008/09,2009-03-03,McLean Park,2,11.2,New Zealand,India,LRPL Taylor,MJ Guptill,P Kumar,4,0,,,,,,,,,
366623,2008/09,2009-03-03,McLean Park,2,11.3,New Zealand,India,LRPL Taylor,MJ Guptill,P Kumar,1,0,,,,,,,,,
366623,2008/09,2009-03-03,McLean Park,2,11.4,New Zealand,India,MJ Guptill,LRPL Taylor,P Kumar,1,0,,,,,,,,,
366623,2008/09,2009-03-03,McLean Park,2,11.5,New Zealand,India,LRPL Taylor,MJ Guptill,P Kumar,2,0,,,,,,,,,
366623,2008/09,2009-03-03,McLean Park,2,11.6,New Zealand,India,LRPL Taylor,MJ Guptill,P Kumar,0,1,1,,,,,,,,
366623,2008/09,2009-03-03,McLean Park,2,11.7,New Zealand,India,LRPL Taylor,MJ Guptill,P Kumar,2,0,,,,,,,,,
366623,2008/09,2009-03-03,McLean Park,2,12.1,New Zealand,India,MJ Guptill,LRPL Taylor,Yuvraj Singh,1,0,,,,,,,,,
366623,2008/09,2009-03-03,McLean Park,2,12.2,New Zealand,India,LRPL Taylor,MJ Guptill,Yuvraj Singh,1,0,,,,,,,,,
366623,2008/09,2009-03-03,McLean Park,2,12.3,New Zealand,India,MJ Guptill,LRPL Taylor,Yuvraj Singh,0,0,,,,,,,,,
366623,2008/09,2009-03-03,McLean Park,2,12.4,New Zealand,India,MJ Guptill,LRPL Taylor,Yuvraj Singh,1,0,,,,,,,,,
366623,2008/09,2009-03-03,McLean Park,2,12.5,New Zealand,India,LRPL Taylor,MJ Guptill,Yuvraj Singh,0,0,,,,,,,,,
366623,2008/09,2009-03-03,McLean Park,2,12.6,New Zealand,India,LRPL Taylor,MJ Guptill,Yuvraj Singh,1,0,,,,,,,,,
366623,2008/09,2009-03-03,McLean Park,2,13.1,New Zealand,India,LRPL Taylor,MJ Guptill,YK Pathan,4,0,,,,,,,,,
366623,2008/09,2009-03-03,McLean Park,2,13.2,New Zealand,India,LRPL Taylor,MJ Guptill,YK Pathan,1,0,,,,,,,,,
366623,2008/09,2009-03-03,McLean Park,2,13.3,New Zealand,India,MJ Guptill,LRPL Taylor,YK Pathan,0,0,,,,,,,,,
366623,2008/09,2009-03-03,McLean Park,2,13.4,New Zealand,India,MJ Guptill,LRPL Taylor,YK Pathan,1,0,,,,,,,,,
366623,2008/09,2009-03-03,McLean Park,2,13.5,New Zealand,India,LRPL Taylor,MJ Guptill,YK Pathan,1,0,,,,,,,,,
366623,2008/09,2009-03-03,McLean Park,2,13.6,New Zealand,India,MJ Guptill,LRPL Taylor,YK Pathan,1,0,,,,,,,,,
366623,2008/09,2009-03-03,McLean Park,2,14.1,New Zealand,India,MJ Guptill,LRPL Taylor,Yuvraj Singh,1,0,,,,,,,,,
366623,2008/09,2009-03-03,McLean Park,2,14.2,New Zealand,India,LRPL Taylor,MJ Guptill,Yuvraj Singh,2,0,,,,,,,,,
366623,2008/09,2009-03-03,McLean Park,2,14.3,New Zealand,India,LRPL Taylor,MJ Guptill,Yuvraj Singh,2,0,,,,,,,,,
366623,2008/09,2009-03-03,McLean Park,2,14.4,New Zealand,India,LRPL Taylor,MJ Guptill,Yuvraj Singh,1,0,,,,,,,,,
366623,2008/09,2009-03-03,McLean Park,2,14.5,New Zealand,India,MJ Guptill,LRPL Taylor,Yuvraj Singh,0,0,,,,,,,,,
366623,2008/09,2009-03-03,McLean Park,2,14.6,New Zealand,India,MJ Guptill,LRPL Taylor,Yuvraj Singh,1,0,,,,,,,,,
366623,2008/09,2009-03-03,McLean Park,2,15.1,New Zealand,India,MJ Guptill,LRPL Taylor,YK Pathan,1,0,,,,,,,,,
366623,2008/09,2009-03-03,McLean Park,2,15.2,New Zealand,India,LRPL Taylor,MJ Guptill,YK Pathan,0,3,,,,3,,,,,
366623,2008/09,2009-03-03,McLean Park,2,15.3,New Zealand,India,MJ Guptill,LRPL Taylor,YK Pathan,0,0,,,,,,,,,
366623,2008/09,2009-03-03,McLean Park,2,15.4,New Zealand,India,MJ Guptill,LRPL Taylor,YK Pathan,1,0,,,,,,,,,
366623,2008/09,2009-03-03,McLean Park,2,15.5,New Zealand,India,LRPL Taylor,MJ Guptill,YK Pathan,0,0,,,,,,caught,LRPL Taylor,,
366623,2008/09,2009-03-03,McLean Park,2,15.6,New Zealand,India,MJ Guptill,GD Elliott,YK Pathan,1,0,,,,,,,,,
366623,2008/09,2009-03-03,McLean Park,2,16.1,New Zealand,India,MJ Guptill,GD Elliott,Yuvraj Singh,0,0,,,,,,,,,
366623,2008/09,2009-03-03,McLean Park,2,16.2,New Zealand,India,MJ Guptill,GD Elliott,Yuvraj Singh,1,0,,,,,,,,,
366623,2008/09,2009-03-03,McLean Park,2,16.3,New Zealand,India,GD Elliott,MJ Guptill,Yuvraj Singh,1,0,,,,,,,,,
366623,2008/09,2009-03-03,McLean Park,2,16.4,New Zealand,India,MJ Guptill,GD Elliott,Yuvraj Singh,0,1,,,,1,,,,,
366623,2008/09,2009-03-03,McLean Park,2,16.5,New Zealand,India,GD Elliott,MJ Guptill,Yuvraj Singh,1,0,,,,,,,,,
366623,2008/09,2009-03-03,McLean Park,2,16.6,New Zealand,India,MJ Guptill,GD Elliott,Yuvraj Singh,1,0,,,,,,,,,
366623,2008/09,2009-03-03,McLean Park,2,17.1,New Zealand,India,MJ Guptill,GD Elliott,YK Pathan,0,0,,,,,,,,,
366623,2008/09,2009-03-03,McLean Park,2,17.2,New Zealand,India,MJ Guptill,GD Elliott,YK Pathan,1,0,,,,,,,,,
366623,2008/09,2009-03-03,McLean Park,2,17.3,New Zealand,India,GD Elliott,MJ Guptill,YK Pathan,1,0,,,,,,,,,
366623,2008/09,2009-03-03,McLean Park,2,17.4,New Zealand,India,MJ Guptill,GD Elliott,YK Pathan,1,0,,,,,,,,,
366623,2008/09,2009-03-03,McLean Park,2,17.5,New Zealand,India,GD Elliott,MJ Guptill,YK Pathan,0,1,,,,1,,,,,
366623,2008/09,2009-03-03,McLean Park,2,17.6,New Zealand,India,MJ Guptill,GD Elliott,YK Pathan,1,0,,,,,,,,,
366623,2008/09,2009-03-03,McLean Park,2,18.1,New Zealand,India,MJ Guptill,GD Elliott,Yuvraj Singh,1,0,,,,,,,,,
366623,2008/09,2009-03-03,McLean Park,2,18.2,New Zealand,India,GD Elliott,MJ Guptill,Yuvraj Singh,1,0,,,,,,,,,
366623,2008/09,2009-03-03,McLean Park,2,18.3,New Zealand,India,MJ Guptill,GD Elliott,Yuvraj Singh,2,0,,,,,,,,,
366623,2008/09,2009-03-03,McLean Park,2,18.4,New Zealand,India,MJ Guptill,GD Elliott,Yuvraj Singh,0,0,,,,,,,,,
366623,2008/09,2009-03-03,McLean Park,2,18.5,New Zealand,India,MJ Guptill,GD Elliott,Yuvraj Singh,1,0,,,,,,,,,
366623,2008/09,2009-03-03,McLean Park,2,18.6,New Zealand,India,GD Elliott,MJ Guptill,Yuvraj Singh,2,0,,,,,,,,,
366623,2008/09,2009-03-03,McLean Park,2,19.1,New Zealand,India,MJ Guptill,GD Elliott,YK Pathan,0,1,1,,,,,,,,
366623,2008/09,2009-03-03,McLean Park,2,19.2,New Zealand,India,MJ Guptill,GD Elliott,YK Pathan,2,0,,,,,,,,,
366623,2008/09,2009-03-03,McLean Park,2,19.3,New Zealand,India,MJ Guptill,GD Elliott,YK Pathan,0,0,,,,,,,,,
366623,2008/09,2009-03-03,McLean Park,2,19.4,New Zealand,India,MJ Guptill,GD Elliott,YK Pathan,0,0,,,,,,,,,
366623,2008/09,2009-03-03,McLean Park,2,19.5,New Zealand,India,MJ Guptill,GD Elliott,YK Pathan,2,0,,,,,,,,,
366623,2008/09,2009-03-03,McLean Park,2,19.6,New Zealand,India,MJ Guptill,GD Elliott,YK Pathan,1,0,,,,,,,,,
366623,2008/09,2009-03-03,McLean Park,2,19.7,New Zealand,India,GD Elliott,MJ Guptill,YK Pathan,1,0,,,,,,,,,
366623,2008/09,2009-03-03,McLean Park,2,20.1,New Zealand,India,GD Elliott,MJ Guptill,Yuvraj Singh,1,0,,,,,,,,,
366623,2008/09,2009-03-03,McLean Park,2,20.2,New Zealand,India,MJ Guptill,GD Elliott,Yuvraj Singh,1,0,,,,,,,,,
366623,2008/09,2009-03-03,McLean Park,2,20.3,New Zealand,India,GD Elliott,MJ Guptill,Yuvraj Singh,0,0,,,,,,,,,
366623,2008/09,2009-03-03,McLean Park,2,20.4,New Zealand,India,GD Elliott,MJ Guptill,Yuvraj Singh,2,0,,,,,,,,,
366623,2008/09,2009-03-03,McLean Park,2,20.5,New Zealand,India,GD Elliott,MJ Guptill,Yuvraj Singh,1,0,,,,,,run out,GD Elliott,,
366623,2008/09,2009-03-03,McLean Park,2,20.6,New Zealand,India,JDP Oram,MJ Guptill,Yuvraj Singh,0,0,,,,,,caught,JDP Oram,,
366623,2008/09,2009-03-03,McLean Park,2,21.1,New Zealand,India,MJ Guptill,NT Broom,Harbhajan Singh,1,0,,,,,,,,,
366623,2008/09,2009-03-03,McLean Park,2,21.2,New Zealand,India,NT Broom,MJ Guptill,Harbhajan Singh,1,0,,,,,,,,,
366623,2008/09,2009-03-03,McLean Park,2,21.3,New Zealand,India,MJ Guptill,NT Broom,Harbhajan Singh,1,0,,,,,,,,,
366623,2008/09,2009-03-03,McLean Park,2,21.4,New Zealand,India,NT Broom,MJ Guptill,Harbhajan Singh,0,1,,,,1,,,,,
366623,2008/09,2009-03-03,McLean Park,2,21.5,New Zealand,India,MJ Guptill,NT Broom,Harbhajan Singh,2,0,,,,,,,,,
366623,2008/09,2009-03-03,McLean Park,2,21.6,New Zealand,India,MJ Guptill,NT Broom,Harbhajan Singh,1,0,,,,,,,,,
366623,2008/09,2009-03-03,McLean Park,2,22.1,New Zealand,India,MJ Guptill,NT Broom,Z Khan,1,0,,,,,,,,,
366623,2008/09,2009-03-03,McLean Park,2,22.2,New Zealand,India,NT Broom,MJ Guptill,Z Khan,0,1,,1,,,,,,,
366623,2008/09,2009-03-03,McLean Park,2,22.3,New Zealand,India,NT Broom,MJ Guptill,Z Khan,0,0,,,,,,,,,
366623,2008/09,2009-03-03,McLean Park,2,22.4,New Zealand,India,NT Broom,MJ Guptill,Z Khan,0,1,,,,1,,,,,
366623,2008/09,2009-03-03,McLean Park,2,22.5,New Zealand,India,MJ Guptill,NT Broom,Z Khan,0,1,,,,1,,,,,
366623,2008/09,2009-03-03,McLean Park,2,22.6,New Zealand,India,NT Broom,MJ Guptill,Z Khan,1,0,,,,,,,,,
366623,2008/09,2009-03-03,McLean Park,2,22.7,New Zealand,India,MJ Guptill,NT Broom,Z Khan,1,0,,,,,,,,,
366623,2008/09,2009-03-03,McLean Park,2,23.1,New Zealand,India,MJ Guptill,NT Broom,Harbhajan Singh,4,0,,,,,,,,,
366623,2008/09,2009-03-03,McLean Park,2,23.2,New Zealand,India,MJ Guptill,NT Broom,Harbhajan Singh,4,0,,,,,,,,,
366623,2008/09,2009-03-03,McLean Park,2,23.3,New Zealand,India,MJ Guptill,NT Broom,Harbhajan Singh,0,0,,,,,,caught,MJ Guptill,,
366623,2008/09,2009-03-03,McLean Park,2,23.4,New Zealand,India,NT Broom,IG Butler,Harbhajan Singh,0,0,,,,,,stumped,NT Broom,,
366623,2008/09,2009-03-03,McLean Park,2,23.5,New Zealand,India,KD Mills,IG Butler,Harbhajan Singh,0,0,,,,,,,,,
366623,2008/09,2009-03-03,McLean Park,2,23.6,New Zealand,India,KD Mills,IG Butler,Harbhajan Singh,0,0,,,,,,caught,KD Mills,,
366623,2008/09,2009-03-03,McLean Park,2,24.1,New Zealand,India,IG Butler,DL Vettori,Z Khan,0,0,,,,,,caught,IG Butler,,
366623,2008/09,2009-03-03,McLean Park,2,24.2,New Zealand,India,DL Vettori,IE O'Brien,Z Khan,0,0,,,,,,,,,
366623,2008/09,2009-03-03,McLean Park,2,24.3,New Zealand,India,DL Vettori,IE O'Brien,Z Khan,1,0,,,,,,,,,
366623,2008/09,2009-03-03,McLean Park,2,24.4,New Zealand,India,IE O'Brien,DL Vettori,Z Khan,0,0,,,,,,,,,
366623,2008/09,2009-03-03,McLean Park,2,24.5,New Zealand,India,IE O'Brien,DL Vettori,Z Khan,0,0,,,,,,,,,
366623,2008/09,2009-03-03,McLean Park,2,24.6,New Zealand,India,IE O'Brien,DL Vettori,Z Khan,0,1,,,,1,,,,,
366623,2008/09,2009-03-03,McLean Park,2,25.1,New Zealand,India,IE O'Brien,DL Vettori,Harbhajan Singh,1,0,,,,,,,,,
366623,2008/09,2009-03-03,McLean Park,2,25.2,New Zealand,India,DL Vettori,IE O'Brien,Harbhajan Singh,2,0,,,,,,,,,
366623,2008/09,2009-03-03,McLean Park,2,25.3,New Zealand,India,DL Vettori,IE O'Brien,Harbhajan Singh,0,0,,,,,,,,,
366623,2008/09,2009-03-03,McLean Park,2,25.4,New Zealand,India,DL Vettori,IE O'Brien,Harbhajan Singh,1,0,,,,,,,,,
366623,2008/09,2009-03-03,McLean Park,2,25.5,New Zealand,India,IE O'Brien,DL Vettori,Harbhajan Singh,1,0,,,,,,,,,
366623,2008/09,2009-03-03,McLean Park,2,25.6,New Zealand,India,DL Vettori,IE O'Brien,Harbhajan Singh,3,0,,,,,,,,,
366623,2008/09,2009-03-03,McLean Park,2,26.1,New Zealand,India,DL Vettori,IE O'Brien,Yuvraj Singh,0,0,,,,,,,,,
366623,2008/09,2009-03-03,McLean Park,2,26.2,New Zealand,India,DL Vettori,IE O'Brien,Yuvraj Singh,4,0,,,,,,,,,
366623,2008/09,2009-03-03,McLean Park,2,26.3,New Zealand,India,DL Vettori,IE O'Brien,Yuvraj Singh,4,0,,,,,,,,,
366623,2008/09,2009-03-03,McLean Park,2,26.4,New Zealand,India,DL Vettori,IE O'Brien,Yuvraj Singh,2,0,,,,,,,,,
366623,2008/09,2009-03-03,McLean Park,2,26.5,New Zealand,India,DL Vettori,IE O'Brien,Yuvraj Singh,4,0,,,,,,,,,
366623,2008/09,2009-03-03,McLean Park,2,26.6,New Zealand,India,DL Vettori,IE O'Brien,Yuvraj Singh,1,0,,,,,,,,,
366623,2008/09,2009-03-03,McLean Park,2,27.1,New Zealand,India,DL Vettori,IE O'Brien,Harbhajan Singh,1,0,,,,,,,,,
366623,2008/09,2009-03-03,McLean Park,2,27.2,New Zealand,India,IE O'Brien,DL Vettori,Harbhajan Singh,0,0,,,,,,,,,
366623,2008/09,2009-03-03,McLean Park,2,27.3,New Zealand,India,IE O'Brien,DL Vettori,Harbhajan Singh,0,0,,,,,,,,,
366623,2008/09,2009-03-03,McLean Park,2,27.4,New Zealand,India,IE O'Brien,DL Vettori,Harbhajan Singh,1,0,,,,,,,,,
366623,2008/09,2009-03-03,McLean Park,2,27.5,New Zealand,India,DL Vettori,IE O'Brien,Harbhajan Singh,2,0,,,,,,,,,
366623,2008/09,2009-03-03,McLean Park,2,27.6,New Zealand,India,DL Vettori,IE O'Brien,Harbhajan Singh,1,0,,,,,,,,,
