match_id,season,start_date,venue,innings,ball,batting_team,bowling_team,striker,non_striker,bowler,runs_off_bat,extras,wides,noballs,byes,legbyes,penalty,wicket_type,player_dismissed,other_wicket_type,other_player_dismissed
366627,2008/09,2009-03-08,AMI Stadium,1,0.1,India,New Zealand,V Sehwag,SR Tendulkar,KD Mills,1,1,,1,,,,,,,
366627,2008/09,2009-03-08,AMI Stadium,1,0.2,India,New Zealand,SR Tendulkar,V Sehwag,KD Mills,2,0,,,,,,,,,
366627,2008/09,2009-03-08,AMI Stadium,1,0.3,India,New Zealand,SR Tendulkar,V Sehwag,KD Mills,0,1,,1,,,,,,,
366627,2008/09,2009-03-08,AMI Stadium,1,0.4,India,New Zealand,SR Tendulkar,V Sehwag,KD Mills,4,0,,,,,,,,,
366627,2008/09,2009-03-08,AMI Stadium,1,0.5,India,New Zealand,SR Tendulkar,V Sehwag,KD Mills,0,0,,,,,,,,,
366627,2008/09,2009-03-08,AMI Stadium,1,0.6,India,New Zealand,SR Tendulkar,V Sehwag,KD Mills,0,0,,,,,,,,,
366627,2008/09,2009-03-08,AMI Stadium,1,0.7,India,New Zealand,SR Tendulkar,V Sehwag,KD Mills,1,0,,,,,,,,,
366627,2008/09,2009-03-08,AMI Stadium,1,0.8,India,New Zealand,V Sehwag,SR Tendulkar,KD Mills,0,0,,,,,,,,,
366627,2008/09,2009-03-08,AMI Stadium,1,1.1,India,New Zealand,SR Tendulkar,V Sehwag,TG Southee,0,0,,,,,,,,,
366627,2008/09,2009-03-08,AMI Stadium,1,1.2,India,New Zealand,SR Tendulkar,V Sehwag,TG Southee,0,0,,,,,,,,,
366627,2008/09,2009-03-08,AMI Stadium,1,1.3,India,New Zealand,SR Tendulkar,V Sehwag,TG Southee,0,0,,,,,,,,,
366627,2008/09,2009-03-08,AMI Stadium,1,1.4,India,New Zealand,SR Tendulkar,V Sehwag,TG Southee,0,0,,,,,,,,,
366627,2008/09,2009-03-08,AMI Stadium,1,1.5,India,New Zealand,SR Tendulkar,V Sehwag,TG Southee,0,1,1,,,,,,,,
366627,2008/09,2009-03-08,AMI Stadium,1,1.6,India,New Zealand,SR Tendulkar,V Sehwag,TG Southee,1,0,,,,,,,,,
366627,2008/09,2009-03-08,AMI Stadium,1,1.7,India,New Zealand,V Sehwag,SR Tendulkar,TG Southee,0,0,,,,,,,,,
366627,2008/09,2009-03-08,AMI Stadium,1,2.1,India,New Zealand,SR Tendulkar,V Sehwag,KD Mills,1,0,,,,,,,,,
366627,2008/09,2009-03-08,AMI Stadium,1,2.2,India,New Zealand,V Sehwag,SR Tendulkar,KD Mills,0,0,,,,,,,,,
366627,2008/09,2009-03-08,AMI Stadium,1,2.3,India,New Zealand,V Sehwag,SR Tendulkar,KD Mills,2,0,,,,,,,,,
366627,2008/09,2009-03-08,AMI Stadium,1,2.4,India,New Zealand,V Sehwag,SR Tendulkar,KD Mills,0,0,,,,,,bowled,V Sehwag,,
366627,2008/09,2009-03-08,AMI Stadium,1,2.5,India,New Zealand,G Gambhir,SR Tendulkar,KD Mills,0,0,,,,,,,,,
366627,2008/09,2009-03-08,AMI Stadium,1,2.6,India,New Zealand,G Gambhir,SR Tendulkar,KD Mills,0,0,,,,,,,,,
366627,2008/09,2009-03-08,AMI Stadium,1,3.1,India,New Zealand,SR Tendulkar,G Gambhir,TG Southee,0,1,1,,,,,,,,
366627,2008/09,2009-03-08,AMI Stadium,1,3.2,India,New Zealand,SR Tendulkar,G Gambhir,TG Southee,0,0,,,,,,,,,
366627,2008/09,2009-03-08,AMI Stadium,1,3.3,India,New Zealand,SR Tendulkar,G Gambhir,TG Southee,0,0,,,,,,,,,
366627,2008/09,2009-03-08,AMI Stadium,1,3.4,India,New Zealand,SR Tendulkar,G Gambhir,TG Southee,4,0,,,,,,,,,
366627,2008/09,2009-03-08,AMI Stadium,1,3.5,India,New Zealand,SR Tendulkar,G Gambhir,TG Southee,0,0,,,,,,,,,
366627,2008/09,2009-03-08,AMI Stadium,1,3.6,India,New Zealand,SR Tendulkar,G Gambhir,TG Southee,0,0,,,,,,,,,
366627,2008/09,2009-03-08,AMI Stadium,1,3.7,India,New Zealand,SR Tendulkar,G Gambhir,TG Southee,1,0,,,,,,,,,
366627,2008/09,2009-03-08,AMI Stadium,1,4.1,India,New Zealand,SR Tendulkar,G Gambhir,KD Mills,4,0,,,,,,,,,
366627,2008/09,2009-03-08,AMI Stadium,1,4.2,India,New Zealand,SR Tendulkar,G Gambhir,KD Mills,1,0,,,,,,,,,
366627,2008/09,2009-03-08,AMI Stadium,1,4.3,India,New Zealand,G Gambhir,SR Tendulkar,KD Mills,1,0,,,,,,,,,
366627,2008/09,2009-03-08,AMI Stadium,1,4.4,India,New Zealand,SR Tendulkar,G Gambhir,KD Mills,2,0,,,,,,,,,
366627,2008/09,2009-03-08,AMI Stadium,1,4.5,India,New Zealand,SR Tendulkar,G Gambhir,KD Mills,0,0,,,,,,,,,
366627,2008/09,2009-03-08,AMI Stadium,1,4.6,India,New Zealand,SR Tendulkar,G Gambhir,KD Mills,0,0,,,,,,,,,
366627,2008/09,2009-03-08,AMI Stadium,1,5.1,India,New Zealand,G Gambhir,SR Tendulkar,TG Southee,1,0,,,,,,,,,
366627,2008/09,2009-03-08,AMI Stadium,1,5.2,India,New Zealand,SR Tendulkar,G Gambhir,TG Southee,0,0,,,,,,,,,
366627,2008/09,2009-03-08,AMI Stadium,1,5.3,India,New Zealand,SR Tendulkar,G Gambhir,TG Southee,0,0,,,,,,,,,
366627,2008/09,2009-03-08,AMI Stadium,1,5.4,India,New Zealand,SR Tendulkar,G Gambhir,TG Southee,4,0,,,,,,,,,
366627,2008/09,2009-03-08,AMI Stadium,1,5.5,India,New Zealand,SR Tendulkar,G Gambhir,TG Southee,1,0,,,,,,,,,
366627,2008/09,2009-03-08,AMI Stadium,1,5.6,India,New Zealand,G Gambhir,SR Tendulkar,TG Southee,4,0,,,,,,,,,
366627,2008/09,2009-03-08,AMI Stadium,1,6.1,India,New Zealand,SR Tendulkar,G Gambhir,KD Mills,0,0,,,,,,,,,
366627,2008/09,2009-03-08,AMI Stadium,1,6.2,India,New Zealand,SR Tendulkar,G Gambhir,KD Mills,0,0,,,,,,,,,
366627,2008/09,2009-03-08,AMI Stadium,1,6.3,India,New Zealand,SR Tendulkar,G Gambhir,KD Mills,1,0,,,,,,,,,
366627,2008/09,2009-03-08,AMI Stadium,1,6.4,India,New Zealand,G Gambhir,SR Tendulkar,KD Mills,0,0,,,,,,,,,
366627,2008/09,2009-03-08,AMI Stadium,1,6.5,India,New Zealand,G Gambhir,SR Tendulkar,KD Mills,1,0,,,,,,,,,
366627,2008/09,2009-03-08,AMI Stadium,1,6.6,India,New Zealand,SR Tendulkar,G Gambhir,KD Mills,2,0,,,,,,,,,
366627,2008/09,2009-03-08,AMI Stadium,1,7.1,India,New Zealand,G Gambhir,SR Tendulkar,TG Southee,0,0,,,,,,,,,
366627,2008/09,2009-03-08,AMI Stadium,1,7.2,India,New Zealand,G Gambhir,SR Tendulkar,TG Southee,2,0,,,,,,,,,
366627,2008/09,2009-03-08,AMI Stadium,1,7.3,India,New Zealand,G Gambhir,SR Tendulkar,TG Southee,0,0,,,,,,,,,
366627,2008/09,2009-03-08,AMI Stadium,1,7.4,India,New Zealand,G Gambhir,SR Tendulkar,TG Southee,1,0,,,,,,,,,
366627,2008/09,2009-03-08,AMI Stadium,1,7.5,India,New Zealand,SR Tendulkar,G Gambhir,TG Southee,0,0,,,,,,,,,
366627,2008/09,2009-03-08,AMI Stadium,1,7.6,India,New Zealand,SR Tendulkar,G Gambhir,TG Southee,1,0,,,,,,,,,
366627,2008/09,2009-03-08,AMI Stadium,1,8.1,India,New Zealand,SR Tendulkar,G Gambhir,KD Mills,1,0,,,,,,,,,
366627,2008/09,2009-03-08,AMI Stadium,1,8.2,India,New Zealand,G Gambhir,SR Tendulkar,KD Mills,0,1,,1,,,,,,,
366627,2008/09,2009-03-08,AMI Stadium,1,8.3,India,New Zealand,G Gambhir,SR Tendulkar,KD Mills,0,0,,,,,,,,,
366627,2008/09,2009-03-08,AMI Stadium,1,8.4,India,New Zealand,G Gambhir,SR Tendulkar,KD Mills,1,0,,,,,,,,,
366627,2008/09,2009-03-08,AMI Stadium,1,8.5,India,New Zealand,SR Tendulkar,G Gambhir,KD Mills,4,0,,,,,,,,,
366627,2008/09,2009-03-08,AMI Stadium,1,8.6,India,New Zealand,SR Tendulkar,G Gambhir,KD Mills,0,0,,,,,,,,,
366627,2008/09,2009-03-08,AMI Stadium,1,8.7,India,New Zealand,SR Tendulkar,G Gambhir,KD Mills,0,0,,,,,,,,,
366627,2008/09,2009-03-08,AMI Stadium,1,9.1,India,New Zealand,G Gambhir,SR Tendulkar,IG Butler,0,0,,,,,,,,,
366627,2008/09,2009-03-08,AMI Stadium,1,9.2,India,New Zealand,G Gambhir,SR Tendulkar,IG Butler,0,0,,,,,,,,,
366627,2008/09,2009-03-08,AMI Stadium,1,9.3,India,New Zealand,G Gambhir,SR Tendulkar,IG Butler,1,0,,,,,,,,,
366627,2008/09,2009-03-08,AMI Stadium,1,9.4,India,New Zealand,SR Tendulkar,G Gambhir,IG Butler,0,0,,,,,,,,,
366627,2008/09,2009-03-08,AMI Stadium,1,9.5,India,New Zealand,SR Tendulkar,G Gambhir,IG Butler,2,0,,,,,,,,,
366627,2008/09,2009-03-08,AMI Stadium,1,9.6,India,New Zealand,SR Tendulkar,G Gambhir,IG Butler,0,1,1,,,,,,,,
366627,2008/09,2009-03-08,AMI Stadium,1,9.7,India,New Zealand,SR Tendulkar,G Gambhir,IG Butler,0,0,,,,,,,,,
366627,2008/09,2009-03-08,AMI Stadium,1,10.1,India,New Zealand,G Gambhir,SR Tendulkar,KD Mills,0,0,,,,,,,,,
366627,2008/09,2009-03-08,AMI Stadium,1,10.2,India,New Zealand,G Gambhir,SR Tendulkar,KD Mills,0,0,,,,,,,,,
366627,2008/09,2009-03-08,AMI Stadium,1,10.3,India,New Zealand,G Gambhir,SR Tendulkar,KD Mills,1,0,,,,,,,,,
366627,2008/09,2009-03-08,AMI Stadium,1,10.4,India,New Zealand,SR Tendulkar,G Gambhir,KD Mills,0,0,,,,,,,,,
366627,2008/09,2009-03-08,AMI Stadium,1,10.5,India,New Zealand,SR Tendulkar,G Gambhir,KD Mills,1,0,,,,,,,,,
366627,2008/09,2009-03-08,AMI Stadium,1,10.6,India,New Zealand,G Gambhir,SR Tendulkar,KD Mills,0,0,,,,,,,,,
366627,2008/09,2009-03-08,AMI Stadium,1,11.1,India,New Zealand,SR Tendulkar,G Gambhir,JDP Oram,1,0,,,,,,,,,
366627,2008/09,2009-03-08,AMI Stadium,1,11.2,India,New Zealand,G Gambhir,SR Tendulkar,JDP Oram,0,0,,,,,,,,,
366627,2008/09,2009-03-08,AMI Stadium,1,11.3,India,New Zealand,G Gambhir,SR Tendulkar,JDP Oram,0,0,,,,,,,,,
366627,2008/09,2009-03-08,AMI Stadium,1,11.4,India,New Zealand,G Gambhir,SR Tendulkar,JDP Oram,0,0,,,,,,,,,
366627,2008/09,2009-03-08,AMI Stadium,1,11.5,India,New Zealand,G Gambhir,SR Tendulkar,JDP Oram,2,0,,,,,,,,,
366627,2008/09,2009-03-08,AMI Stadium,1,11.6,India,New Zealand,G Gambhir,SR Tendulkar,JDP Oram,0,0,,,,,,,,,
366627,2008/09,2009-03-08,AMI Stadium,1,12.1,India,New Zealand,SR Tendulkar,G Gambhir,IG Butler,0,0,,,,,,,,,
366627,2008/09,2009-03-08,AMI Stadium,1,12.2,India,New Zealand,SR Tendulkar,G Gambhir,IG Butler,0,1,1,,,,,,,,
366627,2008/09,2009-03-08,AMI Stadium,1,12.3,India,New Zealand,SR Tendulkar,G Gambhir,IG Butler,0,0,,,,,,,,,
366627,2008/09,2009-03-08,AMI Stadium,1,12.4,India,New Zealand,SR Tendulkar,G Gambhir,IG Butler,0,1,,,,1,,,,,
366627,2008/09,2009-03-08,AMI Stadium,1,12.5,India,New Zealand,G Gambhir,SR Tendulkar,IG Butler,0,0,,,,,,caught,G Gambhir,,
366627,2008/09,2009-03-08,AMI Stadium,1,12.6,India,New Zealand,Yuvraj Singh,SR Tendulkar,IG Butler,4,0,,,,,,,,,
366627,2008/09,2009-03-08,AMI Stadium,1,12.7,India,New Zealand,Yuvraj Singh,SR Tendulkar,IG Butler,0,0,,,,,,,,,
366627,2008/09,2009-03-08,AMI Stadium,1,13.1,India,New Zealand,SR Tendulkar,Yuvraj Singh,JDP Oram,0,0,,,,,,,,,
366627,2008/09,2009-03-08,AMI Stadium,1,13.2,India,New Zealand,SR Tendulkar,Yuvraj Singh,JDP Oram,0,0,,,,,,,,,
366627,2008/09,2009-03-08,AMI Stadium,1,13.3,India,New Zealand,SR Tendulkar,Yuvraj Singh,JDP Oram,0,0,,,,,,,,,
366627,2008/09,2009-03-08,AMI Stadium,1,13.4,India,New Zealand,SR Tendulkar,Yuvraj Singh,JDP Oram,0,0,,,,,,,,,
366627,2008/09,2009-03-08,AMI Stadium,1,13.5,India,New Zealand,SR Tendulkar,Yuvraj Singh,JDP Oram,0,0,,,,,,,,,
366627,2008/09,2009-03-08,AMI Stadium,1,13.6,India,New Zealand,SR Tendulkar,Yuvraj Singh,JDP Oram,0,0,,,,,,,,,
366627,2008/09,2009-03-08,AMI Stadium,1,14.1,India,New Zealand,Yuvraj Singh,SR Tendulkar,IG Butler,1,0,,,,,,,,,
366627,2008/09,2009-03-08,AMI Stadium,1,14.2,India,New Zealand,SR Tendulkar,Yuvraj Singh,IG Butler,0,0,,,,,,,,,
366627,2008/09,2009-03-08,AMI Stadium,1,14.3,India,New Zealand,SR Tendulkar,Yuvraj Singh,IG Butler,2,0,,,,,,,,,
366627,2008/09,2009-03-08,AMI Stadium,1,14.4,India,New Zealand,SR Tendulkar,Yuvraj Singh,IG Butler,4,0,,,,,,,,,
366627,2008/09,2009-03-08,AMI Stadium,1,14.5,India,New Zealand,SR Tendulkar,Yuvraj Singh,IG Butler,1,0,,,,,,,,,
366627,2008/09,2009-03-08,AMI Stadium,1,14.6,India,New Zealand,Yuvraj Singh,SR Tendulkar,IG Butler,0,0,,,,,,,,,
366627,2008/09,2009-03-08,AMI Stadium,1,15.1,India,New Zealand,SR Tendulkar,Yuvraj Singh,JDP Oram,1,0,,,,,,,,,
366627,2008/09,2009-03-08,AMI Stadium,1,15.2,India,New Zealand,Yuvraj Singh,SR Tendulkar,JDP Oram,0,0,,,,,,,,,
366627,2008/09,2009-03-08,AMI Stadium,1,15.3,India,New Zealand,Yuvraj Singh,SR Tendulkar,JDP Oram,1,0,,,,,,,,,
366627,2008/09,2009-03-08,AMI Stadium,1,15.4,India,New Zealand,SR Tendulkar,Yuvraj Singh,JDP Oram,1,0,,,,,,,,,
366627,2008/09,2009-03-08,AMI Stadium,1,15.5,India,New Zealand,Yuvraj Singh,SR Tendulkar,JDP Oram,0,0,,,,,,,,,
366627,2008/09,2009-03-08,AMI Stadium,1,15.6,India,New Zealand,Yuvraj Singh,SR Tendulkar,JDP Oram,0,0,,,,,,,,,
366627,2008/09,2009-03-08,AMI Stadium,1,16.1,India,New Zealand,SR Tendulkar,Yuvraj Singh,IG Butler,4,0,,,,,,,,,
366627,2008/09,2009-03-08,AMI Stadium,1,16.2,India,New Zealand,SR Tendulkar,Yuvraj Singh,IG Butler,1,0,,,,,,,,,
366627,2008/09,2009-03-08,AMI Stadium,1,16.3,India,New Zealand,Yuvraj Singh,SR Tendulkar,IG Butler,0,0,,,,,,,,,
366627,2008/09,2009-03-08,AMI Stadium,1,16.4,India,New Zealand,Yuvraj Singh,SR Tendulkar,IG Butler,0,0,,,,,,,,,
366627,2008/09,2009-03-08,AMI Stadium,1,16.5,India,New Zealand,Yuvraj Singh,SR Tendulkar,IG Butler,4,0,,,,,,,,,
366627,2008/09,2009-03-08,AMI Stadium,1,16.6,India,New Zealand,Yuvraj Singh,SR Tendulkar,IG Butler,0,0,,,,,,,,,
366627,2008/09,2009-03-08,AMI Stadium,1,17.1,India,New Zealand,SR Tendulkar,Yuvraj Singh,JDP Oram,1,0,,,,,,,,,
366627,2008/09,2009-03-08,AMI Stadium,1,17.2,India,New Zealand,Yuvraj Singh,SR Tendulkar,JDP Oram,0,0,,,,,,,,,
366627,2008/09,2009-03-08,AMI Stadium,1,17.3,India,New Zealand,Yuvraj Singh,SR Tendulkar,JDP Oram,0,0,,,,,,,,,
366627,2008/09,2009-03-08,AMI Stadium,1,17.4,India,New Zealand,Yuvraj Singh,SR Tendulkar,JDP Oram,0,0,,,,,,,,,
366627,2008/09,2009-03-08,AMI Stadium,1,17.5,India,New Zealand,Yuvraj Singh,SR Tendulkar,JDP Oram,0,0,,,,,,,,,
366627,2008/09,2009-03-08,AMI Stadium,1,17.6,India,New Zealand,Yuvraj Singh,SR Tendulkar,JDP Oram,0,0,,,,,,,,,
366627,2008/09,2009-03-08,AMI Stadium,1,18.1,India,New Zealand,SR Tendulkar,Yuvraj Singh,IG Butler,1,0,,,,,,,,,
366627,2008/09,2009-03-08,AMI Stadium,1,18.2,India,New Zealand,Yuvraj Singh,SR Tendulkar,IG Butler,4,0,,,,,,,,,
366627,2008/09,2009-03-08,AMI Stadium,1,18.3,India,New Zealand,Yuvraj Singh,SR Tendulkar,IG Butler,0,0,,,,,,,,,
366627,2008/09,2009-03-08,AMI Stadium,1,18.4,India,New Zealand,Yuvraj Singh,SR Tendulkar,IG Butler,6,0,,,,,,,,,
366627,2008/09,2009-03-08,AMI Stadium,1,18.5,India,New Zealand,Yuvraj Singh,SR Tendulkar,IG Butler,0,0,,,,,,,,,
366627,2008/09,2009-03-08,AMI Stadium,1,18.6,India,New Zealand,Yuvraj Singh,SR Tendulkar,IG Butler,0,0,,,,,,,,,
366627,2008/09,2009-03-08,AMI Stadium,1,19.1,India,New Zealand,SR Tendulkar,Yuvraj Singh,JDP Oram,0,3,3,,,,,,,,
366627,2008/09,2009-03-08,AMI Stadium,1,19.2,India,New Zealand,SR Tendulkar,Yuvraj Singh,JDP Oram,1,0,,,,,,,,,
366627,2008/09,2009-03-08,AMI Stadium,1,19.3,India,New Zealand,Yuvraj Singh,SR Tendulkar,JDP Oram,0,0,,,,,,,,,
366627,2008/09,2009-03-08,AMI Stadium,1,19.4,India,New Zealand,Yuvraj Singh,SR Tendulkar,JDP Oram,0,0,,,,,,,,,
366627,2008/09,2009-03-08,AMI Stadium,1,19.5,India,New Zealand,Yuvraj Singh,SR Tendulkar,JDP Oram,0,0,,,,,,,,,
366627,2008/09,2009-03-08,AMI Stadium,1,19.6,India,New Zealand,Yuvraj Singh,SR Tendulkar,JDP Oram,0,0,,,,,,,,,
366627,2008/09,2009-03-08,AMI Stadium,1,19.7,India,New Zealand,Yuvraj Singh,SR Tendulkar,JDP Oram,0,0,,,,,,,,,
366627,2008/09,2009-03-08,AMI Stadium,1,20.1,India,New Zealand,SR Tendulkar,Yuvraj Singh,JS Patel,1,0,,,,,,,,,
366627,2008/09,2009-03-08,AMI Stadium,1,20.2,India,New Zealand,Yuvraj Singh,SR Tendulkar,JS Patel,1,0,,,,,,,,,
366627,2008/09,2009-03-08,AMI Stadium,1,20.3,India,New Zealand,SR Tendulkar,Yuvraj Singh,JS Patel,1,0,,,,,,,,,
366627,2008/09,2009-03-08,AMI Stadium,1,20.4,India,New Zealand,Yuvraj Singh,SR Tendulkar,JS Patel,0,0,,,,,,,,,
366627,2008/09,2009-03-08,AMI Stadium,1,20.5,India,New Zealand,Yuvraj Singh,SR Tendulkar,JS Patel,4,0,,,,,,,,,
366627,2008/09,2009-03-08,AMI Stadium,1,20.6,India,New Zealand,Yuvraj Singh,SR Tendulkar,JS Patel,1,0,,,,,,,,,
366627,2008/09,2009-03-08,AMI Stadium,1,21.1,India,New Zealand,Yuvraj Singh,SR Tendulkar,JDP Oram,4,0,,,,,,,,,
366627,2008/09,2009-03-08,AMI Stadium,1,21.2,India,New Zealand,Yuvraj Singh,SR Tendulkar,JDP Oram,4,0,,,,,,,,,
366627,2008/09,2009-03-08,AMI Stadium,1,21.3,India,New Zealand,Yuvraj Singh,SR Tendulkar,JDP Oram,0,0,,,,,,,,,
366627,2008/09,2009-03-08,AMI Stadium,1,21.4,India,New Zealand,Yuvraj Singh,SR Tendulkar,JDP Oram,0,0,,,,,,,,,
366627,2008/09,2009-03-08,AMI Stadium,1,21.5,India,New Zealand,Yuvraj Singh,SR Tendulkar,JDP Oram,0,0,,,,,,,,,
366627,2008/09,2009-03-08,AMI Stadium,1,21.6,India,New Zealand,Yuvraj Singh,SR Tendulkar,JDP Oram,0,0,,,,,,,,,
366627,2008/09,2009-03-08,AMI Stadium,1,22.1,India,New Zealand,SR Tendulkar,Yuvraj Singh,TG Southee,1,0,,,,,,,,,
366627,2008/09,2009-03-08,AMI Stadium,1,22.2,India,New Zealand,Yuvraj Singh,SR Tendulkar,TG Southee,0,0,,,,,,,,,
366627,2008/09,2009-03-08,AMI Stadium,1,22.3,India,New Zealand,Yuvraj Singh,SR Tendulkar,TG Southee,1,0,,,,,,,,,
366627,2008/09,2009-03-08,AMI Stadium,1,22.4,India,New Zealand,SR Tendulkar,Yuvraj Singh,TG Southee,1,0,,,,,,,,,
366627,2008/09,2009-03-08,AMI Stadium,1,22.5,India,New Zealand,Yuvraj Singh,SR Tendulkar,TG Southee,6,0,,,,,,,,,
366627,2008/09,2009-03-08,AMI Stadium,1,22.6,India,New Zealand,Yuvraj Singh,SR Tendulkar,TG Southee,4,0,,,,,,,,,
366627,2008/09,2009-03-08,AMI Stadium,1,23.1,India,New Zealand,SR Tendulkar,Yuvraj Singh,JD Ryder,0,0,,,,,,,,,
366627,2008/09,2009-03-08,AMI Stadium,1,23.2,India,New Zealand,SR Tendulkar,Yuvraj Singh,JD Ryder,4,0,,,,,,,,,
366627,2008/09,2009-03-08,AMI Stadium,1,23.3,India,New Zealand,SR Tendulkar,Yuvraj Singh,JD Ryder,1,0,,,,,,,,,
366627,2008/09,2009-03-08,AMI Stadium,1,23.4,India,New Zealand,Yuvraj Singh,SR Tendulkar,JD Ryder,6,0,,,,,,,,,
366627,2008/09,2009-03-08,AMI Stadium,1,23.5,India,New Zealand,Yuvraj Singh,SR Tendulkar,JD Ryder,1,0,,,,,,,,,
366627,2008/09,2009-03-08,AMI Stadium,1,23.6,India,New Zealand,SR Tendulkar,Yuvraj Singh,JD Ryder,1,0,,,,,,,,,
366627,2008/09,2009-03-08,AMI Stadium,1,24.1,India,New Zealand,SR Tendulkar,Yuvraj Singh,TG Southee,0,0,,,,,,,,,
366627,2008/09,2009-03-08,AMI Stadium,1,24.2,India,New Zealand,SR Tendulkar,Yuvraj Singh,TG Southee,1,0,,,,,,,,,
366627,2008/09,2009-03-08,AMI Stadium,1,24.3,India,New Zealand,Yuvraj Singh,SR Tendulkar,TG Southee,4,0,,,,,,,,,
366627,2008/09,2009-03-08,AMI Stadium,1,24.4,India,New Zealand,Yuvraj Singh,SR Tendulkar,TG Southee,0,1,,,,1,,,,,
366627,2008/09,2009-03-08,AMI Stadium,1,24.5,India,New Zealand,SR Tendulkar,Yuvraj Singh,TG Southee,6,0,,,,,,,,,
366627,2008/09,2009-03-08,AMI Stadium,1,24.6,India,New Zealand,SR Tendulkar,Yuvraj Singh,TG Southee,0,0,,,,,,,,,
366627,2008/09,2009-03-08,AMI Stadium,1,25.1,India,New Zealand,Yuvraj Singh,SR Tendulkar,JD Ryder,6,0,,,,,,,,,
366627,2008/09,2009-03-08,AMI Stadium,1,25.2,India,New Zealand,Yuvraj Singh,SR Tendulkar,JD Ryder,1,0,,,,,,,,,
366627,2008/09,2009-03-08,AMI Stadium,1,25.3,India,New Zealand,SR Tendulkar,Yuvraj Singh,JD Ryder,1,0,,,,,,,,,
366627,2008/09,2009-03-08,AMI Stadium,1,25.4,India,New Zealand,Yuvraj Singh,SR Tendulkar,JD Ryder,1,0,,,,,,,,,
366627,2008/09,2009-03-08,AMI Stadium,1,25.5,India,New Zealand,SR Tendulkar,Yuvraj Singh,JD Ryder,4,0,,,,,,,,,
366627,2008/09,2009-03-08,AMI Stadium,1,25.6,India,New Zealand,SR Tendulkar,Yuvraj Singh,JD Ryder,4,0,,,,,,,,,
366627,2008/09,2009-03-08,AMI Stadium,1,26.1,India,New Zealand,Yuvraj Singh,SR Tendulkar,JDP Oram,6,0,,,,,,,,,
366627,2008/09,2009-03-08,AMI Stadium,1,26.2,India,New Zealand,Yuvraj Singh,SR Tendulkar,JDP Oram,0,0,,,,,,,,,
366627,2008/09,2009-03-08,AMI Stadium,1,26.3,India,New Zealand,Yuvraj Singh,SR Tendulkar,JDP Oram,0,0,,,,,,,,,
366627,2008/09,2009-03-08,AMI Stadium,1,26.4,India,New Zealand,Yuvraj Singh,SR Tendulkar,JDP Oram,0,0,,,,,,,,,
366627,2008/09,2009-03-08,AMI Stadium,1,26.5,India,New Zealand,Yuvraj Singh,SR Tendulkar,JDP Oram,4,0,,,,,,,,,
366627,2008/09,2009-03-08,AMI Stadium,1,26.6,India,New Zealand,Yuvraj Singh,SR Tendulkar,JDP Oram,4,0,,,,,,,,,
366627,2008/09,2009-03-08,AMI Stadium,1,27.1,India,New Zealand,SR Tendulkar,Yuvraj Singh,GD Elliott,1,0,,,,,,,,,
366627,2008/09,2009-03-08,AMI Stadium,1,27.2,India,New Zealand,Yuvraj Singh,SR Tendulkar,GD Elliott,1,0,,,,,,,,,
366627,2008/09,2009-03-08,AMI Stadium,1,27.3,India,New Zealand,SR Tendulkar,Yuvraj Singh,GD Elliott,0,0,,,,,,,,,
366627,2008/09,2009-03-08,AMI Stadium,1,27.4,India,New Zealand,SR Tendulkar,Yuvraj Singh,GD Elliott,1,0,,,,,,,,,
366627,2008/09,2009-03-08,AMI Stadium,1,27.5,India,New Zealand,Yuvraj Singh,SR Tendulkar,GD Elliott,1,0,,,,,,,,,
366627,2008/09,2009-03-08,AMI Stadium,1,27.6,India,New Zealand,SR Tendulkar,Yuvraj Singh,GD Elliott,1,0,,,,,,,,,
366627,2008/09,2009-03-08,AMI Stadium,1,28.1,India,New Zealand,SR Tendulkar,Yuvraj Singh,JDP Oram,0,0,,,,,,,,,
366627,2008/09,2009-03-08,AMI Stadium,1,28.2,India,New Zealand,SR Tendulkar,Yuvraj Singh,JDP Oram,0,0,,,,,,,,,
366627,2008/09,2009-03-08,AMI Stadium,1,28.3,India,New Zealand,SR Tendulkar,Yuvraj Singh,JDP Oram,0,1,,,,1,,,,,
366627,2008/09,2009-03-08,AMI Stadium,1,28.4,India,New Zealand,Yuvraj Singh,SR Tendulkar,JDP Oram,0,0,,,,,,,,,
366627,2008/09,2009-03-08,AMI Stadium,1,28.5,India,New Zealand,Yuvraj Singh,SR Tendulkar,JDP Oram,1,0,,,,,,,,,
366627,2008/09,2009-03-08,AMI Stadium,1,28.6,India,New Zealand,SR Tendulkar,Yuvraj Singh,JDP Oram,0,0,,,,,,,,,
366627,2008/09,2009-03-08,AMI Stadium,1,29.1,India,New Zealand,Yuvraj Singh,SR Tendulkar,GD Elliott,6,0,,,,,,,,,
366627,2008/09,2009-03-08,AMI Stadium,1,29.2,India,New Zealand,Yuvraj Singh,SR Tendulkar,GD Elliott,0,0,,,,,,caught,Yuvraj Singh,,
366627,2008/09,2009-03-08,AMI Stadium,1,29.3,India,New Zealand,MS Dhoni,SR Tendulkar,GD Elliott,0,0,,,,,,,,,
366627,2008/09,2009-03-08,AMI Stadium,1,29.4,India,New Zealand,MS Dhoni,SR Tendulkar,GD Elliott,1,0,,,,,,,,,
366627,2008/09,2009-03-08,AMI Stadium,1,29.5,India,New Zealand,SR Tendulkar,MS Dhoni,GD Elliott,0,1,1,,,,,,,,
366627,2008/09,2009-03-08,AMI Stadium,1,29.6,India,New Zealand,SR Tendulkar,MS Dhoni,GD Elliott,1,0,,,,,,,,,
366627,2008/09,2009-03-08,AMI Stadium,1,29.7,India,New Zealand,MS Dhoni,SR Tendulkar,GD Elliott,0,0,,,,,,,,,
366627,2008/09,2009-03-08,AMI Stadium,1,30.1,India,New Zealand,SR Tendulkar,MS Dhoni,JS Patel,1,0,,,,,,,,,
366627,2008/09,2009-03-08,AMI Stadium,1,30.2,India,New Zealand,MS Dhoni,SR Tendulkar,JS Patel,0,0,,,,,,,,,
366627,2008/09,2009-03-08,AMI Stadium,1,30.3,India,New Zealand,MS Dhoni,SR Tendulkar,JS Patel,0,0,,,,,,,,,
366627,2008/09,2009-03-08,AMI Stadium,1,30.4,India,New Zealand,MS Dhoni,SR Tendulkar,JS Patel,4,0,,,,,,,,,
366627,2008/09,2009-03-08,AMI Stadium,1,30.5,India,New Zealand,MS Dhoni,SR Tendulkar,JS Patel,0,0,,,,,,,,,
366627,2008/09,2009-03-08,AMI Stadium,1,30.6,India,New Zealand,MS Dhoni,SR Tendulkar,JS Patel,0,0,,,,,,,,,
366627,2008/09,2009-03-08,AMI Stadium,1,31.1,India,New Zealand,SR Tendulkar,MS Dhoni,GD Elliott,0,0,,,,,,,,,
366627,2008/09,2009-03-08,AMI Stadium,1,31.2,India,New Zealand,SR Tendulkar,MS Dhoni,GD Elliott,1,0,,,,,,,,,
366627,2008/09,2009-03-08,AMI Stadium,1,31.3,India,New Zealand,MS Dhoni,SR Tendulkar,GD Elliott,4,0,,,,,,,,,
366627,2008/09,2009-03-08,AMI Stadium,1,31.4,India,New Zealand,MS Dhoni,SR Tendulkar,GD Elliott,1,0,,,,,,,,,
366627,2008/09,2009-03-08,AMI Stadium,1,31.5,India,New Zealand,SR Tendulkar,MS Dhoni,GD Elliott,6,0,,,,,,,,,
366627,2008/09,2009-03-08,AMI Stadium,1,31.6,India,New Zealand,SR Tendulkar,MS Dhoni,GD Elliott,0,0,,,,,,,,,
366627,2008/09,2009-03-08,AMI Stadium,1,32.1,India,New Zealand,MS Dhoni,SR Tendulkar,JS Patel,0,0,,,,,,,,,
366627,2008/09,2009-03-08,AMI Stadium,1,32.2,India,New Zealand,MS Dhoni,SR Tendulkar,JS Patel,1,0,,,,,,,,,
366627,2008/09,2009-03-08,AMI Stadium,1,32.3,India,New Zealand,SR Tendulkar,MS Dhoni,JS Patel,1,0,,,,,,,,,
366627,2008/09,2009-03-08,AMI Stadium,1,32.4,India,New Zealand,MS Dhoni,SR Tendulkar,JS Patel,0,0,,,,,,,,,
366627,2008/09,2009-03-08,AMI Stadium,1,32.5,India,New Zealand,MS Dhoni,SR Tendulkar,JS Patel,1,0,,,,,,,,,
366627,2008/09,2009-03-08,AMI Stadium,1,32.6,India,New Zealand,SR Tendulkar,MS Dhoni,JS Patel,0,0,,,,,,,,,
366627,2008/09,2009-03-08,AMI Stadium,1,33.1,India,New Zealand,MS Dhoni,SR Tendulkar,GD Elliott,0,0,,,,,,,,,
366627,2008/09,2009-03-08,AMI Stadium,1,33.2,India,New Zealand,MS Dhoni,SR Tendulkar,GD Elliott,1,0,,,,,,,,,
366627,2008/09,2009-03-08,AMI Stadium,1,33.3,India,New Zealand,SR Tendulkar,MS Dhoni,GD Elliott,1,0,,,,,,,,,
366627,2008/09,2009-03-08,AMI Stadium,1,33.4,India,New Zealand,MS Dhoni,SR Tendulkar,GD Elliott,1,0,,,,,,,,,
366627,2008/09,2009-03-08,AMI Stadium,1,33.5,India,New Zealand,SR Tendulkar,MS Dhoni,GD Elliott,1,0,,,,,,,,,
366627,2008/09,2009-03-08,AMI Stadium,1,33.6,India,New Zealand,MS Dhoni,SR Tendulkar,GD Elliott,1,0,,,,,,,,,
366627,2008/09,2009-03-08,AMI Stadium,1,34.1,India,New Zealand,MS Dhoni,SR Tendulkar,JS Patel,6,0,,,,,,,,,
366627,2008/09,2009-03-08,AMI Stadium,1,34.2,India,New Zealand,MS Dhoni,SR Tendulkar,JS Patel,1,0,,,,,,,,,
366627,2008/09,2009-03-08,AMI Stadium,1,34.3,India,New Zealand,SR Tendulkar,MS Dhoni,JS Patel,0,0,,,,,,,,,
366627,2008/09,2009-03-08,AMI Stadium,1,34.4,India,New Zealand,SR Tendulkar,MS Dhoni,JS Patel,1,0,,,,,,,,,
366627,2008/09,2009-03-08,AMI Stadium,1,34.5,India,New Zealand,MS Dhoni,SR Tendulkar,JS Patel,0,0,,,,,,,,,
366627,2008/09,2009-03-08,AMI Stadium,1,34.6,India,New Zealand,MS Dhoni,SR Tendulkar,JS Patel,1,0,,,,,,,,,
366627,2008/09,2009-03-08,AMI Stadium,1,35.1,India,New Zealand,MS Dhoni,SR Tendulkar,GD Elliott,0,0,,,,,,,,,
366627,2008/09,2009-03-08,AMI Stadium,1,35.2,India,New Zealand,MS Dhoni,SR Tendulkar,GD Elliott,1,0,,,,,,,,,
366627,2008/09,2009-03-08,AMI Stadium,1,35.3,India,New Zealand,SR Tendulkar,MS Dhoni,GD Elliott,0,0,,,,,,,,,
366627,2008/09,2009-03-08,AMI Stadium,1,35.4,India,New Zealand,SR Tendulkar,MS Dhoni,GD Elliott,1,0,,,,,,,,,
366627,2008/09,2009-03-08,AMI Stadium,1,35.5,India,New Zealand,MS Dhoni,SR Tendulkar,GD Elliott,1,0,,,,,,,,,
366627,2008/09,2009-03-08,AMI Stadium,1,35.6,India,New Zealand,SR Tendulkar,MS Dhoni,GD Elliott,1,0,,,,,,,,,
366627,2008/09,2009-03-08,AMI Stadium,1,36.1,India,New Zealand,SR Tendulkar,MS Dhoni,JS Patel,1,0,,,,,,,,,
366627,2008/09,2009-03-08,AMI Stadium,1,36.2,India,New Zealand,MS Dhoni,SR Tendulkar,JS Patel,1,0,,,,,,,,,
366627,2008/09,2009-03-08,AMI Stadium,1,36.3,India,New Zealand,SR Tendulkar,MS Dhoni,JS Patel,6,0,,,,,,,,,
366627,2008/09,2009-03-08,AMI Stadium,1,36.4,India,New Zealand,SR Tendulkar,MS Dhoni,JS Patel,4,0,,,,,,,,,
366627,2008/09,2009-03-08,AMI Stadium,1,36.5,India,New Zealand,SR Tendulkar,MS Dhoni,JS Patel,0,1,,,,1,,,,,
366627,2008/09,2009-03-08,AMI Stadium,1,36.6,India,New Zealand,MS Dhoni,SR Tendulkar,JS Patel,0,0,,,,,,,,,
366627,2008/09,2009-03-08,AMI Stadium,1,37.1,India,New Zealand,SR Tendulkar,MS Dhoni,GD Elliott,1,0,,,,,,,,,
366627,2008/09,2009-03-08,AMI Stadium,1,37.2,India,New Zealand,MS Dhoni,SR Tendulkar,GD Elliott,1,0,,,,,,,,,
366627,2008/09,2009-03-08,AMI Stadium,1,37.3,India,New Zealand,SR Tendulkar,MS Dhoni,GD Elliott,1,0,,,,,,,,,
366627,2008/09,2009-03-08,AMI Stadium,1,37.4,India,New Zealand,MS Dhoni,SR Tendulkar,GD Elliott,1,0,,,,,,,,,
366627,2008/09,2009-03-08,AMI Stadium,1,37.5,India,New Zealand,SR Tendulkar,MS Dhoni,GD Elliott,0,0,,,,,,,,,
366627,2008/09,2009-03-08,AMI Stadium,1,37.6,India,New Zealand,SR Tendulkar,MS Dhoni,GD Elliott,2,0,,,,,,,,,
366627,2008/09,2009-03-08,AMI Stadium,1,38.1,India,New Zealand,MS Dhoni,SR Tendulkar,KD Mills,1,0,,,,,,,,,
366627,2008/09,2009-03-08,AMI Stadium,1,38.2,India,New Zealand,SR Tendulkar,MS Dhoni,KD Mills,1,0,,,,,,,,,
366627,2008/09,2009-03-08,AMI Stadium,1,38.3,India,New Zealand,MS Dhoni,SR Tendulkar,KD Mills,0,0,,,,,,,,,
366627,2008/09,2009-03-08,AMI Stadium,1,38.4,India,New Zealand,MS Dhoni,SR Tendulkar,KD Mills,3,0,,,,,,,,,
366627,2008/09,2009-03-08,AMI Stadium,1,38.5,India,New Zealand,SR Tendulkar,MS Dhoni,KD Mills,4,0,,,,,,,,,
366627,2008/09,2009-03-08,AMI Stadium,1,38.6,India,New Zealand,SR Tendulkar,MS Dhoni,KD Mills,1,0,,,,,,,,,
366627,2008/09,2009-03-08,AMI Stadium,1,39.1,India,New Zealand,SR Tendulkar,MS Dhoni,TG Southee,1,0,,,,,,,,,
366627,2008/09,2009-03-08,AMI Stadium,1,39.2,India,New Zealand,MS Dhoni,SR Tendulkar,TG Southee,1,0,,,,,,,,,
366627,2008/09,2009-03-08,AMI Stadium,1,39.3,India,New Zealand,SR Tendulkar,MS Dhoni,TG Southee,1,0,,,,,,,,,
366627,2008/09,2009-03-08,AMI Stadium,1,39.4,India,New Zealand,MS Dhoni,SR Tendulkar,TG Southee,1,0,,,,,,,,,
366627,2008/09,2009-03-08,AMI Stadium,1,39.5,India,New Zealand,SR Tendulkar,MS Dhoni,TG Southee,2,0,,,,,,,,,
366627,2008/09,2009-03-08,AMI Stadium,1,39.6,India,New Zealand,SR Tendulkar,MS Dhoni,TG Southee,4,0,,,,,,,,,
366627,2008/09,2009-03-08,AMI Stadium,1,40.1,India,New Zealand,MS Dhoni,SR Tendulkar,KD Mills,1,0,,,,,,,,,
366627,2008/09,2009-03-08,AMI Stadium,1,40.2,India,New Zealand,SR Tendulkar,MS Dhoni,KD Mills,0,0,,,,,,,,,
366627,2008/09,2009-03-08,AMI Stadium,1,40.3,India,New Zealand,SR Tendulkar,MS Dhoni,KD Mills,1,0,,,,,,,,,
366627,2008/09,2009-03-08,AMI Stadium,1,40.4,India,New Zealand,MS Dhoni,SR Tendulkar,KD Mills,1,0,,,,,,,,,
366627,2008/09,2009-03-08,AMI Stadium,1,40.5,India,New Zealand,SR Tendulkar,MS Dhoni,KD Mills,1,0,,,,,,,,,
366627,2008/09,2009-03-08,AMI Stadium,1,40.6,India,New Zealand,MS Dhoni,SR Tendulkar,KD Mills,1,0,,,,,,,,,
366627,2008/09,2009-03-08,AMI Stadium,1,41.1,India,New Zealand,MS Dhoni,SR Tendulkar,TG Southee,4,0,,,,,,,,,
366627,2008/09,2009-03-08,AMI Stadium,1,41.2,India,New Zealand,MS Dhoni,SR Tendulkar,TG Southee,1,0,,,,,,,,,
366627,2008/09,2009-03-08,AMI Stadium,1,41.3,India,New Zealand,SR Tendulkar,MS Dhoni,TG Southee,2,0,,,,,,,,,
366627,2008/09,2009-03-08,AMI Stadium,1,41.4,India,New Zealand,SR Tendulkar,MS Dhoni,TG Southee,4,0,,,,,,,,,
366627,2008/09,2009-03-08,AMI Stadium,1,41.5,India,New Zealand,SR Tendulkar,MS Dhoni,TG Southee,1,0,,,,,,,,,
366627,2008/09,2009-03-08,AMI Stadium,1,41.6,India,New Zealand,MS Dhoni,SR Tendulkar,TG Southee,1,0,,,,,,,,,
366627,2008/09,2009-03-08,AMI Stadium,1,42.1,India,New Zealand,MS Dhoni,SR Tendulkar,JD Ryder,1,0,,,,,,,,,
366627,2008/09,2009-03-08,AMI Stadium,1,42.2,India,New Zealand,SR Tendulkar,MS Dhoni,JD Ryder,4,0,,,,,,,,,
366627,2008/09,2009-03-08,AMI Stadium,1,42.3,India,New Zealand,SR Tendulkar,MS Dhoni,JD Ryder,1,0,,,,,,,,,
366627,2008/09,2009-03-08,AMI Stadium,1,42.4,India,New Zealand,MS Dhoni,SR Tendulkar,JD Ryder,1,0,,,,,,,,,
366627,2008/09,2009-03-08,AMI Stadium,1,42.5,India,New Zealand,SR Tendulkar,MS Dhoni,JD Ryder,1,0,,,,,,,,,
366627,2008/09,2009-03-08,AMI Stadium,1,42.6,India,New Zealand,MS Dhoni,SR Tendulkar,JD Ryder,0,0,,,,,,,,,
366627,2008/09,2009-03-08,AMI Stadium,1,43.1,India,New Zealand,SR Tendulkar,MS Dhoni,GD Elliott,1,0,,,,,,,,,
366627,2008/09,2009-03-08,AMI Stadium,1,43.2,India,New Zealand,MS Dhoni,SR Tendulkar,GD Elliott,1,0,,,,,,,,,
366627,2008/09,2009-03-08,AMI Stadium,1,43.3,India,New Zealand,SR Tendulkar,MS Dhoni,GD Elliott,6,0,,,,,,,,,
366627,2008/09,2009-03-08,AMI Stadium,1,43.4,India,New Zealand,SR Tendulkar,MS Dhoni,GD Elliott,4,0,,,,,,,,,
366627,2008/09,2009-03-08,AMI Stadium,1,43.5,India,New Zealand,SR Tendulkar,MS Dhoni,GD Elliott,1,0,,,,,,,,,
366627,2008/09,2009-03-08,AMI Stadium,1,43.6,India,New Zealand,MS Dhoni,SR Tendulkar,GD Elliott,6,0,,,,,,,,,
366627,2008/09,2009-03-08,AMI Stadium,1,44.1,India,New Zealand,SR Tendulkar,MS Dhoni,JD Ryder,0,1,,,,1,,,,,
366627,2008/09,2009-03-08,AMI Stadium,1,44.2,India,New Zealand,MS Dhoni,SR Tendulkar,JD Ryder,0,0,,,,,,,,,
366627,2008/09,2009-03-08,AMI Stadium,1,44.3,India,New Zealand,MS Dhoni,SR Tendulkar,JD Ryder,1,0,,,,,,,,,
366627,2008/09,2009-03-08,AMI Stadium,1,44.4,India,New Zealand,SR Tendulkar,MS Dhoni,JD Ryder,0,1,,1,,,,,,,
366627,2008/09,2009-03-08,AMI Stadium,1,44.5,India,New Zealand,SR Tendulkar,MS Dhoni,JD Ryder,6,0,,,,,,,,,
366627,2008/09,2009-03-08,AMI Stadium,1,44.6,India,New Zealand,SR Tendulkar,MS Dhoni,JD Ryder,1,0,,,,,,,,,
366627,2008/09,2009-03-08,AMI Stadium,1,44.7,India,New Zealand,MS Dhoni,SR Tendulkar,JD Ryder,0,0,,,,,,retired hurt,SR Tendulkar,,
366627,2008/09,2009-03-08,AMI Stadium,1,45.1,India,New Zealand,SK Raina,MS Dhoni,TG Southee,1,0,,,,,,,,,
366627,2008/09,2009-03-08,AMI Stadium,1,45.2,India,New Zealand,MS Dhoni,SK Raina,TG Southee,4,0,,,,,,,,,
366627,2008/09,2009-03-08,AMI Stadium,1,45.3,India,New Zealand,MS Dhoni,SK Raina,TG Southee,1,0,,,,,,,,,
366627,2008/09,2009-03-08,AMI Stadium,1,45.4,India,New Zealand,SK Raina,MS Dhoni,TG Southee,0,0,,,,,,,,,
366627,2008/09,2009-03-08,AMI Stadium,1,45.5,India,New Zealand,SK Raina,MS Dhoni,TG Southee,6,0,,,,,,,,,
366627,2008/09,2009-03-08,AMI Stadium,1,45.6,India,New Zealand,SK Raina,MS Dhoni,TG Southee,6,0,,,,,,,,,
366627,2008/09,2009-03-08,AMI Stadium,1,46.1,India,New Zealand,MS Dhoni,SK Raina,KD Mills,1,0,,,,,,,,,
366627,2008/09,2009-03-08,AMI Stadium,1,46.2,India,New Zealand,SK Raina,MS Dhoni,KD Mills,1,0,,,,,,,,,
366627,2008/09,2009-03-08,AMI Stadium,1,46.3,India,New Zealand,MS Dhoni,SK Raina,KD Mills,2,0,,,,,,,,,
366627,2008/09,2009-03-08,AMI Stadium,1,46.4,India,New Zealand,MS Dhoni,SK Raina,KD Mills,1,0,,,,,,,,,
366627,2008/09,2009-03-08,AMI Stadium,1,46.5,India,New Zealand,SK Raina,MS Dhoni,KD Mills,1,0,,,,,,,,,
366627,2008/09,2009-03-08,AMI Stadium,1,46.6,India,New Zealand,MS Dhoni,SK Raina,KD Mills,1,0,,,,,,,,,
366627,2008/09,2009-03-08,AMI Stadium,1,47.1,India,New Zealand,MS Dhoni,SK Raina,TG Southee,1,0,,,,,,,,,
366627,2008/09,2009-03-08,AMI Stadium,1,47.2,India,New Zealand,SK Raina,MS Dhoni,TG Southee,6,0,,,,,,,,,
366627,2008/09,2009-03-08,AMI Stadium,1,47.3,India,New Zealand,SK Raina,MS Dhoni,TG Southee,6,0,,,,,,,,,
366627,2008/09,2009-03-08,AMI Stadium,1,47.4,India,New Zealand,SK Raina,MS Dhoni,TG Southee,1,0,,,,,,,,,
366627,2008/09,2009-03-08,AMI Stadium,1,47.5,India,New Zealand,MS Dhoni,SK Raina,TG Southee,4,0,,,,,,,,,
366627,2008/09,2009-03-08,AMI Stadium,1,47.6,India,New Zealand,MS Dhoni,SK Raina,TG Southee,0,0,,,,,,,,,
366627,2008/09,2009-03-08,AMI Stadium,1,48.1,India,New Zealand,SK Raina,MS Dhoni,KD Mills,0,0,,,,,,,,,
366627,2008/09,2009-03-08,AMI Stadium,1,48.2,India,New Zealand,SK Raina,MS Dhoni,KD Mills,0,0,,,,,,,,,
366627,2008/09,2009-03-08,AMI Stadium,1,48.3,India,New Zealand,SK Raina,MS Dhoni,KD Mills,1,0,,,,,,,,,
366627,2008/09,2009-03-08,AMI Stadium,1,48.4,India,New Zealand,MS Dhoni,SK Raina,KD Mills,0,0,,,,,,caught,MS Dhoni,,
366627,2008/09,2009-03-08,AMI Stadium,1,48.5,India,New Zealand,SK Raina,YK Pathan,KD Mills,1,0,,,,,,,,,
366627,2008/09,2009-03-08,AMI Stadium,1,48.6,India,New Zealand,YK Pathan,SK Raina,KD Mills,0,0,,,,,,,,,
366627,2008/09,2009-03-08,AMI Stadium,1,49.1,India,New Zealand,SK Raina,YK Pathan,JD Ryder,1,0,,,,,,,,,
366627,2008/09,2009-03-08,AMI Stadium,1,49.2,India,New Zealand,YK Pathan,SK Raina,JD Ryder,1,0,,,,,,,,,
366627,2008/09,2009-03-08,AMI Stadium,1,49.3,India,New Zealand,SK Raina,YK Pathan,JD Ryder,6,0,,,,,,,,,
366627,2008/09,2009-03-08,AMI Stadium,1,49.4,India,New Zealand,SK Raina,YK Pathan,JD Ryder,0,0,,,,,,,,,
366627,2008/09,2009-03-08,AMI Stadium,1,49.5,India,New Zealand,SK Raina,YK Pathan,JD Ryder,0,0,,,,,,,,,
366627,2008/09,2009-03-08,AMI Stadium,1,49.6,India,New Zealand,SK Raina,YK Pathan,JD Ryder,1,0,,,,,,,,,
366627,2008/09,2009-03-08,AMI Stadium,2,0.1,New Zealand,India,JD Ryder,BB McCullum,Z Khan,0,0,,,,,,,,,
366627,2008/09,2009-03-08,AMI Stadium,2,0.2,New Zealand,India,JD Ryder,BB McCullum,Z Khan,0,0,,,,,,,,,
366627,2008/09,2009-03-08,AMI Stadium,2,0.3,New Zealand,India,JD Ryder,BB McCullum,Z Khan,0,0,,,,,,,,,
366627,2008/09,2009-03-08,AMI Stadium,2,0.4,New Zealand,India,JD Ryder,BB McCullum,Z Khan,4,0,,,,,,,,,
366627,2008/09,2009-03-08,AMI Stadium,2,0.5,New Zealand,India,JD Ryder,BB McCullum,Z Khan,1,0,,,,,,,,,
366627,2008/09,2009-03-08,AMI Stadium,2,0.6,New Zealand,India,BB McCullum,JD Ryder,Z Khan,0,0,,,,,,,,,
366627,2008/09,2009-03-08,AMI Stadium,2,1.1,New Zealand,India,JD Ryder,BB McCullum,P Kumar,1,0,,,,,,,,,
366627,2008/09,2009-03-08,AMI Stadium,2,1.2,New Zealand,India,BB McCullum,JD Ryder,P Kumar,0,0,,,,,,,,,
366627,2008/09,2009-03-08,AMI Stadium,2,1.3,New Zealand,India,BB McCullum,JD Ryder,P Kumar,2,0,,,,,,,,,
366627,2008/09,2009-03-08,AMI Stadium,2,1.4,New Zealand,India,BB McCullum,JD Ryder,P Kumar,0,0,,,,,,,,,
366627,2008/09,2009-03-08,AMI Stadium,2,1.5,New Zealand,India,BB McCullum,JD Ryder,P Kumar,0,0,,,,,,,,,
366627,2008/09,2009-03-08,AMI Stadium,2,1.6,New Zealand,India,BB McCullum,JD Ryder,P Kumar,4,0,,,,,,,,,
366627,2008/09,2009-03-08,AMI Stadium,2,2.1,New Zealand,India,JD Ryder,BB McCullum,Z Khan,0,0,,,,,,,,,
366627,2008/09,2009-03-08,AMI Stadium,2,2.2,New Zealand,India,JD Ryder,BB McCullum,Z Khan,0,0,,,,,,,,,
366627,2008/09,2009-03-08,AMI Stadium,2,2.3,New Zealand,India,JD Ryder,BB McCullum,Z Khan,0,0,,,,,,,,,
366627,2008/09,2009-03-08,AMI Stadium,2,2.4,New Zealand,India,JD Ryder,BB McCullum,Z Khan,4,0,,,,,,,,,
366627,2008/09,2009-03-08,AMI Stadium,2,2.5,New Zealand,India,JD Ryder,BB McCullum,Z Khan,4,0,,,,,,,,,
366627,2008/09,2009-03-08,AMI Stadium,2,2.6,New Zealand,India,JD Ryder,BB McCullum,Z Khan,0,0,,,,,,,,,
366627,2008/09,2009-03-08,AMI Stadium,2,3.1,New Zealand,India,BB McCullum,JD Ryder,P Kumar,0,0,,,,,,,,,
366627,2008/09,2009-03-08,AMI Stadium,2,3.2,New Zealand,India,BB McCullum,JD Ryder,P Kumar,0,0,,,,,,,,,
366627,2008/09,2009-03-08,AMI Stadium,2,3.3,New Zealand,India,BB McCullum,JD Ryder,P Kumar,0,0,,,,,,,,,
366627,2008/09,2009-03-08,AMI Stadium,2,3.4,New Zealand,India,BB McCullum,JD Ryder,P Kumar,4,0,,,,,,,,,
366627,2008/09,2009-03-08,AMI Stadium,2,3.5,New Zealand,India,BB McCullum,JD Ryder,P Kumar,0,0,,,,,,,,,
366627,2008/09,2009-03-08,AMI Stadium,2,3.6,New Zealand,India,BB McCullum,JD Ryder,P Kumar,0,0,,,,,,,,,
366627,2008/09,2009-03-08,AMI Stadium,2,4.1,New Zealand,India,JD Ryder,BB McCullum,Z Khan,0,0,,,,,,,,,
366627,2008/09,2009-03-08,AMI Stadium,2,4.2,New Zealand,India,JD Ryder,BB McCullum,Z Khan,0,0,,,,,,,,,
366627,2008/09,2009-03-08,AMI Stadium,2,4.3,New Zealand,India,JD Ryder,BB McCullum,Z Khan,0,0,,,,,,,,,
366627,2008/09,2009-03-08,AMI Stadium,2,4.4,New Zealand,India,JD Ryder,BB McCullum,Z Khan,4,0,,,,,,,,,
366627,2008/09,2009-03-08,AMI Stadium,2,4.5,New Zealand,India,JD Ryder,BB McCullum,Z Khan,2,0,,,,,,,,,
366627,2008/09,2009-03-08,AMI Stadium,2,4.6,New Zealand,India,JD Ryder,BB McCullum,Z Khan,4,0,,,,,,,,,
366627,2008/09,2009-03-08,AMI Stadium,2,5.1,New Zealand,India,BB McCullum,JD Ryder,P Kumar,0,0,,,,,,,,,
366627,2008/09,2009-03-08,AMI Stadium,2,5.2,New Zealand,India,BB McCullum,JD Ryder,P Kumar,0,0,,,,,,,,,
366627,2008/09,2009-03-08,AMI Stadium,2,5.3,New Zealand,India,BB McCullum,JD Ryder,P Kumar,0,0,,,,,,,,,
366627,2008/09,2009-03-08,AMI Stadium,2,5.4,New Zealand,India,BB McCullum,JD Ryder,P Kumar,1,0,,,,,,,,,
366627,2008/09,2009-03-08,AMI Stadium,2,5.5,New Zealand,India,JD Ryder,BB McCullum,P Kumar,0,0,,,,,,,,,
366627,2008/09,2009-03-08,AMI Stadium,2,5.6,New Zealand,India,JD Ryder,BB McCullum,P Kumar,6,0,,,,,,,,,
366627,2008/09,2009-03-08,AMI Stadium,2,6.1,New Zealand,India,BB McCullum,JD Ryder,MM Patel,1,0,,,,,,,,,
366627,2008/09,2009-03-08,AMI Stadium,2,6.2,New Zealand,India,JD Ryder,BB McCullum,MM Patel,0,0,,,,,,,,,
366627,2008/09,2009-03-08,AMI Stadium,2,6.3,New Zealand,India,JD Ryder,BB McCullum,MM Patel,0,0,,,,,,,,,
366627,2008/09,2009-03-08,AMI Stadium,2,6.4,New Zealand,India,JD Ryder,BB McCullum,MM Patel,0,0,,,,,,,,,
366627,2008/09,2009-03-08,AMI Stadium,2,6.5,New Zealand,India,JD Ryder,BB McCullum,MM Patel,4,0,,,,,,,,,
366627,2008/09,2009-03-08,AMI Stadium,2,6.6,New Zealand,India,JD Ryder,BB McCullum,MM Patel,0,0,,,,,,,,,
366627,2008/09,2009-03-08,AMI Stadium,2,7.1,New Zealand,India,BB McCullum,JD Ryder,P Kumar,1,0,,,,,,,,,
366627,2008/09,2009-03-08,AMI Stadium,2,7.2,New Zealand,India,JD Ryder,BB McCullum,P Kumar,0,0,,,,,,,,,
366627,2008/09,2009-03-08,AMI Stadium,2,7.3,New Zealand,India,JD Ryder,BB McCullum,P Kumar,0,0,,,,,,,,,
366627,2008/09,2009-03-08,AMI Stadium,2,7.4,New Zealand,India,JD Ryder,BB McCullum,P Kumar,1,0,,,,,,,,,
366627,2008/09,2009-03-08,AMI Stadium,2,7.5,New Zealand,India,BB McCullum,JD Ryder,P Kumar,0,0,,,,,,,,,
366627,2008/09,2009-03-08,AMI Stadium,2,7.6,New Zealand,India,BB McCullum,JD Ryder,P Kumar,0,0,,,,,,,,,
366627,2008/09,2009-03-08,AMI Stadium,2,8.1,New Zealand,India,JD Ryder,BB McCullum,MM Patel,1,0,,,,,,,,,
366627,2008/09,2009-03-08,AMI Stadium,2,8.2,New Zealand,India,BB McCullum,JD Ryder,MM Patel,0,0,,,,,,,,,
366627,2008/09,2009-03-08,AMI Stadium,2,8.3,New Zealand,India,BB McCullum,JD Ryder,MM Patel,4,0,,,,,,,,,
366627,2008/09,2009-03-08,AMI Stadium,2,8.4,New Zealand,India,BB McCullum,JD Ryder,MM Patel,1,0,,,,,,,,,
366627,2008/09,2009-03-08,AMI Stadium,2,8.5,New Zealand,India,JD Ryder,BB McCullum,MM Patel,0,0,,,,,,,,,
366627,2008/09,2009-03-08,AMI Stadium,2,8.6,New Zealand,India,JD Ryder,BB McCullum,MM Patel,4,0,,,,,,,,,
366627,2008/09,2009-03-08,AMI Stadium,2,9.1,New Zealand,India,BB McCullum,JD Ryder,P Kumar,4,0,,,,,,,,,
366627,2008/09,2009-03-08,AMI Stadium,2,9.2,New Zealand,India,BB McCullum,JD Ryder,P Kumar,0,0,,,,,,,,,
366627,2008/09,2009-03-08,AMI Stadium,2,9.3,New Zealand,India,BB McCullum,JD Ryder,P Kumar,4,0,,,,,,,,,
366627,2008/09,2009-03-08,AMI Stadium,2,9.4,New Zealand,India,BB McCullum,JD Ryder,P Kumar,0,0,,,,,,,,,
366627,2008/09,2009-03-08,AMI Stadium,2,9.5,New Zealand,India,BB McCullum,JD Ryder,P Kumar,0,0,,,,,,,,,
366627,2008/09,2009-03-08,AMI Stadium,2,9.6,New Zealand,India,BB McCullum,JD Ryder,P Kumar,1,0,,,,,,,,,
366627,2008/09,2009-03-08,AMI Stadium,2,10.1,New Zealand,India,BB McCullum,JD Ryder,MM Patel,0,0,,,,,,,,,
366627,2008/09,2009-03-08,AMI Stadium,2,10.2,New Zealand,India,BB McCullum,JD Ryder,MM Patel,0,0,,,,,,,,,
366627,2008/09,2009-03-08,AMI Stadium,2,10.3,New Zealand,India,BB McCullum,JD Ryder,MM Patel,0,0,,,,,,,,,
366627,2008/09,2009-03-08,AMI Stadium,2,10.4,New Zealand,India,BB McCullum,JD Ryder,MM Patel,1,0,,,,,,,,,
366627,2008/09,2009-03-08,AMI Stadium,2,10.5,New Zealand,India,JD Ryder,BB McCullum,MM Patel,1,0,,,,,,,,,
366627,2008/09,2009-03-08,AMI Stadium,2,10.6,New Zealand,India,BB McCullum,JD Ryder,MM Patel,1,0,,,,,,,,,
366627,2008/09,2009-03-08,AMI Stadium,2,11.1,New Zealand,India,BB McCullum,JD Ryder,Z Khan,1,0,,,,,,,,,
366627,2008/09,2009-03-08,AMI Stadium,2,11.2,New Zealand,India,JD Ryder,BB McCullum,Z Khan,1,0,,,,,,,,,
366627,2008/09,2009-03-08,AMI Stadium,2,11.3,New Zealand,India,BB McCullum,JD Ryder,Z Khan,0,0,,,,,,,,,
366627,2008/09,2009-03-08,AMI Stadium,2,11.4,New Zealand,India,BB McCullum,JD Ryder,Z Khan,1,0,,,,,,,,,
366627,2008/09,2009-03-08,AMI Stadium,2,11.5,New Zealand,India,JD Ryder,BB McCullum,Z Khan,1,0,,,,,,,,,
366627,2008/09,2009-03-08,AMI Stadium,2,11.6,New Zealand,India,BB McCullum,JD Ryder,Z Khan,1,0,,,,,,,,,
366627,2008/09,2009-03-08,AMI Stadium,2,12.1,New Zealand,India,BB McCullum,JD Ryder,MM Patel,4,0,,,,,,,,,
366627,2008/09,2009-03-08,AMI Stadium,2,12.2,New Zealand,India,BB McCullum,JD Ryder,MM Patel,1,0,,,,,,,,,
366627,2008/09,2009-03-08,AMI Stadium,2,12.3,New Zealand,India,JD Ryder,BB McCullum,MM Patel,2,0,,,,,,,,,
366627,2008/09,2009-03-08,AMI Stadium,2,12.4,New Zealand,India,JD Ryder,BB McCullum,MM Patel,6,0,,,,,,,,,
366627,2008/09,2009-03-08,AMI Stadium,2,12.5,New Zealand,India,JD Ryder,BB McCullum,MM Patel,0,0,,,,,,,,,
366627,2008/09,2009-03-08,AMI Stadium,2,12.6,New Zealand,India,JD Ryder,BB McCullum,MM Patel,4,0,,,,,,,,,
366627,2008/09,2009-03-08,AMI Stadium,2,13.1,New Zealand,India,BB McCullum,JD Ryder,Z Khan,1,0,,,,,,,,,
366627,2008/09,2009-03-08,AMI Stadium,2,13.2,New Zealand,India,JD Ryder,BB McCullum,Z Khan,0,0,,,,,,,,,
366627,2008/09,2009-03-08,AMI Stadium,2,13.3,New Zealand,India,JD Ryder,BB McCullum,Z Khan,1,0,,,,,,,,,
366627,2008/09,2009-03-08,AMI Stadium,2,13.4,New Zealand,India,BB McCullum,JD Ryder,Z Khan,2,0,,,,,,,,,
366627,2008/09,2009-03-08,AMI Stadium,2,13.5,New Zealand,India,BB McCullum,JD Ryder,Z Khan,1,0,,,,,,,,,
366627,2008/09,2009-03-08,AMI Stadium,2,13.6,New Zealand,India,JD Ryder,BB McCullum,Z Khan,1,0,,,,,,,,,
366627,2008/09,2009-03-08,AMI Stadium,2,14.1,New Zealand,India,JD Ryder,BB McCullum,MM Patel,4,0,,,,,,,,,
366627,2008/09,2009-03-08,AMI Stadium,2,14.2,New Zealand,India,JD Ryder,BB McCullum,MM Patel,1,0,,,,,,,,,
366627,2008/09,2009-03-08,AMI Stadium,2,14.3,New Zealand,India,BB McCullum,JD Ryder,MM Patel,1,0,,,,,,,,,
366627,2008/09,2009-03-08,AMI Stadium,2,14.4,New Zealand,India,JD Ryder,BB McCullum,MM Patel,1,0,,,,,,,,,
366627,2008/09,2009-03-08,AMI Stadium,2,14.5,New Zealand,India,BB McCullum,JD Ryder,MM Patel,0,0,,,,,,,,,
366627,2008/09,2009-03-08,AMI Stadium,2,14.6,New Zealand,India,BB McCullum,JD Ryder,MM Patel,1,0,,,,,,,,,
366627,2008/09,2009-03-08,AMI Stadium,2,15.1,New Zealand,India,BB McCullum,JD Ryder,Yuvraj Singh,0,0,,,,,,,,,
366627,2008/09,2009-03-08,AMI Stadium,2,15.2,New Zealand,India,BB McCullum,JD Ryder,Yuvraj Singh,1,0,,,,,,,,,
366627,2008/09,2009-03-08,AMI Stadium,2,15.3,New Zealand,India,JD Ryder,BB McCullum,Yuvraj Singh,0,0,,,,,,,,,
366627,2008/09,2009-03-08,AMI Stadium,2,15.4,New Zealand,India,JD Ryder,BB McCullum,Yuvraj Singh,0,0,,,,,,,,,
366627,2008/09,2009-03-08,AMI Stadium,2,15.5,New Zealand,India,JD Ryder,BB McCullum,Yuvraj Singh,0,0,,,,,,,,,
366627,2008/09,2009-03-08,AMI Stadium,2,15.6,New Zealand,India,JD Ryder,BB McCullum,Yuvraj Singh,1,0,,,,,,,,,
366627,2008/09,2009-03-08,AMI Stadium,2,16.1,New Zealand,India,JD Ryder,BB McCullum,Harbhajan Singh,1,0,,,,,,,,,
366627,2008/09,2009-03-08,AMI Stadium,2,16.2,New Zealand,India,BB McCullum,JD Ryder,Harbhajan Singh,1,0,,,,,,,,,
366627,2008/09,2009-03-08,AMI Stadium,2,16.3,New Zealand,India,JD Ryder,BB McCullum,Harbhajan Singh,6,0,,,,,,,,,
366627,2008/09,2009-03-08,AMI Stadium,2,16.4,New Zealand,India,JD Ryder,BB McCullum,Harbhajan Singh,6,0,,,,,,,,,
366627,2008/09,2009-03-08,AMI Stadium,2,16.5,New Zealand,India,JD Ryder,BB McCullum,Harbhajan Singh,0,0,,,,,,,,,
366627,2008/09,2009-03-08,AMI Stadium,2,16.6,New Zealand,India,JD Ryder,BB McCullum,Harbhajan Singh,4,0,,,,,,,,,
366627,2008/09,2009-03-08,AMI Stadium,2,17.1,New Zealand,India,BB McCullum,JD Ryder,Yuvraj Singh,2,0,,,,,,,,,
366627,2008/09,2009-03-08,AMI Stadium,2,17.2,New Zealand,India,BB McCullum,JD Ryder,Yuvraj Singh,0,0,,,,,,,,,
366627,2008/09,2009-03-08,AMI Stadium,2,17.3,New Zealand,India,BB McCullum,JD Ryder,Yuvraj Singh,6,0,,,,,,,,,
366627,2008/09,2009-03-08,AMI Stadium,2,17.4,New Zealand,India,BB McCullum,JD Ryder,Yuvraj Singh,0,0,,,,,,,,,
366627,2008/09,2009-03-08,AMI Stadium,2,17.5,New Zealand,India,BB McCullum,JD Ryder,Yuvraj Singh,0,0,,,,,,,,,
366627,2008/09,2009-03-08,AMI Stadium,2,17.6,New Zealand,India,BB McCullum,JD Ryder,Yuvraj Singh,1,0,,,,,,,,,
366627,2008/09,2009-03-08,AMI Stadium,2,18.1,New Zealand,India,BB McCullum,JD Ryder,Harbhajan Singh,1,0,,,,,,,,,
366627,2008/09,2009-03-08,AMI Stadium,2,18.2,New Zealand,India,JD Ryder,BB McCullum,Harbhajan Singh,0,0,,,,,,,,,
366627,2008/09,2009-03-08,AMI Stadium,2,18.3,New Zealand,India,JD Ryder,BB McCullum,Harbhajan Singh,4,0,,,,,,,,,
366627,2008/09,2009-03-08,AMI Stadium,2,18.4,New Zealand,India,JD Ryder,BB McCullum,Harbhajan Singh,2,0,,,,,,,,,
366627,2008/09,2009-03-08,AMI Stadium,2,18.5,New Zealand,India,JD Ryder,BB McCullum,Harbhajan Singh,4,0,,,,,,,,,
366627,2008/09,2009-03-08,AMI Stadium,2,18.6,New Zealand,India,JD Ryder,BB McCullum,Harbhajan Singh,0,0,,,,,,,,,
366627,2008/09,2009-03-08,AMI Stadium,2,19.1,New Zealand,India,BB McCullum,JD Ryder,Yuvraj Singh,1,0,,,,,,,,,
366627,2008/09,2009-03-08,AMI Stadium,2,19.2,New Zealand,India,JD Ryder,BB McCullum,Yuvraj Singh,1,0,,,,,,,,,
366627,2008/09,2009-03-08,AMI Stadium,2,19.3,New Zealand,India,BB McCullum,JD Ryder,Yuvraj Singh,0,0,,,,,,,,,
366627,2008/09,2009-03-08,AMI Stadium,2,19.4,New Zealand,India,BB McCullum,JD Ryder,Yuvraj Singh,6,0,,,,,,,,,
366627,2008/09,2009-03-08,AMI Stadium,2,19.5,New Zealand,India,BB McCullum,JD Ryder,Yuvraj Singh,1,0,,,,,,,,,
366627,2008/09,2009-03-08,AMI Stadium,2,19.6,New Zealand,India,JD Ryder,BB McCullum,Yuvraj Singh,1,0,,,,,,,,,
366627,2008/09,2009-03-08,AMI Stadium,2,20.1,New Zealand,India,JD Ryder,BB McCullum,Harbhajan Singh,0,0,,,,,,,,,
366627,2008/09,2009-03-08,AMI Stadium,2,20.2,New Zealand,India,JD Ryder,BB McCullum,Harbhajan Singh,1,0,,,,,,,,,
366627,2008/09,2009-03-08,AMI Stadium,2,20.3,New Zealand,India,BB McCullum,JD Ryder,Harbhajan Singh,0,0,,,,,,,,,
366627,2008/09,2009-03-08,AMI Stadium,2,20.4,New Zealand,India,BB McCullum,JD Ryder,Harbhajan Singh,0,0,,,,,,,,,
366627,2008/09,2009-03-08,AMI Stadium,2,20.5,New Zealand,India,BB McCullum,JD Ryder,Harbhajan Singh,0,0,,,,,,,,,
366627,2008/09,2009-03-08,AMI Stadium,2,20.6,New Zealand,India,BB McCullum,JD Ryder,Harbhajan Singh,1,0,,,,,,,,,
366627,2008/09,2009-03-08,AMI Stadium,2,21.1,New Zealand,India,BB McCullum,JD Ryder,Yuvraj Singh,6,0,,,,,,,,,
366627,2008/09,2009-03-08,AMI Stadium,2,21.2,New Zealand,India,BB McCullum,JD Ryder,Yuvraj Singh,0,0,,,,,,,,,
366627,2008/09,2009-03-08,AMI Stadium,2,21.3,New Zealand,India,BB McCullum,JD Ryder,Yuvraj Singh,0,0,,,,,,,,,
366627,2008/09,2009-03-08,AMI Stadium,2,21.4,New Zealand,India,BB McCullum,JD Ryder,Yuvraj Singh,1,0,,,,,,,,,
366627,2008/09,2009-03-08,AMI Stadium,2,21.5,New Zealand,India,JD Ryder,BB McCullum,Yuvraj Singh,0,0,,,,,,,,,
366627,2008/09,2009-03-08,AMI Stadium,2,21.6,New Zealand,India,JD Ryder,BB McCullum,Yuvraj Singh,0,1,1,,,,,,,,
366627,2008/09,2009-03-08,AMI Stadium,2,21.7,New Zealand,India,JD Ryder,BB McCullum,Yuvraj Singh,0,0,,,,,,run out,BB McCullum,,
366627,2008/09,2009-03-08,AMI Stadium,2,22.1,New Zealand,India,JD Ryder,LRPL Taylor,Harbhajan Singh,0,0,,,,,,,,,
366627,2008/09,2009-03-08,AMI Stadium,2,22.2,New Zealand,India,JD Ryder,LRPL Taylor,Harbhajan Singh,2,0,,,,,,,,,
366627,2008/09,2009-03-08,AMI Stadium,2,22.3,New Zealand,India,JD Ryder,LRPL Taylor,Harbhajan Singh,1,0,,,,,,,,,
366627,2008/09,2009-03-08,AMI Stadium,2,22.4,New Zealand,India,LRPL Taylor,JD Ryder,Harbhajan Singh,0,0,,,,,,,,,
366627,2008/09,2009-03-08,AMI Stadium,2,22.5,New Zealand,India,LRPL Taylor,JD Ryder,Harbhajan Singh,1,0,,,,,,,,,
366627,2008/09,2009-03-08,AMI Stadium,2,22.6,New Zealand,India,JD Ryder,LRPL Taylor,Harbhajan Singh,0,0,,,,,,,,,
366627,2008/09,2009-03-08,AMI Stadium,2,23.1,New Zealand,India,LRPL Taylor,JD Ryder,Yuvraj Singh,1,0,,,,,,,,,
366627,2008/09,2009-03-08,AMI Stadium,2,23.2,New Zealand,India,JD Ryder,LRPL Taylor,Yuvraj Singh,1,0,,,,,,,,,
366627,2008/09,2009-03-08,AMI Stadium,2,23.3,New Zealand,India,LRPL Taylor,JD Ryder,Yuvraj Singh,1,0,,,,,,,,,
366627,2008/09,2009-03-08,AMI Stadium,2,23.4,New Zealand,India,JD Ryder,LRPL Taylor,Yuvraj Singh,0,0,,,,,,,,,
366627,2008/09,2009-03-08,AMI Stadium,2,23.5,New Zealand,India,JD Ryder,LRPL Taylor,Yuvraj Singh,1,0,,,,,,,,,
366627,2008/09,2009-03-08,AMI Stadium,2,23.6,New Zealand,India,LRPL Taylor,JD Ryder,Yuvraj Singh,4,0,,,,,,,,,
366627,2008/09,2009-03-08,AMI Stadium,2,24.1,New Zealand,India,JD Ryder,LRPL Taylor,Harbhajan Singh,1,0,,,,,,,,,
366627,2008/09,2009-03-08,AMI Stadium,2,24.2,New Zealand,India,LRPL Taylor,JD Ryder,Harbhajan Singh,0,0,,,,,,run out,LRPL Taylor,,
366627,2008/09,2009-03-08,AMI Stadium,2,24.3,New Zealand,India,MJ Guptill,JD Ryder,Harbhajan Singh,1,0,,,,,,,,,
366627,2008/09,2009-03-08,AMI Stadium,2,24.4,New Zealand,India,JD Ryder,MJ Guptill,Harbhajan Singh,0,0,,,,,,,,,
366627,2008/09,2009-03-08,AMI Stadium,2,24.5,New Zealand,India,JD Ryder,MJ Guptill,Harbhajan Singh,1,0,,,,,,,,,
366627,2008/09,2009-03-08,AMI Stadium,2,24.6,New Zealand,India,MJ Guptill,JD Ryder,Harbhajan Singh,0,0,,,,,,,,,
366627,2008/09,2009-03-08,AMI Stadium,2,25.1,New Zealand,India,JD Ryder,MJ Guptill,Yuvraj Singh,1,0,,,,,,,,,
366627,2008/09,2009-03-08,AMI Stadium,2,25.2,New Zealand,India,MJ Guptill,JD Ryder,Yuvraj Singh,0,0,,,,,,,,,
366627,2008/09,2009-03-08,AMI Stadium,2,25.3,New Zealand,India,MJ Guptill,JD Ryder,Yuvraj Singh,0,0,,,,,,lbw,MJ Guptill,,
366627,2008/09,2009-03-08,AMI Stadium,2,25.4,New Zealand,India,GD Elliott,JD Ryder,Yuvraj Singh,0,0,,,,,,,,,
366627,2008/09,2009-03-08,AMI Stadium,2,25.5,New Zealand,India,GD Elliott,JD Ryder,Yuvraj Singh,1,0,,,,,,,,,
366627,2008/09,2009-03-08,AMI Stadium,2,25.6,New Zealand,India,JD Ryder,GD Elliott,Yuvraj Singh,0,0,,,,,,,,,
366627,2008/09,2009-03-08,AMI Stadium,2,26.1,New Zealand,India,GD Elliott,JD Ryder,Harbhajan Singh,1,0,,,,,,,,,
366627,2008/09,2009-03-08,AMI Stadium,2,26.2,New Zealand,India,JD Ryder,GD Elliott,Harbhajan Singh,0,0,,,,,,,,,
366627,2008/09,2009-03-08,AMI Stadium,2,26.3,New Zealand,India,JD Ryder,GD Elliott,Harbhajan Singh,2,0,,,,,,,,,
366627,2008/09,2009-03-08,AMI Stadium,2,26.4,New Zealand,India,JD Ryder,GD Elliott,Harbhajan Singh,1,0,,,,,,,,,
366627,2008/09,2009-03-08,AMI Stadium,2,26.5,New Zealand,India,GD Elliott,JD Ryder,Harbhajan Singh,1,0,,,,,,,,,
366627,2008/09,2009-03-08,AMI Stadium,2,26.6,New Zealand,India,JD Ryder,GD Elliott,Harbhajan Singh,0,0,,,,,,caught,JD Ryder,,
366627,2008/09,2009-03-08,AMI Stadium,2,27.1,New Zealand,India,JDP Oram,GD Elliott,Yuvraj Singh,0,0,,,,,,,,,
366627,2008/09,2009-03-08,AMI Stadium,2,27.2,New Zealand,India,JDP Oram,GD Elliott,Yuvraj Singh,0,0,,,,,,,,,
366627,2008/09,2009-03-08,AMI Stadium,2,27.3,New Zealand,India,JDP Oram,GD Elliott,Yuvraj Singh,1,0,,,,,,,,,
366627,2008/09,2009-03-08,AMI Stadium,2,27.4,New Zealand,India,GD Elliott,JDP Oram,Yuvraj Singh,0,0,,,,,,,,,
366627,2008/09,2009-03-08,AMI Stadium,2,27.5,New Zealand,India,GD Elliott,JDP Oram,Yuvraj Singh,0,0,,,,,,,,,
366627,2008/09,2009-03-08,AMI Stadium,2,27.6,New Zealand,India,GD Elliott,JDP Oram,Yuvraj Singh,1,0,,,,,,,,,
366627,2008/09,2009-03-08,AMI Stadium,2,28.1,New Zealand,India,GD Elliott,JDP Oram,Harbhajan Singh,0,0,,,,,,,,,
366627,2008/09,2009-03-08,AMI Stadium,2,28.2,New Zealand,India,GD Elliott,JDP Oram,Harbhajan Singh,0,0,,,,,,,,,
366627,2008/09,2009-03-08,AMI Stadium,2,28.3,New Zealand,India,GD Elliott,JDP Oram,Harbhajan Singh,1,0,,,,,,,,,
366627,2008/09,2009-03-08,AMI Stadium,2,28.4,New Zealand,India,JDP Oram,GD Elliott,Harbhajan Singh,1,0,,,,,,,,,
366627,2008/09,2009-03-08,AMI Stadium,2,28.5,New Zealand,India,GD Elliott,JDP Oram,Harbhajan Singh,4,0,,,,,,,,,
366627,2008/09,2009-03-08,AMI Stadium,2,28.6,New Zealand,India,GD Elliott,JDP Oram,Harbhajan Singh,0,0,,,,,,,,,
366627,2008/09,2009-03-08,AMI Stadium,2,29.1,New Zealand,India,JDP Oram,GD Elliott,Yuvraj Singh,2,0,,,,,,,,,
366627,2008/09,2009-03-08,AMI Stadium,2,29.2,New Zealand,India,JDP Oram,GD Elliott,Yuvraj Singh,0,0,,,,,,,,,
366627,2008/09,2009-03-08,AMI Stadium,2,29.3,New Zealand,India,JDP Oram,GD Elliott,Yuvraj Singh,1,0,,,,,,,,,
366627,2008/09,2009-03-08,AMI Stadium,2,29.4,New Zealand,India,GD Elliott,JDP Oram,Yuvraj Singh,1,0,,,,,,,,,
366627,2008/09,2009-03-08,AMI Stadium,2,29.5,New Zealand,India,JDP Oram,GD Elliott,Yuvraj Singh,0,0,,,,,,,,,
366627,2008/09,2009-03-08,AMI Stadium,2,29.6,New Zealand,India,JDP Oram,GD Elliott,Yuvraj Singh,1,0,,,,,,,,,
366627,2008/09,2009-03-08,AMI Stadium,2,30.1,New Zealand,India,JDP Oram,GD Elliott,Harbhajan Singh,1,0,,,,,,,,,
366627,2008/09,2009-03-08,AMI Stadium,2,30.2,New Zealand,India,GD Elliott,JDP Oram,Harbhajan Singh,1,0,,,,,,,,,
366627,2008/09,2009-03-08,AMI Stadium,2,30.3,New Zealand,India,JDP Oram,GD Elliott,Harbhajan Singh,0,0,,,,,,bowled,JDP Oram,,
366627,2008/09,2009-03-08,AMI Stadium,2,30.4,New Zealand,India,PD McGlashan,GD Elliott,Harbhajan Singh,0,0,,,,,,,,,
366627,2008/09,2009-03-08,AMI Stadium,2,30.5,New Zealand,India,PD McGlashan,GD Elliott,Harbhajan Singh,0,0,,,,,,,,,
366627,2008/09,2009-03-08,AMI Stadium,2,30.6,New Zealand,India,PD McGlashan,GD Elliott,Harbhajan Singh,0,0,,,,,,,,,
366627,2008/09,2009-03-08,AMI Stadium,2,31.1,New Zealand,India,GD Elliott,PD McGlashan,Yuvraj Singh,1,0,,,,,,,,,
366627,2008/09,2009-03-08,AMI Stadium,2,31.2,New Zealand,India,PD McGlashan,GD Elliott,Yuvraj Singh,1,0,,,,,,,,,
366627,2008/09,2009-03-08,AMI Stadium,2,31.3,New Zealand,India,GD Elliott,PD McGlashan,Yuvraj Singh,2,0,,,,,,,,,
366627,2008/09,2009-03-08,AMI Stadium,2,31.4,New Zealand,India,GD Elliott,PD McGlashan,Yuvraj Singh,0,0,,,,,,,,,
366627,2008/09,2009-03-08,AMI Stadium,2,31.5,New Zealand,India,GD Elliott,PD McGlashan,Yuvraj Singh,1,0,,,,,,,,,
366627,2008/09,2009-03-08,AMI Stadium,2,31.6,New Zealand,India,PD McGlashan,GD Elliott,Yuvraj Singh,3,0,,,,,,,,,
366627,2008/09,2009-03-08,AMI Stadium,2,32.1,New Zealand,India,PD McGlashan,GD Elliott,Harbhajan Singh,1,0,,,,,,,,,
366627,2008/09,2009-03-08,AMI Stadium,2,32.2,New Zealand,India,GD Elliott,PD McGlashan,Harbhajan Singh,0,0,,,,,,,,,
366627,2008/09,2009-03-08,AMI Stadium,2,32.3,New Zealand,India,GD Elliott,PD McGlashan,Harbhajan Singh,0,0,,,,,,,,,
366627,2008/09,2009-03-08,AMI Stadium,2,32.4,New Zealand,India,GD Elliott,PD McGlashan,Harbhajan Singh,1,0,,,,,,,,,
366627,2008/09,2009-03-08,AMI Stadium,2,32.5,New Zealand,India,PD McGlashan,GD Elliott,Harbhajan Singh,1,0,,,,,,,,,
366627,2008/09,2009-03-08,AMI Stadium,2,32.6,New Zealand,India,GD Elliott,PD McGlashan,Harbhajan Singh,1,0,,,,,,,,,
366627,2008/09,2009-03-08,AMI Stadium,2,33.1,New Zealand,India,GD Elliott,PD McGlashan,Z Khan,1,0,,,,,,,,,
366627,2008/09,2009-03-08,AMI Stadium,2,33.2,New Zealand,India,PD McGlashan,GD Elliott,Z Khan,1,0,,,,,,,,,
366627,2008/09,2009-03-08,AMI Stadium,2,33.3,New Zealand,India,GD Elliott,PD McGlashan,Z Khan,0,0,,,,,,bowled,GD Elliott,,
366627,2008/09,2009-03-08,AMI Stadium,2,33.4,New Zealand,India,IG Butler,PD McGlashan,Z Khan,1,0,,,,,,,,,
366627,2008/09,2009-03-08,AMI Stadium,2,33.5,New Zealand,India,PD McGlashan,IG Butler,Z Khan,0,0,,,,,,bowled,PD McGlashan,,
366627,2008/09,2009-03-08,AMI Stadium,2,33.6,New Zealand,India,KD Mills,IG Butler,Z Khan,0,0,,,,,,,,,
366627,2008/09,2009-03-08,AMI Stadium,2,34.1,New Zealand,India,IG Butler,KD Mills,Harbhajan Singh,0,0,,,,,,,,,
366627,2008/09,2009-03-08,AMI Stadium,2,34.2,New Zealand,India,IG Butler,KD Mills,Harbhajan Singh,0,0,,,,,,,,,
366627,2008/09,2009-03-08,AMI Stadium,2,34.3,New Zealand,India,IG Butler,KD Mills,Harbhajan Singh,0,0,,,,,,,,,
366627,2008/09,2009-03-08,AMI Stadium,2,34.4,New Zealand,India,IG Butler,KD Mills,Harbhajan Singh,0,0,,,,,,,,,
366627,2008/09,2009-03-08,AMI Stadium,2,34.5,New Zealand,India,IG Butler,KD Mills,Harbhajan Singh,1,0,,,,,,,,,
366627,2008/09,2009-03-08,AMI Stadium,2,34.6,New Zealand,India,KD Mills,IG Butler,Harbhajan Singh,0,0,,,,,,,,,
366627,2008/09,2009-03-08,AMI Stadium,2,35.1,New Zealand,India,IG Butler,KD Mills,Z Khan,2,0,,,,,,,,,
366627,2008/09,2009-03-08,AMI Stadium,2,35.2,New Zealand,India,IG Butler,KD Mills,Z Khan,0,0,,,,,,,,,
366627,2008/09,2009-03-08,AMI Stadium,2,35.3,New Zealand,India,IG Butler,KD Mills,Z Khan,1,0,,,,,,,,,
366627,2008/09,2009-03-08,AMI Stadium,2,35.4,New Zealand,India,KD Mills,IG Butler,Z Khan,1,0,,,,,,,,,
366627,2008/09,2009-03-08,AMI Stadium,2,35.5,New Zealand,India,IG Butler,KD Mills,Z Khan,2,0,,,,,,,,,
366627,2008/09,2009-03-08,AMI Stadium,2,35.6,New Zealand,India,IG Butler,KD Mills,Z Khan,1,0,,,,,,,,,
366627,2008/09,2009-03-08,AMI Stadium,2,36.1,New Zealand,India,IG Butler,KD Mills,P Kumar,4,0,,,,,,,,,
366627,2008/09,2009-03-08,AMI Stadium,2,36.2,New Zealand,India,IG Butler,KD Mills,P Kumar,0,0,,,,,,,,,
366627,2008/09,2009-03-08,AMI Stadium,2,36.3,New Zealand,India,IG Butler,KD Mills,P Kumar,1,0,,,,,,,,,
366627,2008/09,2009-03-08,AMI Stadium,2,36.4,New Zealand,India,KD Mills,IG Butler,P Kumar,1,0,,,,,,,,,
366627,2008/09,2009-03-08,AMI Stadium,2,36.5,New Zealand,India,IG Butler,KD Mills,P Kumar,1,0,,,,,,,,,
366627,2008/09,2009-03-08,AMI Stadium,2,36.6,New Zealand,India,KD Mills,IG Butler,P Kumar,1,0,,,,,,,,,
366627,2008/09,2009-03-08,AMI Stadium,2,37.1,New Zealand,India,KD Mills,IG Butler,Yuvraj Singh,6,0,,,,,,,,,
366627,2008/09,2009-03-08,AMI Stadium,2,37.2,New Zealand,India,KD Mills,IG Butler,Yuvraj Singh,1,0,,,,,,,,,
366627,2008/09,2009-03-08,AMI Stadium,2,37.3,New Zealand,India,IG Butler,KD Mills,Yuvraj Singh,2,0,,,,,,,,,
366627,2008/09,2009-03-08,AMI Stadium,2,37.4,New Zealand,India,IG Butler,KD Mills,Yuvraj Singh,2,0,,,,,,,,,
366627,2008/09,2009-03-08,AMI Stadium,2,37.5,New Zealand,India,IG Butler,KD Mills,Yuvraj Singh,6,0,,,,,,,,,
366627,2008/09,2009-03-08,AMI Stadium,2,37.6,New Zealand,India,IG Butler,KD Mills,Yuvraj Singh,0,0,,,,,,bowled,IG Butler,,
366627,2008/09,2009-03-08,AMI Stadium,2,38.1,New Zealand,India,KD Mills,TG Southee,P Kumar,0,0,,,,,,,,,
366627,2008/09,2009-03-08,AMI Stadium,2,38.2,New Zealand,India,KD Mills,TG Southee,P Kumar,1,0,,,,,,,,,
366627,2008/09,2009-03-08,AMI Stadium,2,38.3,New Zealand,India,TG Southee,KD Mills,P Kumar,0,1,1,,,,,,,,
366627,2008/09,2009-03-08,AMI Stadium,2,38.4,New Zealand,India,TG Southee,KD Mills,P Kumar,4,0,,,,,,,,,
366627,2008/09,2009-03-08,AMI Stadium,2,38.5,New Zealand,India,TG Southee,KD Mills,P Kumar,0,0,,,,,,,,,
366627,2008/09,2009-03-08,AMI Stadium,2,38.6,New Zealand,India,TG Southee,KD Mills,P Kumar,6,0,,,,,,,,,
366627,2008/09,2009-03-08,AMI Stadium,2,38.7,New Zealand,India,TG Southee,KD Mills,P Kumar,1,0,,,,,,,,,
366627,2008/09,2009-03-08,AMI Stadium,2,39.1,New Zealand,India,TG Southee,KD Mills,Z Khan,1,0,,,,,,,,,
366627,2008/09,2009-03-08,AMI Stadium,2,39.2,New Zealand,India,KD Mills,TG Southee,Z Khan,4,0,,,,,,,,,
366627,2008/09,2009-03-08,AMI Stadium,2,39.3,New Zealand,India,KD Mills,TG Southee,Z Khan,0,0,,,,,,,,,
366627,2008/09,2009-03-08,AMI Stadium,2,39.4,New Zealand,India,KD Mills,TG Southee,Z Khan,1,0,,,,,,,,,
366627,2008/09,2009-03-08,AMI Stadium,2,39.5,New Zealand,India,TG Southee,KD Mills,Z Khan,0,1,1,,,,,,,,
366627,2008/09,2009-03-08,AMI Stadium,2,39.6,New Zealand,India,TG Southee,KD Mills,Z Khan,0,1,,,,1,,,,,
366627,2008/09,2009-03-08,AMI Stadium,2,39.7,New Zealand,India,KD Mills,TG Southee,Z Khan,1,0,,,,,,,,,
366627,2008/09,2009-03-08,AMI Stadium,2,40.1,New Zealand,India,KD Mills,TG Southee,MM Patel,1,0,,,,,,,,,
366627,2008/09,2009-03-08,AMI Stadium,2,40.2,New Zealand,India,TG Southee,KD Mills,MM Patel,0,1,1,,,,,,,,
366627,2008/09,2009-03-08,AMI Stadium,2,40.3,New Zealand,India,TG Southee,KD Mills,MM Patel,6,0,,,,,,,,,
366627,2008/09,2009-03-08,AMI Stadium,2,40.4,New Zealand,India,TG Southee,KD Mills,MM Patel,1,0,,,,,,,,,
366627,2008/09,2009-03-08,AMI Stadium,2,40.5,New Zealand,India,KD Mills,TG Southee,MM Patel,1,0,,,,,,,,,
366627,2008/09,2009-03-08,AMI Stadium,2,40.6,New Zealand,India,TG Southee,KD Mills,MM Patel,0,0,,,,,,,,,
366627,2008/09,2009-03-08,AMI Stadium,2,40.7,New Zealand,India,TG Southee,KD Mills,MM Patel,0,0,,,,,,,,,
366627,2008/09,2009-03-08,AMI Stadium,2,41.1,New Zealand,India,KD Mills,TG Southee,Z Khan,4,0,,,,,,,,,
366627,2008/09,2009-03-08,AMI Stadium,2,41.2,New Zealand,India,KD Mills,TG Southee,Z Khan,0,0,,,,,,,,,
366627,2008/09,2009-03-08,AMI Stadium,2,41.3,New Zealand,India,KD Mills,TG Southee,Z Khan,4,0,,,,,,,,,
366627,2008/09,2009-03-08,AMI Stadium,2,41.4,New Zealand,India,KD Mills,TG Southee,Z Khan,4,0,,,,,,,,,
366627,2008/09,2009-03-08,AMI Stadium,2,41.5,New Zealand,India,KD Mills,TG Southee,Z Khan,0,1,,,,1,,,,,
366627,2008/09,2009-03-08,AMI Stadium,2,41.6,New Zealand,India,TG Southee,KD Mills,Z Khan,1,0,,,,,,,,,
366627,2008/09,2009-03-08,AMI Stadium,2,42.1,New Zealand,India,TG Southee,KD Mills,MM Patel,1,0,,,,,,,,,
366627,2008/09,2009-03-08,AMI Stadium,2,42.2,New Zealand,India,KD Mills,TG Southee,MM Patel,4,0,,,,,,,,,
366627,2008/09,2009-03-08,AMI Stadium,2,42.3,New Zealand,India,KD Mills,TG Southee,MM Patel,0,0,,,,,,,,,
366627,2008/09,2009-03-08,AMI Stadium,2,42.4,New Zealand,India,KD Mills,TG Southee,MM Patel,4,0,,,,,,,,,
366627,2008/09,2009-03-08,AMI Stadium,2,42.5,New Zealand,India,KD Mills,TG Southee,MM Patel,6,0,,,,,,,,,
366627,2008/09,2009-03-08,AMI Stadium,2,42.6,New Zealand,India,KD Mills,TG Southee,MM Patel,0,0,,,,,,,,,
366627,2008/09,2009-03-08,AMI Stadium,2,43.1,New Zealand,India,TG Southee,KD Mills,P Kumar,0,0,,,,,,,,,
366627,2008/09,2009-03-08,AMI Stadium,2,43.2,New Zealand,India,TG Southee,KD Mills,P Kumar,4,0,,,,,,,,,
366627,2008/09,2009-03-08,AMI Stadium,2,43.3,New Zealand,India,TG Southee,KD Mills,P Kumar,0,0,,,,,,,,,
366627,2008/09,2009-03-08,AMI Stadium,2,43.4,New Zealand,India,TG Southee,KD Mills,P Kumar,1,0,,,,,,,,,
366627,2008/09,2009-03-08,AMI Stadium,2,43.5,New Zealand,India,KD Mills,TG Southee,P Kumar,1,0,,,,,,,,,
366627,2008/09,2009-03-08,AMI Stadium,2,43.6,New Zealand,India,TG Southee,KD Mills,P Kumar,4,0,,,,,,,,,
366627,2008/09,2009-03-08,AMI Stadium,2,44.1,New Zealand,India,KD Mills,TG Southee,MM Patel,6,0,,,,,,,,,
366627,2008/09,2009-03-08,AMI Stadium,2,44.2,New Zealand,India,KD Mills,TG Southee,MM Patel,1,1,,1,,,,,,,
366627,2008/09,2009-03-08,AMI Stadium,2,44.3,New Zealand,India,TG Southee,KD Mills,MM Patel,1,0,,,,,,,,,
366627,2008/09,2009-03-08,AMI Stadium,2,44.4,New Zealand,India,KD Mills,TG Southee,MM Patel,1,1,,1,,,,,,,
366627,2008/09,2009-03-08,AMI Stadium,2,44.5,New Zealand,India,TG Southee,KD Mills,YK Pathan,1,0,,,,,,,,,
366627,2008/09,2009-03-08,AMI Stadium,2,44.6,New Zealand,India,KD Mills,TG Southee,YK Pathan,0,0,,,,,,,,,
366627,2008/09,2009-03-08,AMI Stadium,2,44.7,New Zealand,India,KD Mills,TG Southee,YK Pathan,0,0,,,,,,,,,
366627,2008/09,2009-03-08,AMI Stadium,2,44.8,New Zealand,India,KD Mills,TG Southee,YK Pathan,0,0,,,,,,caught,KD Mills,,
366627,2008/09,2009-03-08,AMI Stadium,2,45.1,New Zealand,India,TG Southee,JS Patel,P Kumar,0,0,,,,,,caught and bowled,TG Southee,,
