match_id,season,start_date,venue,innings,ball,batting_team,bowling_team,striker,non_striker,bowler,runs_off_bat,extras,wides,noballs,byes,legbyes,penalty,wicket_type,player_dismissed,other_wicket_type,other_player_dismissed
378755,2008/09,2009-01-14,Shere Bangla National Stadium,1,0.1,Sri Lanka,Bangladesh,WU Tharanga,ST Jayasuriya,Mashrafe Mortaza,0,0,,,,,,,,,
378755,2008/09,2009-01-14,Shere Bangla National Stadium,1,0.2,Sri Lanka,Bangladesh,WU Tharanga,ST Jayasuriya,Mashrafe Mortaza,0,0,,,,,,,,,
378755,2008/09,2009-01-14,Shere Bangla National Stadium,1,0.3,Sri Lanka,Bangladesh,WU Tharanga,ST Jayasuriya,Mashrafe Mortaza,0,0,,,,,,lbw,WU Tharanga,,
378755,2008/09,2009-01-14,Shere Bangla National Stadium,1,0.4,Sri Lanka,Bangladesh,KC Sangakkara,ST Jayasuriya,Mashrafe Mortaza,0,0,,,,,,,,,
378755,2008/09,2009-01-14,Shere Bangla National Stadium,1,0.5,Sri Lanka,Bangladesh,KC Sangakkara,ST Jayasuriya,Mashrafe Mortaza,0,0,,,,,,,,,
378755,2008/09,2009-01-14,Shere Bangla National Stadium,1,0.6,Sri Lanka,Bangladesh,KC Sangakkara,ST Jayasuriya,Mashrafe Mortaza,0,0,,,,,,,,,
378755,2008/09,2009-01-14,Shere Bangla National Stadium,1,1.1,Sri Lanka,Bangladesh,ST Jayasuriya,KC Sangakkara,Mahbubul Alam,0,0,,,,,,,,,
378755,2008/09,2009-01-14,Shere Bangla National Stadium,1,1.2,Sri Lanka,Bangladesh,ST Jayasuriya,KC Sangakkara,Mahbubul Alam,0,0,,,,,,,,,
378755,2008/09,2009-01-14,Shere Bangla National Stadium,1,1.3,Sri Lanka,Bangladesh,ST Jayasuriya,KC Sangakkara,Mahbubul Alam,0,0,,,,,,,,,
378755,2008/09,2009-01-14,Shere Bangla National Stadium,1,1.4,Sri Lanka,Bangladesh,ST Jayasuriya,KC Sangakkara,Mahbubul Alam,4,0,,,,,,,,,
378755,2008/09,2009-01-14,Shere Bangla National Stadium,1,1.5,Sri Lanka,Bangladesh,ST Jayasuriya,KC Sangakkara,Mahbubul Alam,0,0,,,,,,,,,
378755,2008/09,2009-01-14,Shere Bangla National Stadium,1,1.6,Sri Lanka,Bangladesh,ST Jayasuriya,KC Sangakkara,Mahbubul Alam,0,0,,,,,,,,,
378755,2008/09,2009-01-14,Shere Bangla National Stadium,1,2.1,Sri Lanka,Bangladesh,KC Sangakkara,ST Jayasuriya,Mashrafe Mortaza,0,0,,,,,,,,,
378755,2008/09,2009-01-14,Shere Bangla National Stadium,1,2.2,Sri Lanka,Bangladesh,KC Sangakkara,ST Jayasuriya,Mashrafe Mortaza,0,0,,,,,,bowled,KC Sangakkara,,
378755,2008/09,2009-01-14,Shere Bangla National Stadium,1,2.3,Sri Lanka,Bangladesh,DPMD Jayawardene,ST Jayasuriya,Mashrafe Mortaza,1,0,,,,,,,,,
378755,2008/09,2009-01-14,Shere Bangla National Stadium,1,2.4,Sri Lanka,Bangladesh,ST Jayasuriya,DPMD Jayawardene,Mashrafe Mortaza,0,0,,,,,,,,,
378755,2008/09,2009-01-14,Shere Bangla National Stadium,1,2.5,Sri Lanka,Bangladesh,ST Jayasuriya,DPMD Jayawardene,Mashrafe Mortaza,1,0,,,,,,,,,
378755,2008/09,2009-01-14,Shere Bangla National Stadium,1,2.6,Sri Lanka,Bangladesh,DPMD Jayawardene,ST Jayasuriya,Mashrafe Mortaza,0,1,1,,,,,,,,
378755,2008/09,2009-01-14,Shere Bangla National Stadium,1,2.7,Sri Lanka,Bangladesh,DPMD Jayawardene,ST Jayasuriya,Mashrafe Mortaza,1,0,,,,,,,,,
378755,2008/09,2009-01-14,Shere Bangla National Stadium,1,3.1,Sri Lanka,Bangladesh,DPMD Jayawardene,ST Jayasuriya,Mahbubul Alam,0,0,,,,,,,,,
378755,2008/09,2009-01-14,Shere Bangla National Stadium,1,3.2,Sri Lanka,Bangladesh,DPMD Jayawardene,ST Jayasuriya,Mahbubul Alam,2,0,,,,,,,,,
378755,2008/09,2009-01-14,Shere Bangla National Stadium,1,3.3,Sri Lanka,Bangladesh,DPMD Jayawardene,ST Jayasuriya,Mahbubul Alam,1,0,,,,,,,,,
378755,2008/09,2009-01-14,Shere Bangla National Stadium,1,3.4,Sri Lanka,Bangladesh,ST Jayasuriya,DPMD Jayawardene,Mahbubul Alam,0,0,,,,,,,,,
378755,2008/09,2009-01-14,Shere Bangla National Stadium,1,3.5,Sri Lanka,Bangladesh,ST Jayasuriya,DPMD Jayawardene,Mahbubul Alam,4,0,,,,,,,,,
378755,2008/09,2009-01-14,Shere Bangla National Stadium,1,3.6,Sri Lanka,Bangladesh,ST Jayasuriya,DPMD Jayawardene,Mahbubul Alam,0,0,,,,,,,,,
378755,2008/09,2009-01-14,Shere Bangla National Stadium,1,4.1,Sri Lanka,Bangladesh,DPMD Jayawardene,ST Jayasuriya,Mashrafe Mortaza,1,0,,,,,,,,,
378755,2008/09,2009-01-14,Shere Bangla National Stadium,1,4.2,Sri Lanka,Bangladesh,ST Jayasuriya,DPMD Jayawardene,Mashrafe Mortaza,0,0,,,,,,,,,
378755,2008/09,2009-01-14,Shere Bangla National Stadium,1,4.3,Sri Lanka,Bangladesh,ST Jayasuriya,DPMD Jayawardene,Mashrafe Mortaza,0,0,,,,,,,,,
378755,2008/09,2009-01-14,Shere Bangla National Stadium,1,4.4,Sri Lanka,Bangladesh,ST Jayasuriya,DPMD Jayawardene,Mashrafe Mortaza,0,0,,,,,,,,,
378755,2008/09,2009-01-14,Shere Bangla National Stadium,1,4.5,Sri Lanka,Bangladesh,ST Jayasuriya,DPMD Jayawardene,Mashrafe Mortaza,0,0,,,,,,,,,
378755,2008/09,2009-01-14,Shere Bangla National Stadium,1,4.6,Sri Lanka,Bangladesh,ST Jayasuriya,DPMD Jayawardene,Mashrafe Mortaza,0,0,,,,,,,,,
378755,2008/09,2009-01-14,Shere Bangla National Stadium,1,5.1,Sri Lanka,Bangladesh,DPMD Jayawardene,ST Jayasuriya,Mahbubul Alam,1,0,,,,,,,,,
378755,2008/09,2009-01-14,Shere Bangla National Stadium,1,5.2,Sri Lanka,Bangladesh,ST Jayasuriya,DPMD Jayawardene,Mahbubul Alam,0,0,,,,,,,,,
378755,2008/09,2009-01-14,Shere Bangla National Stadium,1,5.3,Sri Lanka,Bangladesh,ST Jayasuriya,DPMD Jayawardene,Mahbubul Alam,4,0,,,,,,,,,
378755,2008/09,2009-01-14,Shere Bangla National Stadium,1,5.4,Sri Lanka,Bangladesh,ST Jayasuriya,DPMD Jayawardene,Mahbubul Alam,0,0,,,,,,,,,
378755,2008/09,2009-01-14,Shere Bangla National Stadium,1,5.5,Sri Lanka,Bangladesh,ST Jayasuriya,DPMD Jayawardene,Mahbubul Alam,4,0,,,,,,,,,
378755,2008/09,2009-01-14,Shere Bangla National Stadium,1,5.6,Sri Lanka,Bangladesh,ST Jayasuriya,DPMD Jayawardene,Mahbubul Alam,2,0,,,,,,,,,
378755,2008/09,2009-01-14,Shere Bangla National Stadium,1,6.1,Sri Lanka,Bangladesh,DPMD Jayawardene,ST Jayasuriya,Mashrafe Mortaza,0,0,,,,,,,,,
378755,2008/09,2009-01-14,Shere Bangla National Stadium,1,6.2,Sri Lanka,Bangladesh,DPMD Jayawardene,ST Jayasuriya,Mashrafe Mortaza,1,0,,,,,,,,,
378755,2008/09,2009-01-14,Shere Bangla National Stadium,1,6.3,Sri Lanka,Bangladesh,ST Jayasuriya,DPMD Jayawardene,Mashrafe Mortaza,1,0,,,,,,,,,
378755,2008/09,2009-01-14,Shere Bangla National Stadium,1,6.4,Sri Lanka,Bangladesh,DPMD Jayawardene,ST Jayasuriya,Mashrafe Mortaza,1,0,,,,,,,,,
378755,2008/09,2009-01-14,Shere Bangla National Stadium,1,6.5,Sri Lanka,Bangladesh,ST Jayasuriya,DPMD Jayawardene,Mashrafe Mortaza,0,0,,,,,,,,,
378755,2008/09,2009-01-14,Shere Bangla National Stadium,1,6.6,Sri Lanka,Bangladesh,ST Jayasuriya,DPMD Jayawardene,Mashrafe Mortaza,0,2,2,,,,,,,,
378755,2008/09,2009-01-14,Shere Bangla National Stadium,1,6.7,Sri Lanka,Bangladesh,DPMD Jayawardene,ST Jayasuriya,Mashrafe Mortaza,0,0,,,,,,,,,
378755,2008/09,2009-01-14,Shere Bangla National Stadium,1,7.1,Sri Lanka,Bangladesh,ST Jayasuriya,DPMD Jayawardene,Rubel Hossain,0,0,,,,,,,,,
378755,2008/09,2009-01-14,Shere Bangla National Stadium,1,7.2,Sri Lanka,Bangladesh,ST Jayasuriya,DPMD Jayawardene,Rubel Hossain,4,0,,,,,,,,,
378755,2008/09,2009-01-14,Shere Bangla National Stadium,1,7.3,Sri Lanka,Bangladesh,ST Jayasuriya,DPMD Jayawardene,Rubel Hossain,0,0,,,,,,,,,
378755,2008/09,2009-01-14,Shere Bangla National Stadium,1,7.4,Sri Lanka,Bangladesh,ST Jayasuriya,DPMD Jayawardene,Rubel Hossain,0,0,,,,,,,,,
378755,2008/09,2009-01-14,Shere Bangla National Stadium,1,7.5,Sri Lanka,Bangladesh,ST Jayasuriya,DPMD Jayawardene,Rubel Hossain,4,0,,,,,,,,,
378755,2008/09,2009-01-14,Shere Bangla National Stadium,1,7.6,Sri Lanka,Bangladesh,ST Jayasuriya,DPMD Jayawardene,Rubel Hossain,0,0,,,,,,,,,
378755,2008/09,2009-01-14,Shere Bangla National Stadium,1,8.1,Sri Lanka,Bangladesh,DPMD Jayawardene,ST Jayasuriya,Mashrafe Mortaza,1,0,,,,,,,,,
378755,2008/09,2009-01-14,Shere Bangla National Stadium,1,8.2,Sri Lanka,Bangladesh,ST Jayasuriya,DPMD Jayawardene,Mashrafe Mortaza,1,0,,,,,,,,,
378755,2008/09,2009-01-14,Shere Bangla National Stadium,1,8.3,Sri Lanka,Bangladesh,DPMD Jayawardene,ST Jayasuriya,Mashrafe Mortaza,0,1,,,,1,,,,,
378755,2008/09,2009-01-14,Shere Bangla National Stadium,1,8.4,Sri Lanka,Bangladesh,ST Jayasuriya,DPMD Jayawardene,Mashrafe Mortaza,1,0,,,,,,,,,
378755,2008/09,2009-01-14,Shere Bangla National Stadium,1,8.5,Sri Lanka,Bangladesh,DPMD Jayawardene,ST Jayasuriya,Mashrafe Mortaza,1,0,,,,,,,,,
378755,2008/09,2009-01-14,Shere Bangla National Stadium,1,8.6,Sri Lanka,Bangladesh,ST Jayasuriya,DPMD Jayawardene,Mashrafe Mortaza,0,0,,,,,,,,,
378755,2008/09,2009-01-14,Shere Bangla National Stadium,1,9.1,Sri Lanka,Bangladesh,DPMD Jayawardene,ST Jayasuriya,Rubel Hossain,1,0,,,,,,,,,
378755,2008/09,2009-01-14,Shere Bangla National Stadium,1,9.2,Sri Lanka,Bangladesh,ST Jayasuriya,DPMD Jayawardene,Rubel Hossain,1,0,,,,,,,,,
378755,2008/09,2009-01-14,Shere Bangla National Stadium,1,9.3,Sri Lanka,Bangladesh,DPMD Jayawardene,ST Jayasuriya,Rubel Hossain,2,0,,,,,,,,,
378755,2008/09,2009-01-14,Shere Bangla National Stadium,1,9.4,Sri Lanka,Bangladesh,DPMD Jayawardene,ST Jayasuriya,Rubel Hossain,0,0,,,,,,,,,
378755,2008/09,2009-01-14,Shere Bangla National Stadium,1,9.5,Sri Lanka,Bangladesh,DPMD Jayawardene,ST Jayasuriya,Rubel Hossain,0,1,,,,1,,,,,
378755,2008/09,2009-01-14,Shere Bangla National Stadium,1,9.6,Sri Lanka,Bangladesh,ST Jayasuriya,DPMD Jayawardene,Rubel Hossain,0,0,,,,,,,,,
378755,2008/09,2009-01-14,Shere Bangla National Stadium,1,10.1,Sri Lanka,Bangladesh,DPMD Jayawardene,ST Jayasuriya,Shakib Al Hasan,0,0,,,,,,,,,
378755,2008/09,2009-01-14,Shere Bangla National Stadium,1,10.2,Sri Lanka,Bangladesh,DPMD Jayawardene,ST Jayasuriya,Shakib Al Hasan,0,0,,,,,,,,,
378755,2008/09,2009-01-14,Shere Bangla National Stadium,1,10.3,Sri Lanka,Bangladesh,DPMD Jayawardene,ST Jayasuriya,Shakib Al Hasan,0,0,,,,,,,,,
378755,2008/09,2009-01-14,Shere Bangla National Stadium,1,10.4,Sri Lanka,Bangladesh,DPMD Jayawardene,ST Jayasuriya,Shakib Al Hasan,0,0,,,,,,,,,
378755,2008/09,2009-01-14,Shere Bangla National Stadium,1,10.5,Sri Lanka,Bangladesh,DPMD Jayawardene,ST Jayasuriya,Shakib Al Hasan,0,0,,,,,,,,,
378755,2008/09,2009-01-14,Shere Bangla National Stadium,1,10.6,Sri Lanka,Bangladesh,DPMD Jayawardene,ST Jayasuriya,Shakib Al Hasan,1,0,,,,,,,,,
378755,2008/09,2009-01-14,Shere Bangla National Stadium,1,11.1,Sri Lanka,Bangladesh,DPMD Jayawardene,ST Jayasuriya,Naeem Islam,1,0,,,,,,,,,
378755,2008/09,2009-01-14,Shere Bangla National Stadium,1,11.2,Sri Lanka,Bangladesh,ST Jayasuriya,DPMD Jayawardene,Naeem Islam,1,0,,,,,,,,,
378755,2008/09,2009-01-14,Shere Bangla National Stadium,1,11.3,Sri Lanka,Bangladesh,DPMD Jayawardene,ST Jayasuriya,Naeem Islam,1,0,,,,,,,,,
378755,2008/09,2009-01-14,Shere Bangla National Stadium,1,11.4,Sri Lanka,Bangladesh,ST Jayasuriya,DPMD Jayawardene,Naeem Islam,1,0,,,,,,,,,
378755,2008/09,2009-01-14,Shere Bangla National Stadium,1,11.5,Sri Lanka,Bangladesh,DPMD Jayawardene,ST Jayasuriya,Naeem Islam,0,0,,,,,,,,,
378755,2008/09,2009-01-14,Shere Bangla National Stadium,1,11.6,Sri Lanka,Bangladesh,DPMD Jayawardene,ST Jayasuriya,Naeem Islam,1,0,,,,,,,,,
378755,2008/09,2009-01-14,Shere Bangla National Stadium,1,12.1,Sri Lanka,Bangladesh,DPMD Jayawardene,ST Jayasuriya,Shakib Al Hasan,1,0,,,,,,,,,
378755,2008/09,2009-01-14,Shere Bangla National Stadium,1,12.2,Sri Lanka,Bangladesh,ST Jayasuriya,DPMD Jayawardene,Shakib Al Hasan,0,0,,,,,,,,,
378755,2008/09,2009-01-14,Shere Bangla National Stadium,1,12.3,Sri Lanka,Bangladesh,ST Jayasuriya,DPMD Jayawardene,Shakib Al Hasan,0,0,,,,,,,,,
378755,2008/09,2009-01-14,Shere Bangla National Stadium,1,12.4,Sri Lanka,Bangladesh,ST Jayasuriya,DPMD Jayawardene,Shakib Al Hasan,0,0,,,,,,,,,
378755,2008/09,2009-01-14,Shere Bangla National Stadium,1,12.5,Sri Lanka,Bangladesh,ST Jayasuriya,DPMD Jayawardene,Shakib Al Hasan,1,0,,,,,,,,,
378755,2008/09,2009-01-14,Shere Bangla National Stadium,1,12.6,Sri Lanka,Bangladesh,DPMD Jayawardene,ST Jayasuriya,Shakib Al Hasan,1,0,,,,,,,,,
378755,2008/09,2009-01-14,Shere Bangla National Stadium,1,13.1,Sri Lanka,Bangladesh,DPMD Jayawardene,ST Jayasuriya,Naeem Islam,1,0,,,,,,,,,
378755,2008/09,2009-01-14,Shere Bangla National Stadium,1,13.2,Sri Lanka,Bangladesh,ST Jayasuriya,DPMD Jayawardene,Naeem Islam,1,0,,,,,,,,,
378755,2008/09,2009-01-14,Shere Bangla National Stadium,1,13.3,Sri Lanka,Bangladesh,DPMD Jayawardene,ST Jayasuriya,Naeem Islam,1,0,,,,,,,,,
378755,2008/09,2009-01-14,Shere Bangla National Stadium,1,13.4,Sri Lanka,Bangladesh,ST Jayasuriya,DPMD Jayawardene,Naeem Islam,0,0,,,,,,,,,
378755,2008/09,2009-01-14,Shere Bangla National Stadium,1,13.5,Sri Lanka,Bangladesh,ST Jayasuriya,DPMD Jayawardene,Naeem Islam,1,0,,,,,,,,,
378755,2008/09,2009-01-14,Shere Bangla National Stadium,1,13.6,Sri Lanka,Bangladesh,DPMD Jayawardene,ST Jayasuriya,Naeem Islam,0,0,,,,,,,,,
378755,2008/09,2009-01-14,Shere Bangla National Stadium,1,14.1,Sri Lanka,Bangladesh,ST Jayasuriya,DPMD Jayawardene,Shakib Al Hasan,1,0,,,,,,,,,
378755,2008/09,2009-01-14,Shere Bangla National Stadium,1,14.2,Sri Lanka,Bangladesh,DPMD Jayawardene,ST Jayasuriya,Shakib Al Hasan,0,0,,,,,,,,,
378755,2008/09,2009-01-14,Shere Bangla National Stadium,1,14.3,Sri Lanka,Bangladesh,DPMD Jayawardene,ST Jayasuriya,Shakib Al Hasan,1,0,,,,,,,,,
378755,2008/09,2009-01-14,Shere Bangla National Stadium,1,14.4,Sri Lanka,Bangladesh,ST Jayasuriya,DPMD Jayawardene,Shakib Al Hasan,1,0,,,,,,,,,
378755,2008/09,2009-01-14,Shere Bangla National Stadium,1,14.5,Sri Lanka,Bangladesh,DPMD Jayawardene,ST Jayasuriya,Shakib Al Hasan,1,0,,,,,,,,,
378755,2008/09,2009-01-14,Shere Bangla National Stadium,1,14.6,Sri Lanka,Bangladesh,ST Jayasuriya,DPMD Jayawardene,Shakib Al Hasan,0,0,,,,,,,,,
378755,2008/09,2009-01-14,Shere Bangla National Stadium,1,15.1,Sri Lanka,Bangladesh,DPMD Jayawardene,ST Jayasuriya,Naeem Islam,1,0,,,,,,,,,
378755,2008/09,2009-01-14,Shere Bangla National Stadium,1,15.2,Sri Lanka,Bangladesh,ST Jayasuriya,DPMD Jayawardene,Naeem Islam,1,0,,,,,,,,,
378755,2008/09,2009-01-14,Shere Bangla National Stadium,1,15.3,Sri Lanka,Bangladesh,DPMD Jayawardene,ST Jayasuriya,Naeem Islam,0,0,,,,,,,,,
378755,2008/09,2009-01-14,Shere Bangla National Stadium,1,15.4,Sri Lanka,Bangladesh,DPMD Jayawardene,ST Jayasuriya,Naeem Islam,2,0,,,,,,,,,
378755,2008/09,2009-01-14,Shere Bangla National Stadium,1,15.5,Sri Lanka,Bangladesh,DPMD Jayawardene,ST Jayasuriya,Naeem Islam,0,0,,,,,,,,,
378755,2008/09,2009-01-14,Shere Bangla National Stadium,1,15.6,Sri Lanka,Bangladesh,DPMD Jayawardene,ST Jayasuriya,Naeem Islam,0,0,,,,,,,,,
378755,2008/09,2009-01-14,Shere Bangla National Stadium,1,16.1,Sri Lanka,Bangladesh,ST Jayasuriya,DPMD Jayawardene,Shakib Al Hasan,0,0,,,,,,,,,
378755,2008/09,2009-01-14,Shere Bangla National Stadium,1,16.2,Sri Lanka,Bangladesh,ST Jayasuriya,DPMD Jayawardene,Shakib Al Hasan,1,0,,,,,,,,,
378755,2008/09,2009-01-14,Shere Bangla National Stadium,1,16.3,Sri Lanka,Bangladesh,DPMD Jayawardene,ST Jayasuriya,Shakib Al Hasan,1,0,,,,,,,,,
378755,2008/09,2009-01-14,Shere Bangla National Stadium,1,16.4,Sri Lanka,Bangladesh,ST Jayasuriya,DPMD Jayawardene,Shakib Al Hasan,0,0,,,,,,,,,
378755,2008/09,2009-01-14,Shere Bangla National Stadium,1,16.5,Sri Lanka,Bangladesh,ST Jayasuriya,DPMD Jayawardene,Shakib Al Hasan,1,0,,,,,,,,,
378755,2008/09,2009-01-14,Shere Bangla National Stadium,1,16.6,Sri Lanka,Bangladesh,DPMD Jayawardene,ST Jayasuriya,Shakib Al Hasan,0,0,,,,,,,,,
378755,2008/09,2009-01-14,Shere Bangla National Stadium,1,17.1,Sri Lanka,Bangladesh,ST Jayasuriya,DPMD Jayawardene,Naeem Islam,0,0,,,,,,,,,
378755,2008/09,2009-01-14,Shere Bangla National Stadium,1,17.2,Sri Lanka,Bangladesh,ST Jayasuriya,DPMD Jayawardene,Naeem Islam,1,0,,,,,,,,,
378755,2008/09,2009-01-14,Shere Bangla National Stadium,1,17.3,Sri Lanka,Bangladesh,DPMD Jayawardene,ST Jayasuriya,Naeem Islam,0,0,,,,,,caught,DPMD Jayawardene,,
378755,2008/09,2009-01-14,Shere Bangla National Stadium,1,17.4,Sri Lanka,Bangladesh,CK Kapugedera,ST Jayasuriya,Naeem Islam,1,0,,,,,,,,,
378755,2008/09,2009-01-14,Shere Bangla National Stadium,1,17.5,Sri Lanka,Bangladesh,ST Jayasuriya,CK Kapugedera,Naeem Islam,0,1,1,,,,,,,,
378755,2008/09,2009-01-14,Shere Bangla National Stadium,1,17.6,Sri Lanka,Bangladesh,ST Jayasuriya,CK Kapugedera,Naeem Islam,0,1,1,,,,,,,,
378755,2008/09,2009-01-14,Shere Bangla National Stadium,1,17.7,Sri Lanka,Bangladesh,ST Jayasuriya,CK Kapugedera,Naeem Islam,2,0,,,,,,,,,
378755,2008/09,2009-01-14,Shere Bangla National Stadium,1,17.8,Sri Lanka,Bangladesh,ST Jayasuriya,CK Kapugedera,Naeem Islam,0,0,,,,,,,,,
378755,2008/09,2009-01-14,Shere Bangla National Stadium,1,18.1,Sri Lanka,Bangladesh,CK Kapugedera,ST Jayasuriya,Shakib Al Hasan,0,0,,,,,,,,,
378755,2008/09,2009-01-14,Shere Bangla National Stadium,1,18.2,Sri Lanka,Bangladesh,CK Kapugedera,ST Jayasuriya,Shakib Al Hasan,4,0,,,,,,,,,
378755,2008/09,2009-01-14,Shere Bangla National Stadium,1,18.3,Sri Lanka,Bangladesh,CK Kapugedera,ST Jayasuriya,Shakib Al Hasan,1,0,,,,,,,,,
378755,2008/09,2009-01-14,Shere Bangla National Stadium,1,18.4,Sri Lanka,Bangladesh,ST Jayasuriya,CK Kapugedera,Shakib Al Hasan,2,0,,,,,,,,,
378755,2008/09,2009-01-14,Shere Bangla National Stadium,1,18.5,Sri Lanka,Bangladesh,ST Jayasuriya,CK Kapugedera,Shakib Al Hasan,0,0,,,,,,,,,
378755,2008/09,2009-01-14,Shere Bangla National Stadium,1,18.6,Sri Lanka,Bangladesh,ST Jayasuriya,CK Kapugedera,Shakib Al Hasan,1,0,,,,,,,,,
378755,2008/09,2009-01-14,Shere Bangla National Stadium,1,19.1,Sri Lanka,Bangladesh,ST Jayasuriya,CK Kapugedera,Naeem Islam,1,0,,,,,,,,,
378755,2008/09,2009-01-14,Shere Bangla National Stadium,1,19.2,Sri Lanka,Bangladesh,CK Kapugedera,ST Jayasuriya,Naeem Islam,0,0,,,,,,,,,
378755,2008/09,2009-01-14,Shere Bangla National Stadium,1,19.3,Sri Lanka,Bangladesh,CK Kapugedera,ST Jayasuriya,Naeem Islam,0,0,,,,,,,,,
378755,2008/09,2009-01-14,Shere Bangla National Stadium,1,19.4,Sri Lanka,Bangladesh,CK Kapugedera,ST Jayasuriya,Naeem Islam,0,0,,,,,,,,,
378755,2008/09,2009-01-14,Shere Bangla National Stadium,1,19.5,Sri Lanka,Bangladesh,CK Kapugedera,ST Jayasuriya,Naeem Islam,0,0,,,,,,,,,
378755,2008/09,2009-01-14,Shere Bangla National Stadium,1,19.6,Sri Lanka,Bangladesh,CK Kapugedera,ST Jayasuriya,Naeem Islam,0,0,,,,,,,,,
378755,2008/09,2009-01-14,Shere Bangla National Stadium,1,20.1,Sri Lanka,Bangladesh,ST Jayasuriya,CK Kapugedera,Mashrafe Mortaza,0,0,,,,,,,,,
378755,2008/09,2009-01-14,Shere Bangla National Stadium,1,20.2,Sri Lanka,Bangladesh,ST Jayasuriya,CK Kapugedera,Mashrafe Mortaza,2,0,,,,,,,,,
378755,2008/09,2009-01-14,Shere Bangla National Stadium,1,20.3,Sri Lanka,Bangladesh,ST Jayasuriya,CK Kapugedera,Mashrafe Mortaza,0,0,,,,,,,,,
378755,2008/09,2009-01-14,Shere Bangla National Stadium,1,20.4,Sri Lanka,Bangladesh,ST Jayasuriya,CK Kapugedera,Mashrafe Mortaza,4,0,,,,,,,,,
378755,2008/09,2009-01-14,Shere Bangla National Stadium,1,20.5,Sri Lanka,Bangladesh,ST Jayasuriya,CK Kapugedera,Mashrafe Mortaza,0,0,,,,,,caught and bowled,ST Jayasuriya,,
378755,2008/09,2009-01-14,Shere Bangla National Stadium,1,20.6,Sri Lanka,Bangladesh,J Mubarak,CK Kapugedera,Mashrafe Mortaza,1,0,,,,,,,,,
378755,2008/09,2009-01-14,Shere Bangla National Stadium,1,21.1,Sri Lanka,Bangladesh,J Mubarak,CK Kapugedera,Naeem Islam,1,0,,,,,,,,,
378755,2008/09,2009-01-14,Shere Bangla National Stadium,1,21.2,Sri Lanka,Bangladesh,CK Kapugedera,J Mubarak,Naeem Islam,0,0,,,,,,,,,
378755,2008/09,2009-01-14,Shere Bangla National Stadium,1,21.3,Sri Lanka,Bangladesh,CK Kapugedera,J Mubarak,Naeem Islam,1,0,,,,,,,,,
378755,2008/09,2009-01-14,Shere Bangla National Stadium,1,21.4,Sri Lanka,Bangladesh,J Mubarak,CK Kapugedera,Naeem Islam,0,0,,,,,,,,,
378755,2008/09,2009-01-14,Shere Bangla National Stadium,1,21.5,Sri Lanka,Bangladesh,J Mubarak,CK Kapugedera,Naeem Islam,2,0,,,,,,,,,
378755,2008/09,2009-01-14,Shere Bangla National Stadium,1,21.6,Sri Lanka,Bangladesh,J Mubarak,CK Kapugedera,Naeem Islam,0,0,,,,,,,,,
378755,2008/09,2009-01-14,Shere Bangla National Stadium,1,22.1,Sri Lanka,Bangladesh,CK Kapugedera,J Mubarak,Mashrafe Mortaza,1,0,,,,,,,,,
378755,2008/09,2009-01-14,Shere Bangla National Stadium,1,22.2,Sri Lanka,Bangladesh,J Mubarak,CK Kapugedera,Mashrafe Mortaza,1,0,,,,,,,,,
378755,2008/09,2009-01-14,Shere Bangla National Stadium,1,22.3,Sri Lanka,Bangladesh,CK Kapugedera,J Mubarak,Mashrafe Mortaza,0,0,,,,,,,,,
378755,2008/09,2009-01-14,Shere Bangla National Stadium,1,22.4,Sri Lanka,Bangladesh,CK Kapugedera,J Mubarak,Mashrafe Mortaza,0,1,,,,1,,,,,
378755,2008/09,2009-01-14,Shere Bangla National Stadium,1,22.5,Sri Lanka,Bangladesh,J Mubarak,CK Kapugedera,Mashrafe Mortaza,1,0,,,,,,,,,
378755,2008/09,2009-01-14,Shere Bangla National Stadium,1,22.6,Sri Lanka,Bangladesh,CK Kapugedera,J Mubarak,Mashrafe Mortaza,1,0,,,,,,,,,
378755,2008/09,2009-01-14,Shere Bangla National Stadium,1,23.1,Sri Lanka,Bangladesh,CK Kapugedera,J Mubarak,Mahmudullah,1,0,,,,,,,,,
378755,2008/09,2009-01-14,Shere Bangla National Stadium,1,23.2,Sri Lanka,Bangladesh,J Mubarak,CK Kapugedera,Mahmudullah,0,0,,,,,,,,,
378755,2008/09,2009-01-14,Shere Bangla National Stadium,1,23.3,Sri Lanka,Bangladesh,J Mubarak,CK Kapugedera,Mahmudullah,0,0,,,,,,,,,
378755,2008/09,2009-01-14,Shere Bangla National Stadium,1,23.4,Sri Lanka,Bangladesh,J Mubarak,CK Kapugedera,Mahmudullah,1,0,,,,,,,,,
378755,2008/09,2009-01-14,Shere Bangla National Stadium,1,23.5,Sri Lanka,Bangladesh,CK Kapugedera,J Mubarak,Mahmudullah,0,0,,,,,,,,,
378755,2008/09,2009-01-14,Shere Bangla National Stadium,1,23.6,Sri Lanka,Bangladesh,CK Kapugedera,J Mubarak,Mahmudullah,1,0,,,,,,,,,
378755,2008/09,2009-01-14,Shere Bangla National Stadium,1,24.1,Sri Lanka,Bangladesh,CK Kapugedera,J Mubarak,Rubel Hossain,0,0,,,,,,,,,
378755,2008/09,2009-01-14,Shere Bangla National Stadium,1,24.2,Sri Lanka,Bangladesh,CK Kapugedera,J Mubarak,Rubel Hossain,1,0,,,,,,,,,
378755,2008/09,2009-01-14,Shere Bangla National Stadium,1,24.3,Sri Lanka,Bangladesh,J Mubarak,CK Kapugedera,Rubel Hossain,1,0,,,,,,,,,
378755,2008/09,2009-01-14,Shere Bangla National Stadium,1,24.4,Sri Lanka,Bangladesh,CK Kapugedera,J Mubarak,Rubel Hossain,4,0,,,,,,,,,
378755,2008/09,2009-01-14,Shere Bangla National Stadium,1,24.5,Sri Lanka,Bangladesh,CK Kapugedera,J Mubarak,Rubel Hossain,1,0,,,,,,,,,
378755,2008/09,2009-01-14,Shere Bangla National Stadium,1,24.6,Sri Lanka,Bangladesh,J Mubarak,CK Kapugedera,Rubel Hossain,1,0,,,,,,,,,
378755,2008/09,2009-01-14,Shere Bangla National Stadium,1,25.1,Sri Lanka,Bangladesh,J Mubarak,CK Kapugedera,Mahmudullah,1,0,,,,,,,,,
378755,2008/09,2009-01-14,Shere Bangla National Stadium,1,25.2,Sri Lanka,Bangladesh,CK Kapugedera,J Mubarak,Mahmudullah,6,0,,,,,,,,,
378755,2008/09,2009-01-14,Shere Bangla National Stadium,1,25.3,Sri Lanka,Bangladesh,CK Kapugedera,J Mubarak,Mahmudullah,1,0,,,,,,,,,
378755,2008/09,2009-01-14,Shere Bangla National Stadium,1,25.4,Sri Lanka,Bangladesh,J Mubarak,CK Kapugedera,Mahmudullah,0,0,,,,,,run out,J Mubarak,,
378755,2008/09,2009-01-14,Shere Bangla National Stadium,1,25.5,Sri Lanka,Bangladesh,CK Kapugedera,AD Mathews,Mahmudullah,1,0,,,,,,,,,
378755,2008/09,2009-01-14,Shere Bangla National Stadium,1,25.6,Sri Lanka,Bangladesh,AD Mathews,CK Kapugedera,Mahmudullah,1,0,,,,,,,,,
378755,2008/09,2009-01-14,Shere Bangla National Stadium,1,26.1,Sri Lanka,Bangladesh,AD Mathews,CK Kapugedera,Rubel Hossain,1,0,,,,,,,,,
378755,2008/09,2009-01-14,Shere Bangla National Stadium,1,26.2,Sri Lanka,Bangladesh,CK Kapugedera,AD Mathews,Rubel Hossain,0,0,,,,,,,,,
378755,2008/09,2009-01-14,Shere Bangla National Stadium,1,26.3,Sri Lanka,Bangladesh,CK Kapugedera,AD Mathews,Rubel Hossain,1,0,,,,,,,,,
378755,2008/09,2009-01-14,Shere Bangla National Stadium,1,26.4,Sri Lanka,Bangladesh,AD Mathews,CK Kapugedera,Rubel Hossain,0,0,,,,,,,,,
378755,2008/09,2009-01-14,Shere Bangla National Stadium,1,26.5,Sri Lanka,Bangladesh,AD Mathews,CK Kapugedera,Rubel Hossain,0,0,,,,,,,,,
378755,2008/09,2009-01-14,Shere Bangla National Stadium,1,26.6,Sri Lanka,Bangladesh,AD Mathews,CK Kapugedera,Rubel Hossain,0,0,,,,,,caught,AD Mathews,,
378755,2008/09,2009-01-14,Shere Bangla National Stadium,1,27.1,Sri Lanka,Bangladesh,CK Kapugedera,T Thushara,Mahbubul Alam,2,0,,,,,,,,,
378755,2008/09,2009-01-14,Shere Bangla National Stadium,1,27.2,Sri Lanka,Bangladesh,CK Kapugedera,T Thushara,Mahbubul Alam,0,0,,,,,,,,,
378755,2008/09,2009-01-14,Shere Bangla National Stadium,1,27.3,Sri Lanka,Bangladesh,CK Kapugedera,T Thushara,Mahbubul Alam,0,0,,,,,,bowled,CK Kapugedera,,
378755,2008/09,2009-01-14,Shere Bangla National Stadium,1,27.4,Sri Lanka,Bangladesh,KMDN Kulasekara,T Thushara,Mahbubul Alam,1,0,,,,,,,,,
378755,2008/09,2009-01-14,Shere Bangla National Stadium,1,27.5,Sri Lanka,Bangladesh,T Thushara,KMDN Kulasekara,Mahbubul Alam,0,0,,,,,,,,,
378755,2008/09,2009-01-14,Shere Bangla National Stadium,1,27.6,Sri Lanka,Bangladesh,T Thushara,KMDN Kulasekara,Mahbubul Alam,0,0,,,,,,,,,
378755,2008/09,2009-01-14,Shere Bangla National Stadium,1,28.1,Sri Lanka,Bangladesh,KMDN Kulasekara,T Thushara,Rubel Hossain,0,0,,,,,,,,,
378755,2008/09,2009-01-14,Shere Bangla National Stadium,1,28.2,Sri Lanka,Bangladesh,KMDN Kulasekara,T Thushara,Rubel Hossain,4,0,,,,,,,,,
378755,2008/09,2009-01-14,Shere Bangla National Stadium,1,28.3,Sri Lanka,Bangladesh,KMDN Kulasekara,T Thushara,Rubel Hossain,0,0,,,,,,,,,
378755,2008/09,2009-01-14,Shere Bangla National Stadium,1,28.4,Sri Lanka,Bangladesh,KMDN Kulasekara,T Thushara,Rubel Hossain,0,0,,,,,,caught,KMDN Kulasekara,,
378755,2008/09,2009-01-14,Shere Bangla National Stadium,1,28.5,Sri Lanka,Bangladesh,T Thushara,M Muralitharan,Rubel Hossain,0,5,5,,,,,,,,
378755,2008/09,2009-01-14,Shere Bangla National Stadium,1,28.6,Sri Lanka,Bangladesh,T Thushara,M Muralitharan,Rubel Hossain,0,1,,1,,,,,,,
378755,2008/09,2009-01-14,Shere Bangla National Stadium,1,28.7,Sri Lanka,Bangladesh,T Thushara,M Muralitharan,Rubel Hossain,0,0,,,,,,,,,
378755,2008/09,2009-01-14,Shere Bangla National Stadium,1,28.8,Sri Lanka,Bangladesh,T Thushara,M Muralitharan,Rubel Hossain,0,0,,,,,,caught,T Thushara,,
378755,2008/09,2009-01-14,Shere Bangla National Stadium,1,29.1,Sri Lanka,Bangladesh,M Muralitharan,BAW Mendis,Shakib Al Hasan,0,0,,,,,,,,,
378755,2008/09,2009-01-14,Shere Bangla National Stadium,1,29.2,Sri Lanka,Bangladesh,M Muralitharan,BAW Mendis,Shakib Al Hasan,0,0,,,,,,,,,
378755,2008/09,2009-01-14,Shere Bangla National Stadium,1,29.3,Sri Lanka,Bangladesh,M Muralitharan,BAW Mendis,Shakib Al Hasan,0,0,,,,,,,,,
378755,2008/09,2009-01-14,Shere Bangla National Stadium,1,29.4,Sri Lanka,Bangladesh,M Muralitharan,BAW Mendis,Shakib Al Hasan,0,0,,,,,,,,,
378755,2008/09,2009-01-14,Shere Bangla National Stadium,1,29.5,Sri Lanka,Bangladesh,M Muralitharan,BAW Mendis,Shakib Al Hasan,4,0,,,,,,,,,
378755,2008/09,2009-01-14,Shere Bangla National Stadium,1,29.6,Sri Lanka,Bangladesh,M Muralitharan,BAW Mendis,Shakib Al Hasan,1,0,,,,,,,,,
378755,2008/09,2009-01-14,Shere Bangla National Stadium,1,30.1,Sri Lanka,Bangladesh,M Muralitharan,BAW Mendis,Rubel Hossain,0,0,,,,,,,,,
378755,2008/09,2009-01-14,Shere Bangla National Stadium,1,30.2,Sri Lanka,Bangladesh,M Muralitharan,BAW Mendis,Rubel Hossain,1,0,,,,,,,,,
378755,2008/09,2009-01-14,Shere Bangla National Stadium,1,30.3,Sri Lanka,Bangladesh,BAW Mendis,M Muralitharan,Rubel Hossain,0,0,,,,,,caught,BAW Mendis,,
378755,2008/09,2009-01-14,Shere Bangla National Stadium,2,0.1,Bangladesh,Sri Lanka,Tamim Iqbal,Junaid Siddique,KMDN Kulasekara,0,0,,,,,,,,,
378755,2008/09,2009-01-14,Shere Bangla National Stadium,2,0.2,Bangladesh,Sri Lanka,Tamim Iqbal,Junaid Siddique,KMDN Kulasekara,0,0,,,,,,,,,
378755,2008/09,2009-01-14,Shere Bangla National Stadium,2,0.3,Bangladesh,Sri Lanka,Tamim Iqbal,Junaid Siddique,KMDN Kulasekara,0,0,,,,,,,,,
378755,2008/09,2009-01-14,Shere Bangla National Stadium,2,0.4,Bangladesh,Sri Lanka,Tamim Iqbal,Junaid Siddique,KMDN Kulasekara,0,0,,,,,,,,,
378755,2008/09,2009-01-14,Shere Bangla National Stadium,2,0.5,Bangladesh,Sri Lanka,Tamim Iqbal,Junaid Siddique,KMDN Kulasekara,0,0,,,,,,,,,
378755,2008/09,2009-01-14,Shere Bangla National Stadium,2,0.6,Bangladesh,Sri Lanka,Tamim Iqbal,Junaid Siddique,KMDN Kulasekara,0,0,,,,,,run out,Junaid Siddique,,
378755,2008/09,2009-01-14,Shere Bangla National Stadium,2,1.1,Bangladesh,Sri Lanka,Mushfiqur Rahim,Tamim Iqbal,T Thushara,0,0,,,,,,,,,
378755,2008/09,2009-01-14,Shere Bangla National Stadium,2,1.2,Bangladesh,Sri Lanka,Mushfiqur Rahim,Tamim Iqbal,T Thushara,0,0,,,,,,,,,
378755,2008/09,2009-01-14,Shere Bangla National Stadium,2,1.3,Bangladesh,Sri Lanka,Mushfiqur Rahim,Tamim Iqbal,T Thushara,0,0,,,,,,,,,
378755,2008/09,2009-01-14,Shere Bangla National Stadium,2,1.4,Bangladesh,Sri Lanka,Mushfiqur Rahim,Tamim Iqbal,T Thushara,0,0,,,,,,,,,
378755,2008/09,2009-01-14,Shere Bangla National Stadium,2,1.5,Bangladesh,Sri Lanka,Mushfiqur Rahim,Tamim Iqbal,T Thushara,0,0,,,,,,,,,
378755,2008/09,2009-01-14,Shere Bangla National Stadium,2,1.6,Bangladesh,Sri Lanka,Mushfiqur Rahim,Tamim Iqbal,T Thushara,0,0,,,,,,,,,
378755,2008/09,2009-01-14,Shere Bangla National Stadium,2,2.1,Bangladesh,Sri Lanka,Tamim Iqbal,Mushfiqur Rahim,KMDN Kulasekara,4,0,,,,,,,,,
378755,2008/09,2009-01-14,Shere Bangla National Stadium,2,2.2,Bangladesh,Sri Lanka,Tamim Iqbal,Mushfiqur Rahim,KMDN Kulasekara,4,0,,,,,,,,,
378755,2008/09,2009-01-14,Shere Bangla National Stadium,2,2.3,Bangladesh,Sri Lanka,Tamim Iqbal,Mushfiqur Rahim,KMDN Kulasekara,0,0,,,,,,,,,
378755,2008/09,2009-01-14,Shere Bangla National Stadium,2,2.4,Bangladesh,Sri Lanka,Tamim Iqbal,Mushfiqur Rahim,KMDN Kulasekara,1,0,,,,,,,,,
378755,2008/09,2009-01-14,Shere Bangla National Stadium,2,2.5,Bangladesh,Sri Lanka,Mushfiqur Rahim,Tamim Iqbal,KMDN Kulasekara,1,0,,,,,,,,,
378755,2008/09,2009-01-14,Shere Bangla National Stadium,2,2.6,Bangladesh,Sri Lanka,Tamim Iqbal,Mushfiqur Rahim,KMDN Kulasekara,0,0,,,,,,,,,
378755,2008/09,2009-01-14,Shere Bangla National Stadium,2,3.1,Bangladesh,Sri Lanka,Mushfiqur Rahim,Tamim Iqbal,T Thushara,0,0,,,,,,caught,Mushfiqur Rahim,,
378755,2008/09,2009-01-14,Shere Bangla National Stadium,2,3.2,Bangladesh,Sri Lanka,Mohammad Ashraful,Tamim Iqbal,T Thushara,0,0,,,,,,,,,
378755,2008/09,2009-01-14,Shere Bangla National Stadium,2,3.3,Bangladesh,Sri Lanka,Mohammad Ashraful,Tamim Iqbal,T Thushara,1,0,,,,,,,,,
378755,2008/09,2009-01-14,Shere Bangla National Stadium,2,3.4,Bangladesh,Sri Lanka,Tamim Iqbal,Mohammad Ashraful,T Thushara,0,0,,,,,,,,,
378755,2008/09,2009-01-14,Shere Bangla National Stadium,2,3.5,Bangladesh,Sri Lanka,Tamim Iqbal,Mohammad Ashraful,T Thushara,0,0,,,,,,run out,Tamim Iqbal,,
378755,2008/09,2009-01-14,Shere Bangla National Stadium,2,3.6,Bangladesh,Sri Lanka,Shakib Al Hasan,Mohammad Ashraful,T Thushara,0,1,,,,1,,,,,
378755,2008/09,2009-01-14,Shere Bangla National Stadium,2,4.1,Bangladesh,Sri Lanka,Shakib Al Hasan,Mohammad Ashraful,KMDN Kulasekara,0,0,,,,,,,,,
378755,2008/09,2009-01-14,Shere Bangla National Stadium,2,4.2,Bangladesh,Sri Lanka,Shakib Al Hasan,Mohammad Ashraful,KMDN Kulasekara,0,0,,,,,,,,,
378755,2008/09,2009-01-14,Shere Bangla National Stadium,2,4.3,Bangladesh,Sri Lanka,Shakib Al Hasan,Mohammad Ashraful,KMDN Kulasekara,0,0,,,,,,,,,
378755,2008/09,2009-01-14,Shere Bangla National Stadium,2,4.4,Bangladesh,Sri Lanka,Shakib Al Hasan,Mohammad Ashraful,KMDN Kulasekara,0,0,,,,,,,,,
378755,2008/09,2009-01-14,Shere Bangla National Stadium,2,4.5,Bangladesh,Sri Lanka,Shakib Al Hasan,Mohammad Ashraful,KMDN Kulasekara,4,0,,,,,,,,,
378755,2008/09,2009-01-14,Shere Bangla National Stadium,2,4.6,Bangladesh,Sri Lanka,Shakib Al Hasan,Mohammad Ashraful,KMDN Kulasekara,3,0,,,,,,,,,
378755,2008/09,2009-01-14,Shere Bangla National Stadium,2,5.1,Bangladesh,Sri Lanka,Shakib Al Hasan,Mohammad Ashraful,T Thushara,1,0,,,,,,,,,
378755,2008/09,2009-01-14,Shere Bangla National Stadium,2,5.2,Bangladesh,Sri Lanka,Mohammad Ashraful,Shakib Al Hasan,T Thushara,1,0,,,,,,,,,
378755,2008/09,2009-01-14,Shere Bangla National Stadium,2,5.3,Bangladesh,Sri Lanka,Shakib Al Hasan,Mohammad Ashraful,T Thushara,0,0,,,,,,,,,
378755,2008/09,2009-01-14,Shere Bangla National Stadium,2,5.4,Bangladesh,Sri Lanka,Shakib Al Hasan,Mohammad Ashraful,T Thushara,0,0,,,,,,,,,
378755,2008/09,2009-01-14,Shere Bangla National Stadium,2,5.5,Bangladesh,Sri Lanka,Shakib Al Hasan,Mohammad Ashraful,T Thushara,4,0,,,,,,,,,
378755,2008/09,2009-01-14,Shere Bangla National Stadium,2,5.6,Bangladesh,Sri Lanka,Shakib Al Hasan,Mohammad Ashraful,T Thushara,4,0,,,,,,,,,
378755,2008/09,2009-01-14,Shere Bangla National Stadium,2,6.1,Bangladesh,Sri Lanka,Mohammad Ashraful,Shakib Al Hasan,KMDN Kulasekara,1,0,,,,,,,,,
378755,2008/09,2009-01-14,Shere Bangla National Stadium,2,6.2,Bangladesh,Sri Lanka,Shakib Al Hasan,Mohammad Ashraful,KMDN Kulasekara,0,0,,,,,,,,,
378755,2008/09,2009-01-14,Shere Bangla National Stadium,2,6.3,Bangladesh,Sri Lanka,Shakib Al Hasan,Mohammad Ashraful,KMDN Kulasekara,0,0,,,,,,,,,
378755,2008/09,2009-01-14,Shere Bangla National Stadium,2,6.4,Bangladesh,Sri Lanka,Shakib Al Hasan,Mohammad Ashraful,KMDN Kulasekara,2,0,,,,,,,,,
378755,2008/09,2009-01-14,Shere Bangla National Stadium,2,6.5,Bangladesh,Sri Lanka,Shakib Al Hasan,Mohammad Ashraful,KMDN Kulasekara,4,0,,,,,,,,,
378755,2008/09,2009-01-14,Shere Bangla National Stadium,2,6.6,Bangladesh,Sri Lanka,Shakib Al Hasan,Mohammad Ashraful,KMDN Kulasekara,4,0,,,,,,,,,
378755,2008/09,2009-01-14,Shere Bangla National Stadium,2,7.1,Bangladesh,Sri Lanka,Mohammad Ashraful,Shakib Al Hasan,T Thushara,0,0,,,,,,,,,
378755,2008/09,2009-01-14,Shere Bangla National Stadium,2,7.2,Bangladesh,Sri Lanka,Mohammad Ashraful,Shakib Al Hasan,T Thushara,0,4,,,,4,,,,,
378755,2008/09,2009-01-14,Shere Bangla National Stadium,2,7.3,Bangladesh,Sri Lanka,Mohammad Ashraful,Shakib Al Hasan,T Thushara,0,0,,,,,,,,,
378755,2008/09,2009-01-14,Shere Bangla National Stadium,2,7.4,Bangladesh,Sri Lanka,Mohammad Ashraful,Shakib Al Hasan,T Thushara,0,0,,,,,,,,,
378755,2008/09,2009-01-14,Shere Bangla National Stadium,2,7.5,Bangladesh,Sri Lanka,Mohammad Ashraful,Shakib Al Hasan,T Thushara,1,0,,,,,,,,,
378755,2008/09,2009-01-14,Shere Bangla National Stadium,2,7.6,Bangladesh,Sri Lanka,Shakib Al Hasan,Mohammad Ashraful,T Thushara,0,0,,,,,,,,,
378755,2008/09,2009-01-14,Shere Bangla National Stadium,2,8.1,Bangladesh,Sri Lanka,Mohammad Ashraful,Shakib Al Hasan,BAW Mendis,0,0,,,,,,,,,
378755,2008/09,2009-01-14,Shere Bangla National Stadium,2,8.2,Bangladesh,Sri Lanka,Mohammad Ashraful,Shakib Al Hasan,BAW Mendis,0,0,,,,,,,,,
378755,2008/09,2009-01-14,Shere Bangla National Stadium,2,8.3,Bangladesh,Sri Lanka,Mohammad Ashraful,Shakib Al Hasan,BAW Mendis,1,0,,,,,,,,,
378755,2008/09,2009-01-14,Shere Bangla National Stadium,2,8.4,Bangladesh,Sri Lanka,Shakib Al Hasan,Mohammad Ashraful,BAW Mendis,0,0,,,,,,,,,
378755,2008/09,2009-01-14,Shere Bangla National Stadium,2,8.5,Bangladesh,Sri Lanka,Shakib Al Hasan,Mohammad Ashraful,BAW Mendis,1,0,,,,,,,,,
378755,2008/09,2009-01-14,Shere Bangla National Stadium,2,8.6,Bangladesh,Sri Lanka,Mohammad Ashraful,Shakib Al Hasan,BAW Mendis,0,0,,,,,,,,,
378755,2008/09,2009-01-14,Shere Bangla National Stadium,2,9.1,Bangladesh,Sri Lanka,Shakib Al Hasan,Mohammad Ashraful,AD Mathews,4,0,,,,,,,,,
378755,2008/09,2009-01-14,Shere Bangla National Stadium,2,9.2,Bangladesh,Sri Lanka,Shakib Al Hasan,Mohammad Ashraful,AD Mathews,0,0,,,,,,,,,
378755,2008/09,2009-01-14,Shere Bangla National Stadium,2,9.3,Bangladesh,Sri Lanka,Shakib Al Hasan,Mohammad Ashraful,AD Mathews,0,0,,,,,,,,,
378755,2008/09,2009-01-14,Shere Bangla National Stadium,2,9.4,Bangladesh,Sri Lanka,Shakib Al Hasan,Mohammad Ashraful,AD Mathews,6,0,,,,,,,,,
378755,2008/09,2009-01-14,Shere Bangla National Stadium,2,9.5,Bangladesh,Sri Lanka,Shakib Al Hasan,Mohammad Ashraful,AD Mathews,1,0,,,,,,,,,
378755,2008/09,2009-01-14,Shere Bangla National Stadium,2,9.6,Bangladesh,Sri Lanka,Mohammad Ashraful,Shakib Al Hasan,AD Mathews,1,0,,,,,,,,,
378755,2008/09,2009-01-14,Shere Bangla National Stadium,2,10.1,Bangladesh,Sri Lanka,Mohammad Ashraful,Shakib Al Hasan,BAW Mendis,1,0,,,,,,,,,
378755,2008/09,2009-01-14,Shere Bangla National Stadium,2,10.2,Bangladesh,Sri Lanka,Shakib Al Hasan,Mohammad Ashraful,BAW Mendis,1,0,,,,,,,,,
378755,2008/09,2009-01-14,Shere Bangla National Stadium,2,10.3,Bangladesh,Sri Lanka,Mohammad Ashraful,Shakib Al Hasan,BAW Mendis,0,1,1,,,,,,,,
378755,2008/09,2009-01-14,Shere Bangla National Stadium,2,10.4,Bangladesh,Sri Lanka,Mohammad Ashraful,Shakib Al Hasan,BAW Mendis,0,0,,,,,,,,,
378755,2008/09,2009-01-14,Shere Bangla National Stadium,2,10.5,Bangladesh,Sri Lanka,Mohammad Ashraful,Shakib Al Hasan,BAW Mendis,1,0,,,,,,,,,
378755,2008/09,2009-01-14,Shere Bangla National Stadium,2,10.6,Bangladesh,Sri Lanka,Shakib Al Hasan,Mohammad Ashraful,BAW Mendis,0,0,,,,,,,,,
378755,2008/09,2009-01-14,Shere Bangla National Stadium,2,10.7,Bangladesh,Sri Lanka,Shakib Al Hasan,Mohammad Ashraful,BAW Mendis,0,0,,,,,,,,,
378755,2008/09,2009-01-14,Shere Bangla National Stadium,2,11.1,Bangladesh,Sri Lanka,Mohammad Ashraful,Shakib Al Hasan,M Muralitharan,1,0,,,,,,,,,
378755,2008/09,2009-01-14,Shere Bangla National Stadium,2,11.2,Bangladesh,Sri Lanka,Shakib Al Hasan,Mohammad Ashraful,M Muralitharan,1,0,,,,,,,,,
378755,2008/09,2009-01-14,Shere Bangla National Stadium,2,11.3,Bangladesh,Sri Lanka,Mohammad Ashraful,Shakib Al Hasan,M Muralitharan,1,0,,,,,,,,,
378755,2008/09,2009-01-14,Shere Bangla National Stadium,2,11.4,Bangladesh,Sri Lanka,Shakib Al Hasan,Mohammad Ashraful,M Muralitharan,0,0,,,,,,,,,
378755,2008/09,2009-01-14,Shere Bangla National Stadium,2,11.5,Bangladesh,Sri Lanka,Shakib Al Hasan,Mohammad Ashraful,M Muralitharan,1,0,,,,,,,,,
378755,2008/09,2009-01-14,Shere Bangla National Stadium,2,11.6,Bangladesh,Sri Lanka,Mohammad Ashraful,Shakib Al Hasan,M Muralitharan,1,0,,,,,,,,,
378755,2008/09,2009-01-14,Shere Bangla National Stadium,2,12.1,Bangladesh,Sri Lanka,Mohammad Ashraful,Shakib Al Hasan,BAW Mendis,1,0,,,,,,,,,
378755,2008/09,2009-01-14,Shere Bangla National Stadium,2,12.2,Bangladesh,Sri Lanka,Shakib Al Hasan,Mohammad Ashraful,BAW Mendis,0,0,,,,,,,,,
378755,2008/09,2009-01-14,Shere Bangla National Stadium,2,12.3,Bangladesh,Sri Lanka,Shakib Al Hasan,Mohammad Ashraful,BAW Mendis,0,0,,,,,,,,,
378755,2008/09,2009-01-14,Shere Bangla National Stadium,2,12.4,Bangladesh,Sri Lanka,Shakib Al Hasan,Mohammad Ashraful,BAW Mendis,2,0,,,,,,,,,
378755,2008/09,2009-01-14,Shere Bangla National Stadium,2,12.5,Bangladesh,Sri Lanka,Shakib Al Hasan,Mohammad Ashraful,BAW Mendis,0,0,,,,,,,,,
378755,2008/09,2009-01-14,Shere Bangla National Stadium,2,12.6,Bangladesh,Sri Lanka,Shakib Al Hasan,Mohammad Ashraful,BAW Mendis,1,0,,,,,,,,,
378755,2008/09,2009-01-14,Shere Bangla National Stadium,2,13.1,Bangladesh,Sri Lanka,Shakib Al Hasan,Mohammad Ashraful,M Muralitharan,1,0,,,,,,,,,
378755,2008/09,2009-01-14,Shere Bangla National Stadium,2,13.2,Bangladesh,Sri Lanka,Mohammad Ashraful,Shakib Al Hasan,M Muralitharan,0,1,1,,,,,,,,
378755,2008/09,2009-01-14,Shere Bangla National Stadium,2,13.3,Bangladesh,Sri Lanka,Mohammad Ashraful,Shakib Al Hasan,M Muralitharan,1,0,,,,,,,,,
378755,2008/09,2009-01-14,Shere Bangla National Stadium,2,13.4,Bangladesh,Sri Lanka,Shakib Al Hasan,Mohammad Ashraful,M Muralitharan,0,0,,,,,,,,,
378755,2008/09,2009-01-14,Shere Bangla National Stadium,2,13.5,Bangladesh,Sri Lanka,Shakib Al Hasan,Mohammad Ashraful,M Muralitharan,1,0,,,,,,,,,
378755,2008/09,2009-01-14,Shere Bangla National Stadium,2,13.6,Bangladesh,Sri Lanka,Mohammad Ashraful,Shakib Al Hasan,M Muralitharan,1,0,,,,,,,,,
378755,2008/09,2009-01-14,Shere Bangla National Stadium,2,13.7,Bangladesh,Sri Lanka,Shakib Al Hasan,Mohammad Ashraful,M Muralitharan,0,0,,,,,,,,,
378755,2008/09,2009-01-14,Shere Bangla National Stadium,2,14.1,Bangladesh,Sri Lanka,Mohammad Ashraful,Shakib Al Hasan,BAW Mendis,0,0,,,,,,,,,
378755,2008/09,2009-01-14,Shere Bangla National Stadium,2,14.2,Bangladesh,Sri Lanka,Mohammad Ashraful,Shakib Al Hasan,BAW Mendis,1,0,,,,,,,,,
378755,2008/09,2009-01-14,Shere Bangla National Stadium,2,14.3,Bangladesh,Sri Lanka,Shakib Al Hasan,Mohammad Ashraful,BAW Mendis,1,0,,,,,,,,,
378755,2008/09,2009-01-14,Shere Bangla National Stadium,2,14.4,Bangladesh,Sri Lanka,Mohammad Ashraful,Shakib Al Hasan,BAW Mendis,0,0,,,,,,,,,
378755,2008/09,2009-01-14,Shere Bangla National Stadium,2,14.5,Bangladesh,Sri Lanka,Mohammad Ashraful,Shakib Al Hasan,BAW Mendis,1,0,,,,,,,,,
378755,2008/09,2009-01-14,Shere Bangla National Stadium,2,14.6,Bangladesh,Sri Lanka,Shakib Al Hasan,Mohammad Ashraful,BAW Mendis,1,0,,,,,,,,,
378755,2008/09,2009-01-14,Shere Bangla National Stadium,2,15.1,Bangladesh,Sri Lanka,Shakib Al Hasan,Mohammad Ashraful,M Muralitharan,0,0,,,,,,,,,
378755,2008/09,2009-01-14,Shere Bangla National Stadium,2,15.2,Bangladesh,Sri Lanka,Shakib Al Hasan,Mohammad Ashraful,M Muralitharan,1,0,,,,,,,,,
378755,2008/09,2009-01-14,Shere Bangla National Stadium,2,15.3,Bangladesh,Sri Lanka,Mohammad Ashraful,Shakib Al Hasan,M Muralitharan,0,0,,,,,,,,,
378755,2008/09,2009-01-14,Shere Bangla National Stadium,2,15.4,Bangladesh,Sri Lanka,Mohammad Ashraful,Shakib Al Hasan,M Muralitharan,0,0,,,,,,,,,
378755,2008/09,2009-01-14,Shere Bangla National Stadium,2,15.5,Bangladesh,Sri Lanka,Mohammad Ashraful,Shakib Al Hasan,M Muralitharan,1,0,,,,,,,,,
378755,2008/09,2009-01-14,Shere Bangla National Stadium,2,15.6,Bangladesh,Sri Lanka,Shakib Al Hasan,Mohammad Ashraful,M Muralitharan,1,0,,,,,,,,,
378755,2008/09,2009-01-14,Shere Bangla National Stadium,2,16.1,Bangladesh,Sri Lanka,Shakib Al Hasan,Mohammad Ashraful,BAW Mendis,4,0,,,,,,,,,
378755,2008/09,2009-01-14,Shere Bangla National Stadium,2,16.2,Bangladesh,Sri Lanka,Shakib Al Hasan,Mohammad Ashraful,BAW Mendis,1,0,,,,,,,,,
378755,2008/09,2009-01-14,Shere Bangla National Stadium,2,16.3,Bangladesh,Sri Lanka,Mohammad Ashraful,Shakib Al Hasan,BAW Mendis,0,0,,,,,,,,,
378755,2008/09,2009-01-14,Shere Bangla National Stadium,2,16.4,Bangladesh,Sri Lanka,Mohammad Ashraful,Shakib Al Hasan,BAW Mendis,1,0,,,,,,,,,
378755,2008/09,2009-01-14,Shere Bangla National Stadium,2,16.5,Bangladesh,Sri Lanka,Shakib Al Hasan,Mohammad Ashraful,BAW Mendis,1,0,,,,,,,,,
378755,2008/09,2009-01-14,Shere Bangla National Stadium,2,16.6,Bangladesh,Sri Lanka,Mohammad Ashraful,Shakib Al Hasan,BAW Mendis,1,0,,,,,,,,,
378755,2008/09,2009-01-14,Shere Bangla National Stadium,2,17.1,Bangladesh,Sri Lanka,Mohammad Ashraful,Shakib Al Hasan,M Muralitharan,4,0,,,,,,,,,
378755,2008/09,2009-01-14,Shere Bangla National Stadium,2,17.2,Bangladesh,Sri Lanka,Mohammad Ashraful,Shakib Al Hasan,M Muralitharan,0,0,,,,,,,,,
378755,2008/09,2009-01-14,Shere Bangla National Stadium,2,17.3,Bangladesh,Sri Lanka,Mohammad Ashraful,Shakib Al Hasan,M Muralitharan,1,0,,,,,,,,,
378755,2008/09,2009-01-14,Shere Bangla National Stadium,2,17.4,Bangladesh,Sri Lanka,Shakib Al Hasan,Mohammad Ashraful,M Muralitharan,0,0,,,,,,,,,
378755,2008/09,2009-01-14,Shere Bangla National Stadium,2,17.5,Bangladesh,Sri Lanka,Shakib Al Hasan,Mohammad Ashraful,M Muralitharan,1,0,,,,,,,,,
378755,2008/09,2009-01-14,Shere Bangla National Stadium,2,17.6,Bangladesh,Sri Lanka,Mohammad Ashraful,Shakib Al Hasan,M Muralitharan,2,0,,,,,,,,,
378755,2008/09,2009-01-14,Shere Bangla National Stadium,2,18.1,Bangladesh,Sri Lanka,Shakib Al Hasan,Mohammad Ashraful,KMDN Kulasekara,0,1,1,,,,,,,,
378755,2008/09,2009-01-14,Shere Bangla National Stadium,2,18.2,Bangladesh,Sri Lanka,Shakib Al Hasan,Mohammad Ashraful,KMDN Kulasekara,1,0,,,,,,,,,
378755,2008/09,2009-01-14,Shere Bangla National Stadium,2,18.3,Bangladesh,Sri Lanka,Mohammad Ashraful,Shakib Al Hasan,KMDN Kulasekara,0,0,,,,,,,,,
378755,2008/09,2009-01-14,Shere Bangla National Stadium,2,18.4,Bangladesh,Sri Lanka,Mohammad Ashraful,Shakib Al Hasan,KMDN Kulasekara,0,0,,,,,,,,,
378755,2008/09,2009-01-14,Shere Bangla National Stadium,2,18.5,Bangladesh,Sri Lanka,Mohammad Ashraful,Shakib Al Hasan,KMDN Kulasekara,0,0,,,,,,,,,
378755,2008/09,2009-01-14,Shere Bangla National Stadium,2,18.6,Bangladesh,Sri Lanka,Mohammad Ashraful,Shakib Al Hasan,KMDN Kulasekara,0,0,,,,,,caught,Mohammad Ashraful,,
378755,2008/09,2009-01-14,Shere Bangla National Stadium,2,18.7,Bangladesh,Sri Lanka,Shakib Al Hasan,Raqibul Hasan,KMDN Kulasekara,1,0,,,,,,,,,
378755,2008/09,2009-01-14,Shere Bangla National Stadium,2,19.1,Bangladesh,Sri Lanka,Shakib Al Hasan,Raqibul Hasan,M Muralitharan,2,0,,,,,,,,,
378755,2008/09,2009-01-14,Shere Bangla National Stadium,2,19.2,Bangladesh,Sri Lanka,Shakib Al Hasan,Raqibul Hasan,M Muralitharan,1,0,,,,,,,,,
378755,2008/09,2009-01-14,Shere Bangla National Stadium,2,19.3,Bangladesh,Sri Lanka,Raqibul Hasan,Shakib Al Hasan,M Muralitharan,1,0,,,,,,,,,
378755,2008/09,2009-01-14,Shere Bangla National Stadium,2,19.4,Bangladesh,Sri Lanka,Shakib Al Hasan,Raqibul Hasan,M Muralitharan,3,0,,,,,,,,,
378755,2008/09,2009-01-14,Shere Bangla National Stadium,2,19.5,Bangladesh,Sri Lanka,Raqibul Hasan,Shakib Al Hasan,M Muralitharan,1,0,,,,,,,,,
378755,2008/09,2009-01-14,Shere Bangla National Stadium,2,19.6,Bangladesh,Sri Lanka,Shakib Al Hasan,Raqibul Hasan,M Muralitharan,1,0,,,,,,,,,
378755,2008/09,2009-01-14,Shere Bangla National Stadium,2,20.1,Bangladesh,Sri Lanka,Shakib Al Hasan,Raqibul Hasan,KMDN Kulasekara,4,0,,,,,,,,,
378755,2008/09,2009-01-14,Shere Bangla National Stadium,2,20.2,Bangladesh,Sri Lanka,Shakib Al Hasan,Raqibul Hasan,KMDN Kulasekara,0,0,,,,,,,,,
378755,2008/09,2009-01-14,Shere Bangla National Stadium,2,20.3,Bangladesh,Sri Lanka,Shakib Al Hasan,Raqibul Hasan,KMDN Kulasekara,6,0,,,,,,,,,
378755,2008/09,2009-01-14,Shere Bangla National Stadium,2,20.4,Bangladesh,Sri Lanka,Shakib Al Hasan,Raqibul Hasan,KMDN Kulasekara,2,0,,,,,,,,,
378755,2008/09,2009-01-14,Shere Bangla National Stadium,2,20.5,Bangladesh,Sri Lanka,Shakib Al Hasan,Raqibul Hasan,KMDN Kulasekara,1,0,,,,,,,,,
378755,2008/09,2009-01-14,Shere Bangla National Stadium,2,20.6,Bangladesh,Sri Lanka,Raqibul Hasan,Shakib Al Hasan,KMDN Kulasekara,1,0,,,,,,,,,
378755,2008/09,2009-01-14,Shere Bangla National Stadium,2,21.1,Bangladesh,Sri Lanka,Raqibul Hasan,Shakib Al Hasan,BAW Mendis,0,0,,,,,,,,,
378755,2008/09,2009-01-14,Shere Bangla National Stadium,2,21.2,Bangladesh,Sri Lanka,Raqibul Hasan,Shakib Al Hasan,BAW Mendis,0,0,,,,,,,,,
378755,2008/09,2009-01-14,Shere Bangla National Stadium,2,21.3,Bangladesh,Sri Lanka,Raqibul Hasan,Shakib Al Hasan,BAW Mendis,0,0,,,,,,caught,Raqibul Hasan,,
378755,2008/09,2009-01-14,Shere Bangla National Stadium,2,21.4,Bangladesh,Sri Lanka,Shakib Al Hasan,Naeem Islam,BAW Mendis,1,0,,,,,,,,,
378755,2008/09,2009-01-14,Shere Bangla National Stadium,2,21.5,Bangladesh,Sri Lanka,Naeem Islam,Shakib Al Hasan,BAW Mendis,0,0,,,,,,,,,
378755,2008/09,2009-01-14,Shere Bangla National Stadium,2,21.6,Bangladesh,Sri Lanka,Naeem Islam,Shakib Al Hasan,BAW Mendis,0,0,,,,,,,,,
378755,2008/09,2009-01-14,Shere Bangla National Stadium,2,22.1,Bangladesh,Sri Lanka,Shakib Al Hasan,Naeem Islam,M Muralitharan,4,0,,,,,,,,,
378755,2008/09,2009-01-14,Shere Bangla National Stadium,2,22.2,Bangladesh,Sri Lanka,Shakib Al Hasan,Naeem Islam,M Muralitharan,0,0,,,,,,,,,
378755,2008/09,2009-01-14,Shere Bangla National Stadium,2,22.3,Bangladesh,Sri Lanka,Shakib Al Hasan,Naeem Islam,M Muralitharan,1,0,,,,,,,,,
378755,2008/09,2009-01-14,Shere Bangla National Stadium,2,22.4,Bangladesh,Sri Lanka,Naeem Islam,Shakib Al Hasan,M Muralitharan,1,0,,,,,,,,,
378755,2008/09,2009-01-14,Shere Bangla National Stadium,2,22.5,Bangladesh,Sri Lanka,Shakib Al Hasan,Naeem Islam,M Muralitharan,4,0,,,,,,,,,
378755,2008/09,2009-01-14,Shere Bangla National Stadium,2,22.6,Bangladesh,Sri Lanka,Shakib Al Hasan,Naeem Islam,M Muralitharan,0,0,,,,,,,,,
378755,2008/09,2009-01-14,Shere Bangla National Stadium,2,23.1,Bangladesh,Sri Lanka,Naeem Islam,Shakib Al Hasan,BAW Mendis,1,0,,,,,,,,,
378755,2008/09,2009-01-14,Shere Bangla National Stadium,2,23.2,Bangladesh,Sri Lanka,Shakib Al Hasan,Naeem Islam,BAW Mendis,2,0,,,,,,,,,
378755,2008/09,2009-01-14,Shere Bangla National Stadium,2,23.3,Bangladesh,Sri Lanka,Shakib Al Hasan,Naeem Islam,BAW Mendis,1,0,,,,,,,,,
378755,2008/09,2009-01-14,Shere Bangla National Stadium,2,23.4,Bangladesh,Sri Lanka,Naeem Islam,Shakib Al Hasan,BAW Mendis,4,0,,,,,,,,,
378755,2008/09,2009-01-14,Shere Bangla National Stadium,2,23.5,Bangladesh,Sri Lanka,Naeem Islam,Shakib Al Hasan,BAW Mendis,6,0,,,,,,,,,
