match_id,season,start_date,venue,innings,ball,batting_team,bowling_team,striker,non_striker,bowler,runs_off_bat,extras,wides,noballs,byes,legbyes,penalty,wicket_type,player_dismissed,other_wicket_type,other_player_dismissed
380716,2009,2009-05-26,Edgbaston,1,0.1,England,West Indies,AJ Strauss,RS Bopara,JE Taylor,0,0,,,,,,,,,
380716,2009,2009-05-26,Edgbaston,1,0.2,England,West Indies,AJ Strauss,RS Bopara,JE Taylor,0,0,,,,,,,,,
380716,2009,2009-05-26,Edgbaston,1,0.3,England,West Indies,AJ Strauss,RS Bopara,JE Taylor,0,0,,,,,,,,,
380716,2009,2009-05-26,Edgbaston,1,0.4,England,West Indies,AJ Strauss,RS Bopara,JE Taylor,0,0,,,,,,,,,
380716,2009,2009-05-26,Edgbaston,1,0.5,England,West Indies,AJ Strauss,RS Bopara,JE Taylor,0,0,,,,,,,,,
380716,2009,2009-05-26,Edgbaston,1,0.6,England,West Indies,AJ Strauss,RS Bopara,JE Taylor,0,0,,,,,,,,,
380716,2009,2009-05-26,Edgbaston,1,1.1,England,West Indies,RS Bopara,AJ Strauss,R Rampaul,0,5,5,,,,,,,,
380716,2009,2009-05-26,Edgbaston,1,1.2,England,West Indies,RS Bopara,AJ Strauss,R Rampaul,0,0,,,,,,,,,
380716,2009,2009-05-26,Edgbaston,1,1.3,England,West Indies,RS Bopara,AJ Strauss,R Rampaul,0,0,,,,,,,,,
380716,2009,2009-05-26,Edgbaston,1,1.4,England,West Indies,RS Bopara,AJ Strauss,R Rampaul,4,0,,,,,,,,,
380716,2009,2009-05-26,Edgbaston,1,1.5,England,West Indies,RS Bopara,AJ Strauss,R Rampaul,0,0,,,,,,,,,
380716,2009,2009-05-26,Edgbaston,1,1.6,England,West Indies,RS Bopara,AJ Strauss,R Rampaul,1,0,,,,,,,,,
380716,2009,2009-05-26,Edgbaston,1,1.7,England,West Indies,AJ Strauss,RS Bopara,R Rampaul,1,0,,,,,,,,,
380716,2009,2009-05-26,Edgbaston,1,2.1,England,West Indies,AJ Strauss,RS Bopara,JE Taylor,0,0,,,,,,,,,
380716,2009,2009-05-26,Edgbaston,1,2.2,England,West Indies,AJ Strauss,RS Bopara,JE Taylor,0,0,,,,,,,,,
380716,2009,2009-05-26,Edgbaston,1,2.3,England,West Indies,AJ Strauss,RS Bopara,JE Taylor,1,0,,,,,,,,,
380716,2009,2009-05-26,Edgbaston,1,2.4,England,West Indies,RS Bopara,AJ Strauss,JE Taylor,3,0,,,,,,,,,
380716,2009,2009-05-26,Edgbaston,1,2.5,England,West Indies,AJ Strauss,RS Bopara,JE Taylor,1,0,,,,,,,,,
380716,2009,2009-05-26,Edgbaston,1,2.6,England,West Indies,RS Bopara,AJ Strauss,JE Taylor,0,0,,,,,,,,,
380716,2009,2009-05-26,Edgbaston,1,3.1,England,West Indies,AJ Strauss,RS Bopara,R Rampaul,0,0,,,,,,,,,
380716,2009,2009-05-26,Edgbaston,1,3.2,England,West Indies,AJ Strauss,RS Bopara,R Rampaul,1,0,,,,,,,,,
380716,2009,2009-05-26,Edgbaston,1,3.3,England,West Indies,RS Bopara,AJ Strauss,R Rampaul,0,0,,,,,,,,,
380716,2009,2009-05-26,Edgbaston,1,3.4,England,West Indies,RS Bopara,AJ Strauss,R Rampaul,0,0,,,,,,,,,
380716,2009,2009-05-26,Edgbaston,1,3.5,England,West Indies,RS Bopara,AJ Strauss,R Rampaul,0,0,,,,,,,,,
380716,2009,2009-05-26,Edgbaston,1,3.6,England,West Indies,RS Bopara,AJ Strauss,R Rampaul,0,0,,,,,,,,,
380716,2009,2009-05-26,Edgbaston,1,4.1,England,West Indies,AJ Strauss,RS Bopara,JE Taylor,0,0,,,,,,,,,
380716,2009,2009-05-26,Edgbaston,1,4.2,England,West Indies,AJ Strauss,RS Bopara,JE Taylor,0,0,,,,,,,,,
380716,2009,2009-05-26,Edgbaston,1,4.3,England,West Indies,AJ Strauss,RS Bopara,JE Taylor,1,0,,,,,,,,,
380716,2009,2009-05-26,Edgbaston,1,4.4,England,West Indies,RS Bopara,AJ Strauss,JE Taylor,0,0,,,,,,,,,
380716,2009,2009-05-26,Edgbaston,1,4.5,England,West Indies,RS Bopara,AJ Strauss,JE Taylor,1,0,,,,,,,,,
380716,2009,2009-05-26,Edgbaston,1,4.6,England,West Indies,AJ Strauss,RS Bopara,JE Taylor,0,0,,,,,,,,,
380716,2009,2009-05-26,Edgbaston,1,5.1,England,West Indies,RS Bopara,AJ Strauss,R Rampaul,2,0,,,,,,,,,
380716,2009,2009-05-26,Edgbaston,1,5.2,England,West Indies,RS Bopara,AJ Strauss,R Rampaul,4,0,,,,,,,,,
380716,2009,2009-05-26,Edgbaston,1,5.3,England,West Indies,RS Bopara,AJ Strauss,R Rampaul,0,0,,,,,,,,,
380716,2009,2009-05-26,Edgbaston,1,5.4,England,West Indies,RS Bopara,AJ Strauss,R Rampaul,0,0,,,,,,,,,
380716,2009,2009-05-26,Edgbaston,1,5.5,England,West Indies,RS Bopara,AJ Strauss,R Rampaul,0,0,,,,,,,,,
380716,2009,2009-05-26,Edgbaston,1,5.6,England,West Indies,RS Bopara,AJ Strauss,R Rampaul,0,0,,,,,,,,,
380716,2009,2009-05-26,Edgbaston,1,6.1,England,West Indies,AJ Strauss,RS Bopara,JE Taylor,0,1,1,,,,,,,,
380716,2009,2009-05-26,Edgbaston,1,6.2,England,West Indies,AJ Strauss,RS Bopara,JE Taylor,1,0,,,,,,,,,
380716,2009,2009-05-26,Edgbaston,1,6.3,England,West Indies,RS Bopara,AJ Strauss,JE Taylor,0,0,,,,,,,,,
380716,2009,2009-05-26,Edgbaston,1,6.4,England,West Indies,RS Bopara,AJ Strauss,JE Taylor,0,1,,,,1,,,,,
380716,2009,2009-05-26,Edgbaston,1,6.5,England,West Indies,AJ Strauss,RS Bopara,JE Taylor,1,0,,,,,,,,,
380716,2009,2009-05-26,Edgbaston,1,6.6,England,West Indies,RS Bopara,AJ Strauss,JE Taylor,0,0,,,,,,,,,
380716,2009,2009-05-26,Edgbaston,1,6.7,England,West Indies,RS Bopara,AJ Strauss,JE Taylor,1,0,,,,,,,,,
380716,2009,2009-05-26,Edgbaston,1,7.1,England,West Indies,RS Bopara,AJ Strauss,R Rampaul,0,0,,,,,,,,,
380716,2009,2009-05-26,Edgbaston,1,7.2,England,West Indies,RS Bopara,AJ Strauss,R Rampaul,0,0,,,,,,,,,
380716,2009,2009-05-26,Edgbaston,1,7.3,England,West Indies,RS Bopara,AJ Strauss,R Rampaul,3,0,,,,,,,,,
380716,2009,2009-05-26,Edgbaston,1,7.4,England,West Indies,AJ Strauss,RS Bopara,R Rampaul,0,0,,,,,,,,,
380716,2009,2009-05-26,Edgbaston,1,7.5,England,West Indies,AJ Strauss,RS Bopara,R Rampaul,4,0,,,,,,,,,
380716,2009,2009-05-26,Edgbaston,1,7.6,England,West Indies,AJ Strauss,RS Bopara,R Rampaul,4,0,,,,,,,,,
380716,2009,2009-05-26,Edgbaston,1,8.1,England,West Indies,RS Bopara,AJ Strauss,JE Taylor,0,1,,1,,,,,,,
380716,2009,2009-05-26,Edgbaston,1,8.2,England,West Indies,RS Bopara,AJ Strauss,JE Taylor,0,0,,,,,,,,,
380716,2009,2009-05-26,Edgbaston,1,8.3,England,West Indies,RS Bopara,AJ Strauss,JE Taylor,1,0,,,,,,,,,
380716,2009,2009-05-26,Edgbaston,1,8.4,England,West Indies,AJ Strauss,RS Bopara,JE Taylor,1,0,,,,,,,,,
380716,2009,2009-05-26,Edgbaston,1,8.5,England,West Indies,RS Bopara,AJ Strauss,JE Taylor,0,0,,,,,,,,,
380716,2009,2009-05-26,Edgbaston,1,8.6,England,West Indies,RS Bopara,AJ Strauss,JE Taylor,0,0,,,,,,,,,
380716,2009,2009-05-26,Edgbaston,1,8.7,England,West Indies,RS Bopara,AJ Strauss,JE Taylor,4,0,,,,,,,,,
380716,2009,2009-05-26,Edgbaston,1,9.1,England,West Indies,AJ Strauss,RS Bopara,FH Edwards,0,0,,,,,,,,,
380716,2009,2009-05-26,Edgbaston,1,9.2,England,West Indies,AJ Strauss,RS Bopara,FH Edwards,0,0,,,,,,,,,
380716,2009,2009-05-26,Edgbaston,1,9.3,England,West Indies,AJ Strauss,RS Bopara,FH Edwards,0,0,,,,,,,,,
380716,2009,2009-05-26,Edgbaston,1,9.4,England,West Indies,AJ Strauss,RS Bopara,FH Edwards,0,0,,,,,,,,,
380716,2009,2009-05-26,Edgbaston,1,9.5,England,West Indies,AJ Strauss,RS Bopara,FH Edwards,2,0,,,,,,,,,
380716,2009,2009-05-26,Edgbaston,1,9.6,England,West Indies,AJ Strauss,RS Bopara,FH Edwards,0,0,,,,,,,,,
380716,2009,2009-05-26,Edgbaston,1,10.1,England,West Indies,RS Bopara,AJ Strauss,JE Taylor,0,0,,,,,,,,,
380716,2009,2009-05-26,Edgbaston,1,10.2,England,West Indies,RS Bopara,AJ Strauss,JE Taylor,0,0,,,,,,,,,
380716,2009,2009-05-26,Edgbaston,1,10.3,England,West Indies,RS Bopara,AJ Strauss,JE Taylor,0,0,,,,,,,,,
380716,2009,2009-05-26,Edgbaston,1,10.4,England,West Indies,RS Bopara,AJ Strauss,JE Taylor,1,0,,,,,,,,,
380716,2009,2009-05-26,Edgbaston,1,10.5,England,West Indies,AJ Strauss,RS Bopara,JE Taylor,1,0,,,,,,,,,
380716,2009,2009-05-26,Edgbaston,1,10.6,England,West Indies,RS Bopara,AJ Strauss,JE Taylor,1,0,,,,,,,,,
380716,2009,2009-05-26,Edgbaston,1,11.1,England,West Indies,RS Bopara,AJ Strauss,FH Edwards,4,0,,,,,,,,,
380716,2009,2009-05-26,Edgbaston,1,11.2,England,West Indies,RS Bopara,AJ Strauss,FH Edwards,0,0,,,,,,,,,
380716,2009,2009-05-26,Edgbaston,1,11.3,England,West Indies,RS Bopara,AJ Strauss,FH Edwards,0,0,,,,,,,,,
380716,2009,2009-05-26,Edgbaston,1,11.4,England,West Indies,RS Bopara,AJ Strauss,FH Edwards,1,0,,,,,,,,,
380716,2009,2009-05-26,Edgbaston,1,11.5,England,West Indies,AJ Strauss,RS Bopara,FH Edwards,0,0,,,,,,,,,
380716,2009,2009-05-26,Edgbaston,1,11.6,England,West Indies,AJ Strauss,RS Bopara,FH Edwards,1,0,,,,,,,,,
380716,2009,2009-05-26,Edgbaston,1,12.1,England,West Indies,AJ Strauss,RS Bopara,DJ Bravo,1,0,,,,,,,,,
380716,2009,2009-05-26,Edgbaston,1,12.2,England,West Indies,RS Bopara,AJ Strauss,DJ Bravo,4,0,,,,,,,,,
380716,2009,2009-05-26,Edgbaston,1,12.3,England,West Indies,RS Bopara,AJ Strauss,DJ Bravo,1,0,,,,,,,,,
380716,2009,2009-05-26,Edgbaston,1,12.4,England,West Indies,AJ Strauss,RS Bopara,DJ Bravo,1,0,,,,,,,,,
380716,2009,2009-05-26,Edgbaston,1,12.5,England,West Indies,RS Bopara,AJ Strauss,DJ Bravo,1,0,,,,,,,,,
380716,2009,2009-05-26,Edgbaston,1,12.6,England,West Indies,AJ Strauss,RS Bopara,DJ Bravo,0,0,,,,,,,,,
380716,2009,2009-05-26,Edgbaston,1,13.1,England,West Indies,RS Bopara,AJ Strauss,FH Edwards,4,0,,,,,,,,,
380716,2009,2009-05-26,Edgbaston,1,13.2,England,West Indies,RS Bopara,AJ Strauss,FH Edwards,4,0,,,,,,,,,
380716,2009,2009-05-26,Edgbaston,1,13.3,England,West Indies,RS Bopara,AJ Strauss,FH Edwards,0,0,,,,,,,,,
380716,2009,2009-05-26,Edgbaston,1,13.4,England,West Indies,RS Bopara,AJ Strauss,FH Edwards,0,0,,,,,,,,,
380716,2009,2009-05-26,Edgbaston,1,13.5,England,West Indies,RS Bopara,AJ Strauss,FH Edwards,0,0,,,,,,,,,
380716,2009,2009-05-26,Edgbaston,1,13.6,England,West Indies,RS Bopara,AJ Strauss,FH Edwards,1,0,,,,,,,,,
380716,2009,2009-05-26,Edgbaston,1,14.1,England,West Indies,RS Bopara,AJ Strauss,DJ Bravo,0,0,,,,,,,,,
380716,2009,2009-05-26,Edgbaston,1,14.2,England,West Indies,RS Bopara,AJ Strauss,DJ Bravo,2,0,,,,,,,,,
380716,2009,2009-05-26,Edgbaston,1,14.3,England,West Indies,RS Bopara,AJ Strauss,DJ Bravo,1,0,,,,,,,,,
380716,2009,2009-05-26,Edgbaston,1,14.4,England,West Indies,AJ Strauss,RS Bopara,DJ Bravo,0,1,1,,,,,,,,
380716,2009,2009-05-26,Edgbaston,1,14.5,England,West Indies,AJ Strauss,RS Bopara,DJ Bravo,0,0,,,,,,,,,
380716,2009,2009-05-26,Edgbaston,1,14.6,England,West Indies,AJ Strauss,RS Bopara,DJ Bravo,1,0,,,,,,,,,
380716,2009,2009-05-26,Edgbaston,1,14.7,England,West Indies,RS Bopara,AJ Strauss,DJ Bravo,0,0,,,,,,bowled,RS Bopara,,
380716,2009,2009-05-26,Edgbaston,1,15.1,England,West Indies,AJ Strauss,MJ Prior,FH Edwards,0,0,,,,,,,,,
380716,2009,2009-05-26,Edgbaston,1,15.2,England,West Indies,AJ Strauss,MJ Prior,FH Edwards,1,0,,,,,,,,,
380716,2009,2009-05-26,Edgbaston,1,15.3,England,West Indies,MJ Prior,AJ Strauss,FH Edwards,0,0,,,,,,,,,
380716,2009,2009-05-26,Edgbaston,1,15.4,England,West Indies,MJ Prior,AJ Strauss,FH Edwards,0,0,,,,,,,,,
380716,2009,2009-05-26,Edgbaston,1,15.5,England,West Indies,MJ Prior,AJ Strauss,FH Edwards,4,0,,,,,,,,,
380716,2009,2009-05-26,Edgbaston,1,15.6,England,West Indies,MJ Prior,AJ Strauss,FH Edwards,2,0,,,,,,,,,
380716,2009,2009-05-26,Edgbaston,1,16.1,England,West Indies,AJ Strauss,MJ Prior,DJ Bravo,0,0,,,,,,,,,
380716,2009,2009-05-26,Edgbaston,1,16.2,England,West Indies,AJ Strauss,MJ Prior,DJ Bravo,0,0,,,,,,,,,
380716,2009,2009-05-26,Edgbaston,1,16.3,England,West Indies,AJ Strauss,MJ Prior,DJ Bravo,1,0,,,,,,,,,
380716,2009,2009-05-26,Edgbaston,1,16.4,England,West Indies,MJ Prior,AJ Strauss,DJ Bravo,1,0,,,,,,,,,
380716,2009,2009-05-26,Edgbaston,1,16.5,England,West Indies,AJ Strauss,MJ Prior,DJ Bravo,2,0,,,,,,,,,
380716,2009,2009-05-26,Edgbaston,1,16.6,England,West Indies,AJ Strauss,MJ Prior,DJ Bravo,1,0,,,,,,,,,
380716,2009,2009-05-26,Edgbaston,1,17.1,England,West Indies,AJ Strauss,MJ Prior,FH Edwards,1,0,,,,,,,,,
380716,2009,2009-05-26,Edgbaston,1,17.2,England,West Indies,MJ Prior,AJ Strauss,FH Edwards,1,0,,,,,,,,,
380716,2009,2009-05-26,Edgbaston,1,17.3,England,West Indies,AJ Strauss,MJ Prior,FH Edwards,1,0,,,,,,,,,
380716,2009,2009-05-26,Edgbaston,1,17.4,England,West Indies,MJ Prior,AJ Strauss,FH Edwards,1,0,,,,,,,,,
380716,2009,2009-05-26,Edgbaston,1,17.5,England,West Indies,AJ Strauss,MJ Prior,FH Edwards,2,0,,,,,,,,,
380716,2009,2009-05-26,Edgbaston,1,17.6,England,West Indies,AJ Strauss,MJ Prior,FH Edwards,0,0,,,,,,,,,
380716,2009,2009-05-26,Edgbaston,1,18.1,England,West Indies,MJ Prior,AJ Strauss,DJ Bravo,0,0,,,,,,,,,
380716,2009,2009-05-26,Edgbaston,1,18.2,England,West Indies,MJ Prior,AJ Strauss,DJ Bravo,0,0,,,,,,,,,
380716,2009,2009-05-26,Edgbaston,1,18.3,England,West Indies,MJ Prior,AJ Strauss,DJ Bravo,0,1,,,1,,,,,,
380716,2009,2009-05-26,Edgbaston,1,18.4,England,West Indies,AJ Strauss,MJ Prior,DJ Bravo,1,0,,,,,,,,,
380716,2009,2009-05-26,Edgbaston,1,18.5,England,West Indies,MJ Prior,AJ Strauss,DJ Bravo,1,0,,,,,,,,,
380716,2009,2009-05-26,Edgbaston,1,18.6,England,West Indies,AJ Strauss,MJ Prior,DJ Bravo,1,0,,,,,,,,,
380716,2009,2009-05-26,Edgbaston,1,19.1,England,West Indies,AJ Strauss,MJ Prior,SJ Benn,1,0,,,,,,,,,
380716,2009,2009-05-26,Edgbaston,1,19.2,England,West Indies,MJ Prior,AJ Strauss,SJ Benn,1,0,,,,,,,,,
380716,2009,2009-05-26,Edgbaston,1,19.3,England,West Indies,AJ Strauss,MJ Prior,SJ Benn,0,0,,,,,,,,,
380716,2009,2009-05-26,Edgbaston,1,19.4,England,West Indies,AJ Strauss,MJ Prior,SJ Benn,4,0,,,,,,,,,
380716,2009,2009-05-26,Edgbaston,1,19.5,England,West Indies,AJ Strauss,MJ Prior,SJ Benn,1,0,,,,,,,,,
380716,2009,2009-05-26,Edgbaston,1,19.6,England,West Indies,MJ Prior,AJ Strauss,SJ Benn,0,0,,,,,,,,,
380716,2009,2009-05-26,Edgbaston,1,20.1,England,West Indies,AJ Strauss,MJ Prior,DJ Bravo,4,0,,,,,,,,,
380716,2009,2009-05-26,Edgbaston,1,20.2,England,West Indies,AJ Strauss,MJ Prior,DJ Bravo,1,0,,,,,,,,,
380716,2009,2009-05-26,Edgbaston,1,20.3,England,West Indies,MJ Prior,AJ Strauss,DJ Bravo,0,0,,,,,,,,,
380716,2009,2009-05-26,Edgbaston,1,20.4,England,West Indies,MJ Prior,AJ Strauss,DJ Bravo,0,0,,,,,,,,,
380716,2009,2009-05-26,Edgbaston,1,20.5,England,West Indies,MJ Prior,AJ Strauss,DJ Bravo,3,0,,,,,,,,,
380716,2009,2009-05-26,Edgbaston,1,20.6,England,West Indies,AJ Strauss,MJ Prior,DJ Bravo,1,0,,,,,,,,,
380716,2009,2009-05-26,Edgbaston,1,21.1,England,West Indies,AJ Strauss,MJ Prior,SJ Benn,0,0,,,,,,,,,
380716,2009,2009-05-26,Edgbaston,1,21.2,England,West Indies,AJ Strauss,MJ Prior,SJ Benn,0,0,,,,,,,,,
380716,2009,2009-05-26,Edgbaston,1,21.3,England,West Indies,AJ Strauss,MJ Prior,SJ Benn,0,0,,,,,,,,,
380716,2009,2009-05-26,Edgbaston,1,21.4,England,West Indies,AJ Strauss,MJ Prior,SJ Benn,0,0,,,,,,,,,
380716,2009,2009-05-26,Edgbaston,1,21.5,England,West Indies,AJ Strauss,MJ Prior,SJ Benn,1,0,,,,,,,,,
380716,2009,2009-05-26,Edgbaston,1,21.6,England,West Indies,MJ Prior,AJ Strauss,SJ Benn,0,0,,,,,,,,,
380716,2009,2009-05-26,Edgbaston,1,22.1,England,West Indies,AJ Strauss,MJ Prior,CH Gayle,1,0,,,,,,,,,
380716,2009,2009-05-26,Edgbaston,1,22.2,England,West Indies,MJ Prior,AJ Strauss,CH Gayle,0,0,,,,,,,,,
380716,2009,2009-05-26,Edgbaston,1,22.3,England,West Indies,MJ Prior,AJ Strauss,CH Gayle,2,0,,,,,,,,,
380716,2009,2009-05-26,Edgbaston,1,22.4,England,West Indies,MJ Prior,AJ Strauss,CH Gayle,0,0,,,,,,,,,
380716,2009,2009-05-26,Edgbaston,1,22.5,England,West Indies,MJ Prior,AJ Strauss,CH Gayle,1,0,,,,,,,,,
380716,2009,2009-05-26,Edgbaston,1,22.6,England,West Indies,AJ Strauss,MJ Prior,CH Gayle,1,0,,,,,,,,,
380716,2009,2009-05-26,Edgbaston,1,23.1,England,West Indies,AJ Strauss,MJ Prior,SJ Benn,3,0,,,,,,,,,
380716,2009,2009-05-26,Edgbaston,1,23.2,England,West Indies,MJ Prior,AJ Strauss,SJ Benn,1,0,,,,,,,,,
380716,2009,2009-05-26,Edgbaston,1,23.3,England,West Indies,AJ Strauss,MJ Prior,SJ Benn,0,0,,,,,,stumped,AJ Strauss,,
380716,2009,2009-05-26,Edgbaston,1,23.4,England,West Indies,OA Shah,MJ Prior,SJ Benn,0,0,,,,,,,,,
380716,2009,2009-05-26,Edgbaston,1,23.5,England,West Indies,OA Shah,MJ Prior,SJ Benn,1,0,,,,,,,,,
380716,2009,2009-05-26,Edgbaston,1,23.6,England,West Indies,MJ Prior,OA Shah,SJ Benn,0,0,,,,,,,,,
380716,2009,2009-05-26,Edgbaston,1,24.1,England,West Indies,OA Shah,MJ Prior,CH Gayle,0,0,,,,,,,,,
380716,2009,2009-05-26,Edgbaston,1,24.2,England,West Indies,OA Shah,MJ Prior,CH Gayle,1,0,,,,,,,,,
380716,2009,2009-05-26,Edgbaston,1,24.3,England,West Indies,MJ Prior,OA Shah,CH Gayle,0,0,,,,,,,,,
380716,2009,2009-05-26,Edgbaston,1,24.4,England,West Indies,MJ Prior,OA Shah,CH Gayle,3,0,,,,,,,,,
380716,2009,2009-05-26,Edgbaston,1,24.5,England,West Indies,OA Shah,MJ Prior,CH Gayle,1,0,,,,,,,,,
380716,2009,2009-05-26,Edgbaston,1,24.6,England,West Indies,MJ Prior,OA Shah,CH Gayle,1,0,,,,,,,,,
380716,2009,2009-05-26,Edgbaston,1,25.1,England,West Indies,MJ Prior,OA Shah,SJ Benn,0,0,,,,,,,,,
380716,2009,2009-05-26,Edgbaston,1,25.2,England,West Indies,MJ Prior,OA Shah,SJ Benn,2,0,,,,,,,,,
380716,2009,2009-05-26,Edgbaston,1,25.3,England,West Indies,MJ Prior,OA Shah,SJ Benn,1,0,,,,,,,,,
380716,2009,2009-05-26,Edgbaston,1,25.4,England,West Indies,OA Shah,MJ Prior,SJ Benn,0,0,,,,,,,,,
380716,2009,2009-05-26,Edgbaston,1,25.5,England,West Indies,OA Shah,MJ Prior,SJ Benn,0,0,,,,,,,,,
380716,2009,2009-05-26,Edgbaston,1,25.6,England,West Indies,OA Shah,MJ Prior,SJ Benn,1,0,,,,,,,,,
380716,2009,2009-05-26,Edgbaston,1,26.1,England,West Indies,OA Shah,MJ Prior,CH Gayle,1,0,,,,,,,,,
380716,2009,2009-05-26,Edgbaston,1,26.2,England,West Indies,MJ Prior,OA Shah,CH Gayle,1,0,,,,,,,,,
380716,2009,2009-05-26,Edgbaston,1,26.3,England,West Indies,OA Shah,MJ Prior,CH Gayle,1,0,,,,,,,,,
380716,2009,2009-05-26,Edgbaston,1,26.4,England,West Indies,MJ Prior,OA Shah,CH Gayle,1,0,,,,,,,,,
380716,2009,2009-05-26,Edgbaston,1,26.5,England,West Indies,OA Shah,MJ Prior,CH Gayle,0,0,,,,,,,,,
380716,2009,2009-05-26,Edgbaston,1,26.6,England,West Indies,OA Shah,MJ Prior,CH Gayle,4,0,,,,,,,,,
380716,2009,2009-05-26,Edgbaston,1,27.1,England,West Indies,MJ Prior,OA Shah,SJ Benn,1,0,,,,,,,,,
380716,2009,2009-05-26,Edgbaston,1,27.2,England,West Indies,OA Shah,MJ Prior,SJ Benn,1,0,,,,,,,,,
380716,2009,2009-05-26,Edgbaston,1,27.3,England,West Indies,MJ Prior,OA Shah,SJ Benn,0,1,,,,1,,,,,
380716,2009,2009-05-26,Edgbaston,1,27.4,England,West Indies,OA Shah,MJ Prior,SJ Benn,0,0,,,,,,,,,
380716,2009,2009-05-26,Edgbaston,1,27.5,England,West Indies,OA Shah,MJ Prior,SJ Benn,2,0,,,,,,,,,
380716,2009,2009-05-26,Edgbaston,1,27.6,England,West Indies,OA Shah,MJ Prior,SJ Benn,0,0,,,,,,,,,
380716,2009,2009-05-26,Edgbaston,1,28.1,England,West Indies,MJ Prior,OA Shah,CH Gayle,1,0,,,,,,,,,
380716,2009,2009-05-26,Edgbaston,1,28.2,England,West Indies,OA Shah,MJ Prior,CH Gayle,1,0,,,,,,,,,
380716,2009,2009-05-26,Edgbaston,1,28.3,England,West Indies,MJ Prior,OA Shah,CH Gayle,1,0,,,,,,,,,
380716,2009,2009-05-26,Edgbaston,1,28.4,England,West Indies,OA Shah,MJ Prior,CH Gayle,1,0,,,,,,,,,
380716,2009,2009-05-26,Edgbaston,1,28.5,England,West Indies,MJ Prior,OA Shah,CH Gayle,0,0,,,,,,,,,
380716,2009,2009-05-26,Edgbaston,1,28.6,England,West Indies,MJ Prior,OA Shah,CH Gayle,1,0,,,,,,,,,
380716,2009,2009-05-26,Edgbaston,1,29.1,England,West Indies,MJ Prior,OA Shah,SJ Benn,2,0,,,,,,,,,
380716,2009,2009-05-26,Edgbaston,1,29.2,England,West Indies,MJ Prior,OA Shah,SJ Benn,0,0,,,,,,,,,
380716,2009,2009-05-26,Edgbaston,1,29.3,England,West Indies,MJ Prior,OA Shah,SJ Benn,1,0,,,,,,,,,
380716,2009,2009-05-26,Edgbaston,1,29.4,England,West Indies,OA Shah,MJ Prior,SJ Benn,1,0,,,,,,,,,
380716,2009,2009-05-26,Edgbaston,1,29.5,England,West Indies,MJ Prior,OA Shah,SJ Benn,1,0,,,,,,,,,
380716,2009,2009-05-26,Edgbaston,1,29.6,England,West Indies,OA Shah,MJ Prior,SJ Benn,1,0,,,,,,,,,
380716,2009,2009-05-26,Edgbaston,1,30.1,England,West Indies,OA Shah,MJ Prior,CH Gayle,1,0,,,,,,,,,
380716,2009,2009-05-26,Edgbaston,1,30.2,England,West Indies,MJ Prior,OA Shah,CH Gayle,1,0,,,,,,,,,
380716,2009,2009-05-26,Edgbaston,1,30.3,England,West Indies,OA Shah,MJ Prior,CH Gayle,0,0,,,,,,,,,
380716,2009,2009-05-26,Edgbaston,1,30.4,England,West Indies,OA Shah,MJ Prior,CH Gayle,1,0,,,,,,,,,
380716,2009,2009-05-26,Edgbaston,1,30.5,England,West Indies,MJ Prior,OA Shah,CH Gayle,3,0,,,,,,,,,
380716,2009,2009-05-26,Edgbaston,1,30.6,England,West Indies,OA Shah,MJ Prior,CH Gayle,1,0,,,,,,,,,
380716,2009,2009-05-26,Edgbaston,1,31.1,England,West Indies,OA Shah,MJ Prior,SJ Benn,1,0,,,,,,,,,
380716,2009,2009-05-26,Edgbaston,1,31.2,England,West Indies,MJ Prior,OA Shah,SJ Benn,1,0,,,,,,,,,
380716,2009,2009-05-26,Edgbaston,1,31.3,England,West Indies,OA Shah,MJ Prior,SJ Benn,1,0,,,,,,,,,
380716,2009,2009-05-26,Edgbaston,1,31.4,England,West Indies,MJ Prior,OA Shah,SJ Benn,1,0,,,,,,,,,
380716,2009,2009-05-26,Edgbaston,1,31.5,England,West Indies,OA Shah,MJ Prior,SJ Benn,1,0,,,,,,,,,
380716,2009,2009-05-26,Edgbaston,1,31.6,England,West Indies,MJ Prior,OA Shah,SJ Benn,4,0,,,,,,,,,
380716,2009,2009-05-26,Edgbaston,1,32.1,England,West Indies,OA Shah,MJ Prior,KA Pollard,1,0,,,,,,,,,
380716,2009,2009-05-26,Edgbaston,1,32.2,England,West Indies,MJ Prior,OA Shah,KA Pollard,1,0,,,,,,,,,
380716,2009,2009-05-26,Edgbaston,1,32.3,England,West Indies,OA Shah,MJ Prior,KA Pollard,0,0,,,,,,,,,
380716,2009,2009-05-26,Edgbaston,1,32.4,England,West Indies,OA Shah,MJ Prior,KA Pollard,0,0,,,,,,,,,
380716,2009,2009-05-26,Edgbaston,1,32.5,England,West Indies,OA Shah,MJ Prior,KA Pollard,0,0,,,,,,,,,
380716,2009,2009-05-26,Edgbaston,1,32.6,England,West Indies,OA Shah,MJ Prior,KA Pollard,1,0,,,,,,,,,
380716,2009,2009-05-26,Edgbaston,1,33.1,England,West Indies,OA Shah,MJ Prior,SJ Benn,1,0,,,,,,,,,
380716,2009,2009-05-26,Edgbaston,1,33.2,England,West Indies,MJ Prior,OA Shah,SJ Benn,0,1,,,1,,,,,,
380716,2009,2009-05-26,Edgbaston,1,33.3,England,West Indies,OA Shah,MJ Prior,SJ Benn,0,0,,,,,,,,,
380716,2009,2009-05-26,Edgbaston,1,33.4,England,West Indies,OA Shah,MJ Prior,SJ Benn,1,0,,,,,,,,,
380716,2009,2009-05-26,Edgbaston,1,33.5,England,West Indies,MJ Prior,OA Shah,SJ Benn,1,0,,,,,,,,,
380716,2009,2009-05-26,Edgbaston,1,33.6,England,West Indies,OA Shah,MJ Prior,SJ Benn,0,0,,,,,,,,,
380716,2009,2009-05-26,Edgbaston,1,34.1,England,West Indies,MJ Prior,OA Shah,KA Pollard,0,0,,,,,,,,,
380716,2009,2009-05-26,Edgbaston,1,34.2,England,West Indies,MJ Prior,OA Shah,KA Pollard,2,0,,,,,,,,,
380716,2009,2009-05-26,Edgbaston,1,34.3,England,West Indies,MJ Prior,OA Shah,KA Pollard,0,0,,,,,,,,,
380716,2009,2009-05-26,Edgbaston,1,34.4,England,West Indies,MJ Prior,OA Shah,KA Pollard,1,0,,,,,,,,,
380716,2009,2009-05-26,Edgbaston,1,34.5,England,West Indies,OA Shah,MJ Prior,KA Pollard,1,0,,,,,,,,,
380716,2009,2009-05-26,Edgbaston,1,34.6,England,West Indies,MJ Prior,OA Shah,KA Pollard,0,0,,,,,,,,,
380716,2009,2009-05-26,Edgbaston,1,35.1,England,West Indies,OA Shah,MJ Prior,SJ Benn,1,0,,,,,,,,,
380716,2009,2009-05-26,Edgbaston,1,35.2,England,West Indies,MJ Prior,OA Shah,SJ Benn,0,0,,,,,,,,,
380716,2009,2009-05-26,Edgbaston,1,35.3,England,West Indies,MJ Prior,OA Shah,SJ Benn,0,0,,,,,,,,,
380716,2009,2009-05-26,Edgbaston,1,35.4,England,West Indies,MJ Prior,OA Shah,SJ Benn,1,0,,,,,,,,,
380716,2009,2009-05-26,Edgbaston,1,35.5,England,West Indies,OA Shah,MJ Prior,SJ Benn,0,0,,,,,,,,,
380716,2009,2009-05-26,Edgbaston,1,35.6,England,West Indies,OA Shah,MJ Prior,SJ Benn,4,0,,,,,,,,,
380716,2009,2009-05-26,Edgbaston,1,36.1,England,West Indies,MJ Prior,OA Shah,KA Pollard,0,0,,,,,,,,,
380716,2009,2009-05-26,Edgbaston,1,36.2,England,West Indies,MJ Prior,OA Shah,KA Pollard,1,0,,,,,,,,,
380716,2009,2009-05-26,Edgbaston,1,36.3,England,West Indies,OA Shah,MJ Prior,KA Pollard,1,0,,,,,,,,,
380716,2009,2009-05-26,Edgbaston,1,36.4,England,West Indies,MJ Prior,OA Shah,KA Pollard,1,0,,,,,,,,,
380716,2009,2009-05-26,Edgbaston,1,36.5,England,West Indies,OA Shah,MJ Prior,KA Pollard,1,0,,,,,,,,,
380716,2009,2009-05-26,Edgbaston,1,36.6,England,West Indies,MJ Prior,OA Shah,KA Pollard,0,0,,,,,,,,,
380716,2009,2009-05-26,Edgbaston,1,37.1,England,West Indies,OA Shah,MJ Prior,FH Edwards,2,0,,,,,,,,,
380716,2009,2009-05-26,Edgbaston,1,37.2,England,West Indies,OA Shah,MJ Prior,FH Edwards,1,0,,,,,,,,,
380716,2009,2009-05-26,Edgbaston,1,37.3,England,West Indies,MJ Prior,OA Shah,FH Edwards,0,1,1,,,,,,,,
380716,2009,2009-05-26,Edgbaston,1,37.4,England,West Indies,MJ Prior,OA Shah,FH Edwards,1,0,,,,,,,,,
380716,2009,2009-05-26,Edgbaston,1,37.5,England,West Indies,OA Shah,MJ Prior,FH Edwards,4,0,,,,,,,,,
380716,2009,2009-05-26,Edgbaston,1,37.6,England,West Indies,OA Shah,MJ Prior,FH Edwards,4,0,,,,,,,,,
380716,2009,2009-05-26,Edgbaston,1,37.7,England,West Indies,OA Shah,MJ Prior,FH Edwards,0,0,,,,,,,,,
380716,2009,2009-05-26,Edgbaston,1,38.1,England,West Indies,MJ Prior,OA Shah,KA Pollard,0,1,1,,,,,,,,
380716,2009,2009-05-26,Edgbaston,1,38.2,England,West Indies,MJ Prior,OA Shah,KA Pollard,4,0,,,,,,,,,
380716,2009,2009-05-26,Edgbaston,1,38.3,England,West Indies,MJ Prior,OA Shah,KA Pollard,2,0,,,,,,,,,
380716,2009,2009-05-26,Edgbaston,1,38.4,England,West Indies,MJ Prior,OA Shah,KA Pollard,0,0,,,,,,,,,
380716,2009,2009-05-26,Edgbaston,1,38.5,England,West Indies,MJ Prior,OA Shah,KA Pollard,1,0,,,,,,,,,
380716,2009,2009-05-26,Edgbaston,1,38.6,England,West Indies,OA Shah,MJ Prior,KA Pollard,1,0,,,,,,,,,
380716,2009,2009-05-26,Edgbaston,1,38.7,England,West Indies,MJ Prior,OA Shah,KA Pollard,2,0,,,,,,,,,
380716,2009,2009-05-26,Edgbaston,1,39.1,England,West Indies,OA Shah,MJ Prior,DJ Bravo,1,0,,,,,,,,,
380716,2009,2009-05-26,Edgbaston,1,39.2,England,West Indies,MJ Prior,OA Shah,DJ Bravo,0,0,,,,,,,,,
380716,2009,2009-05-26,Edgbaston,1,39.3,England,West Indies,MJ Prior,OA Shah,DJ Bravo,1,0,,,,,,,,,
380716,2009,2009-05-26,Edgbaston,1,39.4,England,West Indies,OA Shah,MJ Prior,DJ Bravo,6,0,,,,,,,,,
380716,2009,2009-05-26,Edgbaston,1,39.5,England,West Indies,OA Shah,MJ Prior,DJ Bravo,1,0,,,,,,,,,
380716,2009,2009-05-26,Edgbaston,1,39.6,England,West Indies,MJ Prior,OA Shah,DJ Bravo,4,0,,,,,,,,,
380716,2009,2009-05-26,Edgbaston,1,40.1,England,West Indies,OA Shah,MJ Prior,KA Pollard,1,0,,,,,,,,,
380716,2009,2009-05-26,Edgbaston,1,40.2,England,West Indies,MJ Prior,OA Shah,KA Pollard,2,0,,,,,,,,,
380716,2009,2009-05-26,Edgbaston,1,40.3,England,West Indies,MJ Prior,OA Shah,KA Pollard,4,0,,,,,,,,,
380716,2009,2009-05-26,Edgbaston,1,40.4,England,West Indies,MJ Prior,OA Shah,KA Pollard,1,0,,,,,,,,,
380716,2009,2009-05-26,Edgbaston,1,40.5,England,West Indies,OA Shah,MJ Prior,KA Pollard,2,0,,,,,,,,,
380716,2009,2009-05-26,Edgbaston,1,40.6,England,West Indies,OA Shah,MJ Prior,KA Pollard,1,0,,,,,,,,,
380716,2009,2009-05-26,Edgbaston,1,41.1,England,West Indies,OA Shah,MJ Prior,SJ Benn,1,0,,,,,,,,,
380716,2009,2009-05-26,Edgbaston,1,41.2,England,West Indies,MJ Prior,OA Shah,SJ Benn,1,0,,,,,,,,,
380716,2009,2009-05-26,Edgbaston,1,41.3,England,West Indies,OA Shah,MJ Prior,SJ Benn,2,0,,,,,,,,,
380716,2009,2009-05-26,Edgbaston,1,41.4,England,West Indies,OA Shah,MJ Prior,SJ Benn,1,0,,,,,,,,,
380716,2009,2009-05-26,Edgbaston,1,41.5,England,West Indies,MJ Prior,OA Shah,SJ Benn,0,1,,,,1,,,,,
380716,2009,2009-05-26,Edgbaston,1,41.6,England,West Indies,OA Shah,MJ Prior,SJ Benn,1,0,,,,,,,,,
380716,2009,2009-05-26,Edgbaston,1,42.1,England,West Indies,OA Shah,MJ Prior,KA Pollard,0,0,,,,,,,,,
380716,2009,2009-05-26,Edgbaston,1,42.2,England,West Indies,OA Shah,MJ Prior,KA Pollard,1,0,,,,,,,,,
380716,2009,2009-05-26,Edgbaston,1,42.3,England,West Indies,MJ Prior,OA Shah,KA Pollard,1,0,,,,,,,,,
380716,2009,2009-05-26,Edgbaston,1,42.4,England,West Indies,OA Shah,MJ Prior,KA Pollard,2,0,,,,,,,,,
380716,2009,2009-05-26,Edgbaston,1,42.5,England,West Indies,OA Shah,MJ Prior,KA Pollard,1,0,,,,,,,,,
380716,2009,2009-05-26,Edgbaston,1,42.6,England,West Indies,MJ Prior,OA Shah,KA Pollard,1,0,,,,,,,,,
380716,2009,2009-05-26,Edgbaston,1,43.1,England,West Indies,MJ Prior,OA Shah,JE Taylor,1,0,,,,,,,,,
380716,2009,2009-05-26,Edgbaston,1,43.2,England,West Indies,OA Shah,MJ Prior,JE Taylor,1,0,,,,,,,,,
380716,2009,2009-05-26,Edgbaston,1,43.3,England,West Indies,MJ Prior,OA Shah,JE Taylor,0,4,,,,4,,,,,
380716,2009,2009-05-26,Edgbaston,1,43.4,England,West Indies,MJ Prior,OA Shah,JE Taylor,2,0,,,,,,,,,
380716,2009,2009-05-26,Edgbaston,1,43.5,England,West Indies,MJ Prior,OA Shah,JE Taylor,1,1,,1,,,,,,,
380716,2009,2009-05-26,Edgbaston,1,43.6,England,West Indies,OA Shah,MJ Prior,JE Taylor,6,0,,,,,,,,,
380716,2009,2009-05-26,Edgbaston,1,43.7,England,West Indies,OA Shah,MJ Prior,JE Taylor,0,0,,,,,,caught,OA Shah,,
380716,2009,2009-05-26,Edgbaston,1,44.1,England,West Indies,MJ Prior,AD Mascarenhas,KA Pollard,1,0,,,,,,,,,
380716,2009,2009-05-26,Edgbaston,1,44.2,England,West Indies,AD Mascarenhas,MJ Prior,KA Pollard,0,0,,,,,,caught and bowled,AD Mascarenhas,,
380716,2009,2009-05-26,Edgbaston,1,44.3,England,West Indies,PD Collingwood,MJ Prior,KA Pollard,1,0,,,,,,,,,
380716,2009,2009-05-26,Edgbaston,1,44.4,England,West Indies,MJ Prior,PD Collingwood,KA Pollard,0,0,,,,,,,,,
380716,2009,2009-05-26,Edgbaston,1,44.5,England,West Indies,MJ Prior,PD Collingwood,KA Pollard,1,0,,,,,,,,,
380716,2009,2009-05-26,Edgbaston,1,44.6,England,West Indies,PD Collingwood,MJ Prior,KA Pollard,4,0,,,,,,,,,
380716,2009,2009-05-26,Edgbaston,1,45.1,England,West Indies,MJ Prior,PD Collingwood,JE Taylor,3,0,,,,,,,,,
380716,2009,2009-05-26,Edgbaston,1,45.2,England,West Indies,PD Collingwood,MJ Prior,JE Taylor,1,0,,,,,,,,,
380716,2009,2009-05-26,Edgbaston,1,45.3,England,West Indies,MJ Prior,PD Collingwood,JE Taylor,0,0,,,,,,bowled,MJ Prior,,
380716,2009,2009-05-26,Edgbaston,1,45.4,England,West Indies,EJG Morgan,PD Collingwood,JE Taylor,1,0,,,,,,,,,
380716,2009,2009-05-26,Edgbaston,1,45.5,England,West Indies,PD Collingwood,EJG Morgan,JE Taylor,0,0,,,,,,,,,
380716,2009,2009-05-26,Edgbaston,1,45.6,England,West Indies,PD Collingwood,EJG Morgan,JE Taylor,1,0,,,,,,,,,
380716,2009,2009-05-26,Edgbaston,1,46.1,England,West Indies,PD Collingwood,EJG Morgan,KA Pollard,0,0,,,,,,,,,
380716,2009,2009-05-26,Edgbaston,1,46.2,England,West Indies,PD Collingwood,EJG Morgan,KA Pollard,2,0,,,,,,,,,
380716,2009,2009-05-26,Edgbaston,1,46.3,England,West Indies,PD Collingwood,EJG Morgan,KA Pollard,1,0,,,,,,,,,
380716,2009,2009-05-26,Edgbaston,1,46.4,England,West Indies,EJG Morgan,PD Collingwood,KA Pollard,1,0,,,,,,,,,
380716,2009,2009-05-26,Edgbaston,1,46.5,England,West Indies,PD Collingwood,EJG Morgan,KA Pollard,2,0,,,,,,,,,
380716,2009,2009-05-26,Edgbaston,1,46.6,England,West Indies,PD Collingwood,EJG Morgan,KA Pollard,1,0,,,,,,,,,
380716,2009,2009-05-26,Edgbaston,1,47.1,England,West Indies,PD Collingwood,EJG Morgan,JE Taylor,4,0,,,,,,,,,
380716,2009,2009-05-26,Edgbaston,1,47.2,England,West Indies,PD Collingwood,EJG Morgan,JE Taylor,6,0,,,,,,,,,
380716,2009,2009-05-26,Edgbaston,1,47.3,England,West Indies,PD Collingwood,EJG Morgan,JE Taylor,0,0,,,,,,,,,
380716,2009,2009-05-26,Edgbaston,1,47.4,England,West Indies,PD Collingwood,EJG Morgan,JE Taylor,0,0,,,,,,bowled,PD Collingwood,,
380716,2009,2009-05-26,Edgbaston,1,47.5,England,West Indies,TT Bresnan,EJG Morgan,JE Taylor,0,0,,,,,,,,,
380716,2009,2009-05-26,Edgbaston,1,47.6,England,West Indies,TT Bresnan,EJG Morgan,JE Taylor,1,0,,,,,,,,,
380716,2009,2009-05-26,Edgbaston,1,48.1,England,West Indies,TT Bresnan,EJG Morgan,KA Pollard,4,0,,,,,,,,,
380716,2009,2009-05-26,Edgbaston,1,48.2,England,West Indies,TT Bresnan,EJG Morgan,KA Pollard,0,0,,,,,,,,,
380716,2009,2009-05-26,Edgbaston,1,48.3,England,West Indies,TT Bresnan,EJG Morgan,KA Pollard,4,0,,,,,,,,,
380716,2009,2009-05-26,Edgbaston,1,48.4,England,West Indies,TT Bresnan,EJG Morgan,KA Pollard,0,0,,,,,,,,,
380716,2009,2009-05-26,Edgbaston,1,48.5,England,West Indies,TT Bresnan,EJG Morgan,KA Pollard,0,0,,,,,,caught,TT Bresnan,,
380716,2009,2009-05-26,Edgbaston,1,48.6,England,West Indies,EJG Morgan,SCJ Broad,KA Pollard,2,0,,,,,,,,,
380716,2009,2009-05-26,Edgbaston,1,49.1,England,West Indies,SCJ Broad,EJG Morgan,JE Taylor,1,0,,,,,,,,,
380716,2009,2009-05-26,Edgbaston,1,49.2,England,West Indies,EJG Morgan,SCJ Broad,JE Taylor,1,0,,,,,,,,,
380716,2009,2009-05-26,Edgbaston,1,49.3,England,West Indies,SCJ Broad,EJG Morgan,JE Taylor,3,0,,,,,,,,,
380716,2009,2009-05-26,Edgbaston,1,49.4,England,West Indies,EJG Morgan,SCJ Broad,JE Taylor,1,0,,,,,,,,,
380716,2009,2009-05-26,Edgbaston,1,49.5,England,West Indies,SCJ Broad,EJG Morgan,JE Taylor,0,0,,,,,,,,,
380716,2009,2009-05-26,Edgbaston,1,49.6,England,West Indies,SCJ Broad,EJG Morgan,JE Taylor,0,1,1,,,,,,,,
380716,2009,2009-05-26,Edgbaston,1,49.7,England,West Indies,SCJ Broad,EJG Morgan,JE Taylor,2,0,,,,,,,,,
380716,2009,2009-05-26,Edgbaston,2,0.1,West Indies,England,CH Gayle,RS Morton,SCJ Broad,0,0,,,,,,,,,
380716,2009,2009-05-26,Edgbaston,2,0.2,West Indies,England,CH Gayle,RS Morton,SCJ Broad,0,0,,,,,,,,,
380716,2009,2009-05-26,Edgbaston,2,0.3,West Indies,England,CH Gayle,RS Morton,SCJ Broad,0,0,,,,,,,,,
380716,2009,2009-05-26,Edgbaston,2,0.4,West Indies,England,CH Gayle,RS Morton,SCJ Broad,0,0,,,,,,,,,
380716,2009,2009-05-26,Edgbaston,2,0.5,West Indies,England,CH Gayle,RS Morton,SCJ Broad,4,0,,,,,,,,,
380716,2009,2009-05-26,Edgbaston,2,0.6,West Indies,England,CH Gayle,RS Morton,SCJ Broad,0,0,,,,,,,,,
380716,2009,2009-05-26,Edgbaston,2,1.1,West Indies,England,RS Morton,CH Gayle,JM Anderson,1,0,,,,,,,,,
380716,2009,2009-05-26,Edgbaston,2,1.2,West Indies,England,CH Gayle,RS Morton,JM Anderson,2,0,,,,,,,,,
380716,2009,2009-05-26,Edgbaston,2,1.3,West Indies,England,CH Gayle,RS Morton,JM Anderson,1,0,,,,,,,,,
380716,2009,2009-05-26,Edgbaston,2,1.4,West Indies,England,RS Morton,CH Gayle,JM Anderson,0,0,,,,,,,,,
380716,2009,2009-05-26,Edgbaston,2,1.5,West Indies,England,RS Morton,CH Gayle,JM Anderson,0,0,,,,,,,,,
380716,2009,2009-05-26,Edgbaston,2,1.6,West Indies,England,RS Morton,CH Gayle,JM Anderson,0,0,,,,,,,,,
380716,2009,2009-05-26,Edgbaston,2,2.1,West Indies,England,CH Gayle,RS Morton,SCJ Broad,4,0,,,,,,,,,
380716,2009,2009-05-26,Edgbaston,2,2.2,West Indies,England,CH Gayle,RS Morton,SCJ Broad,0,1,1,,,,,,,,
380716,2009,2009-05-26,Edgbaston,2,2.3,West Indies,England,CH Gayle,RS Morton,SCJ Broad,0,0,,,,,,caught,CH Gayle,,
380716,2009,2009-05-26,Edgbaston,2,2.4,West Indies,England,RR Sarwan,RS Morton,SCJ Broad,4,0,,,,,,,,,
380716,2009,2009-05-26,Edgbaston,2,2.5,West Indies,England,RR Sarwan,RS Morton,SCJ Broad,4,0,,,,,,,,,
380716,2009,2009-05-26,Edgbaston,2,2.6,West Indies,England,RR Sarwan,RS Morton,SCJ Broad,0,0,,,,,,,,,
380716,2009,2009-05-26,Edgbaston,2,2.7,West Indies,England,RR Sarwan,RS Morton,SCJ Broad,1,0,,,,,,,,,
380716,2009,2009-05-26,Edgbaston,2,3.1,West Indies,England,RR Sarwan,RS Morton,JM Anderson,0,0,,,,,,caught,RR Sarwan,,
380716,2009,2009-05-26,Edgbaston,2,3.2,West Indies,England,S Chanderpaul,RS Morton,JM Anderson,1,0,,,,,,,,,
380716,2009,2009-05-26,Edgbaston,2,3.3,West Indies,England,RS Morton,S Chanderpaul,JM Anderson,0,0,,,,,,,,,
380716,2009,2009-05-26,Edgbaston,2,3.4,West Indies,England,RS Morton,S Chanderpaul,JM Anderson,0,0,,,,,,,,,
380716,2009,2009-05-26,Edgbaston,2,3.5,West Indies,England,RS Morton,S Chanderpaul,JM Anderson,0,0,,,,,,,,,
380716,2009,2009-05-26,Edgbaston,2,3.6,West Indies,England,RS Morton,S Chanderpaul,JM Anderson,0,0,,,,,,,,,
380716,2009,2009-05-26,Edgbaston,2,4.1,West Indies,England,S Chanderpaul,RS Morton,SCJ Broad,2,0,,,,,,,,,
380716,2009,2009-05-26,Edgbaston,2,4.2,West Indies,England,S Chanderpaul,RS Morton,SCJ Broad,0,0,,,,,,,,,
380716,2009,2009-05-26,Edgbaston,2,4.3,West Indies,England,S Chanderpaul,RS Morton,SCJ Broad,4,0,,,,,,,,,
380716,2009,2009-05-26,Edgbaston,2,4.4,West Indies,England,S Chanderpaul,RS Morton,SCJ Broad,0,0,,,,,,,,,
380716,2009,2009-05-26,Edgbaston,2,4.5,West Indies,England,S Chanderpaul,RS Morton,SCJ Broad,0,0,,,,,,,,,
380716,2009,2009-05-26,Edgbaston,2,4.6,West Indies,England,S Chanderpaul,RS Morton,SCJ Broad,0,0,,,,,,,,,
380716,2009,2009-05-26,Edgbaston,2,5.1,West Indies,England,RS Morton,S Chanderpaul,JM Anderson,2,0,,,,,,,,,
380716,2009,2009-05-26,Edgbaston,2,5.2,West Indies,England,RS Morton,S Chanderpaul,JM Anderson,0,0,,,,,,,,,
380716,2009,2009-05-26,Edgbaston,2,5.3,West Indies,England,RS Morton,S Chanderpaul,JM Anderson,0,0,,,,,,,,,
380716,2009,2009-05-26,Edgbaston,2,5.4,West Indies,England,RS Morton,S Chanderpaul,JM Anderson,1,0,,,,,,,,,
380716,2009,2009-05-26,Edgbaston,2,5.5,West Indies,England,S Chanderpaul,RS Morton,JM Anderson,4,0,,,,,,,,,
380716,2009,2009-05-26,Edgbaston,2,5.6,West Indies,England,S Chanderpaul,RS Morton,JM Anderson,0,0,,,,,,,,,
380716,2009,2009-05-26,Edgbaston,2,6.1,West Indies,England,RS Morton,S Chanderpaul,SCJ Broad,1,0,,,,,,,,,
380716,2009,2009-05-26,Edgbaston,2,6.2,West Indies,England,S Chanderpaul,RS Morton,SCJ Broad,2,0,,,,,,,,,
380716,2009,2009-05-26,Edgbaston,2,6.3,West Indies,England,S Chanderpaul,RS Morton,SCJ Broad,0,0,,,,,,,,,
380716,2009,2009-05-26,Edgbaston,2,6.4,West Indies,England,S Chanderpaul,RS Morton,SCJ Broad,0,0,,,,,,,,,
380716,2009,2009-05-26,Edgbaston,2,6.5,West Indies,England,S Chanderpaul,RS Morton,SCJ Broad,0,0,,,,,,,,,
380716,2009,2009-05-26,Edgbaston,2,6.6,West Indies,England,S Chanderpaul,RS Morton,SCJ Broad,0,0,,,,,,,,,
380716,2009,2009-05-26,Edgbaston,2,7.1,West Indies,England,RS Morton,S Chanderpaul,JM Anderson,0,0,,,,,,,,,
380716,2009,2009-05-26,Edgbaston,2,7.2,West Indies,England,RS Morton,S Chanderpaul,JM Anderson,1,0,,,,,,,,,
380716,2009,2009-05-26,Edgbaston,2,7.3,West Indies,England,S Chanderpaul,RS Morton,JM Anderson,0,0,,,,,,,,,
380716,2009,2009-05-26,Edgbaston,2,7.4,West Indies,England,S Chanderpaul,RS Morton,JM Anderson,4,0,,,,,,,,,
380716,2009,2009-05-26,Edgbaston,2,7.5,West Indies,England,S Chanderpaul,RS Morton,JM Anderson,2,0,,,,,,,,,
380716,2009,2009-05-26,Edgbaston,2,7.6,West Indies,England,S Chanderpaul,RS Morton,JM Anderson,0,0,,,,,,,,,
380716,2009,2009-05-26,Edgbaston,2,8.1,West Indies,England,RS Morton,S Chanderpaul,SCJ Broad,1,0,,,,,,,,,
380716,2009,2009-05-26,Edgbaston,2,8.2,West Indies,England,S Chanderpaul,RS Morton,SCJ Broad,0,0,,,,,,,,,
380716,2009,2009-05-26,Edgbaston,2,8.3,West Indies,England,S Chanderpaul,RS Morton,SCJ Broad,0,0,,,,,,,,,
380716,2009,2009-05-26,Edgbaston,2,8.4,West Indies,England,S Chanderpaul,RS Morton,SCJ Broad,0,0,,,,,,,,,
380716,2009,2009-05-26,Edgbaston,2,8.5,West Indies,England,S Chanderpaul,RS Morton,SCJ Broad,0,0,,,,,,,,,
380716,2009,2009-05-26,Edgbaston,2,8.6,West Indies,England,S Chanderpaul,RS Morton,SCJ Broad,0,0,,,,,,,,,
380716,2009,2009-05-26,Edgbaston,2,9.1,West Indies,England,RS Morton,S Chanderpaul,JM Anderson,0,0,,,,,,,,,
380716,2009,2009-05-26,Edgbaston,2,9.2,West Indies,England,RS Morton,S Chanderpaul,JM Anderson,4,0,,,,,,,,,
380716,2009,2009-05-26,Edgbaston,2,9.3,West Indies,England,RS Morton,S Chanderpaul,JM Anderson,0,0,,,,,,,,,
380716,2009,2009-05-26,Edgbaston,2,9.4,West Indies,England,RS Morton,S Chanderpaul,JM Anderson,1,0,,,,,,,,,
380716,2009,2009-05-26,Edgbaston,2,9.5,West Indies,England,S Chanderpaul,RS Morton,JM Anderson,1,0,,,,,,,,,
380716,2009,2009-05-26,Edgbaston,2,9.6,West Indies,England,RS Morton,S Chanderpaul,JM Anderson,0,0,,,,,,,,,
380716,2009,2009-05-26,Edgbaston,2,10.1,West Indies,England,S Chanderpaul,RS Morton,SCJ Broad,0,0,,,,,,,,,
380716,2009,2009-05-26,Edgbaston,2,10.2,West Indies,England,S Chanderpaul,RS Morton,SCJ Broad,0,0,,,,,,,,,
380716,2009,2009-05-26,Edgbaston,2,10.3,West Indies,England,S Chanderpaul,RS Morton,SCJ Broad,0,0,,,,,,,,,
380716,2009,2009-05-26,Edgbaston,2,10.4,West Indies,England,S Chanderpaul,RS Morton,SCJ Broad,0,0,,,,,,,,,
380716,2009,2009-05-26,Edgbaston,2,10.5,West Indies,England,S Chanderpaul,RS Morton,SCJ Broad,0,0,,,,,,,,,
380716,2009,2009-05-26,Edgbaston,2,10.6,West Indies,England,S Chanderpaul,RS Morton,SCJ Broad,1,0,,,,,,,,,
380716,2009,2009-05-26,Edgbaston,2,11.1,West Indies,England,S Chanderpaul,RS Morton,JM Anderson,0,0,,,,,,,,,
380716,2009,2009-05-26,Edgbaston,2,11.2,West Indies,England,S Chanderpaul,RS Morton,JM Anderson,0,0,,,,,,,,,
380716,2009,2009-05-26,Edgbaston,2,11.3,West Indies,England,S Chanderpaul,RS Morton,JM Anderson,0,0,,,,,,,,,
380716,2009,2009-05-26,Edgbaston,2,11.4,West Indies,England,S Chanderpaul,RS Morton,JM Anderson,0,0,,,,,,,,,
380716,2009,2009-05-26,Edgbaston,2,11.5,West Indies,England,S Chanderpaul,RS Morton,JM Anderson,1,0,,,,,,,,,
380716,2009,2009-05-26,Edgbaston,2,11.6,West Indies,England,RS Morton,S Chanderpaul,JM Anderson,1,0,,,,,,,,,
380716,2009,2009-05-26,Edgbaston,2,12.1,West Indies,England,RS Morton,S Chanderpaul,AD Mascarenhas,1,0,,,,,,,,,
380716,2009,2009-05-26,Edgbaston,2,12.2,West Indies,England,S Chanderpaul,RS Morton,AD Mascarenhas,0,0,,,,,,,,,
380716,2009,2009-05-26,Edgbaston,2,12.3,West Indies,England,S Chanderpaul,RS Morton,AD Mascarenhas,1,0,,,,,,,,,
380716,2009,2009-05-26,Edgbaston,2,12.4,West Indies,England,RS Morton,S Chanderpaul,AD Mascarenhas,1,0,,,,,,,,,
380716,2009,2009-05-26,Edgbaston,2,12.5,West Indies,England,S Chanderpaul,RS Morton,AD Mascarenhas,0,0,,,,,,,,,
380716,2009,2009-05-26,Edgbaston,2,12.6,West Indies,England,S Chanderpaul,RS Morton,AD Mascarenhas,0,0,,,,,,,,,
380716,2009,2009-05-26,Edgbaston,2,13.1,West Indies,England,RS Morton,S Chanderpaul,TT Bresnan,0,0,,,,,,,,,
380716,2009,2009-05-26,Edgbaston,2,13.2,West Indies,England,RS Morton,S Chanderpaul,TT Bresnan,0,0,,,,,,,,,
380716,2009,2009-05-26,Edgbaston,2,13.3,West Indies,England,RS Morton,S Chanderpaul,TT Bresnan,0,0,,,,,,,,,
380716,2009,2009-05-26,Edgbaston,2,13.4,West Indies,England,RS Morton,S Chanderpaul,TT Bresnan,0,0,,,,,,,,,
380716,2009,2009-05-26,Edgbaston,2,13.5,West Indies,England,RS Morton,S Chanderpaul,TT Bresnan,0,0,,,,,,,,,
380716,2009,2009-05-26,Edgbaston,2,13.6,West Indies,England,RS Morton,S Chanderpaul,TT Bresnan,1,0,,,,,,,,,
380716,2009,2009-05-26,Edgbaston,2,14.1,West Indies,England,RS Morton,S Chanderpaul,AD Mascarenhas,0,0,,,,,,,,,
380716,2009,2009-05-26,Edgbaston,2,14.2,West Indies,England,RS Morton,S Chanderpaul,AD Mascarenhas,0,0,,,,,,,,,
380716,2009,2009-05-26,Edgbaston,2,14.3,West Indies,England,RS Morton,S Chanderpaul,AD Mascarenhas,0,0,,,,,,,,,
380716,2009,2009-05-26,Edgbaston,2,14.4,West Indies,England,RS Morton,S Chanderpaul,AD Mascarenhas,0,0,,,,,,,,,
380716,2009,2009-05-26,Edgbaston,2,14.5,West Indies,England,RS Morton,S Chanderpaul,AD Mascarenhas,4,0,,,,,,,,,
380716,2009,2009-05-26,Edgbaston,2,14.6,West Indies,England,RS Morton,S Chanderpaul,AD Mascarenhas,0,0,,,,,,,,,
380716,2009,2009-05-26,Edgbaston,2,15.1,West Indies,England,S Chanderpaul,RS Morton,TT Bresnan,1,0,,,,,,,,,
380716,2009,2009-05-26,Edgbaston,2,15.2,West Indies,England,RS Morton,S Chanderpaul,TT Bresnan,1,0,,,,,,run out,RS Morton,,
380716,2009,2009-05-26,Edgbaston,2,15.3,West Indies,England,S Chanderpaul,DJ Bravo,TT Bresnan,0,0,,,,,,,,,
380716,2009,2009-05-26,Edgbaston,2,15.4,West Indies,England,S Chanderpaul,DJ Bravo,TT Bresnan,1,0,,,,,,,,,
380716,2009,2009-05-26,Edgbaston,2,15.5,West Indies,England,DJ Bravo,S Chanderpaul,TT Bresnan,0,0,,,,,,,,,
380716,2009,2009-05-26,Edgbaston,2,15.6,West Indies,England,DJ Bravo,S Chanderpaul,TT Bresnan,0,0,,,,,,,,,
380716,2009,2009-05-26,Edgbaston,2,16.1,West Indies,England,S Chanderpaul,DJ Bravo,AD Mascarenhas,0,0,,,,,,,,,
380716,2009,2009-05-26,Edgbaston,2,16.2,West Indies,England,S Chanderpaul,DJ Bravo,AD Mascarenhas,0,0,,,,,,,,,
380716,2009,2009-05-26,Edgbaston,2,16.3,West Indies,England,S Chanderpaul,DJ Bravo,AD Mascarenhas,0,0,,,,,,,,,
380716,2009,2009-05-26,Edgbaston,2,16.4,West Indies,England,S Chanderpaul,DJ Bravo,AD Mascarenhas,1,0,,,,,,,,,
380716,2009,2009-05-26,Edgbaston,2,16.5,West Indies,England,DJ Bravo,S Chanderpaul,AD Mascarenhas,0,0,,,,,,,,,
380716,2009,2009-05-26,Edgbaston,2,16.6,West Indies,England,DJ Bravo,S Chanderpaul,AD Mascarenhas,0,0,,,,,,,,,
380716,2009,2009-05-26,Edgbaston,2,17.1,West Indies,England,S Chanderpaul,DJ Bravo,TT Bresnan,0,0,,,,,,,,,
380716,2009,2009-05-26,Edgbaston,2,17.2,West Indies,England,S Chanderpaul,DJ Bravo,TT Bresnan,0,0,,,,,,,,,
380716,2009,2009-05-26,Edgbaston,2,17.3,West Indies,England,S Chanderpaul,DJ Bravo,TT Bresnan,0,0,,,,,,,,,
380716,2009,2009-05-26,Edgbaston,2,17.4,West Indies,England,S Chanderpaul,DJ Bravo,TT Bresnan,0,0,,,,,,,,,
380716,2009,2009-05-26,Edgbaston,2,17.5,West Indies,England,S Chanderpaul,DJ Bravo,TT Bresnan,1,0,,,,,,,,,
380716,2009,2009-05-26,Edgbaston,2,17.6,West Indies,England,DJ Bravo,S Chanderpaul,TT Bresnan,0,0,,,,,,,,,
380716,2009,2009-05-26,Edgbaston,2,18.1,West Indies,England,S Chanderpaul,DJ Bravo,AD Mascarenhas,0,0,,,,,,,,,
380716,2009,2009-05-26,Edgbaston,2,18.2,West Indies,England,S Chanderpaul,DJ Bravo,AD Mascarenhas,1,0,,,,,,,,,
380716,2009,2009-05-26,Edgbaston,2,18.3,West Indies,England,DJ Bravo,S Chanderpaul,AD Mascarenhas,0,0,,,,,,,,,
380716,2009,2009-05-26,Edgbaston,2,18.4,West Indies,England,DJ Bravo,S Chanderpaul,AD Mascarenhas,6,0,,,,,,,,,
380716,2009,2009-05-26,Edgbaston,2,18.5,West Indies,England,DJ Bravo,S Chanderpaul,AD Mascarenhas,4,0,,,,,,,,,
380716,2009,2009-05-26,Edgbaston,2,18.6,West Indies,England,DJ Bravo,S Chanderpaul,AD Mascarenhas,1,0,,,,,,,,,
380716,2009,2009-05-26,Edgbaston,2,19.1,West Indies,England,DJ Bravo,S Chanderpaul,TT Bresnan,0,0,,,,,,,,,
380716,2009,2009-05-26,Edgbaston,2,19.2,West Indies,England,DJ Bravo,S Chanderpaul,TT Bresnan,1,0,,,,,,,,,
380716,2009,2009-05-26,Edgbaston,2,19.3,West Indies,England,S Chanderpaul,DJ Bravo,TT Bresnan,0,0,,,,,,,,,
380716,2009,2009-05-26,Edgbaston,2,19.4,West Indies,England,S Chanderpaul,DJ Bravo,TT Bresnan,0,0,,,,,,,,,
380716,2009,2009-05-26,Edgbaston,2,19.5,West Indies,England,S Chanderpaul,DJ Bravo,TT Bresnan,0,0,,,,,,,,,
380716,2009,2009-05-26,Edgbaston,2,19.6,West Indies,England,S Chanderpaul,DJ Bravo,TT Bresnan,0,0,,,,,,,,,
380716,2009,2009-05-26,Edgbaston,2,20.1,West Indies,England,DJ Bravo,S Chanderpaul,AD Mascarenhas,4,0,,,,,,,,,
380716,2009,2009-05-26,Edgbaston,2,20.2,West Indies,England,DJ Bravo,S Chanderpaul,AD Mascarenhas,0,0,,,,,,,,,
380716,2009,2009-05-26,Edgbaston,2,20.3,West Indies,England,DJ Bravo,S Chanderpaul,AD Mascarenhas,0,0,,,,,,,,,
380716,2009,2009-05-26,Edgbaston,2,20.4,West Indies,England,DJ Bravo,S Chanderpaul,AD Mascarenhas,6,0,,,,,,,,,
380716,2009,2009-05-26,Edgbaston,2,20.5,West Indies,England,DJ Bravo,S Chanderpaul,AD Mascarenhas,0,0,,,,,,,,,
380716,2009,2009-05-26,Edgbaston,2,20.6,West Indies,England,DJ Bravo,S Chanderpaul,AD Mascarenhas,1,0,,,,,,,,,
380716,2009,2009-05-26,Edgbaston,2,21.1,West Indies,England,DJ Bravo,S Chanderpaul,GP Swann,0,0,,,,,,,,,
380716,2009,2009-05-26,Edgbaston,2,21.2,West Indies,England,DJ Bravo,S Chanderpaul,GP Swann,0,2,,,2,,,,,,
380716,2009,2009-05-26,Edgbaston,2,21.3,West Indies,England,DJ Bravo,S Chanderpaul,GP Swann,2,0,,,,,,,,,
380716,2009,2009-05-26,Edgbaston,2,21.4,West Indies,England,DJ Bravo,S Chanderpaul,GP Swann,1,0,,,,,,,,,
380716,2009,2009-05-26,Edgbaston,2,21.5,West Indies,England,S Chanderpaul,DJ Bravo,GP Swann,0,0,,,,,,,,,
380716,2009,2009-05-26,Edgbaston,2,21.6,West Indies,England,S Chanderpaul,DJ Bravo,GP Swann,0,0,,,,,,,,,
380716,2009,2009-05-26,Edgbaston,2,22.1,West Indies,England,DJ Bravo,S Chanderpaul,TT Bresnan,0,1,1,,,,,,,,
380716,2009,2009-05-26,Edgbaston,2,22.2,West Indies,England,DJ Bravo,S Chanderpaul,TT Bresnan,0,0,,,,,,lbw,DJ Bravo,,
380716,2009,2009-05-26,Edgbaston,2,22.3,West Indies,England,D Ramdin,S Chanderpaul,TT Bresnan,0,0,,,,,,,,,
380716,2009,2009-05-26,Edgbaston,2,22.4,West Indies,England,D Ramdin,S Chanderpaul,TT Bresnan,1,0,,,,,,,,,
380716,2009,2009-05-26,Edgbaston,2,22.5,West Indies,England,S Chanderpaul,D Ramdin,TT Bresnan,0,0,,,,,,,,,
380716,2009,2009-05-26,Edgbaston,2,22.6,West Indies,England,S Chanderpaul,D Ramdin,TT Bresnan,1,0,,,,,,,,,
380716,2009,2009-05-26,Edgbaston,2,22.7,West Indies,England,D Ramdin,S Chanderpaul,TT Bresnan,1,0,,,,,,,,,
380716,2009,2009-05-26,Edgbaston,2,23.1,West Indies,England,D Ramdin,S Chanderpaul,GP Swann,2,0,,,,,,,,,
380716,2009,2009-05-26,Edgbaston,2,23.2,West Indies,England,D Ramdin,S Chanderpaul,GP Swann,0,0,,,,,,,,,
380716,2009,2009-05-26,Edgbaston,2,23.3,West Indies,England,D Ramdin,S Chanderpaul,GP Swann,0,0,,,,,,,,,
380716,2009,2009-05-26,Edgbaston,2,23.4,West Indies,England,D Ramdin,S Chanderpaul,GP Swann,0,0,,,,,,,,,
380716,2009,2009-05-26,Edgbaston,2,23.5,West Indies,England,D Ramdin,S Chanderpaul,GP Swann,0,0,,,,,,,,,
380716,2009,2009-05-26,Edgbaston,2,23.6,West Indies,England,D Ramdin,S Chanderpaul,GP Swann,1,0,,,,,,,,,
380716,2009,2009-05-26,Edgbaston,2,24.1,West Indies,England,D Ramdin,S Chanderpaul,TT Bresnan,0,0,,,,,,,,,
380716,2009,2009-05-26,Edgbaston,2,24.2,West Indies,England,D Ramdin,S Chanderpaul,TT Bresnan,0,1,,,,1,,,,,
380716,2009,2009-05-26,Edgbaston,2,24.3,West Indies,England,S Chanderpaul,D Ramdin,TT Bresnan,2,0,,,,,,,,,
380716,2009,2009-05-26,Edgbaston,2,24.4,West Indies,England,S Chanderpaul,D Ramdin,TT Bresnan,0,0,,,,,,,,,
380716,2009,2009-05-26,Edgbaston,2,24.5,West Indies,England,S Chanderpaul,D Ramdin,TT Bresnan,1,0,,,,,,,,,
380716,2009,2009-05-26,Edgbaston,2,24.6,West Indies,England,D Ramdin,S Chanderpaul,TT Bresnan,1,0,,,,,,,,,
380716,2009,2009-05-26,Edgbaston,2,25.1,West Indies,England,D Ramdin,S Chanderpaul,GP Swann,0,0,,,,,,,,,
380716,2009,2009-05-26,Edgbaston,2,25.2,West Indies,England,D Ramdin,S Chanderpaul,GP Swann,1,0,,,,,,,,,
380716,2009,2009-05-26,Edgbaston,2,25.3,West Indies,England,S Chanderpaul,D Ramdin,GP Swann,0,0,,,,,,,,,
380716,2009,2009-05-26,Edgbaston,2,25.4,West Indies,England,S Chanderpaul,D Ramdin,GP Swann,0,0,,,,,,,,,
380716,2009,2009-05-26,Edgbaston,2,25.5,West Indies,England,S Chanderpaul,D Ramdin,GP Swann,1,0,,,,,,,,,
380716,2009,2009-05-26,Edgbaston,2,25.6,West Indies,England,D Ramdin,S Chanderpaul,GP Swann,2,0,,,,,,,,,
380716,2009,2009-05-26,Edgbaston,2,26.1,West Indies,England,S Chanderpaul,D Ramdin,TT Bresnan,1,0,,,,,,,,,
380716,2009,2009-05-26,Edgbaston,2,26.2,West Indies,England,D Ramdin,S Chanderpaul,TT Bresnan,0,0,,,,,,,,,
380716,2009,2009-05-26,Edgbaston,2,26.3,West Indies,England,D Ramdin,S Chanderpaul,TT Bresnan,1,0,,,,,,,,,
380716,2009,2009-05-26,Edgbaston,2,26.4,West Indies,England,S Chanderpaul,D Ramdin,TT Bresnan,0,0,,,,,,,,,
380716,2009,2009-05-26,Edgbaston,2,26.5,West Indies,England,S Chanderpaul,D Ramdin,TT Bresnan,0,0,,,,,,,,,
380716,2009,2009-05-26,Edgbaston,2,26.6,West Indies,England,S Chanderpaul,D Ramdin,TT Bresnan,1,0,,,,,,,,,
380716,2009,2009-05-26,Edgbaston,2,27.1,West Indies,England,S Chanderpaul,D Ramdin,GP Swann,1,0,,,,,,,,,
380716,2009,2009-05-26,Edgbaston,2,27.2,West Indies,England,D Ramdin,S Chanderpaul,GP Swann,0,0,,,,,,,,,
380716,2009,2009-05-26,Edgbaston,2,27.3,West Indies,England,D Ramdin,S Chanderpaul,GP Swann,1,0,,,,,,,,,
380716,2009,2009-05-26,Edgbaston,2,27.4,West Indies,England,S Chanderpaul,D Ramdin,GP Swann,1,0,,,,,,,,,
380716,2009,2009-05-26,Edgbaston,2,27.5,West Indies,England,D Ramdin,S Chanderpaul,GP Swann,4,0,,,,,,,,,
380716,2009,2009-05-26,Edgbaston,2,27.6,West Indies,England,D Ramdin,S Chanderpaul,GP Swann,0,0,,,,,,,,,
380716,2009,2009-05-26,Edgbaston,2,28.1,West Indies,England,S Chanderpaul,D Ramdin,PD Collingwood,1,0,,,,,,,,,
380716,2009,2009-05-26,Edgbaston,2,28.2,West Indies,England,D Ramdin,S Chanderpaul,PD Collingwood,1,0,,,,,,,,,
380716,2009,2009-05-26,Edgbaston,2,28.3,West Indies,England,S Chanderpaul,D Ramdin,PD Collingwood,0,0,,,,,,,,,
380716,2009,2009-05-26,Edgbaston,2,28.4,West Indies,England,S Chanderpaul,D Ramdin,PD Collingwood,1,0,,,,,,,,,
380716,2009,2009-05-26,Edgbaston,2,28.5,West Indies,England,D Ramdin,S Chanderpaul,PD Collingwood,1,0,,,,,,,,,
380716,2009,2009-05-26,Edgbaston,2,28.6,West Indies,England,S Chanderpaul,D Ramdin,PD Collingwood,1,0,,,,,,,,,
380716,2009,2009-05-26,Edgbaston,2,29.1,West Indies,England,S Chanderpaul,D Ramdin,GP Swann,1,0,,,,,,,,,
380716,2009,2009-05-26,Edgbaston,2,29.2,West Indies,England,D Ramdin,S Chanderpaul,GP Swann,2,0,,,,,,,,,
380716,2009,2009-05-26,Edgbaston,2,29.3,West Indies,England,D Ramdin,S Chanderpaul,GP Swann,0,0,,,,,,,,,
380716,2009,2009-05-26,Edgbaston,2,29.4,West Indies,England,D Ramdin,S Chanderpaul,GP Swann,1,0,,,,,,,,,
380716,2009,2009-05-26,Edgbaston,2,29.5,West Indies,England,S Chanderpaul,D Ramdin,GP Swann,1,0,,,,,,,,,
380716,2009,2009-05-26,Edgbaston,2,29.6,West Indies,England,D Ramdin,S Chanderpaul,GP Swann,0,0,,,,,,,,,
380716,2009,2009-05-26,Edgbaston,2,30.1,West Indies,England,S Chanderpaul,D Ramdin,PD Collingwood,1,0,,,,,,,,,
380716,2009,2009-05-26,Edgbaston,2,30.2,West Indies,England,D Ramdin,S Chanderpaul,PD Collingwood,0,0,,,,,,,,,
380716,2009,2009-05-26,Edgbaston,2,30.3,West Indies,England,D Ramdin,S Chanderpaul,PD Collingwood,1,0,,,,,,,,,
380716,2009,2009-05-26,Edgbaston,2,30.4,West Indies,England,S Chanderpaul,D Ramdin,PD Collingwood,0,0,,,,,,,,,
380716,2009,2009-05-26,Edgbaston,2,30.5,West Indies,England,S Chanderpaul,D Ramdin,PD Collingwood,0,0,,,,,,,,,
380716,2009,2009-05-26,Edgbaston,2,30.6,West Indies,England,S Chanderpaul,D Ramdin,PD Collingwood,1,0,,,,,,,,,
380716,2009,2009-05-26,Edgbaston,2,31.1,West Indies,England,S Chanderpaul,D Ramdin,GP Swann,0,0,,,,,,,,,
380716,2009,2009-05-26,Edgbaston,2,31.2,West Indies,England,S Chanderpaul,D Ramdin,GP Swann,1,0,,,,,,,,,
380716,2009,2009-05-26,Edgbaston,2,31.3,West Indies,England,D Ramdin,S Chanderpaul,GP Swann,1,0,,,,,,,,,
380716,2009,2009-05-26,Edgbaston,2,31.4,West Indies,England,S Chanderpaul,D Ramdin,GP Swann,1,0,,,,,,,,,
380716,2009,2009-05-26,Edgbaston,2,31.5,West Indies,England,D Ramdin,S Chanderpaul,GP Swann,2,0,,,,,,,,,
380716,2009,2009-05-26,Edgbaston,2,31.6,West Indies,England,D Ramdin,S Chanderpaul,GP Swann,0,0,,,,,,,,,
380716,2009,2009-05-26,Edgbaston,2,32.1,West Indies,England,S Chanderpaul,D Ramdin,PD Collingwood,0,0,,,,,,,,,
380716,2009,2009-05-26,Edgbaston,2,32.2,West Indies,England,S Chanderpaul,D Ramdin,PD Collingwood,1,0,,,,,,,,,
380716,2009,2009-05-26,Edgbaston,2,32.3,West Indies,England,D Ramdin,S Chanderpaul,PD Collingwood,1,0,,,,,,,,,
380716,2009,2009-05-26,Edgbaston,2,32.4,West Indies,England,S Chanderpaul,D Ramdin,PD Collingwood,0,0,,,,,,,,,
380716,2009,2009-05-26,Edgbaston,2,32.5,West Indies,England,S Chanderpaul,D Ramdin,PD Collingwood,1,0,,,,,,,,,
380716,2009,2009-05-26,Edgbaston,2,32.6,West Indies,England,D Ramdin,S Chanderpaul,PD Collingwood,0,0,,,,,,,,,
380716,2009,2009-05-26,Edgbaston,2,33.1,West Indies,England,S Chanderpaul,D Ramdin,AD Mascarenhas,0,0,,,,,,,,,
380716,2009,2009-05-26,Edgbaston,2,33.2,West Indies,England,S Chanderpaul,D Ramdin,AD Mascarenhas,0,0,,,,,,,,,
380716,2009,2009-05-26,Edgbaston,2,33.3,West Indies,England,S Chanderpaul,D Ramdin,AD Mascarenhas,0,0,,,,,,,,,
380716,2009,2009-05-26,Edgbaston,2,33.4,West Indies,England,S Chanderpaul,D Ramdin,AD Mascarenhas,0,0,,,,,,,,,
380716,2009,2009-05-26,Edgbaston,2,33.5,West Indies,England,S Chanderpaul,D Ramdin,AD Mascarenhas,1,0,,,,,,,,,
380716,2009,2009-05-26,Edgbaston,2,33.6,West Indies,England,D Ramdin,S Chanderpaul,AD Mascarenhas,4,0,,,,,,,,,
380716,2009,2009-05-26,Edgbaston,2,34.1,West Indies,England,S Chanderpaul,D Ramdin,PD Collingwood,1,0,,,,,,,,,
380716,2009,2009-05-26,Edgbaston,2,34.2,West Indies,England,D Ramdin,S Chanderpaul,PD Collingwood,1,0,,,,,,,,,
380716,2009,2009-05-26,Edgbaston,2,34.3,West Indies,England,S Chanderpaul,D Ramdin,PD Collingwood,0,0,,,,,,,,,
380716,2009,2009-05-26,Edgbaston,2,34.4,West Indies,England,S Chanderpaul,D Ramdin,PD Collingwood,0,0,,,,,,,,,
380716,2009,2009-05-26,Edgbaston,2,34.5,West Indies,England,S Chanderpaul,D Ramdin,PD Collingwood,2,0,,,,,,,,,
380716,2009,2009-05-26,Edgbaston,2,34.6,West Indies,England,S Chanderpaul,D Ramdin,PD Collingwood,4,0,,,,,,,,,
380716,2009,2009-05-26,Edgbaston,2,35.1,West Indies,England,D Ramdin,S Chanderpaul,AD Mascarenhas,1,0,,,,,,,,,
380716,2009,2009-05-26,Edgbaston,2,35.2,West Indies,England,S Chanderpaul,D Ramdin,AD Mascarenhas,2,0,,,,,,,,,
380716,2009,2009-05-26,Edgbaston,2,35.3,West Indies,England,S Chanderpaul,D Ramdin,AD Mascarenhas,0,0,,,,,,,,,
380716,2009,2009-05-26,Edgbaston,2,35.4,West Indies,England,S Chanderpaul,D Ramdin,AD Mascarenhas,1,0,,,,,,,,,
380716,2009,2009-05-26,Edgbaston,2,35.5,West Indies,England,D Ramdin,S Chanderpaul,AD Mascarenhas,2,0,,,,,,,,,
380716,2009,2009-05-26,Edgbaston,2,35.6,West Indies,England,D Ramdin,S Chanderpaul,AD Mascarenhas,1,0,,,,,,,,,
380716,2009,2009-05-26,Edgbaston,2,36.1,West Indies,England,D Ramdin,S Chanderpaul,PD Collingwood,2,0,,,,,,,,,
380716,2009,2009-05-26,Edgbaston,2,36.2,West Indies,England,D Ramdin,S Chanderpaul,PD Collingwood,2,0,,,,,,,,,
380716,2009,2009-05-26,Edgbaston,2,36.3,West Indies,England,D Ramdin,S Chanderpaul,PD Collingwood,1,0,,,,,,,,,
380716,2009,2009-05-26,Edgbaston,2,36.4,West Indies,England,S Chanderpaul,D Ramdin,PD Collingwood,1,0,,,,,,,,,
380716,2009,2009-05-26,Edgbaston,2,36.5,West Indies,England,D Ramdin,S Chanderpaul,PD Collingwood,1,0,,,,,,,,,
380716,2009,2009-05-26,Edgbaston,2,36.6,West Indies,England,S Chanderpaul,D Ramdin,PD Collingwood,2,0,,,,,,,,,
380716,2009,2009-05-26,Edgbaston,2,37.1,West Indies,England,D Ramdin,S Chanderpaul,SCJ Broad,1,0,,,,,,,,,
380716,2009,2009-05-26,Edgbaston,2,37.2,West Indies,England,S Chanderpaul,D Ramdin,SCJ Broad,2,0,,,,,,,,,
380716,2009,2009-05-26,Edgbaston,2,37.3,West Indies,England,S Chanderpaul,D Ramdin,SCJ Broad,4,0,,,,,,,,,
380716,2009,2009-05-26,Edgbaston,2,37.4,West Indies,England,S Chanderpaul,D Ramdin,SCJ Broad,0,0,,,,,,caught,S Chanderpaul,,
380716,2009,2009-05-26,Edgbaston,2,37.5,West Indies,England,KA Pollard,D Ramdin,SCJ Broad,1,0,,,,,,,,,
380716,2009,2009-05-26,Edgbaston,2,37.6,West Indies,England,D Ramdin,KA Pollard,SCJ Broad,1,0,,,,,,,,,
380716,2009,2009-05-26,Edgbaston,2,38.1,West Indies,England,D Ramdin,KA Pollard,JM Anderson,0,1,1,,,,,,,,
380716,2009,2009-05-26,Edgbaston,2,38.2,West Indies,England,D Ramdin,KA Pollard,JM Anderson,1,0,,,,,,,,,
380716,2009,2009-05-26,Edgbaston,2,38.3,West Indies,England,KA Pollard,D Ramdin,JM Anderson,1,0,,,,,,,,,
380716,2009,2009-05-26,Edgbaston,2,38.4,West Indies,England,D Ramdin,KA Pollard,JM Anderson,0,1,1,,,,,,,,
380716,2009,2009-05-26,Edgbaston,2,38.5,West Indies,England,D Ramdin,KA Pollard,JM Anderson,2,0,,,,,,,,,
380716,2009,2009-05-26,Edgbaston,2,38.6,West Indies,England,D Ramdin,KA Pollard,JM Anderson,0,0,,,,,,caught,D Ramdin,,
380716,2009,2009-05-26,Edgbaston,2,38.7,West Indies,England,JE Taylor,KA Pollard,JM Anderson,1,0,,,,,,,,,
380716,2009,2009-05-26,Edgbaston,2,38.8,West Indies,England,KA Pollard,JE Taylor,JM Anderson,1,0,,,,,,,,,
380716,2009,2009-05-26,Edgbaston,2,39.1,West Indies,England,KA Pollard,JE Taylor,SCJ Broad,1,0,,,,,,,,,
380716,2009,2009-05-26,Edgbaston,2,39.2,West Indies,England,JE Taylor,KA Pollard,SCJ Broad,1,0,,,,,,,,,
380716,2009,2009-05-26,Edgbaston,2,39.3,West Indies,England,KA Pollard,JE Taylor,SCJ Broad,1,0,,,,,,,,,
380716,2009,2009-05-26,Edgbaston,2,39.4,West Indies,England,JE Taylor,KA Pollard,SCJ Broad,1,0,,,,,,,,,
380716,2009,2009-05-26,Edgbaston,2,39.5,West Indies,England,KA Pollard,JE Taylor,SCJ Broad,4,0,,,,,,,,,
380716,2009,2009-05-26,Edgbaston,2,39.6,West Indies,England,KA Pollard,JE Taylor,SCJ Broad,1,0,,,,,,,,,
380716,2009,2009-05-26,Edgbaston,2,40.1,West Indies,England,KA Pollard,JE Taylor,JM Anderson,1,0,,,,,,,,,
380716,2009,2009-05-26,Edgbaston,2,40.2,West Indies,England,JE Taylor,KA Pollard,JM Anderson,1,0,,,,,,,,,
380716,2009,2009-05-26,Edgbaston,2,40.3,West Indies,England,KA Pollard,JE Taylor,JM Anderson,1,0,,,,,,,,,
380716,2009,2009-05-26,Edgbaston,2,40.4,West Indies,England,JE Taylor,KA Pollard,JM Anderson,0,0,,,,,,,,,
380716,2009,2009-05-26,Edgbaston,2,40.5,West Indies,England,JE Taylor,KA Pollard,JM Anderson,4,0,,,,,,,,,
380716,2009,2009-05-26,Edgbaston,2,40.6,West Indies,England,JE Taylor,KA Pollard,JM Anderson,4,0,,,,,,,,,
380716,2009,2009-05-26,Edgbaston,2,41.1,West Indies,England,KA Pollard,JE Taylor,SCJ Broad,0,1,1,,,,,run out,KA Pollard,,
380716,2009,2009-05-26,Edgbaston,2,41.2,West Indies,England,SJ Benn,JE Taylor,SCJ Broad,0,1,,,,1,,,,,
380716,2009,2009-05-26,Edgbaston,2,41.3,West Indies,England,JE Taylor,SJ Benn,SCJ Broad,1,0,,,,,,,,,
380716,2009,2009-05-26,Edgbaston,2,41.4,West Indies,England,SJ Benn,JE Taylor,SCJ Broad,0,0,,,,,,,,,
380716,2009,2009-05-26,Edgbaston,2,41.5,West Indies,England,SJ Benn,JE Taylor,SCJ Broad,0,0,,,,,,,,,
380716,2009,2009-05-26,Edgbaston,2,41.6,West Indies,England,SJ Benn,JE Taylor,SCJ Broad,4,0,,,,,,,,,
380716,2009,2009-05-26,Edgbaston,2,41.7,West Indies,England,SJ Benn,JE Taylor,SCJ Broad,0,0,,,,,,,,,
380716,2009,2009-05-26,Edgbaston,2,42.1,West Indies,England,JE Taylor,SJ Benn,TT Bresnan,4,0,,,,,,,,,
380716,2009,2009-05-26,Edgbaston,2,42.2,West Indies,England,JE Taylor,SJ Benn,TT Bresnan,0,0,,,,,,,,,
380716,2009,2009-05-26,Edgbaston,2,42.3,West Indies,England,JE Taylor,SJ Benn,TT Bresnan,0,0,,,,,,,,,
380716,2009,2009-05-26,Edgbaston,2,42.4,West Indies,England,JE Taylor,SJ Benn,TT Bresnan,1,0,,,,,,,,,
380716,2009,2009-05-26,Edgbaston,2,42.5,West Indies,England,SJ Benn,JE Taylor,TT Bresnan,0,0,,,,,,,,,
380716,2009,2009-05-26,Edgbaston,2,42.6,West Indies,England,SJ Benn,JE Taylor,TT Bresnan,0,0,,,,,,run out,JE Taylor,,
380716,2009,2009-05-26,Edgbaston,2,43.1,West Indies,England,R Rampaul,SJ Benn,SCJ Broad,2,0,,,,,,,,,
380716,2009,2009-05-26,Edgbaston,2,43.2,West Indies,England,R Rampaul,SJ Benn,SCJ Broad,1,0,,,,,,,,,
380716,2009,2009-05-26,Edgbaston,2,43.3,West Indies,England,SJ Benn,R Rampaul,SCJ Broad,0,0,,,,,,,,,
380716,2009,2009-05-26,Edgbaston,2,43.4,West Indies,England,SJ Benn,R Rampaul,SCJ Broad,6,0,,,,,,,,,
380716,2009,2009-05-26,Edgbaston,2,43.5,West Indies,England,SJ Benn,R Rampaul,SCJ Broad,0,0,,,,,,,,,
380716,2009,2009-05-26,Edgbaston,2,43.6,West Indies,England,SJ Benn,R Rampaul,SCJ Broad,1,0,,,,,,,,,
380716,2009,2009-05-26,Edgbaston,2,44.1,West Indies,England,SJ Benn,R Rampaul,GP Swann,0,0,,,,,,,,,
380716,2009,2009-05-26,Edgbaston,2,44.2,West Indies,England,SJ Benn,R Rampaul,GP Swann,1,0,,,,,,,,,
380716,2009,2009-05-26,Edgbaston,2,44.3,West Indies,England,R Rampaul,SJ Benn,GP Swann,0,0,,,,,,,,,
380716,2009,2009-05-26,Edgbaston,2,44.4,West Indies,England,R Rampaul,SJ Benn,GP Swann,0,0,,,,,,,,,
380716,2009,2009-05-26,Edgbaston,2,44.5,West Indies,England,R Rampaul,SJ Benn,GP Swann,1,0,,,,,,,,,
380716,2009,2009-05-26,Edgbaston,2,44.6,West Indies,England,SJ Benn,R Rampaul,GP Swann,1,0,,,,,,,,,
380716,2009,2009-05-26,Edgbaston,2,45.1,West Indies,England,SJ Benn,R Rampaul,TT Bresnan,4,0,,,,,,,,,
380716,2009,2009-05-26,Edgbaston,2,45.2,West Indies,England,SJ Benn,R Rampaul,TT Bresnan,1,0,,,,,,,,,
380716,2009,2009-05-26,Edgbaston,2,45.3,West Indies,England,R Rampaul,SJ Benn,TT Bresnan,4,0,,,,,,,,,
380716,2009,2009-05-26,Edgbaston,2,45.4,West Indies,England,R Rampaul,SJ Benn,TT Bresnan,1,0,,,,,,,,,
380716,2009,2009-05-26,Edgbaston,2,45.5,West Indies,England,SJ Benn,R Rampaul,TT Bresnan,0,0,,,,,,,,,
380716,2009,2009-05-26,Edgbaston,2,45.6,West Indies,England,SJ Benn,R Rampaul,TT Bresnan,0,0,,,,,,,,,
380716,2009,2009-05-26,Edgbaston,2,46.1,West Indies,England,R Rampaul,SJ Benn,GP Swann,6,0,,,,,,,,,
380716,2009,2009-05-26,Edgbaston,2,46.2,West Indies,England,R Rampaul,SJ Benn,GP Swann,1,0,,,,,,,,,
380716,2009,2009-05-26,Edgbaston,2,46.3,West Indies,England,SJ Benn,R Rampaul,GP Swann,0,0,,,,,,,,,
380716,2009,2009-05-26,Edgbaston,2,46.4,West Indies,England,SJ Benn,R Rampaul,GP Swann,1,0,,,,,,,,,
380716,2009,2009-05-26,Edgbaston,2,46.5,West Indies,England,R Rampaul,SJ Benn,GP Swann,0,0,,,,,,bowled,R Rampaul,,
380716,2009,2009-05-26,Edgbaston,2,46.6,West Indies,England,FH Edwards,SJ Benn,GP Swann,0,0,,,,,,,,,
380716,2009,2009-05-26,Edgbaston,2,47.1,West Indies,England,SJ Benn,FH Edwards,JM Anderson,1,0,,,,,,,,,
380716,2009,2009-05-26,Edgbaston,2,47.2,West Indies,England,FH Edwards,SJ Benn,JM Anderson,1,0,,,,,,,,,
380716,2009,2009-05-26,Edgbaston,2,47.3,West Indies,England,SJ Benn,FH Edwards,JM Anderson,2,0,,,,,,,,,
380716,2009,2009-05-26,Edgbaston,2,47.4,West Indies,England,SJ Benn,FH Edwards,JM Anderson,2,0,,,,,,,,,
380716,2009,2009-05-26,Edgbaston,2,47.5,West Indies,England,SJ Benn,FH Edwards,JM Anderson,0,0,,,,,,,,,
380716,2009,2009-05-26,Edgbaston,2,47.6,West Indies,England,SJ Benn,FH Edwards,JM Anderson,4,0,,,,,,,,,
380716,2009,2009-05-26,Edgbaston,2,48.1,West Indies,England,FH Edwards,SJ Benn,TT Bresnan,1,0,,,,,,,,,
380716,2009,2009-05-26,Edgbaston,2,48.2,West Indies,England,SJ Benn,FH Edwards,TT Bresnan,1,0,,,,,,,,,
380716,2009,2009-05-26,Edgbaston,2,48.3,West Indies,England,FH Edwards,SJ Benn,TT Bresnan,0,0,,,,,,,,,
380716,2009,2009-05-26,Edgbaston,2,48.4,West Indies,England,FH Edwards,SJ Benn,TT Bresnan,1,0,,,,,,,,,
380716,2009,2009-05-26,Edgbaston,2,48.5,West Indies,England,SJ Benn,FH Edwards,TT Bresnan,1,0,,,,,,,,,
380716,2009,2009-05-26,Edgbaston,2,48.6,West Indies,England,FH Edwards,SJ Benn,TT Bresnan,0,0,,,,,,,,,
380716,2009,2009-05-26,Edgbaston,2,49.1,West Indies,England,SJ Benn,FH Edwards,JM Anderson,1,0,,,,,,,,,
380716,2009,2009-05-26,Edgbaston,2,49.2,West Indies,England,FH Edwards,SJ Benn,JM Anderson,0,0,,,,,,,,,
380716,2009,2009-05-26,Edgbaston,2,49.3,West Indies,England,FH Edwards,SJ Benn,JM Anderson,1,0,,,,,,,,,
380716,2009,2009-05-26,Edgbaston,2,49.4,West Indies,England,SJ Benn,FH Edwards,JM Anderson,0,0,,,,,,bowled,SJ Benn,,
