match_id,season,start_date,venue,innings,ball,batting_team,bowling_team,striker,non_striker,bowler,runs_off_bat,extras,wides,noballs,byes,legbyes,penalty,wicket_type,player_dismissed,other_wicket_type,other_player_dismissed
385751,2008/09,2009-01-24,Gaddafi Stadium,1,0.1,Sri Lanka,Pakistan,TM Dilshan,ST Jayasuriya,Umar Gul,0,0,,,,,,,,,
385751,2008/09,2009-01-24,Gaddafi Stadium,1,0.2,Sri Lanka,Pakistan,TM Dilshan,ST Jayasuriya,Umar Gul,0,0,,,,,,,,,
385751,2008/09,2009-01-24,Gaddafi Stadium,1,0.3,Sri Lanka,Pakistan,TM Dilshan,ST Jayasuriya,Umar Gul,0,0,,,,,,,,,
385751,2008/09,2009-01-24,Gaddafi Stadium,1,0.4,Sri Lanka,Pakistan,TM Dilshan,ST Jayasuriya,Umar Gul,0,0,,,,,,,,,
385751,2008/09,2009-01-24,Gaddafi Stadium,1,0.5,Sri Lanka,Pakistan,TM Dilshan,ST Jayasuriya,Umar Gul,0,0,,,,,,,,,
385751,2008/09,2009-01-24,Gaddafi Stadium,1,0.6,Sri Lanka,Pakistan,TM Dilshan,ST Jayasuriya,Umar Gul,0,0,,,,,,,,,
385751,2008/09,2009-01-24,Gaddafi Stadium,1,1.1,Sri Lanka,Pakistan,ST Jayasuriya,TM Dilshan,Sohail Khan,0,0,,,,,,,,,
385751,2008/09,2009-01-24,Gaddafi Stadium,1,1.2,Sri Lanka,Pakistan,ST Jayasuriya,TM Dilshan,Sohail Khan,0,0,,,,,,,,,
385751,2008/09,2009-01-24,Gaddafi Stadium,1,1.3,Sri Lanka,Pakistan,ST Jayasuriya,TM Dilshan,Sohail Khan,0,0,,,,,,,,,
385751,2008/09,2009-01-24,Gaddafi Stadium,1,1.4,Sri Lanka,Pakistan,ST Jayasuriya,TM Dilshan,Sohail Khan,0,0,,,,,,,,,
385751,2008/09,2009-01-24,Gaddafi Stadium,1,1.5,Sri Lanka,Pakistan,ST Jayasuriya,TM Dilshan,Sohail Khan,0,0,,,,,,,,,
385751,2008/09,2009-01-24,Gaddafi Stadium,1,1.6,Sri Lanka,Pakistan,ST Jayasuriya,TM Dilshan,Sohail Khan,0,0,,,,,,,,,
385751,2008/09,2009-01-24,Gaddafi Stadium,1,2.1,Sri Lanka,Pakistan,TM Dilshan,ST Jayasuriya,Umar Gul,1,0,,,,,,,,,
385751,2008/09,2009-01-24,Gaddafi Stadium,1,2.2,Sri Lanka,Pakistan,ST Jayasuriya,TM Dilshan,Umar Gul,1,0,,,,,,,,,
385751,2008/09,2009-01-24,Gaddafi Stadium,1,2.3,Sri Lanka,Pakistan,TM Dilshan,ST Jayasuriya,Umar Gul,0,0,,,,,,,,,
385751,2008/09,2009-01-24,Gaddafi Stadium,1,2.4,Sri Lanka,Pakistan,TM Dilshan,ST Jayasuriya,Umar Gul,0,0,,,,,,,,,
385751,2008/09,2009-01-24,Gaddafi Stadium,1,2.5,Sri Lanka,Pakistan,TM Dilshan,ST Jayasuriya,Umar Gul,0,0,,,,,,,,,
385751,2008/09,2009-01-24,Gaddafi Stadium,1,2.6,Sri Lanka,Pakistan,TM Dilshan,ST Jayasuriya,Umar Gul,0,0,,,,,,,,,
385751,2008/09,2009-01-24,Gaddafi Stadium,1,3.1,Sri Lanka,Pakistan,ST Jayasuriya,TM Dilshan,Sohail Khan,0,0,,,,,,,,,
385751,2008/09,2009-01-24,Gaddafi Stadium,1,3.2,Sri Lanka,Pakistan,ST Jayasuriya,TM Dilshan,Sohail Khan,4,0,,,,,,,,,
385751,2008/09,2009-01-24,Gaddafi Stadium,1,3.3,Sri Lanka,Pakistan,ST Jayasuriya,TM Dilshan,Sohail Khan,0,0,,,,,,,,,
385751,2008/09,2009-01-24,Gaddafi Stadium,1,3.4,Sri Lanka,Pakistan,ST Jayasuriya,TM Dilshan,Sohail Khan,0,0,,,,,,,,,
385751,2008/09,2009-01-24,Gaddafi Stadium,1,3.5,Sri Lanka,Pakistan,ST Jayasuriya,TM Dilshan,Sohail Khan,1,0,,,,,,,,,
385751,2008/09,2009-01-24,Gaddafi Stadium,1,3.6,Sri Lanka,Pakistan,TM Dilshan,ST Jayasuriya,Sohail Khan,0,0,,,,,,,,,
385751,2008/09,2009-01-24,Gaddafi Stadium,1,4.1,Sri Lanka,Pakistan,ST Jayasuriya,TM Dilshan,Umar Gul,1,0,,,,,,,,,
385751,2008/09,2009-01-24,Gaddafi Stadium,1,4.2,Sri Lanka,Pakistan,TM Dilshan,ST Jayasuriya,Umar Gul,4,0,,,,,,,,,
385751,2008/09,2009-01-24,Gaddafi Stadium,1,4.3,Sri Lanka,Pakistan,TM Dilshan,ST Jayasuriya,Umar Gul,1,0,,,,,,,,,
385751,2008/09,2009-01-24,Gaddafi Stadium,1,4.4,Sri Lanka,Pakistan,ST Jayasuriya,TM Dilshan,Umar Gul,0,0,,,,,,,,,
385751,2008/09,2009-01-24,Gaddafi Stadium,1,4.5,Sri Lanka,Pakistan,ST Jayasuriya,TM Dilshan,Umar Gul,0,0,,,,,,,,,
385751,2008/09,2009-01-24,Gaddafi Stadium,1,4.6,Sri Lanka,Pakistan,ST Jayasuriya,TM Dilshan,Umar Gul,1,0,,,,,,,,,
385751,2008/09,2009-01-24,Gaddafi Stadium,1,5.1,Sri Lanka,Pakistan,ST Jayasuriya,TM Dilshan,Sohail Khan,0,0,,,,,,,,,
385751,2008/09,2009-01-24,Gaddafi Stadium,1,5.2,Sri Lanka,Pakistan,ST Jayasuriya,TM Dilshan,Sohail Khan,0,0,,,,,,,,,
385751,2008/09,2009-01-24,Gaddafi Stadium,1,5.3,Sri Lanka,Pakistan,ST Jayasuriya,TM Dilshan,Sohail Khan,0,0,,,,,,,,,
385751,2008/09,2009-01-24,Gaddafi Stadium,1,5.4,Sri Lanka,Pakistan,ST Jayasuriya,TM Dilshan,Sohail Khan,0,0,,,,,,,,,
385751,2008/09,2009-01-24,Gaddafi Stadium,1,5.5,Sri Lanka,Pakistan,ST Jayasuriya,TM Dilshan,Sohail Khan,2,0,,,,,,,,,
385751,2008/09,2009-01-24,Gaddafi Stadium,1,5.6,Sri Lanka,Pakistan,ST Jayasuriya,TM Dilshan,Sohail Khan,1,0,,,,,,,,,
385751,2008/09,2009-01-24,Gaddafi Stadium,1,6.1,Sri Lanka,Pakistan,ST Jayasuriya,TM Dilshan,Umar Gul,1,0,,,,,,,,,
385751,2008/09,2009-01-24,Gaddafi Stadium,1,6.2,Sri Lanka,Pakistan,TM Dilshan,ST Jayasuriya,Umar Gul,0,0,,,,,,,,,
385751,2008/09,2009-01-24,Gaddafi Stadium,1,6.3,Sri Lanka,Pakistan,TM Dilshan,ST Jayasuriya,Umar Gul,0,0,,,,,,,,,
385751,2008/09,2009-01-24,Gaddafi Stadium,1,6.4,Sri Lanka,Pakistan,TM Dilshan,ST Jayasuriya,Umar Gul,0,0,,,,,,,,,
385751,2008/09,2009-01-24,Gaddafi Stadium,1,6.5,Sri Lanka,Pakistan,TM Dilshan,ST Jayasuriya,Umar Gul,1,0,,,,,,,,,
385751,2008/09,2009-01-24,Gaddafi Stadium,1,6.6,Sri Lanka,Pakistan,ST Jayasuriya,TM Dilshan,Umar Gul,1,0,,,,,,,,,
385751,2008/09,2009-01-24,Gaddafi Stadium,1,7.1,Sri Lanka,Pakistan,ST Jayasuriya,TM Dilshan,Sohail Khan,0,0,,,,,,,,,
385751,2008/09,2009-01-24,Gaddafi Stadium,1,7.2,Sri Lanka,Pakistan,ST Jayasuriya,TM Dilshan,Sohail Khan,0,0,,,,,,,,,
385751,2008/09,2009-01-24,Gaddafi Stadium,1,7.3,Sri Lanka,Pakistan,ST Jayasuriya,TM Dilshan,Sohail Khan,0,0,,,,,,,,,
385751,2008/09,2009-01-24,Gaddafi Stadium,1,7.4,Sri Lanka,Pakistan,ST Jayasuriya,TM Dilshan,Sohail Khan,1,0,,,,,,,,,
385751,2008/09,2009-01-24,Gaddafi Stadium,1,7.5,Sri Lanka,Pakistan,TM Dilshan,ST Jayasuriya,Sohail Khan,0,0,,,,,,,,,
385751,2008/09,2009-01-24,Gaddafi Stadium,1,7.6,Sri Lanka,Pakistan,TM Dilshan,ST Jayasuriya,Sohail Khan,1,0,,,,,,,,,
385751,2008/09,2009-01-24,Gaddafi Stadium,1,8.1,Sri Lanka,Pakistan,TM Dilshan,ST Jayasuriya,Iftikhar Anjum,0,0,,,,,,,,,
385751,2008/09,2009-01-24,Gaddafi Stadium,1,8.2,Sri Lanka,Pakistan,TM Dilshan,ST Jayasuriya,Iftikhar Anjum,1,0,,,,,,,,,
385751,2008/09,2009-01-24,Gaddafi Stadium,1,8.3,Sri Lanka,Pakistan,ST Jayasuriya,TM Dilshan,Iftikhar Anjum,0,0,,,,,,,,,
385751,2008/09,2009-01-24,Gaddafi Stadium,1,8.4,Sri Lanka,Pakistan,ST Jayasuriya,TM Dilshan,Iftikhar Anjum,0,0,,,,,,,,,
385751,2008/09,2009-01-24,Gaddafi Stadium,1,8.5,Sri Lanka,Pakistan,ST Jayasuriya,TM Dilshan,Iftikhar Anjum,0,1,,,,1,,,,,
385751,2008/09,2009-01-24,Gaddafi Stadium,1,8.6,Sri Lanka,Pakistan,TM Dilshan,ST Jayasuriya,Iftikhar Anjum,1,0,,,,,,,,,
385751,2008/09,2009-01-24,Gaddafi Stadium,1,9.1,Sri Lanka,Pakistan,TM Dilshan,ST Jayasuriya,Sohail Khan,0,0,,,,,,,,,
385751,2008/09,2009-01-24,Gaddafi Stadium,1,9.2,Sri Lanka,Pakistan,TM Dilshan,ST Jayasuriya,Sohail Khan,0,0,,,,,,,,,
385751,2008/09,2009-01-24,Gaddafi Stadium,1,9.3,Sri Lanka,Pakistan,TM Dilshan,ST Jayasuriya,Sohail Khan,1,0,,,,,,,,,
385751,2008/09,2009-01-24,Gaddafi Stadium,1,9.4,Sri Lanka,Pakistan,ST Jayasuriya,TM Dilshan,Sohail Khan,1,0,,,,,,,,,
385751,2008/09,2009-01-24,Gaddafi Stadium,1,9.5,Sri Lanka,Pakistan,TM Dilshan,ST Jayasuriya,Sohail Khan,2,0,,,,,,,,,
385751,2008/09,2009-01-24,Gaddafi Stadium,1,9.6,Sri Lanka,Pakistan,TM Dilshan,ST Jayasuriya,Sohail Khan,0,0,,,,,,,,,
385751,2008/09,2009-01-24,Gaddafi Stadium,1,10.1,Sri Lanka,Pakistan,ST Jayasuriya,TM Dilshan,Iftikhar Anjum,4,0,,,,,,,,,
385751,2008/09,2009-01-24,Gaddafi Stadium,1,10.2,Sri Lanka,Pakistan,ST Jayasuriya,TM Dilshan,Iftikhar Anjum,2,0,,,,,,,,,
385751,2008/09,2009-01-24,Gaddafi Stadium,1,10.3,Sri Lanka,Pakistan,ST Jayasuriya,TM Dilshan,Iftikhar Anjum,1,0,,,,,,,,,
385751,2008/09,2009-01-24,Gaddafi Stadium,1,10.4,Sri Lanka,Pakistan,TM Dilshan,ST Jayasuriya,Iftikhar Anjum,0,0,,,,,,,,,
385751,2008/09,2009-01-24,Gaddafi Stadium,1,10.5,Sri Lanka,Pakistan,TM Dilshan,ST Jayasuriya,Iftikhar Anjum,1,0,,,,,,,,,
385751,2008/09,2009-01-24,Gaddafi Stadium,1,10.6,Sri Lanka,Pakistan,ST Jayasuriya,TM Dilshan,Iftikhar Anjum,1,0,,,,,,,,,
385751,2008/09,2009-01-24,Gaddafi Stadium,1,11.1,Sri Lanka,Pakistan,ST Jayasuriya,TM Dilshan,Sohail Khan,2,0,,,,,,,,,
385751,2008/09,2009-01-24,Gaddafi Stadium,1,11.2,Sri Lanka,Pakistan,ST Jayasuriya,TM Dilshan,Sohail Khan,1,0,,,,,,,,,
385751,2008/09,2009-01-24,Gaddafi Stadium,1,11.3,Sri Lanka,Pakistan,TM Dilshan,ST Jayasuriya,Sohail Khan,0,0,,,,,,,,,
385751,2008/09,2009-01-24,Gaddafi Stadium,1,11.4,Sri Lanka,Pakistan,TM Dilshan,ST Jayasuriya,Sohail Khan,0,0,,,,,,,,,
385751,2008/09,2009-01-24,Gaddafi Stadium,1,11.5,Sri Lanka,Pakistan,TM Dilshan,ST Jayasuriya,Sohail Khan,0,0,,,,,,,,,
385751,2008/09,2009-01-24,Gaddafi Stadium,1,11.6,Sri Lanka,Pakistan,TM Dilshan,ST Jayasuriya,Sohail Khan,1,0,,,,,,,,,
385751,2008/09,2009-01-24,Gaddafi Stadium,1,12.1,Sri Lanka,Pakistan,TM Dilshan,ST Jayasuriya,Iftikhar Anjum,1,0,,,,,,,,,
385751,2008/09,2009-01-24,Gaddafi Stadium,1,12.2,Sri Lanka,Pakistan,ST Jayasuriya,TM Dilshan,Iftikhar Anjum,1,0,,,,,,,,,
385751,2008/09,2009-01-24,Gaddafi Stadium,1,12.3,Sri Lanka,Pakistan,TM Dilshan,ST Jayasuriya,Iftikhar Anjum,2,0,,,,,,,,,
385751,2008/09,2009-01-24,Gaddafi Stadium,1,12.4,Sri Lanka,Pakistan,TM Dilshan,ST Jayasuriya,Iftikhar Anjum,0,0,,,,,,,,,
385751,2008/09,2009-01-24,Gaddafi Stadium,1,12.5,Sri Lanka,Pakistan,TM Dilshan,ST Jayasuriya,Iftikhar Anjum,2,0,,,,,,,,,
385751,2008/09,2009-01-24,Gaddafi Stadium,1,12.6,Sri Lanka,Pakistan,TM Dilshan,ST Jayasuriya,Iftikhar Anjum,2,0,,,,,,,,,
385751,2008/09,2009-01-24,Gaddafi Stadium,1,13.1,Sri Lanka,Pakistan,ST Jayasuriya,TM Dilshan,Umar Gul,0,0,,,,,,,,,
385751,2008/09,2009-01-24,Gaddafi Stadium,1,13.2,Sri Lanka,Pakistan,ST Jayasuriya,TM Dilshan,Umar Gul,0,0,,,,,,,,,
385751,2008/09,2009-01-24,Gaddafi Stadium,1,13.3,Sri Lanka,Pakistan,ST Jayasuriya,TM Dilshan,Umar Gul,0,1,,,,1,,,,,
385751,2008/09,2009-01-24,Gaddafi Stadium,1,13.4,Sri Lanka,Pakistan,TM Dilshan,ST Jayasuriya,Umar Gul,0,0,,,,,,,,,
385751,2008/09,2009-01-24,Gaddafi Stadium,1,13.5,Sri Lanka,Pakistan,TM Dilshan,ST Jayasuriya,Umar Gul,0,0,,,,,,,,,
385751,2008/09,2009-01-24,Gaddafi Stadium,1,13.6,Sri Lanka,Pakistan,TM Dilshan,ST Jayasuriya,Umar Gul,0,0,,,,,,,,,
385751,2008/09,2009-01-24,Gaddafi Stadium,1,14.1,Sri Lanka,Pakistan,ST Jayasuriya,TM Dilshan,Iftikhar Anjum,6,0,,,,,,,,,
385751,2008/09,2009-01-24,Gaddafi Stadium,1,14.2,Sri Lanka,Pakistan,ST Jayasuriya,TM Dilshan,Iftikhar Anjum,4,0,,,,,,,,,
385751,2008/09,2009-01-24,Gaddafi Stadium,1,14.3,Sri Lanka,Pakistan,ST Jayasuriya,TM Dilshan,Iftikhar Anjum,4,0,,,,,,,,,
385751,2008/09,2009-01-24,Gaddafi Stadium,1,14.4,Sri Lanka,Pakistan,ST Jayasuriya,TM Dilshan,Iftikhar Anjum,0,5,5,,,,,,,,
385751,2008/09,2009-01-24,Gaddafi Stadium,1,14.5,Sri Lanka,Pakistan,ST Jayasuriya,TM Dilshan,Iftikhar Anjum,0,1,,1,,,,,,,
385751,2008/09,2009-01-24,Gaddafi Stadium,1,14.6,Sri Lanka,Pakistan,ST Jayasuriya,TM Dilshan,Iftikhar Anjum,0,0,,,,,,,,,
385751,2008/09,2009-01-24,Gaddafi Stadium,1,14.7,Sri Lanka,Pakistan,ST Jayasuriya,TM Dilshan,Iftikhar Anjum,4,0,,,,,,,,,
385751,2008/09,2009-01-24,Gaddafi Stadium,1,14.8,Sri Lanka,Pakistan,ST Jayasuriya,TM Dilshan,Iftikhar Anjum,0,1,,,,1,,,,,
385751,2008/09,2009-01-24,Gaddafi Stadium,1,15.1,Sri Lanka,Pakistan,ST Jayasuriya,TM Dilshan,Umar Gul,0,0,,,,,,caught,ST Jayasuriya,,
385751,2008/09,2009-01-24,Gaddafi Stadium,1,15.2,Sri Lanka,Pakistan,TM Dilshan,KC Sangakkara,Umar Gul,1,0,,,,,,,,,
385751,2008/09,2009-01-24,Gaddafi Stadium,1,15.3,Sri Lanka,Pakistan,KC Sangakkara,TM Dilshan,Umar Gul,0,0,,,,,,,,,
385751,2008/09,2009-01-24,Gaddafi Stadium,1,15.4,Sri Lanka,Pakistan,KC Sangakkara,TM Dilshan,Umar Gul,0,0,,,,,,,,,
385751,2008/09,2009-01-24,Gaddafi Stadium,1,15.5,Sri Lanka,Pakistan,KC Sangakkara,TM Dilshan,Umar Gul,0,0,,,,,,,,,
385751,2008/09,2009-01-24,Gaddafi Stadium,1,15.6,Sri Lanka,Pakistan,KC Sangakkara,TM Dilshan,Umar Gul,3,0,,,,,,,,,
385751,2008/09,2009-01-24,Gaddafi Stadium,1,16.1,Sri Lanka,Pakistan,KC Sangakkara,TM Dilshan,Saeed Ajmal,0,0,,,,,,,,,
385751,2008/09,2009-01-24,Gaddafi Stadium,1,16.2,Sri Lanka,Pakistan,KC Sangakkara,TM Dilshan,Saeed Ajmal,3,0,,,,,,,,,
385751,2008/09,2009-01-24,Gaddafi Stadium,1,16.3,Sri Lanka,Pakistan,TM Dilshan,KC Sangakkara,Saeed Ajmal,0,0,,,,,,,,,
385751,2008/09,2009-01-24,Gaddafi Stadium,1,16.4,Sri Lanka,Pakistan,TM Dilshan,KC Sangakkara,Saeed Ajmal,2,0,,,,,,,,,
385751,2008/09,2009-01-24,Gaddafi Stadium,1,16.5,Sri Lanka,Pakistan,TM Dilshan,KC Sangakkara,Saeed Ajmal,0,0,,,,,,,,,
385751,2008/09,2009-01-24,Gaddafi Stadium,1,16.6,Sri Lanka,Pakistan,TM Dilshan,KC Sangakkara,Saeed Ajmal,1,0,,,,,,,,,
385751,2008/09,2009-01-24,Gaddafi Stadium,1,17.1,Sri Lanka,Pakistan,TM Dilshan,KC Sangakkara,Iftikhar Anjum,4,0,,,,,,,,,
385751,2008/09,2009-01-24,Gaddafi Stadium,1,17.2,Sri Lanka,Pakistan,TM Dilshan,KC Sangakkara,Iftikhar Anjum,1,0,,,,,,,,,
385751,2008/09,2009-01-24,Gaddafi Stadium,1,17.3,Sri Lanka,Pakistan,KC Sangakkara,TM Dilshan,Iftikhar Anjum,0,0,,,,,,,,,
385751,2008/09,2009-01-24,Gaddafi Stadium,1,17.4,Sri Lanka,Pakistan,KC Sangakkara,TM Dilshan,Iftikhar Anjum,0,0,,,,,,,,,
385751,2008/09,2009-01-24,Gaddafi Stadium,1,17.5,Sri Lanka,Pakistan,KC Sangakkara,TM Dilshan,Iftikhar Anjum,4,0,,,,,,,,,
385751,2008/09,2009-01-24,Gaddafi Stadium,1,17.6,Sri Lanka,Pakistan,KC Sangakkara,TM Dilshan,Iftikhar Anjum,1,0,,,,,,,,,
385751,2008/09,2009-01-24,Gaddafi Stadium,1,18.1,Sri Lanka,Pakistan,KC Sangakkara,TM Dilshan,Saeed Ajmal,1,0,,,,,,,,,
385751,2008/09,2009-01-24,Gaddafi Stadium,1,18.2,Sri Lanka,Pakistan,TM Dilshan,KC Sangakkara,Saeed Ajmal,3,0,,,,,,,,,
385751,2008/09,2009-01-24,Gaddafi Stadium,1,18.3,Sri Lanka,Pakistan,KC Sangakkara,TM Dilshan,Saeed Ajmal,1,0,,,,,,,,,
385751,2008/09,2009-01-24,Gaddafi Stadium,1,18.4,Sri Lanka,Pakistan,TM Dilshan,KC Sangakkara,Saeed Ajmal,0,0,,,,,,,,,
385751,2008/09,2009-01-24,Gaddafi Stadium,1,18.5,Sri Lanka,Pakistan,TM Dilshan,KC Sangakkara,Saeed Ajmal,1,0,,,,,,,,,
385751,2008/09,2009-01-24,Gaddafi Stadium,1,18.6,Sri Lanka,Pakistan,KC Sangakkara,TM Dilshan,Saeed Ajmal,0,0,,,,,,,,,
385751,2008/09,2009-01-24,Gaddafi Stadium,1,19.1,Sri Lanka,Pakistan,TM Dilshan,KC Sangakkara,Shahid Afridi,0,0,,,,,,,,,
385751,2008/09,2009-01-24,Gaddafi Stadium,1,19.2,Sri Lanka,Pakistan,TM Dilshan,KC Sangakkara,Shahid Afridi,1,0,,,,,,,,,
385751,2008/09,2009-01-24,Gaddafi Stadium,1,19.3,Sri Lanka,Pakistan,KC Sangakkara,TM Dilshan,Shahid Afridi,1,0,,,,,,,,,
385751,2008/09,2009-01-24,Gaddafi Stadium,1,19.4,Sri Lanka,Pakistan,TM Dilshan,KC Sangakkara,Shahid Afridi,1,0,,,,,,,,,
385751,2008/09,2009-01-24,Gaddafi Stadium,1,19.5,Sri Lanka,Pakistan,KC Sangakkara,TM Dilshan,Shahid Afridi,0,0,,,,,,,,,
385751,2008/09,2009-01-24,Gaddafi Stadium,1,19.6,Sri Lanka,Pakistan,KC Sangakkara,TM Dilshan,Shahid Afridi,0,0,,,,,,,,,
385751,2008/09,2009-01-24,Gaddafi Stadium,1,20.1,Sri Lanka,Pakistan,TM Dilshan,KC Sangakkara,Saeed Ajmal,0,0,,,,,,,,,
385751,2008/09,2009-01-24,Gaddafi Stadium,1,20.2,Sri Lanka,Pakistan,TM Dilshan,KC Sangakkara,Saeed Ajmal,1,0,,,,,,,,,
385751,2008/09,2009-01-24,Gaddafi Stadium,1,20.3,Sri Lanka,Pakistan,KC Sangakkara,TM Dilshan,Saeed Ajmal,2,0,,,,,,,,,
385751,2008/09,2009-01-24,Gaddafi Stadium,1,20.4,Sri Lanka,Pakistan,KC Sangakkara,TM Dilshan,Saeed Ajmal,1,0,,,,,,,,,
385751,2008/09,2009-01-24,Gaddafi Stadium,1,20.5,Sri Lanka,Pakistan,TM Dilshan,KC Sangakkara,Saeed Ajmal,2,0,,,,,,,,,
385751,2008/09,2009-01-24,Gaddafi Stadium,1,20.6,Sri Lanka,Pakistan,TM Dilshan,KC Sangakkara,Saeed Ajmal,0,0,,,,,,,,,
385751,2008/09,2009-01-24,Gaddafi Stadium,1,21.1,Sri Lanka,Pakistan,KC Sangakkara,TM Dilshan,Shahid Afridi,1,0,,,,,,,,,
385751,2008/09,2009-01-24,Gaddafi Stadium,1,21.2,Sri Lanka,Pakistan,TM Dilshan,KC Sangakkara,Shahid Afridi,1,0,,,,,,,,,
385751,2008/09,2009-01-24,Gaddafi Stadium,1,21.3,Sri Lanka,Pakistan,KC Sangakkara,TM Dilshan,Shahid Afridi,1,0,,,,,,,,,
385751,2008/09,2009-01-24,Gaddafi Stadium,1,21.4,Sri Lanka,Pakistan,TM Dilshan,KC Sangakkara,Shahid Afridi,1,0,,,,,,,,,
385751,2008/09,2009-01-24,Gaddafi Stadium,1,21.5,Sri Lanka,Pakistan,KC Sangakkara,TM Dilshan,Shahid Afridi,1,0,,,,,,,,,
385751,2008/09,2009-01-24,Gaddafi Stadium,1,21.6,Sri Lanka,Pakistan,TM Dilshan,KC Sangakkara,Shahid Afridi,0,0,,,,,,,,,
385751,2008/09,2009-01-24,Gaddafi Stadium,1,22.1,Sri Lanka,Pakistan,KC Sangakkara,TM Dilshan,Saeed Ajmal,0,0,,,,,,,,,
385751,2008/09,2009-01-24,Gaddafi Stadium,1,22.2,Sri Lanka,Pakistan,KC Sangakkara,TM Dilshan,Saeed Ajmal,0,0,,,,,,,,,
385751,2008/09,2009-01-24,Gaddafi Stadium,1,22.3,Sri Lanka,Pakistan,KC Sangakkara,TM Dilshan,Saeed Ajmal,0,0,,,,,,,,,
385751,2008/09,2009-01-24,Gaddafi Stadium,1,22.4,Sri Lanka,Pakistan,KC Sangakkara,TM Dilshan,Saeed Ajmal,2,0,,,,,,,,,
385751,2008/09,2009-01-24,Gaddafi Stadium,1,22.5,Sri Lanka,Pakistan,KC Sangakkara,TM Dilshan,Saeed Ajmal,0,0,,,,,,,,,
385751,2008/09,2009-01-24,Gaddafi Stadium,1,22.6,Sri Lanka,Pakistan,KC Sangakkara,TM Dilshan,Saeed Ajmal,0,0,,,,,,,,,
385751,2008/09,2009-01-24,Gaddafi Stadium,1,23.1,Sri Lanka,Pakistan,TM Dilshan,KC Sangakkara,Shahid Afridi,1,0,,,,,,,,,
385751,2008/09,2009-01-24,Gaddafi Stadium,1,23.2,Sri Lanka,Pakistan,KC Sangakkara,TM Dilshan,Shahid Afridi,0,0,,,,,,,,,
385751,2008/09,2009-01-24,Gaddafi Stadium,1,23.3,Sri Lanka,Pakistan,KC Sangakkara,TM Dilshan,Shahid Afridi,1,0,,,,,,,,,
385751,2008/09,2009-01-24,Gaddafi Stadium,1,23.4,Sri Lanka,Pakistan,TM Dilshan,KC Sangakkara,Shahid Afridi,2,0,,,,,,,,,
385751,2008/09,2009-01-24,Gaddafi Stadium,1,23.5,Sri Lanka,Pakistan,TM Dilshan,KC Sangakkara,Shahid Afridi,1,0,,,,,,,,,
385751,2008/09,2009-01-24,Gaddafi Stadium,1,23.6,Sri Lanka,Pakistan,KC Sangakkara,TM Dilshan,Shahid Afridi,1,0,,,,,,,,,
385751,2008/09,2009-01-24,Gaddafi Stadium,1,24.1,Sri Lanka,Pakistan,KC Sangakkara,TM Dilshan,Saeed Ajmal,1,0,,,,,,,,,
385751,2008/09,2009-01-24,Gaddafi Stadium,1,24.2,Sri Lanka,Pakistan,TM Dilshan,KC Sangakkara,Saeed Ajmal,1,0,,,,,,,,,
385751,2008/09,2009-01-24,Gaddafi Stadium,1,24.3,Sri Lanka,Pakistan,KC Sangakkara,TM Dilshan,Saeed Ajmal,0,0,,,,,,,,,
385751,2008/09,2009-01-24,Gaddafi Stadium,1,24.4,Sri Lanka,Pakistan,KC Sangakkara,TM Dilshan,Saeed Ajmal,0,0,,,,,,,,,
385751,2008/09,2009-01-24,Gaddafi Stadium,1,24.5,Sri Lanka,Pakistan,KC Sangakkara,TM Dilshan,Saeed Ajmal,0,0,,,,,,,,,
385751,2008/09,2009-01-24,Gaddafi Stadium,1,24.6,Sri Lanka,Pakistan,KC Sangakkara,TM Dilshan,Saeed Ajmal,3,0,,,,,,,,,
385751,2008/09,2009-01-24,Gaddafi Stadium,1,25.1,Sri Lanka,Pakistan,KC Sangakkara,TM Dilshan,Shahid Afridi,1,0,,,,,,,,,
385751,2008/09,2009-01-24,Gaddafi Stadium,1,25.2,Sri Lanka,Pakistan,TM Dilshan,KC Sangakkara,Shahid Afridi,1,0,,,,,,,,,
385751,2008/09,2009-01-24,Gaddafi Stadium,1,25.3,Sri Lanka,Pakistan,KC Sangakkara,TM Dilshan,Shahid Afridi,0,0,,,,,,,,,
385751,2008/09,2009-01-24,Gaddafi Stadium,1,25.4,Sri Lanka,Pakistan,KC Sangakkara,TM Dilshan,Shahid Afridi,1,0,,,,,,,,,
385751,2008/09,2009-01-24,Gaddafi Stadium,1,25.5,Sri Lanka,Pakistan,TM Dilshan,KC Sangakkara,Shahid Afridi,1,0,,,,,,,,,
385751,2008/09,2009-01-24,Gaddafi Stadium,1,25.6,Sri Lanka,Pakistan,KC Sangakkara,TM Dilshan,Shahid Afridi,1,0,,,,,,,,,
385751,2008/09,2009-01-24,Gaddafi Stadium,1,26.1,Sri Lanka,Pakistan,KC Sangakkara,TM Dilshan,Saeed Ajmal,0,0,,,,,,,,,
385751,2008/09,2009-01-24,Gaddafi Stadium,1,26.2,Sri Lanka,Pakistan,KC Sangakkara,TM Dilshan,Saeed Ajmal,1,0,,,,,,,,,
385751,2008/09,2009-01-24,Gaddafi Stadium,1,26.3,Sri Lanka,Pakistan,TM Dilshan,KC Sangakkara,Saeed Ajmal,0,0,,,,,,,,,
385751,2008/09,2009-01-24,Gaddafi Stadium,1,26.4,Sri Lanka,Pakistan,TM Dilshan,KC Sangakkara,Saeed Ajmal,2,0,,,,,,,,,
385751,2008/09,2009-01-24,Gaddafi Stadium,1,26.5,Sri Lanka,Pakistan,TM Dilshan,KC Sangakkara,Saeed Ajmal,2,0,,,,,,,,,
385751,2008/09,2009-01-24,Gaddafi Stadium,1,26.6,Sri Lanka,Pakistan,TM Dilshan,KC Sangakkara,Saeed Ajmal,1,0,,,,,,,,,
385751,2008/09,2009-01-24,Gaddafi Stadium,1,27.1,Sri Lanka,Pakistan,TM Dilshan,KC Sangakkara,Shahid Afridi,1,0,,,,,,,,,
385751,2008/09,2009-01-24,Gaddafi Stadium,1,27.2,Sri Lanka,Pakistan,KC Sangakkara,TM Dilshan,Shahid Afridi,2,0,,,,,,,,,
385751,2008/09,2009-01-24,Gaddafi Stadium,1,27.3,Sri Lanka,Pakistan,KC Sangakkara,TM Dilshan,Shahid Afridi,1,0,,,,,,,,,
385751,2008/09,2009-01-24,Gaddafi Stadium,1,27.4,Sri Lanka,Pakistan,TM Dilshan,KC Sangakkara,Shahid Afridi,0,0,,,,,,,,,
385751,2008/09,2009-01-24,Gaddafi Stadium,1,27.5,Sri Lanka,Pakistan,TM Dilshan,KC Sangakkara,Shahid Afridi,1,0,,,,,,,,,
385751,2008/09,2009-01-24,Gaddafi Stadium,1,27.6,Sri Lanka,Pakistan,KC Sangakkara,TM Dilshan,Shahid Afridi,1,0,,,,,,,,,
385751,2008/09,2009-01-24,Gaddafi Stadium,1,28.1,Sri Lanka,Pakistan,KC Sangakkara,TM Dilshan,Shoaib Malik,1,0,,,,,,,,,
385751,2008/09,2009-01-24,Gaddafi Stadium,1,28.2,Sri Lanka,Pakistan,TM Dilshan,KC Sangakkara,Shoaib Malik,2,0,,,,,,,,,
385751,2008/09,2009-01-24,Gaddafi Stadium,1,28.3,Sri Lanka,Pakistan,TM Dilshan,KC Sangakkara,Shoaib Malik,0,0,,,,,,,,,
385751,2008/09,2009-01-24,Gaddafi Stadium,1,28.4,Sri Lanka,Pakistan,TM Dilshan,KC Sangakkara,Shoaib Malik,1,0,,,,,,,,,
385751,2008/09,2009-01-24,Gaddafi Stadium,1,28.5,Sri Lanka,Pakistan,KC Sangakkara,TM Dilshan,Shoaib Malik,0,5,5,,,,,,,,
385751,2008/09,2009-01-24,Gaddafi Stadium,1,28.6,Sri Lanka,Pakistan,KC Sangakkara,TM Dilshan,Shoaib Malik,1,0,,,,,,,,,
385751,2008/09,2009-01-24,Gaddafi Stadium,1,28.7,Sri Lanka,Pakistan,TM Dilshan,KC Sangakkara,Shoaib Malik,2,0,,,,,,,,,
385751,2008/09,2009-01-24,Gaddafi Stadium,1,29.1,Sri Lanka,Pakistan,KC Sangakkara,TM Dilshan,Shahid Afridi,0,1,1,,,,,,,,
385751,2008/09,2009-01-24,Gaddafi Stadium,1,29.2,Sri Lanka,Pakistan,KC Sangakkara,TM Dilshan,Shahid Afridi,0,0,,,,,,,,,
385751,2008/09,2009-01-24,Gaddafi Stadium,1,29.3,Sri Lanka,Pakistan,KC Sangakkara,TM Dilshan,Shahid Afridi,4,0,,,,,,,,,
385751,2008/09,2009-01-24,Gaddafi Stadium,1,29.4,Sri Lanka,Pakistan,KC Sangakkara,TM Dilshan,Shahid Afridi,1,0,,,,,,,,,
385751,2008/09,2009-01-24,Gaddafi Stadium,1,29.5,Sri Lanka,Pakistan,TM Dilshan,KC Sangakkara,Shahid Afridi,1,0,,,,,,,,,
385751,2008/09,2009-01-24,Gaddafi Stadium,1,29.6,Sri Lanka,Pakistan,KC Sangakkara,TM Dilshan,Shahid Afridi,2,0,,,,,,,,,
385751,2008/09,2009-01-24,Gaddafi Stadium,1,29.7,Sri Lanka,Pakistan,KC Sangakkara,TM Dilshan,Shahid Afridi,1,0,,,,,,,,,
385751,2008/09,2009-01-24,Gaddafi Stadium,1,30.1,Sri Lanka,Pakistan,KC Sangakkara,TM Dilshan,Shoaib Malik,0,0,,,,,,,,,
385751,2008/09,2009-01-24,Gaddafi Stadium,1,30.2,Sri Lanka,Pakistan,KC Sangakkara,TM Dilshan,Shoaib Malik,1,0,,,,,,,,,
385751,2008/09,2009-01-24,Gaddafi Stadium,1,30.3,Sri Lanka,Pakistan,TM Dilshan,KC Sangakkara,Shoaib Malik,1,0,,,,,,,,,
385751,2008/09,2009-01-24,Gaddafi Stadium,1,30.4,Sri Lanka,Pakistan,KC Sangakkara,TM Dilshan,Shoaib Malik,1,0,,,,,,,,,
385751,2008/09,2009-01-24,Gaddafi Stadium,1,30.5,Sri Lanka,Pakistan,TM Dilshan,KC Sangakkara,Shoaib Malik,0,0,,,,,,,,,
385751,2008/09,2009-01-24,Gaddafi Stadium,1,30.6,Sri Lanka,Pakistan,TM Dilshan,KC Sangakkara,Shoaib Malik,0,0,,,,,,,,,
385751,2008/09,2009-01-24,Gaddafi Stadium,1,31.1,Sri Lanka,Pakistan,KC Sangakkara,TM Dilshan,Shahid Afridi,1,0,,,,,,,,,
385751,2008/09,2009-01-24,Gaddafi Stadium,1,31.2,Sri Lanka,Pakistan,TM Dilshan,KC Sangakkara,Shahid Afridi,2,0,,,,,,,,,
385751,2008/09,2009-01-24,Gaddafi Stadium,1,31.3,Sri Lanka,Pakistan,TM Dilshan,KC Sangakkara,Shahid Afridi,1,0,,,,,,,,,
385751,2008/09,2009-01-24,Gaddafi Stadium,1,31.4,Sri Lanka,Pakistan,KC Sangakkara,TM Dilshan,Shahid Afridi,1,0,,,,,,,,,
385751,2008/09,2009-01-24,Gaddafi Stadium,1,31.5,Sri Lanka,Pakistan,TM Dilshan,KC Sangakkara,Shahid Afridi,0,0,,,,,,,,,
385751,2008/09,2009-01-24,Gaddafi Stadium,1,31.6,Sri Lanka,Pakistan,TM Dilshan,KC Sangakkara,Shahid Afridi,1,0,,,,,,,,,
385751,2008/09,2009-01-24,Gaddafi Stadium,1,32.1,Sri Lanka,Pakistan,TM Dilshan,KC Sangakkara,Shoaib Malik,3,0,,,,,,,,,
385751,2008/09,2009-01-24,Gaddafi Stadium,1,32.2,Sri Lanka,Pakistan,KC Sangakkara,TM Dilshan,Shoaib Malik,0,0,,,,,,,,,
385751,2008/09,2009-01-24,Gaddafi Stadium,1,32.3,Sri Lanka,Pakistan,KC Sangakkara,TM Dilshan,Shoaib Malik,0,0,,,,,,run out,KC Sangakkara,,
385751,2008/09,2009-01-24,Gaddafi Stadium,1,32.4,Sri Lanka,Pakistan,SHT Kandamby,TM Dilshan,Shoaib Malik,1,0,,,,,,,,,
385751,2008/09,2009-01-24,Gaddafi Stadium,1,32.5,Sri Lanka,Pakistan,TM Dilshan,SHT Kandamby,Shoaib Malik,0,0,,,,,,,,,
385751,2008/09,2009-01-24,Gaddafi Stadium,1,32.6,Sri Lanka,Pakistan,TM Dilshan,SHT Kandamby,Shoaib Malik,0,0,,,,,,,,,
385751,2008/09,2009-01-24,Gaddafi Stadium,1,33.1,Sri Lanka,Pakistan,SHT Kandamby,TM Dilshan,Shahid Afridi,1,0,,,,,,,,,
385751,2008/09,2009-01-24,Gaddafi Stadium,1,33.2,Sri Lanka,Pakistan,TM Dilshan,SHT Kandamby,Shahid Afridi,1,0,,,,,,,,,
385751,2008/09,2009-01-24,Gaddafi Stadium,1,33.3,Sri Lanka,Pakistan,SHT Kandamby,TM Dilshan,Shahid Afridi,0,0,,,,,,,,,
385751,2008/09,2009-01-24,Gaddafi Stadium,1,33.4,Sri Lanka,Pakistan,SHT Kandamby,TM Dilshan,Shahid Afridi,1,0,,,,,,,,,
385751,2008/09,2009-01-24,Gaddafi Stadium,1,33.5,Sri Lanka,Pakistan,TM Dilshan,SHT Kandamby,Shahid Afridi,0,0,,,,,,,,,
385751,2008/09,2009-01-24,Gaddafi Stadium,1,33.6,Sri Lanka,Pakistan,TM Dilshan,SHT Kandamby,Shahid Afridi,1,0,,,,,,,,,
385751,2008/09,2009-01-24,Gaddafi Stadium,1,34.1,Sri Lanka,Pakistan,TM Dilshan,SHT Kandamby,Shoaib Malik,1,0,,,,,,,,,
385751,2008/09,2009-01-24,Gaddafi Stadium,1,34.2,Sri Lanka,Pakistan,SHT Kandamby,TM Dilshan,Shoaib Malik,2,0,,,,,,,,,
385751,2008/09,2009-01-24,Gaddafi Stadium,1,34.3,Sri Lanka,Pakistan,SHT Kandamby,TM Dilshan,Shoaib Malik,0,0,,,,,,,,,
385751,2008/09,2009-01-24,Gaddafi Stadium,1,34.4,Sri Lanka,Pakistan,SHT Kandamby,TM Dilshan,Shoaib Malik,1,0,,,,,,,,,
385751,2008/09,2009-01-24,Gaddafi Stadium,1,34.5,Sri Lanka,Pakistan,TM Dilshan,SHT Kandamby,Shoaib Malik,1,0,,,,,,,,,
385751,2008/09,2009-01-24,Gaddafi Stadium,1,34.6,Sri Lanka,Pakistan,SHT Kandamby,TM Dilshan,Shoaib Malik,1,0,,,,,,,,,
385751,2008/09,2009-01-24,Gaddafi Stadium,1,35.1,Sri Lanka,Pakistan,SHT Kandamby,TM Dilshan,Shahid Afridi,0,0,,,,,,,,,
385751,2008/09,2009-01-24,Gaddafi Stadium,1,35.2,Sri Lanka,Pakistan,SHT Kandamby,TM Dilshan,Shahid Afridi,0,0,,,,,,,,,
385751,2008/09,2009-01-24,Gaddafi Stadium,1,35.3,Sri Lanka,Pakistan,SHT Kandamby,TM Dilshan,Shahid Afridi,1,0,,,,,,,,,
385751,2008/09,2009-01-24,Gaddafi Stadium,1,35.4,Sri Lanka,Pakistan,TM Dilshan,SHT Kandamby,Shahid Afridi,3,0,,,,,,,,,
385751,2008/09,2009-01-24,Gaddafi Stadium,1,35.5,Sri Lanka,Pakistan,SHT Kandamby,TM Dilshan,Shahid Afridi,0,0,,,,,,,,,
385751,2008/09,2009-01-24,Gaddafi Stadium,1,35.6,Sri Lanka,Pakistan,SHT Kandamby,TM Dilshan,Shahid Afridi,1,0,,,,,,,,,
385751,2008/09,2009-01-24,Gaddafi Stadium,1,36.1,Sri Lanka,Pakistan,SHT Kandamby,TM Dilshan,Shoaib Malik,1,0,,,,,,,,,
385751,2008/09,2009-01-24,Gaddafi Stadium,1,36.2,Sri Lanka,Pakistan,TM Dilshan,SHT Kandamby,Shoaib Malik,1,0,,,,,,,,,
385751,2008/09,2009-01-24,Gaddafi Stadium,1,36.3,Sri Lanka,Pakistan,SHT Kandamby,TM Dilshan,Shoaib Malik,1,0,,,,,,,,,
385751,2008/09,2009-01-24,Gaddafi Stadium,1,36.4,Sri Lanka,Pakistan,TM Dilshan,SHT Kandamby,Shoaib Malik,4,0,,,,,,,,,
385751,2008/09,2009-01-24,Gaddafi Stadium,1,36.5,Sri Lanka,Pakistan,TM Dilshan,SHT Kandamby,Shoaib Malik,0,0,,,,,,,,,
385751,2008/09,2009-01-24,Gaddafi Stadium,1,36.6,Sri Lanka,Pakistan,TM Dilshan,SHT Kandamby,Shoaib Malik,0,0,,,,,,,,,
385751,2008/09,2009-01-24,Gaddafi Stadium,1,37.1,Sri Lanka,Pakistan,SHT Kandamby,TM Dilshan,Shahid Afridi,0,0,,,,,,,,,
385751,2008/09,2009-01-24,Gaddafi Stadium,1,37.2,Sri Lanka,Pakistan,SHT Kandamby,TM Dilshan,Shahid Afridi,4,0,,,,,,,,,
385751,2008/09,2009-01-24,Gaddafi Stadium,1,37.3,Sri Lanka,Pakistan,SHT Kandamby,TM Dilshan,Shahid Afridi,2,0,,,,,,,,,
385751,2008/09,2009-01-24,Gaddafi Stadium,1,37.4,Sri Lanka,Pakistan,SHT Kandamby,TM Dilshan,Shahid Afridi,1,0,,,,,,,,,
385751,2008/09,2009-01-24,Gaddafi Stadium,1,37.5,Sri Lanka,Pakistan,TM Dilshan,SHT Kandamby,Shahid Afridi,0,0,,,,,,,,,
385751,2008/09,2009-01-24,Gaddafi Stadium,1,37.6,Sri Lanka,Pakistan,TM Dilshan,SHT Kandamby,Shahid Afridi,0,1,1,,,,,,,,
385751,2008/09,2009-01-24,Gaddafi Stadium,1,37.7,Sri Lanka,Pakistan,TM Dilshan,SHT Kandamby,Shahid Afridi,2,0,,,,,,,,,
385751,2008/09,2009-01-24,Gaddafi Stadium,1,38.1,Sri Lanka,Pakistan,SHT Kandamby,TM Dilshan,Shoaib Malik,1,0,,,,,,,,,
385751,2008/09,2009-01-24,Gaddafi Stadium,1,38.2,Sri Lanka,Pakistan,TM Dilshan,SHT Kandamby,Shoaib Malik,1,0,,,,,,,,,
385751,2008/09,2009-01-24,Gaddafi Stadium,1,38.3,Sri Lanka,Pakistan,SHT Kandamby,TM Dilshan,Shoaib Malik,0,0,,,,,,,,,
385751,2008/09,2009-01-24,Gaddafi Stadium,1,38.4,Sri Lanka,Pakistan,SHT Kandamby,TM Dilshan,Shoaib Malik,1,0,,,,,,,,,
385751,2008/09,2009-01-24,Gaddafi Stadium,1,38.5,Sri Lanka,Pakistan,TM Dilshan,SHT Kandamby,Shoaib Malik,1,0,,,,,,,,,
385751,2008/09,2009-01-24,Gaddafi Stadium,1,38.6,Sri Lanka,Pakistan,SHT Kandamby,TM Dilshan,Shoaib Malik,1,0,,,,,,,,,
385751,2008/09,2009-01-24,Gaddafi Stadium,1,39.1,Sri Lanka,Pakistan,SHT Kandamby,TM Dilshan,Saeed Ajmal,4,0,,,,,,,,,
385751,2008/09,2009-01-24,Gaddafi Stadium,1,39.2,Sri Lanka,Pakistan,SHT Kandamby,TM Dilshan,Saeed Ajmal,1,0,,,,,,,,,
385751,2008/09,2009-01-24,Gaddafi Stadium,1,39.3,Sri Lanka,Pakistan,TM Dilshan,SHT Kandamby,Saeed Ajmal,0,0,,,,,,,,,
385751,2008/09,2009-01-24,Gaddafi Stadium,1,39.4,Sri Lanka,Pakistan,TM Dilshan,SHT Kandamby,Saeed Ajmal,1,0,,,,,,,,,
385751,2008/09,2009-01-24,Gaddafi Stadium,1,39.5,Sri Lanka,Pakistan,SHT Kandamby,TM Dilshan,Saeed Ajmal,1,0,,,,,,,,,
385751,2008/09,2009-01-24,Gaddafi Stadium,1,39.6,Sri Lanka,Pakistan,TM Dilshan,SHT Kandamby,Saeed Ajmal,1,0,,,,,,,,,
385751,2008/09,2009-01-24,Gaddafi Stadium,1,40.1,Sri Lanka,Pakistan,TM Dilshan,SHT Kandamby,Shoaib Malik,1,0,,,,,,,,,
385751,2008/09,2009-01-24,Gaddafi Stadium,1,40.2,Sri Lanka,Pakistan,SHT Kandamby,TM Dilshan,Shoaib Malik,1,0,,,,,,,,,
385751,2008/09,2009-01-24,Gaddafi Stadium,1,40.3,Sri Lanka,Pakistan,TM Dilshan,SHT Kandamby,Shoaib Malik,3,0,,,,,,,,,
385751,2008/09,2009-01-24,Gaddafi Stadium,1,40.4,Sri Lanka,Pakistan,SHT Kandamby,TM Dilshan,Shoaib Malik,0,0,,,,,,,,,
385751,2008/09,2009-01-24,Gaddafi Stadium,1,40.5,Sri Lanka,Pakistan,SHT Kandamby,TM Dilshan,Shoaib Malik,1,0,,,,,,,,,
385751,2008/09,2009-01-24,Gaddafi Stadium,1,40.6,Sri Lanka,Pakistan,TM Dilshan,SHT Kandamby,Shoaib Malik,0,0,,,,,,,,,
385751,2008/09,2009-01-24,Gaddafi Stadium,1,41.1,Sri Lanka,Pakistan,SHT Kandamby,TM Dilshan,Saeed Ajmal,1,0,,,,,,,,,
385751,2008/09,2009-01-24,Gaddafi Stadium,1,41.2,Sri Lanka,Pakistan,TM Dilshan,SHT Kandamby,Saeed Ajmal,0,0,,,,,,,,,
385751,2008/09,2009-01-24,Gaddafi Stadium,1,41.3,Sri Lanka,Pakistan,TM Dilshan,SHT Kandamby,Saeed Ajmal,0,0,,,,,,,,,
385751,2008/09,2009-01-24,Gaddafi Stadium,1,41.4,Sri Lanka,Pakistan,TM Dilshan,SHT Kandamby,Saeed Ajmal,0,0,,,,,,,,,
385751,2008/09,2009-01-24,Gaddafi Stadium,1,41.5,Sri Lanka,Pakistan,TM Dilshan,SHT Kandamby,Saeed Ajmal,1,0,,,,,,,,,
385751,2008/09,2009-01-24,Gaddafi Stadium,1,41.6,Sri Lanka,Pakistan,SHT Kandamby,TM Dilshan,Saeed Ajmal,1,0,,,,,,,,,
385751,2008/09,2009-01-24,Gaddafi Stadium,1,42.1,Sri Lanka,Pakistan,SHT Kandamby,TM Dilshan,Sohail Khan,0,0,,,,,,,,,
385751,2008/09,2009-01-24,Gaddafi Stadium,1,42.2,Sri Lanka,Pakistan,SHT Kandamby,TM Dilshan,Sohail Khan,1,0,,,,,,,,,
385751,2008/09,2009-01-24,Gaddafi Stadium,1,42.3,Sri Lanka,Pakistan,TM Dilshan,SHT Kandamby,Sohail Khan,1,0,,,,,,,,,
385751,2008/09,2009-01-24,Gaddafi Stadium,1,42.4,Sri Lanka,Pakistan,SHT Kandamby,TM Dilshan,Sohail Khan,0,0,,,,,,caught,SHT Kandamby,,
385751,2008/09,2009-01-24,Gaddafi Stadium,1,42.5,Sri Lanka,Pakistan,TM Dilshan,DPMD Jayawardene,Sohail Khan,4,0,,,,,,,,,
385751,2008/09,2009-01-24,Gaddafi Stadium,1,42.6,Sri Lanka,Pakistan,TM Dilshan,DPMD Jayawardene,Sohail Khan,0,0,,,,,,,,,
385751,2008/09,2009-01-24,Gaddafi Stadium,1,43.1,Sri Lanka,Pakistan,DPMD Jayawardene,TM Dilshan,Saeed Ajmal,0,0,,,,,,,,,
385751,2008/09,2009-01-24,Gaddafi Stadium,1,43.2,Sri Lanka,Pakistan,DPMD Jayawardene,TM Dilshan,Saeed Ajmal,1,0,,,,,,,,,
385751,2008/09,2009-01-24,Gaddafi Stadium,1,43.3,Sri Lanka,Pakistan,TM Dilshan,DPMD Jayawardene,Saeed Ajmal,1,0,,,,,,,,,
385751,2008/09,2009-01-24,Gaddafi Stadium,1,43.4,Sri Lanka,Pakistan,DPMD Jayawardene,TM Dilshan,Saeed Ajmal,1,0,,,,,,,,,
385751,2008/09,2009-01-24,Gaddafi Stadium,1,43.5,Sri Lanka,Pakistan,TM Dilshan,DPMD Jayawardene,Saeed Ajmal,1,0,,,,,,,,,
385751,2008/09,2009-01-24,Gaddafi Stadium,1,43.6,Sri Lanka,Pakistan,DPMD Jayawardene,TM Dilshan,Saeed Ajmal,0,1,1,,,,,,,,
385751,2008/09,2009-01-24,Gaddafi Stadium,1,43.7,Sri Lanka,Pakistan,DPMD Jayawardene,TM Dilshan,Saeed Ajmal,4,0,,,,,,,,,
385751,2008/09,2009-01-24,Gaddafi Stadium,1,44.1,Sri Lanka,Pakistan,TM Dilshan,DPMD Jayawardene,Sohail Khan,1,0,,,,,,,,,
385751,2008/09,2009-01-24,Gaddafi Stadium,1,44.2,Sri Lanka,Pakistan,DPMD Jayawardene,TM Dilshan,Sohail Khan,0,0,,,,,,,,,
385751,2008/09,2009-01-24,Gaddafi Stadium,1,44.3,Sri Lanka,Pakistan,DPMD Jayawardene,TM Dilshan,Sohail Khan,4,0,,,,,,,,,
385751,2008/09,2009-01-24,Gaddafi Stadium,1,44.4,Sri Lanka,Pakistan,DPMD Jayawardene,TM Dilshan,Sohail Khan,1,0,,,,,,,,,
385751,2008/09,2009-01-24,Gaddafi Stadium,1,44.5,Sri Lanka,Pakistan,TM Dilshan,DPMD Jayawardene,Sohail Khan,4,0,,,,,,,,,
385751,2008/09,2009-01-24,Gaddafi Stadium,1,44.6,Sri Lanka,Pakistan,TM Dilshan,DPMD Jayawardene,Sohail Khan,3,0,,,,,,,,,
385751,2008/09,2009-01-24,Gaddafi Stadium,1,45.1,Sri Lanka,Pakistan,TM Dilshan,DPMD Jayawardene,Umar Gul,0,0,,,,,,,,,
385751,2008/09,2009-01-24,Gaddafi Stadium,1,45.2,Sri Lanka,Pakistan,TM Dilshan,DPMD Jayawardene,Umar Gul,1,0,,,,,,,,,
385751,2008/09,2009-01-24,Gaddafi Stadium,1,45.3,Sri Lanka,Pakistan,DPMD Jayawardene,TM Dilshan,Umar Gul,1,0,,,,,,,,,
385751,2008/09,2009-01-24,Gaddafi Stadium,1,45.4,Sri Lanka,Pakistan,TM Dilshan,DPMD Jayawardene,Umar Gul,4,0,,,,,,,,,
385751,2008/09,2009-01-24,Gaddafi Stadium,1,45.5,Sri Lanka,Pakistan,TM Dilshan,DPMD Jayawardene,Umar Gul,4,0,,,,,,,,,
385751,2008/09,2009-01-24,Gaddafi Stadium,1,45.6,Sri Lanka,Pakistan,TM Dilshan,DPMD Jayawardene,Umar Gul,1,0,,,,,,,,,
385751,2008/09,2009-01-24,Gaddafi Stadium,1,46.1,Sri Lanka,Pakistan,TM Dilshan,DPMD Jayawardene,Sohail Khan,2,0,,,,,,,,,
385751,2008/09,2009-01-24,Gaddafi Stadium,1,46.2,Sri Lanka,Pakistan,TM Dilshan,DPMD Jayawardene,Sohail Khan,0,1,,,,1,,,,,
385751,2008/09,2009-01-24,Gaddafi Stadium,1,46.3,Sri Lanka,Pakistan,DPMD Jayawardene,TM Dilshan,Sohail Khan,1,0,,,,,,,,,
385751,2008/09,2009-01-24,Gaddafi Stadium,1,46.4,Sri Lanka,Pakistan,TM Dilshan,DPMD Jayawardene,Sohail Khan,1,0,,,,,,,,,
385751,2008/09,2009-01-24,Gaddafi Stadium,1,46.5,Sri Lanka,Pakistan,DPMD Jayawardene,TM Dilshan,Sohail Khan,4,0,,,,,,,,,
385751,2008/09,2009-01-24,Gaddafi Stadium,1,46.6,Sri Lanka,Pakistan,DPMD Jayawardene,TM Dilshan,Sohail Khan,1,0,,,,,,,,,
385751,2008/09,2009-01-24,Gaddafi Stadium,1,47.1,Sri Lanka,Pakistan,DPMD Jayawardene,TM Dilshan,Umar Gul,0,0,,,,,,caught,DPMD Jayawardene,,
385751,2008/09,2009-01-24,Gaddafi Stadium,1,47.2,Sri Lanka,Pakistan,CK Kapugedera,TM Dilshan,Umar Gul,0,0,,,,,,,,,
385751,2008/09,2009-01-24,Gaddafi Stadium,1,47.3,Sri Lanka,Pakistan,CK Kapugedera,TM Dilshan,Umar Gul,0,0,,,,,,caught,CK Kapugedera,,
385751,2008/09,2009-01-24,Gaddafi Stadium,1,47.4,Sri Lanka,Pakistan,TM Dilshan,MF Maharoof,Umar Gul,0,0,,,,,,,,,
385751,2008/09,2009-01-24,Gaddafi Stadium,1,47.5,Sri Lanka,Pakistan,TM Dilshan,MF Maharoof,Umar Gul,4,0,,,,,,,,,
385751,2008/09,2009-01-24,Gaddafi Stadium,1,47.6,Sri Lanka,Pakistan,TM Dilshan,MF Maharoof,Umar Gul,4,0,,,,,,,,,
385751,2008/09,2009-01-24,Gaddafi Stadium,1,48.1,Sri Lanka,Pakistan,MF Maharoof,TM Dilshan,Sohail Khan,0,0,,,,,,,,,
385751,2008/09,2009-01-24,Gaddafi Stadium,1,48.2,Sri Lanka,Pakistan,MF Maharoof,TM Dilshan,Sohail Khan,1,0,,,,,,,,,
385751,2008/09,2009-01-24,Gaddafi Stadium,1,48.3,Sri Lanka,Pakistan,TM Dilshan,MF Maharoof,Sohail Khan,1,0,,,,,,,,,
385751,2008/09,2009-01-24,Gaddafi Stadium,1,48.4,Sri Lanka,Pakistan,MF Maharoof,TM Dilshan,Sohail Khan,2,0,,,,,,,,,
385751,2008/09,2009-01-24,Gaddafi Stadium,1,48.5,Sri Lanka,Pakistan,MF Maharoof,TM Dilshan,Sohail Khan,1,0,,,,,,,,,
385751,2008/09,2009-01-24,Gaddafi Stadium,1,48.6,Sri Lanka,Pakistan,TM Dilshan,MF Maharoof,Sohail Khan,1,0,,,,,,,,,
385751,2008/09,2009-01-24,Gaddafi Stadium,1,49.1,Sri Lanka,Pakistan,TM Dilshan,MF Maharoof,Umar Gul,0,0,,,,,,,,,
385751,2008/09,2009-01-24,Gaddafi Stadium,1,49.2,Sri Lanka,Pakistan,TM Dilshan,MF Maharoof,Umar Gul,4,0,,,,,,,,,
385751,2008/09,2009-01-24,Gaddafi Stadium,1,49.3,Sri Lanka,Pakistan,TM Dilshan,MF Maharoof,Umar Gul,1,0,,,,,,,,,
385751,2008/09,2009-01-24,Gaddafi Stadium,1,49.4,Sri Lanka,Pakistan,MF Maharoof,TM Dilshan,Umar Gul,0,1,,,,1,,,,,
385751,2008/09,2009-01-24,Gaddafi Stadium,1,49.5,Sri Lanka,Pakistan,TM Dilshan,MF Maharoof,Umar Gul,1,0,,,,,,,,,
385751,2008/09,2009-01-24,Gaddafi Stadium,1,49.6,Sri Lanka,Pakistan,MF Maharoof,TM Dilshan,Umar Gul,4,0,,,,,,,,,
385751,2008/09,2009-01-24,Gaddafi Stadium,2,0.1,Pakistan,Sri Lanka,Khurram Manzoor,Younis Khan,KMDN Kulasekara,0,0,,,,,,,,,
385751,2008/09,2009-01-24,Gaddafi Stadium,2,0.2,Pakistan,Sri Lanka,Khurram Manzoor,Younis Khan,KMDN Kulasekara,0,0,,,,,,,,,
385751,2008/09,2009-01-24,Gaddafi Stadium,2,0.3,Pakistan,Sri Lanka,Khurram Manzoor,Younis Khan,KMDN Kulasekara,0,0,,,,,,,,,
385751,2008/09,2009-01-24,Gaddafi Stadium,2,0.4,Pakistan,Sri Lanka,Khurram Manzoor,Younis Khan,KMDN Kulasekara,0,0,,,,,,,,,
385751,2008/09,2009-01-24,Gaddafi Stadium,2,0.5,Pakistan,Sri Lanka,Khurram Manzoor,Younis Khan,KMDN Kulasekara,0,0,,,,,,,,,
385751,2008/09,2009-01-24,Gaddafi Stadium,2,0.6,Pakistan,Sri Lanka,Khurram Manzoor,Younis Khan,KMDN Kulasekara,0,0,,,,,,,,,
385751,2008/09,2009-01-24,Gaddafi Stadium,2,1.1,Pakistan,Sri Lanka,Younis Khan,Khurram Manzoor,T Thushara,4,0,,,,,,,,,
385751,2008/09,2009-01-24,Gaddafi Stadium,2,1.2,Pakistan,Sri Lanka,Younis Khan,Khurram Manzoor,T Thushara,0,0,,,,,,,,,
385751,2008/09,2009-01-24,Gaddafi Stadium,2,1.3,Pakistan,Sri Lanka,Younis Khan,Khurram Manzoor,T Thushara,0,0,,,,,,,,,
385751,2008/09,2009-01-24,Gaddafi Stadium,2,1.4,Pakistan,Sri Lanka,Younis Khan,Khurram Manzoor,T Thushara,0,0,,,,,,,,,
385751,2008/09,2009-01-24,Gaddafi Stadium,2,1.5,Pakistan,Sri Lanka,Younis Khan,Khurram Manzoor,T Thushara,0,0,,,,,,,,,
385751,2008/09,2009-01-24,Gaddafi Stadium,2,1.6,Pakistan,Sri Lanka,Younis Khan,Khurram Manzoor,T Thushara,0,0,,,,,,lbw,Younis Khan,,
385751,2008/09,2009-01-24,Gaddafi Stadium,2,2.1,Pakistan,Sri Lanka,Khurram Manzoor,Salman Butt,KMDN Kulasekara,0,0,,,,,,,,,
385751,2008/09,2009-01-24,Gaddafi Stadium,2,2.2,Pakistan,Sri Lanka,Khurram Manzoor,Salman Butt,KMDN Kulasekara,0,0,,,,,,,,,
385751,2008/09,2009-01-24,Gaddafi Stadium,2,2.3,Pakistan,Sri Lanka,Khurram Manzoor,Salman Butt,KMDN Kulasekara,0,0,,,,,,,,,
385751,2008/09,2009-01-24,Gaddafi Stadium,2,2.4,Pakistan,Sri Lanka,Khurram Manzoor,Salman Butt,KMDN Kulasekara,1,0,,,,,,,,,
385751,2008/09,2009-01-24,Gaddafi Stadium,2,2.5,Pakistan,Sri Lanka,Salman Butt,Khurram Manzoor,KMDN Kulasekara,0,0,,,,,,caught,Salman Butt,,
385751,2008/09,2009-01-24,Gaddafi Stadium,2,2.6,Pakistan,Sri Lanka,Kamran Akmal,Khurram Manzoor,KMDN Kulasekara,0,0,,,,,,,,,
385751,2008/09,2009-01-24,Gaddafi Stadium,2,3.1,Pakistan,Sri Lanka,Khurram Manzoor,Kamran Akmal,T Thushara,0,0,,,,,,,,,
385751,2008/09,2009-01-24,Gaddafi Stadium,2,3.2,Pakistan,Sri Lanka,Khurram Manzoor,Kamran Akmal,T Thushara,0,0,,,,,,,,,
385751,2008/09,2009-01-24,Gaddafi Stadium,2,3.3,Pakistan,Sri Lanka,Khurram Manzoor,Kamran Akmal,T Thushara,0,0,,,,,,,,,
385751,2008/09,2009-01-24,Gaddafi Stadium,2,3.4,Pakistan,Sri Lanka,Khurram Manzoor,Kamran Akmal,T Thushara,0,0,,,,,,,,,
385751,2008/09,2009-01-24,Gaddafi Stadium,2,3.5,Pakistan,Sri Lanka,Khurram Manzoor,Kamran Akmal,T Thushara,2,0,,,,,,,,,
385751,2008/09,2009-01-24,Gaddafi Stadium,2,3.6,Pakistan,Sri Lanka,Khurram Manzoor,Kamran Akmal,T Thushara,0,1,1,,,,,,,,
385751,2008/09,2009-01-24,Gaddafi Stadium,2,3.7,Pakistan,Sri Lanka,Khurram Manzoor,Kamran Akmal,T Thushara,0,0,,,,,,,,,
385751,2008/09,2009-01-24,Gaddafi Stadium,2,4.1,Pakistan,Sri Lanka,Kamran Akmal,Khurram Manzoor,KMDN Kulasekara,0,0,,,,,,,,,
385751,2008/09,2009-01-24,Gaddafi Stadium,2,4.2,Pakistan,Sri Lanka,Kamran Akmal,Khurram Manzoor,KMDN Kulasekara,0,0,,,,,,,,,
385751,2008/09,2009-01-24,Gaddafi Stadium,2,4.3,Pakistan,Sri Lanka,Kamran Akmal,Khurram Manzoor,KMDN Kulasekara,0,0,,,,,,,,,
385751,2008/09,2009-01-24,Gaddafi Stadium,2,4.4,Pakistan,Sri Lanka,Kamran Akmal,Khurram Manzoor,KMDN Kulasekara,0,0,,,,,,,,,
385751,2008/09,2009-01-24,Gaddafi Stadium,2,4.5,Pakistan,Sri Lanka,Kamran Akmal,Khurram Manzoor,KMDN Kulasekara,3,0,,,,,,,,,
385751,2008/09,2009-01-24,Gaddafi Stadium,2,4.6,Pakistan,Sri Lanka,Khurram Manzoor,Kamran Akmal,KMDN Kulasekara,0,0,,,,,,,,,
385751,2008/09,2009-01-24,Gaddafi Stadium,2,5.1,Pakistan,Sri Lanka,Kamran Akmal,Khurram Manzoor,T Thushara,0,0,,,,,,,,,
385751,2008/09,2009-01-24,Gaddafi Stadium,2,5.2,Pakistan,Sri Lanka,Kamran Akmal,Khurram Manzoor,T Thushara,2,0,,,,,,,,,
385751,2008/09,2009-01-24,Gaddafi Stadium,2,5.3,Pakistan,Sri Lanka,Kamran Akmal,Khurram Manzoor,T Thushara,4,0,,,,,,,,,
385751,2008/09,2009-01-24,Gaddafi Stadium,2,5.4,Pakistan,Sri Lanka,Kamran Akmal,Khurram Manzoor,T Thushara,0,0,,,,,,,,,
385751,2008/09,2009-01-24,Gaddafi Stadium,2,5.5,Pakistan,Sri Lanka,Kamran Akmal,Khurram Manzoor,T Thushara,0,0,,,,,,,,,
385751,2008/09,2009-01-24,Gaddafi Stadium,2,5.6,Pakistan,Sri Lanka,Kamran Akmal,Khurram Manzoor,T Thushara,0,0,,,,,,lbw,Kamran Akmal,,
385751,2008/09,2009-01-24,Gaddafi Stadium,2,6.1,Pakistan,Sri Lanka,Khurram Manzoor,Shoaib Malik,KMDN Kulasekara,0,0,,,,,,,,,
385751,2008/09,2009-01-24,Gaddafi Stadium,2,6.2,Pakistan,Sri Lanka,Khurram Manzoor,Shoaib Malik,KMDN Kulasekara,0,0,,,,,,caught,Khurram Manzoor,,
385751,2008/09,2009-01-24,Gaddafi Stadium,2,6.3,Pakistan,Sri Lanka,Misbah-ul-Haq,Shoaib Malik,KMDN Kulasekara,0,0,,,,,,,,,
385751,2008/09,2009-01-24,Gaddafi Stadium,2,6.4,Pakistan,Sri Lanka,Misbah-ul-Haq,Shoaib Malik,KMDN Kulasekara,0,0,,,,,,,,,
385751,2008/09,2009-01-24,Gaddafi Stadium,2,6.5,Pakistan,Sri Lanka,Misbah-ul-Haq,Shoaib Malik,KMDN Kulasekara,0,0,,,,,,,,,
385751,2008/09,2009-01-24,Gaddafi Stadium,2,6.6,Pakistan,Sri Lanka,Misbah-ul-Haq,Shoaib Malik,KMDN Kulasekara,0,0,,,,,,,,,
385751,2008/09,2009-01-24,Gaddafi Stadium,2,7.1,Pakistan,Sri Lanka,Shoaib Malik,Misbah-ul-Haq,T Thushara,0,0,,,,,,,,,
385751,2008/09,2009-01-24,Gaddafi Stadium,2,7.2,Pakistan,Sri Lanka,Shoaib Malik,Misbah-ul-Haq,T Thushara,0,0,,,,,,,,,
385751,2008/09,2009-01-24,Gaddafi Stadium,2,7.3,Pakistan,Sri Lanka,Shoaib Malik,Misbah-ul-Haq,T Thushara,1,0,,,,,,,,,
385751,2008/09,2009-01-24,Gaddafi Stadium,2,7.4,Pakistan,Sri Lanka,Misbah-ul-Haq,Shoaib Malik,T Thushara,0,0,,,,,,,,,
385751,2008/09,2009-01-24,Gaddafi Stadium,2,7.5,Pakistan,Sri Lanka,Misbah-ul-Haq,Shoaib Malik,T Thushara,0,0,,,,,,,,,
385751,2008/09,2009-01-24,Gaddafi Stadium,2,7.6,Pakistan,Sri Lanka,Misbah-ul-Haq,Shoaib Malik,T Thushara,0,0,,,,,,caught,Misbah-ul-Haq,,
385751,2008/09,2009-01-24,Gaddafi Stadium,2,8.1,Pakistan,Sri Lanka,Shoaib Malik,Shahid Afridi,KMDN Kulasekara,1,0,,,,,,,,,
385751,2008/09,2009-01-24,Gaddafi Stadium,2,8.2,Pakistan,Sri Lanka,Shahid Afridi,Shoaib Malik,KMDN Kulasekara,0,1,1,,,,,,,,
385751,2008/09,2009-01-24,Gaddafi Stadium,2,8.3,Pakistan,Sri Lanka,Shahid Afridi,Shoaib Malik,KMDN Kulasekara,0,0,,,,,,,,,
385751,2008/09,2009-01-24,Gaddafi Stadium,2,8.4,Pakistan,Sri Lanka,Shahid Afridi,Shoaib Malik,KMDN Kulasekara,0,1,1,,,,,,,,
385751,2008/09,2009-01-24,Gaddafi Stadium,2,8.5,Pakistan,Sri Lanka,Shahid Afridi,Shoaib Malik,KMDN Kulasekara,0,0,,,,,,,,,
385751,2008/09,2009-01-24,Gaddafi Stadium,2,8.6,Pakistan,Sri Lanka,Shahid Afridi,Shoaib Malik,KMDN Kulasekara,0,1,1,,,,,,,,
385751,2008/09,2009-01-24,Gaddafi Stadium,2,8.7,Pakistan,Sri Lanka,Shahid Afridi,Shoaib Malik,KMDN Kulasekara,0,0,,,,,,bowled,Shahid Afridi,,
385751,2008/09,2009-01-24,Gaddafi Stadium,2,8.8,Pakistan,Sri Lanka,Umar Gul,Shoaib Malik,KMDN Kulasekara,0,0,,,,,,,,,
385751,2008/09,2009-01-24,Gaddafi Stadium,2,8.9,Pakistan,Sri Lanka,Umar Gul,Shoaib Malik,KMDN Kulasekara,0,0,,,,,,,,,
385751,2008/09,2009-01-24,Gaddafi Stadium,2,9.1,Pakistan,Sri Lanka,Shoaib Malik,Umar Gul,T Thushara,1,0,,,,,,,,,
385751,2008/09,2009-01-24,Gaddafi Stadium,2,9.2,Pakistan,Sri Lanka,Umar Gul,Shoaib Malik,T Thushara,0,0,,,,,,,,,
385751,2008/09,2009-01-24,Gaddafi Stadium,2,9.3,Pakistan,Sri Lanka,Umar Gul,Shoaib Malik,T Thushara,4,0,,,,,,,,,
385751,2008/09,2009-01-24,Gaddafi Stadium,2,9.4,Pakistan,Sri Lanka,Umar Gul,Shoaib Malik,T Thushara,0,0,,,,,,,,,
385751,2008/09,2009-01-24,Gaddafi Stadium,2,9.5,Pakistan,Sri Lanka,Umar Gul,Shoaib Malik,T Thushara,0,0,,,,,,,,,
385751,2008/09,2009-01-24,Gaddafi Stadium,2,9.6,Pakistan,Sri Lanka,Umar Gul,Shoaib Malik,T Thushara,3,0,,,,,,,,,
385751,2008/09,2009-01-24,Gaddafi Stadium,2,10.1,Pakistan,Sri Lanka,Umar Gul,Shoaib Malik,KMDN Kulasekara,0,0,,,,,,,,,
385751,2008/09,2009-01-24,Gaddafi Stadium,2,10.2,Pakistan,Sri Lanka,Umar Gul,Shoaib Malik,KMDN Kulasekara,0,0,,,,,,,,,
385751,2008/09,2009-01-24,Gaddafi Stadium,2,10.3,Pakistan,Sri Lanka,Umar Gul,Shoaib Malik,KMDN Kulasekara,0,0,,,,,,,,,
385751,2008/09,2009-01-24,Gaddafi Stadium,2,10.4,Pakistan,Sri Lanka,Umar Gul,Shoaib Malik,KMDN Kulasekara,0,0,,,,,,,,,
385751,2008/09,2009-01-24,Gaddafi Stadium,2,10.5,Pakistan,Sri Lanka,Umar Gul,Shoaib Malik,KMDN Kulasekara,0,0,,,,,,,,,
385751,2008/09,2009-01-24,Gaddafi Stadium,2,10.6,Pakistan,Sri Lanka,Umar Gul,Shoaib Malik,KMDN Kulasekara,4,0,,,,,,,,,
385751,2008/09,2009-01-24,Gaddafi Stadium,2,11.1,Pakistan,Sri Lanka,Shoaib Malik,Umar Gul,T Thushara,0,0,,,,,,,,,
385751,2008/09,2009-01-24,Gaddafi Stadium,2,11.2,Pakistan,Sri Lanka,Shoaib Malik,Umar Gul,T Thushara,0,0,,,,,,,,,
385751,2008/09,2009-01-24,Gaddafi Stadium,2,11.3,Pakistan,Sri Lanka,Shoaib Malik,Umar Gul,T Thushara,0,0,,,,,,,,,
385751,2008/09,2009-01-24,Gaddafi Stadium,2,11.4,Pakistan,Sri Lanka,Shoaib Malik,Umar Gul,T Thushara,0,0,,,,,,,,,
385751,2008/09,2009-01-24,Gaddafi Stadium,2,11.5,Pakistan,Sri Lanka,Shoaib Malik,Umar Gul,T Thushara,0,0,,,,,,,,,
385751,2008/09,2009-01-24,Gaddafi Stadium,2,11.6,Pakistan,Sri Lanka,Shoaib Malik,Umar Gul,T Thushara,0,0,,,,,,,,,
385751,2008/09,2009-01-24,Gaddafi Stadium,2,12.1,Pakistan,Sri Lanka,Umar Gul,Shoaib Malik,KMDN Kulasekara,0,0,,,,,,,,,
385751,2008/09,2009-01-24,Gaddafi Stadium,2,12.2,Pakistan,Sri Lanka,Umar Gul,Shoaib Malik,KMDN Kulasekara,0,0,,,,,,,,,
385751,2008/09,2009-01-24,Gaddafi Stadium,2,12.3,Pakistan,Sri Lanka,Umar Gul,Shoaib Malik,KMDN Kulasekara,1,0,,,,,,,,,
385751,2008/09,2009-01-24,Gaddafi Stadium,2,12.4,Pakistan,Sri Lanka,Shoaib Malik,Umar Gul,KMDN Kulasekara,0,0,,,,,,,,,
385751,2008/09,2009-01-24,Gaddafi Stadium,2,12.5,Pakistan,Sri Lanka,Shoaib Malik,Umar Gul,KMDN Kulasekara,4,0,,,,,,,,,
385751,2008/09,2009-01-24,Gaddafi Stadium,2,12.6,Pakistan,Sri Lanka,Shoaib Malik,Umar Gul,KMDN Kulasekara,0,0,,,,,,,,,
385751,2008/09,2009-01-24,Gaddafi Stadium,2,13.1,Pakistan,Sri Lanka,Umar Gul,Shoaib Malik,T Thushara,0,0,,,,,,,,,
385751,2008/09,2009-01-24,Gaddafi Stadium,2,13.2,Pakistan,Sri Lanka,Umar Gul,Shoaib Malik,T Thushara,0,0,,,,,,,,,
385751,2008/09,2009-01-24,Gaddafi Stadium,2,13.3,Pakistan,Sri Lanka,Umar Gul,Shoaib Malik,T Thushara,0,1,1,,,,,,,,
385751,2008/09,2009-01-24,Gaddafi Stadium,2,13.4,Pakistan,Sri Lanka,Umar Gul,Shoaib Malik,T Thushara,6,0,,,,,,,,,
385751,2008/09,2009-01-24,Gaddafi Stadium,2,13.5,Pakistan,Sri Lanka,Umar Gul,Shoaib Malik,T Thushara,4,0,,,,,,,,,
385751,2008/09,2009-01-24,Gaddafi Stadium,2,13.6,Pakistan,Sri Lanka,Umar Gul,Shoaib Malik,T Thushara,0,0,,,,,,,,,
385751,2008/09,2009-01-24,Gaddafi Stadium,2,13.7,Pakistan,Sri Lanka,Umar Gul,Shoaib Malik,T Thushara,0,0,,,,,,,,,
385751,2008/09,2009-01-24,Gaddafi Stadium,2,14.1,Pakistan,Sri Lanka,Shoaib Malik,Umar Gul,BAW Mendis,0,0,,,,,,,,,
385751,2008/09,2009-01-24,Gaddafi Stadium,2,14.2,Pakistan,Sri Lanka,Shoaib Malik,Umar Gul,BAW Mendis,1,0,,,,,,,,,
385751,2008/09,2009-01-24,Gaddafi Stadium,2,14.3,Pakistan,Sri Lanka,Umar Gul,Shoaib Malik,BAW Mendis,0,0,,,,,,,,,
385751,2008/09,2009-01-24,Gaddafi Stadium,2,14.4,Pakistan,Sri Lanka,Umar Gul,Shoaib Malik,BAW Mendis,0,0,,,,,,,,,
385751,2008/09,2009-01-24,Gaddafi Stadium,2,14.5,Pakistan,Sri Lanka,Umar Gul,Shoaib Malik,BAW Mendis,2,0,,,,,,,,,
385751,2008/09,2009-01-24,Gaddafi Stadium,2,14.6,Pakistan,Sri Lanka,Umar Gul,Shoaib Malik,BAW Mendis,0,0,,,,,,,,,
385751,2008/09,2009-01-24,Gaddafi Stadium,2,15.1,Pakistan,Sri Lanka,Shoaib Malik,Umar Gul,MF Maharoof,0,0,,,,,,,,,
385751,2008/09,2009-01-24,Gaddafi Stadium,2,15.2,Pakistan,Sri Lanka,Shoaib Malik,Umar Gul,MF Maharoof,0,0,,,,,,,,,
385751,2008/09,2009-01-24,Gaddafi Stadium,2,15.3,Pakistan,Sri Lanka,Shoaib Malik,Umar Gul,MF Maharoof,1,0,,,,,,,,,
385751,2008/09,2009-01-24,Gaddafi Stadium,2,15.4,Pakistan,Sri Lanka,Umar Gul,Shoaib Malik,MF Maharoof,1,0,,,,,,,,,
385751,2008/09,2009-01-24,Gaddafi Stadium,2,15.5,Pakistan,Sri Lanka,Shoaib Malik,Umar Gul,MF Maharoof,0,0,,,,,,,,,
385751,2008/09,2009-01-24,Gaddafi Stadium,2,15.6,Pakistan,Sri Lanka,Shoaib Malik,Umar Gul,MF Maharoof,0,0,,,,,,,,,
385751,2008/09,2009-01-24,Gaddafi Stadium,2,16.1,Pakistan,Sri Lanka,Umar Gul,Shoaib Malik,BAW Mendis,0,1,1,,,,,,,,
385751,2008/09,2009-01-24,Gaddafi Stadium,2,16.2,Pakistan,Sri Lanka,Umar Gul,Shoaib Malik,BAW Mendis,0,0,,,,,,,,,
385751,2008/09,2009-01-24,Gaddafi Stadium,2,16.3,Pakistan,Sri Lanka,Umar Gul,Shoaib Malik,BAW Mendis,0,0,,,,,,,,,
385751,2008/09,2009-01-24,Gaddafi Stadium,2,16.4,Pakistan,Sri Lanka,Umar Gul,Shoaib Malik,BAW Mendis,0,0,,,,,,,,,
385751,2008/09,2009-01-24,Gaddafi Stadium,2,16.5,Pakistan,Sri Lanka,Umar Gul,Shoaib Malik,BAW Mendis,1,0,,,,,,,,,
385751,2008/09,2009-01-24,Gaddafi Stadium,2,16.6,Pakistan,Sri Lanka,Shoaib Malik,Umar Gul,BAW Mendis,1,0,,,,,,,,,
385751,2008/09,2009-01-24,Gaddafi Stadium,2,16.7,Pakistan,Sri Lanka,Umar Gul,Shoaib Malik,BAW Mendis,0,0,,,,,,,,,
385751,2008/09,2009-01-24,Gaddafi Stadium,2,17.1,Pakistan,Sri Lanka,Shoaib Malik,Umar Gul,MF Maharoof,0,0,,,,,,,,,
385751,2008/09,2009-01-24,Gaddafi Stadium,2,17.2,Pakistan,Sri Lanka,Shoaib Malik,Umar Gul,MF Maharoof,0,0,,,,,,,,,
385751,2008/09,2009-01-24,Gaddafi Stadium,2,17.3,Pakistan,Sri Lanka,Shoaib Malik,Umar Gul,MF Maharoof,0,0,,,,,,,,,
385751,2008/09,2009-01-24,Gaddafi Stadium,2,17.4,Pakistan,Sri Lanka,Shoaib Malik,Umar Gul,MF Maharoof,2,0,,,,,,,,,
385751,2008/09,2009-01-24,Gaddafi Stadium,2,17.5,Pakistan,Sri Lanka,Shoaib Malik,Umar Gul,MF Maharoof,0,0,,,,,,,,,
385751,2008/09,2009-01-24,Gaddafi Stadium,2,17.6,Pakistan,Sri Lanka,Shoaib Malik,Umar Gul,MF Maharoof,4,0,,,,,,,,,
385751,2008/09,2009-01-24,Gaddafi Stadium,2,18.1,Pakistan,Sri Lanka,Umar Gul,Shoaib Malik,BAW Mendis,0,0,,,,,,,,,
385751,2008/09,2009-01-24,Gaddafi Stadium,2,18.2,Pakistan,Sri Lanka,Umar Gul,Shoaib Malik,BAW Mendis,1,0,,,,,,,,,
385751,2008/09,2009-01-24,Gaddafi Stadium,2,18.3,Pakistan,Sri Lanka,Shoaib Malik,Umar Gul,BAW Mendis,2,0,,,,,,,,,
385751,2008/09,2009-01-24,Gaddafi Stadium,2,18.4,Pakistan,Sri Lanka,Shoaib Malik,Umar Gul,BAW Mendis,0,0,,,,,,,,,
385751,2008/09,2009-01-24,Gaddafi Stadium,2,18.5,Pakistan,Sri Lanka,Shoaib Malik,Umar Gul,BAW Mendis,1,0,,,,,,,,,
385751,2008/09,2009-01-24,Gaddafi Stadium,2,18.6,Pakistan,Sri Lanka,Umar Gul,Shoaib Malik,BAW Mendis,0,0,,,,,,lbw,Umar Gul,,
385751,2008/09,2009-01-24,Gaddafi Stadium,2,19.1,Pakistan,Sri Lanka,Shoaib Malik,Iftikhar Anjum,MF Maharoof,0,0,,,,,,caught,Shoaib Malik,,
385751,2008/09,2009-01-24,Gaddafi Stadium,2,19.2,Pakistan,Sri Lanka,Sohail Khan,Iftikhar Anjum,MF Maharoof,0,0,,,,,,,,,
385751,2008/09,2009-01-24,Gaddafi Stadium,2,19.3,Pakistan,Sri Lanka,Sohail Khan,Iftikhar Anjum,MF Maharoof,0,0,,,,,,,,,
385751,2008/09,2009-01-24,Gaddafi Stadium,2,19.4,Pakistan,Sri Lanka,Sohail Khan,Iftikhar Anjum,MF Maharoof,0,0,,,,,,,,,
385751,2008/09,2009-01-24,Gaddafi Stadium,2,19.5,Pakistan,Sri Lanka,Sohail Khan,Iftikhar Anjum,MF Maharoof,4,0,,,,,,,,,
385751,2008/09,2009-01-24,Gaddafi Stadium,2,19.6,Pakistan,Sri Lanka,Sohail Khan,Iftikhar Anjum,MF Maharoof,0,0,,,,,,,,,
385751,2008/09,2009-01-24,Gaddafi Stadium,2,20.1,Pakistan,Sri Lanka,Iftikhar Anjum,Sohail Khan,M Muralitharan,0,0,,,,,,,,,
385751,2008/09,2009-01-24,Gaddafi Stadium,2,20.2,Pakistan,Sri Lanka,Iftikhar Anjum,Sohail Khan,M Muralitharan,0,0,,,,,,,,,
385751,2008/09,2009-01-24,Gaddafi Stadium,2,20.3,Pakistan,Sri Lanka,Iftikhar Anjum,Sohail Khan,M Muralitharan,0,0,,,,,,,,,
385751,2008/09,2009-01-24,Gaddafi Stadium,2,20.4,Pakistan,Sri Lanka,Iftikhar Anjum,Sohail Khan,M Muralitharan,0,0,,,,,,,,,
385751,2008/09,2009-01-24,Gaddafi Stadium,2,20.5,Pakistan,Sri Lanka,Iftikhar Anjum,Sohail Khan,M Muralitharan,0,0,,,,,,lbw,Iftikhar Anjum,,
385751,2008/09,2009-01-24,Gaddafi Stadium,2,20.6,Pakistan,Sri Lanka,Saeed Ajmal,Sohail Khan,M Muralitharan,1,0,,,,,,,,,
385751,2008/09,2009-01-24,Gaddafi Stadium,2,21.1,Pakistan,Sri Lanka,Saeed Ajmal,Sohail Khan,MF Maharoof,0,0,,,,,,,,,
385751,2008/09,2009-01-24,Gaddafi Stadium,2,21.2,Pakistan,Sri Lanka,Saeed Ajmal,Sohail Khan,MF Maharoof,0,0,,,,,,,,,
385751,2008/09,2009-01-24,Gaddafi Stadium,2,21.3,Pakistan,Sri Lanka,Saeed Ajmal,Sohail Khan,MF Maharoof,0,0,,,,,,,,,
385751,2008/09,2009-01-24,Gaddafi Stadium,2,21.4,Pakistan,Sri Lanka,Saeed Ajmal,Sohail Khan,MF Maharoof,0,0,,,,,,,,,
385751,2008/09,2009-01-24,Gaddafi Stadium,2,21.5,Pakistan,Sri Lanka,Saeed Ajmal,Sohail Khan,MF Maharoof,0,1,,,,1,,,,,
385751,2008/09,2009-01-24,Gaddafi Stadium,2,21.6,Pakistan,Sri Lanka,Sohail Khan,Saeed Ajmal,MF Maharoof,0,0,,,,,,,,,
385751,2008/09,2009-01-24,Gaddafi Stadium,2,22.1,Pakistan,Sri Lanka,Saeed Ajmal,Sohail Khan,M Muralitharan,0,0,,,,,,,,,
385751,2008/09,2009-01-24,Gaddafi Stadium,2,22.2,Pakistan,Sri Lanka,Saeed Ajmal,Sohail Khan,M Muralitharan,1,0,,,,,,,,,
385751,2008/09,2009-01-24,Gaddafi Stadium,2,22.3,Pakistan,Sri Lanka,Sohail Khan,Saeed Ajmal,M Muralitharan,0,0,,,,,,,,,
385751,2008/09,2009-01-24,Gaddafi Stadium,2,22.4,Pakistan,Sri Lanka,Sohail Khan,Saeed Ajmal,M Muralitharan,0,0,,,,,,,,,
385751,2008/09,2009-01-24,Gaddafi Stadium,2,22.5,Pakistan,Sri Lanka,Sohail Khan,Saeed Ajmal,M Muralitharan,0,0,,,,,,bowled,Sohail Khan,,
