match_id,season,start_date,venue,innings,ball,batting_team,bowling_team,striker,non_striker,bowler,runs_off_bat,extras,wides,noballs,byes,legbyes,penalty,wicket_type,player_dismissed,other_wicket_type,other_player_dismissed
385750,2008/09,2009-01-21,National Stadium,1,0.1,Sri Lanka,Pakistan,TM Dilshan,ST Jayasuriya,Shoaib Akhtar,0,0,,,,,,,,,
385750,2008/09,2009-01-21,National Stadium,1,0.2,Sri Lanka,Pakistan,TM Dilshan,ST Jayasuriya,Shoaib Akhtar,0,0,,,,,,,,,
385750,2008/09,2009-01-21,National Stadium,1,0.3,Sri Lanka,Pakistan,TM Dilshan,ST Jayasuriya,Shoaib Akhtar,0,0,,,,,,,,,
385750,2008/09,2009-01-21,National Stadium,1,0.4,Sri Lanka,Pakistan,TM Dilshan,ST Jayasuriya,Shoaib Akhtar,0,1,,1,,,,,,,
385750,2008/09,2009-01-21,National Stadium,1,0.5,Sri Lanka,Pakistan,TM Dilshan,ST Jayasuriya,Shoaib Akhtar,4,0,,,,,,,,,
385750,2008/09,2009-01-21,National Stadium,1,0.6,Sri Lanka,Pakistan,TM Dilshan,ST Jayasuriya,Shoaib Akhtar,0,0,,,,,,,,,
385750,2008/09,2009-01-21,National Stadium,1,0.7,Sri Lanka,Pakistan,TM Dilshan,ST Jayasuriya,Shoaib Akhtar,0,0,,,,,,,,,
385750,2008/09,2009-01-21,National Stadium,1,1.1,Sri Lanka,Pakistan,ST Jayasuriya,TM Dilshan,Sohail Tanvir,0,1,,1,,,,,,,
385750,2008/09,2009-01-21,National Stadium,1,1.2,Sri Lanka,Pakistan,ST Jayasuriya,TM Dilshan,Sohail Tanvir,4,0,,,,,,,,,
385750,2008/09,2009-01-21,National Stadium,1,1.3,Sri Lanka,Pakistan,ST Jayasuriya,TM Dilshan,Sohail Tanvir,1,0,,,,,,,,,
385750,2008/09,2009-01-21,National Stadium,1,1.4,Sri Lanka,Pakistan,TM Dilshan,ST Jayasuriya,Sohail Tanvir,0,0,,,,,,,,,
385750,2008/09,2009-01-21,National Stadium,1,1.5,Sri Lanka,Pakistan,TM Dilshan,ST Jayasuriya,Sohail Tanvir,0,1,,1,,,,,,,
385750,2008/09,2009-01-21,National Stadium,1,1.6,Sri Lanka,Pakistan,TM Dilshan,ST Jayasuriya,Sohail Tanvir,0,0,,,,,,,,,
385750,2008/09,2009-01-21,National Stadium,1,1.7,Sri Lanka,Pakistan,TM Dilshan,ST Jayasuriya,Sohail Tanvir,0,0,,,,,,,,,
385750,2008/09,2009-01-21,National Stadium,1,1.8,Sri Lanka,Pakistan,TM Dilshan,ST Jayasuriya,Sohail Tanvir,0,0,,,,,,,,,
385750,2008/09,2009-01-21,National Stadium,1,2.1,Sri Lanka,Pakistan,ST Jayasuriya,TM Dilshan,Shoaib Akhtar,0,0,,,,,,,,,
385750,2008/09,2009-01-21,National Stadium,1,2.2,Sri Lanka,Pakistan,ST Jayasuriya,TM Dilshan,Shoaib Akhtar,4,0,,,,,,,,,
385750,2008/09,2009-01-21,National Stadium,1,2.3,Sri Lanka,Pakistan,ST Jayasuriya,TM Dilshan,Shoaib Akhtar,4,0,,,,,,,,,
385750,2008/09,2009-01-21,National Stadium,1,2.4,Sri Lanka,Pakistan,ST Jayasuriya,TM Dilshan,Shoaib Akhtar,1,0,,,,,,,,,
385750,2008/09,2009-01-21,National Stadium,1,2.5,Sri Lanka,Pakistan,TM Dilshan,ST Jayasuriya,Shoaib Akhtar,4,0,,,,,,,,,
385750,2008/09,2009-01-21,National Stadium,1,2.6,Sri Lanka,Pakistan,TM Dilshan,ST Jayasuriya,Shoaib Akhtar,4,0,,,,,,,,,
385750,2008/09,2009-01-21,National Stadium,1,3.1,Sri Lanka,Pakistan,ST Jayasuriya,TM Dilshan,Sohail Tanvir,0,0,,,,,,,,,
385750,2008/09,2009-01-21,National Stadium,1,3.2,Sri Lanka,Pakistan,ST Jayasuriya,TM Dilshan,Sohail Tanvir,0,1,,,,1,,,,,
385750,2008/09,2009-01-21,National Stadium,1,3.3,Sri Lanka,Pakistan,TM Dilshan,ST Jayasuriya,Sohail Tanvir,0,0,,,,,,,,,
385750,2008/09,2009-01-21,National Stadium,1,3.4,Sri Lanka,Pakistan,TM Dilshan,ST Jayasuriya,Sohail Tanvir,0,0,,,,,,,,,
385750,2008/09,2009-01-21,National Stadium,1,3.5,Sri Lanka,Pakistan,TM Dilshan,ST Jayasuriya,Sohail Tanvir,0,0,,,,,,,,,
385750,2008/09,2009-01-21,National Stadium,1,3.6,Sri Lanka,Pakistan,TM Dilshan,ST Jayasuriya,Sohail Tanvir,4,0,,,,,,,,,
385750,2008/09,2009-01-21,National Stadium,1,4.1,Sri Lanka,Pakistan,ST Jayasuriya,TM Dilshan,Iftikhar Anjum,0,0,,,,,,,,,
385750,2008/09,2009-01-21,National Stadium,1,4.2,Sri Lanka,Pakistan,ST Jayasuriya,TM Dilshan,Iftikhar Anjum,0,0,,,,,,,,,
385750,2008/09,2009-01-21,National Stadium,1,4.3,Sri Lanka,Pakistan,ST Jayasuriya,TM Dilshan,Iftikhar Anjum,1,0,,,,,,,,,
385750,2008/09,2009-01-21,National Stadium,1,4.4,Sri Lanka,Pakistan,TM Dilshan,ST Jayasuriya,Iftikhar Anjum,4,0,,,,,,,,,
385750,2008/09,2009-01-21,National Stadium,1,4.5,Sri Lanka,Pakistan,TM Dilshan,ST Jayasuriya,Iftikhar Anjum,0,0,,,,,,,,,
385750,2008/09,2009-01-21,National Stadium,1,4.6,Sri Lanka,Pakistan,TM Dilshan,ST Jayasuriya,Iftikhar Anjum,0,0,,,,,,,,,
385750,2008/09,2009-01-21,National Stadium,1,5.1,Sri Lanka,Pakistan,ST Jayasuriya,TM Dilshan,Umar Gul,4,0,,,,,,,,,
385750,2008/09,2009-01-21,National Stadium,1,5.2,Sri Lanka,Pakistan,ST Jayasuriya,TM Dilshan,Umar Gul,0,0,,,,,,,,,
385750,2008/09,2009-01-21,National Stadium,1,5.3,Sri Lanka,Pakistan,ST Jayasuriya,TM Dilshan,Umar Gul,0,0,,,,,,,,,
385750,2008/09,2009-01-21,National Stadium,1,5.4,Sri Lanka,Pakistan,ST Jayasuriya,TM Dilshan,Umar Gul,0,0,,,,,,,,,
385750,2008/09,2009-01-21,National Stadium,1,5.5,Sri Lanka,Pakistan,ST Jayasuriya,TM Dilshan,Umar Gul,0,0,,,,,,hit wicket,ST Jayasuriya,,
385750,2008/09,2009-01-21,National Stadium,1,5.6,Sri Lanka,Pakistan,KC Sangakkara,TM Dilshan,Umar Gul,0,0,,,,,,,,,
385750,2008/09,2009-01-21,National Stadium,1,6.1,Sri Lanka,Pakistan,TM Dilshan,KC Sangakkara,Iftikhar Anjum,0,0,,,,,,,,,
385750,2008/09,2009-01-21,National Stadium,1,6.2,Sri Lanka,Pakistan,TM Dilshan,KC Sangakkara,Iftikhar Anjum,0,0,,,,,,,,,
385750,2008/09,2009-01-21,National Stadium,1,6.3,Sri Lanka,Pakistan,TM Dilshan,KC Sangakkara,Iftikhar Anjum,0,0,,,,,,,,,
385750,2008/09,2009-01-21,National Stadium,1,6.4,Sri Lanka,Pakistan,TM Dilshan,KC Sangakkara,Iftikhar Anjum,0,0,,,,,,,,,
385750,2008/09,2009-01-21,National Stadium,1,6.5,Sri Lanka,Pakistan,TM Dilshan,KC Sangakkara,Iftikhar Anjum,0,0,,,,,,,,,
385750,2008/09,2009-01-21,National Stadium,1,6.6,Sri Lanka,Pakistan,TM Dilshan,KC Sangakkara,Iftikhar Anjum,0,0,,,,,,,,,
385750,2008/09,2009-01-21,National Stadium,1,7.1,Sri Lanka,Pakistan,KC Sangakkara,TM Dilshan,Umar Gul,0,0,,,,,,,,,
385750,2008/09,2009-01-21,National Stadium,1,7.2,Sri Lanka,Pakistan,KC Sangakkara,TM Dilshan,Umar Gul,0,0,,,,,,,,,
385750,2008/09,2009-01-21,National Stadium,1,7.3,Sri Lanka,Pakistan,KC Sangakkara,TM Dilshan,Umar Gul,1,0,,,,,,,,,
385750,2008/09,2009-01-21,National Stadium,1,7.4,Sri Lanka,Pakistan,TM Dilshan,KC Sangakkara,Umar Gul,0,0,,,,,,,,,
385750,2008/09,2009-01-21,National Stadium,1,7.5,Sri Lanka,Pakistan,TM Dilshan,KC Sangakkara,Umar Gul,0,0,,,,,,,,,
385750,2008/09,2009-01-21,National Stadium,1,7.6,Sri Lanka,Pakistan,TM Dilshan,KC Sangakkara,Umar Gul,0,0,,,,,,,,,
385750,2008/09,2009-01-21,National Stadium,1,8.1,Sri Lanka,Pakistan,KC Sangakkara,TM Dilshan,Iftikhar Anjum,0,0,,,,,,,,,
385750,2008/09,2009-01-21,National Stadium,1,8.2,Sri Lanka,Pakistan,KC Sangakkara,TM Dilshan,Iftikhar Anjum,4,0,,,,,,,,,
385750,2008/09,2009-01-21,National Stadium,1,8.3,Sri Lanka,Pakistan,KC Sangakkara,TM Dilshan,Iftikhar Anjum,0,0,,,,,,,,,
385750,2008/09,2009-01-21,National Stadium,1,8.4,Sri Lanka,Pakistan,KC Sangakkara,TM Dilshan,Iftikhar Anjum,0,0,,,,,,,,,
385750,2008/09,2009-01-21,National Stadium,1,8.5,Sri Lanka,Pakistan,KC Sangakkara,TM Dilshan,Iftikhar Anjum,0,0,,,,,,,,,
385750,2008/09,2009-01-21,National Stadium,1,8.6,Sri Lanka,Pakistan,KC Sangakkara,TM Dilshan,Iftikhar Anjum,0,0,,,,,,,,,
385750,2008/09,2009-01-21,National Stadium,1,9.1,Sri Lanka,Pakistan,TM Dilshan,KC Sangakkara,Umar Gul,1,0,,,,,,,,,
385750,2008/09,2009-01-21,National Stadium,1,9.2,Sri Lanka,Pakistan,KC Sangakkara,TM Dilshan,Umar Gul,4,0,,,,,,,,,
385750,2008/09,2009-01-21,National Stadium,1,9.3,Sri Lanka,Pakistan,KC Sangakkara,TM Dilshan,Umar Gul,0,0,,,,,,,,,
385750,2008/09,2009-01-21,National Stadium,1,9.4,Sri Lanka,Pakistan,KC Sangakkara,TM Dilshan,Umar Gul,1,0,,,,,,,,,
385750,2008/09,2009-01-21,National Stadium,1,9.5,Sri Lanka,Pakistan,TM Dilshan,KC Sangakkara,Umar Gul,4,0,,,,,,,,,
385750,2008/09,2009-01-21,National Stadium,1,9.6,Sri Lanka,Pakistan,TM Dilshan,KC Sangakkara,Umar Gul,0,0,,,,,,,,,
385750,2008/09,2009-01-21,National Stadium,1,10.1,Sri Lanka,Pakistan,KC Sangakkara,TM Dilshan,Iftikhar Anjum,0,0,,,,,,,,,
385750,2008/09,2009-01-21,National Stadium,1,10.2,Sri Lanka,Pakistan,KC Sangakkara,TM Dilshan,Iftikhar Anjum,0,0,,,,,,,,,
385750,2008/09,2009-01-21,National Stadium,1,10.3,Sri Lanka,Pakistan,KC Sangakkara,TM Dilshan,Iftikhar Anjum,0,0,,,,,,,,,
385750,2008/09,2009-01-21,National Stadium,1,10.4,Sri Lanka,Pakistan,KC Sangakkara,TM Dilshan,Iftikhar Anjum,4,0,,,,,,,,,
385750,2008/09,2009-01-21,National Stadium,1,10.5,Sri Lanka,Pakistan,KC Sangakkara,TM Dilshan,Iftikhar Anjum,1,0,,,,,,,,,
385750,2008/09,2009-01-21,National Stadium,1,10.6,Sri Lanka,Pakistan,TM Dilshan,KC Sangakkara,Iftikhar Anjum,0,0,,,,,,,,,
385750,2008/09,2009-01-21,National Stadium,1,11.1,Sri Lanka,Pakistan,KC Sangakkara,TM Dilshan,Umar Gul,1,0,,,,,,,,,
385750,2008/09,2009-01-21,National Stadium,1,11.2,Sri Lanka,Pakistan,TM Dilshan,KC Sangakkara,Umar Gul,0,0,,,,,,,,,
385750,2008/09,2009-01-21,National Stadium,1,11.3,Sri Lanka,Pakistan,TM Dilshan,KC Sangakkara,Umar Gul,1,1,,1,,,,,,,
385750,2008/09,2009-01-21,National Stadium,1,11.4,Sri Lanka,Pakistan,KC Sangakkara,TM Dilshan,Umar Gul,0,0,,,,,,,,,
385750,2008/09,2009-01-21,National Stadium,1,11.5,Sri Lanka,Pakistan,KC Sangakkara,TM Dilshan,Umar Gul,0,0,,,,,,,,,
385750,2008/09,2009-01-21,National Stadium,1,11.6,Sri Lanka,Pakistan,KC Sangakkara,TM Dilshan,Umar Gul,0,0,,,,,,run out,KC Sangakkara,,
385750,2008/09,2009-01-21,National Stadium,1,11.7,Sri Lanka,Pakistan,TM Dilshan,SHT Kandamby,Umar Gul,0,0,,,,,,,,,
385750,2008/09,2009-01-21,National Stadium,1,12.1,Sri Lanka,Pakistan,SHT Kandamby,TM Dilshan,Iftikhar Anjum,0,0,,,,,,,,,
385750,2008/09,2009-01-21,National Stadium,1,12.2,Sri Lanka,Pakistan,SHT Kandamby,TM Dilshan,Iftikhar Anjum,3,0,,,,,,,,,
385750,2008/09,2009-01-21,National Stadium,1,12.3,Sri Lanka,Pakistan,TM Dilshan,SHT Kandamby,Iftikhar Anjum,0,0,,,,,,,,,
385750,2008/09,2009-01-21,National Stadium,1,12.4,Sri Lanka,Pakistan,TM Dilshan,SHT Kandamby,Iftikhar Anjum,0,0,,,,,,,,,
385750,2008/09,2009-01-21,National Stadium,1,12.5,Sri Lanka,Pakistan,TM Dilshan,SHT Kandamby,Iftikhar Anjum,4,0,,,,,,,,,
385750,2008/09,2009-01-21,National Stadium,1,12.6,Sri Lanka,Pakistan,TM Dilshan,SHT Kandamby,Iftikhar Anjum,0,0,,,,,,,,,
385750,2008/09,2009-01-21,National Stadium,1,13.1,Sri Lanka,Pakistan,SHT Kandamby,TM Dilshan,Umar Gul,0,0,,,,,,,,,
385750,2008/09,2009-01-21,National Stadium,1,13.2,Sri Lanka,Pakistan,SHT Kandamby,TM Dilshan,Umar Gul,0,0,,,,,,,,,
385750,2008/09,2009-01-21,National Stadium,1,13.3,Sri Lanka,Pakistan,SHT Kandamby,TM Dilshan,Umar Gul,0,0,,,,,,,,,
385750,2008/09,2009-01-21,National Stadium,1,13.4,Sri Lanka,Pakistan,SHT Kandamby,TM Dilshan,Umar Gul,1,0,,,,,,,,,
385750,2008/09,2009-01-21,National Stadium,1,13.5,Sri Lanka,Pakistan,TM Dilshan,SHT Kandamby,Umar Gul,0,0,,,,,,,,,
385750,2008/09,2009-01-21,National Stadium,1,13.6,Sri Lanka,Pakistan,TM Dilshan,SHT Kandamby,Umar Gul,4,0,,,,,,,,,
385750,2008/09,2009-01-21,National Stadium,1,14.1,Sri Lanka,Pakistan,SHT Kandamby,TM Dilshan,Iftikhar Anjum,1,0,,,,,,,,,
385750,2008/09,2009-01-21,National Stadium,1,14.2,Sri Lanka,Pakistan,TM Dilshan,SHT Kandamby,Iftikhar Anjum,0,0,,,,,,,,,
385750,2008/09,2009-01-21,National Stadium,1,14.3,Sri Lanka,Pakistan,TM Dilshan,SHT Kandamby,Iftikhar Anjum,0,0,,,,,,,,,
385750,2008/09,2009-01-21,National Stadium,1,14.4,Sri Lanka,Pakistan,TM Dilshan,SHT Kandamby,Iftikhar Anjum,0,0,,,,,,,,,
385750,2008/09,2009-01-21,National Stadium,1,14.5,Sri Lanka,Pakistan,TM Dilshan,SHT Kandamby,Iftikhar Anjum,4,0,,,,,,,,,
385750,2008/09,2009-01-21,National Stadium,1,14.6,Sri Lanka,Pakistan,TM Dilshan,SHT Kandamby,Iftikhar Anjum,0,1,1,,,,,,,,
385750,2008/09,2009-01-21,National Stadium,1,14.7,Sri Lanka,Pakistan,TM Dilshan,SHT Kandamby,Iftikhar Anjum,1,0,,,,,,,,,
385750,2008/09,2009-01-21,National Stadium,1,15.1,Sri Lanka,Pakistan,TM Dilshan,SHT Kandamby,Shahid Afridi,1,0,,,,,,,,,
385750,2008/09,2009-01-21,National Stadium,1,15.2,Sri Lanka,Pakistan,SHT Kandamby,TM Dilshan,Shahid Afridi,0,1,,1,,,,,,,
385750,2008/09,2009-01-21,National Stadium,1,15.3,Sri Lanka,Pakistan,SHT Kandamby,TM Dilshan,Shahid Afridi,2,0,,,,,,,,,
385750,2008/09,2009-01-21,National Stadium,1,15.4,Sri Lanka,Pakistan,SHT Kandamby,TM Dilshan,Shahid Afridi,1,0,,,,,,,,,
385750,2008/09,2009-01-21,National Stadium,1,15.5,Sri Lanka,Pakistan,TM Dilshan,SHT Kandamby,Shahid Afridi,0,0,,,,,,,,,
385750,2008/09,2009-01-21,National Stadium,1,15.6,Sri Lanka,Pakistan,TM Dilshan,SHT Kandamby,Shahid Afridi,0,0,,,,,,,,,
385750,2008/09,2009-01-21,National Stadium,1,15.7,Sri Lanka,Pakistan,TM Dilshan,SHT Kandamby,Shahid Afridi,1,0,,,,,,,,,
385750,2008/09,2009-01-21,National Stadium,1,16.1,Sri Lanka,Pakistan,TM Dilshan,SHT Kandamby,Shoaib Malik,1,0,,,,,,,,,
385750,2008/09,2009-01-21,National Stadium,1,16.2,Sri Lanka,Pakistan,SHT Kandamby,TM Dilshan,Shoaib Malik,0,0,,,,,,,,,
385750,2008/09,2009-01-21,National Stadium,1,16.3,Sri Lanka,Pakistan,SHT Kandamby,TM Dilshan,Shoaib Malik,1,0,,,,,,,,,
385750,2008/09,2009-01-21,National Stadium,1,16.4,Sri Lanka,Pakistan,TM Dilshan,SHT Kandamby,Shoaib Malik,1,0,,,,,,,,,
385750,2008/09,2009-01-21,National Stadium,1,16.5,Sri Lanka,Pakistan,SHT Kandamby,TM Dilshan,Shoaib Malik,0,0,,,,,,,,,
385750,2008/09,2009-01-21,National Stadium,1,16.6,Sri Lanka,Pakistan,SHT Kandamby,TM Dilshan,Shoaib Malik,1,0,,,,,,,,,
385750,2008/09,2009-01-21,National Stadium,1,17.1,Sri Lanka,Pakistan,SHT Kandamby,TM Dilshan,Shahid Afridi,1,0,,,,,,,,,
385750,2008/09,2009-01-21,National Stadium,1,17.2,Sri Lanka,Pakistan,TM Dilshan,SHT Kandamby,Shahid Afridi,0,0,,,,,,,,,
385750,2008/09,2009-01-21,National Stadium,1,17.3,Sri Lanka,Pakistan,TM Dilshan,SHT Kandamby,Shahid Afridi,0,0,,,,,,,,,
385750,2008/09,2009-01-21,National Stadium,1,17.4,Sri Lanka,Pakistan,TM Dilshan,SHT Kandamby,Shahid Afridi,1,0,,,,,,,,,
385750,2008/09,2009-01-21,National Stadium,1,17.5,Sri Lanka,Pakistan,SHT Kandamby,TM Dilshan,Shahid Afridi,1,0,,,,,,,,,
385750,2008/09,2009-01-21,National Stadium,1,17.6,Sri Lanka,Pakistan,TM Dilshan,SHT Kandamby,Shahid Afridi,1,0,,,,,,,,,
385750,2008/09,2009-01-21,National Stadium,1,18.1,Sri Lanka,Pakistan,TM Dilshan,SHT Kandamby,Shoaib Malik,1,0,,,,,,,,,
385750,2008/09,2009-01-21,National Stadium,1,18.2,Sri Lanka,Pakistan,SHT Kandamby,TM Dilshan,Shoaib Malik,1,0,,,,,,,,,
385750,2008/09,2009-01-21,National Stadium,1,18.3,Sri Lanka,Pakistan,TM Dilshan,SHT Kandamby,Shoaib Malik,1,0,,,,,,,,,
385750,2008/09,2009-01-21,National Stadium,1,18.4,Sri Lanka,Pakistan,SHT Kandamby,TM Dilshan,Shoaib Malik,2,0,,,,,,,,,
385750,2008/09,2009-01-21,National Stadium,1,18.5,Sri Lanka,Pakistan,SHT Kandamby,TM Dilshan,Shoaib Malik,0,0,,,,,,,,,
385750,2008/09,2009-01-21,National Stadium,1,18.6,Sri Lanka,Pakistan,SHT Kandamby,TM Dilshan,Shoaib Malik,1,0,,,,,,,,,
385750,2008/09,2009-01-21,National Stadium,1,19.1,Sri Lanka,Pakistan,SHT Kandamby,TM Dilshan,Shahid Afridi,0,0,,,,,,,,,
385750,2008/09,2009-01-21,National Stadium,1,19.2,Sri Lanka,Pakistan,SHT Kandamby,TM Dilshan,Shahid Afridi,0,0,,,,,,,,,
385750,2008/09,2009-01-21,National Stadium,1,19.3,Sri Lanka,Pakistan,SHT Kandamby,TM Dilshan,Shahid Afridi,0,0,,,,,,,,,
385750,2008/09,2009-01-21,National Stadium,1,19.4,Sri Lanka,Pakistan,SHT Kandamby,TM Dilshan,Shahid Afridi,1,0,,,,,,,,,
385750,2008/09,2009-01-21,National Stadium,1,19.5,Sri Lanka,Pakistan,TM Dilshan,SHT Kandamby,Shahid Afridi,1,0,,,,,,,,,
385750,2008/09,2009-01-21,National Stadium,1,19.6,Sri Lanka,Pakistan,SHT Kandamby,TM Dilshan,Shahid Afridi,0,0,,,,,,,,,
385750,2008/09,2009-01-21,National Stadium,1,20.1,Sri Lanka,Pakistan,TM Dilshan,SHT Kandamby,Shoaib Malik,0,0,,,,,,,,,
385750,2008/09,2009-01-21,National Stadium,1,20.2,Sri Lanka,Pakistan,TM Dilshan,SHT Kandamby,Shoaib Malik,1,0,,,,,,,,,
385750,2008/09,2009-01-21,National Stadium,1,20.3,Sri Lanka,Pakistan,SHT Kandamby,TM Dilshan,Shoaib Malik,1,0,,,,,,,,,
385750,2008/09,2009-01-21,National Stadium,1,20.4,Sri Lanka,Pakistan,TM Dilshan,SHT Kandamby,Shoaib Malik,0,1,1,,,,,,,,
385750,2008/09,2009-01-21,National Stadium,1,20.5,Sri Lanka,Pakistan,TM Dilshan,SHT Kandamby,Shoaib Malik,0,0,,,,,,,,,
385750,2008/09,2009-01-21,National Stadium,1,20.6,Sri Lanka,Pakistan,TM Dilshan,SHT Kandamby,Shoaib Malik,0,0,,,,,,,,,
385750,2008/09,2009-01-21,National Stadium,1,20.7,Sri Lanka,Pakistan,TM Dilshan,SHT Kandamby,Shoaib Malik,1,0,,,,,,,,,
385750,2008/09,2009-01-21,National Stadium,1,21.1,Sri Lanka,Pakistan,TM Dilshan,SHT Kandamby,Shahid Afridi,1,0,,,,,,,,,
385750,2008/09,2009-01-21,National Stadium,1,21.2,Sri Lanka,Pakistan,SHT Kandamby,TM Dilshan,Shahid Afridi,0,0,,,,,,,,,
385750,2008/09,2009-01-21,National Stadium,1,21.3,Sri Lanka,Pakistan,SHT Kandamby,TM Dilshan,Shahid Afridi,0,0,,,,,,,,,
385750,2008/09,2009-01-21,National Stadium,1,21.4,Sri Lanka,Pakistan,SHT Kandamby,TM Dilshan,Shahid Afridi,1,0,,,,,,,,,
385750,2008/09,2009-01-21,National Stadium,1,21.5,Sri Lanka,Pakistan,TM Dilshan,SHT Kandamby,Shahid Afridi,1,0,,,,,,,,,
385750,2008/09,2009-01-21,National Stadium,1,21.6,Sri Lanka,Pakistan,SHT Kandamby,TM Dilshan,Shahid Afridi,1,0,,,,,,,,,
385750,2008/09,2009-01-21,National Stadium,1,22.1,Sri Lanka,Pakistan,SHT Kandamby,TM Dilshan,Shoaib Malik,1,0,,,,,,,,,
385750,2008/09,2009-01-21,National Stadium,1,22.2,Sri Lanka,Pakistan,TM Dilshan,SHT Kandamby,Shoaib Malik,1,0,,,,,,,,,
385750,2008/09,2009-01-21,National Stadium,1,22.3,Sri Lanka,Pakistan,SHT Kandamby,TM Dilshan,Shoaib Malik,1,0,,,,,,,,,
385750,2008/09,2009-01-21,National Stadium,1,22.4,Sri Lanka,Pakistan,TM Dilshan,SHT Kandamby,Shoaib Malik,1,0,,,,,,,,,
385750,2008/09,2009-01-21,National Stadium,1,22.5,Sri Lanka,Pakistan,SHT Kandamby,TM Dilshan,Shoaib Malik,1,0,,,,,,,,,
385750,2008/09,2009-01-21,National Stadium,1,22.6,Sri Lanka,Pakistan,TM Dilshan,SHT Kandamby,Shoaib Malik,4,0,,,,,,,,,
385750,2008/09,2009-01-21,National Stadium,1,23.1,Sri Lanka,Pakistan,SHT Kandamby,TM Dilshan,Shahid Afridi,0,0,,,,,,,,,
385750,2008/09,2009-01-21,National Stadium,1,23.2,Sri Lanka,Pakistan,SHT Kandamby,TM Dilshan,Shahid Afridi,1,0,,,,,,,,,
385750,2008/09,2009-01-21,National Stadium,1,23.3,Sri Lanka,Pakistan,TM Dilshan,SHT Kandamby,Shahid Afridi,1,0,,,,,,,,,
385750,2008/09,2009-01-21,National Stadium,1,23.4,Sri Lanka,Pakistan,SHT Kandamby,TM Dilshan,Shahid Afridi,1,0,,,,,,,,,
385750,2008/09,2009-01-21,National Stadium,1,23.5,Sri Lanka,Pakistan,TM Dilshan,SHT Kandamby,Shahid Afridi,1,0,,,,,,,,,
385750,2008/09,2009-01-21,National Stadium,1,23.6,Sri Lanka,Pakistan,SHT Kandamby,TM Dilshan,Shahid Afridi,0,0,,,,,,,,,
385750,2008/09,2009-01-21,National Stadium,1,24.1,Sri Lanka,Pakistan,TM Dilshan,SHT Kandamby,Shoaib Malik,0,0,,,,,,,,,
385750,2008/09,2009-01-21,National Stadium,1,24.2,Sri Lanka,Pakistan,TM Dilshan,SHT Kandamby,Shoaib Malik,1,0,,,,,,,,,
385750,2008/09,2009-01-21,National Stadium,1,24.3,Sri Lanka,Pakistan,SHT Kandamby,TM Dilshan,Shoaib Malik,0,0,,,,,,,,,
385750,2008/09,2009-01-21,National Stadium,1,24.4,Sri Lanka,Pakistan,SHT Kandamby,TM Dilshan,Shoaib Malik,0,0,,,,,,,,,
385750,2008/09,2009-01-21,National Stadium,1,24.5,Sri Lanka,Pakistan,SHT Kandamby,TM Dilshan,Shoaib Malik,1,0,,,,,,,,,
385750,2008/09,2009-01-21,National Stadium,1,24.6,Sri Lanka,Pakistan,TM Dilshan,SHT Kandamby,Shoaib Malik,1,0,,,,,,,,,
385750,2008/09,2009-01-21,National Stadium,1,25.1,Sri Lanka,Pakistan,TM Dilshan,SHT Kandamby,Shahid Afridi,1,0,,,,,,,,,
385750,2008/09,2009-01-21,National Stadium,1,25.2,Sri Lanka,Pakistan,SHT Kandamby,TM Dilshan,Shahid Afridi,1,0,,,,,,,,,
385750,2008/09,2009-01-21,National Stadium,1,25.3,Sri Lanka,Pakistan,TM Dilshan,SHT Kandamby,Shahid Afridi,1,0,,,,,,,,,
385750,2008/09,2009-01-21,National Stadium,1,25.4,Sri Lanka,Pakistan,SHT Kandamby,TM Dilshan,Shahid Afridi,0,0,,,,,,,,,
385750,2008/09,2009-01-21,National Stadium,1,25.5,Sri Lanka,Pakistan,SHT Kandamby,TM Dilshan,Shahid Afridi,0,0,,,,,,,,,
385750,2008/09,2009-01-21,National Stadium,1,25.6,Sri Lanka,Pakistan,SHT Kandamby,TM Dilshan,Shahid Afridi,4,0,,,,,,,,,
385750,2008/09,2009-01-21,National Stadium,1,26.1,Sri Lanka,Pakistan,TM Dilshan,SHT Kandamby,Shoaib Malik,1,0,,,,,,,,,
385750,2008/09,2009-01-21,National Stadium,1,26.2,Sri Lanka,Pakistan,SHT Kandamby,TM Dilshan,Shoaib Malik,1,0,,,,,,,,,
385750,2008/09,2009-01-21,National Stadium,1,26.3,Sri Lanka,Pakistan,TM Dilshan,SHT Kandamby,Shoaib Malik,1,0,,,,,,,,,
385750,2008/09,2009-01-21,National Stadium,1,26.4,Sri Lanka,Pakistan,SHT Kandamby,TM Dilshan,Shoaib Malik,1,0,,,,,,,,,
385750,2008/09,2009-01-21,National Stadium,1,26.5,Sri Lanka,Pakistan,TM Dilshan,SHT Kandamby,Shoaib Malik,1,0,,,,,,,,,
385750,2008/09,2009-01-21,National Stadium,1,26.6,Sri Lanka,Pakistan,SHT Kandamby,TM Dilshan,Shoaib Malik,0,0,,,,,,,,,
385750,2008/09,2009-01-21,National Stadium,1,27.1,Sri Lanka,Pakistan,TM Dilshan,SHT Kandamby,Shoaib Akhtar,0,1,1,,,,,,,,
385750,2008/09,2009-01-21,National Stadium,1,27.2,Sri Lanka,Pakistan,TM Dilshan,SHT Kandamby,Shoaib Akhtar,1,0,,,,,,,,,
385750,2008/09,2009-01-21,National Stadium,1,27.3,Sri Lanka,Pakistan,SHT Kandamby,TM Dilshan,Shoaib Akhtar,1,0,,,,,,,,,
385750,2008/09,2009-01-21,National Stadium,1,27.4,Sri Lanka,Pakistan,TM Dilshan,SHT Kandamby,Shoaib Akhtar,1,0,,,,,,,,,
385750,2008/09,2009-01-21,National Stadium,1,27.5,Sri Lanka,Pakistan,SHT Kandamby,TM Dilshan,Shoaib Akhtar,0,0,,,,,,,,,
385750,2008/09,2009-01-21,National Stadium,1,27.6,Sri Lanka,Pakistan,SHT Kandamby,TM Dilshan,Shoaib Akhtar,1,0,,,,,,,,,
385750,2008/09,2009-01-21,National Stadium,1,27.7,Sri Lanka,Pakistan,TM Dilshan,SHT Kandamby,Shoaib Akhtar,0,2,2,,,,,,,,
385750,2008/09,2009-01-21,National Stadium,1,27.8,Sri Lanka,Pakistan,SHT Kandamby,TM Dilshan,Shoaib Akhtar,1,0,,,,,,,,,
385750,2008/09,2009-01-21,National Stadium,1,28.1,Sri Lanka,Pakistan,SHT Kandamby,TM Dilshan,Shoaib Malik,4,0,,,,,,,,,
385750,2008/09,2009-01-21,National Stadium,1,28.2,Sri Lanka,Pakistan,SHT Kandamby,TM Dilshan,Shoaib Malik,1,0,,,,,,,,,
385750,2008/09,2009-01-21,National Stadium,1,28.3,Sri Lanka,Pakistan,TM Dilshan,SHT Kandamby,Shoaib Malik,4,0,,,,,,,,,
385750,2008/09,2009-01-21,National Stadium,1,28.4,Sri Lanka,Pakistan,TM Dilshan,SHT Kandamby,Shoaib Malik,1,0,,,,,,,,,
385750,2008/09,2009-01-21,National Stadium,1,28.5,Sri Lanka,Pakistan,SHT Kandamby,TM Dilshan,Shoaib Malik,1,0,,,,,,,,,
385750,2008/09,2009-01-21,National Stadium,1,28.6,Sri Lanka,Pakistan,TM Dilshan,SHT Kandamby,Shoaib Malik,1,0,,,,,,,,,
385750,2008/09,2009-01-21,National Stadium,1,29.1,Sri Lanka,Pakistan,TM Dilshan,SHT Kandamby,Shoaib Akhtar,1,0,,,,,,,,,
385750,2008/09,2009-01-21,National Stadium,1,29.2,Sri Lanka,Pakistan,SHT Kandamby,TM Dilshan,Shoaib Akhtar,0,0,,,,,,,,,
385750,2008/09,2009-01-21,National Stadium,1,29.3,Sri Lanka,Pakistan,SHT Kandamby,TM Dilshan,Shoaib Akhtar,0,0,,,,,,,,,
385750,2008/09,2009-01-21,National Stadium,1,29.4,Sri Lanka,Pakistan,SHT Kandamby,TM Dilshan,Shoaib Akhtar,1,0,,,,,,,,,
385750,2008/09,2009-01-21,National Stadium,1,29.5,Sri Lanka,Pakistan,TM Dilshan,SHT Kandamby,Shoaib Akhtar,0,0,,,,,,caught,TM Dilshan,,
385750,2008/09,2009-01-21,National Stadium,1,29.6,Sri Lanka,Pakistan,SHT Kandamby,DPMD Jayawardene,Shoaib Akhtar,1,0,,,,,,,,,
385750,2008/09,2009-01-21,National Stadium,1,30.1,Sri Lanka,Pakistan,SHT Kandamby,DPMD Jayawardene,Shahid Afridi,0,1,1,,,,,,,,
385750,2008/09,2009-01-21,National Stadium,1,30.2,Sri Lanka,Pakistan,SHT Kandamby,DPMD Jayawardene,Shahid Afridi,0,0,,,,,,,,,
385750,2008/09,2009-01-21,National Stadium,1,30.3,Sri Lanka,Pakistan,SHT Kandamby,DPMD Jayawardene,Shahid Afridi,1,0,,,,,,,,,
385750,2008/09,2009-01-21,National Stadium,1,30.4,Sri Lanka,Pakistan,DPMD Jayawardene,SHT Kandamby,Shahid Afridi,0,0,,,,,,,,,
385750,2008/09,2009-01-21,National Stadium,1,30.5,Sri Lanka,Pakistan,DPMD Jayawardene,SHT Kandamby,Shahid Afridi,0,0,,,,,,,,,
385750,2008/09,2009-01-21,National Stadium,1,30.6,Sri Lanka,Pakistan,DPMD Jayawardene,SHT Kandamby,Shahid Afridi,1,0,,,,,,,,,
385750,2008/09,2009-01-21,National Stadium,1,30.7,Sri Lanka,Pakistan,SHT Kandamby,DPMD Jayawardene,Shahid Afridi,0,0,,,,,,,,,
385750,2008/09,2009-01-21,National Stadium,1,31.1,Sri Lanka,Pakistan,DPMD Jayawardene,SHT Kandamby,Shoaib Akhtar,1,0,,,,,,,,,
385750,2008/09,2009-01-21,National Stadium,1,31.2,Sri Lanka,Pakistan,SHT Kandamby,DPMD Jayawardene,Shoaib Akhtar,0,0,,,,,,,,,
385750,2008/09,2009-01-21,National Stadium,1,31.3,Sri Lanka,Pakistan,SHT Kandamby,DPMD Jayawardene,Shoaib Akhtar,0,0,,,,,,,,,
385750,2008/09,2009-01-21,National Stadium,1,31.4,Sri Lanka,Pakistan,SHT Kandamby,DPMD Jayawardene,Shoaib Akhtar,2,0,,,,,,,,,
385750,2008/09,2009-01-21,National Stadium,1,31.5,Sri Lanka,Pakistan,SHT Kandamby,DPMD Jayawardene,Shoaib Akhtar,0,0,,,,,,,,,
385750,2008/09,2009-01-21,National Stadium,1,31.6,Sri Lanka,Pakistan,SHT Kandamby,DPMD Jayawardene,Shoaib Akhtar,1,0,,,,,,,,,
385750,2008/09,2009-01-21,National Stadium,1,32.1,Sri Lanka,Pakistan,SHT Kandamby,DPMD Jayawardene,Shahid Afridi,0,0,,,,,,,,,
385750,2008/09,2009-01-21,National Stadium,1,32.2,Sri Lanka,Pakistan,SHT Kandamby,DPMD Jayawardene,Shahid Afridi,1,0,,,,,,,,,
385750,2008/09,2009-01-21,National Stadium,1,32.3,Sri Lanka,Pakistan,DPMD Jayawardene,SHT Kandamby,Shahid Afridi,0,0,,,,,,,,,
385750,2008/09,2009-01-21,National Stadium,1,32.4,Sri Lanka,Pakistan,DPMD Jayawardene,SHT Kandamby,Shahid Afridi,2,0,,,,,,,,,
385750,2008/09,2009-01-21,National Stadium,1,32.5,Sri Lanka,Pakistan,DPMD Jayawardene,SHT Kandamby,Shahid Afridi,1,0,,,,,,,,,
385750,2008/09,2009-01-21,National Stadium,1,32.6,Sri Lanka,Pakistan,SHT Kandamby,DPMD Jayawardene,Shahid Afridi,1,0,,,,,,,,,
385750,2008/09,2009-01-21,National Stadium,1,33.1,Sri Lanka,Pakistan,SHT Kandamby,DPMD Jayawardene,Shoaib Akhtar,0,0,,,,,,,,,
385750,2008/09,2009-01-21,National Stadium,1,33.2,Sri Lanka,Pakistan,SHT Kandamby,DPMD Jayawardene,Shoaib Akhtar,0,0,,,,,,,,,
385750,2008/09,2009-01-21,National Stadium,1,33.3,Sri Lanka,Pakistan,SHT Kandamby,DPMD Jayawardene,Shoaib Akhtar,4,0,,,,,,,,,
385750,2008/09,2009-01-21,National Stadium,1,33.4,Sri Lanka,Pakistan,SHT Kandamby,DPMD Jayawardene,Shoaib Akhtar,0,0,,,,,,,,,
385750,2008/09,2009-01-21,National Stadium,1,33.5,Sri Lanka,Pakistan,SHT Kandamby,DPMD Jayawardene,Shoaib Akhtar,4,0,,,,,,,,,
385750,2008/09,2009-01-21,National Stadium,1,33.6,Sri Lanka,Pakistan,SHT Kandamby,DPMD Jayawardene,Shoaib Akhtar,0,0,,,,,,,,,
385750,2008/09,2009-01-21,National Stadium,1,34.1,Sri Lanka,Pakistan,DPMD Jayawardene,SHT Kandamby,Shahid Afridi,0,0,,,,,,,,,
385750,2008/09,2009-01-21,National Stadium,1,34.2,Sri Lanka,Pakistan,DPMD Jayawardene,SHT Kandamby,Shahid Afridi,0,0,,,,,,,,,
385750,2008/09,2009-01-21,National Stadium,1,34.3,Sri Lanka,Pakistan,DPMD Jayawardene,SHT Kandamby,Shahid Afridi,1,0,,,,,,,,,
385750,2008/09,2009-01-21,National Stadium,1,34.4,Sri Lanka,Pakistan,SHT Kandamby,DPMD Jayawardene,Shahid Afridi,1,0,,,,,,,,,
385750,2008/09,2009-01-21,National Stadium,1,34.5,Sri Lanka,Pakistan,DPMD Jayawardene,SHT Kandamby,Shahid Afridi,0,0,,,,,,,,,
385750,2008/09,2009-01-21,National Stadium,1,34.6,Sri Lanka,Pakistan,DPMD Jayawardene,SHT Kandamby,Shahid Afridi,1,0,,,,,,,,,
385750,2008/09,2009-01-21,National Stadium,1,35.1,Sri Lanka,Pakistan,DPMD Jayawardene,SHT Kandamby,Iftikhar Anjum,1,0,,,,,,,,,
385750,2008/09,2009-01-21,National Stadium,1,35.2,Sri Lanka,Pakistan,SHT Kandamby,DPMD Jayawardene,Iftikhar Anjum,0,0,,,,,,,,,
385750,2008/09,2009-01-21,National Stadium,1,35.3,Sri Lanka,Pakistan,SHT Kandamby,DPMD Jayawardene,Iftikhar Anjum,0,0,,,,,,,,,
385750,2008/09,2009-01-21,National Stadium,1,35.4,Sri Lanka,Pakistan,SHT Kandamby,DPMD Jayawardene,Iftikhar Anjum,0,0,,,,,,caught,SHT Kandamby,,
385750,2008/09,2009-01-21,National Stadium,1,35.5,Sri Lanka,Pakistan,CK Kapugedera,DPMD Jayawardene,Iftikhar Anjum,1,0,,,,,,,,,
385750,2008/09,2009-01-21,National Stadium,1,35.6,Sri Lanka,Pakistan,DPMD Jayawardene,CK Kapugedera,Iftikhar Anjum,1,0,,,,,,,,,
385750,2008/09,2009-01-21,National Stadium,1,36.1,Sri Lanka,Pakistan,DPMD Jayawardene,CK Kapugedera,Shahid Afridi,1,0,,,,,,,,,
385750,2008/09,2009-01-21,National Stadium,1,36.2,Sri Lanka,Pakistan,CK Kapugedera,DPMD Jayawardene,Shahid Afridi,1,0,,,,,,,,,
385750,2008/09,2009-01-21,National Stadium,1,36.3,Sri Lanka,Pakistan,DPMD Jayawardene,CK Kapugedera,Shahid Afridi,0,0,,,,,,,,,
385750,2008/09,2009-01-21,National Stadium,1,36.4,Sri Lanka,Pakistan,DPMD Jayawardene,CK Kapugedera,Shahid Afridi,1,0,,,,,,,,,
385750,2008/09,2009-01-21,National Stadium,1,36.5,Sri Lanka,Pakistan,CK Kapugedera,DPMD Jayawardene,Shahid Afridi,0,0,,,,,,,,,
385750,2008/09,2009-01-21,National Stadium,1,36.6,Sri Lanka,Pakistan,CK Kapugedera,DPMD Jayawardene,Shahid Afridi,1,0,,,,,,,,,
385750,2008/09,2009-01-21,National Stadium,1,37.1,Sri Lanka,Pakistan,CK Kapugedera,DPMD Jayawardene,Iftikhar Anjum,1,0,,,,,,,,,
385750,2008/09,2009-01-21,National Stadium,1,37.2,Sri Lanka,Pakistan,DPMD Jayawardene,CK Kapugedera,Iftikhar Anjum,0,0,,,,,,,,,
385750,2008/09,2009-01-21,National Stadium,1,37.3,Sri Lanka,Pakistan,DPMD Jayawardene,CK Kapugedera,Iftikhar Anjum,0,0,,,,,,,,,
385750,2008/09,2009-01-21,National Stadium,1,37.4,Sri Lanka,Pakistan,DPMD Jayawardene,CK Kapugedera,Iftikhar Anjum,1,0,,,,,,,,,
385750,2008/09,2009-01-21,National Stadium,1,37.5,Sri Lanka,Pakistan,CK Kapugedera,DPMD Jayawardene,Iftikhar Anjum,0,0,,,,,,,,,
385750,2008/09,2009-01-21,National Stadium,1,37.6,Sri Lanka,Pakistan,CK Kapugedera,DPMD Jayawardene,Iftikhar Anjum,0,0,,,,,,,,,
385750,2008/09,2009-01-21,National Stadium,1,38.1,Sri Lanka,Pakistan,DPMD Jayawardene,CK Kapugedera,Shoaib Malik,1,0,,,,,,,,,
385750,2008/09,2009-01-21,National Stadium,1,38.2,Sri Lanka,Pakistan,CK Kapugedera,DPMD Jayawardene,Shoaib Malik,1,0,,,,,,,,,
385750,2008/09,2009-01-21,National Stadium,1,38.3,Sri Lanka,Pakistan,DPMD Jayawardene,CK Kapugedera,Shoaib Malik,1,0,,,,,,,,,
385750,2008/09,2009-01-21,National Stadium,1,38.4,Sri Lanka,Pakistan,CK Kapugedera,DPMD Jayawardene,Shoaib Malik,1,0,,,,,,,,,
385750,2008/09,2009-01-21,National Stadium,1,38.5,Sri Lanka,Pakistan,DPMD Jayawardene,CK Kapugedera,Shoaib Malik,0,0,,,,,,,,,
385750,2008/09,2009-01-21,National Stadium,1,38.6,Sri Lanka,Pakistan,DPMD Jayawardene,CK Kapugedera,Shoaib Malik,4,0,,,,,,,,,
385750,2008/09,2009-01-21,National Stadium,1,39.1,Sri Lanka,Pakistan,CK Kapugedera,DPMD Jayawardene,Iftikhar Anjum,1,0,,,,,,,,,
385750,2008/09,2009-01-21,National Stadium,1,39.2,Sri Lanka,Pakistan,DPMD Jayawardene,CK Kapugedera,Iftikhar Anjum,0,0,,,,,,,,,
385750,2008/09,2009-01-21,National Stadium,1,39.3,Sri Lanka,Pakistan,DPMD Jayawardene,CK Kapugedera,Iftikhar Anjum,1,0,,,,,,,,,
385750,2008/09,2009-01-21,National Stadium,1,39.4,Sri Lanka,Pakistan,CK Kapugedera,DPMD Jayawardene,Iftikhar Anjum,1,0,,,,,,,,,
385750,2008/09,2009-01-21,National Stadium,1,39.5,Sri Lanka,Pakistan,DPMD Jayawardene,CK Kapugedera,Iftikhar Anjum,1,0,,,,,,,,,
385750,2008/09,2009-01-21,National Stadium,1,39.6,Sri Lanka,Pakistan,CK Kapugedera,DPMD Jayawardene,Iftikhar Anjum,0,1,1,,,,,,,,
385750,2008/09,2009-01-21,National Stadium,1,39.7,Sri Lanka,Pakistan,CK Kapugedera,DPMD Jayawardene,Iftikhar Anjum,0,0,,,,,,,,,
385750,2008/09,2009-01-21,National Stadium,1,40.1,Sri Lanka,Pakistan,DPMD Jayawardene,CK Kapugedera,Sohail Tanvir,0,0,,,,,,,,,
385750,2008/09,2009-01-21,National Stadium,1,40.2,Sri Lanka,Pakistan,DPMD Jayawardene,CK Kapugedera,Sohail Tanvir,1,0,,,,,,,,,
385750,2008/09,2009-01-21,National Stadium,1,40.3,Sri Lanka,Pakistan,CK Kapugedera,DPMD Jayawardene,Sohail Tanvir,0,1,1,,,,,,,,
385750,2008/09,2009-01-21,National Stadium,1,40.4,Sri Lanka,Pakistan,CK Kapugedera,DPMD Jayawardene,Sohail Tanvir,4,0,,,,,,,,,
385750,2008/09,2009-01-21,National Stadium,1,40.5,Sri Lanka,Pakistan,CK Kapugedera,DPMD Jayawardene,Sohail Tanvir,1,0,,,,,,,,,
385750,2008/09,2009-01-21,National Stadium,1,40.6,Sri Lanka,Pakistan,DPMD Jayawardene,CK Kapugedera,Sohail Tanvir,1,0,,,,,,,,,
385750,2008/09,2009-01-21,National Stadium,1,40.7,Sri Lanka,Pakistan,CK Kapugedera,DPMD Jayawardene,Sohail Tanvir,1,0,,,,,,,,,
385750,2008/09,2009-01-21,National Stadium,1,41.1,Sri Lanka,Pakistan,CK Kapugedera,DPMD Jayawardene,Iftikhar Anjum,4,0,,,,,,,,,
385750,2008/09,2009-01-21,National Stadium,1,41.2,Sri Lanka,Pakistan,CK Kapugedera,DPMD Jayawardene,Iftikhar Anjum,0,0,,,,,,,,,
385750,2008/09,2009-01-21,National Stadium,1,41.3,Sri Lanka,Pakistan,CK Kapugedera,DPMD Jayawardene,Iftikhar Anjum,0,0,,,,,,,,,
385750,2008/09,2009-01-21,National Stadium,1,41.4,Sri Lanka,Pakistan,CK Kapugedera,DPMD Jayawardene,Iftikhar Anjum,0,0,,,,,,,,,
385750,2008/09,2009-01-21,National Stadium,1,41.5,Sri Lanka,Pakistan,CK Kapugedera,DPMD Jayawardene,Iftikhar Anjum,1,0,,,,,,,,,
385750,2008/09,2009-01-21,National Stadium,1,41.6,Sri Lanka,Pakistan,DPMD Jayawardene,CK Kapugedera,Iftikhar Anjum,0,0,,,,,,,,,
385750,2008/09,2009-01-21,National Stadium,1,42.1,Sri Lanka,Pakistan,CK Kapugedera,DPMD Jayawardene,Sohail Tanvir,1,0,,,,,,,,,
385750,2008/09,2009-01-21,National Stadium,1,42.2,Sri Lanka,Pakistan,DPMD Jayawardene,CK Kapugedera,Sohail Tanvir,1,0,,,,,,,,,
385750,2008/09,2009-01-21,National Stadium,1,42.3,Sri Lanka,Pakistan,CK Kapugedera,DPMD Jayawardene,Sohail Tanvir,0,0,,,,,,,,,
385750,2008/09,2009-01-21,National Stadium,1,42.4,Sri Lanka,Pakistan,CK Kapugedera,DPMD Jayawardene,Sohail Tanvir,0,0,,,,,,,,,
385750,2008/09,2009-01-21,National Stadium,1,42.5,Sri Lanka,Pakistan,CK Kapugedera,DPMD Jayawardene,Sohail Tanvir,2,0,,,,,,,,,
385750,2008/09,2009-01-21,National Stadium,1,42.6,Sri Lanka,Pakistan,CK Kapugedera,DPMD Jayawardene,Sohail Tanvir,0,0,,,,,,,,,
385750,2008/09,2009-01-21,National Stadium,1,43.1,Sri Lanka,Pakistan,DPMD Jayawardene,CK Kapugedera,Umar Gul,1,0,,,,,,,,,
385750,2008/09,2009-01-21,National Stadium,1,43.2,Sri Lanka,Pakistan,CK Kapugedera,DPMD Jayawardene,Umar Gul,1,0,,,,,,,,,
385750,2008/09,2009-01-21,National Stadium,1,43.3,Sri Lanka,Pakistan,DPMD Jayawardene,CK Kapugedera,Umar Gul,0,0,,,,,,caught,DPMD Jayawardene,,
385750,2008/09,2009-01-21,National Stadium,1,43.4,Sri Lanka,Pakistan,MF Maharoof,CK Kapugedera,Umar Gul,1,0,,,,,,,,,
385750,2008/09,2009-01-21,National Stadium,1,43.5,Sri Lanka,Pakistan,CK Kapugedera,MF Maharoof,Umar Gul,1,0,,,,,,,,,
385750,2008/09,2009-01-21,National Stadium,1,43.6,Sri Lanka,Pakistan,MF Maharoof,CK Kapugedera,Umar Gul,3,0,,,,,,,,,
385750,2008/09,2009-01-21,National Stadium,1,44.1,Sri Lanka,Pakistan,MF Maharoof,CK Kapugedera,Sohail Tanvir,0,0,,,,,,,,,
385750,2008/09,2009-01-21,National Stadium,1,44.2,Sri Lanka,Pakistan,MF Maharoof,CK Kapugedera,Sohail Tanvir,2,0,,,,,,,,,
385750,2008/09,2009-01-21,National Stadium,1,44.3,Sri Lanka,Pakistan,MF Maharoof,CK Kapugedera,Sohail Tanvir,0,0,,,,,,,,,
385750,2008/09,2009-01-21,National Stadium,1,44.4,Sri Lanka,Pakistan,MF Maharoof,CK Kapugedera,Sohail Tanvir,4,0,,,,,,,,,
385750,2008/09,2009-01-21,National Stadium,1,44.5,Sri Lanka,Pakistan,MF Maharoof,CK Kapugedera,Sohail Tanvir,0,0,,,,,,,,,
385750,2008/09,2009-01-21,National Stadium,1,44.6,Sri Lanka,Pakistan,MF Maharoof,CK Kapugedera,Sohail Tanvir,1,0,,,,,,,,,
385750,2008/09,2009-01-21,National Stadium,1,45.1,Sri Lanka,Pakistan,MF Maharoof,CK Kapugedera,Umar Gul,4,0,,,,,,,,,
385750,2008/09,2009-01-21,National Stadium,1,45.2,Sri Lanka,Pakistan,MF Maharoof,CK Kapugedera,Umar Gul,0,0,,,,,,,,,
385750,2008/09,2009-01-21,National Stadium,1,45.3,Sri Lanka,Pakistan,MF Maharoof,CK Kapugedera,Umar Gul,1,0,,,,,,,,,
385750,2008/09,2009-01-21,National Stadium,1,45.4,Sri Lanka,Pakistan,CK Kapugedera,MF Maharoof,Umar Gul,0,1,1,,,,,,,,
385750,2008/09,2009-01-21,National Stadium,1,45.5,Sri Lanka,Pakistan,CK Kapugedera,MF Maharoof,Umar Gul,0,0,,,,,,,,,
385750,2008/09,2009-01-21,National Stadium,1,45.6,Sri Lanka,Pakistan,CK Kapugedera,MF Maharoof,Umar Gul,3,0,,,,,,,,,
385750,2008/09,2009-01-21,National Stadium,1,45.7,Sri Lanka,Pakistan,MF Maharoof,CK Kapugedera,Umar Gul,1,0,,,,,,,,,
385750,2008/09,2009-01-21,National Stadium,1,46.1,Sri Lanka,Pakistan,MF Maharoof,CK Kapugedera,Sohail Tanvir,0,0,,,,,,bowled,MF Maharoof,,
385750,2008/09,2009-01-21,National Stadium,1,46.2,Sri Lanka,Pakistan,T Thushara,CK Kapugedera,Sohail Tanvir,2,0,,,,,,,,,
385750,2008/09,2009-01-21,National Stadium,1,46.3,Sri Lanka,Pakistan,T Thushara,CK Kapugedera,Sohail Tanvir,1,1,,1,,,,,,,
385750,2008/09,2009-01-21,National Stadium,1,46.4,Sri Lanka,Pakistan,CK Kapugedera,T Thushara,Sohail Tanvir,6,0,,,,,,,,,
385750,2008/09,2009-01-21,National Stadium,1,46.5,Sri Lanka,Pakistan,CK Kapugedera,T Thushara,Sohail Tanvir,1,0,,,,,,,,,
385750,2008/09,2009-01-21,National Stadium,1,46.6,Sri Lanka,Pakistan,T Thushara,CK Kapugedera,Sohail Tanvir,3,0,,,,,,,,,
385750,2008/09,2009-01-21,National Stadium,1,46.7,Sri Lanka,Pakistan,CK Kapugedera,T Thushara,Sohail Tanvir,0,0,,,,,,,,,
385750,2008/09,2009-01-21,National Stadium,1,47.1,Sri Lanka,Pakistan,T Thushara,CK Kapugedera,Umar Gul,0,0,,,,,,,,,
385750,2008/09,2009-01-21,National Stadium,1,47.2,Sri Lanka,Pakistan,T Thushara,CK Kapugedera,Umar Gul,2,0,,,,,,,,,
385750,2008/09,2009-01-21,National Stadium,1,47.3,Sri Lanka,Pakistan,T Thushara,CK Kapugedera,Umar Gul,0,0,,,,,,,,,
385750,2008/09,2009-01-21,National Stadium,1,47.4,Sri Lanka,Pakistan,T Thushara,CK Kapugedera,Umar Gul,0,0,,,,,,caught,T Thushara,,
385750,2008/09,2009-01-21,National Stadium,1,47.5,Sri Lanka,Pakistan,CK Kapugedera,M Muralitharan,Umar Gul,1,0,,,,,,,,,
385750,2008/09,2009-01-21,National Stadium,1,47.6,Sri Lanka,Pakistan,M Muralitharan,CK Kapugedera,Umar Gul,1,0,,,,,,,,,
385750,2008/09,2009-01-21,National Stadium,1,48.1,Sri Lanka,Pakistan,M Muralitharan,CK Kapugedera,Sohail Tanvir,1,0,,,,,,,,,
385750,2008/09,2009-01-21,National Stadium,1,48.2,Sri Lanka,Pakistan,CK Kapugedera,M Muralitharan,Sohail Tanvir,2,0,,,,,,,,,
385750,2008/09,2009-01-21,National Stadium,1,48.3,Sri Lanka,Pakistan,CK Kapugedera,M Muralitharan,Sohail Tanvir,0,0,,,,,,,,,
385750,2008/09,2009-01-21,National Stadium,1,48.4,Sri Lanka,Pakistan,CK Kapugedera,M Muralitharan,Sohail Tanvir,0,0,,,,,,,,,
385750,2008/09,2009-01-21,National Stadium,1,48.5,Sri Lanka,Pakistan,CK Kapugedera,M Muralitharan,Sohail Tanvir,1,0,,,,,,,,,
385750,2008/09,2009-01-21,National Stadium,1,48.6,Sri Lanka,Pakistan,M Muralitharan,CK Kapugedera,Sohail Tanvir,1,0,,,,,,,,,
385750,2008/09,2009-01-21,National Stadium,1,49.1,Sri Lanka,Pakistan,M Muralitharan,CK Kapugedera,Umar Gul,4,0,,,,,,,,,
385750,2008/09,2009-01-21,National Stadium,1,49.2,Sri Lanka,Pakistan,M Muralitharan,CK Kapugedera,Umar Gul,2,0,,,,,,,,,
385750,2008/09,2009-01-21,National Stadium,1,49.3,Sri Lanka,Pakistan,M Muralitharan,CK Kapugedera,Umar Gul,1,0,,,,,,,,,
385750,2008/09,2009-01-21,National Stadium,1,49.4,Sri Lanka,Pakistan,CK Kapugedera,M Muralitharan,Umar Gul,6,0,,,,,,,,,
385750,2008/09,2009-01-21,National Stadium,1,49.5,Sri Lanka,Pakistan,CK Kapugedera,M Muralitharan,Umar Gul,0,0,,,,,,caught,CK Kapugedera,,
385750,2008/09,2009-01-21,National Stadium,1,49.6,Sri Lanka,Pakistan,M Muralitharan,KMDN Kulasekara,Umar Gul,1,0,,,,,,,,,
385750,2008/09,2009-01-21,National Stadium,2,0.1,Pakistan,Sri Lanka,Khurram Manzoor,Salman Butt,KMDN Kulasekara,1,0,,,,,,,,,
385750,2008/09,2009-01-21,National Stadium,2,0.2,Pakistan,Sri Lanka,Salman Butt,Khurram Manzoor,KMDN Kulasekara,0,0,,,,,,,,,
385750,2008/09,2009-01-21,National Stadium,2,0.3,Pakistan,Sri Lanka,Salman Butt,Khurram Manzoor,KMDN Kulasekara,0,0,,,,,,,,,
385750,2008/09,2009-01-21,National Stadium,2,0.4,Pakistan,Sri Lanka,Salman Butt,Khurram Manzoor,KMDN Kulasekara,4,0,,,,,,,,,
385750,2008/09,2009-01-21,National Stadium,2,0.5,Pakistan,Sri Lanka,Salman Butt,Khurram Manzoor,KMDN Kulasekara,1,0,,,,,,,,,
385750,2008/09,2009-01-21,National Stadium,2,0.6,Pakistan,Sri Lanka,Khurram Manzoor,Salman Butt,KMDN Kulasekara,0,0,,,,,,lbw,Khurram Manzoor,,
385750,2008/09,2009-01-21,National Stadium,2,1.1,Pakistan,Sri Lanka,Salman Butt,Younis Khan,T Thushara,0,0,,,,,,,,,
385750,2008/09,2009-01-21,National Stadium,2,1.2,Pakistan,Sri Lanka,Salman Butt,Younis Khan,T Thushara,0,0,,,,,,,,,
385750,2008/09,2009-01-21,National Stadium,2,1.3,Pakistan,Sri Lanka,Salman Butt,Younis Khan,T Thushara,4,0,,,,,,,,,
385750,2008/09,2009-01-21,National Stadium,2,1.4,Pakistan,Sri Lanka,Salman Butt,Younis Khan,T Thushara,0,0,,,,,,,,,
385750,2008/09,2009-01-21,National Stadium,2,1.5,Pakistan,Sri Lanka,Salman Butt,Younis Khan,T Thushara,0,0,,,,,,,,,
385750,2008/09,2009-01-21,National Stadium,2,1.6,Pakistan,Sri Lanka,Salman Butt,Younis Khan,T Thushara,0,0,,,,,,,,,
385750,2008/09,2009-01-21,National Stadium,2,2.1,Pakistan,Sri Lanka,Younis Khan,Salman Butt,KMDN Kulasekara,4,0,,,,,,,,,
385750,2008/09,2009-01-21,National Stadium,2,2.2,Pakistan,Sri Lanka,Younis Khan,Salman Butt,KMDN Kulasekara,0,0,,,,,,,,,
385750,2008/09,2009-01-21,National Stadium,2,2.3,Pakistan,Sri Lanka,Younis Khan,Salman Butt,KMDN Kulasekara,0,0,,,,,,,,,
385750,2008/09,2009-01-21,National Stadium,2,2.4,Pakistan,Sri Lanka,Younis Khan,Salman Butt,KMDN Kulasekara,0,0,,,,,,,,,
385750,2008/09,2009-01-21,National Stadium,2,2.5,Pakistan,Sri Lanka,Younis Khan,Salman Butt,KMDN Kulasekara,0,0,,,,,,,,,
385750,2008/09,2009-01-21,National Stadium,2,2.6,Pakistan,Sri Lanka,Younis Khan,Salman Butt,KMDN Kulasekara,0,0,,,,,,bowled,Younis Khan,,
385750,2008/09,2009-01-21,National Stadium,2,3.1,Pakistan,Sri Lanka,Salman Butt,Misbah-ul-Haq,T Thushara,1,0,,,,,,,,,
385750,2008/09,2009-01-21,National Stadium,2,3.2,Pakistan,Sri Lanka,Misbah-ul-Haq,Salman Butt,T Thushara,1,0,,,,,,,,,
385750,2008/09,2009-01-21,National Stadium,2,3.3,Pakistan,Sri Lanka,Salman Butt,Misbah-ul-Haq,T Thushara,0,0,,,,,,,,,
385750,2008/09,2009-01-21,National Stadium,2,3.4,Pakistan,Sri Lanka,Salman Butt,Misbah-ul-Haq,T Thushara,1,0,,,,,,,,,
385750,2008/09,2009-01-21,National Stadium,2,3.5,Pakistan,Sri Lanka,Misbah-ul-Haq,Salman Butt,T Thushara,0,0,,,,,,caught,Misbah-ul-Haq,,
385750,2008/09,2009-01-21,National Stadium,2,3.6,Pakistan,Sri Lanka,Shoaib Malik,Salman Butt,T Thushara,0,0,,,,,,,,,
385750,2008/09,2009-01-21,National Stadium,2,4.1,Pakistan,Sri Lanka,Salman Butt,Shoaib Malik,KMDN Kulasekara,0,0,,,,,,,,,
385750,2008/09,2009-01-21,National Stadium,2,4.2,Pakistan,Sri Lanka,Salman Butt,Shoaib Malik,KMDN Kulasekara,0,0,,,,,,,,,
385750,2008/09,2009-01-21,National Stadium,2,4.3,Pakistan,Sri Lanka,Salman Butt,Shoaib Malik,KMDN Kulasekara,0,0,,,,,,,,,
385750,2008/09,2009-01-21,National Stadium,2,4.4,Pakistan,Sri Lanka,Salman Butt,Shoaib Malik,KMDN Kulasekara,0,1,1,,,,,,,,
385750,2008/09,2009-01-21,National Stadium,2,4.5,Pakistan,Sri Lanka,Salman Butt,Shoaib Malik,KMDN Kulasekara,0,0,,,,,,,,,
385750,2008/09,2009-01-21,National Stadium,2,4.6,Pakistan,Sri Lanka,Salman Butt,Shoaib Malik,KMDN Kulasekara,0,0,,,,,,,,,
385750,2008/09,2009-01-21,National Stadium,2,4.7,Pakistan,Sri Lanka,Salman Butt,Shoaib Malik,KMDN Kulasekara,1,0,,,,,,,,,
385750,2008/09,2009-01-21,National Stadium,2,5.1,Pakistan,Sri Lanka,Salman Butt,Shoaib Malik,T Thushara,0,0,,,,,,,,,
385750,2008/09,2009-01-21,National Stadium,2,5.2,Pakistan,Sri Lanka,Salman Butt,Shoaib Malik,T Thushara,0,0,,,,,,,,,
385750,2008/09,2009-01-21,National Stadium,2,5.3,Pakistan,Sri Lanka,Salman Butt,Shoaib Malik,T Thushara,0,0,,,,,,,,,
385750,2008/09,2009-01-21,National Stadium,2,5.4,Pakistan,Sri Lanka,Salman Butt,Shoaib Malik,T Thushara,0,0,,,,,,,,,
385750,2008/09,2009-01-21,National Stadium,2,5.5,Pakistan,Sri Lanka,Salman Butt,Shoaib Malik,T Thushara,1,0,,,,,,,,,
385750,2008/09,2009-01-21,National Stadium,2,5.6,Pakistan,Sri Lanka,Shoaib Malik,Salman Butt,T Thushara,1,0,,,,,,,,,
385750,2008/09,2009-01-21,National Stadium,2,6.1,Pakistan,Sri Lanka,Shoaib Malik,Salman Butt,KMDN Kulasekara,0,0,,,,,,,,,
385750,2008/09,2009-01-21,National Stadium,2,6.2,Pakistan,Sri Lanka,Shoaib Malik,Salman Butt,KMDN Kulasekara,0,0,,,,,,,,,
385750,2008/09,2009-01-21,National Stadium,2,6.3,Pakistan,Sri Lanka,Shoaib Malik,Salman Butt,KMDN Kulasekara,0,0,,,,,,,,,
385750,2008/09,2009-01-21,National Stadium,2,6.4,Pakistan,Sri Lanka,Shoaib Malik,Salman Butt,KMDN Kulasekara,0,0,,,,,,,,,
385750,2008/09,2009-01-21,National Stadium,2,6.5,Pakistan,Sri Lanka,Shoaib Malik,Salman Butt,KMDN Kulasekara,0,0,,,,,,,,,
385750,2008/09,2009-01-21,National Stadium,2,6.6,Pakistan,Sri Lanka,Shoaib Malik,Salman Butt,KMDN Kulasekara,2,0,,,,,,,,,
385750,2008/09,2009-01-21,National Stadium,2,7.1,Pakistan,Sri Lanka,Salman Butt,Shoaib Malik,T Thushara,2,0,,,,,,,,,
385750,2008/09,2009-01-21,National Stadium,2,7.2,Pakistan,Sri Lanka,Salman Butt,Shoaib Malik,T Thushara,0,0,,,,,,,,,
385750,2008/09,2009-01-21,National Stadium,2,7.3,Pakistan,Sri Lanka,Salman Butt,Shoaib Malik,T Thushara,4,0,,,,,,,,,
385750,2008/09,2009-01-21,National Stadium,2,7.4,Pakistan,Sri Lanka,Salman Butt,Shoaib Malik,T Thushara,0,0,,,,,,,,,
385750,2008/09,2009-01-21,National Stadium,2,7.5,Pakistan,Sri Lanka,Salman Butt,Shoaib Malik,T Thushara,0,0,,,,,,,,,
385750,2008/09,2009-01-21,National Stadium,2,7.6,Pakistan,Sri Lanka,Salman Butt,Shoaib Malik,T Thushara,1,0,,,,,,,,,
385750,2008/09,2009-01-21,National Stadium,2,8.1,Pakistan,Sri Lanka,Salman Butt,Shoaib Malik,KMDN Kulasekara,0,0,,,,,,,,,
385750,2008/09,2009-01-21,National Stadium,2,8.2,Pakistan,Sri Lanka,Salman Butt,Shoaib Malik,KMDN Kulasekara,0,0,,,,,,,,,
385750,2008/09,2009-01-21,National Stadium,2,8.3,Pakistan,Sri Lanka,Salman Butt,Shoaib Malik,KMDN Kulasekara,0,0,,,,,,,,,
385750,2008/09,2009-01-21,National Stadium,2,8.4,Pakistan,Sri Lanka,Salman Butt,Shoaib Malik,KMDN Kulasekara,0,0,,,,,,,,,
385750,2008/09,2009-01-21,National Stadium,2,8.5,Pakistan,Sri Lanka,Salman Butt,Shoaib Malik,KMDN Kulasekara,0,0,,,,,,,,,
385750,2008/09,2009-01-21,National Stadium,2,8.6,Pakistan,Sri Lanka,Salman Butt,Shoaib Malik,KMDN Kulasekara,1,0,,,,,,,,,
385750,2008/09,2009-01-21,National Stadium,2,9.1,Pakistan,Sri Lanka,Salman Butt,Shoaib Malik,T Thushara,4,0,,,,,,,,,
385750,2008/09,2009-01-21,National Stadium,2,9.2,Pakistan,Sri Lanka,Salman Butt,Shoaib Malik,T Thushara,4,0,,,,,,,,,
385750,2008/09,2009-01-21,National Stadium,2,9.3,Pakistan,Sri Lanka,Salman Butt,Shoaib Malik,T Thushara,0,0,,,,,,,,,
385750,2008/09,2009-01-21,National Stadium,2,9.4,Pakistan,Sri Lanka,Salman Butt,Shoaib Malik,T Thushara,0,0,,,,,,,,,
385750,2008/09,2009-01-21,National Stadium,2,9.5,Pakistan,Sri Lanka,Salman Butt,Shoaib Malik,T Thushara,0,0,,,,,,,,,
385750,2008/09,2009-01-21,National Stadium,2,9.6,Pakistan,Sri Lanka,Salman Butt,Shoaib Malik,T Thushara,0,0,,,,,,,,,
385750,2008/09,2009-01-21,National Stadium,2,10.1,Pakistan,Sri Lanka,Shoaib Malik,Salman Butt,KMDN Kulasekara,0,0,,,,,,,,,
385750,2008/09,2009-01-21,National Stadium,2,10.2,Pakistan,Sri Lanka,Shoaib Malik,Salman Butt,KMDN Kulasekara,0,0,,,,,,,,,
385750,2008/09,2009-01-21,National Stadium,2,10.3,Pakistan,Sri Lanka,Shoaib Malik,Salman Butt,KMDN Kulasekara,6,0,,,,,,,,,
385750,2008/09,2009-01-21,National Stadium,2,10.4,Pakistan,Sri Lanka,Shoaib Malik,Salman Butt,KMDN Kulasekara,0,0,,,,,,,,,
385750,2008/09,2009-01-21,National Stadium,2,10.5,Pakistan,Sri Lanka,Shoaib Malik,Salman Butt,KMDN Kulasekara,0,0,,,,,,,,,
385750,2008/09,2009-01-21,National Stadium,2,10.6,Pakistan,Sri Lanka,Shoaib Malik,Salman Butt,KMDN Kulasekara,4,0,,,,,,,,,
385750,2008/09,2009-01-21,National Stadium,2,11.1,Pakistan,Sri Lanka,Salman Butt,Shoaib Malik,MF Maharoof,4,0,,,,,,,,,
385750,2008/09,2009-01-21,National Stadium,2,11.2,Pakistan,Sri Lanka,Salman Butt,Shoaib Malik,MF Maharoof,0,0,,,,,,,,,
385750,2008/09,2009-01-21,National Stadium,2,11.3,Pakistan,Sri Lanka,Salman Butt,Shoaib Malik,MF Maharoof,1,0,,,,,,,,,
385750,2008/09,2009-01-21,National Stadium,2,11.4,Pakistan,Sri Lanka,Shoaib Malik,Salman Butt,MF Maharoof,0,0,,,,,,,,,
385750,2008/09,2009-01-21,National Stadium,2,11.5,Pakistan,Sri Lanka,Shoaib Malik,Salman Butt,MF Maharoof,2,0,,,,,,,,,
385750,2008/09,2009-01-21,National Stadium,2,11.6,Pakistan,Sri Lanka,Shoaib Malik,Salman Butt,MF Maharoof,1,0,,,,,,,,,
385750,2008/09,2009-01-21,National Stadium,2,12.1,Pakistan,Sri Lanka,Shoaib Malik,Salman Butt,KMDN Kulasekara,4,0,,,,,,,,,
385750,2008/09,2009-01-21,National Stadium,2,12.2,Pakistan,Sri Lanka,Shoaib Malik,Salman Butt,KMDN Kulasekara,0,0,,,,,,,,,
385750,2008/09,2009-01-21,National Stadium,2,12.3,Pakistan,Sri Lanka,Shoaib Malik,Salman Butt,KMDN Kulasekara,0,0,,,,,,,,,
385750,2008/09,2009-01-21,National Stadium,2,12.4,Pakistan,Sri Lanka,Shoaib Malik,Salman Butt,KMDN Kulasekara,1,0,,,,,,,,,
385750,2008/09,2009-01-21,National Stadium,2,12.5,Pakistan,Sri Lanka,Salman Butt,Shoaib Malik,KMDN Kulasekara,0,0,,,,,,,,,
385750,2008/09,2009-01-21,National Stadium,2,12.6,Pakistan,Sri Lanka,Salman Butt,Shoaib Malik,KMDN Kulasekara,1,0,,,,,,,,,
385750,2008/09,2009-01-21,National Stadium,2,13.1,Pakistan,Sri Lanka,Salman Butt,Shoaib Malik,MF Maharoof,1,0,,,,,,,,,
385750,2008/09,2009-01-21,National Stadium,2,13.2,Pakistan,Sri Lanka,Shoaib Malik,Salman Butt,MF Maharoof,0,0,,,,,,,,,
385750,2008/09,2009-01-21,National Stadium,2,13.3,Pakistan,Sri Lanka,Shoaib Malik,Salman Butt,MF Maharoof,1,0,,,,,,,,,
385750,2008/09,2009-01-21,National Stadium,2,13.4,Pakistan,Sri Lanka,Salman Butt,Shoaib Malik,MF Maharoof,1,0,,,,,,,,,
385750,2008/09,2009-01-21,National Stadium,2,13.5,Pakistan,Sri Lanka,Shoaib Malik,Salman Butt,MF Maharoof,0,0,,,,,,,,,
385750,2008/09,2009-01-21,National Stadium,2,13.6,Pakistan,Sri Lanka,Shoaib Malik,Salman Butt,MF Maharoof,4,0,,,,,,,,,
385750,2008/09,2009-01-21,National Stadium,2,14.1,Pakistan,Sri Lanka,Salman Butt,Shoaib Malik,BAW Mendis,0,0,,,,,,,,,
385750,2008/09,2009-01-21,National Stadium,2,14.2,Pakistan,Sri Lanka,Salman Butt,Shoaib Malik,BAW Mendis,0,0,,,,,,,,,
385750,2008/09,2009-01-21,National Stadium,2,14.3,Pakistan,Sri Lanka,Salman Butt,Shoaib Malik,BAW Mendis,1,0,,,,,,,,,
385750,2008/09,2009-01-21,National Stadium,2,14.4,Pakistan,Sri Lanka,Shoaib Malik,Salman Butt,BAW Mendis,0,0,,,,,,,,,
385750,2008/09,2009-01-21,National Stadium,2,14.5,Pakistan,Sri Lanka,Shoaib Malik,Salman Butt,BAW Mendis,2,0,,,,,,,,,
385750,2008/09,2009-01-21,National Stadium,2,14.6,Pakistan,Sri Lanka,Shoaib Malik,Salman Butt,BAW Mendis,2,0,,,,,,,,,
385750,2008/09,2009-01-21,National Stadium,2,15.1,Pakistan,Sri Lanka,Salman Butt,Shoaib Malik,MF Maharoof,1,0,,,,,,,,,
385750,2008/09,2009-01-21,National Stadium,2,15.2,Pakistan,Sri Lanka,Shoaib Malik,Salman Butt,MF Maharoof,1,0,,,,,,,,,
385750,2008/09,2009-01-21,National Stadium,2,15.3,Pakistan,Sri Lanka,Salman Butt,Shoaib Malik,MF Maharoof,0,0,,,,,,,,,
385750,2008/09,2009-01-21,National Stadium,2,15.4,Pakistan,Sri Lanka,Salman Butt,Shoaib Malik,MF Maharoof,1,0,,,,,,,,,
385750,2008/09,2009-01-21,National Stadium,2,15.5,Pakistan,Sri Lanka,Shoaib Malik,Salman Butt,MF Maharoof,0,0,,,,,,,,,
385750,2008/09,2009-01-21,National Stadium,2,15.6,Pakistan,Sri Lanka,Shoaib Malik,Salman Butt,MF Maharoof,1,0,,,,,,,,,
385750,2008/09,2009-01-21,National Stadium,2,16.1,Pakistan,Sri Lanka,Shoaib Malik,Salman Butt,BAW Mendis,1,0,,,,,,,,,
385750,2008/09,2009-01-21,National Stadium,2,16.2,Pakistan,Sri Lanka,Salman Butt,Shoaib Malik,BAW Mendis,1,0,,,,,,,,,
385750,2008/09,2009-01-21,National Stadium,2,16.3,Pakistan,Sri Lanka,Shoaib Malik,Salman Butt,BAW Mendis,1,0,,,,,,,,,
385750,2008/09,2009-01-21,National Stadium,2,16.4,Pakistan,Sri Lanka,Salman Butt,Shoaib Malik,BAW Mendis,1,0,,,,,,,,,
385750,2008/09,2009-01-21,National Stadium,2,16.5,Pakistan,Sri Lanka,Shoaib Malik,Salman Butt,BAW Mendis,1,0,,,,,,,,,
385750,2008/09,2009-01-21,National Stadium,2,16.6,Pakistan,Sri Lanka,Salman Butt,Shoaib Malik,BAW Mendis,1,0,,,,,,,,,
385750,2008/09,2009-01-21,National Stadium,2,17.1,Pakistan,Sri Lanka,Salman Butt,Shoaib Malik,MF Maharoof,2,0,,,,,,,,,
385750,2008/09,2009-01-21,National Stadium,2,17.2,Pakistan,Sri Lanka,Salman Butt,Shoaib Malik,MF Maharoof,1,0,,,,,,,,,
385750,2008/09,2009-01-21,National Stadium,2,17.3,Pakistan,Sri Lanka,Shoaib Malik,Salman Butt,MF Maharoof,1,0,,,,,,,,,
385750,2008/09,2009-01-21,National Stadium,2,17.4,Pakistan,Sri Lanka,Salman Butt,Shoaib Malik,MF Maharoof,0,1,,,1,,,,,,
385750,2008/09,2009-01-21,National Stadium,2,17.5,Pakistan,Sri Lanka,Shoaib Malik,Salman Butt,MF Maharoof,1,0,,,,,,,,,
385750,2008/09,2009-01-21,National Stadium,2,17.6,Pakistan,Sri Lanka,Salman Butt,Shoaib Malik,MF Maharoof,0,1,1,,,,,,,,
385750,2008/09,2009-01-21,National Stadium,2,17.7,Pakistan,Sri Lanka,Salman Butt,Shoaib Malik,MF Maharoof,1,0,,,,,,,,,
385750,2008/09,2009-01-21,National Stadium,2,18.1,Pakistan,Sri Lanka,Salman Butt,Shoaib Malik,BAW Mendis,1,0,,,,,,,,,
385750,2008/09,2009-01-21,National Stadium,2,18.2,Pakistan,Sri Lanka,Shoaib Malik,Salman Butt,BAW Mendis,1,0,,,,,,,,,
385750,2008/09,2009-01-21,National Stadium,2,18.3,Pakistan,Sri Lanka,Salman Butt,Shoaib Malik,BAW Mendis,1,0,,,,,,,,,
385750,2008/09,2009-01-21,National Stadium,2,18.4,Pakistan,Sri Lanka,Shoaib Malik,Salman Butt,BAW Mendis,0,0,,,,,,,,,
385750,2008/09,2009-01-21,National Stadium,2,18.5,Pakistan,Sri Lanka,Shoaib Malik,Salman Butt,BAW Mendis,4,0,,,,,,,,,
385750,2008/09,2009-01-21,National Stadium,2,18.6,Pakistan,Sri Lanka,Shoaib Malik,Salman Butt,BAW Mendis,0,0,,,,,,,,,
385750,2008/09,2009-01-21,National Stadium,2,19.1,Pakistan,Sri Lanka,Salman Butt,Shoaib Malik,MF Maharoof,0,0,,,,,,,,,
385750,2008/09,2009-01-21,National Stadium,2,19.2,Pakistan,Sri Lanka,Salman Butt,Shoaib Malik,MF Maharoof,1,0,,,,,,,,,
385750,2008/09,2009-01-21,National Stadium,2,19.3,Pakistan,Sri Lanka,Shoaib Malik,Salman Butt,MF Maharoof,1,0,,,,,,,,,
385750,2008/09,2009-01-21,National Stadium,2,19.4,Pakistan,Sri Lanka,Salman Butt,Shoaib Malik,MF Maharoof,0,0,,,,,,,,,
385750,2008/09,2009-01-21,National Stadium,2,19.5,Pakistan,Sri Lanka,Salman Butt,Shoaib Malik,MF Maharoof,2,0,,,,,,,,,
385750,2008/09,2009-01-21,National Stadium,2,19.6,Pakistan,Sri Lanka,Salman Butt,Shoaib Malik,MF Maharoof,1,0,,,,,,,,,
385750,2008/09,2009-01-21,National Stadium,2,20.1,Pakistan,Sri Lanka,Salman Butt,Shoaib Malik,ST Jayasuriya,0,0,,,,,,,,,
385750,2008/09,2009-01-21,National Stadium,2,20.2,Pakistan,Sri Lanka,Salman Butt,Shoaib Malik,ST Jayasuriya,1,0,,,,,,,,,
385750,2008/09,2009-01-21,National Stadium,2,20.3,Pakistan,Sri Lanka,Shoaib Malik,Salman Butt,ST Jayasuriya,0,0,,,,,,,,,
385750,2008/09,2009-01-21,National Stadium,2,20.4,Pakistan,Sri Lanka,Shoaib Malik,Salman Butt,ST Jayasuriya,1,0,,,,,,,,,
385750,2008/09,2009-01-21,National Stadium,2,20.5,Pakistan,Sri Lanka,Salman Butt,Shoaib Malik,ST Jayasuriya,2,0,,,,,,,,,
385750,2008/09,2009-01-21,National Stadium,2,20.6,Pakistan,Sri Lanka,Salman Butt,Shoaib Malik,ST Jayasuriya,1,0,,,,,,,,,
385750,2008/09,2009-01-21,National Stadium,2,21.1,Pakistan,Sri Lanka,Salman Butt,Shoaib Malik,M Muralitharan,1,0,,,,,,,,,
385750,2008/09,2009-01-21,National Stadium,2,21.2,Pakistan,Sri Lanka,Shoaib Malik,Salman Butt,M Muralitharan,1,0,,,,,,,,,
385750,2008/09,2009-01-21,National Stadium,2,21.3,Pakistan,Sri Lanka,Salman Butt,Shoaib Malik,M Muralitharan,1,0,,,,,,,,,
385750,2008/09,2009-01-21,National Stadium,2,21.4,Pakistan,Sri Lanka,Shoaib Malik,Salman Butt,M Muralitharan,1,0,,,,,,,,,
385750,2008/09,2009-01-21,National Stadium,2,21.5,Pakistan,Sri Lanka,Salman Butt,Shoaib Malik,M Muralitharan,1,0,,,,,,,,,
385750,2008/09,2009-01-21,National Stadium,2,21.6,Pakistan,Sri Lanka,Shoaib Malik,Salman Butt,M Muralitharan,1,0,,,,,,,,,
385750,2008/09,2009-01-21,National Stadium,2,22.1,Pakistan,Sri Lanka,Shoaib Malik,Salman Butt,ST Jayasuriya,4,0,,,,,,,,,
385750,2008/09,2009-01-21,National Stadium,2,22.2,Pakistan,Sri Lanka,Shoaib Malik,Salman Butt,ST Jayasuriya,1,0,,,,,,,,,
385750,2008/09,2009-01-21,National Stadium,2,22.3,Pakistan,Sri Lanka,Salman Butt,Shoaib Malik,ST Jayasuriya,0,0,,,,,,,,,
385750,2008/09,2009-01-21,National Stadium,2,22.4,Pakistan,Sri Lanka,Salman Butt,Shoaib Malik,ST Jayasuriya,1,0,,,,,,,,,
385750,2008/09,2009-01-21,National Stadium,2,22.5,Pakistan,Sri Lanka,Shoaib Malik,Salman Butt,ST Jayasuriya,1,0,,,,,,,,,
385750,2008/09,2009-01-21,National Stadium,2,22.6,Pakistan,Sri Lanka,Salman Butt,Shoaib Malik,ST Jayasuriya,0,0,,,,,,,,,
385750,2008/09,2009-01-21,National Stadium,2,23.1,Pakistan,Sri Lanka,Shoaib Malik,Salman Butt,M Muralitharan,1,0,,,,,,,,,
385750,2008/09,2009-01-21,National Stadium,2,23.2,Pakistan,Sri Lanka,Salman Butt,Shoaib Malik,M Muralitharan,0,0,,,,,,,,,
385750,2008/09,2009-01-21,National Stadium,2,23.3,Pakistan,Sri Lanka,Salman Butt,Shoaib Malik,M Muralitharan,0,0,,,,,,,,,
385750,2008/09,2009-01-21,National Stadium,2,23.4,Pakistan,Sri Lanka,Salman Butt,Shoaib Malik,M Muralitharan,1,0,,,,,,,,,
385750,2008/09,2009-01-21,National Stadium,2,23.5,Pakistan,Sri Lanka,Shoaib Malik,Salman Butt,M Muralitharan,0,0,,,,,,,,,
385750,2008/09,2009-01-21,National Stadium,2,23.6,Pakistan,Sri Lanka,Shoaib Malik,Salman Butt,M Muralitharan,0,0,,,,,,caught,Shoaib Malik,,
385750,2008/09,2009-01-21,National Stadium,2,24.1,Pakistan,Sri Lanka,Salman Butt,Kamran Akmal,ST Jayasuriya,0,0,,,,,,,,,
385750,2008/09,2009-01-21,National Stadium,2,24.2,Pakistan,Sri Lanka,Salman Butt,Kamran Akmal,ST Jayasuriya,0,0,,,,,,,,,
385750,2008/09,2009-01-21,National Stadium,2,24.3,Pakistan,Sri Lanka,Salman Butt,Kamran Akmal,ST Jayasuriya,0,0,,,,,,,,,
385750,2008/09,2009-01-21,National Stadium,2,24.4,Pakistan,Sri Lanka,Salman Butt,Kamran Akmal,ST Jayasuriya,0,0,,,,,,,,,
385750,2008/09,2009-01-21,National Stadium,2,24.5,Pakistan,Sri Lanka,Salman Butt,Kamran Akmal,ST Jayasuriya,0,0,,,,,,caught,Salman Butt,,
385750,2008/09,2009-01-21,National Stadium,2,24.6,Pakistan,Sri Lanka,Shahid Afridi,Kamran Akmal,ST Jayasuriya,0,0,,,,,,,,,
385750,2008/09,2009-01-21,National Stadium,2,25.1,Pakistan,Sri Lanka,Kamran Akmal,Shahid Afridi,M Muralitharan,1,0,,,,,,,,,
385750,2008/09,2009-01-21,National Stadium,2,25.2,Pakistan,Sri Lanka,Shahid Afridi,Kamran Akmal,M Muralitharan,0,0,,,,,,,,,
385750,2008/09,2009-01-21,National Stadium,2,25.3,Pakistan,Sri Lanka,Shahid Afridi,Kamran Akmal,M Muralitharan,1,0,,,,,,,,,
385750,2008/09,2009-01-21,National Stadium,2,25.4,Pakistan,Sri Lanka,Kamran Akmal,Shahid Afridi,M Muralitharan,0,0,,,,,,,,,
385750,2008/09,2009-01-21,National Stadium,2,25.5,Pakistan,Sri Lanka,Kamran Akmal,Shahid Afridi,M Muralitharan,1,0,,,,,,,,,
385750,2008/09,2009-01-21,National Stadium,2,25.6,Pakistan,Sri Lanka,Shahid Afridi,Kamran Akmal,M Muralitharan,0,0,,,,,,,,,
385750,2008/09,2009-01-21,National Stadium,2,26.1,Pakistan,Sri Lanka,Kamran Akmal,Shahid Afridi,ST Jayasuriya,1,0,,,,,,,,,
385750,2008/09,2009-01-21,National Stadium,2,26.2,Pakistan,Sri Lanka,Shahid Afridi,Kamran Akmal,ST Jayasuriya,2,0,,,,,,,,,
385750,2008/09,2009-01-21,National Stadium,2,26.3,Pakistan,Sri Lanka,Shahid Afridi,Kamran Akmal,ST Jayasuriya,0,0,,,,,,,,,
385750,2008/09,2009-01-21,National Stadium,2,26.4,Pakistan,Sri Lanka,Shahid Afridi,Kamran Akmal,ST Jayasuriya,0,5,5,,,,,,,,
385750,2008/09,2009-01-21,National Stadium,2,26.5,Pakistan,Sri Lanka,Shahid Afridi,Kamran Akmal,ST Jayasuriya,2,0,,,,,,,,,
385750,2008/09,2009-01-21,National Stadium,2,26.6,Pakistan,Sri Lanka,Shahid Afridi,Kamran Akmal,ST Jayasuriya,0,0,,,,,,,,,
385750,2008/09,2009-01-21,National Stadium,2,26.7,Pakistan,Sri Lanka,Shahid Afridi,Kamran Akmal,ST Jayasuriya,1,0,,,,,,,,,
385750,2008/09,2009-01-21,National Stadium,2,27.1,Pakistan,Sri Lanka,Shahid Afridi,Kamran Akmal,M Muralitharan,0,1,,,,1,,,,,
385750,2008/09,2009-01-21,National Stadium,2,27.2,Pakistan,Sri Lanka,Kamran Akmal,Shahid Afridi,M Muralitharan,1,0,,,,,,,,,
385750,2008/09,2009-01-21,National Stadium,2,27.3,Pakistan,Sri Lanka,Shahid Afridi,Kamran Akmal,M Muralitharan,1,0,,,,,,,,,
385750,2008/09,2009-01-21,National Stadium,2,27.4,Pakistan,Sri Lanka,Kamran Akmal,Shahid Afridi,M Muralitharan,0,0,,,,,,,,,
385750,2008/09,2009-01-21,National Stadium,2,27.5,Pakistan,Sri Lanka,Kamran Akmal,Shahid Afridi,M Muralitharan,0,0,,,,,,,,,
385750,2008/09,2009-01-21,National Stadium,2,27.6,Pakistan,Sri Lanka,Kamran Akmal,Shahid Afridi,M Muralitharan,1,0,,,,,,,,,
385750,2008/09,2009-01-21,National Stadium,2,28.1,Pakistan,Sri Lanka,Kamran Akmal,Shahid Afridi,BAW Mendis,1,0,,,,,,,,,
385750,2008/09,2009-01-21,National Stadium,2,28.2,Pakistan,Sri Lanka,Shahid Afridi,Kamran Akmal,BAW Mendis,1,0,,,,,,,,,
385750,2008/09,2009-01-21,National Stadium,2,28.3,Pakistan,Sri Lanka,Kamran Akmal,Shahid Afridi,BAW Mendis,0,0,,,,,,caught,Kamran Akmal,,
385750,2008/09,2009-01-21,National Stadium,2,28.4,Pakistan,Sri Lanka,Sohail Tanvir,Shahid Afridi,BAW Mendis,1,0,,,,,,,,,
385750,2008/09,2009-01-21,National Stadium,2,28.5,Pakistan,Sri Lanka,Shahid Afridi,Sohail Tanvir,BAW Mendis,0,0,,,,,,,,,
385750,2008/09,2009-01-21,National Stadium,2,28.6,Pakistan,Sri Lanka,Shahid Afridi,Sohail Tanvir,BAW Mendis,4,0,,,,,,,,,
385750,2008/09,2009-01-21,National Stadium,2,29.1,Pakistan,Sri Lanka,Sohail Tanvir,Shahid Afridi,M Muralitharan,0,0,,,,,,caught,Sohail Tanvir,,
385750,2008/09,2009-01-21,National Stadium,2,29.2,Pakistan,Sri Lanka,Umar Gul,Shahid Afridi,M Muralitharan,0,0,,,,,,,,,
385750,2008/09,2009-01-21,National Stadium,2,29.3,Pakistan,Sri Lanka,Umar Gul,Shahid Afridi,M Muralitharan,0,0,,,,,,,,,
385750,2008/09,2009-01-21,National Stadium,2,29.4,Pakistan,Sri Lanka,Umar Gul,Shahid Afridi,M Muralitharan,0,0,,,,,,,,,
385750,2008/09,2009-01-21,National Stadium,2,29.5,Pakistan,Sri Lanka,Umar Gul,Shahid Afridi,M Muralitharan,0,0,,,,,,,,,
385750,2008/09,2009-01-21,National Stadium,2,29.6,Pakistan,Sri Lanka,Umar Gul,Shahid Afridi,M Muralitharan,0,0,,,,,,,,,
385750,2008/09,2009-01-21,National Stadium,2,30.1,Pakistan,Sri Lanka,Shahid Afridi,Umar Gul,BAW Mendis,0,0,,,,,,,,,
385750,2008/09,2009-01-21,National Stadium,2,30.2,Pakistan,Sri Lanka,Shahid Afridi,Umar Gul,BAW Mendis,0,0,,,,,,,,,
385750,2008/09,2009-01-21,National Stadium,2,30.3,Pakistan,Sri Lanka,Shahid Afridi,Umar Gul,BAW Mendis,1,0,,,,,,,,,
385750,2008/09,2009-01-21,National Stadium,2,30.4,Pakistan,Sri Lanka,Umar Gul,Shahid Afridi,BAW Mendis,0,0,,,,,,lbw,Umar Gul,,
385750,2008/09,2009-01-21,National Stadium,2,30.5,Pakistan,Sri Lanka,Iftikhar Anjum,Shahid Afridi,BAW Mendis,1,0,,,,,,,,,
385750,2008/09,2009-01-21,National Stadium,2,30.6,Pakistan,Sri Lanka,Shahid Afridi,Iftikhar Anjum,BAW Mendis,1,0,,,,,,,,,
385750,2008/09,2009-01-21,National Stadium,2,31.1,Pakistan,Sri Lanka,Shahid Afridi,Iftikhar Anjum,M Muralitharan,0,0,,,,,,caught,Shahid Afridi,,
385750,2008/09,2009-01-21,National Stadium,2,31.2,Pakistan,Sri Lanka,Iftikhar Anjum,Shoaib Akhtar,M Muralitharan,0,0,,,,,,,,,
385750,2008/09,2009-01-21,National Stadium,2,31.3,Pakistan,Sri Lanka,Iftikhar Anjum,Shoaib Akhtar,M Muralitharan,0,0,,,,,,,,,
385750,2008/09,2009-01-21,National Stadium,2,31.4,Pakistan,Sri Lanka,Iftikhar Anjum,Shoaib Akhtar,M Muralitharan,0,1,1,,,,,,,,
385750,2008/09,2009-01-21,National Stadium,2,31.5,Pakistan,Sri Lanka,Iftikhar Anjum,Shoaib Akhtar,M Muralitharan,0,0,,,,,,,,,
385750,2008/09,2009-01-21,National Stadium,2,31.6,Pakistan,Sri Lanka,Iftikhar Anjum,Shoaib Akhtar,M Muralitharan,0,0,,,,,,,,,
385750,2008/09,2009-01-21,National Stadium,2,31.7,Pakistan,Sri Lanka,Iftikhar Anjum,Shoaib Akhtar,M Muralitharan,0,0,,,,,,,,,
385750,2008/09,2009-01-21,National Stadium,2,32.1,Pakistan,Sri Lanka,Shoaib Akhtar,Iftikhar Anjum,BAW Mendis,0,0,,,,,,,,,
385750,2008/09,2009-01-21,National Stadium,2,32.2,Pakistan,Sri Lanka,Shoaib Akhtar,Iftikhar Anjum,BAW Mendis,0,0,,,,,,,,,
385750,2008/09,2009-01-21,National Stadium,2,32.3,Pakistan,Sri Lanka,Shoaib Akhtar,Iftikhar Anjum,BAW Mendis,0,0,,,,,,,,,
385750,2008/09,2009-01-21,National Stadium,2,32.4,Pakistan,Sri Lanka,Shoaib Akhtar,Iftikhar Anjum,BAW Mendis,0,0,,,,,,,,,
385750,2008/09,2009-01-21,National Stadium,2,32.5,Pakistan,Sri Lanka,Shoaib Akhtar,Iftikhar Anjum,BAW Mendis,0,0,,,,,,,,,
385750,2008/09,2009-01-21,National Stadium,2,32.6,Pakistan,Sri Lanka,Shoaib Akhtar,Iftikhar Anjum,BAW Mendis,0,0,,,,,,,,,
385750,2008/09,2009-01-21,National Stadium,2,33.1,Pakistan,Sri Lanka,Iftikhar Anjum,Shoaib Akhtar,M Muralitharan,0,0,,,,,,,,,
385750,2008/09,2009-01-21,National Stadium,2,33.2,Pakistan,Sri Lanka,Iftikhar Anjum,Shoaib Akhtar,M Muralitharan,0,2,,,,2,,,,,
385750,2008/09,2009-01-21,National Stadium,2,33.3,Pakistan,Sri Lanka,Iftikhar Anjum,Shoaib Akhtar,M Muralitharan,4,0,,,,,,,,,
385750,2008/09,2009-01-21,National Stadium,2,33.4,Pakistan,Sri Lanka,Iftikhar Anjum,Shoaib Akhtar,M Muralitharan,0,0,,,,,,,,,
385750,2008/09,2009-01-21,National Stadium,2,33.5,Pakistan,Sri Lanka,Iftikhar Anjum,Shoaib Akhtar,M Muralitharan,0,0,,,,,,,,,
385750,2008/09,2009-01-21,National Stadium,2,33.6,Pakistan,Sri Lanka,Iftikhar Anjum,Shoaib Akhtar,M Muralitharan,0,0,,,,,,,,,
385750,2008/09,2009-01-21,National Stadium,2,34.1,Pakistan,Sri Lanka,Shoaib Akhtar,Iftikhar Anjum,BAW Mendis,0,0,,,,,,,,,
385750,2008/09,2009-01-21,National Stadium,2,34.2,Pakistan,Sri Lanka,Shoaib Akhtar,Iftikhar Anjum,BAW Mendis,0,0,,,,,,,,,
385750,2008/09,2009-01-21,National Stadium,2,34.3,Pakistan,Sri Lanka,Shoaib Akhtar,Iftikhar Anjum,BAW Mendis,0,0,,,,,,,,,
385750,2008/09,2009-01-21,National Stadium,2,34.4,Pakistan,Sri Lanka,Shoaib Akhtar,Iftikhar Anjum,BAW Mendis,1,0,,,,,,,,,
385750,2008/09,2009-01-21,National Stadium,2,34.5,Pakistan,Sri Lanka,Iftikhar Anjum,Shoaib Akhtar,BAW Mendis,0,0,,,,,,lbw,Iftikhar Anjum,,
