match_id,season,start_date,venue,innings,ball,batting_team,bowling_team,striker,non_striker,bowler,runs_off_bat,extras,wides,noballs,byes,legbyes,penalty,wicket_type,player_dismissed,other_wicket_type,other_player_dismissed
390227,2009,2009-04-08,Willowmoore Park,1,0.1,Canada,Scotland,JM Davison,GEF Barnett,JAR Blain,0,0,,,,,,,,,
390227,2009,2009-04-08,Willowmoore Park,1,0.2,Canada,Scotland,JM Davison,GEF Barnett,JAR Blain,1,0,,,,,,,,,
390227,2009,2009-04-08,Willowmoore Park,1,0.3,Canada,Scotland,GEF Barnett,JM Davison,JAR Blain,0,0,,,,,,,,,
390227,2009,2009-04-08,Willowmoore Park,1,0.4,Canada,Scotland,GEF Barnett,JM Davison,JAR Blain,0,1,1,,,,,,,,
390227,2009,2009-04-08,Willowmoore Park,1,0.5,Canada,Scotland,GEF Barnett,JM Davison,JAR Blain,0,0,,,,,,,,,
390227,2009,2009-04-08,Willowmoore Park,1,0.6,Canada,Scotland,GEF Barnett,JM Davison,JAR Blain,0,0,,,,,,,,,
390227,2009,2009-04-08,Willowmoore Park,1,0.7,Canada,Scotland,GEF Barnett,JM Davison,JAR Blain,0,0,,,,,,,,,
390227,2009,2009-04-08,Willowmoore Park,1,1.1,Canada,Scotland,JM Davison,GEF Barnett,JD Nel,0,0,,,,,,,,,
390227,2009,2009-04-08,Willowmoore Park,1,1.2,Canada,Scotland,JM Davison,GEF Barnett,JD Nel,0,0,,,,,,,,,
390227,2009,2009-04-08,Willowmoore Park,1,1.3,Canada,Scotland,JM Davison,GEF Barnett,JD Nel,1,0,,,,,,,,,
390227,2009,2009-04-08,Willowmoore Park,1,1.4,Canada,Scotland,GEF Barnett,JM Davison,JD Nel,0,0,,,,,,,,,
390227,2009,2009-04-08,Willowmoore Park,1,1.5,Canada,Scotland,GEF Barnett,JM Davison,JD Nel,3,0,,,,,,,,,
390227,2009,2009-04-08,Willowmoore Park,1,1.6,Canada,Scotland,JM Davison,GEF Barnett,JD Nel,0,0,,,,,,,,,
390227,2009,2009-04-08,Willowmoore Park,1,2.1,Canada,Scotland,GEF Barnett,JM Davison,JAR Blain,0,0,,,,,,,,,
390227,2009,2009-04-08,Willowmoore Park,1,2.2,Canada,Scotland,GEF Barnett,JM Davison,JAR Blain,4,0,,,,,,,,,
390227,2009,2009-04-08,Willowmoore Park,1,2.3,Canada,Scotland,GEF Barnett,JM Davison,JAR Blain,1,0,,,,,,,,,
390227,2009,2009-04-08,Willowmoore Park,1,2.4,Canada,Scotland,JM Davison,GEF Barnett,JAR Blain,0,1,1,,,,,,,,
390227,2009,2009-04-08,Willowmoore Park,1,2.5,Canada,Scotland,JM Davison,GEF Barnett,JAR Blain,0,0,,,,,,,,,
390227,2009,2009-04-08,Willowmoore Park,1,2.6,Canada,Scotland,JM Davison,GEF Barnett,JAR Blain,2,0,,,,,,,,,
390227,2009,2009-04-08,Willowmoore Park,1,2.7,Canada,Scotland,JM Davison,GEF Barnett,JAR Blain,0,0,,,,,,,,,
390227,2009,2009-04-08,Willowmoore Park,1,3.1,Canada,Scotland,GEF Barnett,JM Davison,JD Nel,0,0,,,,,,,,,
390227,2009,2009-04-08,Willowmoore Park,1,3.2,Canada,Scotland,GEF Barnett,JM Davison,JD Nel,0,0,,,,,,,,,
390227,2009,2009-04-08,Willowmoore Park,1,3.3,Canada,Scotland,GEF Barnett,JM Davison,JD Nel,1,0,,,,,,,,,
390227,2009,2009-04-08,Willowmoore Park,1,3.4,Canada,Scotland,JM Davison,GEF Barnett,JD Nel,2,0,,,,,,,,,
390227,2009,2009-04-08,Willowmoore Park,1,3.5,Canada,Scotland,JM Davison,GEF Barnett,JD Nel,0,0,,,,,,,,,
390227,2009,2009-04-08,Willowmoore Park,1,3.6,Canada,Scotland,JM Davison,GEF Barnett,JD Nel,0,0,,,,,,,,,
390227,2009,2009-04-08,Willowmoore Park,1,4.1,Canada,Scotland,GEF Barnett,JM Davison,JAR Blain,2,0,,,,,,,,,
390227,2009,2009-04-08,Willowmoore Park,1,4.2,Canada,Scotland,GEF Barnett,JM Davison,JAR Blain,0,0,,,,,,,,,
390227,2009,2009-04-08,Willowmoore Park,1,4.3,Canada,Scotland,GEF Barnett,JM Davison,JAR Blain,0,0,,,,,,,,,
390227,2009,2009-04-08,Willowmoore Park,1,4.4,Canada,Scotland,GEF Barnett,JM Davison,JAR Blain,0,0,,,,,,,,,
390227,2009,2009-04-08,Willowmoore Park,1,4.5,Canada,Scotland,GEF Barnett,JM Davison,JAR Blain,0,0,,,,,,,,,
390227,2009,2009-04-08,Willowmoore Park,1,4.6,Canada,Scotland,GEF Barnett,JM Davison,JAR Blain,0,0,,,,,,,,,
390227,2009,2009-04-08,Willowmoore Park,1,5.1,Canada,Scotland,JM Davison,GEF Barnett,JD Nel,0,0,,,,,,,,,
390227,2009,2009-04-08,Willowmoore Park,1,5.2,Canada,Scotland,JM Davison,GEF Barnett,JD Nel,0,0,,,,,,,,,
390227,2009,2009-04-08,Willowmoore Park,1,5.3,Canada,Scotland,JM Davison,GEF Barnett,JD Nel,0,1,1,,,,,,,,
390227,2009,2009-04-08,Willowmoore Park,1,5.4,Canada,Scotland,JM Davison,GEF Barnett,JD Nel,4,0,,,,,,,,,
390227,2009,2009-04-08,Willowmoore Park,1,5.5,Canada,Scotland,JM Davison,GEF Barnett,JD Nel,0,0,,,,,,,,,
390227,2009,2009-04-08,Willowmoore Park,1,5.6,Canada,Scotland,JM Davison,GEF Barnett,JD Nel,0,0,,,,,,,,,
390227,2009,2009-04-08,Willowmoore Park,1,5.7,Canada,Scotland,JM Davison,GEF Barnett,JD Nel,0,0,,,,,,,,,
390227,2009,2009-04-08,Willowmoore Park,1,6.1,Canada,Scotland,GEF Barnett,JM Davison,JAR Blain,0,2,2,,,,,,,,
390227,2009,2009-04-08,Willowmoore Park,1,6.2,Canada,Scotland,JM Davison,GEF Barnett,JAR Blain,4,0,,,,,,,,,
390227,2009,2009-04-08,Willowmoore Park,1,6.3,Canada,Scotland,JM Davison,GEF Barnett,JAR Blain,0,0,,,,,,,,,
390227,2009,2009-04-08,Willowmoore Park,1,6.4,Canada,Scotland,JM Davison,GEF Barnett,JAR Blain,0,0,,,,,,,,,
390227,2009,2009-04-08,Willowmoore Park,1,6.5,Canada,Scotland,JM Davison,GEF Barnett,JAR Blain,0,0,,,,,,,,,
390227,2009,2009-04-08,Willowmoore Park,1,6.6,Canada,Scotland,JM Davison,GEF Barnett,JAR Blain,4,0,,,,,,,,,
390227,2009,2009-04-08,Willowmoore Park,1,6.7,Canada,Scotland,JM Davison,GEF Barnett,JAR Blain,0,0,,,,,,,,,
390227,2009,2009-04-08,Willowmoore Park,1,7.1,Canada,Scotland,GEF Barnett,JM Davison,JD Nel,0,0,,,,,,,,,
390227,2009,2009-04-08,Willowmoore Park,1,7.2,Canada,Scotland,GEF Barnett,JM Davison,JD Nel,0,0,,,,,,,,,
390227,2009,2009-04-08,Willowmoore Park,1,7.3,Canada,Scotland,GEF Barnett,JM Davison,JD Nel,1,0,,,,,,,,,
390227,2009,2009-04-08,Willowmoore Park,1,7.4,Canada,Scotland,JM Davison,GEF Barnett,JD Nel,1,0,,,,,,,,,
390227,2009,2009-04-08,Willowmoore Park,1,7.5,Canada,Scotland,GEF Barnett,JM Davison,JD Nel,0,0,,,,,,,,,
390227,2009,2009-04-08,Willowmoore Park,1,7.6,Canada,Scotland,GEF Barnett,JM Davison,JD Nel,1,0,,,,,,,,,
390227,2009,2009-04-08,Willowmoore Park,1,8.1,Canada,Scotland,GEF Barnett,JM Davison,JAR Blain,0,0,,,,,,,,,
390227,2009,2009-04-08,Willowmoore Park,1,8.2,Canada,Scotland,GEF Barnett,JM Davison,JAR Blain,4,0,,,,,,,,,
390227,2009,2009-04-08,Willowmoore Park,1,8.3,Canada,Scotland,GEF Barnett,JM Davison,JAR Blain,0,0,,,,,,,,,
390227,2009,2009-04-08,Willowmoore Park,1,8.4,Canada,Scotland,GEF Barnett,JM Davison,JAR Blain,0,0,,,,,,,,,
390227,2009,2009-04-08,Willowmoore Park,1,8.5,Canada,Scotland,GEF Barnett,JM Davison,JAR Blain,0,0,,,,,,,,,
390227,2009,2009-04-08,Willowmoore Park,1,8.6,Canada,Scotland,GEF Barnett,JM Davison,JAR Blain,0,0,,,,,,,,,
390227,2009,2009-04-08,Willowmoore Park,1,9.1,Canada,Scotland,JM Davison,GEF Barnett,JD Nel,0,1,,,,1,,,,,
390227,2009,2009-04-08,Willowmoore Park,1,9.2,Canada,Scotland,GEF Barnett,JM Davison,JD Nel,3,0,,,,,,,,,
390227,2009,2009-04-08,Willowmoore Park,1,9.3,Canada,Scotland,JM Davison,GEF Barnett,JD Nel,4,0,,,,,,,,,
390227,2009,2009-04-08,Willowmoore Park,1,9.4,Canada,Scotland,JM Davison,GEF Barnett,JD Nel,6,0,,,,,,,,,
390227,2009,2009-04-08,Willowmoore Park,1,9.5,Canada,Scotland,JM Davison,GEF Barnett,JD Nel,1,0,,,,,,,,,
390227,2009,2009-04-08,Willowmoore Park,1,9.6,Canada,Scotland,GEF Barnett,JM Davison,JD Nel,0,0,,,,,,,,,
390227,2009,2009-04-08,Willowmoore Park,1,10.1,Canada,Scotland,JM Davison,GEF Barnett,JAR Blain,0,0,,,,,,,,,
390227,2009,2009-04-08,Willowmoore Park,1,10.2,Canada,Scotland,JM Davison,GEF Barnett,JAR Blain,1,0,,,,,,,,,
390227,2009,2009-04-08,Willowmoore Park,1,10.3,Canada,Scotland,GEF Barnett,JM Davison,JAR Blain,0,0,,,,,,,,,
390227,2009,2009-04-08,Willowmoore Park,1,10.4,Canada,Scotland,GEF Barnett,JM Davison,JAR Blain,0,0,,,,,,,,,
390227,2009,2009-04-08,Willowmoore Park,1,10.5,Canada,Scotland,GEF Barnett,JM Davison,JAR Blain,0,0,,,,,,,,,
390227,2009,2009-04-08,Willowmoore Park,1,10.6,Canada,Scotland,GEF Barnett,JM Davison,JAR Blain,1,0,,,,,,,,,
390227,2009,2009-04-08,Willowmoore Park,1,11.1,Canada,Scotland,GEF Barnett,JM Davison,CM Wright,0,1,1,,,,,,,,
390227,2009,2009-04-08,Willowmoore Park,1,11.2,Canada,Scotland,GEF Barnett,JM Davison,CM Wright,0,0,,,,,,,,,
390227,2009,2009-04-08,Willowmoore Park,1,11.3,Canada,Scotland,GEF Barnett,JM Davison,CM Wright,0,0,,,,,,stumped,GEF Barnett,,
390227,2009,2009-04-08,Willowmoore Park,1,11.4,Canada,Scotland,Rizwan Cheema,JM Davison,CM Wright,0,0,,,,,,,,,
390227,2009,2009-04-08,Willowmoore Park,1,11.5,Canada,Scotland,Rizwan Cheema,JM Davison,CM Wright,0,0,,,,,,,,,
390227,2009,2009-04-08,Willowmoore Park,1,11.6,Canada,Scotland,Rizwan Cheema,JM Davison,CM Wright,0,0,,,,,,lbw,Rizwan Cheema,,
390227,2009,2009-04-08,Willowmoore Park,1,11.7,Canada,Scotland,IS Billcliff,JM Davison,CM Wright,0,0,,,,,,,,,
390227,2009,2009-04-08,Willowmoore Park,1,12.1,Canada,Scotland,JM Davison,IS Billcliff,JAR Blain,0,0,,,,,,,,,
390227,2009,2009-04-08,Willowmoore Park,1,12.2,Canada,Scotland,JM Davison,IS Billcliff,JAR Blain,0,0,,,,,,,,,
390227,2009,2009-04-08,Willowmoore Park,1,12.3,Canada,Scotland,JM Davison,IS Billcliff,JAR Blain,0,0,,,,,,,,,
390227,2009,2009-04-08,Willowmoore Park,1,12.4,Canada,Scotland,A Bagai,IS Billcliff,JAR Blain,0,0,,,,,,,,,
390227,2009,2009-04-08,Willowmoore Park,1,12.5,Canada,Scotland,A Bagai,IS Billcliff,JAR Blain,0,0,,,,,,,,,
390227,2009,2009-04-08,Willowmoore Park,1,12.6,Canada,Scotland,A Bagai,IS Billcliff,JAR Blain,0,0,,,,,,,,,
390227,2009,2009-04-08,Willowmoore Park,1,13.1,Canada,Scotland,IS Billcliff,A Bagai,CM Wright,0,0,,,,,,,,,
390227,2009,2009-04-08,Willowmoore Park,1,13.2,Canada,Scotland,IS Billcliff,A Bagai,CM Wright,0,0,,,,,,,,,
390227,2009,2009-04-08,Willowmoore Park,1,13.3,Canada,Scotland,IS Billcliff,A Bagai,CM Wright,0,0,,,,,,,,,
390227,2009,2009-04-08,Willowmoore Park,1,13.4,Canada,Scotland,IS Billcliff,A Bagai,CM Wright,0,0,,,,,,,,,
390227,2009,2009-04-08,Willowmoore Park,1,13.5,Canada,Scotland,IS Billcliff,A Bagai,CM Wright,0,0,,,,,,,,,
390227,2009,2009-04-08,Willowmoore Park,1,13.6,Canada,Scotland,IS Billcliff,A Bagai,CM Wright,0,0,,,,,,,,,
390227,2009,2009-04-08,Willowmoore Park,1,14.1,Canada,Scotland,A Bagai,IS Billcliff,JAR Blain,2,0,,,,,,,,,
390227,2009,2009-04-08,Willowmoore Park,1,14.2,Canada,Scotland,A Bagai,IS Billcliff,JAR Blain,0,0,,,,,,,,,
390227,2009,2009-04-08,Willowmoore Park,1,14.3,Canada,Scotland,A Bagai,IS Billcliff,JAR Blain,0,0,,,,,,,,,
390227,2009,2009-04-08,Willowmoore Park,1,14.4,Canada,Scotland,A Bagai,IS Billcliff,JAR Blain,0,1,1,,,,,,,,
390227,2009,2009-04-08,Willowmoore Park,1,14.5,Canada,Scotland,A Bagai,IS Billcliff,JAR Blain,0,0,,,,,,,,,
390227,2009,2009-04-08,Willowmoore Park,1,14.6,Canada,Scotland,A Bagai,IS Billcliff,JAR Blain,1,0,,,,,,,,,
390227,2009,2009-04-08,Willowmoore Park,1,14.7,Canada,Scotland,IS Billcliff,A Bagai,JAR Blain,2,0,,,,,,,,,
390227,2009,2009-04-08,Willowmoore Park,1,15.1,Canada,Scotland,A Bagai,IS Billcliff,CM Wright,0,0,,,,,,,,,
390227,2009,2009-04-08,Willowmoore Park,1,15.2,Canada,Scotland,A Bagai,IS Billcliff,CM Wright,0,0,,,,,,,,,
390227,2009,2009-04-08,Willowmoore Park,1,15.3,Canada,Scotland,A Bagai,IS Billcliff,CM Wright,0,0,,,,,,,,,
390227,2009,2009-04-08,Willowmoore Park,1,15.4,Canada,Scotland,A Bagai,IS Billcliff,CM Wright,0,0,,,,,,,,,
390227,2009,2009-04-08,Willowmoore Park,1,15.5,Canada,Scotland,A Bagai,IS Billcliff,CM Wright,0,0,,,,,,,,,
390227,2009,2009-04-08,Willowmoore Park,1,15.6,Canada,Scotland,A Bagai,IS Billcliff,CM Wright,0,0,,,,,,,,,
390227,2009,2009-04-08,Willowmoore Park,1,16.1,Canada,Scotland,IS Billcliff,A Bagai,CS MacLeod,0,0,,,,,,,,,
390227,2009,2009-04-08,Willowmoore Park,1,16.2,Canada,Scotland,IS Billcliff,A Bagai,CS MacLeod,0,0,,,,,,,,,
390227,2009,2009-04-08,Willowmoore Park,1,16.3,Canada,Scotland,IS Billcliff,A Bagai,CS MacLeod,0,0,,,,,,,,,
390227,2009,2009-04-08,Willowmoore Park,1,16.4,Canada,Scotland,IS Billcliff,A Bagai,CS MacLeod,0,1,1,,,,,,,,
390227,2009,2009-04-08,Willowmoore Park,1,16.5,Canada,Scotland,IS Billcliff,A Bagai,CS MacLeod,1,0,,,,,,,,,
390227,2009,2009-04-08,Willowmoore Park,1,16.6,Canada,Scotland,A Bagai,IS Billcliff,CS MacLeod,0,1,,1,,,,,,,
390227,2009,2009-04-08,Willowmoore Park,1,16.7,Canada,Scotland,A Bagai,IS Billcliff,CS MacLeod,0,1,,1,,,,,,,
390227,2009,2009-04-08,Willowmoore Park,1,16.8,Canada,Scotland,A Bagai,IS Billcliff,CS MacLeod,4,0,,,,,,,,,
390227,2009,2009-04-08,Willowmoore Park,1,16.9,Canada,Scotland,A Bagai,IS Billcliff,CS MacLeod,0,0,,,,,,,,,
390227,2009,2009-04-08,Willowmoore Park,1,17.1,Canada,Scotland,IS Billcliff,A Bagai,CM Wright,0,0,,,,,,,,,
390227,2009,2009-04-08,Willowmoore Park,1,17.2,Canada,Scotland,IS Billcliff,A Bagai,CM Wright,0,0,,,,,,,,,
390227,2009,2009-04-08,Willowmoore Park,1,17.3,Canada,Scotland,IS Billcliff,A Bagai,CM Wright,0,0,,,,,,,,,
390227,2009,2009-04-08,Willowmoore Park,1,17.4,Canada,Scotland,IS Billcliff,A Bagai,CM Wright,0,0,,,,,,,,,
390227,2009,2009-04-08,Willowmoore Park,1,17.5,Canada,Scotland,IS Billcliff,A Bagai,CM Wright,0,0,,,,,,caught,IS Billcliff,,
390227,2009,2009-04-08,Willowmoore Park,1,17.6,Canada,Scotland,S Dhaniram,A Bagai,CM Wright,0,0,,,,,,,,,
390227,2009,2009-04-08,Willowmoore Park,1,18.1,Canada,Scotland,A Bagai,S Dhaniram,CS MacLeod,0,0,,,,,,,,,
390227,2009,2009-04-08,Willowmoore Park,1,18.2,Canada,Scotland,A Bagai,S Dhaniram,CS MacLeod,0,0,,,,,,,,,
390227,2009,2009-04-08,Willowmoore Park,1,18.3,Canada,Scotland,A Bagai,S Dhaniram,CS MacLeod,0,0,,,,,,,,,
390227,2009,2009-04-08,Willowmoore Park,1,18.4,Canada,Scotland,A Bagai,S Dhaniram,CS MacLeod,0,0,,,,,,,,,
390227,2009,2009-04-08,Willowmoore Park,1,18.5,Canada,Scotland,A Bagai,S Dhaniram,CS MacLeod,0,1,1,,,,,,,,
390227,2009,2009-04-08,Willowmoore Park,1,18.6,Canada,Scotland,A Bagai,S Dhaniram,CS MacLeod,0,0,,,,,,,,,
390227,2009,2009-04-08,Willowmoore Park,1,18.7,Canada,Scotland,A Bagai,S Dhaniram,CS MacLeod,0,0,,,,,,,,,
390227,2009,2009-04-08,Willowmoore Park,1,19.1,Canada,Scotland,S Dhaniram,A Bagai,CM Wright,0,0,,,,,,,,,
390227,2009,2009-04-08,Willowmoore Park,1,19.2,Canada,Scotland,S Dhaniram,A Bagai,CM Wright,0,0,,,,,,,,,
390227,2009,2009-04-08,Willowmoore Park,1,19.3,Canada,Scotland,S Dhaniram,A Bagai,CM Wright,0,0,,,,,,,,,
390227,2009,2009-04-08,Willowmoore Park,1,19.4,Canada,Scotland,S Dhaniram,A Bagai,CM Wright,0,0,,,,,,,,,
390227,2009,2009-04-08,Willowmoore Park,1,19.5,Canada,Scotland,S Dhaniram,A Bagai,CM Wright,0,0,,,,,,,,,
390227,2009,2009-04-08,Willowmoore Park,1,19.6,Canada,Scotland,S Dhaniram,A Bagai,CM Wright,0,0,,,,,,,,,
390227,2009,2009-04-08,Willowmoore Park,1,20.1,Canada,Scotland,A Bagai,S Dhaniram,CS MacLeod,0,0,,,,,,,,,
390227,2009,2009-04-08,Willowmoore Park,1,20.2,Canada,Scotland,A Bagai,S Dhaniram,CS MacLeod,0,0,,,,,,,,,
390227,2009,2009-04-08,Willowmoore Park,1,20.3,Canada,Scotland,A Bagai,S Dhaniram,CS MacLeod,0,0,,,,,,,,,
390227,2009,2009-04-08,Willowmoore Park,1,20.4,Canada,Scotland,A Bagai,S Dhaniram,CS MacLeod,0,0,,,,,,,,,
390227,2009,2009-04-08,Willowmoore Park,1,20.5,Canada,Scotland,A Bagai,S Dhaniram,CS MacLeod,0,3,3,,,,,,,,
390227,2009,2009-04-08,Willowmoore Park,1,20.6,Canada,Scotland,A Bagai,S Dhaniram,CS MacLeod,0,0,,,,,,,,,
390227,2009,2009-04-08,Willowmoore Park,1,20.7,Canada,Scotland,A Bagai,S Dhaniram,CS MacLeod,0,1,,,,1,,,,,
390227,2009,2009-04-08,Willowmoore Park,1,21.1,Canada,Scotland,A Bagai,S Dhaniram,CM Wright,0,0,,,,,,,,,
390227,2009,2009-04-08,Willowmoore Park,1,21.2,Canada,Scotland,A Bagai,S Dhaniram,CM Wright,0,0,,,,,,,,,
390227,2009,2009-04-08,Willowmoore Park,1,21.3,Canada,Scotland,A Bagai,S Dhaniram,CM Wright,0,0,,,,,,,,,
390227,2009,2009-04-08,Willowmoore Park,1,21.4,Canada,Scotland,A Bagai,S Dhaniram,CM Wright,0,0,,,,,,,,,
390227,2009,2009-04-08,Willowmoore Park,1,21.5,Canada,Scotland,A Bagai,S Dhaniram,CM Wright,1,0,,,,,,,,,
390227,2009,2009-04-08,Willowmoore Park,1,21.6,Canada,Scotland,S Dhaniram,A Bagai,CM Wright,1,0,,,,,,,,,
390227,2009,2009-04-08,Willowmoore Park,1,22.1,Canada,Scotland,S Dhaniram,A Bagai,CS MacLeod,0,0,,,,,,,,,
390227,2009,2009-04-08,Willowmoore Park,1,22.2,Canada,Scotland,S Dhaniram,A Bagai,CS MacLeod,0,0,,,,,,,,,
390227,2009,2009-04-08,Willowmoore Park,1,22.3,Canada,Scotland,S Dhaniram,A Bagai,CS MacLeod,0,0,,,,,,,,,
390227,2009,2009-04-08,Willowmoore Park,1,22.4,Canada,Scotland,S Dhaniram,A Bagai,CS MacLeod,4,0,,,,,,,,,
390227,2009,2009-04-08,Willowmoore Park,1,22.5,Canada,Scotland,S Dhaniram,A Bagai,CS MacLeod,0,0,,,,,,,,,
390227,2009,2009-04-08,Willowmoore Park,1,22.6,Canada,Scotland,S Dhaniram,A Bagai,CS MacLeod,2,0,,,,,,,,,
390227,2009,2009-04-08,Willowmoore Park,1,23.1,Canada,Scotland,A Bagai,S Dhaniram,CM Wright,1,0,,,,,,,,,
390227,2009,2009-04-08,Willowmoore Park,1,23.2,Canada,Scotland,S Dhaniram,A Bagai,CM Wright,2,0,,,,,,,,,
390227,2009,2009-04-08,Willowmoore Park,1,23.3,Canada,Scotland,S Dhaniram,A Bagai,CM Wright,0,0,,,,,,,,,
390227,2009,2009-04-08,Willowmoore Park,1,23.4,Canada,Scotland,S Dhaniram,A Bagai,CM Wright,0,0,,,,,,,,,
390227,2009,2009-04-08,Willowmoore Park,1,23.5,Canada,Scotland,S Dhaniram,A Bagai,CM Wright,1,0,,,,,,,,,
390227,2009,2009-04-08,Willowmoore Park,1,23.6,Canada,Scotland,A Bagai,S Dhaniram,CM Wright,2,0,,,,,,,,,
390227,2009,2009-04-08,Willowmoore Park,1,24.1,Canada,Scotland,S Dhaniram,A Bagai,JH Stander,1,0,,,,,,,,,
390227,2009,2009-04-08,Willowmoore Park,1,24.2,Canada,Scotland,A Bagai,S Dhaniram,JH Stander,0,0,,,,,,,,,
390227,2009,2009-04-08,Willowmoore Park,1,24.3,Canada,Scotland,A Bagai,S Dhaniram,JH Stander,0,1,,,,1,,,,,
390227,2009,2009-04-08,Willowmoore Park,1,24.4,Canada,Scotland,S Dhaniram,A Bagai,JH Stander,2,0,,,,,,,,,
390227,2009,2009-04-08,Willowmoore Park,1,24.5,Canada,Scotland,S Dhaniram,A Bagai,JH Stander,0,0,,,,,,,,,
390227,2009,2009-04-08,Willowmoore Park,1,24.6,Canada,Scotland,S Dhaniram,A Bagai,JH Stander,0,0,,,,,,,,,
390227,2009,2009-04-08,Willowmoore Park,1,25.1,Canada,Scotland,A Bagai,S Dhaniram,CM Wright,0,0,,,,,,,,,
390227,2009,2009-04-08,Willowmoore Park,1,25.2,Canada,Scotland,A Bagai,S Dhaniram,CM Wright,0,0,,,,,,,,,
390227,2009,2009-04-08,Willowmoore Park,1,25.3,Canada,Scotland,A Bagai,S Dhaniram,CM Wright,1,0,,,,,,,,,
390227,2009,2009-04-08,Willowmoore Park,1,25.4,Canada,Scotland,S Dhaniram,A Bagai,CM Wright,1,0,,,,,,,,,
390227,2009,2009-04-08,Willowmoore Park,1,25.5,Canada,Scotland,A Bagai,S Dhaniram,CM Wright,0,0,,,,,,,,,
390227,2009,2009-04-08,Willowmoore Park,1,25.6,Canada,Scotland,A Bagai,S Dhaniram,CM Wright,0,0,,,,,,,,,
390227,2009,2009-04-08,Willowmoore Park,1,26.1,Canada,Scotland,S Dhaniram,A Bagai,JH Stander,1,0,,,,,,,,,
390227,2009,2009-04-08,Willowmoore Park,1,26.2,Canada,Scotland,A Bagai,S Dhaniram,JH Stander,1,0,,,,,,,,,
390227,2009,2009-04-08,Willowmoore Park,1,26.3,Canada,Scotland,S Dhaniram,A Bagai,JH Stander,0,0,,,,,,,,,
390227,2009,2009-04-08,Willowmoore Park,1,26.4,Canada,Scotland,S Dhaniram,A Bagai,JH Stander,2,0,,,,,,,,,
390227,2009,2009-04-08,Willowmoore Park,1,26.5,Canada,Scotland,S Dhaniram,A Bagai,JH Stander,0,5,5,,,,,,,,
390227,2009,2009-04-08,Willowmoore Park,1,26.6,Canada,Scotland,S Dhaniram,A Bagai,JH Stander,1,0,,,,,,,,,
390227,2009,2009-04-08,Willowmoore Park,1,26.7,Canada,Scotland,A Bagai,S Dhaniram,JH Stander,1,0,,,,,,,,,
390227,2009,2009-04-08,Willowmoore Park,1,27.1,Canada,Scotland,A Bagai,S Dhaniram,CM Wright,0,0,,,,,,,,,
390227,2009,2009-04-08,Willowmoore Park,1,27.2,Canada,Scotland,A Bagai,S Dhaniram,CM Wright,0,0,,,,,,,,,
390227,2009,2009-04-08,Willowmoore Park,1,27.3,Canada,Scotland,A Bagai,S Dhaniram,CM Wright,1,0,,,,,,,,,
390227,2009,2009-04-08,Willowmoore Park,1,27.4,Canada,Scotland,S Dhaniram,A Bagai,CM Wright,0,0,,,,,,,,,
390227,2009,2009-04-08,Willowmoore Park,1,27.5,Canada,Scotland,S Dhaniram,A Bagai,CM Wright,0,0,,,,,,,,,
390227,2009,2009-04-08,Willowmoore Park,1,27.6,Canada,Scotland,S Dhaniram,A Bagai,CM Wright,6,0,,,,,,,,,
390227,2009,2009-04-08,Willowmoore Park,1,28.1,Canada,Scotland,A Bagai,S Dhaniram,RR Watson,1,0,,,,,,,,,
390227,2009,2009-04-08,Willowmoore Park,1,28.2,Canada,Scotland,S Dhaniram,A Bagai,RR Watson,1,0,,,,,,,,,
390227,2009,2009-04-08,Willowmoore Park,1,28.3,Canada,Scotland,A Bagai,S Dhaniram,RR Watson,1,0,,,,,,,,,
390227,2009,2009-04-08,Willowmoore Park,1,28.4,Canada,Scotland,S Dhaniram,A Bagai,RR Watson,1,0,,,,,,,,,
390227,2009,2009-04-08,Willowmoore Park,1,28.5,Canada,Scotland,A Bagai,S Dhaniram,RR Watson,0,0,,,,,,,,,
390227,2009,2009-04-08,Willowmoore Park,1,28.6,Canada,Scotland,A Bagai,S Dhaniram,RR Watson,4,0,,,,,,,,,
390227,2009,2009-04-08,Willowmoore Park,1,29.1,Canada,Scotland,S Dhaniram,A Bagai,CM Wright,0,0,,,,,,,,,
390227,2009,2009-04-08,Willowmoore Park,1,29.2,Canada,Scotland,S Dhaniram,A Bagai,CM Wright,1,0,,,,,,,,,
390227,2009,2009-04-08,Willowmoore Park,1,29.3,Canada,Scotland,A Bagai,S Dhaniram,CM Wright,0,0,,,,,,,,,
390227,2009,2009-04-08,Willowmoore Park,1,29.4,Canada,Scotland,A Bagai,S Dhaniram,CM Wright,4,0,,,,,,,,,
390227,2009,2009-04-08,Willowmoore Park,1,29.5,Canada,Scotland,A Bagai,S Dhaniram,CM Wright,0,0,,,,,,,,,
390227,2009,2009-04-08,Willowmoore Park,1,29.6,Canada,Scotland,A Bagai,S Dhaniram,CM Wright,0,0,,,,,,,,,
390227,2009,2009-04-08,Willowmoore Park,1,30.1,Canada,Scotland,S Dhaniram,A Bagai,RR Watson,0,0,,,,,,,,,
390227,2009,2009-04-08,Willowmoore Park,1,30.2,Canada,Scotland,S Dhaniram,A Bagai,RR Watson,0,0,,,,,,,,,
390227,2009,2009-04-08,Willowmoore Park,1,30.3,Canada,Scotland,S Dhaniram,A Bagai,RR Watson,0,0,,,,,,,,,
390227,2009,2009-04-08,Willowmoore Park,1,30.4,Canada,Scotland,S Dhaniram,A Bagai,RR Watson,1,0,,,,,,,,,
390227,2009,2009-04-08,Willowmoore Park,1,30.5,Canada,Scotland,A Bagai,S Dhaniram,RR Watson,2,0,,,,,,,,,
390227,2009,2009-04-08,Willowmoore Park,1,30.6,Canada,Scotland,A Bagai,S Dhaniram,RR Watson,1,0,,,,,,,,,
390227,2009,2009-04-08,Willowmoore Park,1,31.1,Canada,Scotland,A Bagai,S Dhaniram,JD Nel,0,0,,,,,,,,,
390227,2009,2009-04-08,Willowmoore Park,1,31.2,Canada,Scotland,A Bagai,S Dhaniram,JD Nel,0,0,,,,,,,,,
390227,2009,2009-04-08,Willowmoore Park,1,31.3,Canada,Scotland,A Bagai,S Dhaniram,JD Nel,1,0,,,,,,,,,
390227,2009,2009-04-08,Willowmoore Park,1,31.4,Canada,Scotland,S Dhaniram,A Bagai,JD Nel,1,0,,,,,,,,,
390227,2009,2009-04-08,Willowmoore Park,1,31.5,Canada,Scotland,A Bagai,S Dhaniram,JD Nel,1,0,,,,,,,,,
390227,2009,2009-04-08,Willowmoore Park,1,31.6,Canada,Scotland,S Dhaniram,A Bagai,JD Nel,0,0,,,,,,,,,
390227,2009,2009-04-08,Willowmoore Park,1,32.1,Canada,Scotland,A Bagai,S Dhaniram,RR Watson,0,0,,,,,,,,,
390227,2009,2009-04-08,Willowmoore Park,1,32.2,Canada,Scotland,A Bagai,S Dhaniram,RR Watson,0,0,,,,,,,,,
390227,2009,2009-04-08,Willowmoore Park,1,32.3,Canada,Scotland,A Bagai,S Dhaniram,RR Watson,0,0,,,,,,,,,
390227,2009,2009-04-08,Willowmoore Park,1,32.4,Canada,Scotland,A Bagai,S Dhaniram,RR Watson,0,0,,,,,,,,,
390227,2009,2009-04-08,Willowmoore Park,1,32.5,Canada,Scotland,A Bagai,S Dhaniram,RR Watson,0,0,,,,,,,,,
390227,2009,2009-04-08,Willowmoore Park,1,32.6,Canada,Scotland,A Bagai,S Dhaniram,RR Watson,2,0,,,,,,,,,
390227,2009,2009-04-08,Willowmoore Park,1,33.1,Canada,Scotland,S Dhaniram,A Bagai,JH Stander,1,0,,,,,,,,,
390227,2009,2009-04-08,Willowmoore Park,1,33.2,Canada,Scotland,A Bagai,S Dhaniram,JH Stander,0,0,,,,,,,,,
390227,2009,2009-04-08,Willowmoore Park,1,33.3,Canada,Scotland,A Bagai,S Dhaniram,JH Stander,0,0,,,,,,,,,
390227,2009,2009-04-08,Willowmoore Park,1,33.4,Canada,Scotland,A Bagai,S Dhaniram,JH Stander,0,0,,,,,,,,,
390227,2009,2009-04-08,Willowmoore Park,1,33.5,Canada,Scotland,A Bagai,S Dhaniram,JH Stander,0,0,,,,,,,,,
390227,2009,2009-04-08,Willowmoore Park,1,33.6,Canada,Scotland,A Bagai,S Dhaniram,JH Stander,1,0,,,,,,,,,
390227,2009,2009-04-08,Willowmoore Park,1,34.1,Canada,Scotland,A Bagai,S Dhaniram,JAR Blain,2,0,,,,,,,,,
390227,2009,2009-04-08,Willowmoore Park,1,34.2,Canada,Scotland,A Bagai,S Dhaniram,JAR Blain,1,0,,,,,,,,,
390227,2009,2009-04-08,Willowmoore Park,1,34.3,Canada,Scotland,S Dhaniram,A Bagai,JAR Blain,4,0,,,,,,,,,
390227,2009,2009-04-08,Willowmoore Park,1,34.4,Canada,Scotland,S Dhaniram,A Bagai,JAR Blain,2,0,,,,,,,,,
390227,2009,2009-04-08,Willowmoore Park,1,34.5,Canada,Scotland,S Dhaniram,A Bagai,JAR Blain,4,0,,,,,,,,,
390227,2009,2009-04-08,Willowmoore Park,1,34.6,Canada,Scotland,S Dhaniram,A Bagai,JAR Blain,1,0,,,,,,,,,
390227,2009,2009-04-08,Willowmoore Park,1,35.1,Canada,Scotland,S Dhaniram,A Bagai,JH Stander,0,0,,,,,,,,,
390227,2009,2009-04-08,Willowmoore Park,1,35.2,Canada,Scotland,S Dhaniram,A Bagai,JH Stander,0,0,,,,,,bowled,S Dhaniram,,
390227,2009,2009-04-08,Willowmoore Park,1,35.3,Canada,Scotland,S Jyoti,A Bagai,JH Stander,0,0,,,,,,,,,
390227,2009,2009-04-08,Willowmoore Park,1,35.4,Canada,Scotland,S Jyoti,A Bagai,JH Stander,0,0,,,,,,,,,
390227,2009,2009-04-08,Willowmoore Park,1,35.5,Canada,Scotland,S Jyoti,A Bagai,JH Stander,0,0,,,,,,,,,
390227,2009,2009-04-08,Willowmoore Park,1,35.6,Canada,Scotland,S Jyoti,A Bagai,JH Stander,0,0,,,,,,,,,
390227,2009,2009-04-08,Willowmoore Park,1,36.1,Canada,Scotland,A Bagai,S Jyoti,JAR Blain,0,0,,,,,,,,,
390227,2009,2009-04-08,Willowmoore Park,1,36.2,Canada,Scotland,A Bagai,S Jyoti,JAR Blain,0,0,,,,,,,,,
390227,2009,2009-04-08,Willowmoore Park,1,36.3,Canada,Scotland,A Bagai,S Jyoti,JAR Blain,1,0,,,,,,,,,
390227,2009,2009-04-08,Willowmoore Park,1,36.4,Canada,Scotland,S Jyoti,A Bagai,JAR Blain,0,0,,,,,,,,,
390227,2009,2009-04-08,Willowmoore Park,1,36.5,Canada,Scotland,S Jyoti,A Bagai,JAR Blain,0,0,,,,,,,,,
390227,2009,2009-04-08,Willowmoore Park,1,36.6,Canada,Scotland,S Jyoti,A Bagai,JAR Blain,0,0,,,,,,,,,
390227,2009,2009-04-08,Willowmoore Park,1,37.1,Canada,Scotland,A Bagai,S Jyoti,JH Stander,0,0,,,,,,,,,
390227,2009,2009-04-08,Willowmoore Park,1,37.2,Canada,Scotland,A Bagai,S Jyoti,JH Stander,2,0,,,,,,,,,
390227,2009,2009-04-08,Willowmoore Park,1,37.3,Canada,Scotland,A Bagai,S Jyoti,JH Stander,1,0,,,,,,,,,
390227,2009,2009-04-08,Willowmoore Park,1,37.4,Canada,Scotland,S Jyoti,A Bagai,JH Stander,1,0,,,,,,,,,
390227,2009,2009-04-08,Willowmoore Park,1,37.5,Canada,Scotland,A Bagai,S Jyoti,JH Stander,0,0,,,,,,,,,
390227,2009,2009-04-08,Willowmoore Park,1,37.6,Canada,Scotland,A Bagai,S Jyoti,JH Stander,0,0,,,,,,,,,
390227,2009,2009-04-08,Willowmoore Park,1,38.1,Canada,Scotland,S Jyoti,A Bagai,RR Watson,1,0,,,,,,,,,
390227,2009,2009-04-08,Willowmoore Park,1,38.2,Canada,Scotland,A Bagai,S Jyoti,RR Watson,0,0,,,,,,,,,
390227,2009,2009-04-08,Willowmoore Park,1,38.3,Canada,Scotland,A Bagai,S Jyoti,RR Watson,1,0,,,,,,,,,
390227,2009,2009-04-08,Willowmoore Park,1,38.4,Canada,Scotland,S Jyoti,A Bagai,RR Watson,1,0,,,,,,,,,
390227,2009,2009-04-08,Willowmoore Park,1,38.5,Canada,Scotland,A Bagai,S Jyoti,RR Watson,1,0,,,,,,,,,
390227,2009,2009-04-08,Willowmoore Park,1,38.6,Canada,Scotland,S Jyoti,A Bagai,RR Watson,0,0,,,,,,,,,
390227,2009,2009-04-08,Willowmoore Park,1,39.1,Canada,Scotland,A Bagai,S Jyoti,JD Nel,0,0,,,,,,,,,
390227,2009,2009-04-08,Willowmoore Park,1,39.2,Canada,Scotland,A Bagai,S Jyoti,JD Nel,0,0,,,,,,,,,
390227,2009,2009-04-08,Willowmoore Park,1,39.3,Canada,Scotland,A Bagai,S Jyoti,JD Nel,2,0,,,,,,,,,
390227,2009,2009-04-08,Willowmoore Park,1,39.4,Canada,Scotland,A Bagai,S Jyoti,JD Nel,1,0,,,,,,,,,
390227,2009,2009-04-08,Willowmoore Park,1,39.5,Canada,Scotland,S Jyoti,A Bagai,JD Nel,0,0,,,,,,,,,
390227,2009,2009-04-08,Willowmoore Park,1,39.6,Canada,Scotland,S Jyoti,A Bagai,JD Nel,0,0,,,,,,,,,
390227,2009,2009-04-08,Willowmoore Park,1,40.1,Canada,Scotland,A Bagai,S Jyoti,RR Watson,1,0,,,,,,,,,
390227,2009,2009-04-08,Willowmoore Park,1,40.2,Canada,Scotland,S Jyoti,A Bagai,RR Watson,0,0,,,,,,,,,
390227,2009,2009-04-08,Willowmoore Park,1,40.3,Canada,Scotland,S Jyoti,A Bagai,RR Watson,0,0,,,,,,,,,
390227,2009,2009-04-08,Willowmoore Park,1,40.4,Canada,Scotland,S Jyoti,A Bagai,RR Watson,1,0,,,,,,,,,
390227,2009,2009-04-08,Willowmoore Park,1,40.5,Canada,Scotland,A Bagai,S Jyoti,RR Watson,0,0,,,,,,,,,
390227,2009,2009-04-08,Willowmoore Park,1,40.6,Canada,Scotland,A Bagai,S Jyoti,RR Watson,6,0,,,,,,,,,
390227,2009,2009-04-08,Willowmoore Park,1,41.1,Canada,Scotland,S Jyoti,A Bagai,JD Nel,1,0,,,,,,,,,
390227,2009,2009-04-08,Willowmoore Park,1,41.2,Canada,Scotland,A Bagai,S Jyoti,JD Nel,1,0,,,,,,,,,
390227,2009,2009-04-08,Willowmoore Park,1,41.3,Canada,Scotland,S Jyoti,A Bagai,JD Nel,1,0,,,,,,,,,
390227,2009,2009-04-08,Willowmoore Park,1,41.4,Canada,Scotland,A Bagai,S Jyoti,JD Nel,2,0,,,,,,,,,
390227,2009,2009-04-08,Willowmoore Park,1,41.5,Canada,Scotland,A Bagai,S Jyoti,JD Nel,1,0,,,,,,,,,
390227,2009,2009-04-08,Willowmoore Park,1,41.6,Canada,Scotland,S Jyoti,A Bagai,JD Nel,1,0,,,,,,,,,
390227,2009,2009-04-08,Willowmoore Park,1,42.1,Canada,Scotland,S Jyoti,A Bagai,CS MacLeod,1,0,,,,,,,,,
390227,2009,2009-04-08,Willowmoore Park,1,42.2,Canada,Scotland,A Bagai,S Jyoti,CS MacLeod,0,0,,,,,,,,,
390227,2009,2009-04-08,Willowmoore Park,1,42.3,Canada,Scotland,A Bagai,S Jyoti,CS MacLeod,0,0,,,,,,,,,
390227,2009,2009-04-08,Willowmoore Park,1,42.4,Canada,Scotland,A Bagai,S Jyoti,CS MacLeod,4,0,,,,,,,,,
390227,2009,2009-04-08,Willowmoore Park,1,42.5,Canada,Scotland,A Bagai,S Jyoti,CS MacLeod,4,0,,,,,,,,,
390227,2009,2009-04-08,Willowmoore Park,1,42.6,Canada,Scotland,A Bagai,S Jyoti,CS MacLeod,0,0,,,,,,,,,
390227,2009,2009-04-08,Willowmoore Park,1,43.1,Canada,Scotland,S Jyoti,A Bagai,JH Stander,6,0,,,,,,,,,
390227,2009,2009-04-08,Willowmoore Park,1,43.2,Canada,Scotland,S Jyoti,A Bagai,JH Stander,0,0,,,,,,,,,
390227,2009,2009-04-08,Willowmoore Park,1,43.3,Canada,Scotland,S Jyoti,A Bagai,JH Stander,1,0,,,,,,,,,
390227,2009,2009-04-08,Willowmoore Park,1,43.4,Canada,Scotland,A Bagai,S Jyoti,JH Stander,1,0,,,,,,,,,
390227,2009,2009-04-08,Willowmoore Park,1,43.5,Canada,Scotland,S Jyoti,A Bagai,JH Stander,1,0,,,,,,,,,
390227,2009,2009-04-08,Willowmoore Park,1,43.6,Canada,Scotland,A Bagai,S Jyoti,JH Stander,1,0,,,,,,,,,
390227,2009,2009-04-08,Willowmoore Park,1,44.1,Canada,Scotland,A Bagai,S Jyoti,CS MacLeod,1,0,,,,,,,,,
390227,2009,2009-04-08,Willowmoore Park,1,44.2,Canada,Scotland,S Jyoti,A Bagai,CS MacLeod,0,0,,,,,,,,,
390227,2009,2009-04-08,Willowmoore Park,1,44.3,Canada,Scotland,S Jyoti,A Bagai,CS MacLeod,0,0,,,,,,caught,S Jyoti,,
390227,2009,2009-04-08,Willowmoore Park,1,44.4,Canada,Scotland,JM Davison,A Bagai,CS MacLeod,1,0,,,,,,,,,
390227,2009,2009-04-08,Willowmoore Park,1,44.5,Canada,Scotland,A Bagai,JM Davison,CS MacLeod,0,0,,,,,,,,,
390227,2009,2009-04-08,Willowmoore Park,1,44.6,Canada,Scotland,A Bagai,JM Davison,CS MacLeod,1,0,,,,,,,,,
390227,2009,2009-04-08,Willowmoore Park,1,45.1,Canada,Scotland,A Bagai,JM Davison,JH Stander,4,0,,,,,,,,,
390227,2009,2009-04-08,Willowmoore Park,1,45.2,Canada,Scotland,A Bagai,JM Davison,JH Stander,0,0,,,,,,,,,
390227,2009,2009-04-08,Willowmoore Park,1,45.3,Canada,Scotland,A Bagai,JM Davison,JH Stander,1,0,,,,,,,,,
390227,2009,2009-04-08,Willowmoore Park,1,45.4,Canada,Scotland,JM Davison,A Bagai,JH Stander,0,0,,,,,,caught,JM Davison,,
390227,2009,2009-04-08,Willowmoore Park,1,45.5,Canada,Scotland,U Bhatti,A Bagai,JH Stander,0,1,,,,1,,,,,
390227,2009,2009-04-08,Willowmoore Park,1,45.6,Canada,Scotland,A Bagai,U Bhatti,JH Stander,1,0,,,,,,,,,
390227,2009,2009-04-08,Willowmoore Park,1,46.1,Canada,Scotland,A Bagai,U Bhatti,CS MacLeod,1,0,,,,,,,,,
390227,2009,2009-04-08,Willowmoore Park,1,46.2,Canada,Scotland,U Bhatti,A Bagai,CS MacLeod,0,1,,,,1,,,,,
390227,2009,2009-04-08,Willowmoore Park,1,46.3,Canada,Scotland,A Bagai,U Bhatti,CS MacLeod,1,0,,,,,,,,,
390227,2009,2009-04-08,Willowmoore Park,1,46.4,Canada,Scotland,U Bhatti,A Bagai,CS MacLeod,1,0,,,,,,,,,
390227,2009,2009-04-08,Willowmoore Park,1,46.5,Canada,Scotland,A Bagai,U Bhatti,CS MacLeod,0,0,,,,,,,,,
390227,2009,2009-04-08,Willowmoore Park,1,46.6,Canada,Scotland,A Bagai,U Bhatti,CS MacLeod,1,0,,,,,,,,,
390227,2009,2009-04-08,Willowmoore Park,1,47.1,Canada,Scotland,A Bagai,U Bhatti,JH Stander,0,0,,,,,,,,,
390227,2009,2009-04-08,Willowmoore Park,1,47.2,Canada,Scotland,A Bagai,U Bhatti,JH Stander,1,0,,,,,,,,,
390227,2009,2009-04-08,Willowmoore Park,1,47.3,Canada,Scotland,U Bhatti,A Bagai,JH Stander,4,0,,,,,,,,,
390227,2009,2009-04-08,Willowmoore Park,1,47.4,Canada,Scotland,U Bhatti,A Bagai,JH Stander,1,0,,,,,,,,,
390227,2009,2009-04-08,Willowmoore Park,1,47.5,Canada,Scotland,A Bagai,U Bhatti,JH Stander,4,0,,,,,,,,,
390227,2009,2009-04-08,Willowmoore Park,1,47.6,Canada,Scotland,A Bagai,U Bhatti,JH Stander,1,0,,,,,,,,,
390227,2009,2009-04-08,Willowmoore Park,1,48.1,Canada,Scotland,A Bagai,U Bhatti,CS MacLeod,4,0,,,,,,,,,
390227,2009,2009-04-08,Willowmoore Park,1,48.2,Canada,Scotland,A Bagai,U Bhatti,CS MacLeod,0,5,,5,,,,,,,
390227,2009,2009-04-08,Willowmoore Park,1,48.3,Canada,Scotland,A Bagai,U Bhatti,CS MacLeod,0,0,,,,,,caught,A Bagai,,
390227,2009,2009-04-08,Willowmoore Park,1,48.4,Canada,Scotland,Khurram Chohan,U Bhatti,CS MacLeod,1,0,,,,,,,,,
390227,2009,2009-04-08,Willowmoore Park,1,48.5,Canada,Scotland,U Bhatti,Khurram Chohan,CS MacLeod,0,0,,,,,,,,,
390227,2009,2009-04-08,Willowmoore Park,1,48.6,Canada,Scotland,U Bhatti,Khurram Chohan,CS MacLeod,1,0,,,,,,,,,
390227,2009,2009-04-08,Willowmoore Park,1,48.7,Canada,Scotland,Khurram Chohan,U Bhatti,CS MacLeod,1,0,,,,,,,,,
390227,2009,2009-04-08,Willowmoore Park,1,49.1,Canada,Scotland,Khurram Chohan,U Bhatti,JH Stander,1,0,,,,,,,,,
390227,2009,2009-04-08,Willowmoore Park,1,49.2,Canada,Scotland,U Bhatti,Khurram Chohan,JH Stander,2,0,,,,,,,,,
390227,2009,2009-04-08,Willowmoore Park,1,49.3,Canada,Scotland,U Bhatti,Khurram Chohan,JH Stander,4,0,,,,,,,,,
390227,2009,2009-04-08,Willowmoore Park,1,49.4,Canada,Scotland,U Bhatti,Khurram Chohan,JH Stander,1,0,,,,,,,,,
390227,2009,2009-04-08,Willowmoore Park,1,49.5,Canada,Scotland,Khurram Chohan,U Bhatti,JH Stander,0,0,,,,,,,,,
390227,2009,2009-04-08,Willowmoore Park,1,49.6,Canada,Scotland,Khurram Chohan,U Bhatti,JH Stander,6,0,,,,,,,,,
390227,2009,2009-04-08,Willowmoore Park,2,0.1,Scotland,Canada,GM Hamilton,RR Watson,U Bhatti,0,0,,,,,,,,,
390227,2009,2009-04-08,Willowmoore Park,2,0.2,Scotland,Canada,GM Hamilton,RR Watson,U Bhatti,0,0,,,,,,,,,
390227,2009,2009-04-08,Willowmoore Park,2,0.3,Scotland,Canada,GM Hamilton,RR Watson,U Bhatti,0,0,,,,,,,,,
390227,2009,2009-04-08,Willowmoore Park,2,0.4,Scotland,Canada,GM Hamilton,RR Watson,U Bhatti,0,0,,,,,,,,,
390227,2009,2009-04-08,Willowmoore Park,2,0.5,Scotland,Canada,GM Hamilton,RR Watson,U Bhatti,0,0,,,,,,,,,
390227,2009,2009-04-08,Willowmoore Park,2,0.6,Scotland,Canada,GM Hamilton,RR Watson,U Bhatti,0,0,,,,,,,,,
390227,2009,2009-04-08,Willowmoore Park,2,1.1,Scotland,Canada,RR Watson,GM Hamilton,H Osinde,0,0,,,,,,,,,
390227,2009,2009-04-08,Willowmoore Park,2,1.2,Scotland,Canada,RR Watson,GM Hamilton,H Osinde,2,0,,,,,,,,,
390227,2009,2009-04-08,Willowmoore Park,2,1.3,Scotland,Canada,RR Watson,GM Hamilton,H Osinde,4,0,,,,,,,,,
390227,2009,2009-04-08,Willowmoore Park,2,1.4,Scotland,Canada,RR Watson,GM Hamilton,H Osinde,0,0,,,,,,,,,
390227,2009,2009-04-08,Willowmoore Park,2,1.5,Scotland,Canada,RR Watson,GM Hamilton,H Osinde,0,0,,,,,,,,,
390227,2009,2009-04-08,Willowmoore Park,2,1.6,Scotland,Canada,RR Watson,GM Hamilton,H Osinde,1,0,,,,,,,,,
390227,2009,2009-04-08,Willowmoore Park,2,2.1,Scotland,Canada,RR Watson,GM Hamilton,U Bhatti,0,0,,,,,,,,,
390227,2009,2009-04-08,Willowmoore Park,2,2.2,Scotland,Canada,RR Watson,GM Hamilton,U Bhatti,4,0,,,,,,,,,
390227,2009,2009-04-08,Willowmoore Park,2,2.3,Scotland,Canada,RR Watson,GM Hamilton,U Bhatti,1,0,,,,,,,,,
390227,2009,2009-04-08,Willowmoore Park,2,2.4,Scotland,Canada,GM Hamilton,RR Watson,U Bhatti,0,0,,,,,,,,,
390227,2009,2009-04-08,Willowmoore Park,2,2.5,Scotland,Canada,GM Hamilton,RR Watson,U Bhatti,4,0,,,,,,,,,
390227,2009,2009-04-08,Willowmoore Park,2,2.6,Scotland,Canada,GM Hamilton,RR Watson,U Bhatti,1,0,,,,,,,,,
390227,2009,2009-04-08,Willowmoore Park,2,3.1,Scotland,Canada,GM Hamilton,RR Watson,H Osinde,0,0,,,,,,,,,
390227,2009,2009-04-08,Willowmoore Park,2,3.2,Scotland,Canada,GM Hamilton,RR Watson,H Osinde,0,0,,,,,,,,,
390227,2009,2009-04-08,Willowmoore Park,2,3.3,Scotland,Canada,GM Hamilton,RR Watson,H Osinde,1,0,,,,,,,,,
390227,2009,2009-04-08,Willowmoore Park,2,3.4,Scotland,Canada,RR Watson,GM Hamilton,H Osinde,1,0,,,,,,,,,
390227,2009,2009-04-08,Willowmoore Park,2,3.5,Scotland,Canada,GM Hamilton,RR Watson,H Osinde,0,0,,,,,,,,,
390227,2009,2009-04-08,Willowmoore Park,2,3.6,Scotland,Canada,GM Hamilton,RR Watson,H Osinde,1,0,,,,,,,,,
390227,2009,2009-04-08,Willowmoore Park,2,4.1,Scotland,Canada,GM Hamilton,RR Watson,U Bhatti,0,0,,,,,,caught,GM Hamilton,,
390227,2009,2009-04-08,Willowmoore Park,2,4.2,Scotland,Canada,KJ Coetzer,RR Watson,U Bhatti,4,0,,,,,,,,,
390227,2009,2009-04-08,Willowmoore Park,2,4.3,Scotland,Canada,KJ Coetzer,RR Watson,U Bhatti,4,0,,,,,,,,,
390227,2009,2009-04-08,Willowmoore Park,2,4.4,Scotland,Canada,KJ Coetzer,RR Watson,U Bhatti,0,0,,,,,,,,,
390227,2009,2009-04-08,Willowmoore Park,2,4.5,Scotland,Canada,KJ Coetzer,RR Watson,U Bhatti,0,0,,,,,,caught,KJ Coetzer,,
390227,2009,2009-04-08,Willowmoore Park,2,4.6,Scotland,Canada,NS Poonia,RR Watson,U Bhatti,0,0,,,,,,,,,
390227,2009,2009-04-08,Willowmoore Park,2,5.1,Scotland,Canada,RR Watson,NS Poonia,H Osinde,0,0,,,,,,,,,
390227,2009,2009-04-08,Willowmoore Park,2,5.2,Scotland,Canada,RR Watson,NS Poonia,H Osinde,0,0,,,,,,,,,
390227,2009,2009-04-08,Willowmoore Park,2,5.3,Scotland,Canada,RR Watson,NS Poonia,H Osinde,0,0,,,,,,,,,
390227,2009,2009-04-08,Willowmoore Park,2,5.4,Scotland,Canada,RR Watson,NS Poonia,H Osinde,0,0,,,,,,,,,
390227,2009,2009-04-08,Willowmoore Park,2,5.5,Scotland,Canada,RR Watson,NS Poonia,H Osinde,0,0,,,,,,,,,
390227,2009,2009-04-08,Willowmoore Park,2,5.6,Scotland,Canada,RR Watson,NS Poonia,H Osinde,1,0,,,,,,,,,
390227,2009,2009-04-08,Willowmoore Park,2,6.1,Scotland,Canada,RR Watson,NS Poonia,U Bhatti,0,0,,,,,,,,,
390227,2009,2009-04-08,Willowmoore Park,2,6.2,Scotland,Canada,RR Watson,NS Poonia,U Bhatti,0,0,,,,,,caught,RR Watson,,
390227,2009,2009-04-08,Willowmoore Park,2,6.3,Scotland,Canada,CJO Smith,NS Poonia,U Bhatti,0,0,,,,,,,,,
390227,2009,2009-04-08,Willowmoore Park,2,6.4,Scotland,Canada,CJO Smith,NS Poonia,U Bhatti,0,0,,,,,,,,,
390227,2009,2009-04-08,Willowmoore Park,2,6.5,Scotland,Canada,CJO Smith,NS Poonia,U Bhatti,0,0,,,,,,,,,
390227,2009,2009-04-08,Willowmoore Park,2,6.6,Scotland,Canada,CJO Smith,NS Poonia,U Bhatti,0,0,,,,,,,,,
390227,2009,2009-04-08,Willowmoore Park,2,7.1,Scotland,Canada,NS Poonia,CJO Smith,H Osinde,0,0,,,,,,,,,
390227,2009,2009-04-08,Willowmoore Park,2,7.2,Scotland,Canada,NS Poonia,CJO Smith,H Osinde,0,0,,,,,,caught,NS Poonia,,
390227,2009,2009-04-08,Willowmoore Park,2,7.3,Scotland,Canada,NFI McCallum,CJO Smith,H Osinde,0,0,,,,,,,,,
390227,2009,2009-04-08,Willowmoore Park,2,7.4,Scotland,Canada,NFI McCallum,CJO Smith,H Osinde,0,0,,,,,,,,,
390227,2009,2009-04-08,Willowmoore Park,2,7.5,Scotland,Canada,NFI McCallum,CJO Smith,H Osinde,0,0,,,,,,,,,
390227,2009,2009-04-08,Willowmoore Park,2,7.6,Scotland,Canada,NFI McCallum,CJO Smith,H Osinde,0,1,1,,,,,,,,
390227,2009,2009-04-08,Willowmoore Park,2,7.7,Scotland,Canada,NFI McCallum,CJO Smith,H Osinde,0,0,,,,,,,,,
390227,2009,2009-04-08,Willowmoore Park,2,8.1,Scotland,Canada,CJO Smith,NFI McCallum,U Bhatti,0,0,,,,,,,,,
390227,2009,2009-04-08,Willowmoore Park,2,8.2,Scotland,Canada,CJO Smith,NFI McCallum,U Bhatti,0,0,,,,,,,,,
390227,2009,2009-04-08,Willowmoore Park,2,8.3,Scotland,Canada,CJO Smith,NFI McCallum,U Bhatti,0,0,,,,,,,,,
390227,2009,2009-04-08,Willowmoore Park,2,8.4,Scotland,Canada,CJO Smith,NFI McCallum,U Bhatti,1,0,,,,,,,,,
390227,2009,2009-04-08,Willowmoore Park,2,8.5,Scotland,Canada,NFI McCallum,CJO Smith,U Bhatti,0,1,1,,,,,,,,
390227,2009,2009-04-08,Willowmoore Park,2,8.6,Scotland,Canada,NFI McCallum,CJO Smith,U Bhatti,1,0,,,,,,,,,
390227,2009,2009-04-08,Willowmoore Park,2,8.7,Scotland,Canada,CJO Smith,NFI McCallum,U Bhatti,0,0,,,,,,,,,
390227,2009,2009-04-08,Willowmoore Park,2,9.1,Scotland,Canada,NFI McCallum,CJO Smith,H Osinde,0,0,,,,,,,,,
390227,2009,2009-04-08,Willowmoore Park,2,9.2,Scotland,Canada,NFI McCallum,CJO Smith,H Osinde,0,0,,,,,,,,,
390227,2009,2009-04-08,Willowmoore Park,2,9.3,Scotland,Canada,NFI McCallum,CJO Smith,H Osinde,0,0,,,,,,caught,NFI McCallum,,
390227,2009,2009-04-08,Willowmoore Park,2,9.4,Scotland,Canada,JH Stander,CJO Smith,H Osinde,0,0,,,,,,,,,
390227,2009,2009-04-08,Willowmoore Park,2,9.5,Scotland,Canada,JH Stander,CJO Smith,H Osinde,0,0,,,,,,,,,
390227,2009,2009-04-08,Willowmoore Park,2,9.6,Scotland,Canada,JH Stander,CJO Smith,H Osinde,0,0,,,,,,,,,
390227,2009,2009-04-08,Willowmoore Park,2,10.1,Scotland,Canada,CJO Smith,JH Stander,U Bhatti,0,0,,,,,,,,,
390227,2009,2009-04-08,Willowmoore Park,2,10.2,Scotland,Canada,CJO Smith,JH Stander,U Bhatti,0,0,,,,,,,,,
390227,2009,2009-04-08,Willowmoore Park,2,10.3,Scotland,Canada,CJO Smith,JH Stander,U Bhatti,0,0,,,,,,,,,
390227,2009,2009-04-08,Willowmoore Park,2,10.4,Scotland,Canada,CJO Smith,JH Stander,U Bhatti,0,0,,,,,,,,,
390227,2009,2009-04-08,Willowmoore Park,2,10.5,Scotland,Canada,CJO Smith,JH Stander,U Bhatti,4,0,,,,,,,,,
390227,2009,2009-04-08,Willowmoore Park,2,10.6,Scotland,Canada,CJO Smith,JH Stander,U Bhatti,0,0,,,,,,,,,
390227,2009,2009-04-08,Willowmoore Park,2,11.1,Scotland,Canada,JH Stander,CJO Smith,H Osinde,0,0,,,,,,,,,
390227,2009,2009-04-08,Willowmoore Park,2,11.2,Scotland,Canada,JH Stander,CJO Smith,H Osinde,0,0,,,,,,,,,
390227,2009,2009-04-08,Willowmoore Park,2,11.3,Scotland,Canada,JH Stander,CJO Smith,H Osinde,0,0,,,,,,,,,
390227,2009,2009-04-08,Willowmoore Park,2,11.4,Scotland,Canada,JH Stander,CJO Smith,H Osinde,2,0,,,,,,,,,
390227,2009,2009-04-08,Willowmoore Park,2,11.5,Scotland,Canada,JH Stander,CJO Smith,H Osinde,0,0,,,,,,,,,
390227,2009,2009-04-08,Willowmoore Park,2,11.6,Scotland,Canada,JH Stander,CJO Smith,H Osinde,0,0,,,,,,,,,
390227,2009,2009-04-08,Willowmoore Park,2,12.1,Scotland,Canada,CJO Smith,JH Stander,U Bhatti,0,0,,,,,,,,,
390227,2009,2009-04-08,Willowmoore Park,2,12.2,Scotland,Canada,CJO Smith,JH Stander,U Bhatti,1,0,,,,,,,,,
390227,2009,2009-04-08,Willowmoore Park,2,12.3,Scotland,Canada,JH Stander,CJO Smith,U Bhatti,0,0,,,,,,,,,
390227,2009,2009-04-08,Willowmoore Park,2,12.4,Scotland,Canada,JH Stander,CJO Smith,U Bhatti,0,0,,,,,,,,,
390227,2009,2009-04-08,Willowmoore Park,2,12.5,Scotland,Canada,JH Stander,CJO Smith,U Bhatti,0,0,,,,,,,,,
390227,2009,2009-04-08,Willowmoore Park,2,12.6,Scotland,Canada,JH Stander,CJO Smith,U Bhatti,0,0,,,,,,,,,
390227,2009,2009-04-08,Willowmoore Park,2,13.1,Scotland,Canada,CJO Smith,JH Stander,H Osinde,0,0,,,,,,,,,
390227,2009,2009-04-08,Willowmoore Park,2,13.2,Scotland,Canada,CJO Smith,JH Stander,H Osinde,0,0,,,,,,,,,
390227,2009,2009-04-08,Willowmoore Park,2,13.3,Scotland,Canada,CJO Smith,JH Stander,H Osinde,0,0,,,,,,,,,
390227,2009,2009-04-08,Willowmoore Park,2,13.4,Scotland,Canada,CJO Smith,JH Stander,H Osinde,0,0,,,,,,,,,
390227,2009,2009-04-08,Willowmoore Park,2,13.5,Scotland,Canada,CJO Smith,JH Stander,H Osinde,0,0,,,,,,,,,
390227,2009,2009-04-08,Willowmoore Park,2,13.6,Scotland,Canada,CJO Smith,JH Stander,H Osinde,0,0,,,,,,,,,
390227,2009,2009-04-08,Willowmoore Park,2,14.1,Scotland,Canada,JH Stander,CJO Smith,U Bhatti,0,0,,,,,,,,,
390227,2009,2009-04-08,Willowmoore Park,2,14.2,Scotland,Canada,JH Stander,CJO Smith,U Bhatti,0,0,,,,,,,,,
390227,2009,2009-04-08,Willowmoore Park,2,14.3,Scotland,Canada,JH Stander,CJO Smith,U Bhatti,0,0,,,,,,,,,
390227,2009,2009-04-08,Willowmoore Park,2,14.4,Scotland,Canada,JH Stander,CJO Smith,U Bhatti,0,0,,,,,,,,,
390227,2009,2009-04-08,Willowmoore Park,2,14.5,Scotland,Canada,JH Stander,CJO Smith,U Bhatti,1,0,,,,,,,,,
390227,2009,2009-04-08,Willowmoore Park,2,14.6,Scotland,Canada,CJO Smith,JH Stander,U Bhatti,4,0,,,,,,,,,
390227,2009,2009-04-08,Willowmoore Park,2,15.1,Scotland,Canada,JH Stander,CJO Smith,Khurram Chohan,2,0,,,,,,,,,
390227,2009,2009-04-08,Willowmoore Park,2,15.2,Scotland,Canada,JH Stander,CJO Smith,Khurram Chohan,0,0,,,,,,,,,
390227,2009,2009-04-08,Willowmoore Park,2,15.3,Scotland,Canada,JH Stander,CJO Smith,Khurram Chohan,0,0,,,,,,,,,
390227,2009,2009-04-08,Willowmoore Park,2,15.4,Scotland,Canada,JH Stander,CJO Smith,Khurram Chohan,0,0,,,,,,,,,
390227,2009,2009-04-08,Willowmoore Park,2,15.5,Scotland,Canada,JH Stander,CJO Smith,Khurram Chohan,0,0,,,,,,,,,
390227,2009,2009-04-08,Willowmoore Park,2,15.6,Scotland,Canada,JH Stander,CJO Smith,Khurram Chohan,0,0,,,,,,,,,
390227,2009,2009-04-08,Willowmoore Park,2,16.1,Scotland,Canada,CJO Smith,JH Stander,E Katchay,0,0,,,,,,,,,
390227,2009,2009-04-08,Willowmoore Park,2,16.2,Scotland,Canada,CJO Smith,JH Stander,E Katchay,4,0,,,,,,,,,
390227,2009,2009-04-08,Willowmoore Park,2,16.3,Scotland,Canada,CJO Smith,JH Stander,E Katchay,1,0,,,,,,,,,
390227,2009,2009-04-08,Willowmoore Park,2,16.4,Scotland,Canada,JH Stander,CJO Smith,E Katchay,0,0,,,,,,,,,
390227,2009,2009-04-08,Willowmoore Park,2,16.5,Scotland,Canada,JH Stander,CJO Smith,E Katchay,6,0,,,,,,,,,
390227,2009,2009-04-08,Willowmoore Park,2,16.6,Scotland,Canada,JH Stander,CJO Smith,E Katchay,1,0,,,,,,,,,
390227,2009,2009-04-08,Willowmoore Park,2,17.1,Scotland,Canada,JH Stander,CJO Smith,Khurram Chohan,0,0,,,,,,,,,
390227,2009,2009-04-08,Willowmoore Park,2,17.2,Scotland,Canada,JH Stander,CJO Smith,Khurram Chohan,0,0,,,,,,caught,JH Stander,,
390227,2009,2009-04-08,Willowmoore Park,2,17.3,Scotland,Canada,CM Wright,CJO Smith,Khurram Chohan,0,0,,,,,,,,,
390227,2009,2009-04-08,Willowmoore Park,2,17.4,Scotland,Canada,CM Wright,CJO Smith,Khurram Chohan,1,0,,,,,,,,,
390227,2009,2009-04-08,Willowmoore Park,2,17.5,Scotland,Canada,CJO Smith,CM Wright,Khurram Chohan,1,0,,,,,,,,,
390227,2009,2009-04-08,Willowmoore Park,2,17.6,Scotland,Canada,CM Wright,CJO Smith,Khurram Chohan,0,0,,,,,,,,,
390227,2009,2009-04-08,Willowmoore Park,2,18.1,Scotland,Canada,CJO Smith,CM Wright,E Katchay,1,0,,,,,,,,,
390227,2009,2009-04-08,Willowmoore Park,2,18.2,Scotland,Canada,CM Wright,CJO Smith,E Katchay,2,0,,,,,,,,,
390227,2009,2009-04-08,Willowmoore Park,2,18.3,Scotland,Canada,CM Wright,CJO Smith,E Katchay,0,0,,,,,,,,,
390227,2009,2009-04-08,Willowmoore Park,2,18.4,Scotland,Canada,CM Wright,CJO Smith,E Katchay,0,0,,,,,,,,,
390227,2009,2009-04-08,Willowmoore Park,2,18.5,Scotland,Canada,CM Wright,CJO Smith,E Katchay,2,0,,,,,,,,,
390227,2009,2009-04-08,Willowmoore Park,2,18.6,Scotland,Canada,CM Wright,CJO Smith,E Katchay,0,0,,,,,,run out,CM Wright,,
390227,2009,2009-04-08,Willowmoore Park,2,19.1,Scotland,Canada,JAR Blain,CJO Smith,Khurram Chohan,0,0,,,,,,,,,
390227,2009,2009-04-08,Willowmoore Park,2,19.2,Scotland,Canada,JAR Blain,CJO Smith,Khurram Chohan,0,0,,,,,,,,,
390227,2009,2009-04-08,Willowmoore Park,2,19.3,Scotland,Canada,JAR Blain,CJO Smith,Khurram Chohan,0,0,,,,,,,,,
390227,2009,2009-04-08,Willowmoore Park,2,19.4,Scotland,Canada,JAR Blain,CJO Smith,Khurram Chohan,0,0,,,,,,,,,
390227,2009,2009-04-08,Willowmoore Park,2,19.5,Scotland,Canada,JAR Blain,CJO Smith,Khurram Chohan,0,0,,,,,,,,,
390227,2009,2009-04-08,Willowmoore Park,2,19.6,Scotland,Canada,JAR Blain,CJO Smith,Khurram Chohan,0,0,,,,,,,,,
390227,2009,2009-04-08,Willowmoore Park,2,20.1,Scotland,Canada,CJO Smith,JAR Blain,E Katchay,0,0,,,,,,,,,
390227,2009,2009-04-08,Willowmoore Park,2,20.2,Scotland,Canada,CJO Smith,JAR Blain,E Katchay,4,0,,,,,,,,,
390227,2009,2009-04-08,Willowmoore Park,2,20.3,Scotland,Canada,CJO Smith,JAR Blain,E Katchay,0,0,,,,,,,,,
390227,2009,2009-04-08,Willowmoore Park,2,20.4,Scotland,Canada,CJO Smith,JAR Blain,E Katchay,0,0,,,,,,,,,
390227,2009,2009-04-08,Willowmoore Park,2,20.5,Scotland,Canada,CJO Smith,JAR Blain,E Katchay,2,0,,,,,,,,,
390227,2009,2009-04-08,Willowmoore Park,2,20.6,Scotland,Canada,CJO Smith,JAR Blain,E Katchay,0,0,,,,,,,,,
390227,2009,2009-04-08,Willowmoore Park,2,21.1,Scotland,Canada,JAR Blain,CJO Smith,Khurram Chohan,0,0,,,,,,,,,
390227,2009,2009-04-08,Willowmoore Park,2,21.2,Scotland,Canada,JAR Blain,CJO Smith,Khurram Chohan,0,0,,,,,,,,,
390227,2009,2009-04-08,Willowmoore Park,2,21.3,Scotland,Canada,JAR Blain,CJO Smith,Khurram Chohan,1,0,,,,,,,,,
390227,2009,2009-04-08,Willowmoore Park,2,21.4,Scotland,Canada,CJO Smith,JAR Blain,Khurram Chohan,1,0,,,,,,,,,
390227,2009,2009-04-08,Willowmoore Park,2,21.5,Scotland,Canada,JAR Blain,CJO Smith,Khurram Chohan,0,0,,,,,,,,,
390227,2009,2009-04-08,Willowmoore Park,2,21.6,Scotland,Canada,JAR Blain,CJO Smith,Khurram Chohan,0,0,,,,,,,,,
390227,2009,2009-04-08,Willowmoore Park,2,22.1,Scotland,Canada,CJO Smith,JAR Blain,Rizwan Cheema,0,0,,,,,,,,,
390227,2009,2009-04-08,Willowmoore Park,2,22.2,Scotland,Canada,CJO Smith,JAR Blain,Rizwan Cheema,1,0,,,,,,,,,
390227,2009,2009-04-08,Willowmoore Park,2,22.3,Scotland,Canada,JAR Blain,CJO Smith,Rizwan Cheema,0,1,,,,1,,,,,
390227,2009,2009-04-08,Willowmoore Park,2,22.4,Scotland,Canada,CJO Smith,JAR Blain,Rizwan Cheema,0,0,,,,,,,,,
390227,2009,2009-04-08,Willowmoore Park,2,22.5,Scotland,Canada,CJO Smith,JAR Blain,Rizwan Cheema,0,1,,,,1,,,,,
390227,2009,2009-04-08,Willowmoore Park,2,22.6,Scotland,Canada,JAR Blain,CJO Smith,Rizwan Cheema,0,0,,,,,,,,,
390227,2009,2009-04-08,Willowmoore Park,2,23.1,Scotland,Canada,CJO Smith,JAR Blain,Khurram Chohan,1,0,,,,,,,,,
390227,2009,2009-04-08,Willowmoore Park,2,23.2,Scotland,Canada,JAR Blain,CJO Smith,Khurram Chohan,0,0,,,,,,,,,
390227,2009,2009-04-08,Willowmoore Park,2,23.3,Scotland,Canada,JAR Blain,CJO Smith,Khurram Chohan,0,0,,,,,,,,,
390227,2009,2009-04-08,Willowmoore Park,2,23.4,Scotland,Canada,JAR Blain,CJO Smith,Khurram Chohan,0,0,,,,,,,,,
390227,2009,2009-04-08,Willowmoore Park,2,23.5,Scotland,Canada,JAR Blain,CJO Smith,Khurram Chohan,0,0,,,,,,,,,
390227,2009,2009-04-08,Willowmoore Park,2,23.6,Scotland,Canada,JAR Blain,CJO Smith,Khurram Chohan,1,0,,,,,,,,,
390227,2009,2009-04-08,Willowmoore Park,2,24.1,Scotland,Canada,JAR Blain,CJO Smith,Rizwan Cheema,0,0,,,,,,,,,
390227,2009,2009-04-08,Willowmoore Park,2,24.2,Scotland,Canada,JAR Blain,CJO Smith,Rizwan Cheema,0,1,,,,1,,,,,
390227,2009,2009-04-08,Willowmoore Park,2,24.3,Scotland,Canada,CJO Smith,JAR Blain,Rizwan Cheema,0,0,,,,,,,,,
390227,2009,2009-04-08,Willowmoore Park,2,24.4,Scotland,Canada,CJO Smith,JAR Blain,Rizwan Cheema,1,0,,,,,,,,,
390227,2009,2009-04-08,Willowmoore Park,2,24.5,Scotland,Canada,JAR Blain,CJO Smith,Rizwan Cheema,0,0,,,,,,,,,
390227,2009,2009-04-08,Willowmoore Park,2,24.6,Scotland,Canada,JAR Blain,CJO Smith,Rizwan Cheema,0,0,,,,,,,,,
390227,2009,2009-04-08,Willowmoore Park,2,25.1,Scotland,Canada,CJO Smith,JAR Blain,Khurram Chohan,0,0,,,,,,,,,
390227,2009,2009-04-08,Willowmoore Park,2,25.2,Scotland,Canada,CJO Smith,JAR Blain,Khurram Chohan,4,0,,,,,,,,,
390227,2009,2009-04-08,Willowmoore Park,2,25.3,Scotland,Canada,CJO Smith,JAR Blain,Khurram Chohan,0,0,,,,,,,,,
390227,2009,2009-04-08,Willowmoore Park,2,25.4,Scotland,Canada,CJO Smith,JAR Blain,Khurram Chohan,0,0,,,,,,,,,
390227,2009,2009-04-08,Willowmoore Park,2,25.5,Scotland,Canada,CJO Smith,JAR Blain,Khurram Chohan,1,0,,,,,,,,,
390227,2009,2009-04-08,Willowmoore Park,2,25.6,Scotland,Canada,JAR Blain,CJO Smith,Khurram Chohan,0,0,,,,,,,,,
390227,2009,2009-04-08,Willowmoore Park,2,26.1,Scotland,Canada,CJO Smith,JAR Blain,Rizwan Cheema,4,0,,,,,,,,,
390227,2009,2009-04-08,Willowmoore Park,2,26.2,Scotland,Canada,CJO Smith,JAR Blain,Rizwan Cheema,2,0,,,,,,,,,
390227,2009,2009-04-08,Willowmoore Park,2,26.3,Scotland,Canada,CJO Smith,JAR Blain,Rizwan Cheema,1,0,,,,,,,,,
390227,2009,2009-04-08,Willowmoore Park,2,26.4,Scotland,Canada,JAR Blain,CJO Smith,Rizwan Cheema,0,0,,,,,,,,,
390227,2009,2009-04-08,Willowmoore Park,2,26.5,Scotland,Canada,JAR Blain,CJO Smith,Rizwan Cheema,0,0,,,,,,,,,
390227,2009,2009-04-08,Willowmoore Park,2,26.6,Scotland,Canada,JAR Blain,CJO Smith,Rizwan Cheema,0,0,,,,,,,,,
390227,2009,2009-04-08,Willowmoore Park,2,27.1,Scotland,Canada,CJO Smith,JAR Blain,S Dhaniram,1,0,,,,,,,,,
390227,2009,2009-04-08,Willowmoore Park,2,27.2,Scotland,Canada,JAR Blain,CJO Smith,S Dhaniram,0,0,,,,,,,,,
390227,2009,2009-04-08,Willowmoore Park,2,27.3,Scotland,Canada,JAR Blain,CJO Smith,S Dhaniram,0,0,,,,,,caught,JAR Blain,,
390227,2009,2009-04-08,Willowmoore Park,2,27.4,Scotland,Canada,CS MacLeod,CJO Smith,S Dhaniram,1,0,,,,,,,,,
390227,2009,2009-04-08,Willowmoore Park,2,27.5,Scotland,Canada,CJO Smith,CS MacLeod,S Dhaniram,1,0,,,,,,,,,
390227,2009,2009-04-08,Willowmoore Park,2,27.6,Scotland,Canada,CS MacLeod,CJO Smith,S Dhaniram,1,0,,,,,,,,,
390227,2009,2009-04-08,Willowmoore Park,2,28.1,Scotland,Canada,CS MacLeod,CJO Smith,Rizwan Cheema,0,0,,,,,,,,,
390227,2009,2009-04-08,Willowmoore Park,2,28.2,Scotland,Canada,CS MacLeod,CJO Smith,Rizwan Cheema,0,0,,,,,,lbw,CS MacLeod,,
390227,2009,2009-04-08,Willowmoore Park,2,28.3,Scotland,Canada,JD Nel,CJO Smith,Rizwan Cheema,0,0,,,,,,,,,
390227,2009,2009-04-08,Willowmoore Park,2,28.4,Scotland,Canada,JD Nel,CJO Smith,Rizwan Cheema,0,0,,,,,,,,,
390227,2009,2009-04-08,Willowmoore Park,2,28.5,Scotland,Canada,JD Nel,CJO Smith,Rizwan Cheema,0,0,,,,,,,,,
390227,2009,2009-04-08,Willowmoore Park,2,28.6,Scotland,Canada,JD Nel,CJO Smith,Rizwan Cheema,0,0,,,,,,,,,
390227,2009,2009-04-08,Willowmoore Park,2,29.1,Scotland,Canada,CJO Smith,JD Nel,S Dhaniram,1,0,,,,,,,,,
390227,2009,2009-04-08,Willowmoore Park,2,29.2,Scotland,Canada,JD Nel,CJO Smith,S Dhaniram,0,0,,,,,,,,,
390227,2009,2009-04-08,Willowmoore Park,2,29.3,Scotland,Canada,JD Nel,CJO Smith,S Dhaniram,0,0,,,,,,,,,
390227,2009,2009-04-08,Willowmoore Park,2,29.4,Scotland,Canada,JD Nel,CJO Smith,S Dhaniram,0,0,,,,,,,,,
390227,2009,2009-04-08,Willowmoore Park,2,29.5,Scotland,Canada,JD Nel,CJO Smith,S Dhaniram,0,0,,,,,,,,,
390227,2009,2009-04-08,Willowmoore Park,2,29.6,Scotland,Canada,JD Nel,CJO Smith,S Dhaniram,0,0,,,,,,,,,
390227,2009,2009-04-08,Willowmoore Park,2,30.1,Scotland,Canada,CJO Smith,JD Nel,Rizwan Cheema,0,0,,,,,,,,,
390227,2009,2009-04-08,Willowmoore Park,2,30.2,Scotland,Canada,CJO Smith,JD Nel,Rizwan Cheema,1,0,,,,,,,,,
390227,2009,2009-04-08,Willowmoore Park,2,30.3,Scotland,Canada,JD Nel,CJO Smith,Rizwan Cheema,4,0,,,,,,,,,
390227,2009,2009-04-08,Willowmoore Park,2,30.4,Scotland,Canada,JD Nel,CJO Smith,Rizwan Cheema,1,0,,,,,,,,,
390227,2009,2009-04-08,Willowmoore Park,2,30.5,Scotland,Canada,CJO Smith,JD Nel,Rizwan Cheema,0,0,,,,,,bowled,CJO Smith,,
