match_id,season,start_date,venue,innings,ball,batting_team,bowling_team,striker,non_striker,bowler,runs_off_bat,extras,wides,noballs,byes,legbyes,penalty,wicket_type,player_dismissed,other_wicket_type,other_player_dismissed
390204,2009,2009-04-01,Willowmoore Park,1,0.1,Scotland,Ireland,GM Hamilton,RR Watson,PC Connell,0,0,,,,,,,,,
390204,2009,2009-04-01,Willowmoore Park,1,0.2,Scotland,Ireland,GM Hamilton,RR Watson,PC Connell,0,0,,,,,,,,,
390204,2009,2009-04-01,Willowmoore Park,1,0.3,Scotland,Ireland,GM Hamilton,RR Watson,PC Connell,0,1,1,,,,,,,,
390204,2009,2009-04-01,Willowmoore Park,1,0.4,Scotland,Ireland,GM Hamilton,RR Watson,PC Connell,1,0,,,,,,,,,
390204,2009,2009-04-01,Willowmoore Park,1,0.5,Scotland,Ireland,RR Watson,GM Hamilton,PC Connell,0,0,,,,,,,,,
390204,2009,2009-04-01,Willowmoore Park,1,0.6,Scotland,Ireland,RR Watson,GM Hamilton,PC Connell,0,1,1,,,,,,,,
390204,2009,2009-04-01,Willowmoore Park,1,0.7,Scotland,Ireland,RR Watson,GM Hamilton,PC Connell,4,0,,,,,,,,,
390204,2009,2009-04-01,Willowmoore Park,1,0.8,Scotland,Ireland,RR Watson,GM Hamilton,PC Connell,0,0,,,,,,,,,
390204,2009,2009-04-01,Willowmoore Park,1,1.1,Scotland,Ireland,GM Hamilton,RR Watson,WB Rankin,0,0,,,,,,bowled,GM Hamilton,,
390204,2009,2009-04-01,Willowmoore Park,1,1.2,Scotland,Ireland,KJ Coetzer,RR Watson,WB Rankin,0,0,,,,,,,,,
390204,2009,2009-04-01,Willowmoore Park,1,1.3,Scotland,Ireland,KJ Coetzer,RR Watson,WB Rankin,1,0,,,,,,,,,
390204,2009,2009-04-01,Willowmoore Park,1,1.4,Scotland,Ireland,RR Watson,KJ Coetzer,WB Rankin,0,0,,,,,,,,,
390204,2009,2009-04-01,Willowmoore Park,1,1.5,Scotland,Ireland,RR Watson,KJ Coetzer,WB Rankin,0,0,,,,,,,,,
390204,2009,2009-04-01,Willowmoore Park,1,1.6,Scotland,Ireland,RR Watson,KJ Coetzer,WB Rankin,0,0,,,,,,,,,
390204,2009,2009-04-01,Willowmoore Park,1,2.1,Scotland,Ireland,KJ Coetzer,RR Watson,PC Connell,0,2,,,,2,,,,,
390204,2009,2009-04-01,Willowmoore Park,1,2.2,Scotland,Ireland,KJ Coetzer,RR Watson,PC Connell,0,0,,,,,,,,,
390204,2009,2009-04-01,Willowmoore Park,1,2.3,Scotland,Ireland,KJ Coetzer,RR Watson,PC Connell,0,0,,,,,,,,,
390204,2009,2009-04-01,Willowmoore Park,1,2.4,Scotland,Ireland,KJ Coetzer,RR Watson,PC Connell,1,0,,,,,,,,,
390204,2009,2009-04-01,Willowmoore Park,1,2.5,Scotland,Ireland,RR Watson,KJ Coetzer,PC Connell,0,0,,,,,,,,,
390204,2009,2009-04-01,Willowmoore Park,1,2.6,Scotland,Ireland,RR Watson,KJ Coetzer,PC Connell,1,0,,,,,,,,,
390204,2009,2009-04-01,Willowmoore Park,1,3.1,Scotland,Ireland,RR Watson,KJ Coetzer,WB Rankin,2,0,,,,,,,,,
390204,2009,2009-04-01,Willowmoore Park,1,3.2,Scotland,Ireland,RR Watson,KJ Coetzer,WB Rankin,0,0,,,,,,,,,
390204,2009,2009-04-01,Willowmoore Park,1,3.3,Scotland,Ireland,RR Watson,KJ Coetzer,WB Rankin,0,0,,,,,,caught,RR Watson,,
390204,2009,2009-04-01,Willowmoore Park,1,3.4,Scotland,Ireland,NS Poonia,KJ Coetzer,WB Rankin,0,0,,,,,,,,,
390204,2009,2009-04-01,Willowmoore Park,1,3.5,Scotland,Ireland,NS Poonia,KJ Coetzer,WB Rankin,1,0,,,,,,,,,
390204,2009,2009-04-01,Willowmoore Park,1,3.6,Scotland,Ireland,KJ Coetzer,NS Poonia,WB Rankin,1,0,,,,,,,,,
390204,2009,2009-04-01,Willowmoore Park,1,4.1,Scotland,Ireland,KJ Coetzer,NS Poonia,PC Connell,4,0,,,,,,,,,
390204,2009,2009-04-01,Willowmoore Park,1,4.2,Scotland,Ireland,KJ Coetzer,NS Poonia,PC Connell,0,0,,,,,,,,,
390204,2009,2009-04-01,Willowmoore Park,1,4.3,Scotland,Ireland,KJ Coetzer,NS Poonia,PC Connell,0,0,,,,,,,,,
390204,2009,2009-04-01,Willowmoore Park,1,4.4,Scotland,Ireland,KJ Coetzer,NS Poonia,PC Connell,0,0,,,,,,,,,
390204,2009,2009-04-01,Willowmoore Park,1,4.5,Scotland,Ireland,KJ Coetzer,NS Poonia,PC Connell,0,0,,,,,,,,,
390204,2009,2009-04-01,Willowmoore Park,1,4.6,Scotland,Ireland,KJ Coetzer,NS Poonia,PC Connell,0,0,,,,,,,,,
390204,2009,2009-04-01,Willowmoore Park,1,5.1,Scotland,Ireland,NS Poonia,KJ Coetzer,WB Rankin,0,1,1,,,,,,,,
390204,2009,2009-04-01,Willowmoore Park,1,5.2,Scotland,Ireland,NS Poonia,KJ Coetzer,WB Rankin,0,0,,,,,,,,,
390204,2009,2009-04-01,Willowmoore Park,1,5.3,Scotland,Ireland,NS Poonia,KJ Coetzer,WB Rankin,0,0,,,,,,,,,
390204,2009,2009-04-01,Willowmoore Park,1,5.4,Scotland,Ireland,NS Poonia,KJ Coetzer,WB Rankin,0,0,,,,,,,,,
390204,2009,2009-04-01,Willowmoore Park,1,5.5,Scotland,Ireland,NS Poonia,KJ Coetzer,WB Rankin,1,0,,,,,,,,,
390204,2009,2009-04-01,Willowmoore Park,1,5.6,Scotland,Ireland,KJ Coetzer,NS Poonia,WB Rankin,0,0,,,,,,,,,
390204,2009,2009-04-01,Willowmoore Park,1,5.7,Scotland,Ireland,KJ Coetzer,NS Poonia,WB Rankin,0,0,,,,,,,,,
390204,2009,2009-04-01,Willowmoore Park,1,6.1,Scotland,Ireland,NS Poonia,KJ Coetzer,PC Connell,0,0,,,,,,,,,
390204,2009,2009-04-01,Willowmoore Park,1,6.2,Scotland,Ireland,NS Poonia,KJ Coetzer,PC Connell,0,0,,,,,,,,,
390204,2009,2009-04-01,Willowmoore Park,1,6.3,Scotland,Ireland,NS Poonia,KJ Coetzer,PC Connell,0,0,,,,,,caught,NS Poonia,,
390204,2009,2009-04-01,Willowmoore Park,1,6.4,Scotland,Ireland,CJO Smith,KJ Coetzer,PC Connell,0,0,,,,,,,,,
390204,2009,2009-04-01,Willowmoore Park,1,6.5,Scotland,Ireland,CJO Smith,KJ Coetzer,PC Connell,0,0,,,,,,,,,
390204,2009,2009-04-01,Willowmoore Park,1,6.6,Scotland,Ireland,CJO Smith,KJ Coetzer,PC Connell,0,0,,,,,,,,,
390204,2009,2009-04-01,Willowmoore Park,1,7.1,Scotland,Ireland,KJ Coetzer,CJO Smith,WB Rankin,0,1,1,,,,,,,,
390204,2009,2009-04-01,Willowmoore Park,1,7.2,Scotland,Ireland,KJ Coetzer,CJO Smith,WB Rankin,0,0,,,,,,,,,
390204,2009,2009-04-01,Willowmoore Park,1,7.3,Scotland,Ireland,KJ Coetzer,CJO Smith,WB Rankin,0,0,,,,,,,,,
390204,2009,2009-04-01,Willowmoore Park,1,7.4,Scotland,Ireland,KJ Coetzer,CJO Smith,WB Rankin,0,0,,,,,,,,,
390204,2009,2009-04-01,Willowmoore Park,1,7.5,Scotland,Ireland,KJ Coetzer,CJO Smith,WB Rankin,0,0,,,,,,,,,
390204,2009,2009-04-01,Willowmoore Park,1,7.6,Scotland,Ireland,KJ Coetzer,CJO Smith,WB Rankin,0,1,1,,,,,,,,
390204,2009,2009-04-01,Willowmoore Park,1,7.7,Scotland,Ireland,KJ Coetzer,CJO Smith,WB Rankin,0,0,,,,,,,,,
390204,2009,2009-04-01,Willowmoore Park,1,7.8,Scotland,Ireland,KJ Coetzer,CJO Smith,WB Rankin,0,0,,,,,,,,,
390204,2009,2009-04-01,Willowmoore Park,1,8.1,Scotland,Ireland,CJO Smith,KJ Coetzer,PC Connell,0,0,,,,,,caught,CJO Smith,,
390204,2009,2009-04-01,Willowmoore Park,1,8.2,Scotland,Ireland,NFI McCallum,KJ Coetzer,PC Connell,0,0,,,,,,,,,
390204,2009,2009-04-01,Willowmoore Park,1,8.3,Scotland,Ireland,NFI McCallum,KJ Coetzer,PC Connell,0,0,,,,,,,,,
390204,2009,2009-04-01,Willowmoore Park,1,8.4,Scotland,Ireland,NFI McCallum,KJ Coetzer,PC Connell,0,0,,,,,,,,,
390204,2009,2009-04-01,Willowmoore Park,1,8.5,Scotland,Ireland,NFI McCallum,KJ Coetzer,PC Connell,0,0,,,,,,,,,
390204,2009,2009-04-01,Willowmoore Park,1,8.6,Scotland,Ireland,NFI McCallum,KJ Coetzer,PC Connell,0,0,,,,,,,,,
390204,2009,2009-04-01,Willowmoore Park,1,9.1,Scotland,Ireland,KJ Coetzer,NFI McCallum,WB Rankin,0,0,,,,,,,,,
390204,2009,2009-04-01,Willowmoore Park,1,9.2,Scotland,Ireland,KJ Coetzer,NFI McCallum,WB Rankin,4,0,,,,,,,,,
390204,2009,2009-04-01,Willowmoore Park,1,9.3,Scotland,Ireland,KJ Coetzer,NFI McCallum,WB Rankin,0,0,,,,,,,,,
390204,2009,2009-04-01,Willowmoore Park,1,9.4,Scotland,Ireland,KJ Coetzer,NFI McCallum,WB Rankin,0,0,,,,,,,,,
390204,2009,2009-04-01,Willowmoore Park,1,9.5,Scotland,Ireland,KJ Coetzer,NFI McCallum,WB Rankin,0,0,,,,,,,,,
390204,2009,2009-04-01,Willowmoore Park,1,9.6,Scotland,Ireland,KJ Coetzer,NFI McCallum,WB Rankin,0,0,,,,,,,,,
390204,2009,2009-04-01,Willowmoore Park,1,10.1,Scotland,Ireland,NFI McCallum,KJ Coetzer,PC Connell,0,0,,,,,,,,,
390204,2009,2009-04-01,Willowmoore Park,1,10.2,Scotland,Ireland,NFI McCallum,KJ Coetzer,PC Connell,0,0,,,,,,,,,
390204,2009,2009-04-01,Willowmoore Park,1,10.3,Scotland,Ireland,NFI McCallum,KJ Coetzer,PC Connell,0,0,,,,,,,,,
390204,2009,2009-04-01,Willowmoore Park,1,10.4,Scotland,Ireland,NFI McCallum,KJ Coetzer,PC Connell,0,0,,,,,,,,,
390204,2009,2009-04-01,Willowmoore Park,1,10.5,Scotland,Ireland,NFI McCallum,KJ Coetzer,PC Connell,0,0,,,,,,,,,
390204,2009,2009-04-01,Willowmoore Park,1,10.6,Scotland,Ireland,NFI McCallum,KJ Coetzer,PC Connell,4,0,,,,,,,,,
390204,2009,2009-04-01,Willowmoore Park,1,11.1,Scotland,Ireland,KJ Coetzer,NFI McCallum,WB Rankin,0,0,,,,,,,,,
390204,2009,2009-04-01,Willowmoore Park,1,11.2,Scotland,Ireland,KJ Coetzer,NFI McCallum,WB Rankin,0,0,,,,,,,,,
390204,2009,2009-04-01,Willowmoore Park,1,11.3,Scotland,Ireland,KJ Coetzer,NFI McCallum,WB Rankin,0,0,,,,,,,,,
390204,2009,2009-04-01,Willowmoore Park,1,11.4,Scotland,Ireland,KJ Coetzer,NFI McCallum,WB Rankin,0,0,,,,,,,,,
390204,2009,2009-04-01,Willowmoore Park,1,11.5,Scotland,Ireland,KJ Coetzer,NFI McCallum,WB Rankin,0,0,,,,,,,,,
390204,2009,2009-04-01,Willowmoore Park,1,11.6,Scotland,Ireland,KJ Coetzer,NFI McCallum,WB Rankin,0,0,,,,,,,,,
390204,2009,2009-04-01,Willowmoore Park,1,12.1,Scotland,Ireland,NFI McCallum,KJ Coetzer,DT Johnston,0,0,,,,,,,,,
390204,2009,2009-04-01,Willowmoore Park,1,12.2,Scotland,Ireland,NFI McCallum,KJ Coetzer,DT Johnston,0,0,,,,,,,,,
390204,2009,2009-04-01,Willowmoore Park,1,12.3,Scotland,Ireland,NFI McCallum,KJ Coetzer,DT Johnston,0,0,,,,,,,,,
390204,2009,2009-04-01,Willowmoore Park,1,12.4,Scotland,Ireland,NFI McCallum,KJ Coetzer,DT Johnston,1,1,,1,,,,,,,
390204,2009,2009-04-01,Willowmoore Park,1,12.5,Scotland,Ireland,KJ Coetzer,NFI McCallum,DT Johnston,1,0,,,,,,,,,
390204,2009,2009-04-01,Willowmoore Park,1,12.6,Scotland,Ireland,NFI McCallum,KJ Coetzer,DT Johnston,1,0,,,,,,,,,
390204,2009,2009-04-01,Willowmoore Park,1,12.7,Scotland,Ireland,KJ Coetzer,NFI McCallum,DT Johnston,0,0,,,,,,,,,
390204,2009,2009-04-01,Willowmoore Park,1,13.1,Scotland,Ireland,NFI McCallum,KJ Coetzer,WB Rankin,1,0,,,,,,,,,
390204,2009,2009-04-01,Willowmoore Park,1,13.2,Scotland,Ireland,KJ Coetzer,NFI McCallum,WB Rankin,0,0,,,,,,,,,
390204,2009,2009-04-01,Willowmoore Park,1,13.3,Scotland,Ireland,KJ Coetzer,NFI McCallum,WB Rankin,4,0,,,,,,,,,
390204,2009,2009-04-01,Willowmoore Park,1,13.4,Scotland,Ireland,KJ Coetzer,NFI McCallum,WB Rankin,0,0,,,,,,,,,
390204,2009,2009-04-01,Willowmoore Park,1,13.5,Scotland,Ireland,KJ Coetzer,NFI McCallum,WB Rankin,0,0,,,,,,,,,
390204,2009,2009-04-01,Willowmoore Park,1,13.6,Scotland,Ireland,KJ Coetzer,NFI McCallum,WB Rankin,0,0,,,,,,,,,
390204,2009,2009-04-01,Willowmoore Park,1,14.1,Scotland,Ireland,NFI McCallum,KJ Coetzer,DT Johnston,0,0,,,,,,,,,
390204,2009,2009-04-01,Willowmoore Park,1,14.2,Scotland,Ireland,NFI McCallum,KJ Coetzer,DT Johnston,0,0,,,,,,,,,
390204,2009,2009-04-01,Willowmoore Park,1,14.3,Scotland,Ireland,NFI McCallum,KJ Coetzer,DT Johnston,1,0,,,,,,,,,
390204,2009,2009-04-01,Willowmoore Park,1,14.4,Scotland,Ireland,KJ Coetzer,NFI McCallum,DT Johnston,0,0,,,,,,,,,
390204,2009,2009-04-01,Willowmoore Park,1,14.5,Scotland,Ireland,KJ Coetzer,NFI McCallum,DT Johnston,4,0,,,,,,,,,
390204,2009,2009-04-01,Willowmoore Park,1,14.6,Scotland,Ireland,KJ Coetzer,NFI McCallum,DT Johnston,6,0,,,,,,,,,
390204,2009,2009-04-01,Willowmoore Park,1,15.1,Scotland,Ireland,NFI McCallum,KJ Coetzer,KJ O'Brien,0,0,,,,,,,,,
390204,2009,2009-04-01,Willowmoore Park,1,15.2,Scotland,Ireland,NFI McCallum,KJ Coetzer,KJ O'Brien,0,0,,,,,,,,,
390204,2009,2009-04-01,Willowmoore Park,1,15.3,Scotland,Ireland,NFI McCallum,KJ Coetzer,KJ O'Brien,0,0,,,,,,,,,
390204,2009,2009-04-01,Willowmoore Park,1,15.4,Scotland,Ireland,NFI McCallum,KJ Coetzer,KJ O'Brien,0,0,,,,,,,,,
390204,2009,2009-04-01,Willowmoore Park,1,15.5,Scotland,Ireland,NFI McCallum,KJ Coetzer,KJ O'Brien,2,0,,,,,,,,,
390204,2009,2009-04-01,Willowmoore Park,1,15.6,Scotland,Ireland,NFI McCallum,KJ Coetzer,KJ O'Brien,0,0,,,,,,,,,
390204,2009,2009-04-01,Willowmoore Park,1,16.1,Scotland,Ireland,KJ Coetzer,NFI McCallum,DT Johnston,0,0,,,,,,,,,
390204,2009,2009-04-01,Willowmoore Park,1,16.2,Scotland,Ireland,KJ Coetzer,NFI McCallum,DT Johnston,0,0,,,,,,,,,
390204,2009,2009-04-01,Willowmoore Park,1,16.3,Scotland,Ireland,KJ Coetzer,NFI McCallum,DT Johnston,0,0,,,,,,,,,
390204,2009,2009-04-01,Willowmoore Park,1,16.4,Scotland,Ireland,KJ Coetzer,NFI McCallum,DT Johnston,0,0,,,,,,,,,
390204,2009,2009-04-01,Willowmoore Park,1,16.5,Scotland,Ireland,KJ Coetzer,NFI McCallum,DT Johnston,1,0,,,,,,,,,
390204,2009,2009-04-01,Willowmoore Park,1,16.6,Scotland,Ireland,NFI McCallum,KJ Coetzer,DT Johnston,0,0,,,,,,,,,
390204,2009,2009-04-01,Willowmoore Park,1,17.1,Scotland,Ireland,KJ Coetzer,NFI McCallum,KJ O'Brien,1,0,,,,,,,,,
390204,2009,2009-04-01,Willowmoore Park,1,17.2,Scotland,Ireland,NFI McCallum,KJ Coetzer,KJ O'Brien,1,0,,,,,,,,,
390204,2009,2009-04-01,Willowmoore Park,1,17.3,Scotland,Ireland,KJ Coetzer,NFI McCallum,KJ O'Brien,0,0,,,,,,,,,
390204,2009,2009-04-01,Willowmoore Park,1,17.4,Scotland,Ireland,KJ Coetzer,NFI McCallum,KJ O'Brien,0,0,,,,,,,,,
390204,2009,2009-04-01,Willowmoore Park,1,17.5,Scotland,Ireland,KJ Coetzer,NFI McCallum,KJ O'Brien,1,0,,,,,,,,,
390204,2009,2009-04-01,Willowmoore Park,1,17.6,Scotland,Ireland,NFI McCallum,KJ Coetzer,KJ O'Brien,1,0,,,,,,,,,
390204,2009,2009-04-01,Willowmoore Park,1,18.1,Scotland,Ireland,NFI McCallum,KJ Coetzer,DT Johnston,0,0,,,,,,,,,
390204,2009,2009-04-01,Willowmoore Park,1,18.2,Scotland,Ireland,NFI McCallum,KJ Coetzer,DT Johnston,0,0,,,,,,,,,
390204,2009,2009-04-01,Willowmoore Park,1,18.3,Scotland,Ireland,NFI McCallum,KJ Coetzer,DT Johnston,0,0,,,,,,,,,
390204,2009,2009-04-01,Willowmoore Park,1,18.4,Scotland,Ireland,NFI McCallum,KJ Coetzer,DT Johnston,1,0,,,,,,,,,
390204,2009,2009-04-01,Willowmoore Park,1,18.5,Scotland,Ireland,KJ Coetzer,NFI McCallum,DT Johnston,0,0,,,,,,,,,
390204,2009,2009-04-01,Willowmoore Park,1,18.6,Scotland,Ireland,KJ Coetzer,NFI McCallum,DT Johnston,0,0,,,,,,,,,
390204,2009,2009-04-01,Willowmoore Park,1,19.1,Scotland,Ireland,NFI McCallum,KJ Coetzer,KJ O'Brien,0,0,,,,,,,,,
390204,2009,2009-04-01,Willowmoore Park,1,19.2,Scotland,Ireland,NFI McCallum,KJ Coetzer,KJ O'Brien,0,0,,,,,,,,,
390204,2009,2009-04-01,Willowmoore Park,1,19.3,Scotland,Ireland,NFI McCallum,KJ Coetzer,KJ O'Brien,0,1,1,,,,,,,,
390204,2009,2009-04-01,Willowmoore Park,1,19.4,Scotland,Ireland,NFI McCallum,KJ Coetzer,KJ O'Brien,4,0,,,,,,,,,
390204,2009,2009-04-01,Willowmoore Park,1,19.5,Scotland,Ireland,NFI McCallum,KJ Coetzer,KJ O'Brien,0,0,,,,,,,,,
390204,2009,2009-04-01,Willowmoore Park,1,19.6,Scotland,Ireland,NFI McCallum,KJ Coetzer,KJ O'Brien,2,0,,,,,,,,,
390204,2009,2009-04-01,Willowmoore Park,1,19.7,Scotland,Ireland,NFI McCallum,KJ Coetzer,KJ O'Brien,1,0,,,,,,,,,
390204,2009,2009-04-01,Willowmoore Park,1,20.1,Scotland,Ireland,NFI McCallum,KJ Coetzer,DT Johnston,0,0,,,,,,,,,
390204,2009,2009-04-01,Willowmoore Park,1,20.2,Scotland,Ireland,NFI McCallum,KJ Coetzer,DT Johnston,0,0,,,,,,,,,
390204,2009,2009-04-01,Willowmoore Park,1,20.3,Scotland,Ireland,NFI McCallum,KJ Coetzer,DT Johnston,0,0,,,,,,,,,
390204,2009,2009-04-01,Willowmoore Park,1,20.4,Scotland,Ireland,NFI McCallum,KJ Coetzer,DT Johnston,0,0,,,,,,,,,
390204,2009,2009-04-01,Willowmoore Park,1,20.5,Scotland,Ireland,NFI McCallum,KJ Coetzer,DT Johnston,0,0,,,,,,,,,
390204,2009,2009-04-01,Willowmoore Park,1,20.6,Scotland,Ireland,NFI McCallum,KJ Coetzer,DT Johnston,0,0,,,,,,,,,
390204,2009,2009-04-01,Willowmoore Park,1,21.1,Scotland,Ireland,KJ Coetzer,NFI McCallum,KJ O'Brien,0,0,,,,,,caught,KJ Coetzer,,
390204,2009,2009-04-01,Willowmoore Park,1,21.2,Scotland,Ireland,CM Wright,NFI McCallum,KJ O'Brien,0,0,,,,,,,,,
390204,2009,2009-04-01,Willowmoore Park,1,21.3,Scotland,Ireland,CM Wright,NFI McCallum,KJ O'Brien,0,0,,,,,,,,,
390204,2009,2009-04-01,Willowmoore Park,1,21.4,Scotland,Ireland,CM Wright,NFI McCallum,KJ O'Brien,1,0,,,,,,,,,
390204,2009,2009-04-01,Willowmoore Park,1,21.5,Scotland,Ireland,NFI McCallum,CM Wright,KJ O'Brien,0,0,,,,,,,,,
390204,2009,2009-04-01,Willowmoore Park,1,21.6,Scotland,Ireland,NFI McCallum,CM Wright,KJ O'Brien,0,0,,,,,,,,,
390204,2009,2009-04-01,Willowmoore Park,1,22.1,Scotland,Ireland,CM Wright,NFI McCallum,DT Johnston,0,0,,,,,,,,,
390204,2009,2009-04-01,Willowmoore Park,1,22.2,Scotland,Ireland,CM Wright,NFI McCallum,DT Johnston,0,0,,,,,,,,,
390204,2009,2009-04-01,Willowmoore Park,1,22.3,Scotland,Ireland,CM Wright,NFI McCallum,DT Johnston,0,0,,,,,,,,,
390204,2009,2009-04-01,Willowmoore Park,1,22.4,Scotland,Ireland,CM Wright,NFI McCallum,DT Johnston,0,0,,,,,,,,,
390204,2009,2009-04-01,Willowmoore Park,1,22.5,Scotland,Ireland,CM Wright,NFI McCallum,DT Johnston,0,0,,,,,,,,,
390204,2009,2009-04-01,Willowmoore Park,1,22.6,Scotland,Ireland,CM Wright,NFI McCallum,DT Johnston,0,0,,,,,,,,,
390204,2009,2009-04-01,Willowmoore Park,1,23.1,Scotland,Ireland,NFI McCallum,CM Wright,KJ O'Brien,4,0,,,,,,,,,
390204,2009,2009-04-01,Willowmoore Park,1,23.2,Scotland,Ireland,NFI McCallum,CM Wright,KJ O'Brien,0,0,,,,,,,,,
390204,2009,2009-04-01,Willowmoore Park,1,23.3,Scotland,Ireland,NFI McCallum,CM Wright,KJ O'Brien,0,0,,,,,,,,,
390204,2009,2009-04-01,Willowmoore Park,1,23.4,Scotland,Ireland,NFI McCallum,CM Wright,KJ O'Brien,4,0,,,,,,,,,
390204,2009,2009-04-01,Willowmoore Park,1,23.5,Scotland,Ireland,NFI McCallum,CM Wright,KJ O'Brien,0,0,,,,,,,,,
390204,2009,2009-04-01,Willowmoore Park,1,23.6,Scotland,Ireland,NFI McCallum,CM Wright,KJ O'Brien,1,0,,,,,,,,,
390204,2009,2009-04-01,Willowmoore Park,1,24.1,Scotland,Ireland,NFI McCallum,CM Wright,DT Johnston,1,0,,,,,,,,,
390204,2009,2009-04-01,Willowmoore Park,1,24.2,Scotland,Ireland,CM Wright,NFI McCallum,DT Johnston,0,0,,,,,,,,,
390204,2009,2009-04-01,Willowmoore Park,1,24.3,Scotland,Ireland,CM Wright,NFI McCallum,DT Johnston,0,4,,,,4,,,,,
390204,2009,2009-04-01,Willowmoore Park,1,24.4,Scotland,Ireland,CM Wright,NFI McCallum,DT Johnston,0,0,,,,,,,,,
390204,2009,2009-04-01,Willowmoore Park,1,24.5,Scotland,Ireland,CM Wright,NFI McCallum,DT Johnston,1,0,,,,,,,,,
390204,2009,2009-04-01,Willowmoore Park,1,24.6,Scotland,Ireland,NFI McCallum,CM Wright,DT Johnston,0,0,,,,,,,,,
390204,2009,2009-04-01,Willowmoore Park,1,25.1,Scotland,Ireland,CM Wright,NFI McCallum,RM West,1,0,,,,,,,,,
390204,2009,2009-04-01,Willowmoore Park,1,25.2,Scotland,Ireland,NFI McCallum,CM Wright,RM West,4,0,,,,,,,,,
390204,2009,2009-04-01,Willowmoore Park,1,25.3,Scotland,Ireland,NFI McCallum,CM Wright,RM West,0,0,,,,,,,,,
390204,2009,2009-04-01,Willowmoore Park,1,25.4,Scotland,Ireland,NFI McCallum,CM Wright,RM West,0,0,,,,,,,,,
390204,2009,2009-04-01,Willowmoore Park,1,25.5,Scotland,Ireland,NFI McCallum,CM Wright,RM West,4,0,,,,,,,,,
390204,2009,2009-04-01,Willowmoore Park,1,25.6,Scotland,Ireland,NFI McCallum,CM Wright,RM West,1,0,,,,,,,,,
390204,2009,2009-04-01,Willowmoore Park,1,26.1,Scotland,Ireland,NFI McCallum,CM Wright,DT Johnston,0,0,,,,,,,,,
390204,2009,2009-04-01,Willowmoore Park,1,26.2,Scotland,Ireland,NFI McCallum,CM Wright,DT Johnston,0,0,,,,,,,,,
390204,2009,2009-04-01,Willowmoore Park,1,26.3,Scotland,Ireland,NFI McCallum,CM Wright,DT Johnston,2,0,,,,,,,,,
390204,2009,2009-04-01,Willowmoore Park,1,26.4,Scotland,Ireland,NFI McCallum,CM Wright,DT Johnston,0,0,,,,,,,,,
390204,2009,2009-04-01,Willowmoore Park,1,26.5,Scotland,Ireland,NFI McCallum,CM Wright,DT Johnston,2,0,,,,,,,,,
390204,2009,2009-04-01,Willowmoore Park,1,26.6,Scotland,Ireland,NFI McCallum,CM Wright,DT Johnston,1,0,,,,,,,,,
390204,2009,2009-04-01,Willowmoore Park,1,27.1,Scotland,Ireland,NFI McCallum,CM Wright,RM West,0,0,,,,,,,,,
390204,2009,2009-04-01,Willowmoore Park,1,27.2,Scotland,Ireland,NFI McCallum,CM Wright,RM West,0,0,,,,,,,,,
390204,2009,2009-04-01,Willowmoore Park,1,27.3,Scotland,Ireland,NFI McCallum,CM Wright,RM West,0,0,,,,,,,,,
390204,2009,2009-04-01,Willowmoore Park,1,27.4,Scotland,Ireland,NFI McCallum,CM Wright,RM West,0,0,,,,,,,,,
390204,2009,2009-04-01,Willowmoore Park,1,27.5,Scotland,Ireland,NFI McCallum,CM Wright,RM West,0,0,,,,,,,,,
390204,2009,2009-04-01,Willowmoore Park,1,27.6,Scotland,Ireland,NFI McCallum,CM Wright,RM West,0,0,,,,,,,,,
390204,2009,2009-04-01,Willowmoore Park,1,28.1,Scotland,Ireland,CM Wright,NFI McCallum,DT Johnston,1,0,,,,,,,,,
390204,2009,2009-04-01,Willowmoore Park,1,28.2,Scotland,Ireland,NFI McCallum,CM Wright,DT Johnston,0,0,,,,,,,,,
390204,2009,2009-04-01,Willowmoore Park,1,28.3,Scotland,Ireland,NFI McCallum,CM Wright,DT Johnston,0,0,,,,,,,,,
390204,2009,2009-04-01,Willowmoore Park,1,28.4,Scotland,Ireland,NFI McCallum,CM Wright,DT Johnston,1,0,,,,,,,,,
390204,2009,2009-04-01,Willowmoore Park,1,28.5,Scotland,Ireland,CM Wright,NFI McCallum,DT Johnston,0,0,,,,,,,,,
390204,2009,2009-04-01,Willowmoore Park,1,28.6,Scotland,Ireland,CM Wright,NFI McCallum,DT Johnston,0,0,,,,,,,,,
390204,2009,2009-04-01,Willowmoore Park,1,29.1,Scotland,Ireland,NFI McCallum,CM Wright,RM West,0,0,,,,,,,,,
390204,2009,2009-04-01,Willowmoore Park,1,29.2,Scotland,Ireland,NFI McCallum,CM Wright,RM West,0,0,,,,,,,,,
390204,2009,2009-04-01,Willowmoore Park,1,29.3,Scotland,Ireland,NFI McCallum,CM Wright,RM West,0,0,,,,,,,,,
390204,2009,2009-04-01,Willowmoore Park,1,29.4,Scotland,Ireland,NFI McCallum,CM Wright,RM West,1,0,,,,,,,,,
390204,2009,2009-04-01,Willowmoore Park,1,29.5,Scotland,Ireland,CM Wright,NFI McCallum,RM West,0,0,,,,,,,,,
390204,2009,2009-04-01,Willowmoore Park,1,29.6,Scotland,Ireland,CM Wright,NFI McCallum,RM West,0,0,,,,,,,,,
390204,2009,2009-04-01,Willowmoore Park,1,30.1,Scotland,Ireland,NFI McCallum,CM Wright,DT Johnston,1,0,,,,,,,,,
390204,2009,2009-04-01,Willowmoore Park,1,30.2,Scotland,Ireland,CM Wright,NFI McCallum,DT Johnston,0,0,,,,,,,,,
390204,2009,2009-04-01,Willowmoore Park,1,30.3,Scotland,Ireland,CM Wright,NFI McCallum,DT Johnston,0,0,,,,,,,,,
390204,2009,2009-04-01,Willowmoore Park,1,30.4,Scotland,Ireland,CM Wright,NFI McCallum,DT Johnston,4,0,,,,,,,,,
390204,2009,2009-04-01,Willowmoore Park,1,30.5,Scotland,Ireland,CM Wright,NFI McCallum,DT Johnston,1,0,,,,,,,,,
390204,2009,2009-04-01,Willowmoore Park,1,30.6,Scotland,Ireland,NFI McCallum,CM Wright,DT Johnston,0,0,,,,,,,,,
390204,2009,2009-04-01,Willowmoore Park,1,31.1,Scotland,Ireland,CM Wright,NFI McCallum,RM West,0,0,,,,,,,,,
390204,2009,2009-04-01,Willowmoore Park,1,31.2,Scotland,Ireland,CM Wright,NFI McCallum,RM West,0,0,,,,,,,,,
390204,2009,2009-04-01,Willowmoore Park,1,31.3,Scotland,Ireland,CM Wright,NFI McCallum,RM West,0,0,,,,,,,,,
390204,2009,2009-04-01,Willowmoore Park,1,31.4,Scotland,Ireland,CM Wright,NFI McCallum,RM West,1,0,,,,,,,,,
390204,2009,2009-04-01,Willowmoore Park,1,31.5,Scotland,Ireland,NFI McCallum,CM Wright,RM West,0,0,,,,,,,,,
390204,2009,2009-04-01,Willowmoore Park,1,31.6,Scotland,Ireland,NFI McCallum,CM Wright,RM West,0,0,,,,,,,,,
390204,2009,2009-04-01,Willowmoore Park,1,32.1,Scotland,Ireland,CM Wright,NFI McCallum,AR Cusack,1,0,,,,,,,,,
390204,2009,2009-04-01,Willowmoore Park,1,32.2,Scotland,Ireland,NFI McCallum,CM Wright,AR Cusack,4,0,,,,,,,,,
390204,2009,2009-04-01,Willowmoore Park,1,32.3,Scotland,Ireland,NFI McCallum,CM Wright,AR Cusack,0,0,,,,,,,,,
390204,2009,2009-04-01,Willowmoore Park,1,32.4,Scotland,Ireland,NFI McCallum,CM Wright,AR Cusack,2,0,,,,,,,,,
390204,2009,2009-04-01,Willowmoore Park,1,32.5,Scotland,Ireland,NFI McCallum,CM Wright,AR Cusack,0,0,,,,,,,,,
390204,2009,2009-04-01,Willowmoore Park,1,32.6,Scotland,Ireland,NFI McCallum,CM Wright,AR Cusack,0,0,,,,,,,,,
390204,2009,2009-04-01,Willowmoore Park,1,33.1,Scotland,Ireland,CM Wright,NFI McCallum,RM West,0,1,1,,,,,,,,
390204,2009,2009-04-01,Willowmoore Park,1,33.2,Scotland,Ireland,CM Wright,NFI McCallum,RM West,0,0,,,,,,,,,
390204,2009,2009-04-01,Willowmoore Park,1,33.3,Scotland,Ireland,CM Wright,NFI McCallum,RM West,0,0,,,,,,,,,
390204,2009,2009-04-01,Willowmoore Park,1,33.4,Scotland,Ireland,CM Wright,NFI McCallum,RM West,1,0,,,,,,,,,
390204,2009,2009-04-01,Willowmoore Park,1,33.5,Scotland,Ireland,NFI McCallum,CM Wright,RM West,1,0,,,,,,,,,
390204,2009,2009-04-01,Willowmoore Park,1,33.6,Scotland,Ireland,CM Wright,NFI McCallum,RM West,0,0,,,,,,,,,
390204,2009,2009-04-01,Willowmoore Park,1,33.7,Scotland,Ireland,CM Wright,NFI McCallum,RM West,0,0,,,,,,,,,
390204,2009,2009-04-01,Willowmoore Park,1,34.1,Scotland,Ireland,NFI McCallum,CM Wright,WB Rankin,0,0,,,,,,,,,
390204,2009,2009-04-01,Willowmoore Park,1,34.2,Scotland,Ireland,NFI McCallum,CM Wright,WB Rankin,0,0,,,,,,,,,
390204,2009,2009-04-01,Willowmoore Park,1,34.3,Scotland,Ireland,NFI McCallum,CM Wright,WB Rankin,2,0,,,,,,,,,
390204,2009,2009-04-01,Willowmoore Park,1,34.4,Scotland,Ireland,NFI McCallum,CM Wright,WB Rankin,0,0,,,,,,,,,
390204,2009,2009-04-01,Willowmoore Park,1,34.5,Scotland,Ireland,NFI McCallum,CM Wright,WB Rankin,1,0,,,,,,,,,
390204,2009,2009-04-01,Willowmoore Park,1,34.6,Scotland,Ireland,CM Wright,NFI McCallum,WB Rankin,0,0,,,,,,,,,
390204,2009,2009-04-01,Willowmoore Park,1,35.1,Scotland,Ireland,NFI McCallum,CM Wright,RM West,0,0,,,,,,,,,
390204,2009,2009-04-01,Willowmoore Park,1,35.2,Scotland,Ireland,NFI McCallum,CM Wright,RM West,0,0,,,,,,,,,
390204,2009,2009-04-01,Willowmoore Park,1,35.3,Scotland,Ireland,NFI McCallum,CM Wright,RM West,4,0,,,,,,,,,
390204,2009,2009-04-01,Willowmoore Park,1,35.4,Scotland,Ireland,NFI McCallum,CM Wright,RM West,0,1,1,,,,,,,,
390204,2009,2009-04-01,Willowmoore Park,1,35.5,Scotland,Ireland,NFI McCallum,CM Wright,RM West,0,0,,,,,,,,,
390204,2009,2009-04-01,Willowmoore Park,1,35.6,Scotland,Ireland,NFI McCallum,CM Wright,RM West,4,0,,,,,,,,,
390204,2009,2009-04-01,Willowmoore Park,1,35.7,Scotland,Ireland,NFI McCallum,CM Wright,RM West,0,0,,,,,,,,,
390204,2009,2009-04-01,Willowmoore Park,1,36.1,Scotland,Ireland,CM Wright,NFI McCallum,WB Rankin,0,0,,,,,,,,,
390204,2009,2009-04-01,Willowmoore Park,1,36.2,Scotland,Ireland,CM Wright,NFI McCallum,WB Rankin,0,0,,,,,,,,,
390204,2009,2009-04-01,Willowmoore Park,1,36.3,Scotland,Ireland,CM Wright,NFI McCallum,WB Rankin,0,0,,,,,,,,,
390204,2009,2009-04-01,Willowmoore Park,1,36.4,Scotland,Ireland,CM Wright,NFI McCallum,WB Rankin,0,0,,,,,,,,,
390204,2009,2009-04-01,Willowmoore Park,1,36.5,Scotland,Ireland,CM Wright,NFI McCallum,WB Rankin,1,0,,,,,,,,,
390204,2009,2009-04-01,Willowmoore Park,1,36.6,Scotland,Ireland,NFI McCallum,CM Wright,WB Rankin,0,0,,,,,,,,,
390204,2009,2009-04-01,Willowmoore Park,1,37.1,Scotland,Ireland,CM Wright,NFI McCallum,RM West,0,0,,,,,,,,,
390204,2009,2009-04-01,Willowmoore Park,1,37.2,Scotland,Ireland,CM Wright,NFI McCallum,RM West,0,1,1,,,,,,,,
390204,2009,2009-04-01,Willowmoore Park,1,37.3,Scotland,Ireland,CM Wright,NFI McCallum,RM West,1,0,,,,,,,,,
390204,2009,2009-04-01,Willowmoore Park,1,37.4,Scotland,Ireland,NFI McCallum,CM Wright,RM West,0,0,,,,,,,,,
390204,2009,2009-04-01,Willowmoore Park,1,37.5,Scotland,Ireland,NFI McCallum,CM Wright,RM West,1,0,,,,,,,,,
390204,2009,2009-04-01,Willowmoore Park,1,37.6,Scotland,Ireland,CM Wright,NFI McCallum,RM West,1,0,,,,,,,,,
390204,2009,2009-04-01,Willowmoore Park,1,37.7,Scotland,Ireland,NFI McCallum,CM Wright,RM West,0,0,,,,,,,,,
390204,2009,2009-04-01,Willowmoore Park,1,38.1,Scotland,Ireland,CM Wright,NFI McCallum,WB Rankin,1,0,,,,,,,,,
390204,2009,2009-04-01,Willowmoore Park,1,38.2,Scotland,Ireland,NFI McCallum,CM Wright,WB Rankin,0,0,,,,,,,,,
390204,2009,2009-04-01,Willowmoore Park,1,38.3,Scotland,Ireland,NFI McCallum,CM Wright,WB Rankin,3,0,,,,,,,,,
390204,2009,2009-04-01,Willowmoore Park,1,38.4,Scotland,Ireland,CM Wright,NFI McCallum,WB Rankin,0,0,,,,,,,,,
390204,2009,2009-04-01,Willowmoore Park,1,38.5,Scotland,Ireland,CM Wright,NFI McCallum,WB Rankin,0,0,,,,,,,,,
390204,2009,2009-04-01,Willowmoore Park,1,38.6,Scotland,Ireland,CM Wright,NFI McCallum,WB Rankin,1,0,,,,,,,,,
390204,2009,2009-04-01,Willowmoore Park,1,39.1,Scotland,Ireland,CM Wright,NFI McCallum,RM West,0,0,,,,,,,,,
390204,2009,2009-04-01,Willowmoore Park,1,39.2,Scotland,Ireland,CM Wright,NFI McCallum,RM West,0,0,,,,,,,,,
390204,2009,2009-04-01,Willowmoore Park,1,39.3,Scotland,Ireland,CM Wright,NFI McCallum,RM West,1,0,,,,,,,,,
390204,2009,2009-04-01,Willowmoore Park,1,39.4,Scotland,Ireland,NFI McCallum,CM Wright,RM West,2,0,,,,,,,,,
390204,2009,2009-04-01,Willowmoore Park,1,39.5,Scotland,Ireland,NFI McCallum,CM Wright,RM West,0,0,,,,,,,,,
390204,2009,2009-04-01,Willowmoore Park,1,39.6,Scotland,Ireland,NFI McCallum,CM Wright,RM West,0,0,,,,,,,,,
390204,2009,2009-04-01,Willowmoore Park,1,40.1,Scotland,Ireland,CM Wright,NFI McCallum,AR Cusack,0,0,,,,,,,,,
390204,2009,2009-04-01,Willowmoore Park,1,40.2,Scotland,Ireland,CM Wright,NFI McCallum,AR Cusack,0,1,1,,,,,,,,
390204,2009,2009-04-01,Willowmoore Park,1,40.3,Scotland,Ireland,CM Wright,NFI McCallum,AR Cusack,1,0,,,,,,,,,
390204,2009,2009-04-01,Willowmoore Park,1,40.4,Scotland,Ireland,NFI McCallum,CM Wright,AR Cusack,6,0,,,,,,,,,
390204,2009,2009-04-01,Willowmoore Park,1,40.5,Scotland,Ireland,NFI McCallum,CM Wright,AR Cusack,1,0,,,,,,,,,
390204,2009,2009-04-01,Willowmoore Park,1,40.6,Scotland,Ireland,CM Wright,NFI McCallum,AR Cusack,0,0,,,,,,,,,
390204,2009,2009-04-01,Willowmoore Park,1,40.7,Scotland,Ireland,CM Wright,NFI McCallum,AR Cusack,0,1,1,,,,,,,,
390204,2009,2009-04-01,Willowmoore Park,1,40.8,Scotland,Ireland,CM Wright,NFI McCallum,AR Cusack,0,0,,,,,,caught,CM Wright,,
390204,2009,2009-04-01,Willowmoore Park,1,41.1,Scotland,Ireland,MM Iqbal,NFI McCallum,PC Connell,0,0,,,,,,,,,
390204,2009,2009-04-01,Willowmoore Park,1,41.2,Scotland,Ireland,MM Iqbal,NFI McCallum,PC Connell,0,0,,,,,,,,,
390204,2009,2009-04-01,Willowmoore Park,1,41.3,Scotland,Ireland,MM Iqbal,NFI McCallum,PC Connell,1,0,,,,,,,,,
390204,2009,2009-04-01,Willowmoore Park,1,41.4,Scotland,Ireland,NFI McCallum,MM Iqbal,PC Connell,2,0,,,,,,,,,
390204,2009,2009-04-01,Willowmoore Park,1,41.5,Scotland,Ireland,NFI McCallum,MM Iqbal,PC Connell,0,0,,,,,,,,,
390204,2009,2009-04-01,Willowmoore Park,1,41.6,Scotland,Ireland,NFI McCallum,MM Iqbal,PC Connell,0,1,,,,1,,,,,
390204,2009,2009-04-01,Willowmoore Park,1,42.1,Scotland,Ireland,NFI McCallum,MM Iqbal,AR Cusack,1,0,,,,,,,,,
390204,2009,2009-04-01,Willowmoore Park,1,42.2,Scotland,Ireland,MM Iqbal,NFI McCallum,AR Cusack,0,0,,,,,,,,,
390204,2009,2009-04-01,Willowmoore Park,1,42.3,Scotland,Ireland,MM Iqbal,NFI McCallum,AR Cusack,0,0,,,,,,,,,
390204,2009,2009-04-01,Willowmoore Park,1,42.4,Scotland,Ireland,MM Iqbal,NFI McCallum,AR Cusack,0,0,,,,,,,,,
390204,2009,2009-04-01,Willowmoore Park,1,42.5,Scotland,Ireland,MM Iqbal,NFI McCallum,AR Cusack,0,2,2,,,,,,,,
390204,2009,2009-04-01,Willowmoore Park,1,42.6,Scotland,Ireland,NFI McCallum,MM Iqbal,AR Cusack,4,0,,,,,,,,,
390204,2009,2009-04-01,Willowmoore Park,1,42.7,Scotland,Ireland,NFI McCallum,MM Iqbal,AR Cusack,2,0,,,,,,,,,
390204,2009,2009-04-01,Willowmoore Park,1,43.1,Scotland,Ireland,MM Iqbal,NFI McCallum,PC Connell,0,0,,,,,,,,,
390204,2009,2009-04-01,Willowmoore Park,1,43.2,Scotland,Ireland,MM Iqbal,NFI McCallum,PC Connell,0,0,,,,,,,,,
390204,2009,2009-04-01,Willowmoore Park,1,43.3,Scotland,Ireland,MM Iqbal,NFI McCallum,PC Connell,0,0,,,,,,,,,
390204,2009,2009-04-01,Willowmoore Park,1,43.4,Scotland,Ireland,MM Iqbal,NFI McCallum,PC Connell,1,0,,,,,,,,,
390204,2009,2009-04-01,Willowmoore Park,1,43.5,Scotland,Ireland,NFI McCallum,MM Iqbal,PC Connell,2,0,,,,,,,,,
390204,2009,2009-04-01,Willowmoore Park,1,43.6,Scotland,Ireland,NFI McCallum,MM Iqbal,PC Connell,1,0,,,,,,,,,
390204,2009,2009-04-01,Willowmoore Park,1,44.1,Scotland,Ireland,NFI McCallum,MM Iqbal,AR Cusack,0,1,,,,1,,,,,
390204,2009,2009-04-01,Willowmoore Park,1,44.2,Scotland,Ireland,MM Iqbal,NFI McCallum,AR Cusack,2,0,,,,,,,,,
390204,2009,2009-04-01,Willowmoore Park,1,44.3,Scotland,Ireland,MM Iqbal,NFI McCallum,AR Cusack,2,0,,,,,,,,,
390204,2009,2009-04-01,Willowmoore Park,1,44.4,Scotland,Ireland,MM Iqbal,NFI McCallum,AR Cusack,0,0,,,,,,,,,
390204,2009,2009-04-01,Willowmoore Park,1,44.5,Scotland,Ireland,MM Iqbal,NFI McCallum,AR Cusack,0,0,,,,,,run out,MM Iqbal,,
390204,2009,2009-04-01,Willowmoore Park,1,44.6,Scotland,Ireland,NFI McCallum,JH Stander,AR Cusack,1,0,,,,,,,,,
390204,2009,2009-04-01,Willowmoore Park,1,45.1,Scotland,Ireland,NFI McCallum,JH Stander,KJ O'Brien,1,0,,,,,,,,,
390204,2009,2009-04-01,Willowmoore Park,1,45.2,Scotland,Ireland,JH Stander,NFI McCallum,KJ O'Brien,2,0,,,,,,,,,
390204,2009,2009-04-01,Willowmoore Park,1,45.3,Scotland,Ireland,JH Stander,NFI McCallum,KJ O'Brien,1,0,,,,,,,,,
390204,2009,2009-04-01,Willowmoore Park,1,45.4,Scotland,Ireland,NFI McCallum,JH Stander,KJ O'Brien,0,0,,,,,,,,,
390204,2009,2009-04-01,Willowmoore Park,1,45.5,Scotland,Ireland,NFI McCallum,JH Stander,KJ O'Brien,0,0,,,,,,,,,
390204,2009,2009-04-01,Willowmoore Park,1,45.6,Scotland,Ireland,NFI McCallum,JH Stander,KJ O'Brien,1,0,,,,,,,,,
390204,2009,2009-04-01,Willowmoore Park,1,46.1,Scotland,Ireland,NFI McCallum,JH Stander,PC Connell,4,0,,,,,,,,,
390204,2009,2009-04-01,Willowmoore Park,1,46.2,Scotland,Ireland,NFI McCallum,JH Stander,PC Connell,0,1,1,,,,,,,,
390204,2009,2009-04-01,Willowmoore Park,1,46.3,Scotland,Ireland,NFI McCallum,JH Stander,PC Connell,1,0,,,,,,,,,
390204,2009,2009-04-01,Willowmoore Park,1,46.4,Scotland,Ireland,JH Stander,NFI McCallum,PC Connell,1,0,,,,,,,,,
390204,2009,2009-04-01,Willowmoore Park,1,46.5,Scotland,Ireland,NFI McCallum,JH Stander,PC Connell,1,0,,,,,,,,,
390204,2009,2009-04-01,Willowmoore Park,1,46.6,Scotland,Ireland,JH Stander,NFI McCallum,PC Connell,0,2,,,,2,,,,,
390204,2009,2009-04-01,Willowmoore Park,1,46.7,Scotland,Ireland,JH Stander,NFI McCallum,PC Connell,0,0,,,,,,,,,
390204,2009,2009-04-01,Willowmoore Park,1,47.1,Scotland,Ireland,NFI McCallum,JH Stander,KJ O'Brien,1,0,,,,,,,,,
390204,2009,2009-04-01,Willowmoore Park,1,47.2,Scotland,Ireland,JH Stander,NFI McCallum,KJ O'Brien,1,0,,,,,,,,,
390204,2009,2009-04-01,Willowmoore Park,1,47.3,Scotland,Ireland,NFI McCallum,JH Stander,KJ O'Brien,1,0,,,,,,,,,
390204,2009,2009-04-01,Willowmoore Park,1,47.4,Scotland,Ireland,JH Stander,NFI McCallum,KJ O'Brien,1,0,,,,,,,,,
390204,2009,2009-04-01,Willowmoore Park,1,47.5,Scotland,Ireland,NFI McCallum,JH Stander,KJ O'Brien,1,0,,,,,,,,,
390204,2009,2009-04-01,Willowmoore Park,1,47.6,Scotland,Ireland,JH Stander,NFI McCallum,KJ O'Brien,6,0,,,,,,,,,
390204,2009,2009-04-01,Willowmoore Park,1,48.1,Scotland,Ireland,NFI McCallum,JH Stander,PC Connell,6,0,,,,,,,,,
390204,2009,2009-04-01,Willowmoore Park,1,48.2,Scotland,Ireland,NFI McCallum,JH Stander,PC Connell,1,0,,,,,,,,,
390204,2009,2009-04-01,Willowmoore Park,1,48.3,Scotland,Ireland,JH Stander,NFI McCallum,PC Connell,6,0,,,,,,,,,
390204,2009,2009-04-01,Willowmoore Park,1,48.4,Scotland,Ireland,JH Stander,NFI McCallum,PC Connell,1,0,,,,,,,,,
390204,2009,2009-04-01,Willowmoore Park,1,48.5,Scotland,Ireland,NFI McCallum,JH Stander,PC Connell,4,0,,,,,,,,,
390204,2009,2009-04-01,Willowmoore Park,1,48.6,Scotland,Ireland,NFI McCallum,JH Stander,PC Connell,1,0,,,,,,,,,
390204,2009,2009-04-01,Willowmoore Park,1,49.1,Scotland,Ireland,NFI McCallum,JH Stander,AR Cusack,6,0,,,,,,,,,
390204,2009,2009-04-01,Willowmoore Park,1,49.2,Scotland,Ireland,NFI McCallum,JH Stander,AR Cusack,0,0,,,,,,,,,
390204,2009,2009-04-01,Willowmoore Park,1,49.3,Scotland,Ireland,NFI McCallum,JH Stander,AR Cusack,1,0,,,,,,,,,
390204,2009,2009-04-01,Willowmoore Park,1,49.4,Scotland,Ireland,JH Stander,NFI McCallum,AR Cusack,0,0,,,,,,,,,
390204,2009,2009-04-01,Willowmoore Park,1,49.5,Scotland,Ireland,JH Stander,NFI McCallum,AR Cusack,2,0,,,,,,,,,
390204,2009,2009-04-01,Willowmoore Park,1,49.6,Scotland,Ireland,JH Stander,NFI McCallum,AR Cusack,1,0,,,,,,,,,
390204,2009,2009-04-01,Willowmoore Park,2,0.1,Ireland,Scotland,WTS Porterfield,GC Wilson,JD Nel,0,0,,,,,,,,,
390204,2009,2009-04-01,Willowmoore Park,2,0.2,Ireland,Scotland,WTS Porterfield,GC Wilson,JD Nel,0,0,,,,,,,,,
390204,2009,2009-04-01,Willowmoore Park,2,0.3,Ireland,Scotland,WTS Porterfield,GC Wilson,JD Nel,0,0,,,,,,,,,
390204,2009,2009-04-01,Willowmoore Park,2,0.4,Ireland,Scotland,WTS Porterfield,GC Wilson,JD Nel,4,0,,,,,,,,,
390204,2009,2009-04-01,Willowmoore Park,2,0.5,Ireland,Scotland,WTS Porterfield,GC Wilson,JD Nel,6,0,,,,,,,,,
390204,2009,2009-04-01,Willowmoore Park,2,0.6,Ireland,Scotland,WTS Porterfield,GC Wilson,JD Nel,0,0,,,,,,,,,
390204,2009,2009-04-01,Willowmoore Park,2,1.1,Ireland,Scotland,GC Wilson,WTS Porterfield,CS MacLeod,0,0,,,,,,,,,
390204,2009,2009-04-01,Willowmoore Park,2,1.2,Ireland,Scotland,GC Wilson,WTS Porterfield,CS MacLeod,0,0,,,,,,,,,
390204,2009,2009-04-01,Willowmoore Park,2,1.3,Ireland,Scotland,GC Wilson,WTS Porterfield,CS MacLeod,0,1,1,,,,,,,,
390204,2009,2009-04-01,Willowmoore Park,2,1.4,Ireland,Scotland,GC Wilson,WTS Porterfield,CS MacLeod,0,0,,,,,,,,,
390204,2009,2009-04-01,Willowmoore Park,2,1.5,Ireland,Scotland,GC Wilson,WTS Porterfield,CS MacLeod,0,1,1,,,,,,,,
390204,2009,2009-04-01,Willowmoore Park,2,1.6,Ireland,Scotland,GC Wilson,WTS Porterfield,CS MacLeod,0,0,,,,,,,,,
390204,2009,2009-04-01,Willowmoore Park,2,1.7,Ireland,Scotland,GC Wilson,WTS Porterfield,CS MacLeod,0,0,,,,,,,,,
390204,2009,2009-04-01,Willowmoore Park,2,1.8,Ireland,Scotland,GC Wilson,WTS Porterfield,CS MacLeod,0,0,,,,,,,,,
390204,2009,2009-04-01,Willowmoore Park,2,2.1,Ireland,Scotland,WTS Porterfield,GC Wilson,JD Nel,0,0,,,,,,,,,
390204,2009,2009-04-01,Willowmoore Park,2,2.2,Ireland,Scotland,WTS Porterfield,GC Wilson,JD Nel,4,0,,,,,,,,,
390204,2009,2009-04-01,Willowmoore Park,2,2.3,Ireland,Scotland,WTS Porterfield,GC Wilson,JD Nel,1,0,,,,,,,,,
390204,2009,2009-04-01,Willowmoore Park,2,2.4,Ireland,Scotland,GC Wilson,WTS Porterfield,JD Nel,0,0,,,,,,,,,
390204,2009,2009-04-01,Willowmoore Park,2,2.5,Ireland,Scotland,GC Wilson,WTS Porterfield,JD Nel,0,0,,,,,,,,,
390204,2009,2009-04-01,Willowmoore Park,2,2.6,Ireland,Scotland,GC Wilson,WTS Porterfield,JD Nel,0,0,,,,,,,,,
390204,2009,2009-04-01,Willowmoore Park,2,3.1,Ireland,Scotland,WTS Porterfield,GC Wilson,CS MacLeod,0,1,1,,,,,,,,
390204,2009,2009-04-01,Willowmoore Park,2,3.2,Ireland,Scotland,WTS Porterfield,GC Wilson,CS MacLeod,0,0,,,,,,,,,
390204,2009,2009-04-01,Willowmoore Park,2,3.3,Ireland,Scotland,WTS Porterfield,GC Wilson,CS MacLeod,0,0,,,,,,,,,
390204,2009,2009-04-01,Willowmoore Park,2,3.4,Ireland,Scotland,WTS Porterfield,GC Wilson,CS MacLeod,4,0,,,,,,,,,
390204,2009,2009-04-01,Willowmoore Park,2,3.5,Ireland,Scotland,WTS Porterfield,GC Wilson,CS MacLeod,0,1,,,,1,,,,,
390204,2009,2009-04-01,Willowmoore Park,2,3.6,Ireland,Scotland,GC Wilson,WTS Porterfield,CS MacLeod,0,0,,,,,,,,,
390204,2009,2009-04-01,Willowmoore Park,2,3.7,Ireland,Scotland,GC Wilson,WTS Porterfield,CS MacLeod,0,0,,,,,,,,,
390204,2009,2009-04-01,Willowmoore Park,2,4.1,Ireland,Scotland,WTS Porterfield,GC Wilson,JD Nel,0,0,,,,,,,,,
390204,2009,2009-04-01,Willowmoore Park,2,4.2,Ireland,Scotland,WTS Porterfield,GC Wilson,JD Nel,0,0,,,,,,,,,
390204,2009,2009-04-01,Willowmoore Park,2,4.3,Ireland,Scotland,WTS Porterfield,GC Wilson,JD Nel,1,0,,,,,,,,,
390204,2009,2009-04-01,Willowmoore Park,2,4.4,Ireland,Scotland,GC Wilson,WTS Porterfield,JD Nel,1,0,,,,,,,,,
390204,2009,2009-04-01,Willowmoore Park,2,4.5,Ireland,Scotland,WTS Porterfield,GC Wilson,JD Nel,4,0,,,,,,,,,
390204,2009,2009-04-01,Willowmoore Park,2,4.6,Ireland,Scotland,WTS Porterfield,GC Wilson,JD Nel,0,0,,,,,,,,,
390204,2009,2009-04-01,Willowmoore Park,2,5.1,Ireland,Scotland,GC Wilson,WTS Porterfield,CS MacLeod,2,0,,,,,,,,,
390204,2009,2009-04-01,Willowmoore Park,2,5.2,Ireland,Scotland,GC Wilson,WTS Porterfield,CS MacLeod,0,0,,,,,,,,,
390204,2009,2009-04-01,Willowmoore Park,2,5.3,Ireland,Scotland,GC Wilson,WTS Porterfield,CS MacLeod,0,0,,,,,,,,,
390204,2009,2009-04-01,Willowmoore Park,2,5.4,Ireland,Scotland,GC Wilson,WTS Porterfield,CS MacLeod,4,0,,,,,,,,,
390204,2009,2009-04-01,Willowmoore Park,2,5.5,Ireland,Scotland,GC Wilson,WTS Porterfield,CS MacLeod,0,0,,,,,,,,,
390204,2009,2009-04-01,Willowmoore Park,2,5.6,Ireland,Scotland,GC Wilson,WTS Porterfield,CS MacLeod,4,0,,,,,,,,,
390204,2009,2009-04-01,Willowmoore Park,2,6.1,Ireland,Scotland,WTS Porterfield,GC Wilson,JD Nel,0,0,,,,,,,,,
390204,2009,2009-04-01,Willowmoore Park,2,6.2,Ireland,Scotland,WTS Porterfield,GC Wilson,JD Nel,0,0,,,,,,,,,
390204,2009,2009-04-01,Willowmoore Park,2,6.3,Ireland,Scotland,WTS Porterfield,GC Wilson,JD Nel,1,0,,,,,,,,,
390204,2009,2009-04-01,Willowmoore Park,2,6.4,Ireland,Scotland,GC Wilson,WTS Porterfield,JD Nel,0,0,,,,,,,,,
390204,2009,2009-04-01,Willowmoore Park,2,6.5,Ireland,Scotland,GC Wilson,WTS Porterfield,JD Nel,0,0,,,,,,,,,
390204,2009,2009-04-01,Willowmoore Park,2,6.6,Ireland,Scotland,GC Wilson,WTS Porterfield,JD Nel,1,0,,,,,,,,,
390204,2009,2009-04-01,Willowmoore Park,2,7.1,Ireland,Scotland,GC Wilson,WTS Porterfield,CS MacLeod,0,0,,,,,,,,,
390204,2009,2009-04-01,Willowmoore Park,2,7.2,Ireland,Scotland,GC Wilson,WTS Porterfield,CS MacLeod,0,0,,,,,,,,,
390204,2009,2009-04-01,Willowmoore Park,2,7.3,Ireland,Scotland,GC Wilson,WTS Porterfield,CS MacLeod,2,0,,,,,,,,,
390204,2009,2009-04-01,Willowmoore Park,2,7.4,Ireland,Scotland,GC Wilson,WTS Porterfield,CS MacLeod,0,0,,,,,,bowled,GC Wilson,,
390204,2009,2009-04-01,Willowmoore Park,2,7.5,Ireland,Scotland,EJG Morgan,WTS Porterfield,CS MacLeod,0,0,,,,,,,,,
390204,2009,2009-04-01,Willowmoore Park,2,7.6,Ireland,Scotland,EJG Morgan,WTS Porterfield,CS MacLeod,0,0,,,,,,,,,
390204,2009,2009-04-01,Willowmoore Park,2,8.1,Ireland,Scotland,WTS Porterfield,EJG Morgan,CM Wright,4,0,,,,,,,,,
390204,2009,2009-04-01,Willowmoore Park,2,8.2,Ireland,Scotland,WTS Porterfield,EJG Morgan,CM Wright,4,0,,,,,,,,,
390204,2009,2009-04-01,Willowmoore Park,2,8.3,Ireland,Scotland,WTS Porterfield,EJG Morgan,CM Wright,0,0,,,,,,,,,
390204,2009,2009-04-01,Willowmoore Park,2,8.4,Ireland,Scotland,WTS Porterfield,EJG Morgan,CM Wright,4,0,,,,,,,,,
390204,2009,2009-04-01,Willowmoore Park,2,8.5,Ireland,Scotland,WTS Porterfield,EJG Morgan,CM Wright,4,0,,,,,,,,,
390204,2009,2009-04-01,Willowmoore Park,2,8.6,Ireland,Scotland,WTS Porterfield,EJG Morgan,CM Wright,0,0,,,,,,,,,
390204,2009,2009-04-01,Willowmoore Park,2,9.1,Ireland,Scotland,EJG Morgan,WTS Porterfield,CS MacLeod,2,0,,,,,,,,,
390204,2009,2009-04-01,Willowmoore Park,2,9.2,Ireland,Scotland,EJG Morgan,WTS Porterfield,CS MacLeod,0,0,,,,,,,,,
390204,2009,2009-04-01,Willowmoore Park,2,9.3,Ireland,Scotland,EJG Morgan,WTS Porterfield,CS MacLeod,0,0,,,,,,,,,
390204,2009,2009-04-01,Willowmoore Park,2,9.4,Ireland,Scotland,EJG Morgan,WTS Porterfield,CS MacLeod,0,1,1,,,,,,,,
390204,2009,2009-04-01,Willowmoore Park,2,9.5,Ireland,Scotland,EJG Morgan,WTS Porterfield,CS MacLeod,0,0,,,,,,,,,
390204,2009,2009-04-01,Willowmoore Park,2,9.6,Ireland,Scotland,EJG Morgan,WTS Porterfield,CS MacLeod,0,0,,,,,,,,,
390204,2009,2009-04-01,Willowmoore Park,2,9.7,Ireland,Scotland,EJG Morgan,WTS Porterfield,CS MacLeod,1,0,,,,,,,,,
390204,2009,2009-04-01,Willowmoore Park,2,10.1,Ireland,Scotland,EJG Morgan,WTS Porterfield,CM Wright,0,1,1,,,,,,,,
390204,2009,2009-04-01,Willowmoore Park,2,10.2,Ireland,Scotland,EJG Morgan,WTS Porterfield,CM Wright,2,0,,,,,,,,,
390204,2009,2009-04-01,Willowmoore Park,2,10.3,Ireland,Scotland,EJG Morgan,WTS Porterfield,CM Wright,0,0,,,,,,,,,
390204,2009,2009-04-01,Willowmoore Park,2,10.4,Ireland,Scotland,EJG Morgan,WTS Porterfield,CM Wright,0,0,,,,,,,,,
390204,2009,2009-04-01,Willowmoore Park,2,10.5,Ireland,Scotland,EJG Morgan,WTS Porterfield,CM Wright,0,0,,,,,,,,,
390204,2009,2009-04-01,Willowmoore Park,2,10.6,Ireland,Scotland,EJG Morgan,WTS Porterfield,CM Wright,0,1,,,,1,,,,,
390204,2009,2009-04-01,Willowmoore Park,2,10.7,Ireland,Scotland,WTS Porterfield,EJG Morgan,CM Wright,1,0,,,,,,,,,
390204,2009,2009-04-01,Willowmoore Park,2,11.1,Ireland,Scotland,WTS Porterfield,EJG Morgan,JD Nel,0,0,,,,,,,,,
390204,2009,2009-04-01,Willowmoore Park,2,11.2,Ireland,Scotland,WTS Porterfield,EJG Morgan,JD Nel,2,0,,,,,,,,,
390204,2009,2009-04-01,Willowmoore Park,2,11.3,Ireland,Scotland,WTS Porterfield,EJG Morgan,JD Nel,0,0,,,,,,,,,
390204,2009,2009-04-01,Willowmoore Park,2,11.4,Ireland,Scotland,WTS Porterfield,EJG Morgan,JD Nel,0,0,,,,,,,,,
390204,2009,2009-04-01,Willowmoore Park,2,11.5,Ireland,Scotland,WTS Porterfield,EJG Morgan,JD Nel,4,0,,,,,,,,,
390204,2009,2009-04-01,Willowmoore Park,2,11.6,Ireland,Scotland,WTS Porterfield,EJG Morgan,JD Nel,1,0,,,,,,,,,
390204,2009,2009-04-01,Willowmoore Park,2,12.1,Ireland,Scotland,WTS Porterfield,EJG Morgan,CM Wright,1,0,,,,,,,,,
390204,2009,2009-04-01,Willowmoore Park,2,12.2,Ireland,Scotland,EJG Morgan,WTS Porterfield,CM Wright,0,1,1,,,,,,,,
390204,2009,2009-04-01,Willowmoore Park,2,12.3,Ireland,Scotland,EJG Morgan,WTS Porterfield,CM Wright,0,1,1,,,,,,,,
390204,2009,2009-04-01,Willowmoore Park,2,12.4,Ireland,Scotland,EJG Morgan,WTS Porterfield,CM Wright,0,0,,,,,,,,,
390204,2009,2009-04-01,Willowmoore Park,2,12.5,Ireland,Scotland,EJG Morgan,WTS Porterfield,CM Wright,1,0,,,,,,,,,
390204,2009,2009-04-01,Willowmoore Park,2,12.6,Ireland,Scotland,WTS Porterfield,EJG Morgan,CM Wright,0,0,,,,,,,,,
390204,2009,2009-04-01,Willowmoore Park,2,12.7,Ireland,Scotland,WTS Porterfield,EJG Morgan,CM Wright,4,0,,,,,,,,,
390204,2009,2009-04-01,Willowmoore Park,2,12.8,Ireland,Scotland,WTS Porterfield,EJG Morgan,CM Wright,0,0,,,,,,,,,
390204,2009,2009-04-01,Willowmoore Park,2,13.1,Ireland,Scotland,EJG Morgan,WTS Porterfield,JD Nel,1,0,,,,,,,,,
390204,2009,2009-04-01,Willowmoore Park,2,13.2,Ireland,Scotland,WTS Porterfield,EJG Morgan,JD Nel,4,0,,,,,,,,,
390204,2009,2009-04-01,Willowmoore Park,2,13.3,Ireland,Scotland,WTS Porterfield,EJG Morgan,JD Nel,0,0,,,,,,,,,
390204,2009,2009-04-01,Willowmoore Park,2,13.4,Ireland,Scotland,WTS Porterfield,EJG Morgan,JD Nel,1,0,,,,,,,,,
390204,2009,2009-04-01,Willowmoore Park,2,13.5,Ireland,Scotland,EJG Morgan,WTS Porterfield,JD Nel,1,0,,,,,,,,,
390204,2009,2009-04-01,Willowmoore Park,2,13.6,Ireland,Scotland,WTS Porterfield,EJG Morgan,JD Nel,2,0,,,,,,,,,
390204,2009,2009-04-01,Willowmoore Park,2,14.1,Ireland,Scotland,EJG Morgan,WTS Porterfield,RR Watson,0,0,,,,,,,,,
390204,2009,2009-04-01,Willowmoore Park,2,14.2,Ireland,Scotland,EJG Morgan,WTS Porterfield,RR Watson,0,0,,,,,,,,,
390204,2009,2009-04-01,Willowmoore Park,2,14.3,Ireland,Scotland,EJG Morgan,WTS Porterfield,RR Watson,2,0,,,,,,,,,
390204,2009,2009-04-01,Willowmoore Park,2,14.4,Ireland,Scotland,EJG Morgan,WTS Porterfield,RR Watson,6,0,,,,,,,,,
390204,2009,2009-04-01,Willowmoore Park,2,14.5,Ireland,Scotland,EJG Morgan,WTS Porterfield,RR Watson,1,0,,,,,,,,,
390204,2009,2009-04-01,Willowmoore Park,2,14.6,Ireland,Scotland,WTS Porterfield,EJG Morgan,RR Watson,1,0,,,,,,,,,
390204,2009,2009-04-01,Willowmoore Park,2,15.1,Ireland,Scotland,WTS Porterfield,EJG Morgan,JH Stander,0,0,,,,,,,,,
390204,2009,2009-04-01,Willowmoore Park,2,15.2,Ireland,Scotland,WTS Porterfield,EJG Morgan,JH Stander,0,0,,,,,,,,,
390204,2009,2009-04-01,Willowmoore Park,2,15.3,Ireland,Scotland,WTS Porterfield,EJG Morgan,JH Stander,0,0,,,,,,,,,
390204,2009,2009-04-01,Willowmoore Park,2,15.4,Ireland,Scotland,WTS Porterfield,EJG Morgan,JH Stander,0,0,,,,,,,,,
390204,2009,2009-04-01,Willowmoore Park,2,15.5,Ireland,Scotland,WTS Porterfield,EJG Morgan,JH Stander,0,0,,,,,,,,,
390204,2009,2009-04-01,Willowmoore Park,2,15.6,Ireland,Scotland,WTS Porterfield,EJG Morgan,JH Stander,6,0,,,,,,,,,
390204,2009,2009-04-01,Willowmoore Park,2,16.1,Ireland,Scotland,EJG Morgan,WTS Porterfield,RR Watson,1,0,,,,,,,,,
390204,2009,2009-04-01,Willowmoore Park,2,16.2,Ireland,Scotland,WTS Porterfield,EJG Morgan,RR Watson,1,0,,,,,,,,,
390204,2009,2009-04-01,Willowmoore Park,2,16.3,Ireland,Scotland,EJG Morgan,WTS Porterfield,RR Watson,1,0,,,,,,,,,
390204,2009,2009-04-01,Willowmoore Park,2,16.4,Ireland,Scotland,WTS Porterfield,EJG Morgan,RR Watson,0,0,,,,,,,,,
390204,2009,2009-04-01,Willowmoore Park,2,16.5,Ireland,Scotland,WTS Porterfield,EJG Morgan,RR Watson,1,0,,,,,,,,,
390204,2009,2009-04-01,Willowmoore Park,2,16.6,Ireland,Scotland,EJG Morgan,WTS Porterfield,RR Watson,1,0,,,,,,,,,
390204,2009,2009-04-01,Willowmoore Park,2,17.1,Ireland,Scotland,EJG Morgan,WTS Porterfield,JH Stander,0,0,,,,,,,,,
390204,2009,2009-04-01,Willowmoore Park,2,17.2,Ireland,Scotland,EJG Morgan,WTS Porterfield,JH Stander,0,1,,,,1,,,,,
390204,2009,2009-04-01,Willowmoore Park,2,17.3,Ireland,Scotland,WTS Porterfield,EJG Morgan,JH Stander,1,0,,,,,,,,,
390204,2009,2009-04-01,Willowmoore Park,2,17.4,Ireland,Scotland,EJG Morgan,WTS Porterfield,JH Stander,0,0,,,,,,,,,
390204,2009,2009-04-01,Willowmoore Park,2,17.5,Ireland,Scotland,EJG Morgan,WTS Porterfield,JH Stander,0,0,,,,,,,,,
390204,2009,2009-04-01,Willowmoore Park,2,17.6,Ireland,Scotland,EJG Morgan,WTS Porterfield,JH Stander,0,0,,,,,,,,,
390204,2009,2009-04-01,Willowmoore Park,2,18.1,Ireland,Scotland,WTS Porterfield,EJG Morgan,RR Watson,0,0,,,,,,,,,
390204,2009,2009-04-01,Willowmoore Park,2,18.2,Ireland,Scotland,WTS Porterfield,EJG Morgan,RR Watson,0,0,,,,,,,,,
390204,2009,2009-04-01,Willowmoore Park,2,18.3,Ireland,Scotland,WTS Porterfield,EJG Morgan,RR Watson,0,0,,,,,,,,,
390204,2009,2009-04-01,Willowmoore Park,2,18.4,Ireland,Scotland,WTS Porterfield,EJG Morgan,RR Watson,0,0,,,,,,,,,
390204,2009,2009-04-01,Willowmoore Park,2,18.5,Ireland,Scotland,WTS Porterfield,EJG Morgan,RR Watson,1,0,,,,,,,,,
390204,2009,2009-04-01,Willowmoore Park,2,18.6,Ireland,Scotland,EJG Morgan,WTS Porterfield,RR Watson,2,0,,,,,,,,,
390204,2009,2009-04-01,Willowmoore Park,2,19.1,Ireland,Scotland,WTS Porterfield,EJG Morgan,JH Stander,1,0,,,,,,,,,
390204,2009,2009-04-01,Willowmoore Park,2,19.2,Ireland,Scotland,EJG Morgan,WTS Porterfield,JH Stander,0,0,,,,,,,,,
390204,2009,2009-04-01,Willowmoore Park,2,19.3,Ireland,Scotland,EJG Morgan,WTS Porterfield,JH Stander,0,0,,,,,,,,,
390204,2009,2009-04-01,Willowmoore Park,2,19.4,Ireland,Scotland,EJG Morgan,WTS Porterfield,JH Stander,6,0,,,,,,,,,
390204,2009,2009-04-01,Willowmoore Park,2,19.5,Ireland,Scotland,EJG Morgan,WTS Porterfield,JH Stander,4,0,,,,,,,,,
390204,2009,2009-04-01,Willowmoore Park,2,19.6,Ireland,Scotland,EJG Morgan,WTS Porterfield,JH Stander,0,0,,,,,,,,,
390204,2009,2009-04-01,Willowmoore Park,2,20.1,Ireland,Scotland,WTS Porterfield,EJG Morgan,RR Watson,0,0,,,,,,,,,
390204,2009,2009-04-01,Willowmoore Park,2,20.2,Ireland,Scotland,WTS Porterfield,EJG Morgan,RR Watson,1,0,,,,,,,,,
390204,2009,2009-04-01,Willowmoore Park,2,20.3,Ireland,Scotland,EJG Morgan,WTS Porterfield,RR Watson,1,0,,,,,,,,,
390204,2009,2009-04-01,Willowmoore Park,2,20.4,Ireland,Scotland,WTS Porterfield,EJG Morgan,RR Watson,1,0,,,,,,,,,
390204,2009,2009-04-01,Willowmoore Park,2,20.5,Ireland,Scotland,EJG Morgan,WTS Porterfield,RR Watson,1,0,,,,,,,,,
390204,2009,2009-04-01,Willowmoore Park,2,20.6,Ireland,Scotland,WTS Porterfield,EJG Morgan,RR Watson,0,0,,,,,,,,,
390204,2009,2009-04-01,Willowmoore Park,2,21.1,Ireland,Scotland,EJG Morgan,WTS Porterfield,MM Iqbal,4,0,,,,,,,,,
390204,2009,2009-04-01,Willowmoore Park,2,21.2,Ireland,Scotland,EJG Morgan,WTS Porterfield,MM Iqbal,0,0,,,,,,,,,
390204,2009,2009-04-01,Willowmoore Park,2,21.3,Ireland,Scotland,EJG Morgan,WTS Porterfield,MM Iqbal,0,0,,,,,,,,,
390204,2009,2009-04-01,Willowmoore Park,2,21.4,Ireland,Scotland,EJG Morgan,WTS Porterfield,MM Iqbal,6,0,,,,,,,,,
390204,2009,2009-04-01,Willowmoore Park,2,21.5,Ireland,Scotland,EJG Morgan,WTS Porterfield,MM Iqbal,1,0,,,,,,,,,
390204,2009,2009-04-01,Willowmoore Park,2,21.6,Ireland,Scotland,WTS Porterfield,EJG Morgan,MM Iqbal,3,0,,,,,,,,,
390204,2009,2009-04-01,Willowmoore Park,2,22.1,Ireland,Scotland,WTS Porterfield,EJG Morgan,RR Watson,0,0,,,,,,,,,
390204,2009,2009-04-01,Willowmoore Park,2,22.2,Ireland,Scotland,WTS Porterfield,EJG Morgan,RR Watson,1,0,,,,,,,,,
390204,2009,2009-04-01,Willowmoore Park,2,22.3,Ireland,Scotland,EJG Morgan,WTS Porterfield,RR Watson,1,0,,,,,,,,,
390204,2009,2009-04-01,Willowmoore Park,2,22.4,Ireland,Scotland,WTS Porterfield,EJG Morgan,RR Watson,0,0,,,,,,,,,
390204,2009,2009-04-01,Willowmoore Park,2,22.5,Ireland,Scotland,WTS Porterfield,EJG Morgan,RR Watson,0,0,,,,,,,,,
390204,2009,2009-04-01,Willowmoore Park,2,22.6,Ireland,Scotland,WTS Porterfield,EJG Morgan,RR Watson,1,0,,,,,,,,,
390204,2009,2009-04-01,Willowmoore Park,2,23.1,Ireland,Scotland,WTS Porterfield,EJG Morgan,MM Iqbal,0,0,,,,,,,,,
390204,2009,2009-04-01,Willowmoore Park,2,23.2,Ireland,Scotland,WTS Porterfield,EJG Morgan,MM Iqbal,0,0,,,,,,,,,
390204,2009,2009-04-01,Willowmoore Park,2,23.3,Ireland,Scotland,WTS Porterfield,EJG Morgan,MM Iqbal,1,0,,,,,,,,,
390204,2009,2009-04-01,Willowmoore Park,2,23.4,Ireland,Scotland,EJG Morgan,WTS Porterfield,MM Iqbal,1,0,,,,,,,,,
390204,2009,2009-04-01,Willowmoore Park,2,23.5,Ireland,Scotland,WTS Porterfield,EJG Morgan,MM Iqbal,1,0,,,,,,,,,
390204,2009,2009-04-01,Willowmoore Park,2,23.6,Ireland,Scotland,EJG Morgan,WTS Porterfield,MM Iqbal,0,0,,,,,,,,,
390204,2009,2009-04-01,Willowmoore Park,2,24.1,Ireland,Scotland,WTS Porterfield,EJG Morgan,RR Watson,0,0,,,,,,,,,
390204,2009,2009-04-01,Willowmoore Park,2,24.2,Ireland,Scotland,WTS Porterfield,EJG Morgan,RR Watson,6,0,,,,,,,,,
390204,2009,2009-04-01,Willowmoore Park,2,24.3,Ireland,Scotland,WTS Porterfield,EJG Morgan,RR Watson,1,0,,,,,,,,,
390204,2009,2009-04-01,Willowmoore Park,2,24.4,Ireland,Scotland,EJG Morgan,WTS Porterfield,RR Watson,1,0,,,,,,,,,
390204,2009,2009-04-01,Willowmoore Park,2,24.5,Ireland,Scotland,WTS Porterfield,EJG Morgan,RR Watson,1,0,,,,,,,,,
390204,2009,2009-04-01,Willowmoore Park,2,24.6,Ireland,Scotland,EJG Morgan,WTS Porterfield,RR Watson,1,0,,,,,,,,,
390204,2009,2009-04-01,Willowmoore Park,2,25.1,Ireland,Scotland,EJG Morgan,WTS Porterfield,MM Iqbal,0,0,,,,,,,,,
390204,2009,2009-04-01,Willowmoore Park,2,25.2,Ireland,Scotland,EJG Morgan,WTS Porterfield,MM Iqbal,0,0,,,,,,,,,
390204,2009,2009-04-01,Willowmoore Park,2,25.3,Ireland,Scotland,EJG Morgan,WTS Porterfield,MM Iqbal,0,0,,,,,,,,,
390204,2009,2009-04-01,Willowmoore Park,2,25.4,Ireland,Scotland,EJG Morgan,WTS Porterfield,MM Iqbal,4,0,,,,,,,,,
390204,2009,2009-04-01,Willowmoore Park,2,25.5,Ireland,Scotland,EJG Morgan,WTS Porterfield,MM Iqbal,6,0,,,,,,,,,
390204,2009,2009-04-01,Willowmoore Park,2,25.6,Ireland,Scotland,EJG Morgan,WTS Porterfield,MM Iqbal,1,0,,,,,,,,,
390204,2009,2009-04-01,Willowmoore Park,2,26.1,Ireland,Scotland,EJG Morgan,WTS Porterfield,RR Watson,0,0,,,,,,,,,
390204,2009,2009-04-01,Willowmoore Park,2,26.2,Ireland,Scotland,EJG Morgan,WTS Porterfield,RR Watson,0,0,,,,,,bowled,EJG Morgan,,
390204,2009,2009-04-01,Willowmoore Park,2,26.3,Ireland,Scotland,NJ O'Brien,WTS Porterfield,RR Watson,0,0,,,,,,,,,
390204,2009,2009-04-01,Willowmoore Park,2,26.4,Ireland,Scotland,NJ O'Brien,WTS Porterfield,RR Watson,0,0,,,,,,,,,
390204,2009,2009-04-01,Willowmoore Park,2,26.5,Ireland,Scotland,NJ O'Brien,WTS Porterfield,RR Watson,0,0,,,,,,,,,
390204,2009,2009-04-01,Willowmoore Park,2,26.6,Ireland,Scotland,NJ O'Brien,WTS Porterfield,RR Watson,1,0,,,,,,,,,
390204,2009,2009-04-01,Willowmoore Park,2,27.1,Ireland,Scotland,NJ O'Brien,WTS Porterfield,MM Iqbal,1,0,,,,,,,,,
390204,2009,2009-04-01,Willowmoore Park,2,27.2,Ireland,Scotland,WTS Porterfield,NJ O'Brien,MM Iqbal,1,0,,,,,,,,,
390204,2009,2009-04-01,Willowmoore Park,2,27.3,Ireland,Scotland,NJ O'Brien,WTS Porterfield,MM Iqbal,4,0,,,,,,,,,
390204,2009,2009-04-01,Willowmoore Park,2,27.4,Ireland,Scotland,NJ O'Brien,WTS Porterfield,MM Iqbal,1,0,,,,,,,,,
390204,2009,2009-04-01,Willowmoore Park,2,27.5,Ireland,Scotland,WTS Porterfield,NJ O'Brien,MM Iqbal,1,0,,,,,,,,,
390204,2009,2009-04-01,Willowmoore Park,2,27.6,Ireland,Scotland,NJ O'Brien,WTS Porterfield,MM Iqbal,0,0,,,,,,,,,
390204,2009,2009-04-01,Willowmoore Park,2,28.1,Ireland,Scotland,WTS Porterfield,NJ O'Brien,RR Watson,1,0,,,,,,,,,
390204,2009,2009-04-01,Willowmoore Park,2,28.2,Ireland,Scotland,NJ O'Brien,WTS Porterfield,RR Watson,1,0,,,,,,,,,
390204,2009,2009-04-01,Willowmoore Park,2,28.3,Ireland,Scotland,WTS Porterfield,NJ O'Brien,RR Watson,1,0,,,,,,,,,
390204,2009,2009-04-01,Willowmoore Park,2,28.4,Ireland,Scotland,NJ O'Brien,WTS Porterfield,RR Watson,0,0,,,,,,,,,
390204,2009,2009-04-01,Willowmoore Park,2,28.5,Ireland,Scotland,NJ O'Brien,WTS Porterfield,RR Watson,0,0,,,,,,,,,
390204,2009,2009-04-01,Willowmoore Park,2,28.6,Ireland,Scotland,NJ O'Brien,WTS Porterfield,RR Watson,0,0,,,,,,,,,
390204,2009,2009-04-01,Willowmoore Park,2,29.1,Ireland,Scotland,WTS Porterfield,NJ O'Brien,MM Iqbal,1,0,,,,,,,,,
390204,2009,2009-04-01,Willowmoore Park,2,29.2,Ireland,Scotland,NJ O'Brien,WTS Porterfield,MM Iqbal,0,0,,,,,,,,,
390204,2009,2009-04-01,Willowmoore Park,2,29.3,Ireland,Scotland,NJ O'Brien,WTS Porterfield,MM Iqbal,0,0,,,,,,,,,
390204,2009,2009-04-01,Willowmoore Park,2,29.4,Ireland,Scotland,NJ O'Brien,WTS Porterfield,MM Iqbal,1,0,,,,,,,,,
390204,2009,2009-04-01,Willowmoore Park,2,29.5,Ireland,Scotland,WTS Porterfield,NJ O'Brien,MM Iqbal,2,0,,,,,,,,,
390204,2009,2009-04-01,Willowmoore Park,2,29.6,Ireland,Scotland,WTS Porterfield,NJ O'Brien,MM Iqbal,0,0,,,,,,,,,
390204,2009,2009-04-01,Willowmoore Park,2,30.1,Ireland,Scotland,NJ O'Brien,WTS Porterfield,RR Watson,0,0,,,,,,,,,
390204,2009,2009-04-01,Willowmoore Park,2,30.2,Ireland,Scotland,NJ O'Brien,WTS Porterfield,RR Watson,0,0,,,,,,,,,
390204,2009,2009-04-01,Willowmoore Park,2,30.3,Ireland,Scotland,NJ O'Brien,WTS Porterfield,RR Watson,1,0,,,,,,,,,
390204,2009,2009-04-01,Willowmoore Park,2,30.4,Ireland,Scotland,WTS Porterfield,NJ O'Brien,RR Watson,0,0,,,,,,,,,
390204,2009,2009-04-01,Willowmoore Park,2,30.5,Ireland,Scotland,WTS Porterfield,NJ O'Brien,RR Watson,0,0,,,,,,,,,
390204,2009,2009-04-01,Willowmoore Park,2,30.6,Ireland,Scotland,WTS Porterfield,NJ O'Brien,RR Watson,4,0,,,,,,,,,
390204,2009,2009-04-01,Willowmoore Park,2,31.1,Ireland,Scotland,NJ O'Brien,WTS Porterfield,MM Iqbal,4,0,,,,,,,,,
390204,2009,2009-04-01,Willowmoore Park,2,31.2,Ireland,Scotland,NJ O'Brien,WTS Porterfield,MM Iqbal,0,0,,,,,,,,,
390204,2009,2009-04-01,Willowmoore Park,2,31.3,Ireland,Scotland,NJ O'Brien,WTS Porterfield,MM Iqbal,0,0,,,,,,,,,
390204,2009,2009-04-01,Willowmoore Park,2,31.4,Ireland,Scotland,NJ O'Brien,WTS Porterfield,MM Iqbal,0,0,,,,,,,,,
390204,2009,2009-04-01,Willowmoore Park,2,31.5,Ireland,Scotland,NJ O'Brien,WTS Porterfield,MM Iqbal,0,0,,,,,,,,,
390204,2009,2009-04-01,Willowmoore Park,2,31.6,Ireland,Scotland,NJ O'Brien,WTS Porterfield,MM Iqbal,1,0,,,,,,,,,
390204,2009,2009-04-01,Willowmoore Park,2,32.1,Ireland,Scotland,NJ O'Brien,WTS Porterfield,RR Watson,0,0,,,,,,,,,
390204,2009,2009-04-01,Willowmoore Park,2,32.2,Ireland,Scotland,NJ O'Brien,WTS Porterfield,RR Watson,0,0,,,,,,,,,
390204,2009,2009-04-01,Willowmoore Park,2,32.3,Ireland,Scotland,NJ O'Brien,WTS Porterfield,RR Watson,0,0,,,,,,,,,
390204,2009,2009-04-01,Willowmoore Park,2,32.4,Ireland,Scotland,NJ O'Brien,WTS Porterfield,RR Watson,0,0,,,,,,,,,
390204,2009,2009-04-01,Willowmoore Park,2,32.5,Ireland,Scotland,NJ O'Brien,WTS Porterfield,RR Watson,1,0,,,,,,,,,
390204,2009,2009-04-01,Willowmoore Park,2,32.6,Ireland,Scotland,WTS Porterfield,NJ O'Brien,RR Watson,0,0,,,,,,,,,
390204,2009,2009-04-01,Willowmoore Park,2,33.1,Ireland,Scotland,NJ O'Brien,WTS Porterfield,CS MacLeod,0,0,,,,,,,,,
390204,2009,2009-04-01,Willowmoore Park,2,33.2,Ireland,Scotland,NJ O'Brien,WTS Porterfield,CS MacLeod,4,0,,,,,,,,,
390204,2009,2009-04-01,Willowmoore Park,2,33.3,Ireland,Scotland,NJ O'Brien,WTS Porterfield,CS MacLeod,0,0,,,,,,,,,
390204,2009,2009-04-01,Willowmoore Park,2,33.4,Ireland,Scotland,NJ O'Brien,WTS Porterfield,CS MacLeod,0,0,,,,,,,,,
390204,2009,2009-04-01,Willowmoore Park,2,33.5,Ireland,Scotland,NJ O'Brien,WTS Porterfield,CS MacLeod,0,0,,,,,,,,,
390204,2009,2009-04-01,Willowmoore Park,2,33.6,Ireland,Scotland,NJ O'Brien,WTS Porterfield,CS MacLeod,0,0,,,,,,,,,
390204,2009,2009-04-01,Willowmoore Park,2,34.1,Ireland,Scotland,WTS Porterfield,NJ O'Brien,CM Wright,0,0,,,,,,bowled,WTS Porterfield,,
390204,2009,2009-04-01,Willowmoore Park,2,34.2,Ireland,Scotland,AC Botha,NJ O'Brien,CM Wright,0,1,1,,,,,,,,
390204,2009,2009-04-01,Willowmoore Park,2,34.3,Ireland,Scotland,AC Botha,NJ O'Brien,CM Wright,0,1,1,,,,,,,,
390204,2009,2009-04-01,Willowmoore Park,2,34.4,Ireland,Scotland,AC Botha,NJ O'Brien,CM Wright,0,0,,,,,,,,,
390204,2009,2009-04-01,Willowmoore Park,2,34.5,Ireland,Scotland,AC Botha,NJ O'Brien,CM Wright,2,0,,,,,,,,,
390204,2009,2009-04-01,Willowmoore Park,2,34.6,Ireland,Scotland,AC Botha,NJ O'Brien,CM Wright,4,0,,,,,,,,,
390204,2009,2009-04-01,Willowmoore Park,2,34.7,Ireland,Scotland,AC Botha,NJ O'Brien,CM Wright,2,0,,,,,,,,,
390204,2009,2009-04-01,Willowmoore Park,2,34.8,Ireland,Scotland,AC Botha,NJ O'Brien,CM Wright,0,0,,,,,,,,,
390204,2009,2009-04-01,Willowmoore Park,2,35.1,Ireland,Scotland,NJ O'Brien,AC Botha,CS MacLeod,1,0,,,,,,,,,
390204,2009,2009-04-01,Willowmoore Park,2,35.2,Ireland,Scotland,AC Botha,NJ O'Brien,CS MacLeod,0,0,,,,,,,,,
390204,2009,2009-04-01,Willowmoore Park,2,35.3,Ireland,Scotland,AC Botha,NJ O'Brien,CS MacLeod,2,0,,,,,,,,,
390204,2009,2009-04-01,Willowmoore Park,2,35.4,Ireland,Scotland,AC Botha,NJ O'Brien,CS MacLeod,0,0,,,,,,,,,
390204,2009,2009-04-01,Willowmoore Park,2,35.5,Ireland,Scotland,AC Botha,NJ O'Brien,CS MacLeod,0,0,,,,,,,,,
390204,2009,2009-04-01,Willowmoore Park,2,35.6,Ireland,Scotland,AC Botha,NJ O'Brien,CS MacLeod,0,0,,,,,,,,,
390204,2009,2009-04-01,Willowmoore Park,2,36.1,Ireland,Scotland,NJ O'Brien,AC Botha,CM Wright,0,5,5,,,,,,,,
390204,2009,2009-04-01,Willowmoore Park,2,36.2,Ireland,Scotland,NJ O'Brien,AC Botha,CM Wright,0,0,,,,,,,,,
390204,2009,2009-04-01,Willowmoore Park,2,36.3,Ireland,Scotland,NJ O'Brien,AC Botha,CM Wright,0,0,,,,,,,,,
390204,2009,2009-04-01,Willowmoore Park,2,36.4,Ireland,Scotland,NJ O'Brien,AC Botha,CM Wright,0,0,,,,,,,,,
390204,2009,2009-04-01,Willowmoore Park,2,36.5,Ireland,Scotland,NJ O'Brien,AC Botha,CM Wright,4,0,,,,,,,,,
390204,2009,2009-04-01,Willowmoore Park,2,36.6,Ireland,Scotland,NJ O'Brien,AC Botha,CM Wright,0,0,,,,,,,,,
390204,2009,2009-04-01,Willowmoore Park,2,36.7,Ireland,Scotland,NJ O'Brien,AC Botha,CM Wright,0,1,1,,,,,,,,
390204,2009,2009-04-01,Willowmoore Park,2,36.8,Ireland,Scotland,NJ O'Brien,AC Botha,CM Wright,0,0,,,,,,,,,
390204,2009,2009-04-01,Willowmoore Park,2,37.1,Ireland,Scotland,AC Botha,NJ O'Brien,JD Nel,0,0,,,,,,,,,
390204,2009,2009-04-01,Willowmoore Park,2,37.2,Ireland,Scotland,AC Botha,NJ O'Brien,JD Nel,4,0,,,,,,,,,
390204,2009,2009-04-01,Willowmoore Park,2,37.3,Ireland,Scotland,AC Botha,NJ O'Brien,JD Nel,0,0,,,,,,,,,
390204,2009,2009-04-01,Willowmoore Park,2,37.4,Ireland,Scotland,AC Botha,NJ O'Brien,JD Nel,1,0,,,,,,,,,
