match_id,season,start_date,venue,innings,ball,batting_team,bowling_team,striker,non_striker,bowler,runs_off_bat,extras,wides,noballs,byes,legbyes,penalty,wicket_type,player_dismissed,other_wicket_type,other_player_dismissed
403383,2009,2009-09-14,R Premadasa Stadium,1,0.1,India,Sri Lanka,R Dravid,SR Tendulkar,KMDN Kulasekara,0,0,,,,,,,,,
403383,2009,2009-09-14,R Premadasa Stadium,1,0.2,India,Sri Lanka,R Dravid,SR Tendulkar,KMDN Kulasekara,4,0,,,,,,,,,
403383,2009,2009-09-14,R Premadasa Stadium,1,0.3,India,Sri Lanka,R Dravid,SR Tendulkar,KMDN Kulasekara,0,0,,,,,,,,,
403383,2009,2009-09-14,R Premadasa Stadium,1,0.4,India,Sri Lanka,R Dravid,SR Tendulkar,KMDN Kulasekara,2,0,,,,,,,,,
403383,2009,2009-09-14,R Premadasa Stadium,1,0.5,India,Sri Lanka,R Dravid,SR Tendulkar,KMDN Kulasekara,0,0,,,,,,,,,
403383,2009,2009-09-14,R Premadasa Stadium,1,0.6,India,Sri Lanka,R Dravid,SR Tendulkar,KMDN Kulasekara,0,0,,,,,,,,,
403383,2009,2009-09-14,R Premadasa Stadium,1,1.1,India,Sri Lanka,SR Tendulkar,R Dravid,T Thushara,3,0,,,,,,,,,
403383,2009,2009-09-14,R Premadasa Stadium,1,1.2,India,Sri Lanka,R Dravid,SR Tendulkar,T Thushara,0,0,,,,,,,,,
403383,2009,2009-09-14,R Premadasa Stadium,1,1.3,India,Sri Lanka,R Dravid,SR Tendulkar,T Thushara,0,0,,,,,,,,,
403383,2009,2009-09-14,R Premadasa Stadium,1,1.4,India,Sri Lanka,R Dravid,SR Tendulkar,T Thushara,1,0,,,,,,,,,
403383,2009,2009-09-14,R Premadasa Stadium,1,1.5,India,Sri Lanka,SR Tendulkar,R Dravid,T Thushara,0,0,,,,,,,,,
403383,2009,2009-09-14,R Premadasa Stadium,1,1.6,India,Sri Lanka,SR Tendulkar,R Dravid,T Thushara,1,0,,,,,,,,,
403383,2009,2009-09-14,R Premadasa Stadium,1,2.1,India,Sri Lanka,SR Tendulkar,R Dravid,KMDN Kulasekara,1,0,,,,,,,,,
403383,2009,2009-09-14,R Premadasa Stadium,1,2.2,India,Sri Lanka,R Dravid,SR Tendulkar,KMDN Kulasekara,0,0,,,,,,,,,
403383,2009,2009-09-14,R Premadasa Stadium,1,2.3,India,Sri Lanka,R Dravid,SR Tendulkar,KMDN Kulasekara,0,0,,,,,,,,,
403383,2009,2009-09-14,R Premadasa Stadium,1,2.4,India,Sri Lanka,R Dravid,SR Tendulkar,KMDN Kulasekara,0,0,,,,,,,,,
403383,2009,2009-09-14,R Premadasa Stadium,1,2.5,India,Sri Lanka,R Dravid,SR Tendulkar,KMDN Kulasekara,0,0,,,,,,,,,
403383,2009,2009-09-14,R Premadasa Stadium,1,2.6,India,Sri Lanka,R Dravid,SR Tendulkar,KMDN Kulasekara,0,0,,,,,,,,,
403383,2009,2009-09-14,R Premadasa Stadium,1,3.1,India,Sri Lanka,SR Tendulkar,R Dravid,T Thushara,0,0,,,,,,,,,
403383,2009,2009-09-14,R Premadasa Stadium,1,3.2,India,Sri Lanka,SR Tendulkar,R Dravid,T Thushara,3,0,,,,,,,,,
403383,2009,2009-09-14,R Premadasa Stadium,1,3.3,India,Sri Lanka,R Dravid,SR Tendulkar,T Thushara,0,0,,,,,,,,,
403383,2009,2009-09-14,R Premadasa Stadium,1,3.4,India,Sri Lanka,R Dravid,SR Tendulkar,T Thushara,0,0,,,,,,,,,
403383,2009,2009-09-14,R Premadasa Stadium,1,3.5,India,Sri Lanka,R Dravid,SR Tendulkar,T Thushara,0,0,,,,,,,,,
403383,2009,2009-09-14,R Premadasa Stadium,1,3.6,India,Sri Lanka,R Dravid,SR Tendulkar,T Thushara,0,0,,,,,,,,,
403383,2009,2009-09-14,R Premadasa Stadium,1,4.1,India,Sri Lanka,SR Tendulkar,R Dravid,KMDN Kulasekara,0,0,,,,,,,,,
403383,2009,2009-09-14,R Premadasa Stadium,1,4.2,India,Sri Lanka,SR Tendulkar,R Dravid,KMDN Kulasekara,0,0,,,,,,,,,
403383,2009,2009-09-14,R Premadasa Stadium,1,4.3,India,Sri Lanka,SR Tendulkar,R Dravid,KMDN Kulasekara,0,0,,,,,,,,,
403383,2009,2009-09-14,R Premadasa Stadium,1,4.4,India,Sri Lanka,SR Tendulkar,R Dravid,KMDN Kulasekara,0,0,,,,,,,,,
403383,2009,2009-09-14,R Premadasa Stadium,1,4.5,India,Sri Lanka,SR Tendulkar,R Dravid,KMDN Kulasekara,4,0,,,,,,,,,
403383,2009,2009-09-14,R Premadasa Stadium,1,4.6,India,Sri Lanka,SR Tendulkar,R Dravid,KMDN Kulasekara,0,0,,,,,,,,,
403383,2009,2009-09-14,R Premadasa Stadium,1,5.1,India,Sri Lanka,R Dravid,SR Tendulkar,T Thushara,1,0,,,,,,,,,
403383,2009,2009-09-14,R Premadasa Stadium,1,5.2,India,Sri Lanka,SR Tendulkar,R Dravid,T Thushara,0,0,,,,,,,,,
403383,2009,2009-09-14,R Premadasa Stadium,1,5.3,India,Sri Lanka,SR Tendulkar,R Dravid,T Thushara,1,0,,,,,,,,,
403383,2009,2009-09-14,R Premadasa Stadium,1,5.4,India,Sri Lanka,R Dravid,SR Tendulkar,T Thushara,4,0,,,,,,,,,
403383,2009,2009-09-14,R Premadasa Stadium,1,5.5,India,Sri Lanka,R Dravid,SR Tendulkar,T Thushara,1,0,,,,,,,,,
403383,2009,2009-09-14,R Premadasa Stadium,1,5.6,India,Sri Lanka,SR Tendulkar,R Dravid,T Thushara,0,0,,,,,,,,,
403383,2009,2009-09-14,R Premadasa Stadium,1,6.1,India,Sri Lanka,R Dravid,SR Tendulkar,KMDN Kulasekara,0,0,,,,,,,,,
403383,2009,2009-09-14,R Premadasa Stadium,1,6.2,India,Sri Lanka,R Dravid,SR Tendulkar,KMDN Kulasekara,1,0,,,,,,,,,
403383,2009,2009-09-14,R Premadasa Stadium,1,6.3,India,Sri Lanka,SR Tendulkar,R Dravid,KMDN Kulasekara,4,0,,,,,,,,,
403383,2009,2009-09-14,R Premadasa Stadium,1,6.4,India,Sri Lanka,SR Tendulkar,R Dravid,KMDN Kulasekara,0,0,,,,,,,,,
403383,2009,2009-09-14,R Premadasa Stadium,1,6.5,India,Sri Lanka,SR Tendulkar,R Dravid,KMDN Kulasekara,4,0,,,,,,,,,
403383,2009,2009-09-14,R Premadasa Stadium,1,6.6,India,Sri Lanka,SR Tendulkar,R Dravid,KMDN Kulasekara,1,0,,,,,,,,,
403383,2009,2009-09-14,R Premadasa Stadium,1,7.1,India,Sri Lanka,SR Tendulkar,R Dravid,T Thushara,4,0,,,,,,,,,
403383,2009,2009-09-14,R Premadasa Stadium,1,7.2,India,Sri Lanka,SR Tendulkar,R Dravid,T Thushara,1,0,,,,,,,,,
403383,2009,2009-09-14,R Premadasa Stadium,1,7.3,India,Sri Lanka,R Dravid,SR Tendulkar,T Thushara,1,0,,,,,,,,,
403383,2009,2009-09-14,R Premadasa Stadium,1,7.4,India,Sri Lanka,SR Tendulkar,R Dravid,T Thushara,0,0,,,,,,,,,
403383,2009,2009-09-14,R Premadasa Stadium,1,7.5,India,Sri Lanka,SR Tendulkar,R Dravid,T Thushara,0,0,,,,,,,,,
403383,2009,2009-09-14,R Premadasa Stadium,1,7.6,India,Sri Lanka,SR Tendulkar,R Dravid,T Thushara,4,0,,,,,,,,,
403383,2009,2009-09-14,R Premadasa Stadium,1,8.1,India,Sri Lanka,R Dravid,SR Tendulkar,KMDN Kulasekara,0,0,,,,,,,,,
403383,2009,2009-09-14,R Premadasa Stadium,1,8.2,India,Sri Lanka,R Dravid,SR Tendulkar,KMDN Kulasekara,0,0,,,,,,,,,
403383,2009,2009-09-14,R Premadasa Stadium,1,8.3,India,Sri Lanka,R Dravid,SR Tendulkar,KMDN Kulasekara,0,0,,,,,,,,,
403383,2009,2009-09-14,R Premadasa Stadium,1,8.4,India,Sri Lanka,R Dravid,SR Tendulkar,KMDN Kulasekara,1,0,,,,,,,,,
403383,2009,2009-09-14,R Premadasa Stadium,1,8.5,India,Sri Lanka,SR Tendulkar,R Dravid,KMDN Kulasekara,0,0,,,,,,,,,
403383,2009,2009-09-14,R Premadasa Stadium,1,8.6,India,Sri Lanka,SR Tendulkar,R Dravid,KMDN Kulasekara,0,0,,,,,,,,,
403383,2009,2009-09-14,R Premadasa Stadium,1,9.1,India,Sri Lanka,R Dravid,SR Tendulkar,T Thushara,1,0,,,,,,,,,
403383,2009,2009-09-14,R Premadasa Stadium,1,9.2,India,Sri Lanka,SR Tendulkar,R Dravid,T Thushara,1,0,,,,,,,,,
403383,2009,2009-09-14,R Premadasa Stadium,1,9.3,India,Sri Lanka,R Dravid,SR Tendulkar,T Thushara,1,0,,,,,,,,,
403383,2009,2009-09-14,R Premadasa Stadium,1,9.4,India,Sri Lanka,SR Tendulkar,R Dravid,T Thushara,1,0,,,,,,,,,
403383,2009,2009-09-14,R Premadasa Stadium,1,9.5,India,Sri Lanka,R Dravid,SR Tendulkar,T Thushara,1,0,,,,,,,,,
403383,2009,2009-09-14,R Premadasa Stadium,1,9.6,India,Sri Lanka,SR Tendulkar,R Dravid,T Thushara,0,0,,,,,,,,,
403383,2009,2009-09-14,R Premadasa Stadium,1,10.1,India,Sri Lanka,R Dravid,SR Tendulkar,KMDN Kulasekara,0,0,,,,,,,,,
403383,2009,2009-09-14,R Premadasa Stadium,1,10.2,India,Sri Lanka,R Dravid,SR Tendulkar,KMDN Kulasekara,3,0,,,,,,,,,
403383,2009,2009-09-14,R Premadasa Stadium,1,10.3,India,Sri Lanka,SR Tendulkar,R Dravid,KMDN Kulasekara,0,0,,,,,,,,,
403383,2009,2009-09-14,R Premadasa Stadium,1,10.4,India,Sri Lanka,SR Tendulkar,R Dravid,KMDN Kulasekara,0,0,,,,,,,,,
403383,2009,2009-09-14,R Premadasa Stadium,1,10.5,India,Sri Lanka,SR Tendulkar,R Dravid,KMDN Kulasekara,0,0,,,,,,,,,
403383,2009,2009-09-14,R Premadasa Stadium,1,10.6,India,Sri Lanka,SR Tendulkar,R Dravid,KMDN Kulasekara,0,0,,,,,,,,,
403383,2009,2009-09-14,R Premadasa Stadium,1,11.1,India,Sri Lanka,R Dravid,SR Tendulkar,T Thushara,2,0,,,,,,,,,
403383,2009,2009-09-14,R Premadasa Stadium,1,11.2,India,Sri Lanka,R Dravid,SR Tendulkar,T Thushara,0,1,1,,,,,,,,
403383,2009,2009-09-14,R Premadasa Stadium,1,11.3,India,Sri Lanka,R Dravid,SR Tendulkar,T Thushara,2,0,,,,,,,,,
403383,2009,2009-09-14,R Premadasa Stadium,1,11.4,India,Sri Lanka,R Dravid,SR Tendulkar,T Thushara,0,0,,,,,,,,,
403383,2009,2009-09-14,R Premadasa Stadium,1,11.5,India,Sri Lanka,R Dravid,SR Tendulkar,T Thushara,0,0,,,,,,,,,
403383,2009,2009-09-14,R Premadasa Stadium,1,11.6,India,Sri Lanka,R Dravid,SR Tendulkar,T Thushara,1,0,,,,,,,,,
403383,2009,2009-09-14,R Premadasa Stadium,1,11.7,India,Sri Lanka,SR Tendulkar,R Dravid,T Thushara,2,0,,,,,,,,,
403383,2009,2009-09-14,R Premadasa Stadium,1,12.1,India,Sri Lanka,R Dravid,SR Tendulkar,KMDN Kulasekara,0,0,,,,,,,,,
403383,2009,2009-09-14,R Premadasa Stadium,1,12.2,India,Sri Lanka,R Dravid,SR Tendulkar,KMDN Kulasekara,1,0,,,,,,,,,
403383,2009,2009-09-14,R Premadasa Stadium,1,12.3,India,Sri Lanka,SR Tendulkar,R Dravid,KMDN Kulasekara,0,0,,,,,,,,,
403383,2009,2009-09-14,R Premadasa Stadium,1,12.4,India,Sri Lanka,SR Tendulkar,R Dravid,KMDN Kulasekara,1,0,,,,,,,,,
403383,2009,2009-09-14,R Premadasa Stadium,1,12.5,India,Sri Lanka,R Dravid,SR Tendulkar,KMDN Kulasekara,0,0,,,,,,,,,
403383,2009,2009-09-14,R Premadasa Stadium,1,12.6,India,Sri Lanka,R Dravid,SR Tendulkar,KMDN Kulasekara,0,0,,,,,,,,,
403383,2009,2009-09-14,R Premadasa Stadium,1,13.1,India,Sri Lanka,SR Tendulkar,R Dravid,SL Malinga,0,0,,,,,,,,,
403383,2009,2009-09-14,R Premadasa Stadium,1,13.2,India,Sri Lanka,SR Tendulkar,R Dravid,SL Malinga,4,0,,,,,,,,,
403383,2009,2009-09-14,R Premadasa Stadium,1,13.3,India,Sri Lanka,SR Tendulkar,R Dravid,SL Malinga,2,0,,,,,,,,,
403383,2009,2009-09-14,R Premadasa Stadium,1,13.4,India,Sri Lanka,SR Tendulkar,R Dravid,SL Malinga,2,0,,,,,,,,,
403383,2009,2009-09-14,R Premadasa Stadium,1,13.5,India,Sri Lanka,SR Tendulkar,R Dravid,SL Malinga,1,0,,,,,,,,,
403383,2009,2009-09-14,R Premadasa Stadium,1,13.6,India,Sri Lanka,R Dravid,SR Tendulkar,SL Malinga,0,0,,,,,,,,,
403383,2009,2009-09-14,R Premadasa Stadium,1,14.1,India,Sri Lanka,SR Tendulkar,R Dravid,BAW Mendis,1,0,,,,,,,,,
403383,2009,2009-09-14,R Premadasa Stadium,1,14.2,India,Sri Lanka,R Dravid,SR Tendulkar,BAW Mendis,0,0,,,,,,,,,
403383,2009,2009-09-14,R Premadasa Stadium,1,14.3,India,Sri Lanka,R Dravid,SR Tendulkar,BAW Mendis,0,0,,,,,,,,,
403383,2009,2009-09-14,R Premadasa Stadium,1,14.4,India,Sri Lanka,R Dravid,SR Tendulkar,BAW Mendis,0,0,,,,,,,,,
403383,2009,2009-09-14,R Premadasa Stadium,1,14.5,India,Sri Lanka,R Dravid,SR Tendulkar,BAW Mendis,1,0,,,,,,,,,
403383,2009,2009-09-14,R Premadasa Stadium,1,14.6,India,Sri Lanka,SR Tendulkar,R Dravid,BAW Mendis,0,0,,,,,,,,,
403383,2009,2009-09-14,R Premadasa Stadium,1,15.1,India,Sri Lanka,R Dravid,SR Tendulkar,SL Malinga,1,0,,,,,,,,,
403383,2009,2009-09-14,R Premadasa Stadium,1,15.2,India,Sri Lanka,SR Tendulkar,R Dravid,SL Malinga,0,0,,,,,,,,,
403383,2009,2009-09-14,R Premadasa Stadium,1,15.3,India,Sri Lanka,SR Tendulkar,R Dravid,SL Malinga,1,0,,,,,,,,,
403383,2009,2009-09-14,R Premadasa Stadium,1,15.4,India,Sri Lanka,R Dravid,SR Tendulkar,SL Malinga,1,0,,,,,,,,,
403383,2009,2009-09-14,R Premadasa Stadium,1,15.5,India,Sri Lanka,SR Tendulkar,R Dravid,SL Malinga,1,0,,,,,,,,,
403383,2009,2009-09-14,R Premadasa Stadium,1,15.6,India,Sri Lanka,R Dravid,SR Tendulkar,SL Malinga,1,1,,1,,,,,,,
403383,2009,2009-09-14,R Premadasa Stadium,1,15.7,India,Sri Lanka,SR Tendulkar,R Dravid,SL Malinga,2,0,,,,,,,,,
403383,2009,2009-09-14,R Premadasa Stadium,1,16.1,India,Sri Lanka,R Dravid,SR Tendulkar,BAW Mendis,0,0,,,,,,,,,
403383,2009,2009-09-14,R Premadasa Stadium,1,16.2,India,Sri Lanka,R Dravid,SR Tendulkar,BAW Mendis,6,0,,,,,,,,,
403383,2009,2009-09-14,R Premadasa Stadium,1,16.3,India,Sri Lanka,R Dravid,SR Tendulkar,BAW Mendis,0,0,,,,,,,,,
403383,2009,2009-09-14,R Premadasa Stadium,1,16.4,India,Sri Lanka,R Dravid,SR Tendulkar,BAW Mendis,1,0,,,,,,,,,
403383,2009,2009-09-14,R Premadasa Stadium,1,16.5,India,Sri Lanka,SR Tendulkar,R Dravid,BAW Mendis,2,0,,,,,,,,,
403383,2009,2009-09-14,R Premadasa Stadium,1,16.6,India,Sri Lanka,SR Tendulkar,R Dravid,BAW Mendis,2,0,,,,,,,,,
403383,2009,2009-09-14,R Premadasa Stadium,1,17.1,India,Sri Lanka,R Dravid,SR Tendulkar,ST Jayasuriya,0,0,,,,,,,,,
403383,2009,2009-09-14,R Premadasa Stadium,1,17.2,India,Sri Lanka,R Dravid,SR Tendulkar,ST Jayasuriya,0,0,,,,,,caught,R Dravid,,
403383,2009,2009-09-14,R Premadasa Stadium,1,17.3,India,Sri Lanka,MS Dhoni,SR Tendulkar,ST Jayasuriya,1,0,,,,,,,,,
403383,2009,2009-09-14,R Premadasa Stadium,1,17.4,India,Sri Lanka,SR Tendulkar,MS Dhoni,ST Jayasuriya,0,0,,,,,,,,,
403383,2009,2009-09-14,R Premadasa Stadium,1,17.5,India,Sri Lanka,SR Tendulkar,MS Dhoni,ST Jayasuriya,1,0,,,,,,,,,
403383,2009,2009-09-14,R Premadasa Stadium,1,17.6,India,Sri Lanka,MS Dhoni,SR Tendulkar,ST Jayasuriya,0,0,,,,,,,,,
403383,2009,2009-09-14,R Premadasa Stadium,1,18.1,India,Sri Lanka,SR Tendulkar,MS Dhoni,AD Mathews,1,0,,,,,,,,,
403383,2009,2009-09-14,R Premadasa Stadium,1,18.2,India,Sri Lanka,MS Dhoni,SR Tendulkar,AD Mathews,1,0,,,,,,,,,
403383,2009,2009-09-14,R Premadasa Stadium,1,18.3,India,Sri Lanka,SR Tendulkar,MS Dhoni,AD Mathews,2,0,,,,,,,,,
403383,2009,2009-09-14,R Premadasa Stadium,1,18.4,India,Sri Lanka,SR Tendulkar,MS Dhoni,AD Mathews,1,0,,,,,,,,,
403383,2009,2009-09-14,R Premadasa Stadium,1,18.5,India,Sri Lanka,MS Dhoni,SR Tendulkar,AD Mathews,0,0,,,,,,,,,
403383,2009,2009-09-14,R Premadasa Stadium,1,18.6,India,Sri Lanka,MS Dhoni,SR Tendulkar,AD Mathews,0,0,,,,,,,,,
403383,2009,2009-09-14,R Premadasa Stadium,1,19.1,India,Sri Lanka,SR Tendulkar,MS Dhoni,ST Jayasuriya,1,0,,,,,,,,,
403383,2009,2009-09-14,R Premadasa Stadium,1,19.2,India,Sri Lanka,MS Dhoni,SR Tendulkar,ST Jayasuriya,0,0,,,,,,,,,
403383,2009,2009-09-14,R Premadasa Stadium,1,19.3,India,Sri Lanka,MS Dhoni,SR Tendulkar,ST Jayasuriya,1,0,,,,,,,,,
403383,2009,2009-09-14,R Premadasa Stadium,1,19.4,India,Sri Lanka,SR Tendulkar,MS Dhoni,ST Jayasuriya,1,0,,,,,,,,,
403383,2009,2009-09-14,R Premadasa Stadium,1,19.5,India,Sri Lanka,MS Dhoni,SR Tendulkar,ST Jayasuriya,2,0,,,,,,,,,
403383,2009,2009-09-14,R Premadasa Stadium,1,19.6,India,Sri Lanka,MS Dhoni,SR Tendulkar,ST Jayasuriya,1,0,,,,,,,,,
403383,2009,2009-09-14,R Premadasa Stadium,1,20.1,India,Sri Lanka,MS Dhoni,SR Tendulkar,AD Mathews,1,0,,,,,,,,,
403383,2009,2009-09-14,R Premadasa Stadium,1,20.2,India,Sri Lanka,SR Tendulkar,MS Dhoni,AD Mathews,0,0,,,,,,,,,
403383,2009,2009-09-14,R Premadasa Stadium,1,20.3,India,Sri Lanka,SR Tendulkar,MS Dhoni,AD Mathews,0,0,,,,,,,,,
403383,2009,2009-09-14,R Premadasa Stadium,1,20.4,India,Sri Lanka,SR Tendulkar,MS Dhoni,AD Mathews,2,0,,,,,,,,,
403383,2009,2009-09-14,R Premadasa Stadium,1,20.5,India,Sri Lanka,SR Tendulkar,MS Dhoni,AD Mathews,1,0,,,,,,,,,
403383,2009,2009-09-14,R Premadasa Stadium,1,20.6,India,Sri Lanka,MS Dhoni,SR Tendulkar,AD Mathews,1,0,,,,,,,,,
403383,2009,2009-09-14,R Premadasa Stadium,1,21.1,India,Sri Lanka,MS Dhoni,SR Tendulkar,ST Jayasuriya,1,0,,,,,,,,,
403383,2009,2009-09-14,R Premadasa Stadium,1,21.2,India,Sri Lanka,SR Tendulkar,MS Dhoni,ST Jayasuriya,2,0,,,,,,,,,
403383,2009,2009-09-14,R Premadasa Stadium,1,21.3,India,Sri Lanka,SR Tendulkar,MS Dhoni,ST Jayasuriya,1,0,,,,,,,,,
403383,2009,2009-09-14,R Premadasa Stadium,1,21.4,India,Sri Lanka,MS Dhoni,SR Tendulkar,ST Jayasuriya,1,0,,,,,,,,,
403383,2009,2009-09-14,R Premadasa Stadium,1,21.5,India,Sri Lanka,SR Tendulkar,MS Dhoni,ST Jayasuriya,1,0,,,,,,,,,
403383,2009,2009-09-14,R Premadasa Stadium,1,21.6,India,Sri Lanka,MS Dhoni,SR Tendulkar,ST Jayasuriya,1,0,,,,,,,,,
403383,2009,2009-09-14,R Premadasa Stadium,1,22.1,India,Sri Lanka,MS Dhoni,SR Tendulkar,AD Mathews,1,0,,,,,,,,,
403383,2009,2009-09-14,R Premadasa Stadium,1,22.2,India,Sri Lanka,SR Tendulkar,MS Dhoni,AD Mathews,1,0,,,,,,,,,
403383,2009,2009-09-14,R Premadasa Stadium,1,22.3,India,Sri Lanka,MS Dhoni,SR Tendulkar,AD Mathews,1,0,,,,,,,,,
403383,2009,2009-09-14,R Premadasa Stadium,1,22.4,India,Sri Lanka,SR Tendulkar,MS Dhoni,AD Mathews,0,0,,,,,,,,,
403383,2009,2009-09-14,R Premadasa Stadium,1,22.5,India,Sri Lanka,SR Tendulkar,MS Dhoni,AD Mathews,1,0,,,,,,,,,
403383,2009,2009-09-14,R Premadasa Stadium,1,22.6,India,Sri Lanka,MS Dhoni,SR Tendulkar,AD Mathews,1,0,,,,,,,,,
403383,2009,2009-09-14,R Premadasa Stadium,1,23.1,India,Sri Lanka,MS Dhoni,SR Tendulkar,ST Jayasuriya,1,0,,,,,,,,,
403383,2009,2009-09-14,R Premadasa Stadium,1,23.2,India,Sri Lanka,SR Tendulkar,MS Dhoni,ST Jayasuriya,1,0,,,,,,,,,
403383,2009,2009-09-14,R Premadasa Stadium,1,23.3,India,Sri Lanka,MS Dhoni,SR Tendulkar,ST Jayasuriya,1,0,,,,,,,,,
403383,2009,2009-09-14,R Premadasa Stadium,1,23.4,India,Sri Lanka,SR Tendulkar,MS Dhoni,ST Jayasuriya,1,0,,,,,,,,,
403383,2009,2009-09-14,R Premadasa Stadium,1,23.5,India,Sri Lanka,MS Dhoni,SR Tendulkar,ST Jayasuriya,1,0,,,,,,,,,
403383,2009,2009-09-14,R Premadasa Stadium,1,23.6,India,Sri Lanka,SR Tendulkar,MS Dhoni,ST Jayasuriya,2,0,,,,,,,,,
403383,2009,2009-09-14,R Premadasa Stadium,1,24.1,India,Sri Lanka,MS Dhoni,SR Tendulkar,SL Malinga,4,0,,,,,,,,,
403383,2009,2009-09-14,R Premadasa Stadium,1,24.2,India,Sri Lanka,MS Dhoni,SR Tendulkar,SL Malinga,2,0,,,,,,,,,
403383,2009,2009-09-14,R Premadasa Stadium,1,24.3,India,Sri Lanka,MS Dhoni,SR Tendulkar,SL Malinga,1,0,,,,,,,,,
403383,2009,2009-09-14,R Premadasa Stadium,1,24.4,India,Sri Lanka,SR Tendulkar,MS Dhoni,SL Malinga,1,0,,,,,,,,,
403383,2009,2009-09-14,R Premadasa Stadium,1,24.5,India,Sri Lanka,MS Dhoni,SR Tendulkar,SL Malinga,0,0,,,,,,,,,
403383,2009,2009-09-14,R Premadasa Stadium,1,24.6,India,Sri Lanka,MS Dhoni,SR Tendulkar,SL Malinga,2,0,,,,,,,,,
403383,2009,2009-09-14,R Premadasa Stadium,1,25.1,India,Sri Lanka,SR Tendulkar,MS Dhoni,ST Jayasuriya,0,0,,,,,,,,,
403383,2009,2009-09-14,R Premadasa Stadium,1,25.2,India,Sri Lanka,SR Tendulkar,MS Dhoni,ST Jayasuriya,0,0,,,,,,,,,
403383,2009,2009-09-14,R Premadasa Stadium,1,25.3,India,Sri Lanka,SR Tendulkar,MS Dhoni,ST Jayasuriya,2,0,,,,,,,,,
403383,2009,2009-09-14,R Premadasa Stadium,1,25.4,India,Sri Lanka,SR Tendulkar,MS Dhoni,ST Jayasuriya,1,0,,,,,,,,,
403383,2009,2009-09-14,R Premadasa Stadium,1,25.5,India,Sri Lanka,MS Dhoni,SR Tendulkar,ST Jayasuriya,0,0,,,,,,,,,
403383,2009,2009-09-14,R Premadasa Stadium,1,25.6,India,Sri Lanka,MS Dhoni,SR Tendulkar,ST Jayasuriya,1,0,,,,,,,,,
403383,2009,2009-09-14,R Premadasa Stadium,1,26.1,India,Sri Lanka,MS Dhoni,SR Tendulkar,BAW Mendis,1,0,,,,,,,,,
403383,2009,2009-09-14,R Premadasa Stadium,1,26.2,India,Sri Lanka,SR Tendulkar,MS Dhoni,BAW Mendis,1,0,,,,,,,,,
403383,2009,2009-09-14,R Premadasa Stadium,1,26.3,India,Sri Lanka,MS Dhoni,SR Tendulkar,BAW Mendis,0,0,,,,,,,,,
403383,2009,2009-09-14,R Premadasa Stadium,1,26.4,India,Sri Lanka,MS Dhoni,SR Tendulkar,BAW Mendis,1,0,,,,,,,,,
403383,2009,2009-09-14,R Premadasa Stadium,1,26.5,India,Sri Lanka,SR Tendulkar,MS Dhoni,BAW Mendis,4,0,,,,,,,,,
403383,2009,2009-09-14,R Premadasa Stadium,1,26.6,India,Sri Lanka,SR Tendulkar,MS Dhoni,BAW Mendis,2,0,,,,,,,,,
403383,2009,2009-09-14,R Premadasa Stadium,1,27.1,India,Sri Lanka,MS Dhoni,SR Tendulkar,ST Jayasuriya,1,0,,,,,,,,,
403383,2009,2009-09-14,R Premadasa Stadium,1,27.2,India,Sri Lanka,SR Tendulkar,MS Dhoni,ST Jayasuriya,1,0,,,,,,,,,
403383,2009,2009-09-14,R Premadasa Stadium,1,27.3,India,Sri Lanka,MS Dhoni,SR Tendulkar,ST Jayasuriya,1,0,,,,,,,,,
403383,2009,2009-09-14,R Premadasa Stadium,1,27.4,India,Sri Lanka,SR Tendulkar,MS Dhoni,ST Jayasuriya,1,0,,,,,,,,,
403383,2009,2009-09-14,R Premadasa Stadium,1,27.5,India,Sri Lanka,MS Dhoni,SR Tendulkar,ST Jayasuriya,0,0,,,,,,,,,
403383,2009,2009-09-14,R Premadasa Stadium,1,27.6,India,Sri Lanka,MS Dhoni,SR Tendulkar,ST Jayasuriya,1,0,,,,,,,,,
403383,2009,2009-09-14,R Premadasa Stadium,1,28.1,India,Sri Lanka,MS Dhoni,SR Tendulkar,BAW Mendis,0,0,,,,,,,,,
403383,2009,2009-09-14,R Premadasa Stadium,1,28.2,India,Sri Lanka,MS Dhoni,SR Tendulkar,BAW Mendis,0,0,,,,,,,,,
403383,2009,2009-09-14,R Premadasa Stadium,1,28.3,India,Sri Lanka,MS Dhoni,SR Tendulkar,BAW Mendis,1,0,,,,,,,,,
403383,2009,2009-09-14,R Premadasa Stadium,1,28.4,India,Sri Lanka,SR Tendulkar,MS Dhoni,BAW Mendis,0,1,1,,,,,,,,
403383,2009,2009-09-14,R Premadasa Stadium,1,28.5,India,Sri Lanka,SR Tendulkar,MS Dhoni,BAW Mendis,4,0,,,,,,,,,
403383,2009,2009-09-14,R Premadasa Stadium,1,28.6,India,Sri Lanka,SR Tendulkar,MS Dhoni,BAW Mendis,1,0,,,,,,,,,
403383,2009,2009-09-14,R Premadasa Stadium,1,28.7,India,Sri Lanka,MS Dhoni,SR Tendulkar,BAW Mendis,1,0,,,,,,,,,
403383,2009,2009-09-14,R Premadasa Stadium,1,29.1,India,Sri Lanka,MS Dhoni,SR Tendulkar,ST Jayasuriya,1,0,,,,,,,,,
403383,2009,2009-09-14,R Premadasa Stadium,1,29.2,India,Sri Lanka,SR Tendulkar,MS Dhoni,ST Jayasuriya,1,0,,,,,,,,,
403383,2009,2009-09-14,R Premadasa Stadium,1,29.3,India,Sri Lanka,MS Dhoni,SR Tendulkar,ST Jayasuriya,2,0,,,,,,,,,
403383,2009,2009-09-14,R Premadasa Stadium,1,29.4,India,Sri Lanka,MS Dhoni,SR Tendulkar,ST Jayasuriya,0,0,,,,,,,,,
403383,2009,2009-09-14,R Premadasa Stadium,1,29.5,India,Sri Lanka,MS Dhoni,SR Tendulkar,ST Jayasuriya,1,0,,,,,,,,,
403383,2009,2009-09-14,R Premadasa Stadium,1,29.6,India,Sri Lanka,SR Tendulkar,MS Dhoni,ST Jayasuriya,0,0,,,,,,,,,
403383,2009,2009-09-14,R Premadasa Stadium,1,30.1,India,Sri Lanka,MS Dhoni,SR Tendulkar,BAW Mendis,1,0,,,,,,,,,
403383,2009,2009-09-14,R Premadasa Stadium,1,30.2,India,Sri Lanka,SR Tendulkar,MS Dhoni,BAW Mendis,1,0,,,,,,,,,
403383,2009,2009-09-14,R Premadasa Stadium,1,30.3,India,Sri Lanka,MS Dhoni,SR Tendulkar,BAW Mendis,0,0,,,,,,,,,
403383,2009,2009-09-14,R Premadasa Stadium,1,30.4,India,Sri Lanka,MS Dhoni,SR Tendulkar,BAW Mendis,0,0,,,,,,,,,
403383,2009,2009-09-14,R Premadasa Stadium,1,30.5,India,Sri Lanka,MS Dhoni,SR Tendulkar,BAW Mendis,0,0,,,,,,,,,
403383,2009,2009-09-14,R Premadasa Stadium,1,30.6,India,Sri Lanka,MS Dhoni,SR Tendulkar,BAW Mendis,0,0,,,,,,,,,
403383,2009,2009-09-14,R Premadasa Stadium,1,31.1,India,Sri Lanka,SR Tendulkar,MS Dhoni,ST Jayasuriya,2,0,,,,,,,,,
403383,2009,2009-09-14,R Premadasa Stadium,1,31.2,India,Sri Lanka,SR Tendulkar,MS Dhoni,ST Jayasuriya,0,0,,,,,,,,,
403383,2009,2009-09-14,R Premadasa Stadium,1,31.3,India,Sri Lanka,SR Tendulkar,MS Dhoni,ST Jayasuriya,1,0,,,,,,,,,
403383,2009,2009-09-14,R Premadasa Stadium,1,31.4,India,Sri Lanka,MS Dhoni,SR Tendulkar,ST Jayasuriya,0,0,,,,,,,,,
403383,2009,2009-09-14,R Premadasa Stadium,1,31.5,India,Sri Lanka,MS Dhoni,SR Tendulkar,ST Jayasuriya,1,0,,,,,,,,,
403383,2009,2009-09-14,R Premadasa Stadium,1,31.6,India,Sri Lanka,SR Tendulkar,MS Dhoni,ST Jayasuriya,1,0,,,,,,,,,
403383,2009,2009-09-14,R Premadasa Stadium,1,32.1,India,Sri Lanka,SR Tendulkar,MS Dhoni,BAW Mendis,0,0,,,,,,,,,
403383,2009,2009-09-14,R Premadasa Stadium,1,32.2,India,Sri Lanka,SR Tendulkar,MS Dhoni,BAW Mendis,1,0,,,,,,,,,
403383,2009,2009-09-14,R Premadasa Stadium,1,32.3,India,Sri Lanka,MS Dhoni,SR Tendulkar,BAW Mendis,1,0,,,,,,,,,
403383,2009,2009-09-14,R Premadasa Stadium,1,32.4,India,Sri Lanka,SR Tendulkar,MS Dhoni,BAW Mendis,0,0,,,,,,,,,
403383,2009,2009-09-14,R Premadasa Stadium,1,32.5,India,Sri Lanka,SR Tendulkar,MS Dhoni,BAW Mendis,1,0,,,,,,,,,
403383,2009,2009-09-14,R Premadasa Stadium,1,32.6,India,Sri Lanka,MS Dhoni,SR Tendulkar,BAW Mendis,0,0,,,,,,,,,
403383,2009,2009-09-14,R Premadasa Stadium,1,33.1,India,Sri Lanka,SR Tendulkar,MS Dhoni,ST Jayasuriya,0,0,,,,,,,,,
403383,2009,2009-09-14,R Premadasa Stadium,1,33.2,India,Sri Lanka,SR Tendulkar,MS Dhoni,ST Jayasuriya,1,0,,,,,,,,,
403383,2009,2009-09-14,R Premadasa Stadium,1,33.3,India,Sri Lanka,MS Dhoni,SR Tendulkar,ST Jayasuriya,1,0,,,,,,,,,
403383,2009,2009-09-14,R Premadasa Stadium,1,33.4,India,Sri Lanka,SR Tendulkar,MS Dhoni,ST Jayasuriya,0,0,,,,,,,,,
403383,2009,2009-09-14,R Premadasa Stadium,1,33.5,India,Sri Lanka,SR Tendulkar,MS Dhoni,ST Jayasuriya,0,0,,,,,,,,,
403383,2009,2009-09-14,R Premadasa Stadium,1,33.6,India,Sri Lanka,SR Tendulkar,MS Dhoni,ST Jayasuriya,0,0,,,,,,,,,
403383,2009,2009-09-14,R Premadasa Stadium,1,34.1,India,Sri Lanka,MS Dhoni,SR Tendulkar,SL Malinga,4,0,,,,,,,,,
403383,2009,2009-09-14,R Premadasa Stadium,1,34.2,India,Sri Lanka,MS Dhoni,SR Tendulkar,SL Malinga,1,0,,,,,,,,,
403383,2009,2009-09-14,R Premadasa Stadium,1,34.3,India,Sri Lanka,SR Tendulkar,MS Dhoni,SL Malinga,0,1,,,1,,,,,,
403383,2009,2009-09-14,R Premadasa Stadium,1,34.4,India,Sri Lanka,MS Dhoni,SR Tendulkar,SL Malinga,4,0,,,,,,,,,
403383,2009,2009-09-14,R Premadasa Stadium,1,34.5,India,Sri Lanka,MS Dhoni,SR Tendulkar,SL Malinga,2,0,,,,,,,,,
403383,2009,2009-09-14,R Premadasa Stadium,1,34.6,India,Sri Lanka,MS Dhoni,SR Tendulkar,SL Malinga,0,0,,,,,,,,,
403383,2009,2009-09-14,R Premadasa Stadium,1,35.1,India,Sri Lanka,SR Tendulkar,MS Dhoni,BAW Mendis,1,0,,,,,,,,,
403383,2009,2009-09-14,R Premadasa Stadium,1,35.2,India,Sri Lanka,MS Dhoni,SR Tendulkar,BAW Mendis,1,0,,,,,,,,,
403383,2009,2009-09-14,R Premadasa Stadium,1,35.3,India,Sri Lanka,SR Tendulkar,MS Dhoni,BAW Mendis,0,0,,,,,,,,,
403383,2009,2009-09-14,R Premadasa Stadium,1,35.4,India,Sri Lanka,SR Tendulkar,MS Dhoni,BAW Mendis,1,0,,,,,,,,,
403383,2009,2009-09-14,R Premadasa Stadium,1,35.5,India,Sri Lanka,MS Dhoni,SR Tendulkar,BAW Mendis,0,1,1,,,,,,,,
403383,2009,2009-09-14,R Premadasa Stadium,1,35.6,India,Sri Lanka,MS Dhoni,SR Tendulkar,BAW Mendis,0,0,,,,,,,,,
403383,2009,2009-09-14,R Premadasa Stadium,1,35.7,India,Sri Lanka,MS Dhoni,SR Tendulkar,BAW Mendis,1,0,,,,,,,,,
403383,2009,2009-09-14,R Premadasa Stadium,1,36.1,India,Sri Lanka,MS Dhoni,SR Tendulkar,SL Malinga,1,0,,,,,,,,,
403383,2009,2009-09-14,R Premadasa Stadium,1,36.2,India,Sri Lanka,SR Tendulkar,MS Dhoni,SL Malinga,0,1,1,,,,,,,,
403383,2009,2009-09-14,R Premadasa Stadium,1,36.3,India,Sri Lanka,SR Tendulkar,MS Dhoni,SL Malinga,1,0,,,,,,,,,
403383,2009,2009-09-14,R Premadasa Stadium,1,36.4,India,Sri Lanka,MS Dhoni,SR Tendulkar,SL Malinga,0,0,,,,,,caught,MS Dhoni,,
403383,2009,2009-09-14,R Premadasa Stadium,1,36.5,India,Sri Lanka,SR Tendulkar,Yuvraj Singh,SL Malinga,0,0,,,,,,,,,
403383,2009,2009-09-14,R Premadasa Stadium,1,36.6,India,Sri Lanka,SR Tendulkar,Yuvraj Singh,SL Malinga,0,1,1,,,,,,,,
403383,2009,2009-09-14,R Premadasa Stadium,1,36.7,India,Sri Lanka,SR Tendulkar,Yuvraj Singh,SL Malinga,0,0,,,,,,,,,
403383,2009,2009-09-14,R Premadasa Stadium,1,36.8,India,Sri Lanka,SR Tendulkar,Yuvraj Singh,SL Malinga,1,0,,,,,,,,,
403383,2009,2009-09-14,R Premadasa Stadium,1,37.1,India,Sri Lanka,SR Tendulkar,Yuvraj Singh,BAW Mendis,0,0,,,,,,,,,
403383,2009,2009-09-14,R Premadasa Stadium,1,37.2,India,Sri Lanka,SR Tendulkar,Yuvraj Singh,BAW Mendis,1,0,,,,,,,,,
403383,2009,2009-09-14,R Premadasa Stadium,1,37.3,India,Sri Lanka,Yuvraj Singh,SR Tendulkar,BAW Mendis,1,0,,,,,,,,,
403383,2009,2009-09-14,R Premadasa Stadium,1,37.4,India,Sri Lanka,SR Tendulkar,Yuvraj Singh,BAW Mendis,2,0,,,,,,,,,
403383,2009,2009-09-14,R Premadasa Stadium,1,37.5,India,Sri Lanka,SR Tendulkar,Yuvraj Singh,BAW Mendis,1,0,,,,,,,,,
403383,2009,2009-09-14,R Premadasa Stadium,1,37.6,India,Sri Lanka,Yuvraj Singh,SR Tendulkar,BAW Mendis,1,0,,,,,,,,,
403383,2009,2009-09-14,R Premadasa Stadium,1,38.1,India,Sri Lanka,Yuvraj Singh,SR Tendulkar,SL Malinga,0,0,,,,,,,,,
403383,2009,2009-09-14,R Premadasa Stadium,1,38.2,India,Sri Lanka,Yuvraj Singh,SR Tendulkar,SL Malinga,1,0,,,,,,,,,
403383,2009,2009-09-14,R Premadasa Stadium,1,38.3,India,Sri Lanka,SR Tendulkar,Yuvraj Singh,SL Malinga,1,0,,,,,,,,,
403383,2009,2009-09-14,R Premadasa Stadium,1,38.4,India,Sri Lanka,Yuvraj Singh,SR Tendulkar,SL Malinga,1,0,,,,,,,,,
403383,2009,2009-09-14,R Premadasa Stadium,1,38.5,India,Sri Lanka,SR Tendulkar,Yuvraj Singh,SL Malinga,2,0,,,,,,,,,
403383,2009,2009-09-14,R Premadasa Stadium,1,38.6,India,Sri Lanka,SR Tendulkar,Yuvraj Singh,SL Malinga,0,0,,,,,,,,,
403383,2009,2009-09-14,R Premadasa Stadium,1,39.1,India,Sri Lanka,Yuvraj Singh,SR Tendulkar,T Thushara,0,0,,,,,,,,,
403383,2009,2009-09-14,R Premadasa Stadium,1,39.2,India,Sri Lanka,Yuvraj Singh,SR Tendulkar,T Thushara,1,0,,,,,,,,,
403383,2009,2009-09-14,R Premadasa Stadium,1,39.3,India,Sri Lanka,SR Tendulkar,Yuvraj Singh,T Thushara,0,0,,,,,,,,,
403383,2009,2009-09-14,R Premadasa Stadium,1,39.4,India,Sri Lanka,SR Tendulkar,Yuvraj Singh,T Thushara,1,0,,,,,,,,,
403383,2009,2009-09-14,R Premadasa Stadium,1,39.5,India,Sri Lanka,Yuvraj Singh,SR Tendulkar,T Thushara,0,2,2,,,,,,,,
403383,2009,2009-09-14,R Premadasa Stadium,1,39.6,India,Sri Lanka,SR Tendulkar,Yuvraj Singh,T Thushara,0,1,1,,,,,,,,
403383,2009,2009-09-14,R Premadasa Stadium,1,39.7,India,Sri Lanka,SR Tendulkar,Yuvraj Singh,T Thushara,0,0,,,,,,,,,
403383,2009,2009-09-14,R Premadasa Stadium,1,39.8,India,Sri Lanka,SR Tendulkar,Yuvraj Singh,T Thushara,1,0,,,,,,,,,
403383,2009,2009-09-14,R Premadasa Stadium,1,40.1,India,Sri Lanka,SR Tendulkar,Yuvraj Singh,SL Malinga,1,0,,,,,,,,,
403383,2009,2009-09-14,R Premadasa Stadium,1,40.2,India,Sri Lanka,Yuvraj Singh,SR Tendulkar,SL Malinga,0,0,,,,,,,,,
403383,2009,2009-09-14,R Premadasa Stadium,1,40.3,India,Sri Lanka,Yuvraj Singh,SR Tendulkar,SL Malinga,0,0,,,,,,,,,
403383,2009,2009-09-14,R Premadasa Stadium,1,40.4,India,Sri Lanka,Yuvraj Singh,SR Tendulkar,SL Malinga,0,0,,,,,,,,,
403383,2009,2009-09-14,R Premadasa Stadium,1,40.5,India,Sri Lanka,Yuvraj Singh,SR Tendulkar,SL Malinga,0,0,,,,,,,,,
403383,2009,2009-09-14,R Premadasa Stadium,1,40.6,India,Sri Lanka,Yuvraj Singh,SR Tendulkar,SL Malinga,2,0,,,,,,,,,
403383,2009,2009-09-14,R Premadasa Stadium,1,41.1,India,Sri Lanka,SR Tendulkar,Yuvraj Singh,T Thushara,2,0,,,,,,,,,
403383,2009,2009-09-14,R Premadasa Stadium,1,41.2,India,Sri Lanka,SR Tendulkar,Yuvraj Singh,T Thushara,0,1,1,,,,,,,,
403383,2009,2009-09-14,R Premadasa Stadium,1,41.3,India,Sri Lanka,SR Tendulkar,Yuvraj Singh,T Thushara,0,0,,,,,,,,,
403383,2009,2009-09-14,R Premadasa Stadium,1,41.4,India,Sri Lanka,SR Tendulkar,Yuvraj Singh,T Thushara,1,0,,,,,,,,,
403383,2009,2009-09-14,R Premadasa Stadium,1,41.5,India,Sri Lanka,Yuvraj Singh,SR Tendulkar,T Thushara,0,0,,,,,,,,,
403383,2009,2009-09-14,R Premadasa Stadium,1,41.6,India,Sri Lanka,Yuvraj Singh,SR Tendulkar,T Thushara,6,0,,,,,,,,,
403383,2009,2009-09-14,R Premadasa Stadium,1,41.7,India,Sri Lanka,Yuvraj Singh,SR Tendulkar,T Thushara,1,0,,,,,,,,,
403383,2009,2009-09-14,R Premadasa Stadium,1,42.1,India,Sri Lanka,Yuvraj Singh,SR Tendulkar,SL Malinga,1,0,,,,,,,,,
403383,2009,2009-09-14,R Premadasa Stadium,1,42.2,India,Sri Lanka,SR Tendulkar,Yuvraj Singh,SL Malinga,1,0,,,,,,,,,
403383,2009,2009-09-14,R Premadasa Stadium,1,42.3,India,Sri Lanka,Yuvraj Singh,SR Tendulkar,SL Malinga,0,1,1,,,,,,,,
403383,2009,2009-09-14,R Premadasa Stadium,1,42.4,India,Sri Lanka,Yuvraj Singh,SR Tendulkar,SL Malinga,4,0,,,,,,,,,
403383,2009,2009-09-14,R Premadasa Stadium,1,42.5,India,Sri Lanka,Yuvraj Singh,SR Tendulkar,SL Malinga,2,0,,,,,,,,,
403383,2009,2009-09-14,R Premadasa Stadium,1,42.6,India,Sri Lanka,Yuvraj Singh,SR Tendulkar,SL Malinga,1,0,,,,,,,,,
403383,2009,2009-09-14,R Premadasa Stadium,1,42.7,India,Sri Lanka,SR Tendulkar,Yuvraj Singh,SL Malinga,1,0,,,,,,,,,
403383,2009,2009-09-14,R Premadasa Stadium,1,43.1,India,Sri Lanka,SR Tendulkar,Yuvraj Singh,BAW Mendis,0,4,4,,,,,,,,
403383,2009,2009-09-14,R Premadasa Stadium,1,43.2,India,Sri Lanka,Yuvraj Singh,SR Tendulkar,BAW Mendis,1,0,,,,,,,,,
403383,2009,2009-09-14,R Premadasa Stadium,1,43.3,India,Sri Lanka,SR Tendulkar,Yuvraj Singh,BAW Mendis,1,0,,,,,,,,,
403383,2009,2009-09-14,R Premadasa Stadium,1,43.4,India,Sri Lanka,Yuvraj Singh,SR Tendulkar,BAW Mendis,0,0,,,,,,,,,
403383,2009,2009-09-14,R Premadasa Stadium,1,43.5,India,Sri Lanka,Yuvraj Singh,SR Tendulkar,BAW Mendis,1,0,,,,,,,,,
403383,2009,2009-09-14,R Premadasa Stadium,1,43.6,India,Sri Lanka,SR Tendulkar,Yuvraj Singh,BAW Mendis,1,0,,,,,,,,,
403383,2009,2009-09-14,R Premadasa Stadium,1,43.7,India,Sri Lanka,Yuvraj Singh,SR Tendulkar,BAW Mendis,1,0,,,,,,,,,
403383,2009,2009-09-14,R Premadasa Stadium,1,44.1,India,Sri Lanka,Yuvraj Singh,SR Tendulkar,SL Malinga,1,0,,,,,,,,,
403383,2009,2009-09-14,R Premadasa Stadium,1,44.2,India,Sri Lanka,SR Tendulkar,Yuvraj Singh,SL Malinga,2,0,,,,,,,,,
403383,2009,2009-09-14,R Premadasa Stadium,1,44.3,India,Sri Lanka,SR Tendulkar,Yuvraj Singh,SL Malinga,0,0,,,,,,,,,
403383,2009,2009-09-14,R Premadasa Stadium,1,44.4,India,Sri Lanka,SR Tendulkar,Yuvraj Singh,SL Malinga,0,0,,,,,,,,,
403383,2009,2009-09-14,R Premadasa Stadium,1,44.5,India,Sri Lanka,SR Tendulkar,Yuvraj Singh,SL Malinga,0,0,,,,,,,,,
403383,2009,2009-09-14,R Premadasa Stadium,1,44.6,India,Sri Lanka,SR Tendulkar,Yuvraj Singh,SL Malinga,0,0,,,,,,,,,
403383,2009,2009-09-14,R Premadasa Stadium,1,45.1,India,Sri Lanka,Yuvraj Singh,SR Tendulkar,BAW Mendis,0,0,,,,,,,,,
403383,2009,2009-09-14,R Premadasa Stadium,1,45.2,India,Sri Lanka,Yuvraj Singh,SR Tendulkar,BAW Mendis,1,0,,,,,,,,,
403383,2009,2009-09-14,R Premadasa Stadium,1,45.3,India,Sri Lanka,SR Tendulkar,Yuvraj Singh,BAW Mendis,6,0,,,,,,,,,
403383,2009,2009-09-14,R Premadasa Stadium,1,45.4,India,Sri Lanka,SR Tendulkar,Yuvraj Singh,BAW Mendis,4,0,,,,,,,,,
403383,2009,2009-09-14,R Premadasa Stadium,1,45.5,India,Sri Lanka,SR Tendulkar,Yuvraj Singh,BAW Mendis,4,0,,,,,,,,,
403383,2009,2009-09-14,R Premadasa Stadium,1,45.6,India,Sri Lanka,SR Tendulkar,Yuvraj Singh,BAW Mendis,0,0,,,,,,lbw,SR Tendulkar,,
403383,2009,2009-09-14,R Premadasa Stadium,1,46.1,India,Sri Lanka,Yuvraj Singh,YK Pathan,T Thushara,0,0,,,,,,,,,
403383,2009,2009-09-14,R Premadasa Stadium,1,46.2,India,Sri Lanka,Yuvraj Singh,YK Pathan,T Thushara,0,0,,,,,,,,,
403383,2009,2009-09-14,R Premadasa Stadium,1,46.3,India,Sri Lanka,Yuvraj Singh,YK Pathan,T Thushara,1,0,,,,,,,,,
403383,2009,2009-09-14,R Premadasa Stadium,1,46.4,India,Sri Lanka,YK Pathan,Yuvraj Singh,T Thushara,0,0,,,,,,caught,YK Pathan,,
403383,2009,2009-09-14,R Premadasa Stadium,1,46.5,India,Sri Lanka,SK Raina,Yuvraj Singh,T Thushara,0,0,,,,,,,,,
403383,2009,2009-09-14,R Premadasa Stadium,1,46.6,India,Sri Lanka,SK Raina,Yuvraj Singh,T Thushara,4,0,,,,,,,,,
403383,2009,2009-09-14,R Premadasa Stadium,1,47.1,India,Sri Lanka,Yuvraj Singh,SK Raina,SL Malinga,4,0,,,,,,,,,
403383,2009,2009-09-14,R Premadasa Stadium,1,47.2,India,Sri Lanka,Yuvraj Singh,SK Raina,SL Malinga,2,0,,,,,,,,,
403383,2009,2009-09-14,R Premadasa Stadium,1,47.3,India,Sri Lanka,Yuvraj Singh,SK Raina,SL Malinga,0,0,,,,,,,,,
403383,2009,2009-09-14,R Premadasa Stadium,1,47.4,India,Sri Lanka,Yuvraj Singh,SK Raina,SL Malinga,4,0,,,,,,,,,
403383,2009,2009-09-14,R Premadasa Stadium,1,47.5,India,Sri Lanka,Yuvraj Singh,SK Raina,SL Malinga,0,1,1,,,,,,,,
403383,2009,2009-09-14,R Premadasa Stadium,1,47.6,India,Sri Lanka,Yuvraj Singh,SK Raina,SL Malinga,3,0,,,,,,,,,
403383,2009,2009-09-14,R Premadasa Stadium,1,47.7,India,Sri Lanka,SK Raina,Yuvraj Singh,SL Malinga,0,1,1,,,,,,,,
403383,2009,2009-09-14,R Premadasa Stadium,1,47.8,India,Sri Lanka,SK Raina,Yuvraj Singh,SL Malinga,1,0,,,,,,,,,
403383,2009,2009-09-14,R Premadasa Stadium,1,48.1,India,Sri Lanka,SK Raina,Yuvraj Singh,T Thushara,2,0,,,,,,,,,
403383,2009,2009-09-14,R Premadasa Stadium,1,48.2,India,Sri Lanka,SK Raina,Yuvraj Singh,T Thushara,1,0,,,,,,,,,
403383,2009,2009-09-14,R Premadasa Stadium,1,48.3,India,Sri Lanka,Yuvraj Singh,SK Raina,T Thushara,0,2,2,,,,,,,,
403383,2009,2009-09-14,R Premadasa Stadium,1,48.4,India,Sri Lanka,SK Raina,Yuvraj Singh,T Thushara,0,0,,,,,,caught,SK Raina,,
403383,2009,2009-09-14,R Premadasa Stadium,1,48.5,India,Sri Lanka,Yuvraj Singh,V Kohli,T Thushara,4,0,,,,,,,,,
403383,2009,2009-09-14,R Premadasa Stadium,1,48.6,India,Sri Lanka,Yuvraj Singh,V Kohli,T Thushara,1,0,,,,,,,,,
403383,2009,2009-09-14,R Premadasa Stadium,1,48.7,India,Sri Lanka,V Kohli,Yuvraj Singh,T Thushara,1,0,,,,,,,,,
403383,2009,2009-09-14,R Premadasa Stadium,1,49.1,India,Sri Lanka,V Kohli,Yuvraj Singh,KMDN Kulasekara,1,0,,,,,,,,,
403383,2009,2009-09-14,R Premadasa Stadium,1,49.2,India,Sri Lanka,Yuvraj Singh,V Kohli,KMDN Kulasekara,0,0,,,,,,,,,
403383,2009,2009-09-14,R Premadasa Stadium,1,49.3,India,Sri Lanka,Yuvraj Singh,V Kohli,KMDN Kulasekara,0,0,,,,,,,,,
403383,2009,2009-09-14,R Premadasa Stadium,1,49.4,India,Sri Lanka,Yuvraj Singh,V Kohli,KMDN Kulasekara,4,0,,,,,,,,,
403383,2009,2009-09-14,R Premadasa Stadium,1,49.5,India,Sri Lanka,Yuvraj Singh,V Kohli,KMDN Kulasekara,2,0,,,,,,,,,
403383,2009,2009-09-14,R Premadasa Stadium,1,49.6,India,Sri Lanka,Yuvraj Singh,V Kohli,KMDN Kulasekara,4,0,,,,,,,,,
403383,2009,2009-09-14,R Premadasa Stadium,2,0.1,Sri Lanka,India,TM Dilshan,ST Jayasuriya,A Nehra,0,0,,,,,,,,,
403383,2009,2009-09-14,R Premadasa Stadium,2,0.2,Sri Lanka,India,TM Dilshan,ST Jayasuriya,A Nehra,0,0,,,,,,,,,
403383,2009,2009-09-14,R Premadasa Stadium,2,0.3,Sri Lanka,India,TM Dilshan,ST Jayasuriya,A Nehra,1,0,,,,,,,,,
403383,2009,2009-09-14,R Premadasa Stadium,2,0.4,Sri Lanka,India,ST Jayasuriya,TM Dilshan,A Nehra,0,0,,,,,,,,,
403383,2009,2009-09-14,R Premadasa Stadium,2,0.5,Sri Lanka,India,ST Jayasuriya,TM Dilshan,A Nehra,0,0,,,,,,,,,
403383,2009,2009-09-14,R Premadasa Stadium,2,0.6,Sri Lanka,India,ST Jayasuriya,TM Dilshan,A Nehra,0,0,,,,,,,,,
403383,2009,2009-09-14,R Premadasa Stadium,2,1.1,Sri Lanka,India,TM Dilshan,ST Jayasuriya,I Sharma,0,0,,,,,,,,,
403383,2009,2009-09-14,R Premadasa Stadium,2,1.2,Sri Lanka,India,TM Dilshan,ST Jayasuriya,I Sharma,0,0,,,,,,,,,
403383,2009,2009-09-14,R Premadasa Stadium,2,1.3,Sri Lanka,India,TM Dilshan,ST Jayasuriya,I Sharma,0,0,,,,,,,,,
403383,2009,2009-09-14,R Premadasa Stadium,2,1.4,Sri Lanka,India,TM Dilshan,ST Jayasuriya,I Sharma,4,0,,,,,,,,,
403383,2009,2009-09-14,R Premadasa Stadium,2,1.5,Sri Lanka,India,TM Dilshan,ST Jayasuriya,I Sharma,4,0,,,,,,,,,
403383,2009,2009-09-14,R Premadasa Stadium,2,1.6,Sri Lanka,India,TM Dilshan,ST Jayasuriya,I Sharma,1,0,,,,,,,,,
403383,2009,2009-09-14,R Premadasa Stadium,2,2.1,Sri Lanka,India,TM Dilshan,ST Jayasuriya,A Nehra,0,0,,,,,,,,,
403383,2009,2009-09-14,R Premadasa Stadium,2,2.2,Sri Lanka,India,TM Dilshan,ST Jayasuriya,A Nehra,0,0,,,,,,,,,
403383,2009,2009-09-14,R Premadasa Stadium,2,2.3,Sri Lanka,India,TM Dilshan,ST Jayasuriya,A Nehra,4,0,,,,,,,,,
403383,2009,2009-09-14,R Premadasa Stadium,2,2.4,Sri Lanka,India,TM Dilshan,ST Jayasuriya,A Nehra,0,0,,,,,,,,,
403383,2009,2009-09-14,R Premadasa Stadium,2,2.5,Sri Lanka,India,TM Dilshan,ST Jayasuriya,A Nehra,1,0,,,,,,,,,
403383,2009,2009-09-14,R Premadasa Stadium,2,2.6,Sri Lanka,India,ST Jayasuriya,TM Dilshan,A Nehra,1,0,,,,,,,,,
403383,2009,2009-09-14,R Premadasa Stadium,2,3.1,Sri Lanka,India,ST Jayasuriya,TM Dilshan,I Sharma,0,0,,,,,,,,,
403383,2009,2009-09-14,R Premadasa Stadium,2,3.2,Sri Lanka,India,ST Jayasuriya,TM Dilshan,I Sharma,1,0,,,,,,,,,
403383,2009,2009-09-14,R Premadasa Stadium,2,3.3,Sri Lanka,India,TM Dilshan,ST Jayasuriya,I Sharma,0,0,,,,,,,,,
403383,2009,2009-09-14,R Premadasa Stadium,2,3.4,Sri Lanka,India,TM Dilshan,ST Jayasuriya,I Sharma,4,0,,,,,,,,,
403383,2009,2009-09-14,R Premadasa Stadium,2,3.5,Sri Lanka,India,TM Dilshan,ST Jayasuriya,I Sharma,4,0,,,,,,,,,
403383,2009,2009-09-14,R Premadasa Stadium,2,3.6,Sri Lanka,India,TM Dilshan,ST Jayasuriya,I Sharma,0,1,1,,,,,,,,
403383,2009,2009-09-14,R Premadasa Stadium,2,3.7,Sri Lanka,India,TM Dilshan,ST Jayasuriya,I Sharma,2,0,,,,,,,,,
403383,2009,2009-09-14,R Premadasa Stadium,2,4.1,Sri Lanka,India,ST Jayasuriya,TM Dilshan,A Nehra,0,0,,,,,,,,,
403383,2009,2009-09-14,R Premadasa Stadium,2,4.2,Sri Lanka,India,ST Jayasuriya,TM Dilshan,A Nehra,4,0,,,,,,,,,
403383,2009,2009-09-14,R Premadasa Stadium,2,4.3,Sri Lanka,India,ST Jayasuriya,TM Dilshan,A Nehra,0,0,,,,,,,,,
403383,2009,2009-09-14,R Premadasa Stadium,2,4.4,Sri Lanka,India,ST Jayasuriya,TM Dilshan,A Nehra,2,0,,,,,,,,,
403383,2009,2009-09-14,R Premadasa Stadium,2,4.5,Sri Lanka,India,ST Jayasuriya,TM Dilshan,A Nehra,0,0,,,,,,,,,
403383,2009,2009-09-14,R Premadasa Stadium,2,4.6,Sri Lanka,India,ST Jayasuriya,TM Dilshan,A Nehra,1,0,,,,,,,,,
403383,2009,2009-09-14,R Premadasa Stadium,2,5.1,Sri Lanka,India,ST Jayasuriya,TM Dilshan,RP Singh,4,0,,,,,,,,,
403383,2009,2009-09-14,R Premadasa Stadium,2,5.2,Sri Lanka,India,ST Jayasuriya,TM Dilshan,RP Singh,0,0,,,,,,,,,
403383,2009,2009-09-14,R Premadasa Stadium,2,5.3,Sri Lanka,India,ST Jayasuriya,TM Dilshan,RP Singh,0,0,,,,,,,,,
403383,2009,2009-09-14,R Premadasa Stadium,2,5.4,Sri Lanka,India,ST Jayasuriya,TM Dilshan,RP Singh,0,0,,,,,,,,,
403383,2009,2009-09-14,R Premadasa Stadium,2,5.5,Sri Lanka,India,ST Jayasuriya,TM Dilshan,RP Singh,4,0,,,,,,,,,
403383,2009,2009-09-14,R Premadasa Stadium,2,5.6,Sri Lanka,India,ST Jayasuriya,TM Dilshan,RP Singh,4,0,,,,,,,,,
403383,2009,2009-09-14,R Premadasa Stadium,2,6.1,Sri Lanka,India,TM Dilshan,ST Jayasuriya,A Nehra,0,0,,,,,,,,,
403383,2009,2009-09-14,R Premadasa Stadium,2,6.2,Sri Lanka,India,TM Dilshan,ST Jayasuriya,A Nehra,4,0,,,,,,,,,
403383,2009,2009-09-14,R Premadasa Stadium,2,6.3,Sri Lanka,India,TM Dilshan,ST Jayasuriya,A Nehra,4,0,,,,,,,,,
403383,2009,2009-09-14,R Premadasa Stadium,2,6.4,Sri Lanka,India,TM Dilshan,ST Jayasuriya,A Nehra,0,0,,,,,,,,,
403383,2009,2009-09-14,R Premadasa Stadium,2,6.5,Sri Lanka,India,TM Dilshan,ST Jayasuriya,A Nehra,4,0,,,,,,,,,
403383,2009,2009-09-14,R Premadasa Stadium,2,6.6,Sri Lanka,India,TM Dilshan,ST Jayasuriya,A Nehra,1,0,,,,,,,,,
403383,2009,2009-09-14,R Premadasa Stadium,2,7.1,Sri Lanka,India,TM Dilshan,ST Jayasuriya,Harbhajan Singh,0,0,,,,,,,,,
403383,2009,2009-09-14,R Premadasa Stadium,2,7.2,Sri Lanka,India,TM Dilshan,ST Jayasuriya,Harbhajan Singh,0,0,,,,,,,,,
403383,2009,2009-09-14,R Premadasa Stadium,2,7.3,Sri Lanka,India,TM Dilshan,ST Jayasuriya,Harbhajan Singh,0,0,,,,,,,,,
403383,2009,2009-09-14,R Premadasa Stadium,2,7.4,Sri Lanka,India,TM Dilshan,ST Jayasuriya,Harbhajan Singh,4,0,,,,,,,,,
403383,2009,2009-09-14,R Premadasa Stadium,2,7.5,Sri Lanka,India,TM Dilshan,ST Jayasuriya,Harbhajan Singh,0,0,,,,,,bowled,TM Dilshan,,
403383,2009,2009-09-14,R Premadasa Stadium,2,7.6,Sri Lanka,India,DPMD Jayawardene,ST Jayasuriya,Harbhajan Singh,0,0,,,,,,,,,
403383,2009,2009-09-14,R Premadasa Stadium,2,8.1,Sri Lanka,India,ST Jayasuriya,DPMD Jayawardene,A Nehra,0,0,,,,,,,,,
403383,2009,2009-09-14,R Premadasa Stadium,2,8.2,Sri Lanka,India,ST Jayasuriya,DPMD Jayawardene,A Nehra,1,0,,,,,,,,,
403383,2009,2009-09-14,R Premadasa Stadium,2,8.3,Sri Lanka,India,DPMD Jayawardene,ST Jayasuriya,A Nehra,0,0,,,,,,,,,
403383,2009,2009-09-14,R Premadasa Stadium,2,8.4,Sri Lanka,India,DPMD Jayawardene,ST Jayasuriya,A Nehra,1,0,,,,,,,,,
403383,2009,2009-09-14,R Premadasa Stadium,2,8.5,Sri Lanka,India,ST Jayasuriya,DPMD Jayawardene,A Nehra,1,0,,,,,,,,,
403383,2009,2009-09-14,R Premadasa Stadium,2,8.6,Sri Lanka,India,DPMD Jayawardene,ST Jayasuriya,A Nehra,0,0,,,,,,,,,
403383,2009,2009-09-14,R Premadasa Stadium,2,9.1,Sri Lanka,India,ST Jayasuriya,DPMD Jayawardene,Harbhajan Singh,4,0,,,,,,,,,
403383,2009,2009-09-14,R Premadasa Stadium,2,9.2,Sri Lanka,India,ST Jayasuriya,DPMD Jayawardene,Harbhajan Singh,4,0,,,,,,,,,
403383,2009,2009-09-14,R Premadasa Stadium,2,9.3,Sri Lanka,India,ST Jayasuriya,DPMD Jayawardene,Harbhajan Singh,1,0,,,,,,,,,
403383,2009,2009-09-14,R Premadasa Stadium,2,9.4,Sri Lanka,India,DPMD Jayawardene,ST Jayasuriya,Harbhajan Singh,0,0,,,,,,caught and bowled,DPMD Jayawardene,,
403383,2009,2009-09-14,R Premadasa Stadium,2,9.5,Sri Lanka,India,KC Sangakkara,ST Jayasuriya,Harbhajan Singh,2,0,,,,,,,,,
403383,2009,2009-09-14,R Premadasa Stadium,2,9.6,Sri Lanka,India,KC Sangakkara,ST Jayasuriya,Harbhajan Singh,1,0,,,,,,,,,
403383,2009,2009-09-14,R Premadasa Stadium,2,10.1,Sri Lanka,India,KC Sangakkara,ST Jayasuriya,YK Pathan,1,0,,,,,,,,,
403383,2009,2009-09-14,R Premadasa Stadium,2,10.2,Sri Lanka,India,ST Jayasuriya,KC Sangakkara,YK Pathan,4,0,,,,,,,,,
403383,2009,2009-09-14,R Premadasa Stadium,2,10.3,Sri Lanka,India,ST Jayasuriya,KC Sangakkara,YK Pathan,0,0,,,,,,,,,
403383,2009,2009-09-14,R Premadasa Stadium,2,10.4,Sri Lanka,India,ST Jayasuriya,KC Sangakkara,YK Pathan,0,0,,,,,,,,,
403383,2009,2009-09-14,R Premadasa Stadium,2,10.5,Sri Lanka,India,ST Jayasuriya,KC Sangakkara,YK Pathan,0,0,,,,,,,,,
403383,2009,2009-09-14,R Premadasa Stadium,2,10.6,Sri Lanka,India,ST Jayasuriya,KC Sangakkara,YK Pathan,0,1,1,,,,,,,,
403383,2009,2009-09-14,R Premadasa Stadium,2,10.7,Sri Lanka,India,ST Jayasuriya,KC Sangakkara,YK Pathan,0,0,,,,,,caught,ST Jayasuriya,,
403383,2009,2009-09-14,R Premadasa Stadium,2,11.1,Sri Lanka,India,KC Sangakkara,T Thushara,Harbhajan Singh,1,0,,,,,,,,,
403383,2009,2009-09-14,R Premadasa Stadium,2,11.2,Sri Lanka,India,T Thushara,KC Sangakkara,Harbhajan Singh,0,1,,,,1,,,,,
403383,2009,2009-09-14,R Premadasa Stadium,2,11.3,Sri Lanka,India,KC Sangakkara,T Thushara,Harbhajan Singh,1,0,,,,,,,,,
403383,2009,2009-09-14,R Premadasa Stadium,2,11.4,Sri Lanka,India,T Thushara,KC Sangakkara,Harbhajan Singh,1,0,,,,,,,,,
403383,2009,2009-09-14,R Premadasa Stadium,2,11.5,Sri Lanka,India,KC Sangakkara,T Thushara,Harbhajan Singh,0,1,1,,,,,,,,
403383,2009,2009-09-14,R Premadasa Stadium,2,11.6,Sri Lanka,India,KC Sangakkara,T Thushara,Harbhajan Singh,1,0,,,,,,,,,
403383,2009,2009-09-14,R Premadasa Stadium,2,11.7,Sri Lanka,India,T Thushara,KC Sangakkara,Harbhajan Singh,0,0,,,,,,,,,
403383,2009,2009-09-14,R Premadasa Stadium,2,12.1,Sri Lanka,India,KC Sangakkara,T Thushara,YK Pathan,1,0,,,,,,,,,
403383,2009,2009-09-14,R Premadasa Stadium,2,12.2,Sri Lanka,India,T Thushara,KC Sangakkara,YK Pathan,0,0,,,,,,,,,
403383,2009,2009-09-14,R Premadasa Stadium,2,12.3,Sri Lanka,India,T Thushara,KC Sangakkara,YK Pathan,4,0,,,,,,,,,
403383,2009,2009-09-14,R Premadasa Stadium,2,12.4,Sri Lanka,India,T Thushara,KC Sangakkara,YK Pathan,0,0,,,,,,,,,
403383,2009,2009-09-14,R Premadasa Stadium,2,12.5,Sri Lanka,India,T Thushara,KC Sangakkara,YK Pathan,4,0,,,,,,,,,
403383,2009,2009-09-14,R Premadasa Stadium,2,12.6,Sri Lanka,India,T Thushara,KC Sangakkara,YK Pathan,0,0,,,,,,,,,
403383,2009,2009-09-14,R Premadasa Stadium,2,13.1,Sri Lanka,India,KC Sangakkara,T Thushara,Harbhajan Singh,1,0,,,,,,,,,
403383,2009,2009-09-14,R Premadasa Stadium,2,13.2,Sri Lanka,India,T Thushara,KC Sangakkara,Harbhajan Singh,0,0,,,,,,,,,
403383,2009,2009-09-14,R Premadasa Stadium,2,13.3,Sri Lanka,India,T Thushara,KC Sangakkara,Harbhajan Singh,4,0,,,,,,,,,
403383,2009,2009-09-14,R Premadasa Stadium,2,13.4,Sri Lanka,India,T Thushara,KC Sangakkara,Harbhajan Singh,0,0,,,,,,,,,
403383,2009,2009-09-14,R Premadasa Stadium,2,13.5,Sri Lanka,India,T Thushara,KC Sangakkara,Harbhajan Singh,2,0,,,,,,,,,
403383,2009,2009-09-14,R Premadasa Stadium,2,13.6,Sri Lanka,India,T Thushara,KC Sangakkara,Harbhajan Singh,0,0,,,,,,,,,
403383,2009,2009-09-14,R Premadasa Stadium,2,14.1,Sri Lanka,India,KC Sangakkara,T Thushara,I Sharma,0,0,,,,,,,,,
403383,2009,2009-09-14,R Premadasa Stadium,2,14.2,Sri Lanka,India,KC Sangakkara,T Thushara,I Sharma,1,0,,,,,,,,,
403383,2009,2009-09-14,R Premadasa Stadium,2,14.3,Sri Lanka,India,T Thushara,KC Sangakkara,I Sharma,0,0,,,,,,bowled,T Thushara,,
403383,2009,2009-09-14,R Premadasa Stadium,2,14.4,Sri Lanka,India,AD Mathews,KC Sangakkara,I Sharma,0,0,,,,,,,,,
403383,2009,2009-09-14,R Premadasa Stadium,2,14.5,Sri Lanka,India,AD Mathews,KC Sangakkara,I Sharma,0,0,,,,,,,,,
403383,2009,2009-09-14,R Premadasa Stadium,2,14.6,Sri Lanka,India,AD Mathews,KC Sangakkara,I Sharma,6,0,,,,,,,,,
403383,2009,2009-09-14,R Premadasa Stadium,2,15.1,Sri Lanka,India,KC Sangakkara,AD Mathews,Harbhajan Singh,2,0,,,,,,,,,
403383,2009,2009-09-14,R Premadasa Stadium,2,15.2,Sri Lanka,India,KC Sangakkara,AD Mathews,Harbhajan Singh,1,0,,,,,,,,,
403383,2009,2009-09-14,R Premadasa Stadium,2,15.3,Sri Lanka,India,AD Mathews,KC Sangakkara,Harbhajan Singh,0,0,,,,,,,,,
403383,2009,2009-09-14,R Premadasa Stadium,2,15.4,Sri Lanka,India,AD Mathews,KC Sangakkara,Harbhajan Singh,1,0,,,,,,,,,
403383,2009,2009-09-14,R Premadasa Stadium,2,15.5,Sri Lanka,India,KC Sangakkara,AD Mathews,Harbhajan Singh,1,0,,,,,,,,,
403383,2009,2009-09-14,R Premadasa Stadium,2,15.6,Sri Lanka,India,AD Mathews,KC Sangakkara,Harbhajan Singh,4,0,,,,,,,,,
403383,2009,2009-09-14,R Premadasa Stadium,2,16.1,Sri Lanka,India,KC Sangakkara,AD Mathews,I Sharma,1,0,,,,,,,,,
403383,2009,2009-09-14,R Premadasa Stadium,2,16.2,Sri Lanka,India,AD Mathews,KC Sangakkara,I Sharma,1,0,,,,,,,,,
403383,2009,2009-09-14,R Premadasa Stadium,2,16.3,Sri Lanka,India,KC Sangakkara,AD Mathews,I Sharma,1,0,,,,,,,,,
403383,2009,2009-09-14,R Premadasa Stadium,2,16.4,Sri Lanka,India,AD Mathews,KC Sangakkara,I Sharma,0,0,,,,,,,,,
403383,2009,2009-09-14,R Premadasa Stadium,2,16.5,Sri Lanka,India,AD Mathews,KC Sangakkara,I Sharma,1,0,,,,,,,,,
403383,2009,2009-09-14,R Premadasa Stadium,2,16.6,Sri Lanka,India,KC Sangakkara,AD Mathews,I Sharma,2,0,,,,,,,,,
403383,2009,2009-09-14,R Premadasa Stadium,2,17.1,Sri Lanka,India,AD Mathews,KC Sangakkara,Yuvraj Singh,1,0,,,,,,,,,
403383,2009,2009-09-14,R Premadasa Stadium,2,17.2,Sri Lanka,India,KC Sangakkara,AD Mathews,Yuvraj Singh,1,0,,,,,,,,,
403383,2009,2009-09-14,R Premadasa Stadium,2,17.3,Sri Lanka,India,AD Mathews,KC Sangakkara,Yuvraj Singh,0,0,,,,,,caught,AD Mathews,,
403383,2009,2009-09-14,R Premadasa Stadium,2,17.4,Sri Lanka,India,SHT Kandamby,KC Sangakkara,Yuvraj Singh,0,0,,,,,,,,,
403383,2009,2009-09-14,R Premadasa Stadium,2,17.5,Sri Lanka,India,SHT Kandamby,KC Sangakkara,Yuvraj Singh,0,0,,,,,,,,,
403383,2009,2009-09-14,R Premadasa Stadium,2,17.6,Sri Lanka,India,SHT Kandamby,KC Sangakkara,Yuvraj Singh,1,0,,,,,,,,,
403383,2009,2009-09-14,R Premadasa Stadium,2,18.1,Sri Lanka,India,SHT Kandamby,KC Sangakkara,SK Raina,0,0,,,,,,,,,
403383,2009,2009-09-14,R Premadasa Stadium,2,18.2,Sri Lanka,India,SHT Kandamby,KC Sangakkara,SK Raina,0,0,,,,,,,,,
403383,2009,2009-09-14,R Premadasa Stadium,2,18.3,Sri Lanka,India,SHT Kandamby,KC Sangakkara,SK Raina,1,0,,,,,,,,,
403383,2009,2009-09-14,R Premadasa Stadium,2,18.4,Sri Lanka,India,KC Sangakkara,SHT Kandamby,SK Raina,1,0,,,,,,,,,
403383,2009,2009-09-14,R Premadasa Stadium,2,18.5,Sri Lanka,India,SHT Kandamby,KC Sangakkara,SK Raina,0,0,,,,,,,,,
403383,2009,2009-09-14,R Premadasa Stadium,2,18.6,Sri Lanka,India,SHT Kandamby,KC Sangakkara,SK Raina,0,0,,,,,,,,,
403383,2009,2009-09-14,R Premadasa Stadium,2,19.1,Sri Lanka,India,KC Sangakkara,SHT Kandamby,Yuvraj Singh,1,0,,,,,,,,,
403383,2009,2009-09-14,R Premadasa Stadium,2,19.2,Sri Lanka,India,SHT Kandamby,KC Sangakkara,Yuvraj Singh,0,0,,,,,,,,,
403383,2009,2009-09-14,R Premadasa Stadium,2,19.3,Sri Lanka,India,SHT Kandamby,KC Sangakkara,Yuvraj Singh,1,0,,,,,,,,,
403383,2009,2009-09-14,R Premadasa Stadium,2,19.4,Sri Lanka,India,KC Sangakkara,SHT Kandamby,Yuvraj Singh,1,0,,,,,,,,,
403383,2009,2009-09-14,R Premadasa Stadium,2,19.5,Sri Lanka,India,SHT Kandamby,KC Sangakkara,Yuvraj Singh,1,0,,,,,,,,,
403383,2009,2009-09-14,R Premadasa Stadium,2,19.6,Sri Lanka,India,KC Sangakkara,SHT Kandamby,Yuvraj Singh,0,0,,,,,,,,,
403383,2009,2009-09-14,R Premadasa Stadium,2,20.1,Sri Lanka,India,SHT Kandamby,KC Sangakkara,SK Raina,1,0,,,,,,,,,
403383,2009,2009-09-14,R Premadasa Stadium,2,20.2,Sri Lanka,India,KC Sangakkara,SHT Kandamby,SK Raina,1,0,,,,,,,,,
403383,2009,2009-09-14,R Premadasa Stadium,2,20.3,Sri Lanka,India,SHT Kandamby,KC Sangakkara,SK Raina,0,0,,,,,,,,,
403383,2009,2009-09-14,R Premadasa Stadium,2,20.4,Sri Lanka,India,SHT Kandamby,KC Sangakkara,SK Raina,0,0,,,,,,,,,
403383,2009,2009-09-14,R Premadasa Stadium,2,20.5,Sri Lanka,India,SHT Kandamby,KC Sangakkara,SK Raina,0,0,,,,,,,,,
403383,2009,2009-09-14,R Premadasa Stadium,2,20.6,Sri Lanka,India,SHT Kandamby,KC Sangakkara,SK Raina,0,0,,,,,,,,,
403383,2009,2009-09-14,R Premadasa Stadium,2,21.1,Sri Lanka,India,KC Sangakkara,SHT Kandamby,YK Pathan,1,0,,,,,,,,,
403383,2009,2009-09-14,R Premadasa Stadium,2,21.2,Sri Lanka,India,SHT Kandamby,KC Sangakkara,YK Pathan,1,0,,,,,,,,,
403383,2009,2009-09-14,R Premadasa Stadium,2,21.3,Sri Lanka,India,KC Sangakkara,SHT Kandamby,YK Pathan,1,0,,,,,,,,,
403383,2009,2009-09-14,R Premadasa Stadium,2,21.4,Sri Lanka,India,SHT Kandamby,KC Sangakkara,YK Pathan,0,2,2,,,,,,,,
403383,2009,2009-09-14,R Premadasa Stadium,2,21.5,Sri Lanka,India,KC Sangakkara,SHT Kandamby,YK Pathan,0,4,4,,,,,,,,
403383,2009,2009-09-14,R Premadasa Stadium,2,21.6,Sri Lanka,India,SHT Kandamby,KC Sangakkara,YK Pathan,0,0,,,,,,,,,
403383,2009,2009-09-14,R Premadasa Stadium,2,21.7,Sri Lanka,India,SHT Kandamby,KC Sangakkara,YK Pathan,0,0,,,,,,,,,
403383,2009,2009-09-14,R Premadasa Stadium,2,21.8,Sri Lanka,India,SHT Kandamby,KC Sangakkara,YK Pathan,1,0,,,,,,,,,
403383,2009,2009-09-14,R Premadasa Stadium,2,22.1,Sri Lanka,India,SHT Kandamby,KC Sangakkara,SK Raina,0,0,,,,,,,,,
403383,2009,2009-09-14,R Premadasa Stadium,2,22.2,Sri Lanka,India,SHT Kandamby,KC Sangakkara,SK Raina,1,0,,,,,,,,,
403383,2009,2009-09-14,R Premadasa Stadium,2,22.3,Sri Lanka,India,KC Sangakkara,SHT Kandamby,SK Raina,0,0,,,,,,,,,
403383,2009,2009-09-14,R Premadasa Stadium,2,22.4,Sri Lanka,India,KC Sangakkara,SHT Kandamby,SK Raina,1,0,,,,,,,,,
403383,2009,2009-09-14,R Premadasa Stadium,2,22.5,Sri Lanka,India,SHT Kandamby,KC Sangakkara,SK Raina,2,0,,,,,,,,,
403383,2009,2009-09-14,R Premadasa Stadium,2,22.6,Sri Lanka,India,SHT Kandamby,KC Sangakkara,SK Raina,1,0,,,,,,,,,
403383,2009,2009-09-14,R Premadasa Stadium,2,23.1,Sri Lanka,India,SHT Kandamby,KC Sangakkara,YK Pathan,1,0,,,,,,,,,
403383,2009,2009-09-14,R Premadasa Stadium,2,23.2,Sri Lanka,India,KC Sangakkara,SHT Kandamby,YK Pathan,1,0,,,,,,,,,
403383,2009,2009-09-14,R Premadasa Stadium,2,23.3,Sri Lanka,India,SHT Kandamby,KC Sangakkara,YK Pathan,4,0,,,,,,,,,
403383,2009,2009-09-14,R Premadasa Stadium,2,23.4,Sri Lanka,India,SHT Kandamby,KC Sangakkara,YK Pathan,1,0,,,,,,,,,
403383,2009,2009-09-14,R Premadasa Stadium,2,23.5,Sri Lanka,India,KC Sangakkara,SHT Kandamby,YK Pathan,1,0,,,,,,,,,
403383,2009,2009-09-14,R Premadasa Stadium,2,23.6,Sri Lanka,India,SHT Kandamby,KC Sangakkara,YK Pathan,3,0,,,,,,,,,
403383,2009,2009-09-14,R Premadasa Stadium,2,24.1,Sri Lanka,India,SHT Kandamby,KC Sangakkara,SK Raina,0,0,,,,,,,,,
403383,2009,2009-09-14,R Premadasa Stadium,2,24.2,Sri Lanka,India,SHT Kandamby,KC Sangakkara,SK Raina,1,0,,,,,,,,,
403383,2009,2009-09-14,R Premadasa Stadium,2,24.3,Sri Lanka,India,KC Sangakkara,SHT Kandamby,SK Raina,0,0,,,,,,,,,
403383,2009,2009-09-14,R Premadasa Stadium,2,24.4,Sri Lanka,India,KC Sangakkara,SHT Kandamby,SK Raina,0,0,,,,,,,,,
403383,2009,2009-09-14,R Premadasa Stadium,2,24.5,Sri Lanka,India,KC Sangakkara,SHT Kandamby,SK Raina,0,1,,,,1,,,,,
403383,2009,2009-09-14,R Premadasa Stadium,2,24.6,Sri Lanka,India,SHT Kandamby,KC Sangakkara,SK Raina,0,0,,,,,,,,,
403383,2009,2009-09-14,R Premadasa Stadium,2,25.1,Sri Lanka,India,KC Sangakkara,SHT Kandamby,RP Singh,1,0,,,,,,,,,
403383,2009,2009-09-14,R Premadasa Stadium,2,25.2,Sri Lanka,India,SHT Kandamby,KC Sangakkara,RP Singh,1,0,,,,,,,,,
403383,2009,2009-09-14,R Premadasa Stadium,2,25.3,Sri Lanka,India,KC Sangakkara,SHT Kandamby,RP Singh,2,0,,,,,,,,,
403383,2009,2009-09-14,R Premadasa Stadium,2,25.4,Sri Lanka,India,KC Sangakkara,SHT Kandamby,RP Singh,1,0,,,,,,,,,
403383,2009,2009-09-14,R Premadasa Stadium,2,25.5,Sri Lanka,India,SHT Kandamby,KC Sangakkara,RP Singh,4,0,,,,,,,,,
403383,2009,2009-09-14,R Premadasa Stadium,2,25.6,Sri Lanka,India,SHT Kandamby,KC Sangakkara,RP Singh,0,0,,,,,,,,,
403383,2009,2009-09-14,R Premadasa Stadium,2,26.1,Sri Lanka,India,KC Sangakkara,SHT Kandamby,SK Raina,1,0,,,,,,,,,
403383,2009,2009-09-14,R Premadasa Stadium,2,26.2,Sri Lanka,India,SHT Kandamby,KC Sangakkara,SK Raina,0,0,,,,,,,,,
403383,2009,2009-09-14,R Premadasa Stadium,2,26.3,Sri Lanka,India,SHT Kandamby,KC Sangakkara,SK Raina,0,0,,,,,,,,,
403383,2009,2009-09-14,R Premadasa Stadium,2,26.4,Sri Lanka,India,SHT Kandamby,KC Sangakkara,SK Raina,0,0,,,,,,,,,
403383,2009,2009-09-14,R Premadasa Stadium,2,26.5,Sri Lanka,India,SHT Kandamby,KC Sangakkara,SK Raina,2,0,,,,,,,,,
403383,2009,2009-09-14,R Premadasa Stadium,2,26.6,Sri Lanka,India,SHT Kandamby,KC Sangakkara,SK Raina,1,0,,,,,,,,,
403383,2009,2009-09-14,R Premadasa Stadium,2,27.1,Sri Lanka,India,SHT Kandamby,KC Sangakkara,RP Singh,1,0,,,,,,,,,
403383,2009,2009-09-14,R Premadasa Stadium,2,27.2,Sri Lanka,India,KC Sangakkara,SHT Kandamby,RP Singh,0,0,,,,,,,,,
403383,2009,2009-09-14,R Premadasa Stadium,2,27.3,Sri Lanka,India,KC Sangakkara,SHT Kandamby,RP Singh,0,0,,,,,,hit wicket,KC Sangakkara,,
403383,2009,2009-09-14,R Premadasa Stadium,2,27.4,Sri Lanka,India,CK Kapugedera,SHT Kandamby,RP Singh,0,0,,,,,,,,,
403383,2009,2009-09-14,R Premadasa Stadium,2,27.5,Sri Lanka,India,CK Kapugedera,SHT Kandamby,RP Singh,0,0,,,,,,,,,
403383,2009,2009-09-14,R Premadasa Stadium,2,27.6,Sri Lanka,India,CK Kapugedera,SHT Kandamby,RP Singh,1,0,,,,,,,,,
403383,2009,2009-09-14,R Premadasa Stadium,2,28.1,Sri Lanka,India,CK Kapugedera,SHT Kandamby,SK Raina,1,0,,,,,,,,,
403383,2009,2009-09-14,R Premadasa Stadium,2,28.2,Sri Lanka,India,SHT Kandamby,CK Kapugedera,SK Raina,0,0,,,,,,,,,
403383,2009,2009-09-14,R Premadasa Stadium,2,28.3,Sri Lanka,India,SHT Kandamby,CK Kapugedera,SK Raina,0,0,,,,,,,,,
403383,2009,2009-09-14,R Premadasa Stadium,2,28.4,Sri Lanka,India,SHT Kandamby,CK Kapugedera,SK Raina,1,0,,,,,,,,,
403383,2009,2009-09-14,R Premadasa Stadium,2,28.5,Sri Lanka,India,CK Kapugedera,SHT Kandamby,SK Raina,1,0,,,,,,,,,
403383,2009,2009-09-14,R Premadasa Stadium,2,28.6,Sri Lanka,India,SHT Kandamby,CK Kapugedera,SK Raina,1,0,,,,,,,,,
403383,2009,2009-09-14,R Premadasa Stadium,2,29.1,Sri Lanka,India,SHT Kandamby,CK Kapugedera,RP Singh,1,0,,,,,,,,,
403383,2009,2009-09-14,R Premadasa Stadium,2,29.2,Sri Lanka,India,CK Kapugedera,SHT Kandamby,RP Singh,1,0,,,,,,,,,
403383,2009,2009-09-14,R Premadasa Stadium,2,29.3,Sri Lanka,India,SHT Kandamby,CK Kapugedera,RP Singh,0,1,,1,,,,,,,
403383,2009,2009-09-14,R Premadasa Stadium,2,29.4,Sri Lanka,India,SHT Kandamby,CK Kapugedera,RP Singh,0,0,,,,,,,,,
403383,2009,2009-09-14,R Premadasa Stadium,2,29.5,Sri Lanka,India,SHT Kandamby,CK Kapugedera,RP Singh,0,0,,,,,,,,,
403383,2009,2009-09-14,R Premadasa Stadium,2,29.6,Sri Lanka,India,SHT Kandamby,CK Kapugedera,RP Singh,0,0,,,,,,,,,
403383,2009,2009-09-14,R Premadasa Stadium,2,29.7,Sri Lanka,India,SHT Kandamby,CK Kapugedera,RP Singh,0,0,,,,,,,,,
403383,2009,2009-09-14,R Premadasa Stadium,2,30.1,Sri Lanka,India,CK Kapugedera,SHT Kandamby,Yuvraj Singh,1,0,,,,,,,,,
403383,2009,2009-09-14,R Premadasa Stadium,2,30.2,Sri Lanka,India,SHT Kandamby,CK Kapugedera,Yuvraj Singh,4,0,,,,,,,,,
403383,2009,2009-09-14,R Premadasa Stadium,2,30.3,Sri Lanka,India,SHT Kandamby,CK Kapugedera,Yuvraj Singh,1,0,,,,,,,,,
403383,2009,2009-09-14,R Premadasa Stadium,2,30.4,Sri Lanka,India,CK Kapugedera,SHT Kandamby,Yuvraj Singh,0,0,,,,,,,,,
403383,2009,2009-09-14,R Premadasa Stadium,2,30.5,Sri Lanka,India,CK Kapugedera,SHT Kandamby,Yuvraj Singh,1,0,,,,,,,,,
403383,2009,2009-09-14,R Premadasa Stadium,2,30.6,Sri Lanka,India,SHT Kandamby,CK Kapugedera,Yuvraj Singh,0,0,,,,,,,,,
403383,2009,2009-09-14,R Premadasa Stadium,2,31.1,Sri Lanka,India,CK Kapugedera,SHT Kandamby,RP Singh,1,0,,,,,,,,,
403383,2009,2009-09-14,R Premadasa Stadium,2,31.2,Sri Lanka,India,SHT Kandamby,CK Kapugedera,RP Singh,4,0,,,,,,,,,
403383,2009,2009-09-14,R Premadasa Stadium,2,31.3,Sri Lanka,India,SHT Kandamby,CK Kapugedera,RP Singh,1,0,,,,,,,,,
403383,2009,2009-09-14,R Premadasa Stadium,2,31.4,Sri Lanka,India,CK Kapugedera,SHT Kandamby,RP Singh,0,0,,,,,,,,,
403383,2009,2009-09-14,R Premadasa Stadium,2,31.5,Sri Lanka,India,CK Kapugedera,SHT Kandamby,RP Singh,1,0,,,,,,,,,
403383,2009,2009-09-14,R Premadasa Stadium,2,31.6,Sri Lanka,India,SHT Kandamby,CK Kapugedera,RP Singh,1,0,,,,,,,,,
403383,2009,2009-09-14,R Premadasa Stadium,2,32.1,Sri Lanka,India,SHT Kandamby,CK Kapugedera,Yuvraj Singh,0,0,,,,,,,,,
403383,2009,2009-09-14,R Premadasa Stadium,2,32.2,Sri Lanka,India,SHT Kandamby,CK Kapugedera,Yuvraj Singh,0,0,,,,,,,,,
403383,2009,2009-09-14,R Premadasa Stadium,2,32.3,Sri Lanka,India,SHT Kandamby,CK Kapugedera,Yuvraj Singh,0,0,,,,,,,,,
403383,2009,2009-09-14,R Premadasa Stadium,2,32.4,Sri Lanka,India,SHT Kandamby,CK Kapugedera,Yuvraj Singh,1,0,,,,,,,,,
403383,2009,2009-09-14,R Premadasa Stadium,2,32.5,Sri Lanka,India,CK Kapugedera,SHT Kandamby,Yuvraj Singh,0,0,,,,,,,,,
403383,2009,2009-09-14,R Premadasa Stadium,2,32.6,Sri Lanka,India,CK Kapugedera,SHT Kandamby,Yuvraj Singh,0,0,,,,,,,,,
403383,2009,2009-09-14,R Premadasa Stadium,2,33.1,Sri Lanka,India,SHT Kandamby,CK Kapugedera,Harbhajan Singh,0,0,,,,,,,,,
403383,2009,2009-09-14,R Premadasa Stadium,2,33.2,Sri Lanka,India,SHT Kandamby,CK Kapugedera,Harbhajan Singh,1,0,,,,,,,,,
403383,2009,2009-09-14,R Premadasa Stadium,2,33.3,Sri Lanka,India,CK Kapugedera,SHT Kandamby,Harbhajan Singh,1,0,,,,,,,,,
403383,2009,2009-09-14,R Premadasa Stadium,2,33.4,Sri Lanka,India,SHT Kandamby,CK Kapugedera,Harbhajan Singh,1,0,,,,,,,,,
403383,2009,2009-09-14,R Premadasa Stadium,2,33.5,Sri Lanka,India,CK Kapugedera,SHT Kandamby,Harbhajan Singh,2,0,,,,,,,,,
403383,2009,2009-09-14,R Premadasa Stadium,2,33.6,Sri Lanka,India,CK Kapugedera,SHT Kandamby,Harbhajan Singh,0,0,,,,,,,,,
403383,2009,2009-09-14,R Premadasa Stadium,2,34.1,Sri Lanka,India,SHT Kandamby,CK Kapugedera,I Sharma,1,0,,,,,,,,,
403383,2009,2009-09-14,R Premadasa Stadium,2,34.2,Sri Lanka,India,CK Kapugedera,SHT Kandamby,I Sharma,2,0,,,,,,,,,
403383,2009,2009-09-14,R Premadasa Stadium,2,34.3,Sri Lanka,India,CK Kapugedera,SHT Kandamby,I Sharma,1,0,,,,,,,,,
403383,2009,2009-09-14,R Premadasa Stadium,2,34.4,Sri Lanka,India,SHT Kandamby,CK Kapugedera,I Sharma,0,0,,,,,,,,,
403383,2009,2009-09-14,R Premadasa Stadium,2,34.5,Sri Lanka,India,SHT Kandamby,CK Kapugedera,I Sharma,0,0,,,,,,,,,
403383,2009,2009-09-14,R Premadasa Stadium,2,34.6,Sri Lanka,India,SHT Kandamby,CK Kapugedera,I Sharma,0,0,,,,,,,,,
403383,2009,2009-09-14,R Premadasa Stadium,2,35.1,Sri Lanka,India,CK Kapugedera,SHT Kandamby,Harbhajan Singh,0,0,,,,,,,,,
403383,2009,2009-09-14,R Premadasa Stadium,2,35.2,Sri Lanka,India,CK Kapugedera,SHT Kandamby,Harbhajan Singh,1,0,,,,,,,,,
403383,2009,2009-09-14,R Premadasa Stadium,2,35.3,Sri Lanka,India,SHT Kandamby,CK Kapugedera,Harbhajan Singh,1,0,,,,,,,,,
403383,2009,2009-09-14,R Premadasa Stadium,2,35.4,Sri Lanka,India,CK Kapugedera,SHT Kandamby,Harbhajan Singh,1,0,,,,,,,,,
403383,2009,2009-09-14,R Premadasa Stadium,2,35.5,Sri Lanka,India,SHT Kandamby,CK Kapugedera,Harbhajan Singh,1,0,,,,,,,,,
403383,2009,2009-09-14,R Premadasa Stadium,2,35.6,Sri Lanka,India,CK Kapugedera,SHT Kandamby,Harbhajan Singh,0,0,,,,,,,,,
403383,2009,2009-09-14,R Premadasa Stadium,2,36.1,Sri Lanka,India,SHT Kandamby,CK Kapugedera,I Sharma,0,0,,,,,,,,,
403383,2009,2009-09-14,R Premadasa Stadium,2,36.2,Sri Lanka,India,SHT Kandamby,CK Kapugedera,I Sharma,0,0,,,,,,,,,
403383,2009,2009-09-14,R Premadasa Stadium,2,36.3,Sri Lanka,India,SHT Kandamby,CK Kapugedera,I Sharma,1,0,,,,,,,,,
403383,2009,2009-09-14,R Premadasa Stadium,2,36.4,Sri Lanka,India,CK Kapugedera,SHT Kandamby,I Sharma,0,0,,,,,,,,,
403383,2009,2009-09-14,R Premadasa Stadium,2,36.5,Sri Lanka,India,CK Kapugedera,SHT Kandamby,I Sharma,4,0,,,,,,,,,
403383,2009,2009-09-14,R Premadasa Stadium,2,36.6,Sri Lanka,India,CK Kapugedera,SHT Kandamby,I Sharma,0,0,,,,,,,,,
403383,2009,2009-09-14,R Premadasa Stadium,2,37.1,Sri Lanka,India,SHT Kandamby,CK Kapugedera,Harbhajan Singh,0,0,,,,,,,,,
403383,2009,2009-09-14,R Premadasa Stadium,2,37.2,Sri Lanka,India,SHT Kandamby,CK Kapugedera,Harbhajan Singh,0,0,,,,,,,,,
403383,2009,2009-09-14,R Premadasa Stadium,2,37.3,Sri Lanka,India,SHT Kandamby,CK Kapugedera,Harbhajan Singh,1,0,,,,,,,,,
403383,2009,2009-09-14,R Premadasa Stadium,2,37.4,Sri Lanka,India,CK Kapugedera,SHT Kandamby,Harbhajan Singh,0,0,,,,,,,,,
403383,2009,2009-09-14,R Premadasa Stadium,2,37.5,Sri Lanka,India,CK Kapugedera,SHT Kandamby,Harbhajan Singh,1,0,,,,,,,,,
403383,2009,2009-09-14,R Premadasa Stadium,2,37.6,Sri Lanka,India,SHT Kandamby,CK Kapugedera,Harbhajan Singh,0,0,,,,,,,,,
403383,2009,2009-09-14,R Premadasa Stadium,2,38.1,Sri Lanka,India,CK Kapugedera,SHT Kandamby,A Nehra,1,0,,,,,,,,,
403383,2009,2009-09-14,R Premadasa Stadium,2,38.2,Sri Lanka,India,SHT Kandamby,CK Kapugedera,A Nehra,1,0,,,,,,,,,
403383,2009,2009-09-14,R Premadasa Stadium,2,38.3,Sri Lanka,India,CK Kapugedera,SHT Kandamby,A Nehra,4,0,,,,,,,,,
403383,2009,2009-09-14,R Premadasa Stadium,2,38.4,Sri Lanka,India,CK Kapugedera,SHT Kandamby,A Nehra,4,0,,,,,,,,,
403383,2009,2009-09-14,R Premadasa Stadium,2,38.5,Sri Lanka,India,CK Kapugedera,SHT Kandamby,A Nehra,0,0,,,,,,,,,
403383,2009,2009-09-14,R Premadasa Stadium,2,38.6,Sri Lanka,India,CK Kapugedera,SHT Kandamby,A Nehra,0,0,,,,,,,,,
403383,2009,2009-09-14,R Premadasa Stadium,2,39.1,Sri Lanka,India,SHT Kandamby,CK Kapugedera,Yuvraj Singh,1,0,,,,,,,,,
403383,2009,2009-09-14,R Premadasa Stadium,2,39.2,Sri Lanka,India,CK Kapugedera,SHT Kandamby,Yuvraj Singh,1,0,,,,,,,,,
403383,2009,2009-09-14,R Premadasa Stadium,2,39.3,Sri Lanka,India,SHT Kandamby,CK Kapugedera,Yuvraj Singh,0,0,,,,,,,,,
403383,2009,2009-09-14,R Premadasa Stadium,2,39.4,Sri Lanka,India,SHT Kandamby,CK Kapugedera,Yuvraj Singh,0,0,,,,,,,,,
403383,2009,2009-09-14,R Premadasa Stadium,2,39.5,Sri Lanka,India,SHT Kandamby,CK Kapugedera,Yuvraj Singh,0,0,,,,,,,,,
403383,2009,2009-09-14,R Premadasa Stadium,2,39.6,Sri Lanka,India,SHT Kandamby,CK Kapugedera,Yuvraj Singh,2,0,,,,,,,,,
403383,2009,2009-09-14,R Premadasa Stadium,2,40.1,Sri Lanka,India,CK Kapugedera,SHT Kandamby,SK Raina,0,1,,,,1,,,,,
403383,2009,2009-09-14,R Premadasa Stadium,2,40.2,Sri Lanka,India,SHT Kandamby,CK Kapugedera,SK Raina,1,0,,,,,,,,,
403383,2009,2009-09-14,R Premadasa Stadium,2,40.3,Sri Lanka,India,CK Kapugedera,SHT Kandamby,SK Raina,0,0,,,,,,,,,
403383,2009,2009-09-14,R Premadasa Stadium,2,40.4,Sri Lanka,India,CK Kapugedera,SHT Kandamby,SK Raina,1,0,,,,,,,,,
403383,2009,2009-09-14,R Premadasa Stadium,2,40.5,Sri Lanka,India,SHT Kandamby,CK Kapugedera,SK Raina,0,0,,,,,,,,,
403383,2009,2009-09-14,R Premadasa Stadium,2,40.6,Sri Lanka,India,SHT Kandamby,CK Kapugedera,SK Raina,1,0,,,,,,,,,
403383,2009,2009-09-14,R Premadasa Stadium,2,41.1,Sri Lanka,India,SHT Kandamby,CK Kapugedera,Yuvraj Singh,1,0,,,,,,,,,
403383,2009,2009-09-14,R Premadasa Stadium,2,41.2,Sri Lanka,India,CK Kapugedera,SHT Kandamby,Yuvraj Singh,2,0,,,,,,,,,
403383,2009,2009-09-14,R Premadasa Stadium,2,41.3,Sri Lanka,India,CK Kapugedera,SHT Kandamby,Yuvraj Singh,0,0,,,,,,,,,
403383,2009,2009-09-14,R Premadasa Stadium,2,41.4,Sri Lanka,India,CK Kapugedera,SHT Kandamby,Yuvraj Singh,0,0,,,,,,,,,
403383,2009,2009-09-14,R Premadasa Stadium,2,41.5,Sri Lanka,India,CK Kapugedera,SHT Kandamby,Yuvraj Singh,1,0,,,,,,,,,
403383,2009,2009-09-14,R Premadasa Stadium,2,41.6,Sri Lanka,India,SHT Kandamby,CK Kapugedera,Yuvraj Singh,1,0,,,,,,,,,
403383,2009,2009-09-14,R Premadasa Stadium,2,42.1,Sri Lanka,India,SHT Kandamby,CK Kapugedera,SK Raina,2,0,,,,,,,,,
403383,2009,2009-09-14,R Premadasa Stadium,2,42.2,Sri Lanka,India,SHT Kandamby,CK Kapugedera,SK Raina,1,0,,,,,,,,,
403383,2009,2009-09-14,R Premadasa Stadium,2,42.3,Sri Lanka,India,CK Kapugedera,SHT Kandamby,SK Raina,0,0,,,,,,caught,CK Kapugedera,,
403383,2009,2009-09-14,R Premadasa Stadium,2,42.4,Sri Lanka,India,KMDN Kulasekara,SHT Kandamby,SK Raina,0,0,,,,,,,,,
403383,2009,2009-09-14,R Premadasa Stadium,2,42.5,Sri Lanka,India,KMDN Kulasekara,SHT Kandamby,SK Raina,1,0,,,,,,,,,
403383,2009,2009-09-14,R Premadasa Stadium,2,42.6,Sri Lanka,India,SHT Kandamby,KMDN Kulasekara,SK Raina,1,0,,,,,,,,,
403383,2009,2009-09-14,R Premadasa Stadium,2,43.1,Sri Lanka,India,SHT Kandamby,KMDN Kulasekara,I Sharma,0,0,,,,,,,,,
403383,2009,2009-09-14,R Premadasa Stadium,2,43.2,Sri Lanka,India,SHT Kandamby,KMDN Kulasekara,I Sharma,1,0,,,,,,,,,
403383,2009,2009-09-14,R Premadasa Stadium,2,43.3,Sri Lanka,India,KMDN Kulasekara,SHT Kandamby,I Sharma,1,0,,,,,,,,,
403383,2009,2009-09-14,R Premadasa Stadium,2,43.4,Sri Lanka,India,SHT Kandamby,KMDN Kulasekara,I Sharma,1,0,,,,,,,,,
403383,2009,2009-09-14,R Premadasa Stadium,2,43.5,Sri Lanka,India,KMDN Kulasekara,SHT Kandamby,I Sharma,4,0,,,,,,,,,
403383,2009,2009-09-14,R Premadasa Stadium,2,43.6,Sri Lanka,India,KMDN Kulasekara,SHT Kandamby,I Sharma,1,0,,,,,,,,,
403383,2009,2009-09-14,R Premadasa Stadium,2,44.1,Sri Lanka,India,KMDN Kulasekara,SHT Kandamby,Harbhajan Singh,0,1,1,,,,,,,,
403383,2009,2009-09-14,R Premadasa Stadium,2,44.2,Sri Lanka,India,KMDN Kulasekara,SHT Kandamby,Harbhajan Singh,0,0,,,,,,,,,
403383,2009,2009-09-14,R Premadasa Stadium,2,44.3,Sri Lanka,India,KMDN Kulasekara,SHT Kandamby,Harbhajan Singh,1,0,,,,,,,,,
403383,2009,2009-09-14,R Premadasa Stadium,2,44.4,Sri Lanka,India,SHT Kandamby,KMDN Kulasekara,Harbhajan Singh,0,0,,,,,,bowled,SHT Kandamby,,
403383,2009,2009-09-14,R Premadasa Stadium,2,44.5,Sri Lanka,India,SL Malinga,KMDN Kulasekara,Harbhajan Singh,0,0,,,,,,caught and bowled,SL Malinga,,
403383,2009,2009-09-14,R Premadasa Stadium,2,44.6,Sri Lanka,India,BAW Mendis,KMDN Kulasekara,Harbhajan Singh,3,0,,,,,,,,,
403383,2009,2009-09-14,R Premadasa Stadium,2,44.7,Sri Lanka,India,KMDN Kulasekara,BAW Mendis,Harbhajan Singh,0,0,,,,,,,,,
403383,2009,2009-09-14,R Premadasa Stadium,2,45.1,Sri Lanka,India,BAW Mendis,KMDN Kulasekara,A Nehra,0,0,,,,,,,,,
403383,2009,2009-09-14,R Premadasa Stadium,2,45.2,Sri Lanka,India,BAW Mendis,KMDN Kulasekara,A Nehra,0,0,,,,,,,,,
403383,2009,2009-09-14,R Premadasa Stadium,2,45.3,Sri Lanka,India,BAW Mendis,KMDN Kulasekara,A Nehra,0,0,,,,,,,,,
403383,2009,2009-09-14,R Premadasa Stadium,2,45.4,Sri Lanka,India,BAW Mendis,KMDN Kulasekara,A Nehra,0,0,,,,,,,,,
403383,2009,2009-09-14,R Premadasa Stadium,2,45.5,Sri Lanka,India,BAW Mendis,KMDN Kulasekara,A Nehra,0,0,,,,,,,,,
403383,2009,2009-09-14,R Premadasa Stadium,2,45.6,Sri Lanka,India,BAW Mendis,KMDN Kulasekara,A Nehra,3,0,,,,,,,,,
403383,2009,2009-09-14,R Premadasa Stadium,2,46.1,Sri Lanka,India,BAW Mendis,KMDN Kulasekara,Harbhajan Singh,0,0,,,,,,,,,
403383,2009,2009-09-14,R Premadasa Stadium,2,46.2,Sri Lanka,India,BAW Mendis,KMDN Kulasekara,Harbhajan Singh,1,0,,,,,,,,,
403383,2009,2009-09-14,R Premadasa Stadium,2,46.3,Sri Lanka,India,KMDN Kulasekara,BAW Mendis,Harbhajan Singh,1,0,,,,,,,,,
403383,2009,2009-09-14,R Premadasa Stadium,2,46.4,Sri Lanka,India,BAW Mendis,KMDN Kulasekara,Harbhajan Singh,0,1,1,,,,,,,,
403383,2009,2009-09-14,R Premadasa Stadium,2,46.5,Sri Lanka,India,BAW Mendis,KMDN Kulasekara,Harbhajan Singh,0,0,,,,,,stumped,BAW Mendis,,
