match_id,season,start_date,venue,innings,ball,batting_team,bowling_team,striker,non_striker,bowler,runs_off_bat,extras,wides,noballs,byes,legbyes,penalty,wicket_type,player_dismissed,other_wicket_type,other_player_dismissed
403382,2009,2009-09-11,R Premadasa Stadium,1,0.1,New Zealand,India,BB McCullum,JD Ryder,A Nehra,1,0,,,,,,,,,
403382,2009,2009-09-11,R Premadasa Stadium,1,0.2,New Zealand,India,JD Ryder,BB McCullum,A Nehra,0,0,,,,,,,,,
403382,2009,2009-09-11,R Premadasa Stadium,1,0.3,New Zealand,India,JD Ryder,BB McCullum,A Nehra,0,0,,,,,,lbw,JD Ryder,,
403382,2009,2009-09-11,R Premadasa Stadium,1,0.4,New Zealand,India,MJ Guptill,BB McCullum,A Nehra,0,0,,,,,,,,,
403382,2009,2009-09-11,R Premadasa Stadium,1,0.5,New Zealand,India,MJ Guptill,BB McCullum,A Nehra,0,0,,,,,,,,,
403382,2009,2009-09-11,R Premadasa Stadium,1,0.6,New Zealand,India,MJ Guptill,BB McCullum,A Nehra,0,0,,,,,,,,,
403382,2009,2009-09-11,R Premadasa Stadium,1,1.1,New Zealand,India,BB McCullum,MJ Guptill,RP Singh,0,0,,,,,,,,,
403382,2009,2009-09-11,R Premadasa Stadium,1,1.2,New Zealand,India,BB McCullum,MJ Guptill,RP Singh,0,0,,,,,,,,,
403382,2009,2009-09-11,R Premadasa Stadium,1,1.3,New Zealand,India,BB McCullum,MJ Guptill,RP Singh,0,0,,,,,,,,,
403382,2009,2009-09-11,R Premadasa Stadium,1,1.4,New Zealand,India,BB McCullum,MJ Guptill,RP Singh,0,0,,,,,,,,,
403382,2009,2009-09-11,R Premadasa Stadium,1,1.5,New Zealand,India,BB McCullum,MJ Guptill,RP Singh,0,0,,,,,,,,,
403382,2009,2009-09-11,R Premadasa Stadium,1,1.6,New Zealand,India,BB McCullum,MJ Guptill,RP Singh,0,1,,,,1,,,,,
403382,2009,2009-09-11,R Premadasa Stadium,1,2.1,New Zealand,India,BB McCullum,MJ Guptill,A Nehra,2,0,,,,,,,,,
403382,2009,2009-09-11,R Premadasa Stadium,1,2.2,New Zealand,India,BB McCullum,MJ Guptill,A Nehra,0,0,,,,,,lbw,BB McCullum,,
403382,2009,2009-09-11,R Premadasa Stadium,1,2.3,New Zealand,India,LRPL Taylor,MJ Guptill,A Nehra,0,0,,,,,,,,,
403382,2009,2009-09-11,R Premadasa Stadium,1,2.4,New Zealand,India,LRPL Taylor,MJ Guptill,A Nehra,1,0,,,,,,,,,
403382,2009,2009-09-11,R Premadasa Stadium,1,2.5,New Zealand,India,MJ Guptill,LRPL Taylor,A Nehra,0,0,,,,,,,,,
403382,2009,2009-09-11,R Premadasa Stadium,1,2.6,New Zealand,India,MJ Guptill,LRPL Taylor,A Nehra,0,0,,,,,,,,,
403382,2009,2009-09-11,R Premadasa Stadium,1,3.1,New Zealand,India,LRPL Taylor,MJ Guptill,RP Singh,4,0,,,,,,,,,
403382,2009,2009-09-11,R Premadasa Stadium,1,3.2,New Zealand,India,LRPL Taylor,MJ Guptill,RP Singh,0,0,,,,,,,,,
403382,2009,2009-09-11,R Premadasa Stadium,1,3.3,New Zealand,India,LRPL Taylor,MJ Guptill,RP Singh,0,0,,,,,,,,,
403382,2009,2009-09-11,R Premadasa Stadium,1,3.4,New Zealand,India,LRPL Taylor,MJ Guptill,RP Singh,0,0,,,,,,,,,
403382,2009,2009-09-11,R Premadasa Stadium,1,3.5,New Zealand,India,LRPL Taylor,MJ Guptill,RP Singh,0,0,,,,,,,,,
403382,2009,2009-09-11,R Premadasa Stadium,1,3.6,New Zealand,India,LRPL Taylor,MJ Guptill,RP Singh,4,0,,,,,,,,,
403382,2009,2009-09-11,R Premadasa Stadium,1,4.1,New Zealand,India,MJ Guptill,LRPL Taylor,A Nehra,0,0,,,,,,,,,
403382,2009,2009-09-11,R Premadasa Stadium,1,4.2,New Zealand,India,MJ Guptill,LRPL Taylor,A Nehra,0,0,,,,,,,,,
403382,2009,2009-09-11,R Premadasa Stadium,1,4.3,New Zealand,India,MJ Guptill,LRPL Taylor,A Nehra,1,0,,,,,,,,,
403382,2009,2009-09-11,R Premadasa Stadium,1,4.4,New Zealand,India,LRPL Taylor,MJ Guptill,A Nehra,0,0,,,,,,,,,
403382,2009,2009-09-11,R Premadasa Stadium,1,4.5,New Zealand,India,LRPL Taylor,MJ Guptill,A Nehra,0,0,,,,,,,,,
403382,2009,2009-09-11,R Premadasa Stadium,1,4.6,New Zealand,India,LRPL Taylor,MJ Guptill,A Nehra,0,0,,,,,,,,,
403382,2009,2009-09-11,R Premadasa Stadium,1,5.1,New Zealand,India,MJ Guptill,LRPL Taylor,RP Singh,3,0,,,,,,,,,
403382,2009,2009-09-11,R Premadasa Stadium,1,5.2,New Zealand,India,LRPL Taylor,MJ Guptill,RP Singh,0,0,,,,,,,,,
403382,2009,2009-09-11,R Premadasa Stadium,1,5.3,New Zealand,India,LRPL Taylor,MJ Guptill,RP Singh,2,0,,,,,,,,,
403382,2009,2009-09-11,R Premadasa Stadium,1,5.4,New Zealand,India,LRPL Taylor,MJ Guptill,RP Singh,0,0,,,,,,,,,
403382,2009,2009-09-11,R Premadasa Stadium,1,5.5,New Zealand,India,LRPL Taylor,MJ Guptill,RP Singh,0,0,,,,,,caught,LRPL Taylor,,
403382,2009,2009-09-11,R Premadasa Stadium,1,5.6,New Zealand,India,GD Elliott,MJ Guptill,RP Singh,0,0,,,,,,,,,
403382,2009,2009-09-11,R Premadasa Stadium,1,6.1,New Zealand,India,MJ Guptill,GD Elliott,A Nehra,4,0,,,,,,,,,
403382,2009,2009-09-11,R Premadasa Stadium,1,6.2,New Zealand,India,MJ Guptill,GD Elliott,A Nehra,1,0,,,,,,,,,
403382,2009,2009-09-11,R Premadasa Stadium,1,6.3,New Zealand,India,GD Elliott,MJ Guptill,A Nehra,0,0,,,,,,,,,
403382,2009,2009-09-11,R Premadasa Stadium,1,6.4,New Zealand,India,GD Elliott,MJ Guptill,A Nehra,0,0,,,,,,,,,
403382,2009,2009-09-11,R Premadasa Stadium,1,6.5,New Zealand,India,GD Elliott,MJ Guptill,A Nehra,2,0,,,,,,,,,
403382,2009,2009-09-11,R Premadasa Stadium,1,6.6,New Zealand,India,GD Elliott,MJ Guptill,A Nehra,0,0,,,,,,,,,
403382,2009,2009-09-11,R Premadasa Stadium,1,7.1,New Zealand,India,MJ Guptill,GD Elliott,RP Singh,0,0,,,,,,,,,
403382,2009,2009-09-11,R Premadasa Stadium,1,7.2,New Zealand,India,MJ Guptill,GD Elliott,RP Singh,0,0,,,,,,,,,
403382,2009,2009-09-11,R Premadasa Stadium,1,7.3,New Zealand,India,MJ Guptill,GD Elliott,RP Singh,0,0,,,,,,,,,
403382,2009,2009-09-11,R Premadasa Stadium,1,7.4,New Zealand,India,MJ Guptill,GD Elliott,RP Singh,0,0,,,,,,,,,
403382,2009,2009-09-11,R Premadasa Stadium,1,7.5,New Zealand,India,MJ Guptill,GD Elliott,RP Singh,0,0,,,,,,,,,
403382,2009,2009-09-11,R Premadasa Stadium,1,7.6,New Zealand,India,MJ Guptill,GD Elliott,RP Singh,0,0,,,,,,,,,
403382,2009,2009-09-11,R Premadasa Stadium,1,8.1,New Zealand,India,GD Elliott,MJ Guptill,A Nehra,1,0,,,,,,,,,
403382,2009,2009-09-11,R Premadasa Stadium,1,8.2,New Zealand,India,MJ Guptill,GD Elliott,A Nehra,0,0,,,,,,,,,
403382,2009,2009-09-11,R Premadasa Stadium,1,8.3,New Zealand,India,MJ Guptill,GD Elliott,A Nehra,0,0,,,,,,,,,
403382,2009,2009-09-11,R Premadasa Stadium,1,8.4,New Zealand,India,MJ Guptill,GD Elliott,A Nehra,0,0,,,,,,,,,
403382,2009,2009-09-11,R Premadasa Stadium,1,8.5,New Zealand,India,MJ Guptill,GD Elliott,A Nehra,2,0,,,,,,,,,
403382,2009,2009-09-11,R Premadasa Stadium,1,8.6,New Zealand,India,MJ Guptill,GD Elliott,A Nehra,1,0,,,,,,,,,
403382,2009,2009-09-11,R Premadasa Stadium,1,9.1,New Zealand,India,MJ Guptill,GD Elliott,I Sharma,0,0,,,,,,,,,
403382,2009,2009-09-11,R Premadasa Stadium,1,9.2,New Zealand,India,MJ Guptill,GD Elliott,I Sharma,0,0,,,,,,,,,
403382,2009,2009-09-11,R Premadasa Stadium,1,9.3,New Zealand,India,MJ Guptill,GD Elliott,I Sharma,0,0,,,,,,,,,
403382,2009,2009-09-11,R Premadasa Stadium,1,9.4,New Zealand,India,MJ Guptill,GD Elliott,I Sharma,0,0,,,,,,,,,
403382,2009,2009-09-11,R Premadasa Stadium,1,9.5,New Zealand,India,MJ Guptill,GD Elliott,I Sharma,0,0,,,,,,,,,
403382,2009,2009-09-11,R Premadasa Stadium,1,9.6,New Zealand,India,MJ Guptill,GD Elliott,I Sharma,0,0,,,,,,,,,
403382,2009,2009-09-11,R Premadasa Stadium,1,10.1,New Zealand,India,GD Elliott,MJ Guptill,A Nehra,0,0,,,,,,,,,
403382,2009,2009-09-11,R Premadasa Stadium,1,10.2,New Zealand,India,GD Elliott,MJ Guptill,A Nehra,0,0,,,,,,,,,
403382,2009,2009-09-11,R Premadasa Stadium,1,10.3,New Zealand,India,GD Elliott,MJ Guptill,A Nehra,0,0,,,,,,,,,
403382,2009,2009-09-11,R Premadasa Stadium,1,10.4,New Zealand,India,GD Elliott,MJ Guptill,A Nehra,3,0,,,,,,,,,
403382,2009,2009-09-11,R Premadasa Stadium,1,10.5,New Zealand,India,MJ Guptill,GD Elliott,A Nehra,0,0,,,,,,,,,
403382,2009,2009-09-11,R Premadasa Stadium,1,10.6,New Zealand,India,MJ Guptill,GD Elliott,A Nehra,0,0,,,,,,,,,
403382,2009,2009-09-11,R Premadasa Stadium,1,11.1,New Zealand,India,GD Elliott,MJ Guptill,I Sharma,0,0,,,,,,,,,
403382,2009,2009-09-11,R Premadasa Stadium,1,11.2,New Zealand,India,GD Elliott,MJ Guptill,I Sharma,0,0,,,,,,,,,
403382,2009,2009-09-11,R Premadasa Stadium,1,11.3,New Zealand,India,GD Elliott,MJ Guptill,I Sharma,3,0,,,,,,,,,
403382,2009,2009-09-11,R Premadasa Stadium,1,11.4,New Zealand,India,MJ Guptill,GD Elliott,I Sharma,1,0,,,,,,,,,
403382,2009,2009-09-11,R Premadasa Stadium,1,11.5,New Zealand,India,GD Elliott,MJ Guptill,I Sharma,0,0,,,,,,,,,
403382,2009,2009-09-11,R Premadasa Stadium,1,11.6,New Zealand,India,GD Elliott,MJ Guptill,I Sharma,1,0,,,,,,,,,
403382,2009,2009-09-11,R Premadasa Stadium,1,12.1,New Zealand,India,GD Elliott,MJ Guptill,RP Singh,0,0,,,,,,,,,
403382,2009,2009-09-11,R Premadasa Stadium,1,12.2,New Zealand,India,GD Elliott,MJ Guptill,RP Singh,0,0,,,,,,,,,
403382,2009,2009-09-11,R Premadasa Stadium,1,12.3,New Zealand,India,GD Elliott,MJ Guptill,RP Singh,0,0,,,,,,,,,
403382,2009,2009-09-11,R Premadasa Stadium,1,12.4,New Zealand,India,GD Elliott,MJ Guptill,RP Singh,1,0,,,,,,,,,
403382,2009,2009-09-11,R Premadasa Stadium,1,12.5,New Zealand,India,MJ Guptill,GD Elliott,RP Singh,0,0,,,,,,,,,
403382,2009,2009-09-11,R Premadasa Stadium,1,12.6,New Zealand,India,MJ Guptill,GD Elliott,RP Singh,1,0,,,,,,,,,
403382,2009,2009-09-11,R Premadasa Stadium,1,13.1,New Zealand,India,MJ Guptill,GD Elliott,I Sharma,4,0,,,,,,,,,
403382,2009,2009-09-11,R Premadasa Stadium,1,13.2,New Zealand,India,MJ Guptill,GD Elliott,I Sharma,0,0,,,,,,,,,
403382,2009,2009-09-11,R Premadasa Stadium,1,13.3,New Zealand,India,MJ Guptill,GD Elliott,I Sharma,0,0,,,,,,,,,
403382,2009,2009-09-11,R Premadasa Stadium,1,13.4,New Zealand,India,MJ Guptill,GD Elliott,I Sharma,4,0,,,,,,,,,
403382,2009,2009-09-11,R Premadasa Stadium,1,13.5,New Zealand,India,MJ Guptill,GD Elliott,I Sharma,0,0,,,,,,,,,
403382,2009,2009-09-11,R Premadasa Stadium,1,13.6,New Zealand,India,MJ Guptill,GD Elliott,I Sharma,0,0,,,,,,,,,
403382,2009,2009-09-11,R Premadasa Stadium,1,14.1,New Zealand,India,GD Elliott,MJ Guptill,Yuvraj Singh,2,0,,,,,,,,,
403382,2009,2009-09-11,R Premadasa Stadium,1,14.2,New Zealand,India,GD Elliott,MJ Guptill,Yuvraj Singh,0,0,,,,,,,,,
403382,2009,2009-09-11,R Premadasa Stadium,1,14.3,New Zealand,India,GD Elliott,MJ Guptill,Yuvraj Singh,1,0,,,,,,,,,
403382,2009,2009-09-11,R Premadasa Stadium,1,14.4,New Zealand,India,MJ Guptill,GD Elliott,Yuvraj Singh,0,0,,,,,,,,,
403382,2009,2009-09-11,R Premadasa Stadium,1,14.5,New Zealand,India,MJ Guptill,GD Elliott,Yuvraj Singh,0,0,,,,,,,,,
403382,2009,2009-09-11,R Premadasa Stadium,1,14.6,New Zealand,India,MJ Guptill,GD Elliott,Yuvraj Singh,0,0,,,,,,caught,MJ Guptill,,
403382,2009,2009-09-11,R Premadasa Stadium,1,15.1,New Zealand,India,GD Elliott,JDP Oram,I Sharma,0,0,,,,,,,,,
403382,2009,2009-09-11,R Premadasa Stadium,1,15.2,New Zealand,India,GD Elliott,JDP Oram,I Sharma,0,0,,,,,,,,,
403382,2009,2009-09-11,R Premadasa Stadium,1,15.3,New Zealand,India,GD Elliott,JDP Oram,I Sharma,0,0,,,,,,,,,
403382,2009,2009-09-11,R Premadasa Stadium,1,15.4,New Zealand,India,GD Elliott,JDP Oram,I Sharma,0,0,,,,,,,,,
403382,2009,2009-09-11,R Premadasa Stadium,1,15.5,New Zealand,India,GD Elliott,JDP Oram,I Sharma,1,0,,,,,,,,,
403382,2009,2009-09-11,R Premadasa Stadium,1,15.6,New Zealand,India,JDP Oram,GD Elliott,I Sharma,0,0,,,,,,,,,
403382,2009,2009-09-11,R Premadasa Stadium,1,16.1,New Zealand,India,GD Elliott,JDP Oram,Yuvraj Singh,0,0,,,,,,,,,
403382,2009,2009-09-11,R Premadasa Stadium,1,16.2,New Zealand,India,GD Elliott,JDP Oram,Yuvraj Singh,1,0,,,,,,,,,
403382,2009,2009-09-11,R Premadasa Stadium,1,16.3,New Zealand,India,JDP Oram,GD Elliott,Yuvraj Singh,0,0,,,,,,,,,
403382,2009,2009-09-11,R Premadasa Stadium,1,16.4,New Zealand,India,JDP Oram,GD Elliott,Yuvraj Singh,1,0,,,,,,,,,
403382,2009,2009-09-11,R Premadasa Stadium,1,16.5,New Zealand,India,GD Elliott,JDP Oram,Yuvraj Singh,0,0,,,,,,,,,
403382,2009,2009-09-11,R Premadasa Stadium,1,16.6,New Zealand,India,GD Elliott,JDP Oram,Yuvraj Singh,1,0,,,,,,,,,
403382,2009,2009-09-11,R Premadasa Stadium,1,17.1,New Zealand,India,GD Elliott,JDP Oram,Harbhajan Singh,2,0,,,,,,,,,
403382,2009,2009-09-11,R Premadasa Stadium,1,17.2,New Zealand,India,GD Elliott,JDP Oram,Harbhajan Singh,0,0,,,,,,,,,
403382,2009,2009-09-11,R Premadasa Stadium,1,17.3,New Zealand,India,GD Elliott,JDP Oram,Harbhajan Singh,1,0,,,,,,,,,
403382,2009,2009-09-11,R Premadasa Stadium,1,17.4,New Zealand,India,JDP Oram,GD Elliott,Harbhajan Singh,0,0,,,,,,,,,
403382,2009,2009-09-11,R Premadasa Stadium,1,17.5,New Zealand,India,JDP Oram,GD Elliott,Harbhajan Singh,0,0,,,,,,,,,
403382,2009,2009-09-11,R Premadasa Stadium,1,17.6,New Zealand,India,JDP Oram,GD Elliott,Harbhajan Singh,0,0,,,,,,,,,
403382,2009,2009-09-11,R Premadasa Stadium,1,18.1,New Zealand,India,GD Elliott,JDP Oram,Yuvraj Singh,1,0,,,,,,,,,
403382,2009,2009-09-11,R Premadasa Stadium,1,18.2,New Zealand,India,JDP Oram,GD Elliott,Yuvraj Singh,0,0,,,,,,,,,
403382,2009,2009-09-11,R Premadasa Stadium,1,18.3,New Zealand,India,JDP Oram,GD Elliott,Yuvraj Singh,2,0,,,,,,,,,
403382,2009,2009-09-11,R Premadasa Stadium,1,18.4,New Zealand,India,JDP Oram,GD Elliott,Yuvraj Singh,0,0,,,,,,,,,
403382,2009,2009-09-11,R Premadasa Stadium,1,18.5,New Zealand,India,JDP Oram,GD Elliott,Yuvraj Singh,1,0,,,,,,,,,
403382,2009,2009-09-11,R Premadasa Stadium,1,18.6,New Zealand,India,GD Elliott,JDP Oram,Yuvraj Singh,0,0,,,,,,,,,
403382,2009,2009-09-11,R Premadasa Stadium,1,19.1,New Zealand,India,JDP Oram,GD Elliott,Harbhajan Singh,0,0,,,,,,,,,
403382,2009,2009-09-11,R Premadasa Stadium,1,19.2,New Zealand,India,JDP Oram,GD Elliott,Harbhajan Singh,1,0,,,,,,,,,
403382,2009,2009-09-11,R Premadasa Stadium,1,19.3,New Zealand,India,GD Elliott,JDP Oram,Harbhajan Singh,1,0,,,,,,,,,
403382,2009,2009-09-11,R Premadasa Stadium,1,19.4,New Zealand,India,JDP Oram,GD Elliott,Harbhajan Singh,0,0,,,,,,,,,
403382,2009,2009-09-11,R Premadasa Stadium,1,19.5,New Zealand,India,JDP Oram,GD Elliott,Harbhajan Singh,1,0,,,,,,,,,
403382,2009,2009-09-11,R Premadasa Stadium,1,19.6,New Zealand,India,GD Elliott,JDP Oram,Harbhajan Singh,0,0,,,,,,,,,
403382,2009,2009-09-11,R Premadasa Stadium,1,20.1,New Zealand,India,JDP Oram,GD Elliott,Yuvraj Singh,0,0,,,,,,,,,
403382,2009,2009-09-11,R Premadasa Stadium,1,20.2,New Zealand,India,JDP Oram,GD Elliott,Yuvraj Singh,1,0,,,,,,,,,
403382,2009,2009-09-11,R Premadasa Stadium,1,20.3,New Zealand,India,GD Elliott,JDP Oram,Yuvraj Singh,0,0,,,,,,caught,GD Elliott,,
403382,2009,2009-09-11,R Premadasa Stadium,1,20.4,New Zealand,India,NT Broom,JDP Oram,Yuvraj Singh,0,0,,,,,,,,,
403382,2009,2009-09-11,R Premadasa Stadium,1,20.5,New Zealand,India,NT Broom,JDP Oram,Yuvraj Singh,0,0,,,,,,,,,
403382,2009,2009-09-11,R Premadasa Stadium,1,20.6,New Zealand,India,NT Broom,JDP Oram,Yuvraj Singh,1,0,,,,,,,,,
403382,2009,2009-09-11,R Premadasa Stadium,1,21.1,New Zealand,India,NT Broom,JDP Oram,Harbhajan Singh,1,0,,,,,,,,,
403382,2009,2009-09-11,R Premadasa Stadium,1,21.2,New Zealand,India,JDP Oram,NT Broom,Harbhajan Singh,4,0,,,,,,,,,
403382,2009,2009-09-11,R Premadasa Stadium,1,21.3,New Zealand,India,JDP Oram,NT Broom,Harbhajan Singh,0,0,,,,,,,,,
403382,2009,2009-09-11,R Premadasa Stadium,1,21.4,New Zealand,India,JDP Oram,NT Broom,Harbhajan Singh,0,0,,,,,,,,,
403382,2009,2009-09-11,R Premadasa Stadium,1,21.5,New Zealand,India,JDP Oram,NT Broom,Harbhajan Singh,0,0,,,,,,,,,
403382,2009,2009-09-11,R Premadasa Stadium,1,21.6,New Zealand,India,JDP Oram,NT Broom,Harbhajan Singh,1,0,,,,,,,,,
403382,2009,2009-09-11,R Premadasa Stadium,1,22.1,New Zealand,India,JDP Oram,NT Broom,Yuvraj Singh,1,0,,,,,,,,,
403382,2009,2009-09-11,R Premadasa Stadium,1,22.2,New Zealand,India,NT Broom,JDP Oram,Yuvraj Singh,0,0,,,,,,,,,
403382,2009,2009-09-11,R Premadasa Stadium,1,22.3,New Zealand,India,NT Broom,JDP Oram,Yuvraj Singh,1,0,,,,,,,,,
403382,2009,2009-09-11,R Premadasa Stadium,1,22.4,New Zealand,India,JDP Oram,NT Broom,Yuvraj Singh,1,0,,,,,,,,,
403382,2009,2009-09-11,R Premadasa Stadium,1,22.5,New Zealand,India,NT Broom,JDP Oram,Yuvraj Singh,0,0,,,,,,,,,
403382,2009,2009-09-11,R Premadasa Stadium,1,22.6,New Zealand,India,NT Broom,JDP Oram,Yuvraj Singh,1,0,,,,,,,,,
403382,2009,2009-09-11,R Premadasa Stadium,1,23.1,New Zealand,India,NT Broom,JDP Oram,Harbhajan Singh,1,0,,,,,,,,,
403382,2009,2009-09-11,R Premadasa Stadium,1,23.2,New Zealand,India,JDP Oram,NT Broom,Harbhajan Singh,0,0,,,,,,,,,
403382,2009,2009-09-11,R Premadasa Stadium,1,23.3,New Zealand,India,JDP Oram,NT Broom,Harbhajan Singh,0,0,,,,,,,,,
403382,2009,2009-09-11,R Premadasa Stadium,1,23.4,New Zealand,India,JDP Oram,NT Broom,Harbhajan Singh,0,0,,,,,,,,,
403382,2009,2009-09-11,R Premadasa Stadium,1,23.5,New Zealand,India,JDP Oram,NT Broom,Harbhajan Singh,1,0,,,,,,,,,
403382,2009,2009-09-11,R Premadasa Stadium,1,23.6,New Zealand,India,NT Broom,JDP Oram,Harbhajan Singh,1,0,,,,,,,,,
403382,2009,2009-09-11,R Premadasa Stadium,1,24.1,New Zealand,India,NT Broom,JDP Oram,Yuvraj Singh,2,0,,,,,,,,,
403382,2009,2009-09-11,R Premadasa Stadium,1,24.2,New Zealand,India,NT Broom,JDP Oram,Yuvraj Singh,0,0,,,,,,,,,
403382,2009,2009-09-11,R Premadasa Stadium,1,24.3,New Zealand,India,NT Broom,JDP Oram,Yuvraj Singh,1,0,,,,,,,,,
403382,2009,2009-09-11,R Premadasa Stadium,1,24.4,New Zealand,India,JDP Oram,NT Broom,Yuvraj Singh,0,0,,,,,,,,,
403382,2009,2009-09-11,R Premadasa Stadium,1,24.5,New Zealand,India,JDP Oram,NT Broom,Yuvraj Singh,0,0,,,,,,,,,
403382,2009,2009-09-11,R Premadasa Stadium,1,24.6,New Zealand,India,JDP Oram,NT Broom,Yuvraj Singh,1,0,,,,,,,,,
403382,2009,2009-09-11,R Premadasa Stadium,1,25.1,New Zealand,India,JDP Oram,NT Broom,Harbhajan Singh,0,0,,,,,,,,,
403382,2009,2009-09-11,R Premadasa Stadium,1,25.2,New Zealand,India,JDP Oram,NT Broom,Harbhajan Singh,1,0,,,,,,,,,
403382,2009,2009-09-11,R Premadasa Stadium,1,25.3,New Zealand,India,NT Broom,JDP Oram,Harbhajan Singh,3,0,,,,,,,,,
403382,2009,2009-09-11,R Premadasa Stadium,1,25.4,New Zealand,India,JDP Oram,NT Broom,Harbhajan Singh,1,0,,,,,,,,,
403382,2009,2009-09-11,R Premadasa Stadium,1,25.5,New Zealand,India,NT Broom,JDP Oram,Harbhajan Singh,1,0,,,,,,,,,
403382,2009,2009-09-11,R Premadasa Stadium,1,25.6,New Zealand,India,JDP Oram,NT Broom,Harbhajan Singh,1,0,,,,,,,,,
403382,2009,2009-09-11,R Premadasa Stadium,1,26.1,New Zealand,India,JDP Oram,NT Broom,I Sharma,0,0,,,,,,,,,
403382,2009,2009-09-11,R Premadasa Stadium,1,26.2,New Zealand,India,JDP Oram,NT Broom,I Sharma,0,2,,,,2,,,,,
403382,2009,2009-09-11,R Premadasa Stadium,1,26.3,New Zealand,India,JDP Oram,NT Broom,I Sharma,0,0,,,,,,,,,
403382,2009,2009-09-11,R Premadasa Stadium,1,26.4,New Zealand,India,JDP Oram,NT Broom,I Sharma,0,0,,,,,,,,,
403382,2009,2009-09-11,R Premadasa Stadium,1,26.5,New Zealand,India,JDP Oram,NT Broom,I Sharma,0,0,,,,,,,,,
403382,2009,2009-09-11,R Premadasa Stadium,1,26.6,New Zealand,India,JDP Oram,NT Broom,I Sharma,0,0,,,,,,,,,
403382,2009,2009-09-11,R Premadasa Stadium,1,27.1,New Zealand,India,NT Broom,JDP Oram,Harbhajan Singh,1,0,,,,,,,,,
403382,2009,2009-09-11,R Premadasa Stadium,1,27.2,New Zealand,India,JDP Oram,NT Broom,Harbhajan Singh,0,0,,,,,,,,,
403382,2009,2009-09-11,R Premadasa Stadium,1,27.3,New Zealand,India,JDP Oram,NT Broom,Harbhajan Singh,0,0,,,,,,,,,
403382,2009,2009-09-11,R Premadasa Stadium,1,27.4,New Zealand,India,JDP Oram,NT Broom,Harbhajan Singh,4,0,,,,,,,,,
403382,2009,2009-09-11,R Premadasa Stadium,1,27.5,New Zealand,India,JDP Oram,NT Broom,Harbhajan Singh,1,0,,,,,,,,,
403382,2009,2009-09-11,R Premadasa Stadium,1,27.6,New Zealand,India,NT Broom,JDP Oram,Harbhajan Singh,2,0,,,,,,,,,
403382,2009,2009-09-11,R Premadasa Stadium,1,28.1,New Zealand,India,JDP Oram,NT Broom,I Sharma,0,0,,,,,,caught and bowled,JDP Oram,,
403382,2009,2009-09-11,R Premadasa Stadium,1,28.2,New Zealand,India,DL Vettori,NT Broom,I Sharma,0,0,,,,,,,,,
403382,2009,2009-09-11,R Premadasa Stadium,1,28.3,New Zealand,India,DL Vettori,NT Broom,I Sharma,0,0,,,,,,,,,
403382,2009,2009-09-11,R Premadasa Stadium,1,28.4,New Zealand,India,DL Vettori,NT Broom,I Sharma,0,0,,,,,,,,,
403382,2009,2009-09-11,R Premadasa Stadium,1,28.5,New Zealand,India,DL Vettori,NT Broom,I Sharma,1,0,,,,,,,,,
403382,2009,2009-09-11,R Premadasa Stadium,1,28.6,New Zealand,India,NT Broom,DL Vettori,I Sharma,0,0,,,,,,,,,
403382,2009,2009-09-11,R Premadasa Stadium,1,29.1,New Zealand,India,DL Vettori,NT Broom,Harbhajan Singh,1,0,,,,,,,,,
403382,2009,2009-09-11,R Premadasa Stadium,1,29.2,New Zealand,India,NT Broom,DL Vettori,Harbhajan Singh,0,0,,,,,,,,,
403382,2009,2009-09-11,R Premadasa Stadium,1,29.3,New Zealand,India,NT Broom,DL Vettori,Harbhajan Singh,0,0,,,,,,,,,
403382,2009,2009-09-11,R Premadasa Stadium,1,29.4,New Zealand,India,NT Broom,DL Vettori,Harbhajan Singh,1,0,,,,,,,,,
403382,2009,2009-09-11,R Premadasa Stadium,1,29.5,New Zealand,India,DL Vettori,NT Broom,Harbhajan Singh,1,0,,,,,,,,,
403382,2009,2009-09-11,R Premadasa Stadium,1,29.6,New Zealand,India,NT Broom,DL Vettori,Harbhajan Singh,2,0,,,,,,,,,
403382,2009,2009-09-11,R Premadasa Stadium,1,30.1,New Zealand,India,DL Vettori,NT Broom,I Sharma,0,0,,,,,,,,,
403382,2009,2009-09-11,R Premadasa Stadium,1,30.2,New Zealand,India,DL Vettori,NT Broom,I Sharma,0,0,,,,,,,,,
403382,2009,2009-09-11,R Premadasa Stadium,1,30.3,New Zealand,India,DL Vettori,NT Broom,I Sharma,4,0,,,,,,,,,
403382,2009,2009-09-11,R Premadasa Stadium,1,30.4,New Zealand,India,DL Vettori,NT Broom,I Sharma,1,0,,,,,,,,,
403382,2009,2009-09-11,R Premadasa Stadium,1,30.5,New Zealand,India,NT Broom,DL Vettori,I Sharma,0,0,,,,,,,,,
403382,2009,2009-09-11,R Premadasa Stadium,1,30.6,New Zealand,India,NT Broom,DL Vettori,I Sharma,0,0,,,,,,,,,
403382,2009,2009-09-11,R Premadasa Stadium,1,31.1,New Zealand,India,DL Vettori,NT Broom,SK Raina,1,0,,,,,,,,,
403382,2009,2009-09-11,R Premadasa Stadium,1,31.2,New Zealand,India,NT Broom,DL Vettori,SK Raina,0,0,,,,,,,,,
403382,2009,2009-09-11,R Premadasa Stadium,1,31.3,New Zealand,India,NT Broom,DL Vettori,SK Raina,1,0,,,,,,,,,
403382,2009,2009-09-11,R Premadasa Stadium,1,31.4,New Zealand,India,DL Vettori,NT Broom,SK Raina,1,0,,,,,,,,,
403382,2009,2009-09-11,R Premadasa Stadium,1,31.5,New Zealand,India,NT Broom,DL Vettori,SK Raina,1,0,,,,,,,,,
403382,2009,2009-09-11,R Premadasa Stadium,1,31.6,New Zealand,India,DL Vettori,NT Broom,SK Raina,0,0,,,,,,,,,
403382,2009,2009-09-11,R Premadasa Stadium,1,32.1,New Zealand,India,NT Broom,DL Vettori,Yuvraj Singh,0,0,,,,,,caught,NT Broom,,
403382,2009,2009-09-11,R Premadasa Stadium,1,32.2,New Zealand,India,KD Mills,DL Vettori,Yuvraj Singh,0,0,,,,,,,,,
403382,2009,2009-09-11,R Premadasa Stadium,1,32.3,New Zealand,India,KD Mills,DL Vettori,Yuvraj Singh,1,0,,,,,,,,,
403382,2009,2009-09-11,R Premadasa Stadium,1,32.4,New Zealand,India,DL Vettori,KD Mills,Yuvraj Singh,0,0,,,,,,,,,
403382,2009,2009-09-11,R Premadasa Stadium,1,32.5,New Zealand,India,DL Vettori,KD Mills,Yuvraj Singh,0,0,,,,,,,,,
403382,2009,2009-09-11,R Premadasa Stadium,1,32.6,New Zealand,India,DL Vettori,KD Mills,Yuvraj Singh,3,0,,,,,,,,,
403382,2009,2009-09-11,R Premadasa Stadium,1,33.1,New Zealand,India,DL Vettori,KD Mills,YK Pathan,1,0,,,,,,,,,
403382,2009,2009-09-11,R Premadasa Stadium,1,33.2,New Zealand,India,KD Mills,DL Vettori,YK Pathan,0,0,,,,,,,,,
403382,2009,2009-09-11,R Premadasa Stadium,1,33.3,New Zealand,India,KD Mills,DL Vettori,YK Pathan,1,0,,,,,,,,,
403382,2009,2009-09-11,R Premadasa Stadium,1,33.4,New Zealand,India,DL Vettori,KD Mills,YK Pathan,1,0,,,,,,,,,
403382,2009,2009-09-11,R Premadasa Stadium,1,33.5,New Zealand,India,KD Mills,DL Vettori,YK Pathan,1,0,,,,,,,,,
403382,2009,2009-09-11,R Premadasa Stadium,1,33.6,New Zealand,India,DL Vettori,KD Mills,YK Pathan,1,0,,,,,,,,,
403382,2009,2009-09-11,R Premadasa Stadium,1,34.1,New Zealand,India,DL Vettori,KD Mills,Yuvraj Singh,1,0,,,,,,,,,
403382,2009,2009-09-11,R Premadasa Stadium,1,34.2,New Zealand,India,KD Mills,DL Vettori,Yuvraj Singh,0,0,,,,,,,,,
403382,2009,2009-09-11,R Premadasa Stadium,1,34.3,New Zealand,India,KD Mills,DL Vettori,Yuvraj Singh,0,0,,,,,,,,,
403382,2009,2009-09-11,R Premadasa Stadium,1,34.4,New Zealand,India,KD Mills,DL Vettori,Yuvraj Singh,1,0,,,,,,,,,
403382,2009,2009-09-11,R Premadasa Stadium,1,34.5,New Zealand,India,DL Vettori,KD Mills,Yuvraj Singh,1,0,,,,,,,,,
403382,2009,2009-09-11,R Premadasa Stadium,1,34.6,New Zealand,India,KD Mills,DL Vettori,Yuvraj Singh,1,0,,,,,,,,,
403382,2009,2009-09-11,R Premadasa Stadium,1,35.1,New Zealand,India,KD Mills,DL Vettori,RP Singh,0,0,,,,,,,,,
403382,2009,2009-09-11,R Premadasa Stadium,1,35.2,New Zealand,India,KD Mills,DL Vettori,RP Singh,0,0,,,,,,,,,
403382,2009,2009-09-11,R Premadasa Stadium,1,35.3,New Zealand,India,KD Mills,DL Vettori,RP Singh,1,0,,,,,,,,,
403382,2009,2009-09-11,R Premadasa Stadium,1,35.4,New Zealand,India,DL Vettori,KD Mills,RP Singh,1,0,,,,,,,,,
403382,2009,2009-09-11,R Premadasa Stadium,1,35.5,New Zealand,India,KD Mills,DL Vettori,RP Singh,0,0,,,,,,,,,
403382,2009,2009-09-11,R Premadasa Stadium,1,35.6,New Zealand,India,KD Mills,DL Vettori,RP Singh,0,0,,,,,,,,,
403382,2009,2009-09-11,R Premadasa Stadium,1,36.1,New Zealand,India,DL Vettori,KD Mills,Yuvraj Singh,1,0,,,,,,,,,
403382,2009,2009-09-11,R Premadasa Stadium,1,36.2,New Zealand,India,KD Mills,DL Vettori,Yuvraj Singh,0,0,,,,,,,,,
403382,2009,2009-09-11,R Premadasa Stadium,1,36.3,New Zealand,India,KD Mills,DL Vettori,Yuvraj Singh,0,0,,,,,,,,,
403382,2009,2009-09-11,R Premadasa Stadium,1,36.4,New Zealand,India,KD Mills,DL Vettori,Yuvraj Singh,0,0,,,,,,,,,
403382,2009,2009-09-11,R Premadasa Stadium,1,36.5,New Zealand,India,KD Mills,DL Vettori,Yuvraj Singh,0,0,,,,,,,,,
403382,2009,2009-09-11,R Premadasa Stadium,1,36.6,New Zealand,India,KD Mills,DL Vettori,Yuvraj Singh,0,0,,,,,,,,,
403382,2009,2009-09-11,R Premadasa Stadium,1,37.1,New Zealand,India,DL Vettori,KD Mills,RP Singh,0,0,,,,,,,,,
403382,2009,2009-09-11,R Premadasa Stadium,1,37.2,New Zealand,India,DL Vettori,KD Mills,RP Singh,0,0,,,,,,,,,
403382,2009,2009-09-11,R Premadasa Stadium,1,37.3,New Zealand,India,DL Vettori,KD Mills,RP Singh,0,0,,,,,,,,,
403382,2009,2009-09-11,R Premadasa Stadium,1,37.4,New Zealand,India,DL Vettori,KD Mills,RP Singh,0,0,,,,,,,,,
403382,2009,2009-09-11,R Premadasa Stadium,1,37.5,New Zealand,India,DL Vettori,KD Mills,RP Singh,0,1,1,,,,,,,,
403382,2009,2009-09-11,R Premadasa Stadium,1,37.6,New Zealand,India,DL Vettori,KD Mills,RP Singh,1,0,,,,,,,,,
403382,2009,2009-09-11,R Premadasa Stadium,1,37.7,New Zealand,India,KD Mills,DL Vettori,RP Singh,0,0,,,,,,bowled,KD Mills,,
403382,2009,2009-09-11,R Premadasa Stadium,1,38.1,New Zealand,India,DL Vettori,IG Butler,Yuvraj Singh,1,0,,,,,,,,,
403382,2009,2009-09-11,R Premadasa Stadium,1,38.2,New Zealand,India,IG Butler,DL Vettori,Yuvraj Singh,0,0,,,,,,,,,
403382,2009,2009-09-11,R Premadasa Stadium,1,38.3,New Zealand,India,IG Butler,DL Vettori,Yuvraj Singh,0,0,,,,,,,,,
403382,2009,2009-09-11,R Premadasa Stadium,1,38.4,New Zealand,India,IG Butler,DL Vettori,Yuvraj Singh,0,0,,,,,,,,,
403382,2009,2009-09-11,R Premadasa Stadium,1,38.5,New Zealand,India,IG Butler,DL Vettori,Yuvraj Singh,0,0,,,,,,,,,
403382,2009,2009-09-11,R Premadasa Stadium,1,38.6,New Zealand,India,IG Butler,DL Vettori,Yuvraj Singh,1,0,,,,,,,,,
403382,2009,2009-09-11,R Premadasa Stadium,1,39.1,New Zealand,India,IG Butler,DL Vettori,Harbhajan Singh,0,0,,,,,,,,,
403382,2009,2009-09-11,R Premadasa Stadium,1,39.2,New Zealand,India,IG Butler,DL Vettori,Harbhajan Singh,0,0,,,,,,,,,
403382,2009,2009-09-11,R Premadasa Stadium,1,39.3,New Zealand,India,IG Butler,DL Vettori,Harbhajan Singh,0,0,,,,,,,,,
403382,2009,2009-09-11,R Premadasa Stadium,1,39.4,New Zealand,India,IG Butler,DL Vettori,Harbhajan Singh,3,0,,,,,,,,,
403382,2009,2009-09-11,R Premadasa Stadium,1,39.5,New Zealand,India,DL Vettori,IG Butler,Harbhajan Singh,0,0,,,,,,,,,
403382,2009,2009-09-11,R Premadasa Stadium,1,39.6,New Zealand,India,DL Vettori,IG Butler,Harbhajan Singh,1,0,,,,,,,,,
403382,2009,2009-09-11,R Premadasa Stadium,1,40.1,New Zealand,India,DL Vettori,IG Butler,I Sharma,1,0,,,,,,,,,
403382,2009,2009-09-11,R Premadasa Stadium,1,40.2,New Zealand,India,IG Butler,DL Vettori,I Sharma,0,0,,,,,,,,,
403382,2009,2009-09-11,R Premadasa Stadium,1,40.3,New Zealand,India,IG Butler,DL Vettori,I Sharma,0,0,,,,,,,,,
403382,2009,2009-09-11,R Premadasa Stadium,1,40.4,New Zealand,India,IG Butler,DL Vettori,I Sharma,0,0,,,,,,,,,
403382,2009,2009-09-11,R Premadasa Stadium,1,40.5,New Zealand,India,IG Butler,DL Vettori,I Sharma,0,0,,,,,,,,,
403382,2009,2009-09-11,R Premadasa Stadium,1,40.6,New Zealand,India,IG Butler,DL Vettori,I Sharma,0,0,,,,,,,,,
403382,2009,2009-09-11,R Premadasa Stadium,1,41.1,New Zealand,India,DL Vettori,IG Butler,A Nehra,1,0,,,,,,,,,
403382,2009,2009-09-11,R Premadasa Stadium,1,41.2,New Zealand,India,IG Butler,DL Vettori,A Nehra,0,0,,,,,,,,,
403382,2009,2009-09-11,R Premadasa Stadium,1,41.3,New Zealand,India,IG Butler,DL Vettori,A Nehra,0,0,,,,,,,,,
403382,2009,2009-09-11,R Premadasa Stadium,1,41.4,New Zealand,India,IG Butler,DL Vettori,A Nehra,0,0,,,,,,,,,
403382,2009,2009-09-11,R Premadasa Stadium,1,41.5,New Zealand,India,IG Butler,DL Vettori,A Nehra,0,0,,,,,,,,,
403382,2009,2009-09-11,R Premadasa Stadium,1,41.6,New Zealand,India,IG Butler,DL Vettori,A Nehra,0,0,,,,,,,,,
403382,2009,2009-09-11,R Premadasa Stadium,1,42.1,New Zealand,India,DL Vettori,IG Butler,I Sharma,0,0,,,,,,,,,
403382,2009,2009-09-11,R Premadasa Stadium,1,42.2,New Zealand,India,DL Vettori,IG Butler,I Sharma,0,0,,,,,,,,,
403382,2009,2009-09-11,R Premadasa Stadium,1,42.3,New Zealand,India,DL Vettori,IG Butler,I Sharma,0,0,,,,,,bowled,DL Vettori,,
403382,2009,2009-09-11,R Premadasa Stadium,1,42.4,New Zealand,India,SE Bond,IG Butler,I Sharma,1,0,,,,,,,,,
403382,2009,2009-09-11,R Premadasa Stadium,1,42.5,New Zealand,India,IG Butler,SE Bond,I Sharma,0,0,,,,,,,,,
403382,2009,2009-09-11,R Premadasa Stadium,1,42.6,New Zealand,India,IG Butler,SE Bond,I Sharma,0,0,,,,,,,,,
403382,2009,2009-09-11,R Premadasa Stadium,1,43.1,New Zealand,India,SE Bond,IG Butler,A Nehra,0,0,,,,,,,,,
403382,2009,2009-09-11,R Premadasa Stadium,1,43.2,New Zealand,India,SE Bond,IG Butler,A Nehra,0,0,,,,,,,,,
403382,2009,2009-09-11,R Premadasa Stadium,1,43.3,New Zealand,India,SE Bond,IG Butler,A Nehra,0,0,,,,,,,,,
403382,2009,2009-09-11,R Premadasa Stadium,1,43.4,New Zealand,India,SE Bond,IG Butler,A Nehra,0,0,,,,,,,,,
403382,2009,2009-09-11,R Premadasa Stadium,1,43.5,New Zealand,India,SE Bond,IG Butler,A Nehra,0,0,,,,,,,,,
403382,2009,2009-09-11,R Premadasa Stadium,1,43.6,New Zealand,India,SE Bond,IG Butler,A Nehra,4,0,,,,,,,,,
403382,2009,2009-09-11,R Premadasa Stadium,1,44.1,New Zealand,India,IG Butler,SE Bond,I Sharma,1,0,,,,,,,,,
403382,2009,2009-09-11,R Premadasa Stadium,1,44.2,New Zealand,India,SE Bond,IG Butler,I Sharma,2,0,,,,,,,,,
403382,2009,2009-09-11,R Premadasa Stadium,1,44.3,New Zealand,India,SE Bond,IG Butler,I Sharma,1,0,,,,,,,,,
403382,2009,2009-09-11,R Premadasa Stadium,1,44.4,New Zealand,India,IG Butler,SE Bond,I Sharma,0,0,,,,,,,,,
403382,2009,2009-09-11,R Premadasa Stadium,1,44.5,New Zealand,India,IG Butler,SE Bond,I Sharma,0,0,,,,,,,,,
403382,2009,2009-09-11,R Premadasa Stadium,1,44.6,New Zealand,India,IG Butler,SE Bond,I Sharma,0,0,,,,,,,,,
403382,2009,2009-09-11,R Premadasa Stadium,1,45.1,New Zealand,India,SE Bond,IG Butler,RP Singh,1,0,,,,,,,,,
403382,2009,2009-09-11,R Premadasa Stadium,1,45.2,New Zealand,India,IG Butler,SE Bond,RP Singh,0,0,,,,,,,,,
403382,2009,2009-09-11,R Premadasa Stadium,1,45.3,New Zealand,India,IG Butler,SE Bond,RP Singh,0,0,,,,,,,,,
403382,2009,2009-09-11,R Premadasa Stadium,1,45.4,New Zealand,India,IG Butler,SE Bond,RP Singh,0,0,,,,,,,,,
403382,2009,2009-09-11,R Premadasa Stadium,1,45.5,New Zealand,India,IG Butler,SE Bond,RP Singh,1,0,,,,,,,,,
403382,2009,2009-09-11,R Premadasa Stadium,1,45.6,New Zealand,India,SE Bond,IG Butler,RP Singh,1,0,,,,,,,,,
403382,2009,2009-09-11,R Premadasa Stadium,1,46.1,New Zealand,India,SE Bond,IG Butler,A Nehra,0,1,,,,1,,,,,
403382,2009,2009-09-11,R Premadasa Stadium,1,46.2,New Zealand,India,IG Butler,SE Bond,A Nehra,0,0,,,,,,,,,
403382,2009,2009-09-11,R Premadasa Stadium,1,46.3,New Zealand,India,IG Butler,SE Bond,A Nehra,0,0,,,,,,caught,IG Butler,,
403382,2009,2009-09-11,R Premadasa Stadium,2,0.1,India,New Zealand,KD Karthik,SR Tendulkar,KD Mills,0,0,,,,,,,,,
403382,2009,2009-09-11,R Premadasa Stadium,2,0.2,India,New Zealand,KD Karthik,SR Tendulkar,KD Mills,0,0,,,,,,,,,
403382,2009,2009-09-11,R Premadasa Stadium,2,0.3,India,New Zealand,KD Karthik,SR Tendulkar,KD Mills,0,0,,,,,,,,,
403382,2009,2009-09-11,R Premadasa Stadium,2,0.4,India,New Zealand,KD Karthik,SR Tendulkar,KD Mills,0,0,,,,,,,,,
403382,2009,2009-09-11,R Premadasa Stadium,2,0.5,India,New Zealand,KD Karthik,SR Tendulkar,KD Mills,0,0,,,,,,,,,
403382,2009,2009-09-11,R Premadasa Stadium,2,0.6,India,New Zealand,KD Karthik,SR Tendulkar,KD Mills,1,0,,,,,,,,,
403382,2009,2009-09-11,R Premadasa Stadium,2,1.1,India,New Zealand,KD Karthik,SR Tendulkar,SE Bond,2,0,,,,,,,,,
403382,2009,2009-09-11,R Premadasa Stadium,2,1.2,India,New Zealand,KD Karthik,SR Tendulkar,SE Bond,0,1,1,,,,,,,,
403382,2009,2009-09-11,R Premadasa Stadium,2,1.3,India,New Zealand,KD Karthik,SR Tendulkar,SE Bond,1,0,,,,,,,,,
403382,2009,2009-09-11,R Premadasa Stadium,2,1.4,India,New Zealand,SR Tendulkar,KD Karthik,SE Bond,2,0,,,,,,,,,
403382,2009,2009-09-11,R Premadasa Stadium,2,1.5,India,New Zealand,SR Tendulkar,KD Karthik,SE Bond,0,0,,,,,,,,,
403382,2009,2009-09-11,R Premadasa Stadium,2,1.6,India,New Zealand,SR Tendulkar,KD Karthik,SE Bond,0,0,,,,,,,,,
403382,2009,2009-09-11,R Premadasa Stadium,2,1.7,India,New Zealand,SR Tendulkar,KD Karthik,SE Bond,0,0,,,,,,,,,
403382,2009,2009-09-11,R Premadasa Stadium,2,2.1,India,New Zealand,KD Karthik,SR Tendulkar,KD Mills,0,0,,,,,,,,,
403382,2009,2009-09-11,R Premadasa Stadium,2,2.2,India,New Zealand,KD Karthik,SR Tendulkar,KD Mills,0,0,,,,,,,,,
403382,2009,2009-09-11,R Premadasa Stadium,2,2.3,India,New Zealand,KD Karthik,SR Tendulkar,KD Mills,0,0,,,,,,lbw,KD Karthik,,
403382,2009,2009-09-11,R Premadasa Stadium,2,2.4,India,New Zealand,R Dravid,SR Tendulkar,KD Mills,0,0,,,,,,,,,
403382,2009,2009-09-11,R Premadasa Stadium,2,2.5,India,New Zealand,R Dravid,SR Tendulkar,KD Mills,0,0,,,,,,,,,
403382,2009,2009-09-11,R Premadasa Stadium,2,2.6,India,New Zealand,R Dravid,SR Tendulkar,KD Mills,0,0,,,,,,,,,
403382,2009,2009-09-11,R Premadasa Stadium,2,3.1,India,New Zealand,SR Tendulkar,R Dravid,SE Bond,0,0,,,,,,,,,
403382,2009,2009-09-11,R Premadasa Stadium,2,3.2,India,New Zealand,SR Tendulkar,R Dravid,SE Bond,0,0,,,,,,,,,
403382,2009,2009-09-11,R Premadasa Stadium,2,3.3,India,New Zealand,SR Tendulkar,R Dravid,SE Bond,0,0,,,,,,,,,
403382,2009,2009-09-11,R Premadasa Stadium,2,3.4,India,New Zealand,SR Tendulkar,R Dravid,SE Bond,0,0,,,,,,,,,
403382,2009,2009-09-11,R Premadasa Stadium,2,3.5,India,New Zealand,SR Tendulkar,R Dravid,SE Bond,0,0,,,,,,,,,
403382,2009,2009-09-11,R Premadasa Stadium,2,3.6,India,New Zealand,SR Tendulkar,R Dravid,SE Bond,1,0,,,,,,,,,
403382,2009,2009-09-11,R Premadasa Stadium,2,4.1,India,New Zealand,SR Tendulkar,R Dravid,KD Mills,3,0,,,,,,,,,
403382,2009,2009-09-11,R Premadasa Stadium,2,4.2,India,New Zealand,R Dravid,SR Tendulkar,KD Mills,0,0,,,,,,,,,
403382,2009,2009-09-11,R Premadasa Stadium,2,4.3,India,New Zealand,R Dravid,SR Tendulkar,KD Mills,0,0,,,,,,,,,
403382,2009,2009-09-11,R Premadasa Stadium,2,4.4,India,New Zealand,R Dravid,SR Tendulkar,KD Mills,1,0,,,,,,,,,
403382,2009,2009-09-11,R Premadasa Stadium,2,4.5,India,New Zealand,SR Tendulkar,R Dravid,KD Mills,1,0,,,,,,,,,
403382,2009,2009-09-11,R Premadasa Stadium,2,4.6,India,New Zealand,R Dravid,SR Tendulkar,KD Mills,3,0,,,,,,,,,
403382,2009,2009-09-11,R Premadasa Stadium,2,5.1,India,New Zealand,R Dravid,SR Tendulkar,SE Bond,0,0,,,,,,,,,
403382,2009,2009-09-11,R Premadasa Stadium,2,5.2,India,New Zealand,R Dravid,SR Tendulkar,SE Bond,0,0,,,,,,,,,
403382,2009,2009-09-11,R Premadasa Stadium,2,5.3,India,New Zealand,R Dravid,SR Tendulkar,SE Bond,0,0,,,,,,,,,
403382,2009,2009-09-11,R Premadasa Stadium,2,5.4,India,New Zealand,R Dravid,SR Tendulkar,SE Bond,0,0,,,,,,,,,
403382,2009,2009-09-11,R Premadasa Stadium,2,5.5,India,New Zealand,R Dravid,SR Tendulkar,SE Bond,0,0,,,,,,,,,
403382,2009,2009-09-11,R Premadasa Stadium,2,5.6,India,New Zealand,R Dravid,SR Tendulkar,SE Bond,0,0,,,,,,,,,
403382,2009,2009-09-11,R Premadasa Stadium,2,6.1,India,New Zealand,SR Tendulkar,R Dravid,KD Mills,4,0,,,,,,,,,
403382,2009,2009-09-11,R Premadasa Stadium,2,6.2,India,New Zealand,SR Tendulkar,R Dravid,KD Mills,0,0,,,,,,,,,
403382,2009,2009-09-11,R Premadasa Stadium,2,6.3,India,New Zealand,SR Tendulkar,R Dravid,KD Mills,1,0,,,,,,,,,
403382,2009,2009-09-11,R Premadasa Stadium,2,6.4,India,New Zealand,R Dravid,SR Tendulkar,KD Mills,1,0,,,,,,,,,
403382,2009,2009-09-11,R Premadasa Stadium,2,6.5,India,New Zealand,SR Tendulkar,R Dravid,KD Mills,1,0,,,,,,,,,
403382,2009,2009-09-11,R Premadasa Stadium,2,6.6,India,New Zealand,R Dravid,SR Tendulkar,KD Mills,0,1,,,,1,,,,,
403382,2009,2009-09-11,R Premadasa Stadium,2,7.1,India,New Zealand,R Dravid,SR Tendulkar,SE Bond,0,0,,,,,,,,,
403382,2009,2009-09-11,R Premadasa Stadium,2,7.2,India,New Zealand,R Dravid,SR Tendulkar,SE Bond,0,0,,,,,,,,,
403382,2009,2009-09-11,R Premadasa Stadium,2,7.3,India,New Zealand,R Dravid,SR Tendulkar,SE Bond,0,0,,,,,,,,,
403382,2009,2009-09-11,R Premadasa Stadium,2,7.4,India,New Zealand,R Dravid,SR Tendulkar,SE Bond,0,0,,,,,,,,,
403382,2009,2009-09-11,R Premadasa Stadium,2,7.5,India,New Zealand,R Dravid,SR Tendulkar,SE Bond,0,0,,,,,,,,,
403382,2009,2009-09-11,R Premadasa Stadium,2,7.6,India,New Zealand,R Dravid,SR Tendulkar,SE Bond,0,0,,,,,,,,,
403382,2009,2009-09-11,R Premadasa Stadium,2,8.1,India,New Zealand,SR Tendulkar,R Dravid,KD Mills,0,0,,,,,,,,,
403382,2009,2009-09-11,R Premadasa Stadium,2,8.2,India,New Zealand,SR Tendulkar,R Dravid,KD Mills,0,0,,,,,,,,,
403382,2009,2009-09-11,R Premadasa Stadium,2,8.3,India,New Zealand,SR Tendulkar,R Dravid,KD Mills,0,0,,,,,,,,,
403382,2009,2009-09-11,R Premadasa Stadium,2,8.4,India,New Zealand,SR Tendulkar,R Dravid,KD Mills,4,0,,,,,,,,,
403382,2009,2009-09-11,R Premadasa Stadium,2,8.5,India,New Zealand,SR Tendulkar,R Dravid,KD Mills,2,0,,,,,,,,,
403382,2009,2009-09-11,R Premadasa Stadium,2,8.6,India,New Zealand,SR Tendulkar,R Dravid,KD Mills,0,0,,,,,,,,,
403382,2009,2009-09-11,R Premadasa Stadium,2,9.1,India,New Zealand,R Dravid,SR Tendulkar,SE Bond,0,0,,,,,,,,,
403382,2009,2009-09-11,R Premadasa Stadium,2,9.2,India,New Zealand,R Dravid,SR Tendulkar,SE Bond,0,0,,,,,,,,,
403382,2009,2009-09-11,R Premadasa Stadium,2,9.3,India,New Zealand,R Dravid,SR Tendulkar,SE Bond,0,0,,,,,,,,,
403382,2009,2009-09-11,R Premadasa Stadium,2,9.4,India,New Zealand,R Dravid,SR Tendulkar,SE Bond,0,0,,,,,,,,,
403382,2009,2009-09-11,R Premadasa Stadium,2,9.5,India,New Zealand,R Dravid,SR Tendulkar,SE Bond,0,0,,,,,,,,,
403382,2009,2009-09-11,R Premadasa Stadium,2,9.6,India,New Zealand,R Dravid,SR Tendulkar,SE Bond,4,0,,,,,,,,,
403382,2009,2009-09-11,R Premadasa Stadium,2,10.1,India,New Zealand,SR Tendulkar,R Dravid,IG Butler,0,0,,,,,,,,,
403382,2009,2009-09-11,R Premadasa Stadium,2,10.2,India,New Zealand,SR Tendulkar,R Dravid,IG Butler,4,0,,,,,,,,,
403382,2009,2009-09-11,R Premadasa Stadium,2,10.3,India,New Zealand,SR Tendulkar,R Dravid,IG Butler,0,0,,,,,,,,,
403382,2009,2009-09-11,R Premadasa Stadium,2,10.4,India,New Zealand,SR Tendulkar,R Dravid,IG Butler,0,0,,,,,,,,,
403382,2009,2009-09-11,R Premadasa Stadium,2,10.5,India,New Zealand,SR Tendulkar,R Dravid,IG Butler,4,0,,,,,,,,,
403382,2009,2009-09-11,R Premadasa Stadium,2,10.6,India,New Zealand,SR Tendulkar,R Dravid,IG Butler,3,0,,,,,,,,,
403382,2009,2009-09-11,R Premadasa Stadium,2,11.1,India,New Zealand,SR Tendulkar,R Dravid,DL Vettori,1,0,,,,,,,,,
403382,2009,2009-09-11,R Premadasa Stadium,2,11.2,India,New Zealand,R Dravid,SR Tendulkar,DL Vettori,1,0,,,,,,,,,
403382,2009,2009-09-11,R Premadasa Stadium,2,11.3,India,New Zealand,SR Tendulkar,R Dravid,DL Vettori,0,0,,,,,,,,,
403382,2009,2009-09-11,R Premadasa Stadium,2,11.4,India,New Zealand,SR Tendulkar,R Dravid,DL Vettori,0,0,,,,,,,,,
403382,2009,2009-09-11,R Premadasa Stadium,2,11.5,India,New Zealand,SR Tendulkar,R Dravid,DL Vettori,0,0,,,,,,,,,
403382,2009,2009-09-11,R Premadasa Stadium,2,11.6,India,New Zealand,SR Tendulkar,R Dravid,DL Vettori,1,0,,,,,,,,,
403382,2009,2009-09-11,R Premadasa Stadium,2,12.1,India,New Zealand,SR Tendulkar,R Dravid,IG Butler,0,0,,,,,,,,,
403382,2009,2009-09-11,R Premadasa Stadium,2,12.2,India,New Zealand,SR Tendulkar,R Dravid,IG Butler,4,0,,,,,,,,,
403382,2009,2009-09-11,R Premadasa Stadium,2,12.3,India,New Zealand,SR Tendulkar,R Dravid,IG Butler,0,0,,,,,,,,,
403382,2009,2009-09-11,R Premadasa Stadium,2,12.4,India,New Zealand,SR Tendulkar,R Dravid,IG Butler,1,0,,,,,,,,,
403382,2009,2009-09-11,R Premadasa Stadium,2,12.5,India,New Zealand,R Dravid,SR Tendulkar,IG Butler,1,0,,,,,,,,,
403382,2009,2009-09-11,R Premadasa Stadium,2,12.6,India,New Zealand,SR Tendulkar,R Dravid,IG Butler,0,0,,,,,,,,,
403382,2009,2009-09-11,R Premadasa Stadium,2,13.1,India,New Zealand,R Dravid,SR Tendulkar,DL Vettori,1,0,,,,,,,,,
403382,2009,2009-09-11,R Premadasa Stadium,2,13.2,India,New Zealand,SR Tendulkar,R Dravid,DL Vettori,0,0,,,,,,,,,
403382,2009,2009-09-11,R Premadasa Stadium,2,13.3,India,New Zealand,SR Tendulkar,R Dravid,DL Vettori,1,0,,,,,,,,,
403382,2009,2009-09-11,R Premadasa Stadium,2,13.4,India,New Zealand,R Dravid,SR Tendulkar,DL Vettori,0,0,,,,,,,,,
403382,2009,2009-09-11,R Premadasa Stadium,2,13.5,India,New Zealand,R Dravid,SR Tendulkar,DL Vettori,0,1,,,,1,,,,,
403382,2009,2009-09-11,R Premadasa Stadium,2,13.6,India,New Zealand,SR Tendulkar,R Dravid,DL Vettori,0,0,,,,,,,,,
403382,2009,2009-09-11,R Premadasa Stadium,2,14.1,India,New Zealand,R Dravid,SR Tendulkar,JDP Oram,0,0,,,,,,,,,
403382,2009,2009-09-11,R Premadasa Stadium,2,14.2,India,New Zealand,R Dravid,SR Tendulkar,JDP Oram,0,0,,,,,,,,,
403382,2009,2009-09-11,R Premadasa Stadium,2,14.3,India,New Zealand,R Dravid,SR Tendulkar,JDP Oram,0,0,,,,,,,,,
403382,2009,2009-09-11,R Premadasa Stadium,2,14.4,India,New Zealand,R Dravid,SR Tendulkar,JDP Oram,0,0,,,,,,,,,
403382,2009,2009-09-11,R Premadasa Stadium,2,14.5,India,New Zealand,R Dravid,SR Tendulkar,JDP Oram,0,0,,,,,,,,,
403382,2009,2009-09-11,R Premadasa Stadium,2,14.6,India,New Zealand,R Dravid,SR Tendulkar,JDP Oram,0,0,,,,,,,,,
403382,2009,2009-09-11,R Premadasa Stadium,2,15.1,India,New Zealand,SR Tendulkar,R Dravid,DL Vettori,0,0,,,,,,,,,
403382,2009,2009-09-11,R Premadasa Stadium,2,15.2,India,New Zealand,SR Tendulkar,R Dravid,DL Vettori,0,0,,,,,,,,,
403382,2009,2009-09-11,R Premadasa Stadium,2,15.3,India,New Zealand,SR Tendulkar,R Dravid,DL Vettori,0,0,,,,,,,,,
403382,2009,2009-09-11,R Premadasa Stadium,2,15.4,India,New Zealand,SR Tendulkar,R Dravid,DL Vettori,0,0,,,,,,,,,
403382,2009,2009-09-11,R Premadasa Stadium,2,15.5,India,New Zealand,SR Tendulkar,R Dravid,DL Vettori,1,0,,,,,,,,,
403382,2009,2009-09-11,R Premadasa Stadium,2,15.6,India,New Zealand,R Dravid,SR Tendulkar,DL Vettori,0,0,,,,,,,,,
403382,2009,2009-09-11,R Premadasa Stadium,2,16.1,India,New Zealand,SR Tendulkar,R Dravid,JDP Oram,1,0,,,,,,,,,
403382,2009,2009-09-11,R Premadasa Stadium,2,16.2,India,New Zealand,R Dravid,SR Tendulkar,JDP Oram,0,0,,,,,,,,,
403382,2009,2009-09-11,R Premadasa Stadium,2,16.3,India,New Zealand,R Dravid,SR Tendulkar,JDP Oram,0,0,,,,,,,,,
403382,2009,2009-09-11,R Premadasa Stadium,2,16.4,India,New Zealand,R Dravid,SR Tendulkar,JDP Oram,0,0,,,,,,,,,
403382,2009,2009-09-11,R Premadasa Stadium,2,16.5,India,New Zealand,R Dravid,SR Tendulkar,JDP Oram,1,0,,,,,,,,,
403382,2009,2009-09-11,R Premadasa Stadium,2,16.6,India,New Zealand,SR Tendulkar,R Dravid,JDP Oram,1,0,,,,,,,,,
403382,2009,2009-09-11,R Premadasa Stadium,2,17.1,India,New Zealand,SR Tendulkar,R Dravid,DL Vettori,4,0,,,,,,,,,
403382,2009,2009-09-11,R Premadasa Stadium,2,17.2,India,New Zealand,SR Tendulkar,R Dravid,DL Vettori,1,0,,,,,,,,,
403382,2009,2009-09-11,R Premadasa Stadium,2,17.3,India,New Zealand,R Dravid,SR Tendulkar,DL Vettori,1,0,,,,,,,,,
403382,2009,2009-09-11,R Premadasa Stadium,2,17.4,India,New Zealand,SR Tendulkar,R Dravid,DL Vettori,0,0,,,,,,,,,
403382,2009,2009-09-11,R Premadasa Stadium,2,17.5,India,New Zealand,SR Tendulkar,R Dravid,DL Vettori,0,0,,,,,,,,,
403382,2009,2009-09-11,R Premadasa Stadium,2,17.6,India,New Zealand,SR Tendulkar,R Dravid,DL Vettori,0,0,,,,,,,,,
403382,2009,2009-09-11,R Premadasa Stadium,2,18.1,India,New Zealand,R Dravid,SR Tendulkar,JDP Oram,0,0,,,,,,lbw,R Dravid,,
403382,2009,2009-09-11,R Premadasa Stadium,2,18.2,India,New Zealand,Yuvraj Singh,SR Tendulkar,JDP Oram,0,0,,,,,,,,,
403382,2009,2009-09-11,R Premadasa Stadium,2,18.3,India,New Zealand,Yuvraj Singh,SR Tendulkar,JDP Oram,4,0,,,,,,,,,
403382,2009,2009-09-11,R Premadasa Stadium,2,18.4,India,New Zealand,Yuvraj Singh,SR Tendulkar,JDP Oram,0,0,,,,,,,,,
403382,2009,2009-09-11,R Premadasa Stadium,2,18.5,India,New Zealand,Yuvraj Singh,SR Tendulkar,JDP Oram,0,0,,,,,,,,,
403382,2009,2009-09-11,R Premadasa Stadium,2,18.6,India,New Zealand,Yuvraj Singh,SR Tendulkar,JDP Oram,0,0,,,,,,,,,
403382,2009,2009-09-11,R Premadasa Stadium,2,19.1,India,New Zealand,SR Tendulkar,Yuvraj Singh,DL Vettori,0,0,,,,,,,,,
403382,2009,2009-09-11,R Premadasa Stadium,2,19.2,India,New Zealand,SR Tendulkar,Yuvraj Singh,DL Vettori,0,0,,,,,,caught,SR Tendulkar,,
403382,2009,2009-09-11,R Premadasa Stadium,2,19.3,India,New Zealand,MS Dhoni,Yuvraj Singh,DL Vettori,0,0,,,,,,,,,
403382,2009,2009-09-11,R Premadasa Stadium,2,19.4,India,New Zealand,MS Dhoni,Yuvraj Singh,DL Vettori,0,0,,,,,,,,,
403382,2009,2009-09-11,R Premadasa Stadium,2,19.5,India,New Zealand,MS Dhoni,Yuvraj Singh,DL Vettori,0,0,,,,,,,,,
403382,2009,2009-09-11,R Premadasa Stadium,2,19.6,India,New Zealand,MS Dhoni,Yuvraj Singh,DL Vettori,1,0,,,,,,,,,
403382,2009,2009-09-11,R Premadasa Stadium,2,20.1,India,New Zealand,MS Dhoni,Yuvraj Singh,JDP Oram,0,0,,,,,,,,,
403382,2009,2009-09-11,R Premadasa Stadium,2,20.2,India,New Zealand,MS Dhoni,Yuvraj Singh,JDP Oram,0,0,,,,,,,,,
403382,2009,2009-09-11,R Premadasa Stadium,2,20.3,India,New Zealand,MS Dhoni,Yuvraj Singh,JDP Oram,0,0,,,,,,,,,
403382,2009,2009-09-11,R Premadasa Stadium,2,20.4,India,New Zealand,MS Dhoni,Yuvraj Singh,JDP Oram,0,0,,,,,,,,,
403382,2009,2009-09-11,R Premadasa Stadium,2,20.5,India,New Zealand,MS Dhoni,Yuvraj Singh,JDP Oram,1,0,,,,,,,,,
403382,2009,2009-09-11,R Premadasa Stadium,2,20.6,India,New Zealand,Yuvraj Singh,MS Dhoni,JDP Oram,0,0,,,,,,,,,
403382,2009,2009-09-11,R Premadasa Stadium,2,21.1,India,New Zealand,MS Dhoni,Yuvraj Singh,DL Vettori,0,0,,,,,,,,,
403382,2009,2009-09-11,R Premadasa Stadium,2,21.2,India,New Zealand,MS Dhoni,Yuvraj Singh,DL Vettori,0,0,,,,,,,,,
403382,2009,2009-09-11,R Premadasa Stadium,2,21.3,India,New Zealand,MS Dhoni,Yuvraj Singh,DL Vettori,0,0,,,,,,,,,
403382,2009,2009-09-11,R Premadasa Stadium,2,21.4,India,New Zealand,MS Dhoni,Yuvraj Singh,DL Vettori,0,0,,,,,,,,,
403382,2009,2009-09-11,R Premadasa Stadium,2,21.5,India,New Zealand,MS Dhoni,Yuvraj Singh,DL Vettori,1,0,,,,,,,,,
403382,2009,2009-09-11,R Premadasa Stadium,2,21.6,India,New Zealand,Yuvraj Singh,MS Dhoni,DL Vettori,0,0,,,,,,,,,
403382,2009,2009-09-11,R Premadasa Stadium,2,22.1,India,New Zealand,MS Dhoni,Yuvraj Singh,JDP Oram,0,0,,,,,,,,,
403382,2009,2009-09-11,R Premadasa Stadium,2,22.2,India,New Zealand,MS Dhoni,Yuvraj Singh,JDP Oram,0,0,,,,,,,,,
403382,2009,2009-09-11,R Premadasa Stadium,2,22.3,India,New Zealand,MS Dhoni,Yuvraj Singh,JDP Oram,4,0,,,,,,,,,
403382,2009,2009-09-11,R Premadasa Stadium,2,22.4,India,New Zealand,MS Dhoni,Yuvraj Singh,JDP Oram,0,0,,,,,,,,,
403382,2009,2009-09-11,R Premadasa Stadium,2,22.5,India,New Zealand,MS Dhoni,Yuvraj Singh,JDP Oram,1,0,,,,,,,,,
403382,2009,2009-09-11,R Premadasa Stadium,2,22.6,India,New Zealand,Yuvraj Singh,MS Dhoni,JDP Oram,0,0,,,,,,,,,
403382,2009,2009-09-11,R Premadasa Stadium,2,23.1,India,New Zealand,MS Dhoni,Yuvraj Singh,DL Vettori,1,0,,,,,,,,,
403382,2009,2009-09-11,R Premadasa Stadium,2,23.2,India,New Zealand,Yuvraj Singh,MS Dhoni,DL Vettori,0,0,,,,,,,,,
403382,2009,2009-09-11,R Premadasa Stadium,2,23.3,India,New Zealand,Yuvraj Singh,MS Dhoni,DL Vettori,0,0,,,,,,,,,
403382,2009,2009-09-11,R Premadasa Stadium,2,23.4,India,New Zealand,Yuvraj Singh,MS Dhoni,DL Vettori,4,0,,,,,,,,,
403382,2009,2009-09-11,R Premadasa Stadium,2,23.5,India,New Zealand,Yuvraj Singh,MS Dhoni,DL Vettori,0,0,,,,,,,,,
403382,2009,2009-09-11,R Premadasa Stadium,2,23.6,India,New Zealand,Yuvraj Singh,MS Dhoni,DL Vettori,0,0,,,,,,caught,Yuvraj Singh,,
403382,2009,2009-09-11,R Premadasa Stadium,2,24.1,India,New Zealand,SK Raina,MS Dhoni,JDP Oram,0,0,,,,,,,,,
403382,2009,2009-09-11,R Premadasa Stadium,2,24.2,India,New Zealand,SK Raina,MS Dhoni,JDP Oram,0,0,,,,,,,,,
403382,2009,2009-09-11,R Premadasa Stadium,2,24.3,India,New Zealand,SK Raina,MS Dhoni,JDP Oram,1,0,,,,,,,,,
403382,2009,2009-09-11,R Premadasa Stadium,2,24.4,India,New Zealand,MS Dhoni,SK Raina,JDP Oram,0,0,,,,,,,,,
403382,2009,2009-09-11,R Premadasa Stadium,2,24.5,India,New Zealand,MS Dhoni,SK Raina,JDP Oram,0,0,,,,,,,,,
403382,2009,2009-09-11,R Premadasa Stadium,2,24.6,India,New Zealand,MS Dhoni,SK Raina,JDP Oram,0,0,,,,,,,,,
403382,2009,2009-09-11,R Premadasa Stadium,2,25.1,India,New Zealand,SK Raina,MS Dhoni,DL Vettori,0,0,,,,,,,,,
403382,2009,2009-09-11,R Premadasa Stadium,2,25.2,India,New Zealand,SK Raina,MS Dhoni,DL Vettori,0,0,,,,,,,,,
403382,2009,2009-09-11,R Premadasa Stadium,2,25.3,India,New Zealand,SK Raina,MS Dhoni,DL Vettori,0,0,,,,,,,,,
403382,2009,2009-09-11,R Premadasa Stadium,2,25.4,India,New Zealand,SK Raina,MS Dhoni,DL Vettori,0,0,,,,,,,,,
403382,2009,2009-09-11,R Premadasa Stadium,2,25.5,India,New Zealand,SK Raina,MS Dhoni,DL Vettori,6,0,,,,,,,,,
403382,2009,2009-09-11,R Premadasa Stadium,2,25.6,India,New Zealand,SK Raina,MS Dhoni,DL Vettori,3,0,,,,,,,,,
403382,2009,2009-09-11,R Premadasa Stadium,2,26.1,India,New Zealand,SK Raina,MS Dhoni,JDP Oram,0,0,,,,,,,,,
403382,2009,2009-09-11,R Premadasa Stadium,2,26.2,India,New Zealand,SK Raina,MS Dhoni,JDP Oram,0,0,,,,,,,,,
403382,2009,2009-09-11,R Premadasa Stadium,2,26.3,India,New Zealand,SK Raina,MS Dhoni,JDP Oram,3,0,,,,,,,,,
403382,2009,2009-09-11,R Premadasa Stadium,2,26.4,India,New Zealand,MS Dhoni,SK Raina,JDP Oram,0,0,,,,,,,,,
403382,2009,2009-09-11,R Premadasa Stadium,2,26.5,India,New Zealand,MS Dhoni,SK Raina,JDP Oram,2,0,,,,,,,,,
403382,2009,2009-09-11,R Premadasa Stadium,2,26.6,India,New Zealand,MS Dhoni,SK Raina,JDP Oram,0,0,,,,,,,,,
403382,2009,2009-09-11,R Premadasa Stadium,2,27.1,India,New Zealand,SK Raina,MS Dhoni,SE Bond,0,0,,,,,,,,,
403382,2009,2009-09-11,R Premadasa Stadium,2,27.2,India,New Zealand,SK Raina,MS Dhoni,SE Bond,0,0,,,,,,,,,
403382,2009,2009-09-11,R Premadasa Stadium,2,27.3,India,New Zealand,SK Raina,MS Dhoni,SE Bond,0,0,,,,,,,,,
403382,2009,2009-09-11,R Premadasa Stadium,2,27.4,India,New Zealand,SK Raina,MS Dhoni,SE Bond,0,0,,,,,,,,,
403382,2009,2009-09-11,R Premadasa Stadium,2,27.5,India,New Zealand,SK Raina,MS Dhoni,SE Bond,0,0,,,,,,,,,
403382,2009,2009-09-11,R Premadasa Stadium,2,27.6,India,New Zealand,SK Raina,MS Dhoni,SE Bond,0,0,,,,,,,,,
403382,2009,2009-09-11,R Premadasa Stadium,2,28.1,India,New Zealand,MS Dhoni,SK Raina,GD Elliott,0,0,,,,,,,,,
403382,2009,2009-09-11,R Premadasa Stadium,2,28.2,India,New Zealand,MS Dhoni,SK Raina,GD Elliott,0,0,,,,,,,,,
403382,2009,2009-09-11,R Premadasa Stadium,2,28.3,India,New Zealand,MS Dhoni,SK Raina,GD Elliott,2,0,,,,,,,,,
403382,2009,2009-09-11,R Premadasa Stadium,2,28.4,India,New Zealand,MS Dhoni,SK Raina,GD Elliott,0,0,,,,,,,,,
403382,2009,2009-09-11,R Premadasa Stadium,2,28.5,India,New Zealand,MS Dhoni,SK Raina,GD Elliott,0,0,,,,,,,,,
403382,2009,2009-09-11,R Premadasa Stadium,2,28.6,India,New Zealand,MS Dhoni,SK Raina,GD Elliott,1,0,,,,,,,,,
403382,2009,2009-09-11,R Premadasa Stadium,2,29.1,India,New Zealand,MS Dhoni,SK Raina,SE Bond,0,0,,,,,,,,,
403382,2009,2009-09-11,R Premadasa Stadium,2,29.2,India,New Zealand,MS Dhoni,SK Raina,SE Bond,4,0,,,,,,,,,
403382,2009,2009-09-11,R Premadasa Stadium,2,29.3,India,New Zealand,MS Dhoni,SK Raina,SE Bond,0,0,,,,,,,,,
403382,2009,2009-09-11,R Premadasa Stadium,2,29.4,India,New Zealand,MS Dhoni,SK Raina,SE Bond,1,0,,,,,,,,,
403382,2009,2009-09-11,R Premadasa Stadium,2,29.5,India,New Zealand,SK Raina,MS Dhoni,SE Bond,0,0,,,,,,,,,
403382,2009,2009-09-11,R Premadasa Stadium,2,29.6,India,New Zealand,SK Raina,MS Dhoni,SE Bond,1,0,,,,,,,,,
403382,2009,2009-09-11,R Premadasa Stadium,2,30.1,India,New Zealand,SK Raina,MS Dhoni,GD Elliott,0,0,,,,,,,,,
403382,2009,2009-09-11,R Premadasa Stadium,2,30.2,India,New Zealand,SK Raina,MS Dhoni,GD Elliott,1,0,,,,,,,,,
403382,2009,2009-09-11,R Premadasa Stadium,2,30.3,India,New Zealand,MS Dhoni,SK Raina,GD Elliott,0,0,,,,,,,,,
403382,2009,2009-09-11,R Premadasa Stadium,2,30.4,India,New Zealand,MS Dhoni,SK Raina,GD Elliott,1,0,,,,,,,,,
403382,2009,2009-09-11,R Premadasa Stadium,2,30.5,India,New Zealand,SK Raina,MS Dhoni,GD Elliott,4,0,,,,,,,,,
403382,2009,2009-09-11,R Premadasa Stadium,2,30.6,India,New Zealand,SK Raina,MS Dhoni,GD Elliott,0,0,,,,,,,,,
403382,2009,2009-09-11,R Premadasa Stadium,2,31.1,India,New Zealand,MS Dhoni,SK Raina,MJ Guptill,0,0,,,,,,,,,
403382,2009,2009-09-11,R Premadasa Stadium,2,31.2,India,New Zealand,MS Dhoni,SK Raina,MJ Guptill,1,0,,,,,,,,,
403382,2009,2009-09-11,R Premadasa Stadium,2,31.3,India,New Zealand,SK Raina,MS Dhoni,MJ Guptill,0,0,,,,,,,,,
403382,2009,2009-09-11,R Premadasa Stadium,2,31.4,India,New Zealand,SK Raina,MS Dhoni,MJ Guptill,2,0,,,,,,,,,
403382,2009,2009-09-11,R Premadasa Stadium,2,31.5,India,New Zealand,SK Raina,MS Dhoni,MJ Guptill,0,0,,,,,,,,,
403382,2009,2009-09-11,R Premadasa Stadium,2,31.6,India,New Zealand,SK Raina,MS Dhoni,MJ Guptill,0,0,,,,,,,,,
403382,2009,2009-09-11,R Premadasa Stadium,2,32.1,India,New Zealand,MS Dhoni,SK Raina,IG Butler,0,0,,,,,,,,,
403382,2009,2009-09-11,R Premadasa Stadium,2,32.2,India,New Zealand,MS Dhoni,SK Raina,IG Butler,0,0,,,,,,,,,
403382,2009,2009-09-11,R Premadasa Stadium,2,32.3,India,New Zealand,MS Dhoni,SK Raina,IG Butler,4,0,,,,,,,,,
403382,2009,2009-09-11,R Premadasa Stadium,2,32.4,India,New Zealand,MS Dhoni,SK Raina,IG Butler,0,0,,,,,,,,,
403382,2009,2009-09-11,R Premadasa Stadium,2,32.5,India,New Zealand,MS Dhoni,SK Raina,IG Butler,0,0,,,,,,,,,
403382,2009,2009-09-11,R Premadasa Stadium,2,32.6,India,New Zealand,MS Dhoni,SK Raina,IG Butler,0,0,,,,,,,,,
403382,2009,2009-09-11,R Premadasa Stadium,2,33.1,India,New Zealand,SK Raina,MS Dhoni,MJ Guptill,0,0,,,,,,,,,
403382,2009,2009-09-11,R Premadasa Stadium,2,33.2,India,New Zealand,SK Raina,MS Dhoni,MJ Guptill,1,0,,,,,,,,,
403382,2009,2009-09-11,R Premadasa Stadium,2,33.3,India,New Zealand,MS Dhoni,SK Raina,MJ Guptill,1,0,,,,,,,,,
403382,2009,2009-09-11,R Premadasa Stadium,2,33.4,India,New Zealand,SK Raina,MS Dhoni,MJ Guptill,6,0,,,,,,,,,
403382,2009,2009-09-11,R Premadasa Stadium,2,33.5,India,New Zealand,SK Raina,MS Dhoni,MJ Guptill,0,0,,,,,,,,,
403382,2009,2009-09-11,R Premadasa Stadium,2,33.6,India,New Zealand,SK Raina,MS Dhoni,MJ Guptill,1,0,,,,,,,,,
403382,2009,2009-09-11,R Premadasa Stadium,2,34.1,India,New Zealand,SK Raina,MS Dhoni,IG Butler,0,0,,,,,,,,,
403382,2009,2009-09-11,R Premadasa Stadium,2,34.2,India,New Zealand,SK Raina,MS Dhoni,IG Butler,0,0,,,,,,,,,
403382,2009,2009-09-11,R Premadasa Stadium,2,34.3,India,New Zealand,SK Raina,MS Dhoni,IG Butler,0,0,,,,,,,,,
403382,2009,2009-09-11,R Premadasa Stadium,2,34.4,India,New Zealand,SK Raina,MS Dhoni,IG Butler,4,0,,,,,,,,,
403382,2009,2009-09-11,R Premadasa Stadium,2,34.5,India,New Zealand,SK Raina,MS Dhoni,IG Butler,0,0,,,,,,,,,
403382,2009,2009-09-11,R Premadasa Stadium,2,34.6,India,New Zealand,SK Raina,MS Dhoni,IG Butler,0,0,,,,,,,,,
403382,2009,2009-09-11,R Premadasa Stadium,2,35.1,India,New Zealand,MS Dhoni,SK Raina,SE Bond,0,0,,,,,,,,,
403382,2009,2009-09-11,R Premadasa Stadium,2,35.2,India,New Zealand,MS Dhoni,SK Raina,SE Bond,4,0,,,,,,,,,
403382,2009,2009-09-11,R Premadasa Stadium,2,35.3,India,New Zealand,MS Dhoni,SK Raina,SE Bond,0,0,,,,,,,,,
403382,2009,2009-09-11,R Premadasa Stadium,2,35.4,India,New Zealand,MS Dhoni,SK Raina,SE Bond,0,0,,,,,,,,,
403382,2009,2009-09-11,R Premadasa Stadium,2,35.5,India,New Zealand,MS Dhoni,SK Raina,SE Bond,1,0,,,,,,,,,
403382,2009,2009-09-11,R Premadasa Stadium,2,35.6,India,New Zealand,SK Raina,MS Dhoni,SE Bond,0,0,,,,,,,,,
403382,2009,2009-09-11,R Premadasa Stadium,2,36.1,India,New Zealand,MS Dhoni,SK Raina,DL Vettori,0,0,,,,,,,,,
403382,2009,2009-09-11,R Premadasa Stadium,2,36.2,India,New Zealand,MS Dhoni,SK Raina,DL Vettori,0,0,,,,,,,,,
403382,2009,2009-09-11,R Premadasa Stadium,2,36.3,India,New Zealand,MS Dhoni,SK Raina,DL Vettori,0,0,,,,,,,,,
403382,2009,2009-09-11,R Premadasa Stadium,2,36.4,India,New Zealand,MS Dhoni,SK Raina,DL Vettori,1,0,,,,,,,,,
403382,2009,2009-09-11,R Premadasa Stadium,2,36.5,India,New Zealand,SK Raina,MS Dhoni,DL Vettori,0,0,,,,,,,,,
403382,2009,2009-09-11,R Premadasa Stadium,2,36.6,India,New Zealand,SK Raina,MS Dhoni,DL Vettori,0,0,,,,,,,,,
403382,2009,2009-09-11,R Premadasa Stadium,2,37.1,India,New Zealand,MS Dhoni,SK Raina,SE Bond,1,0,,,,,,,,,
403382,2009,2009-09-11,R Premadasa Stadium,2,37.2,India,New Zealand,SK Raina,MS Dhoni,SE Bond,0,0,,,,,,,,,
403382,2009,2009-09-11,R Premadasa Stadium,2,37.3,India,New Zealand,SK Raina,MS Dhoni,SE Bond,0,0,,,,,,,,,
403382,2009,2009-09-11,R Premadasa Stadium,2,37.4,India,New Zealand,SK Raina,MS Dhoni,SE Bond,1,0,,,,,,,,,
403382,2009,2009-09-11,R Premadasa Stadium,2,37.5,India,New Zealand,MS Dhoni,SK Raina,SE Bond,0,0,,,,,,,,,
403382,2009,2009-09-11,R Premadasa Stadium,2,37.6,India,New Zealand,MS Dhoni,SK Raina,SE Bond,0,0,,,,,,,,,
403382,2009,2009-09-11,R Premadasa Stadium,2,38.1,India,New Zealand,SK Raina,MS Dhoni,DL Vettori,0,0,,,,,,,,,
403382,2009,2009-09-11,R Premadasa Stadium,2,38.2,India,New Zealand,SK Raina,MS Dhoni,DL Vettori,2,0,,,,,,,,,
403382,2009,2009-09-11,R Premadasa Stadium,2,38.3,India,New Zealand,SK Raina,MS Dhoni,DL Vettori,1,0,,,,,,,,,
403382,2009,2009-09-11,R Premadasa Stadium,2,38.4,India,New Zealand,MS Dhoni,SK Raina,DL Vettori,0,0,,,,,,,,,
403382,2009,2009-09-11,R Premadasa Stadium,2,38.5,India,New Zealand,MS Dhoni,SK Raina,DL Vettori,0,0,,,,,,,,,
403382,2009,2009-09-11,R Premadasa Stadium,2,38.6,India,New Zealand,MS Dhoni,SK Raina,DL Vettori,1,0,,,,,,,,,
403382,2009,2009-09-11,R Premadasa Stadium,2,39.1,India,New Zealand,MS Dhoni,SK Raina,SE Bond,0,1,,,,1,,,,,
403382,2009,2009-09-11,R Premadasa Stadium,2,39.2,India,New Zealand,SK Raina,MS Dhoni,SE Bond,0,0,,,,,,,,,
403382,2009,2009-09-11,R Premadasa Stadium,2,39.3,India,New Zealand,SK Raina,MS Dhoni,SE Bond,0,0,,,,,,,,,
403382,2009,2009-09-11,R Premadasa Stadium,2,39.4,India,New Zealand,SK Raina,MS Dhoni,SE Bond,0,0,,,,,,,,,
403382,2009,2009-09-11,R Premadasa Stadium,2,39.5,India,New Zealand,SK Raina,MS Dhoni,SE Bond,2,0,,,,,,,,,
403382,2009,2009-09-11,R Premadasa Stadium,2,39.6,India,New Zealand,SK Raina,MS Dhoni,SE Bond,4,0,,,,,,,,,
403382,2009,2009-09-11,R Premadasa Stadium,2,40.1,India,New Zealand,MS Dhoni,SK Raina,KD Mills,0,0,,,,,,,,,
403382,2009,2009-09-11,R Premadasa Stadium,2,40.2,India,New Zealand,MS Dhoni,SK Raina,KD Mills,1,0,,,,,,,,,
403382,2009,2009-09-11,R Premadasa Stadium,2,40.3,India,New Zealand,SK Raina,MS Dhoni,KD Mills,2,0,,,,,,,,,
