match_id,season,start_date,venue,innings,ball,batting_team,bowling_team,striker,non_striker,bowler,runs_off_bat,extras,wides,noballs,byes,legbyes,penalty,wicket_type,player_dismissed,other_wicket_type,other_player_dismissed
406192,2009/10,2010-02-07,Melbourne Cricket Ground,1,0.1,Australia,West Indies,SR Watson,SE Marsh,KAJ Roach,0,0,,,,,,,,,
406192,2009/10,2010-02-07,Melbourne Cricket Ground,1,0.2,Australia,West Indies,SR Watson,SE Marsh,KAJ Roach,0,1,1,,,,,,,,
406192,2009/10,2010-02-07,Melbourne Cricket Ground,1,0.3,Australia,West Indies,SR Watson,SE Marsh,KAJ Roach,0,0,,,,,,,,,
406192,2009/10,2010-02-07,Melbourne Cricket Ground,1,0.4,Australia,West Indies,SR Watson,SE Marsh,KAJ Roach,0,0,,,,,,,,,
406192,2009/10,2010-02-07,Melbourne Cricket Ground,1,0.5,Australia,West Indies,SR Watson,SE Marsh,KAJ Roach,0,0,,,,,,,,,
406192,2009/10,2010-02-07,Melbourne Cricket Ground,1,0.6,Australia,West Indies,SR Watson,SE Marsh,KAJ Roach,0,0,,,,,,,,,
406192,2009/10,2010-02-07,Melbourne Cricket Ground,1,0.7,Australia,West Indies,SR Watson,SE Marsh,KAJ Roach,0,0,,,,,,,,,
406192,2009/10,2010-02-07,Melbourne Cricket Ground,1,1.1,Australia,West Indies,SE Marsh,SR Watson,R Rampaul,0,0,,,,,,,,,
406192,2009/10,2010-02-07,Melbourne Cricket Ground,1,1.2,Australia,West Indies,SE Marsh,SR Watson,R Rampaul,0,4,,,,4,,,,,
406192,2009/10,2010-02-07,Melbourne Cricket Ground,1,1.3,Australia,West Indies,SE Marsh,SR Watson,R Rampaul,1,0,,,,,,,,,
406192,2009/10,2010-02-07,Melbourne Cricket Ground,1,1.4,Australia,West Indies,SR Watson,SE Marsh,R Rampaul,0,0,,,,,,,,,
406192,2009/10,2010-02-07,Melbourne Cricket Ground,1,1.5,Australia,West Indies,SR Watson,SE Marsh,R Rampaul,0,0,,,,,,,,,
406192,2009/10,2010-02-07,Melbourne Cricket Ground,1,1.6,Australia,West Indies,SR Watson,SE Marsh,R Rampaul,4,0,,,,,,,,,
406192,2009/10,2010-02-07,Melbourne Cricket Ground,1,2.1,Australia,West Indies,SE Marsh,SR Watson,KAJ Roach,0,0,,,,,,,,,
406192,2009/10,2010-02-07,Melbourne Cricket Ground,1,2.2,Australia,West Indies,SE Marsh,SR Watson,KAJ Roach,0,0,,,,,,,,,
406192,2009/10,2010-02-07,Melbourne Cricket Ground,1,2.3,Australia,West Indies,SE Marsh,SR Watson,KAJ Roach,0,0,,,,,,,,,
406192,2009/10,2010-02-07,Melbourne Cricket Ground,1,2.4,Australia,West Indies,SE Marsh,SR Watson,KAJ Roach,0,0,,,,,,,,,
406192,2009/10,2010-02-07,Melbourne Cricket Ground,1,2.5,Australia,West Indies,SE Marsh,SR Watson,KAJ Roach,0,0,,,,,,,,,
406192,2009/10,2010-02-07,Melbourne Cricket Ground,1,2.6,Australia,West Indies,SE Marsh,SR Watson,KAJ Roach,0,0,,,,,,,,,
406192,2009/10,2010-02-07,Melbourne Cricket Ground,1,3.1,Australia,West Indies,SR Watson,SE Marsh,R Rampaul,0,0,,,,,,,,,
406192,2009/10,2010-02-07,Melbourne Cricket Ground,1,3.2,Australia,West Indies,SR Watson,SE Marsh,R Rampaul,0,0,,,,,,,,,
406192,2009/10,2010-02-07,Melbourne Cricket Ground,1,3.3,Australia,West Indies,SR Watson,SE Marsh,R Rampaul,0,0,,,,,,,,,
406192,2009/10,2010-02-07,Melbourne Cricket Ground,1,3.4,Australia,West Indies,SR Watson,SE Marsh,R Rampaul,0,0,,,,,,,,,
406192,2009/10,2010-02-07,Melbourne Cricket Ground,1,3.5,Australia,West Indies,SR Watson,SE Marsh,R Rampaul,0,0,,,,,,,,,
406192,2009/10,2010-02-07,Melbourne Cricket Ground,1,3.6,Australia,West Indies,SR Watson,SE Marsh,R Rampaul,2,0,,,,,,,,,
406192,2009/10,2010-02-07,Melbourne Cricket Ground,1,4.1,Australia,West Indies,SE Marsh,SR Watson,KAJ Roach,0,0,,,,,,,,,
406192,2009/10,2010-02-07,Melbourne Cricket Ground,1,4.2,Australia,West Indies,SE Marsh,SR Watson,KAJ Roach,0,0,,,,,,,,,
406192,2009/10,2010-02-07,Melbourne Cricket Ground,1,4.3,Australia,West Indies,SE Marsh,SR Watson,KAJ Roach,0,0,,,,,,,,,
406192,2009/10,2010-02-07,Melbourne Cricket Ground,1,4.4,Australia,West Indies,SE Marsh,SR Watson,KAJ Roach,1,0,,,,,,,,,
406192,2009/10,2010-02-07,Melbourne Cricket Ground,1,4.5,Australia,West Indies,SR Watson,SE Marsh,KAJ Roach,0,0,,,,,,,,,
406192,2009/10,2010-02-07,Melbourne Cricket Ground,1,4.6,Australia,West Indies,SR Watson,SE Marsh,KAJ Roach,1,0,,,,,,,,,
406192,2009/10,2010-02-07,Melbourne Cricket Ground,1,5.1,Australia,West Indies,SR Watson,SE Marsh,R Rampaul,1,0,,,,,,,,,
406192,2009/10,2010-02-07,Melbourne Cricket Ground,1,5.2,Australia,West Indies,SE Marsh,SR Watson,R Rampaul,0,0,,,,,,,,,
406192,2009/10,2010-02-07,Melbourne Cricket Ground,1,5.3,Australia,West Indies,SE Marsh,SR Watson,R Rampaul,4,0,,,,,,,,,
406192,2009/10,2010-02-07,Melbourne Cricket Ground,1,5.4,Australia,West Indies,SE Marsh,SR Watson,R Rampaul,0,0,,,,,,,,,
406192,2009/10,2010-02-07,Melbourne Cricket Ground,1,5.5,Australia,West Indies,SE Marsh,SR Watson,R Rampaul,4,0,,,,,,,,,
406192,2009/10,2010-02-07,Melbourne Cricket Ground,1,5.6,Australia,West Indies,SE Marsh,SR Watson,R Rampaul,0,0,,,,,,,,,
406192,2009/10,2010-02-07,Melbourne Cricket Ground,1,6.1,Australia,West Indies,SR Watson,SE Marsh,KAJ Roach,1,0,,,,,,,,,
406192,2009/10,2010-02-07,Melbourne Cricket Ground,1,6.2,Australia,West Indies,SE Marsh,SR Watson,KAJ Roach,0,0,,,,,,,,,
406192,2009/10,2010-02-07,Melbourne Cricket Ground,1,6.3,Australia,West Indies,SE Marsh,SR Watson,KAJ Roach,1,0,,,,,,,,,
406192,2009/10,2010-02-07,Melbourne Cricket Ground,1,6.4,Australia,West Indies,SR Watson,SE Marsh,KAJ Roach,0,0,,,,,,,,,
406192,2009/10,2010-02-07,Melbourne Cricket Ground,1,6.5,Australia,West Indies,SR Watson,SE Marsh,KAJ Roach,4,0,,,,,,,,,
406192,2009/10,2010-02-07,Melbourne Cricket Ground,1,6.6,Australia,West Indies,SR Watson,SE Marsh,KAJ Roach,1,0,,,,,,,,,
406192,2009/10,2010-02-07,Melbourne Cricket Ground,1,7.1,Australia,West Indies,SR Watson,SE Marsh,R Rampaul,2,0,,,,,,,,,
406192,2009/10,2010-02-07,Melbourne Cricket Ground,1,7.2,Australia,West Indies,SR Watson,SE Marsh,R Rampaul,0,0,,,,,,,,,
406192,2009/10,2010-02-07,Melbourne Cricket Ground,1,7.3,Australia,West Indies,SR Watson,SE Marsh,R Rampaul,2,0,,,,,,,,,
406192,2009/10,2010-02-07,Melbourne Cricket Ground,1,7.4,Australia,West Indies,SR Watson,SE Marsh,R Rampaul,1,0,,,,,,,,,
406192,2009/10,2010-02-07,Melbourne Cricket Ground,1,7.5,Australia,West Indies,SE Marsh,SR Watson,R Rampaul,0,0,,,,,,,,,
406192,2009/10,2010-02-07,Melbourne Cricket Ground,1,7.6,Australia,West Indies,SE Marsh,SR Watson,R Rampaul,3,0,,,,,,,,,
406192,2009/10,2010-02-07,Melbourne Cricket Ground,1,8.1,Australia,West Indies,SE Marsh,SR Watson,DR Smith,0,0,,,,,,,,,
406192,2009/10,2010-02-07,Melbourne Cricket Ground,1,8.2,Australia,West Indies,SE Marsh,SR Watson,DR Smith,0,0,,,,,,,,,
406192,2009/10,2010-02-07,Melbourne Cricket Ground,1,8.3,Australia,West Indies,SE Marsh,SR Watson,DR Smith,0,0,,,,,,,,,
406192,2009/10,2010-02-07,Melbourne Cricket Ground,1,8.4,Australia,West Indies,SE Marsh,SR Watson,DR Smith,0,0,,,,,,,,,
406192,2009/10,2010-02-07,Melbourne Cricket Ground,1,8.5,Australia,West Indies,SE Marsh,SR Watson,DR Smith,0,0,,,,,,,,,
406192,2009/10,2010-02-07,Melbourne Cricket Ground,1,8.6,Australia,West Indies,SE Marsh,SR Watson,DR Smith,4,0,,,,,,,,,
406192,2009/10,2010-02-07,Melbourne Cricket Ground,1,9.1,Australia,West Indies,SR Watson,SE Marsh,R Rampaul,4,0,,,,,,,,,
406192,2009/10,2010-02-07,Melbourne Cricket Ground,1,9.2,Australia,West Indies,SR Watson,SE Marsh,R Rampaul,1,0,,,,,,,,,
406192,2009/10,2010-02-07,Melbourne Cricket Ground,1,9.3,Australia,West Indies,SE Marsh,SR Watson,R Rampaul,0,0,,,,,,,,,
406192,2009/10,2010-02-07,Melbourne Cricket Ground,1,9.4,Australia,West Indies,SE Marsh,SR Watson,R Rampaul,1,0,,,,,,,,,
406192,2009/10,2010-02-07,Melbourne Cricket Ground,1,9.5,Australia,West Indies,SR Watson,SE Marsh,R Rampaul,1,0,,,,,,,,,
406192,2009/10,2010-02-07,Melbourne Cricket Ground,1,9.6,Australia,West Indies,SE Marsh,SR Watson,R Rampaul,1,0,,,,,,,,,
406192,2009/10,2010-02-07,Melbourne Cricket Ground,1,10.1,Australia,West Indies,SE Marsh,SR Watson,DR Smith,0,0,,,,,,,,,
406192,2009/10,2010-02-07,Melbourne Cricket Ground,1,10.2,Australia,West Indies,SE Marsh,SR Watson,DR Smith,0,0,,,,,,,,,
406192,2009/10,2010-02-07,Melbourne Cricket Ground,1,10.3,Australia,West Indies,SE Marsh,SR Watson,DR Smith,0,0,,,,,,caught,SE Marsh,,
406192,2009/10,2010-02-07,Melbourne Cricket Ground,1,10.4,Australia,West Indies,RT Ponting,SR Watson,DR Smith,1,0,,,,,,,,,
406192,2009/10,2010-02-07,Melbourne Cricket Ground,1,10.5,Australia,West Indies,SR Watson,RT Ponting,DR Smith,0,0,,,,,,,,,
406192,2009/10,2010-02-07,Melbourne Cricket Ground,1,10.6,Australia,West Indies,SR Watson,RT Ponting,DR Smith,1,0,,,,,,,,,
406192,2009/10,2010-02-07,Melbourne Cricket Ground,1,11.1,Australia,West Indies,SR Watson,RT Ponting,R Rampaul,1,0,,,,,,,,,
406192,2009/10,2010-02-07,Melbourne Cricket Ground,1,11.2,Australia,West Indies,RT Ponting,SR Watson,R Rampaul,0,0,,,,,,,,,
406192,2009/10,2010-02-07,Melbourne Cricket Ground,1,11.3,Australia,West Indies,RT Ponting,SR Watson,R Rampaul,0,0,,,,,,,,,
406192,2009/10,2010-02-07,Melbourne Cricket Ground,1,11.4,Australia,West Indies,RT Ponting,SR Watson,R Rampaul,0,0,,,,,,,,,
406192,2009/10,2010-02-07,Melbourne Cricket Ground,1,11.5,Australia,West Indies,RT Ponting,SR Watson,R Rampaul,1,0,,,,,,,,,
406192,2009/10,2010-02-07,Melbourne Cricket Ground,1,11.6,Australia,West Indies,SR Watson,RT Ponting,R Rampaul,0,0,,,,,,,,,
406192,2009/10,2010-02-07,Melbourne Cricket Ground,1,12.1,Australia,West Indies,RT Ponting,SR Watson,DR Smith,0,0,,,,,,,,,
406192,2009/10,2010-02-07,Melbourne Cricket Ground,1,12.2,Australia,West Indies,RT Ponting,SR Watson,DR Smith,0,0,,,,,,,,,
406192,2009/10,2010-02-07,Melbourne Cricket Ground,1,12.3,Australia,West Indies,RT Ponting,SR Watson,DR Smith,0,0,,,,,,,,,
406192,2009/10,2010-02-07,Melbourne Cricket Ground,1,12.4,Australia,West Indies,RT Ponting,SR Watson,DR Smith,6,0,,,,,,,,,
406192,2009/10,2010-02-07,Melbourne Cricket Ground,1,12.5,Australia,West Indies,RT Ponting,SR Watson,DR Smith,0,2,,,,2,,,,,
406192,2009/10,2010-02-07,Melbourne Cricket Ground,1,12.6,Australia,West Indies,RT Ponting,SR Watson,DR Smith,0,0,,,,,,,,,
406192,2009/10,2010-02-07,Melbourne Cricket Ground,1,13.1,Australia,West Indies,SR Watson,RT Ponting,KAJ Roach,1,0,,,,,,,,,
406192,2009/10,2010-02-07,Melbourne Cricket Ground,1,13.2,Australia,West Indies,RT Ponting,SR Watson,KAJ Roach,0,0,,,,,,,,,
406192,2009/10,2010-02-07,Melbourne Cricket Ground,1,13.3,Australia,West Indies,RT Ponting,SR Watson,KAJ Roach,0,0,,,,,,,,,
406192,2009/10,2010-02-07,Melbourne Cricket Ground,1,13.4,Australia,West Indies,RT Ponting,SR Watson,KAJ Roach,1,0,,,,,,,,,
406192,2009/10,2010-02-07,Melbourne Cricket Ground,1,13.5,Australia,West Indies,SR Watson,RT Ponting,KAJ Roach,1,0,,,,,,,,,
406192,2009/10,2010-02-07,Melbourne Cricket Ground,1,13.6,Australia,West Indies,RT Ponting,SR Watson,KAJ Roach,0,0,,,,,,,,,
406192,2009/10,2010-02-07,Melbourne Cricket Ground,1,14.1,Australia,West Indies,SR Watson,RT Ponting,DR Smith,1,0,,,,,,,,,
406192,2009/10,2010-02-07,Melbourne Cricket Ground,1,14.2,Australia,West Indies,RT Ponting,SR Watson,DR Smith,0,0,,,,,,,,,
406192,2009/10,2010-02-07,Melbourne Cricket Ground,1,14.3,Australia,West Indies,RT Ponting,SR Watson,DR Smith,2,0,,,,,,,,,
406192,2009/10,2010-02-07,Melbourne Cricket Ground,1,14.4,Australia,West Indies,RT Ponting,SR Watson,DR Smith,0,0,,,,,,,,,
406192,2009/10,2010-02-07,Melbourne Cricket Ground,1,14.5,Australia,West Indies,RT Ponting,SR Watson,DR Smith,0,0,,,,,,,,,
406192,2009/10,2010-02-07,Melbourne Cricket Ground,1,14.6,Australia,West Indies,RT Ponting,SR Watson,DR Smith,0,0,,,,,,,,,
406192,2009/10,2010-02-07,Melbourne Cricket Ground,1,15.1,Australia,West Indies,SR Watson,RT Ponting,NO Miller,0,0,,,,,,,,,
406192,2009/10,2010-02-07,Melbourne Cricket Ground,1,15.2,Australia,West Indies,SR Watson,RT Ponting,NO Miller,2,0,,,,,,,,,
406192,2009/10,2010-02-07,Melbourne Cricket Ground,1,15.3,Australia,West Indies,SR Watson,RT Ponting,NO Miller,0,0,,,,,,,,,
406192,2009/10,2010-02-07,Melbourne Cricket Ground,1,15.4,Australia,West Indies,SR Watson,RT Ponting,NO Miller,0,0,,,,,,,,,
406192,2009/10,2010-02-07,Melbourne Cricket Ground,1,15.5,Australia,West Indies,SR Watson,RT Ponting,NO Miller,0,0,,,,,,,,,
406192,2009/10,2010-02-07,Melbourne Cricket Ground,1,15.6,Australia,West Indies,SR Watson,RT Ponting,NO Miller,0,0,,,,,,,,,
406192,2009/10,2010-02-07,Melbourne Cricket Ground,1,16.1,Australia,West Indies,RT Ponting,SR Watson,DR Smith,2,0,,,,,,,,,
406192,2009/10,2010-02-07,Melbourne Cricket Ground,1,16.2,Australia,West Indies,RT Ponting,SR Watson,DR Smith,2,0,,,,,,,,,
406192,2009/10,2010-02-07,Melbourne Cricket Ground,1,16.3,Australia,West Indies,RT Ponting,SR Watson,DR Smith,0,0,,,,,,,,,
406192,2009/10,2010-02-07,Melbourne Cricket Ground,1,16.4,Australia,West Indies,RT Ponting,SR Watson,DR Smith,0,0,,,,,,,,,
406192,2009/10,2010-02-07,Melbourne Cricket Ground,1,16.5,Australia,West Indies,RT Ponting,SR Watson,DR Smith,1,0,,,,,,,,,
406192,2009/10,2010-02-07,Melbourne Cricket Ground,1,16.6,Australia,West Indies,SR Watson,RT Ponting,DR Smith,0,5,5,,,,,,,,
406192,2009/10,2010-02-07,Melbourne Cricket Ground,1,16.7,Australia,West Indies,SR Watson,RT Ponting,DR Smith,1,0,,,,,,,,,
406192,2009/10,2010-02-07,Melbourne Cricket Ground,1,17.1,Australia,West Indies,SR Watson,RT Ponting,NO Miller,1,0,,,,,,,,,
406192,2009/10,2010-02-07,Melbourne Cricket Ground,1,17.2,Australia,West Indies,RT Ponting,SR Watson,NO Miller,0,0,,,,,,,,,
406192,2009/10,2010-02-07,Melbourne Cricket Ground,1,17.3,Australia,West Indies,RT Ponting,SR Watson,NO Miller,1,0,,,,,,,,,
406192,2009/10,2010-02-07,Melbourne Cricket Ground,1,17.4,Australia,West Indies,SR Watson,RT Ponting,NO Miller,1,0,,,,,,,,,
406192,2009/10,2010-02-07,Melbourne Cricket Ground,1,17.5,Australia,West Indies,RT Ponting,SR Watson,NO Miller,0,0,,,,,,,,,
406192,2009/10,2010-02-07,Melbourne Cricket Ground,1,17.6,Australia,West Indies,RT Ponting,SR Watson,NO Miller,0,0,,,,,,,,,
406192,2009/10,2010-02-07,Melbourne Cricket Ground,1,18.1,Australia,West Indies,SR Watson,RT Ponting,DR Smith,0,0,,,,,,,,,
406192,2009/10,2010-02-07,Melbourne Cricket Ground,1,18.2,Australia,West Indies,SR Watson,RT Ponting,DR Smith,1,0,,,,,,,,,
406192,2009/10,2010-02-07,Melbourne Cricket Ground,1,18.3,Australia,West Indies,RT Ponting,SR Watson,DR Smith,1,0,,,,,,,,,
406192,2009/10,2010-02-07,Melbourne Cricket Ground,1,18.4,Australia,West Indies,SR Watson,RT Ponting,DR Smith,2,0,,,,,,,,,
406192,2009/10,2010-02-07,Melbourne Cricket Ground,1,18.5,Australia,West Indies,SR Watson,RT Ponting,DR Smith,1,0,,,,,,,,,
406192,2009/10,2010-02-07,Melbourne Cricket Ground,1,18.6,Australia,West Indies,RT Ponting,SR Watson,DR Smith,1,0,,,,,,,,,
406192,2009/10,2010-02-07,Melbourne Cricket Ground,1,19.1,Australia,West Indies,RT Ponting,SR Watson,NO Miller,1,0,,,,,,,,,
406192,2009/10,2010-02-07,Melbourne Cricket Ground,1,19.2,Australia,West Indies,SR Watson,RT Ponting,NO Miller,0,0,,,,,,,,,
406192,2009/10,2010-02-07,Melbourne Cricket Ground,1,19.3,Australia,West Indies,SR Watson,RT Ponting,NO Miller,1,0,,,,,,,,,
406192,2009/10,2010-02-07,Melbourne Cricket Ground,1,19.4,Australia,West Indies,RT Ponting,SR Watson,NO Miller,1,0,,,,,,,,,
406192,2009/10,2010-02-07,Melbourne Cricket Ground,1,19.5,Australia,West Indies,SR Watson,RT Ponting,NO Miller,0,0,,,,,,,,,
406192,2009/10,2010-02-07,Melbourne Cricket Ground,1,19.6,Australia,West Indies,SR Watson,RT Ponting,NO Miller,1,0,,,,,,,,,
406192,2009/10,2010-02-07,Melbourne Cricket Ground,1,20.1,Australia,West Indies,SR Watson,RT Ponting,DR Smith,1,0,,,,,,,,,
406192,2009/10,2010-02-07,Melbourne Cricket Ground,1,20.2,Australia,West Indies,RT Ponting,SR Watson,DR Smith,0,0,,,,,,,,,
406192,2009/10,2010-02-07,Melbourne Cricket Ground,1,20.3,Australia,West Indies,RT Ponting,SR Watson,DR Smith,1,0,,,,,,,,,
406192,2009/10,2010-02-07,Melbourne Cricket Ground,1,20.4,Australia,West Indies,SR Watson,RT Ponting,DR Smith,1,0,,,,,,,,,
406192,2009/10,2010-02-07,Melbourne Cricket Ground,1,20.5,Australia,West Indies,RT Ponting,SR Watson,DR Smith,1,0,,,,,,,,,
406192,2009/10,2010-02-07,Melbourne Cricket Ground,1,20.6,Australia,West Indies,SR Watson,RT Ponting,DR Smith,1,0,,,,,,,,,
406192,2009/10,2010-02-07,Melbourne Cricket Ground,1,21.1,Australia,West Indies,SR Watson,RT Ponting,NO Miller,1,0,,,,,,,,,
406192,2009/10,2010-02-07,Melbourne Cricket Ground,1,21.2,Australia,West Indies,RT Ponting,SR Watson,NO Miller,0,0,,,,,,,,,
406192,2009/10,2010-02-07,Melbourne Cricket Ground,1,21.3,Australia,West Indies,RT Ponting,SR Watson,NO Miller,1,0,,,,,,,,,
406192,2009/10,2010-02-07,Melbourne Cricket Ground,1,21.4,Australia,West Indies,SR Watson,RT Ponting,NO Miller,1,0,,,,,,,,,
406192,2009/10,2010-02-07,Melbourne Cricket Ground,1,21.5,Australia,West Indies,RT Ponting,SR Watson,NO Miller,0,0,,,,,,,,,
406192,2009/10,2010-02-07,Melbourne Cricket Ground,1,21.6,Australia,West Indies,RT Ponting,SR Watson,NO Miller,0,0,,,,,,,,,
406192,2009/10,2010-02-07,Melbourne Cricket Ground,1,22.1,Australia,West Indies,SR Watson,RT Ponting,CH Gayle,0,0,,,,,,,,,
406192,2009/10,2010-02-07,Melbourne Cricket Ground,1,22.2,Australia,West Indies,SR Watson,RT Ponting,CH Gayle,0,0,,,,,,,,,
406192,2009/10,2010-02-07,Melbourne Cricket Ground,1,22.3,Australia,West Indies,SR Watson,RT Ponting,CH Gayle,0,0,,,,,,,,,
406192,2009/10,2010-02-07,Melbourne Cricket Ground,1,22.4,Australia,West Indies,SR Watson,RT Ponting,CH Gayle,2,0,,,,,,,,,
406192,2009/10,2010-02-07,Melbourne Cricket Ground,1,22.5,Australia,West Indies,SR Watson,RT Ponting,CH Gayle,0,0,,,,,,,,,
406192,2009/10,2010-02-07,Melbourne Cricket Ground,1,22.6,Australia,West Indies,SR Watson,RT Ponting,CH Gayle,1,0,,,,,,,,,
406192,2009/10,2010-02-07,Melbourne Cricket Ground,1,23.1,Australia,West Indies,SR Watson,RT Ponting,NO Miller,1,0,,,,,,,,,
406192,2009/10,2010-02-07,Melbourne Cricket Ground,1,23.2,Australia,West Indies,RT Ponting,SR Watson,NO Miller,4,0,,,,,,,,,
406192,2009/10,2010-02-07,Melbourne Cricket Ground,1,23.3,Australia,West Indies,RT Ponting,SR Watson,NO Miller,0,0,,,,,,,,,
406192,2009/10,2010-02-07,Melbourne Cricket Ground,1,23.4,Australia,West Indies,RT Ponting,SR Watson,NO Miller,0,0,,,,,,,,,
406192,2009/10,2010-02-07,Melbourne Cricket Ground,1,23.5,Australia,West Indies,RT Ponting,SR Watson,NO Miller,2,0,,,,,,,,,
406192,2009/10,2010-02-07,Melbourne Cricket Ground,1,23.6,Australia,West Indies,RT Ponting,SR Watson,NO Miller,1,0,,,,,,,,,
406192,2009/10,2010-02-07,Melbourne Cricket Ground,1,24.1,Australia,West Indies,RT Ponting,SR Watson,CH Gayle,1,0,,,,,,,,,
406192,2009/10,2010-02-07,Melbourne Cricket Ground,1,24.2,Australia,West Indies,SR Watson,RT Ponting,CH Gayle,1,0,,,,,,,,,
406192,2009/10,2010-02-07,Melbourne Cricket Ground,1,24.3,Australia,West Indies,RT Ponting,SR Watson,CH Gayle,1,0,,,,,,,,,
406192,2009/10,2010-02-07,Melbourne Cricket Ground,1,24.4,Australia,West Indies,SR Watson,RT Ponting,CH Gayle,0,0,,,,,,,,,
406192,2009/10,2010-02-07,Melbourne Cricket Ground,1,24.5,Australia,West Indies,SR Watson,RT Ponting,CH Gayle,1,0,,,,,,,,,
406192,2009/10,2010-02-07,Melbourne Cricket Ground,1,24.6,Australia,West Indies,RT Ponting,SR Watson,CH Gayle,1,0,,,,,,,,,
406192,2009/10,2010-02-07,Melbourne Cricket Ground,1,25.1,Australia,West Indies,RT Ponting,SR Watson,NO Miller,6,0,,,,,,,,,
406192,2009/10,2010-02-07,Melbourne Cricket Ground,1,25.2,Australia,West Indies,RT Ponting,SR Watson,NO Miller,0,0,,,,,,,,,
406192,2009/10,2010-02-07,Melbourne Cricket Ground,1,25.3,Australia,West Indies,RT Ponting,SR Watson,NO Miller,1,0,,,,,,,,,
406192,2009/10,2010-02-07,Melbourne Cricket Ground,1,25.4,Australia,West Indies,SR Watson,RT Ponting,NO Miller,1,0,,,,,,,,,
406192,2009/10,2010-02-07,Melbourne Cricket Ground,1,25.5,Australia,West Indies,RT Ponting,SR Watson,NO Miller,1,0,,,,,,,,,
406192,2009/10,2010-02-07,Melbourne Cricket Ground,1,25.6,Australia,West Indies,SR Watson,RT Ponting,NO Miller,1,0,,,,,,,,,
406192,2009/10,2010-02-07,Melbourne Cricket Ground,1,26.1,Australia,West Indies,SR Watson,RT Ponting,CH Gayle,2,0,,,,,,,,,
406192,2009/10,2010-02-07,Melbourne Cricket Ground,1,26.2,Australia,West Indies,SR Watson,RT Ponting,CH Gayle,1,0,,,,,,,,,
406192,2009/10,2010-02-07,Melbourne Cricket Ground,1,26.3,Australia,West Indies,RT Ponting,SR Watson,CH Gayle,0,1,1,,,,,,,,
406192,2009/10,2010-02-07,Melbourne Cricket Ground,1,26.4,Australia,West Indies,RT Ponting,SR Watson,CH Gayle,1,0,,,,,,,,,
406192,2009/10,2010-02-07,Melbourne Cricket Ground,1,26.5,Australia,West Indies,SR Watson,RT Ponting,CH Gayle,2,0,,,,,,,,,
406192,2009/10,2010-02-07,Melbourne Cricket Ground,1,26.6,Australia,West Indies,SR Watson,RT Ponting,CH Gayle,0,0,,,,,,caught,SR Watson,,
406192,2009/10,2010-02-07,Melbourne Cricket Ground,1,26.7,Australia,West Indies,RT Ponting,MJ Clarke,CH Gayle,1,0,,,,,,,,,
406192,2009/10,2010-02-07,Melbourne Cricket Ground,1,27.1,Australia,West Indies,RT Ponting,MJ Clarke,KA Pollard,0,0,,,,,,,,,
406192,2009/10,2010-02-07,Melbourne Cricket Ground,1,27.2,Australia,West Indies,RT Ponting,MJ Clarke,KA Pollard,1,0,,,,,,,,,
406192,2009/10,2010-02-07,Melbourne Cricket Ground,1,27.3,Australia,West Indies,MJ Clarke,RT Ponting,KA Pollard,1,0,,,,,,,,,
406192,2009/10,2010-02-07,Melbourne Cricket Ground,1,27.4,Australia,West Indies,RT Ponting,MJ Clarke,KA Pollard,1,0,,,,,,,,,
406192,2009/10,2010-02-07,Melbourne Cricket Ground,1,27.5,Australia,West Indies,MJ Clarke,RT Ponting,KA Pollard,1,0,,,,,,,,,
406192,2009/10,2010-02-07,Melbourne Cricket Ground,1,27.6,Australia,West Indies,RT Ponting,MJ Clarke,KA Pollard,1,0,,,,,,,,,
406192,2009/10,2010-02-07,Melbourne Cricket Ground,1,28.1,Australia,West Indies,RT Ponting,MJ Clarke,CH Gayle,1,0,,,,,,,,,
406192,2009/10,2010-02-07,Melbourne Cricket Ground,1,28.2,Australia,West Indies,MJ Clarke,RT Ponting,CH Gayle,1,0,,,,,,,,,
406192,2009/10,2010-02-07,Melbourne Cricket Ground,1,28.3,Australia,West Indies,RT Ponting,MJ Clarke,CH Gayle,1,0,,,,,,,,,
406192,2009/10,2010-02-07,Melbourne Cricket Ground,1,28.4,Australia,West Indies,MJ Clarke,RT Ponting,CH Gayle,0,0,,,,,,,,,
406192,2009/10,2010-02-07,Melbourne Cricket Ground,1,28.5,Australia,West Indies,MJ Clarke,RT Ponting,CH Gayle,0,0,,,,,,,,,
406192,2009/10,2010-02-07,Melbourne Cricket Ground,1,28.6,Australia,West Indies,MJ Clarke,RT Ponting,CH Gayle,0,0,,,,,,,,,
406192,2009/10,2010-02-07,Melbourne Cricket Ground,1,29.1,Australia,West Indies,RT Ponting,MJ Clarke,KA Pollard,0,0,,,,,,bowled,RT Ponting,,
406192,2009/10,2010-02-07,Melbourne Cricket Ground,1,29.2,Australia,West Indies,CL White,MJ Clarke,KA Pollard,0,1,1,,,,,,,,
406192,2009/10,2010-02-07,Melbourne Cricket Ground,1,29.3,Australia,West Indies,CL White,MJ Clarke,KA Pollard,0,0,,,,,,,,,
406192,2009/10,2010-02-07,Melbourne Cricket Ground,1,29.4,Australia,West Indies,CL White,MJ Clarke,KA Pollard,0,0,,,,,,,,,
406192,2009/10,2010-02-07,Melbourne Cricket Ground,1,29.5,Australia,West Indies,CL White,MJ Clarke,KA Pollard,0,0,,,,,,,,,
406192,2009/10,2010-02-07,Melbourne Cricket Ground,1,29.6,Australia,West Indies,CL White,MJ Clarke,KA Pollard,0,0,,,,,,,,,
406192,2009/10,2010-02-07,Melbourne Cricket Ground,1,29.7,Australia,West Indies,CL White,MJ Clarke,KA Pollard,0,0,,,,,,,,,
406192,2009/10,2010-02-07,Melbourne Cricket Ground,1,30.1,Australia,West Indies,MJ Clarke,CL White,CH Gayle,2,0,,,,,,,,,
406192,2009/10,2010-02-07,Melbourne Cricket Ground,1,30.2,Australia,West Indies,MJ Clarke,CL White,CH Gayle,0,0,,,,,,,,,
406192,2009/10,2010-02-07,Melbourne Cricket Ground,1,30.3,Australia,West Indies,MJ Clarke,CL White,CH Gayle,1,0,,,,,,,,,
406192,2009/10,2010-02-07,Melbourne Cricket Ground,1,30.4,Australia,West Indies,CL White,MJ Clarke,CH Gayle,0,0,,,,,,,,,
406192,2009/10,2010-02-07,Melbourne Cricket Ground,1,30.5,Australia,West Indies,CL White,MJ Clarke,CH Gayle,1,0,,,,,,,,,
406192,2009/10,2010-02-07,Melbourne Cricket Ground,1,30.6,Australia,West Indies,MJ Clarke,CL White,CH Gayle,1,0,,,,,,,,,
406192,2009/10,2010-02-07,Melbourne Cricket Ground,1,31.1,Australia,West Indies,MJ Clarke,CL White,KA Pollard,0,0,,,,,,,,,
406192,2009/10,2010-02-07,Melbourne Cricket Ground,1,31.2,Australia,West Indies,MJ Clarke,CL White,KA Pollard,0,1,,,,1,,,,,
406192,2009/10,2010-02-07,Melbourne Cricket Ground,1,31.3,Australia,West Indies,CL White,MJ Clarke,KA Pollard,0,0,,,,,,,,,
406192,2009/10,2010-02-07,Melbourne Cricket Ground,1,31.4,Australia,West Indies,CL White,MJ Clarke,KA Pollard,1,0,,,,,,,,,
406192,2009/10,2010-02-07,Melbourne Cricket Ground,1,31.5,Australia,West Indies,MJ Clarke,CL White,KA Pollard,0,0,,,,,,,,,
406192,2009/10,2010-02-07,Melbourne Cricket Ground,1,31.6,Australia,West Indies,MJ Clarke,CL White,KA Pollard,0,0,,,,,,,,,
406192,2009/10,2010-02-07,Melbourne Cricket Ground,1,32.1,Australia,West Indies,CL White,MJ Clarke,CH Gayle,1,0,,,,,,,,,
406192,2009/10,2010-02-07,Melbourne Cricket Ground,1,32.2,Australia,West Indies,MJ Clarke,CL White,CH Gayle,1,0,,,,,,,,,
406192,2009/10,2010-02-07,Melbourne Cricket Ground,1,32.3,Australia,West Indies,CL White,MJ Clarke,CH Gayle,4,0,,,,,,,,,
406192,2009/10,2010-02-07,Melbourne Cricket Ground,1,32.4,Australia,West Indies,CL White,MJ Clarke,CH Gayle,1,0,,,,,,,,,
406192,2009/10,2010-02-07,Melbourne Cricket Ground,1,32.5,Australia,West Indies,MJ Clarke,CL White,CH Gayle,0,0,,,,,,,,,
406192,2009/10,2010-02-07,Melbourne Cricket Ground,1,32.6,Australia,West Indies,MJ Clarke,CL White,CH Gayle,1,0,,,,,,,,,
406192,2009/10,2010-02-07,Melbourne Cricket Ground,1,33.1,Australia,West Indies,MJ Clarke,CL White,KA Pollard,0,0,,,,,,,,,
406192,2009/10,2010-02-07,Melbourne Cricket Ground,1,33.2,Australia,West Indies,MJ Clarke,CL White,KA Pollard,1,0,,,,,,,,,
406192,2009/10,2010-02-07,Melbourne Cricket Ground,1,33.3,Australia,West Indies,CL White,MJ Clarke,KA Pollard,1,0,,,,,,,,,
406192,2009/10,2010-02-07,Melbourne Cricket Ground,1,33.4,Australia,West Indies,MJ Clarke,CL White,KA Pollard,1,0,,,,,,,,,
406192,2009/10,2010-02-07,Melbourne Cricket Ground,1,33.5,Australia,West Indies,CL White,MJ Clarke,KA Pollard,0,0,,,,,,,,,
406192,2009/10,2010-02-07,Melbourne Cricket Ground,1,33.6,Australia,West Indies,CL White,MJ Clarke,KA Pollard,0,0,,,,,,,,,
406192,2009/10,2010-02-07,Melbourne Cricket Ground,1,34.1,Australia,West Indies,MJ Clarke,CL White,NO Miller,1,0,,,,,,,,,
406192,2009/10,2010-02-07,Melbourne Cricket Ground,1,34.2,Australia,West Indies,CL White,MJ Clarke,NO Miller,1,0,,,,,,,,,
406192,2009/10,2010-02-07,Melbourne Cricket Ground,1,34.3,Australia,West Indies,MJ Clarke,CL White,NO Miller,1,0,,,,,,,,,
406192,2009/10,2010-02-07,Melbourne Cricket Ground,1,34.4,Australia,West Indies,CL White,MJ Clarke,NO Miller,0,0,,,,,,,,,
406192,2009/10,2010-02-07,Melbourne Cricket Ground,1,34.5,Australia,West Indies,CL White,MJ Clarke,NO Miller,0,0,,,,,,,,,
406192,2009/10,2010-02-07,Melbourne Cricket Ground,1,34.6,Australia,West Indies,CL White,MJ Clarke,NO Miller,2,0,,,,,,,,,
406192,2009/10,2010-02-07,Melbourne Cricket Ground,1,35.1,Australia,West Indies,MJ Clarke,CL White,KA Pollard,0,0,,,,,,,,,
406192,2009/10,2010-02-07,Melbourne Cricket Ground,1,35.2,Australia,West Indies,MJ Clarke,CL White,KA Pollard,1,0,,,,,,,,,
406192,2009/10,2010-02-07,Melbourne Cricket Ground,1,35.3,Australia,West Indies,CL White,MJ Clarke,KA Pollard,1,0,,,,,,,,,
406192,2009/10,2010-02-07,Melbourne Cricket Ground,1,35.4,Australia,West Indies,MJ Clarke,CL White,KA Pollard,1,0,,,,,,,,,
406192,2009/10,2010-02-07,Melbourne Cricket Ground,1,35.5,Australia,West Indies,CL White,MJ Clarke,KA Pollard,0,0,,,,,,,,,
406192,2009/10,2010-02-07,Melbourne Cricket Ground,1,35.6,Australia,West Indies,CL White,MJ Clarke,KA Pollard,1,0,,,,,,,,,
406192,2009/10,2010-02-07,Melbourne Cricket Ground,1,36.1,Australia,West Indies,MJ Clarke,CL White,NO Miller,1,0,,,,,,,,,
406192,2009/10,2010-02-07,Melbourne Cricket Ground,1,36.2,Australia,West Indies,CL White,MJ Clarke,NO Miller,2,0,,,,,,,,,
406192,2009/10,2010-02-07,Melbourne Cricket Ground,1,36.3,Australia,West Indies,CL White,MJ Clarke,NO Miller,0,0,,,,,,,,,
406192,2009/10,2010-02-07,Melbourne Cricket Ground,1,36.4,Australia,West Indies,CL White,MJ Clarke,NO Miller,1,0,,,,,,,,,
406192,2009/10,2010-02-07,Melbourne Cricket Ground,1,36.5,Australia,West Indies,MJ Clarke,CL White,NO Miller,1,0,,,,,,,,,
406192,2009/10,2010-02-07,Melbourne Cricket Ground,1,36.6,Australia,West Indies,CL White,MJ Clarke,NO Miller,0,0,,,,,,,,,
406192,2009/10,2010-02-07,Melbourne Cricket Ground,1,37.1,Australia,West Indies,MJ Clarke,CL White,KA Pollard,0,0,,,,,,,,,
406192,2009/10,2010-02-07,Melbourne Cricket Ground,1,37.2,Australia,West Indies,MJ Clarke,CL White,KA Pollard,1,0,,,,,,,,,
406192,2009/10,2010-02-07,Melbourne Cricket Ground,1,37.3,Australia,West Indies,CL White,MJ Clarke,KA Pollard,1,0,,,,,,,,,
406192,2009/10,2010-02-07,Melbourne Cricket Ground,1,37.4,Australia,West Indies,MJ Clarke,CL White,KA Pollard,0,0,,,,,,caught,MJ Clarke,,
406192,2009/10,2010-02-07,Melbourne Cricket Ground,1,37.5,Australia,West Indies,MEK Hussey,CL White,KA Pollard,1,0,,,,,,,,,
406192,2009/10,2010-02-07,Melbourne Cricket Ground,1,37.6,Australia,West Indies,CL White,MEK Hussey,KA Pollard,1,0,,,,,,,,,
406192,2009/10,2010-02-07,Melbourne Cricket Ground,1,38.1,Australia,West Indies,CL White,MEK Hussey,KAJ Roach,0,0,,,,,,,,,
406192,2009/10,2010-02-07,Melbourne Cricket Ground,1,38.2,Australia,West Indies,CL White,MEK Hussey,KAJ Roach,1,0,,,,,,,,,
406192,2009/10,2010-02-07,Melbourne Cricket Ground,1,38.3,Australia,West Indies,MEK Hussey,CL White,KAJ Roach,1,0,,,,,,,,,
406192,2009/10,2010-02-07,Melbourne Cricket Ground,1,38.4,Australia,West Indies,CL White,MEK Hussey,KAJ Roach,1,0,,,,,,,,,
406192,2009/10,2010-02-07,Melbourne Cricket Ground,1,38.5,Australia,West Indies,MEK Hussey,CL White,KAJ Roach,0,0,,,,,,,,,
406192,2009/10,2010-02-07,Melbourne Cricket Ground,1,38.6,Australia,West Indies,MEK Hussey,CL White,KAJ Roach,1,0,,,,,,,,,
406192,2009/10,2010-02-07,Melbourne Cricket Ground,1,39.1,Australia,West Indies,MEK Hussey,CL White,KA Pollard,0,0,,,,,,,,,
406192,2009/10,2010-02-07,Melbourne Cricket Ground,1,39.2,Australia,West Indies,MEK Hussey,CL White,KA Pollard,1,0,,,,,,,,,
406192,2009/10,2010-02-07,Melbourne Cricket Ground,1,39.3,Australia,West Indies,CL White,MEK Hussey,KA Pollard,0,0,,,,,,,,,
406192,2009/10,2010-02-07,Melbourne Cricket Ground,1,39.4,Australia,West Indies,CL White,MEK Hussey,KA Pollard,1,0,,,,,,,,,
406192,2009/10,2010-02-07,Melbourne Cricket Ground,1,39.5,Australia,West Indies,MEK Hussey,CL White,KA Pollard,1,0,,,,,,,,,
406192,2009/10,2010-02-07,Melbourne Cricket Ground,1,39.6,Australia,West Indies,CL White,MEK Hussey,KA Pollard,0,0,,,,,,,,,
406192,2009/10,2010-02-07,Melbourne Cricket Ground,1,40.1,Australia,West Indies,MEK Hussey,CL White,KAJ Roach,1,0,,,,,,,,,
406192,2009/10,2010-02-07,Melbourne Cricket Ground,1,40.2,Australia,West Indies,CL White,MEK Hussey,KAJ Roach,0,0,,,,,,caught,CL White,,
406192,2009/10,2010-02-07,Melbourne Cricket Ground,1,40.3,Australia,West Indies,BJ Haddin,MEK Hussey,KAJ Roach,0,4,,,4,,,,,,
406192,2009/10,2010-02-07,Melbourne Cricket Ground,1,40.4,Australia,West Indies,BJ Haddin,MEK Hussey,KAJ Roach,0,0,,,,,,,,,
406192,2009/10,2010-02-07,Melbourne Cricket Ground,1,40.5,Australia,West Indies,BJ Haddin,MEK Hussey,KAJ Roach,0,0,,,,,,,,,
406192,2009/10,2010-02-07,Melbourne Cricket Ground,1,40.6,Australia,West Indies,BJ Haddin,MEK Hussey,KAJ Roach,1,0,,,,,,,,,
406192,2009/10,2010-02-07,Melbourne Cricket Ground,1,41.1,Australia,West Indies,BJ Haddin,MEK Hussey,KA Pollard,0,1,1,,,,,,,,
406192,2009/10,2010-02-07,Melbourne Cricket Ground,1,41.2,Australia,West Indies,BJ Haddin,MEK Hussey,KA Pollard,0,0,,,,,,,,,
406192,2009/10,2010-02-07,Melbourne Cricket Ground,1,41.3,Australia,West Indies,BJ Haddin,MEK Hussey,KA Pollard,1,0,,,,,,,,,
406192,2009/10,2010-02-07,Melbourne Cricket Ground,1,41.4,Australia,West Indies,MEK Hussey,BJ Haddin,KA Pollard,1,0,,,,,,,,,
406192,2009/10,2010-02-07,Melbourne Cricket Ground,1,41.5,Australia,West Indies,BJ Haddin,MEK Hussey,KA Pollard,1,0,,,,,,,,,
406192,2009/10,2010-02-07,Melbourne Cricket Ground,1,41.6,Australia,West Indies,MEK Hussey,BJ Haddin,KA Pollard,1,0,,,,,,,,,
406192,2009/10,2010-02-07,Melbourne Cricket Ground,1,41.7,Australia,West Indies,BJ Haddin,MEK Hussey,KA Pollard,1,0,,,,,,,,,
406192,2009/10,2010-02-07,Melbourne Cricket Ground,1,42.1,Australia,West Indies,BJ Haddin,MEK Hussey,DR Smith,0,1,,,,1,,,,,
406192,2009/10,2010-02-07,Melbourne Cricket Ground,1,42.2,Australia,West Indies,MEK Hussey,BJ Haddin,DR Smith,1,0,,,,,,,,,
406192,2009/10,2010-02-07,Melbourne Cricket Ground,1,42.3,Australia,West Indies,BJ Haddin,MEK Hussey,DR Smith,0,0,,,,,,,,,
406192,2009/10,2010-02-07,Melbourne Cricket Ground,1,42.4,Australia,West Indies,BJ Haddin,MEK Hussey,DR Smith,2,0,,,,,,,,,
406192,2009/10,2010-02-07,Melbourne Cricket Ground,1,42.5,Australia,West Indies,BJ Haddin,MEK Hussey,DR Smith,1,0,,,,,,,,,
406192,2009/10,2010-02-07,Melbourne Cricket Ground,1,42.6,Australia,West Indies,MEK Hussey,BJ Haddin,DR Smith,1,0,,,,,,,,,
406192,2009/10,2010-02-07,Melbourne Cricket Ground,1,43.1,Australia,West Indies,MEK Hussey,BJ Haddin,KA Pollard,0,0,,,,,,,,,
406192,2009/10,2010-02-07,Melbourne Cricket Ground,1,43.2,Australia,West Indies,MEK Hussey,BJ Haddin,KA Pollard,0,1,,,,1,,,,,
406192,2009/10,2010-02-07,Melbourne Cricket Ground,1,43.3,Australia,West Indies,BJ Haddin,MEK Hussey,KA Pollard,1,0,,,,,,,,,
406192,2009/10,2010-02-07,Melbourne Cricket Ground,1,43.4,Australia,West Indies,MEK Hussey,BJ Haddin,KA Pollard,1,0,,,,,,,,,
406192,2009/10,2010-02-07,Melbourne Cricket Ground,1,43.5,Australia,West Indies,BJ Haddin,MEK Hussey,KA Pollard,0,1,1,,,,,,,,
406192,2009/10,2010-02-07,Melbourne Cricket Ground,1,43.6,Australia,West Indies,BJ Haddin,MEK Hussey,KA Pollard,0,0,,,,,,caught and bowled,BJ Haddin,,
406192,2009/10,2010-02-07,Melbourne Cricket Ground,1,43.7,Australia,West Indies,MG Johnson,MEK Hussey,KA Pollard,1,0,,,,,,,,,
406192,2009/10,2010-02-07,Melbourne Cricket Ground,1,44.1,Australia,West Indies,MG Johnson,MEK Hussey,KAJ Roach,0,0,,,,,,,,,
406192,2009/10,2010-02-07,Melbourne Cricket Ground,1,44.2,Australia,West Indies,MG Johnson,MEK Hussey,KAJ Roach,1,0,,,,,,,,,
406192,2009/10,2010-02-07,Melbourne Cricket Ground,1,44.3,Australia,West Indies,MEK Hussey,MG Johnson,KAJ Roach,1,0,,,,,,,,,
406192,2009/10,2010-02-07,Melbourne Cricket Ground,1,44.4,Australia,West Indies,MG Johnson,MEK Hussey,KAJ Roach,2,0,,,,,,,,,
406192,2009/10,2010-02-07,Melbourne Cricket Ground,1,44.5,Australia,West Indies,MG Johnson,MEK Hussey,KAJ Roach,0,0,,,,,,,,,
406192,2009/10,2010-02-07,Melbourne Cricket Ground,1,44.6,Australia,West Indies,MG Johnson,MEK Hussey,KAJ Roach,1,0,,,,,,,,,
406192,2009/10,2010-02-07,Melbourne Cricket Ground,1,45.1,Australia,West Indies,MG Johnson,MEK Hussey,KA Pollard,1,0,,,,,,,,,
406192,2009/10,2010-02-07,Melbourne Cricket Ground,1,45.2,Australia,West Indies,MEK Hussey,MG Johnson,KA Pollard,4,0,,,,,,,,,
406192,2009/10,2010-02-07,Melbourne Cricket Ground,1,45.3,Australia,West Indies,MEK Hussey,MG Johnson,KA Pollard,2,0,,,,,,,,,
406192,2009/10,2010-02-07,Melbourne Cricket Ground,1,45.4,Australia,West Indies,MEK Hussey,MG Johnson,KA Pollard,2,0,,,,,,,,,
406192,2009/10,2010-02-07,Melbourne Cricket Ground,1,45.5,Australia,West Indies,MEK Hussey,MG Johnson,KA Pollard,4,0,,,,,,,,,
406192,2009/10,2010-02-07,Melbourne Cricket Ground,1,45.6,Australia,West Indies,MEK Hussey,MG Johnson,KA Pollard,1,0,,,,,,,,,
406192,2009/10,2010-02-07,Melbourne Cricket Ground,1,46.1,Australia,West Indies,MEK Hussey,MG Johnson,KAJ Roach,1,0,,,,,,,,,
406192,2009/10,2010-02-07,Melbourne Cricket Ground,1,46.2,Australia,West Indies,MG Johnson,MEK Hussey,KAJ Roach,1,0,,,,,,,,,
406192,2009/10,2010-02-07,Melbourne Cricket Ground,1,46.3,Australia,West Indies,MEK Hussey,MG Johnson,KAJ Roach,1,0,,,,,,,,,
406192,2009/10,2010-02-07,Melbourne Cricket Ground,1,46.4,Australia,West Indies,MG Johnson,MEK Hussey,KAJ Roach,0,0,,,,,,,,,
406192,2009/10,2010-02-07,Melbourne Cricket Ground,1,46.5,Australia,West Indies,MG Johnson,MEK Hussey,KAJ Roach,2,0,,,,,,,,,
406192,2009/10,2010-02-07,Melbourne Cricket Ground,1,46.6,Australia,West Indies,MG Johnson,MEK Hussey,KAJ Roach,4,0,,,,,,,,,
406192,2009/10,2010-02-07,Melbourne Cricket Ground,1,47.1,Australia,West Indies,MEK Hussey,MG Johnson,R Rampaul,1,0,,,,,,,,,
406192,2009/10,2010-02-07,Melbourne Cricket Ground,1,47.2,Australia,West Indies,MG Johnson,MEK Hussey,R Rampaul,0,0,,,,,,,,,
406192,2009/10,2010-02-07,Melbourne Cricket Ground,1,47.3,Australia,West Indies,MG Johnson,MEK Hussey,R Rampaul,1,0,,,,,,,,,
406192,2009/10,2010-02-07,Melbourne Cricket Ground,1,47.4,Australia,West Indies,MEK Hussey,MG Johnson,R Rampaul,0,0,,,,,,caught,MEK Hussey,,
406192,2009/10,2010-02-07,Melbourne Cricket Ground,1,47.5,Australia,West Indies,NM Hauritz,MG Johnson,R Rampaul,1,0,,,,,,,,,
406192,2009/10,2010-02-07,Melbourne Cricket Ground,1,47.6,Australia,West Indies,MG Johnson,NM Hauritz,R Rampaul,1,0,,,,,,,,,
406192,2009/10,2010-02-07,Melbourne Cricket Ground,1,48.1,Australia,West Indies,MG Johnson,NM Hauritz,KAJ Roach,1,0,,,,,,,,,
406192,2009/10,2010-02-07,Melbourne Cricket Ground,1,48.2,Australia,West Indies,NM Hauritz,MG Johnson,KAJ Roach,0,0,,,,,,,,,
406192,2009/10,2010-02-07,Melbourne Cricket Ground,1,48.3,Australia,West Indies,NM Hauritz,MG Johnson,KAJ Roach,1,0,,,,,,,,,
406192,2009/10,2010-02-07,Melbourne Cricket Ground,1,48.4,Australia,West Indies,MG Johnson,NM Hauritz,KAJ Roach,1,0,,,,,,,,,
406192,2009/10,2010-02-07,Melbourne Cricket Ground,1,48.5,Australia,West Indies,NM Hauritz,MG Johnson,KAJ Roach,1,0,,,,,,,,,
406192,2009/10,2010-02-07,Melbourne Cricket Ground,1,48.6,Australia,West Indies,MG Johnson,NM Hauritz,KAJ Roach,4,0,,,,,,,,,
406192,2009/10,2010-02-07,Melbourne Cricket Ground,1,49.1,Australia,West Indies,NM Hauritz,MG Johnson,R Rampaul,2,0,,,,,,,,,
406192,2009/10,2010-02-07,Melbourne Cricket Ground,1,49.2,Australia,West Indies,NM Hauritz,MG Johnson,R Rampaul,1,0,,,,,,,,,
406192,2009/10,2010-02-07,Melbourne Cricket Ground,1,49.3,Australia,West Indies,MG Johnson,NM Hauritz,R Rampaul,0,0,,,,,,,,,
406192,2009/10,2010-02-07,Melbourne Cricket Ground,1,49.4,Australia,West Indies,MG Johnson,NM Hauritz,R Rampaul,0,0,,,,,,,,,
406192,2009/10,2010-02-07,Melbourne Cricket Ground,1,49.5,Australia,West Indies,MG Johnson,NM Hauritz,R Rampaul,0,0,,,,,,bowled,MG Johnson,,
406192,2009/10,2010-02-07,Melbourne Cricket Ground,1,49.6,Australia,West Indies,RJ Harris,NM Hauritz,R Rampaul,2,0,,,,,,,,,
406192,2009/10,2010-02-07,Melbourne Cricket Ground,2,0.1,West Indies,Australia,CH Gayle,RS Morton,DE Bollinger,0,1,1,,,,,,,,
406192,2009/10,2010-02-07,Melbourne Cricket Ground,2,0.2,West Indies,Australia,CH Gayle,RS Morton,DE Bollinger,1,0,,,,,,,,,
406192,2009/10,2010-02-07,Melbourne Cricket Ground,2,0.3,West Indies,Australia,RS Morton,CH Gayle,DE Bollinger,0,0,,,,,,,,,
406192,2009/10,2010-02-07,Melbourne Cricket Ground,2,0.4,West Indies,Australia,RS Morton,CH Gayle,DE Bollinger,1,0,,,,,,,,,
406192,2009/10,2010-02-07,Melbourne Cricket Ground,2,0.5,West Indies,Australia,CH Gayle,RS Morton,DE Bollinger,0,0,,,,,,,,,
406192,2009/10,2010-02-07,Melbourne Cricket Ground,2,0.6,West Indies,Australia,CH Gayle,RS Morton,DE Bollinger,2,0,,,,,,,,,
406192,2009/10,2010-02-07,Melbourne Cricket Ground,2,0.7,West Indies,Australia,CH Gayle,RS Morton,DE Bollinger,4,0,,,,,,,,,
406192,2009/10,2010-02-07,Melbourne Cricket Ground,2,1.1,West Indies,Australia,RS Morton,CH Gayle,RJ Harris,0,0,,,,,,,,,
406192,2009/10,2010-02-07,Melbourne Cricket Ground,2,1.2,West Indies,Australia,RS Morton,CH Gayle,RJ Harris,0,0,,,,,,,,,
406192,2009/10,2010-02-07,Melbourne Cricket Ground,2,1.3,West Indies,Australia,RS Morton,CH Gayle,RJ Harris,0,0,,,,,,,,,
406192,2009/10,2010-02-07,Melbourne Cricket Ground,2,1.4,West Indies,Australia,RS Morton,CH Gayle,RJ Harris,0,0,,,,,,,,,
406192,2009/10,2010-02-07,Melbourne Cricket Ground,2,1.5,West Indies,Australia,RS Morton,CH Gayle,RJ Harris,2,0,,,,,,,,,
406192,2009/10,2010-02-07,Melbourne Cricket Ground,2,1.6,West Indies,Australia,RS Morton,CH Gayle,RJ Harris,0,0,,,,,,,,,
406192,2009/10,2010-02-07,Melbourne Cricket Ground,2,2.1,West Indies,Australia,CH Gayle,RS Morton,DE Bollinger,0,0,,,,,,caught,CH Gayle,,
406192,2009/10,2010-02-07,Melbourne Cricket Ground,2,2.2,West Indies,Australia,RS Morton,TM Dowlin,DE Bollinger,0,0,,,,,,,,,
406192,2009/10,2010-02-07,Melbourne Cricket Ground,2,2.3,West Indies,Australia,RS Morton,TM Dowlin,DE Bollinger,0,0,,,,,,,,,
406192,2009/10,2010-02-07,Melbourne Cricket Ground,2,2.4,West Indies,Australia,RS Morton,TM Dowlin,DE Bollinger,0,0,,,,,,,,,
406192,2009/10,2010-02-07,Melbourne Cricket Ground,2,2.5,West Indies,Australia,RS Morton,TM Dowlin,DE Bollinger,0,0,,,,,,,,,
406192,2009/10,2010-02-07,Melbourne Cricket Ground,2,2.6,West Indies,Australia,RS Morton,TM Dowlin,DE Bollinger,0,0,,,,,,,,,
406192,2009/10,2010-02-07,Melbourne Cricket Ground,2,3.1,West Indies,Australia,TM Dowlin,RS Morton,RJ Harris,0,0,,,,,,,,,
406192,2009/10,2010-02-07,Melbourne Cricket Ground,2,3.2,West Indies,Australia,TM Dowlin,RS Morton,RJ Harris,1,0,,,,,,,,,
406192,2009/10,2010-02-07,Melbourne Cricket Ground,2,3.3,West Indies,Australia,RS Morton,TM Dowlin,RJ Harris,0,0,,,,,,,,,
406192,2009/10,2010-02-07,Melbourne Cricket Ground,2,3.4,West Indies,Australia,RS Morton,TM Dowlin,RJ Harris,0,0,,,,,,caught,RS Morton,,
406192,2009/10,2010-02-07,Melbourne Cricket Ground,2,3.5,West Indies,Australia,LMP Simmons,TM Dowlin,RJ Harris,0,0,,,,,,,,,
406192,2009/10,2010-02-07,Melbourne Cricket Ground,2,3.6,West Indies,Australia,LMP Simmons,TM Dowlin,RJ Harris,0,0,,,,,,,,,
406192,2009/10,2010-02-07,Melbourne Cricket Ground,2,4.1,West Indies,Australia,TM Dowlin,LMP Simmons,DE Bollinger,0,0,,,,,,,,,
406192,2009/10,2010-02-07,Melbourne Cricket Ground,2,4.2,West Indies,Australia,TM Dowlin,LMP Simmons,DE Bollinger,0,0,,,,,,caught,TM Dowlin,,
406192,2009/10,2010-02-07,Melbourne Cricket Ground,2,4.3,West Indies,Australia,N Deonarine,LMP Simmons,DE Bollinger,2,0,,,,,,,,,
406192,2009/10,2010-02-07,Melbourne Cricket Ground,2,4.4,West Indies,Australia,N Deonarine,LMP Simmons,DE Bollinger,1,0,,,,,,,,,
406192,2009/10,2010-02-07,Melbourne Cricket Ground,2,4.5,West Indies,Australia,LMP Simmons,N Deonarine,DE Bollinger,0,0,,,,,,,,,
406192,2009/10,2010-02-07,Melbourne Cricket Ground,2,4.6,West Indies,Australia,LMP Simmons,N Deonarine,DE Bollinger,0,0,,,,,,,,,
406192,2009/10,2010-02-07,Melbourne Cricket Ground,2,5.1,West Indies,Australia,N Deonarine,LMP Simmons,RJ Harris,0,0,,,,,,,,,
406192,2009/10,2010-02-07,Melbourne Cricket Ground,2,5.2,West Indies,Australia,N Deonarine,LMP Simmons,RJ Harris,0,0,,,,,,,,,
406192,2009/10,2010-02-07,Melbourne Cricket Ground,2,5.3,West Indies,Australia,N Deonarine,LMP Simmons,RJ Harris,0,5,5,,,,,,,,
406192,2009/10,2010-02-07,Melbourne Cricket Ground,2,5.4,West Indies,Australia,N Deonarine,LMP Simmons,RJ Harris,0,0,,,,,,,,,
406192,2009/10,2010-02-07,Melbourne Cricket Ground,2,5.5,West Indies,Australia,N Deonarine,LMP Simmons,RJ Harris,0,0,,,,,,,,,
406192,2009/10,2010-02-07,Melbourne Cricket Ground,2,5.6,West Indies,Australia,N Deonarine,LMP Simmons,RJ Harris,0,1,1,,,,,,,,
406192,2009/10,2010-02-07,Melbourne Cricket Ground,2,5.7,West Indies,Australia,N Deonarine,LMP Simmons,RJ Harris,0,0,,,,,,,,,
406192,2009/10,2010-02-07,Melbourne Cricket Ground,2,5.8,West Indies,Australia,N Deonarine,LMP Simmons,RJ Harris,1,0,,,,,,,,,
406192,2009/10,2010-02-07,Melbourne Cricket Ground,2,6.1,West Indies,Australia,N Deonarine,LMP Simmons,DE Bollinger,0,4,,,,4,,,,,
406192,2009/10,2010-02-07,Melbourne Cricket Ground,2,6.2,West Indies,Australia,N Deonarine,LMP Simmons,DE Bollinger,0,0,,,,,,,,,
406192,2009/10,2010-02-07,Melbourne Cricket Ground,2,6.3,West Indies,Australia,N Deonarine,LMP Simmons,DE Bollinger,0,0,,,,,,,,,
406192,2009/10,2010-02-07,Melbourne Cricket Ground,2,6.4,West Indies,Australia,N Deonarine,LMP Simmons,DE Bollinger,0,0,,,,,,,,,
406192,2009/10,2010-02-07,Melbourne Cricket Ground,2,6.5,West Indies,Australia,N Deonarine,LMP Simmons,DE Bollinger,0,0,,,,,,,,,
406192,2009/10,2010-02-07,Melbourne Cricket Ground,2,6.6,West Indies,Australia,N Deonarine,LMP Simmons,DE Bollinger,0,0,,,,,,,,,
406192,2009/10,2010-02-07,Melbourne Cricket Ground,2,7.1,West Indies,Australia,LMP Simmons,N Deonarine,RJ Harris,0,0,,,,,,,,,
406192,2009/10,2010-02-07,Melbourne Cricket Ground,2,7.2,West Indies,Australia,LMP Simmons,N Deonarine,RJ Harris,0,0,,,,,,,,,
406192,2009/10,2010-02-07,Melbourne Cricket Ground,2,7.3,West Indies,Australia,LMP Simmons,N Deonarine,RJ Harris,0,0,,,,,,,,,
406192,2009/10,2010-02-07,Melbourne Cricket Ground,2,7.4,West Indies,Australia,LMP Simmons,N Deonarine,RJ Harris,0,0,,,,,,,,,
406192,2009/10,2010-02-07,Melbourne Cricket Ground,2,7.5,West Indies,Australia,LMP Simmons,N Deonarine,RJ Harris,0,0,,,,,,,,,
406192,2009/10,2010-02-07,Melbourne Cricket Ground,2,7.6,West Indies,Australia,LMP Simmons,N Deonarine,RJ Harris,0,0,,,,,,,,,
406192,2009/10,2010-02-07,Melbourne Cricket Ground,2,8.1,West Indies,Australia,N Deonarine,LMP Simmons,MG Johnson,4,0,,,,,,,,,
406192,2009/10,2010-02-07,Melbourne Cricket Ground,2,8.2,West Indies,Australia,N Deonarine,LMP Simmons,MG Johnson,0,0,,,,,,,,,
406192,2009/10,2010-02-07,Melbourne Cricket Ground,2,8.3,West Indies,Australia,N Deonarine,LMP Simmons,MG Johnson,0,0,,,,,,,,,
406192,2009/10,2010-02-07,Melbourne Cricket Ground,2,8.4,West Indies,Australia,N Deonarine,LMP Simmons,MG Johnson,1,0,,,,,,,,,
406192,2009/10,2010-02-07,Melbourne Cricket Ground,2,8.5,West Indies,Australia,LMP Simmons,N Deonarine,MG Johnson,0,0,,,,,,,,,
406192,2009/10,2010-02-07,Melbourne Cricket Ground,2,8.6,West Indies,Australia,LMP Simmons,N Deonarine,MG Johnson,0,0,,,,,,,,,
406192,2009/10,2010-02-07,Melbourne Cricket Ground,2,9.1,West Indies,Australia,N Deonarine,LMP Simmons,SR Watson,1,0,,,,,,,,,
406192,2009/10,2010-02-07,Melbourne Cricket Ground,2,9.2,West Indies,Australia,LMP Simmons,N Deonarine,SR Watson,2,0,,,,,,,,,
406192,2009/10,2010-02-07,Melbourne Cricket Ground,2,9.3,West Indies,Australia,LMP Simmons,N Deonarine,SR Watson,0,0,,,,,,,,,
406192,2009/10,2010-02-07,Melbourne Cricket Ground,2,9.4,West Indies,Australia,LMP Simmons,N Deonarine,SR Watson,0,0,,,,,,,,,
406192,2009/10,2010-02-07,Melbourne Cricket Ground,2,9.5,West Indies,Australia,LMP Simmons,N Deonarine,SR Watson,0,0,,,,,,,,,
406192,2009/10,2010-02-07,Melbourne Cricket Ground,2,9.6,West Indies,Australia,LMP Simmons,N Deonarine,SR Watson,0,0,,,,,,,,,
406192,2009/10,2010-02-07,Melbourne Cricket Ground,2,10.1,West Indies,Australia,N Deonarine,LMP Simmons,MG Johnson,0,0,,,,,,,,,
406192,2009/10,2010-02-07,Melbourne Cricket Ground,2,10.2,West Indies,Australia,N Deonarine,LMP Simmons,MG Johnson,0,0,,,,,,,,,
406192,2009/10,2010-02-07,Melbourne Cricket Ground,2,10.3,West Indies,Australia,N Deonarine,LMP Simmons,MG Johnson,0,0,,,,,,,,,
406192,2009/10,2010-02-07,Melbourne Cricket Ground,2,10.4,West Indies,Australia,N Deonarine,LMP Simmons,MG Johnson,4,0,,,,,,,,,
406192,2009/10,2010-02-07,Melbourne Cricket Ground,2,10.5,West Indies,Australia,N Deonarine,LMP Simmons,MG Johnson,0,0,,,,,,,,,
406192,2009/10,2010-02-07,Melbourne Cricket Ground,2,10.6,West Indies,Australia,N Deonarine,LMP Simmons,MG Johnson,0,0,,,,,,,,,
406192,2009/10,2010-02-07,Melbourne Cricket Ground,2,11.1,West Indies,Australia,LMP Simmons,N Deonarine,SR Watson,0,0,,,,,,,,,
406192,2009/10,2010-02-07,Melbourne Cricket Ground,2,11.2,West Indies,Australia,LMP Simmons,N Deonarine,SR Watson,0,0,,,,,,,,,
406192,2009/10,2010-02-07,Melbourne Cricket Ground,2,11.3,West Indies,Australia,LMP Simmons,N Deonarine,SR Watson,1,0,,,,,,,,,
406192,2009/10,2010-02-07,Melbourne Cricket Ground,2,11.4,West Indies,Australia,N Deonarine,LMP Simmons,SR Watson,1,0,,,,,,,,,
406192,2009/10,2010-02-07,Melbourne Cricket Ground,2,11.5,West Indies,Australia,LMP Simmons,N Deonarine,SR Watson,0,0,,,,,,,,,
406192,2009/10,2010-02-07,Melbourne Cricket Ground,2,11.6,West Indies,Australia,LMP Simmons,N Deonarine,SR Watson,0,0,,,,,,,,,
406192,2009/10,2010-02-07,Melbourne Cricket Ground,2,12.1,West Indies,Australia,N Deonarine,LMP Simmons,MG Johnson,0,0,,,,,,,,,
406192,2009/10,2010-02-07,Melbourne Cricket Ground,2,12.2,West Indies,Australia,N Deonarine,LMP Simmons,MG Johnson,4,0,,,,,,,,,
406192,2009/10,2010-02-07,Melbourne Cricket Ground,2,12.3,West Indies,Australia,N Deonarine,LMP Simmons,MG Johnson,0,0,,,,,,,,,
406192,2009/10,2010-02-07,Melbourne Cricket Ground,2,12.4,West Indies,Australia,N Deonarine,LMP Simmons,MG Johnson,0,0,,,,,,,,,
406192,2009/10,2010-02-07,Melbourne Cricket Ground,2,12.5,West Indies,Australia,N Deonarine,LMP Simmons,MG Johnson,0,0,,,,,,caught,N Deonarine,,
406192,2009/10,2010-02-07,Melbourne Cricket Ground,2,12.6,West Indies,Australia,KA Pollard,LMP Simmons,MG Johnson,0,0,,,,,,,,,
406192,2009/10,2010-02-07,Melbourne Cricket Ground,2,13.1,West Indies,Australia,LMP Simmons,KA Pollard,SR Watson,1,0,,,,,,,,,
406192,2009/10,2010-02-07,Melbourne Cricket Ground,2,13.2,West Indies,Australia,KA Pollard,LMP Simmons,SR Watson,0,0,,,,,,,,,
406192,2009/10,2010-02-07,Melbourne Cricket Ground,2,13.3,West Indies,Australia,KA Pollard,LMP Simmons,SR Watson,0,0,,,,,,,,,
406192,2009/10,2010-02-07,Melbourne Cricket Ground,2,13.4,West Indies,Australia,KA Pollard,LMP Simmons,SR Watson,0,0,,,,,,,,,
406192,2009/10,2010-02-07,Melbourne Cricket Ground,2,13.5,West Indies,Australia,KA Pollard,LMP Simmons,SR Watson,4,0,,,,,,,,,
406192,2009/10,2010-02-07,Melbourne Cricket Ground,2,13.6,West Indies,Australia,KA Pollard,LMP Simmons,SR Watson,2,0,,,,,,,,,
406192,2009/10,2010-02-07,Melbourne Cricket Ground,2,14.1,West Indies,Australia,LMP Simmons,KA Pollard,MG Johnson,1,0,,,,,,,,,
406192,2009/10,2010-02-07,Melbourne Cricket Ground,2,14.2,West Indies,Australia,KA Pollard,LMP Simmons,MG Johnson,0,0,,,,,,,,,
406192,2009/10,2010-02-07,Melbourne Cricket Ground,2,14.3,West Indies,Australia,KA Pollard,LMP Simmons,MG Johnson,0,0,,,,,,,,,
406192,2009/10,2010-02-07,Melbourne Cricket Ground,2,14.4,West Indies,Australia,KA Pollard,LMP Simmons,MG Johnson,0,1,1,,,,,,,,
406192,2009/10,2010-02-07,Melbourne Cricket Ground,2,14.5,West Indies,Australia,KA Pollard,LMP Simmons,MG Johnson,3,0,,,,,,,,,
406192,2009/10,2010-02-07,Melbourne Cricket Ground,2,14.6,West Indies,Australia,LMP Simmons,KA Pollard,MG Johnson,0,2,,,2,,,,,,
406192,2009/10,2010-02-07,Melbourne Cricket Ground,2,14.7,West Indies,Australia,LMP Simmons,KA Pollard,MG Johnson,0,0,,,,,,,,,
406192,2009/10,2010-02-07,Melbourne Cricket Ground,2,15.1,West Indies,Australia,KA Pollard,LMP Simmons,SR Watson,0,0,,,,,,,,,
406192,2009/10,2010-02-07,Melbourne Cricket Ground,2,15.2,West Indies,Australia,KA Pollard,LMP Simmons,SR Watson,1,0,,,,,,,,,
406192,2009/10,2010-02-07,Melbourne Cricket Ground,2,15.3,West Indies,Australia,LMP Simmons,KA Pollard,SR Watson,2,0,,,,,,,,,
406192,2009/10,2010-02-07,Melbourne Cricket Ground,2,15.4,West Indies,Australia,LMP Simmons,KA Pollard,SR Watson,0,0,,,,,,,,,
406192,2009/10,2010-02-07,Melbourne Cricket Ground,2,15.5,West Indies,Australia,LMP Simmons,KA Pollard,SR Watson,1,0,,,,,,,,,
406192,2009/10,2010-02-07,Melbourne Cricket Ground,2,15.6,West Indies,Australia,KA Pollard,LMP Simmons,SR Watson,4,0,,,,,,,,,
406192,2009/10,2010-02-07,Melbourne Cricket Ground,2,16.1,West Indies,Australia,LMP Simmons,KA Pollard,MG Johnson,0,0,,,,,,,,,
406192,2009/10,2010-02-07,Melbourne Cricket Ground,2,16.2,West Indies,Australia,LMP Simmons,KA Pollard,MG Johnson,0,0,,,,,,,,,
406192,2009/10,2010-02-07,Melbourne Cricket Ground,2,16.3,West Indies,Australia,LMP Simmons,KA Pollard,MG Johnson,1,0,,,,,,,,,
406192,2009/10,2010-02-07,Melbourne Cricket Ground,2,16.4,West Indies,Australia,KA Pollard,LMP Simmons,MG Johnson,0,0,,,,,,,,,
406192,2009/10,2010-02-07,Melbourne Cricket Ground,2,16.5,West Indies,Australia,KA Pollard,LMP Simmons,MG Johnson,0,0,,,,,,,,,
406192,2009/10,2010-02-07,Melbourne Cricket Ground,2,16.6,West Indies,Australia,KA Pollard,LMP Simmons,MG Johnson,0,1,1,,,,,,,,
406192,2009/10,2010-02-07,Melbourne Cricket Ground,2,16.7,West Indies,Australia,KA Pollard,LMP Simmons,MG Johnson,1,0,,,,,,,,,
406192,2009/10,2010-02-07,Melbourne Cricket Ground,2,17.1,West Indies,Australia,KA Pollard,LMP Simmons,DE Bollinger,0,1,,,,1,,,,,
406192,2009/10,2010-02-07,Melbourne Cricket Ground,2,17.2,West Indies,Australia,LMP Simmons,KA Pollard,DE Bollinger,0,0,,,,,,,,,
406192,2009/10,2010-02-07,Melbourne Cricket Ground,2,17.3,West Indies,Australia,LMP Simmons,KA Pollard,DE Bollinger,0,0,,,,,,,,,
406192,2009/10,2010-02-07,Melbourne Cricket Ground,2,17.4,West Indies,Australia,LMP Simmons,KA Pollard,DE Bollinger,0,0,,,,,,,,,
406192,2009/10,2010-02-07,Melbourne Cricket Ground,2,17.5,West Indies,Australia,LMP Simmons,KA Pollard,DE Bollinger,0,0,,,,,,,,,
406192,2009/10,2010-02-07,Melbourne Cricket Ground,2,17.6,West Indies,Australia,LMP Simmons,KA Pollard,DE Bollinger,0,0,,,,,,,,,
406192,2009/10,2010-02-07,Melbourne Cricket Ground,2,18.1,West Indies,Australia,KA Pollard,LMP Simmons,NM Hauritz,1,0,,,,,,,,,
406192,2009/10,2010-02-07,Melbourne Cricket Ground,2,18.2,West Indies,Australia,LMP Simmons,KA Pollard,NM Hauritz,0,2,,,2,,,,,,
406192,2009/10,2010-02-07,Melbourne Cricket Ground,2,18.3,West Indies,Australia,LMP Simmons,KA Pollard,NM Hauritz,1,0,,,,,,,,,
406192,2009/10,2010-02-07,Melbourne Cricket Ground,2,18.4,West Indies,Australia,KA Pollard,LMP Simmons,NM Hauritz,1,0,,,,,,,,,
406192,2009/10,2010-02-07,Melbourne Cricket Ground,2,18.5,West Indies,Australia,LMP Simmons,KA Pollard,NM Hauritz,4,0,,,,,,,,,
406192,2009/10,2010-02-07,Melbourne Cricket Ground,2,18.6,West Indies,Australia,LMP Simmons,KA Pollard,NM Hauritz,0,0,,,,,,,,,
406192,2009/10,2010-02-07,Melbourne Cricket Ground,2,19.1,West Indies,Australia,KA Pollard,LMP Simmons,DE Bollinger,0,0,,,,,,,,,
406192,2009/10,2010-02-07,Melbourne Cricket Ground,2,19.2,West Indies,Australia,KA Pollard,LMP Simmons,DE Bollinger,1,0,,,,,,,,,
406192,2009/10,2010-02-07,Melbourne Cricket Ground,2,19.3,West Indies,Australia,LMP Simmons,KA Pollard,DE Bollinger,1,0,,,,,,,,,
406192,2009/10,2010-02-07,Melbourne Cricket Ground,2,19.4,West Indies,Australia,KA Pollard,LMP Simmons,DE Bollinger,0,2,,,,2,,,,,
406192,2009/10,2010-02-07,Melbourne Cricket Ground,2,19.5,West Indies,Australia,KA Pollard,LMP Simmons,DE Bollinger,0,0,,,,,,,,,
406192,2009/10,2010-02-07,Melbourne Cricket Ground,2,19.6,West Indies,Australia,KA Pollard,LMP Simmons,DE Bollinger,4,0,,,,,,,,,
406192,2009/10,2010-02-07,Melbourne Cricket Ground,2,20.1,West Indies,Australia,LMP Simmons,KA Pollard,NM Hauritz,2,0,,,,,,,,,
406192,2009/10,2010-02-07,Melbourne Cricket Ground,2,20.2,West Indies,Australia,LMP Simmons,KA Pollard,NM Hauritz,0,0,,,,,,,,,
406192,2009/10,2010-02-07,Melbourne Cricket Ground,2,20.3,West Indies,Australia,LMP Simmons,KA Pollard,NM Hauritz,2,0,,,,,,,,,
406192,2009/10,2010-02-07,Melbourne Cricket Ground,2,20.4,West Indies,Australia,LMP Simmons,KA Pollard,NM Hauritz,0,0,,,,,,,,,
406192,2009/10,2010-02-07,Melbourne Cricket Ground,2,20.5,West Indies,Australia,LMP Simmons,KA Pollard,NM Hauritz,0,0,,,,,,,,,
406192,2009/10,2010-02-07,Melbourne Cricket Ground,2,20.6,West Indies,Australia,LMP Simmons,KA Pollard,NM Hauritz,1,0,,,,,,,,,
406192,2009/10,2010-02-07,Melbourne Cricket Ground,2,21.1,West Indies,Australia,LMP Simmons,KA Pollard,RJ Harris,1,0,,,,,,,,,
406192,2009/10,2010-02-07,Melbourne Cricket Ground,2,21.2,West Indies,Australia,KA Pollard,LMP Simmons,RJ Harris,1,0,,,,,,,,,
406192,2009/10,2010-02-07,Melbourne Cricket Ground,2,21.3,West Indies,Australia,LMP Simmons,KA Pollard,RJ Harris,0,0,,,,,,,,,
406192,2009/10,2010-02-07,Melbourne Cricket Ground,2,21.4,West Indies,Australia,LMP Simmons,KA Pollard,RJ Harris,1,0,,,,,,,,,
406192,2009/10,2010-02-07,Melbourne Cricket Ground,2,21.5,West Indies,Australia,KA Pollard,LMP Simmons,RJ Harris,1,0,,,,,,,,,
406192,2009/10,2010-02-07,Melbourne Cricket Ground,2,21.6,West Indies,Australia,LMP Simmons,KA Pollard,RJ Harris,0,0,,,,,,,,,
406192,2009/10,2010-02-07,Melbourne Cricket Ground,2,22.1,West Indies,Australia,KA Pollard,LMP Simmons,NM Hauritz,1,0,,,,,,,,,
406192,2009/10,2010-02-07,Melbourne Cricket Ground,2,22.2,West Indies,Australia,LMP Simmons,KA Pollard,NM Hauritz,2,0,,,,,,,,,
406192,2009/10,2010-02-07,Melbourne Cricket Ground,2,22.3,West Indies,Australia,LMP Simmons,KA Pollard,NM Hauritz,0,0,,,,,,,,,
406192,2009/10,2010-02-07,Melbourne Cricket Ground,2,22.4,West Indies,Australia,LMP Simmons,KA Pollard,NM Hauritz,1,0,,,,,,,,,
406192,2009/10,2010-02-07,Melbourne Cricket Ground,2,22.5,West Indies,Australia,KA Pollard,LMP Simmons,NM Hauritz,0,0,,,,,,,,,
406192,2009/10,2010-02-07,Melbourne Cricket Ground,2,22.6,West Indies,Australia,KA Pollard,LMP Simmons,NM Hauritz,1,0,,,,,,,,,
406192,2009/10,2010-02-07,Melbourne Cricket Ground,2,23.1,West Indies,Australia,KA Pollard,LMP Simmons,RJ Harris,1,0,,,,,,,,,
406192,2009/10,2010-02-07,Melbourne Cricket Ground,2,23.2,West Indies,Australia,LMP Simmons,KA Pollard,RJ Harris,1,0,,,,,,,,,
406192,2009/10,2010-02-07,Melbourne Cricket Ground,2,23.3,West Indies,Australia,KA Pollard,LMP Simmons,RJ Harris,2,0,,,,,,,,,
406192,2009/10,2010-02-07,Melbourne Cricket Ground,2,23.4,West Indies,Australia,KA Pollard,LMP Simmons,RJ Harris,1,0,,,,,,,,,
406192,2009/10,2010-02-07,Melbourne Cricket Ground,2,23.5,West Indies,Australia,LMP Simmons,KA Pollard,RJ Harris,0,0,,,,,,,,,
406192,2009/10,2010-02-07,Melbourne Cricket Ground,2,23.6,West Indies,Australia,LMP Simmons,KA Pollard,RJ Harris,0,0,,,,,,,,,
406192,2009/10,2010-02-07,Melbourne Cricket Ground,2,24.1,West Indies,Australia,KA Pollard,LMP Simmons,NM Hauritz,0,0,,,,,,,,,
406192,2009/10,2010-02-07,Melbourne Cricket Ground,2,24.2,West Indies,Australia,KA Pollard,LMP Simmons,NM Hauritz,0,0,,,,,,,,,
406192,2009/10,2010-02-07,Melbourne Cricket Ground,2,24.3,West Indies,Australia,KA Pollard,LMP Simmons,NM Hauritz,1,0,,,,,,,,,
406192,2009/10,2010-02-07,Melbourne Cricket Ground,2,24.4,West Indies,Australia,LMP Simmons,KA Pollard,NM Hauritz,1,0,,,,,,,,,
406192,2009/10,2010-02-07,Melbourne Cricket Ground,2,24.5,West Indies,Australia,KA Pollard,LMP Simmons,NM Hauritz,0,0,,,,,,caught,KA Pollard,,
406192,2009/10,2010-02-07,Melbourne Cricket Ground,2,24.6,West Indies,Australia,LMP Simmons,D Ramdin,NM Hauritz,1,0,,,,,,,,,
406192,2009/10,2010-02-07,Melbourne Cricket Ground,2,25.1,West Indies,Australia,LMP Simmons,D Ramdin,SR Watson,1,0,,,,,,,,,
406192,2009/10,2010-02-07,Melbourne Cricket Ground,2,25.2,West Indies,Australia,D Ramdin,LMP Simmons,SR Watson,1,0,,,,,,,,,
406192,2009/10,2010-02-07,Melbourne Cricket Ground,2,25.3,West Indies,Australia,LMP Simmons,D Ramdin,SR Watson,0,0,,,,,,caught,LMP Simmons,,
406192,2009/10,2010-02-07,Melbourne Cricket Ground,2,25.4,West Indies,Australia,DR Smith,D Ramdin,SR Watson,0,0,,,,,,,,,
406192,2009/10,2010-02-07,Melbourne Cricket Ground,2,25.5,West Indies,Australia,DR Smith,D Ramdin,SR Watson,0,0,,,,,,,,,
406192,2009/10,2010-02-07,Melbourne Cricket Ground,2,25.6,West Indies,Australia,DR Smith,D Ramdin,SR Watson,0,0,,,,,,,,,
406192,2009/10,2010-02-07,Melbourne Cricket Ground,2,26.1,West Indies,Australia,D Ramdin,DR Smith,MG Johnson,1,0,,,,,,,,,
406192,2009/10,2010-02-07,Melbourne Cricket Ground,2,26.2,West Indies,Australia,DR Smith,D Ramdin,MG Johnson,1,0,,,,,,,,,
406192,2009/10,2010-02-07,Melbourne Cricket Ground,2,26.3,West Indies,Australia,D Ramdin,DR Smith,MG Johnson,0,0,,,,,,,,,
406192,2009/10,2010-02-07,Melbourne Cricket Ground,2,26.4,West Indies,Australia,D Ramdin,DR Smith,MG Johnson,0,0,,,,,,,,,
406192,2009/10,2010-02-07,Melbourne Cricket Ground,2,26.5,West Indies,Australia,D Ramdin,DR Smith,MG Johnson,1,0,,,,,,,,,
406192,2009/10,2010-02-07,Melbourne Cricket Ground,2,26.6,West Indies,Australia,DR Smith,D Ramdin,MG Johnson,0,0,,,,,,,,,
406192,2009/10,2010-02-07,Melbourne Cricket Ground,2,27.1,West Indies,Australia,D Ramdin,DR Smith,SR Watson,4,0,,,,,,,,,
406192,2009/10,2010-02-07,Melbourne Cricket Ground,2,27.2,West Indies,Australia,D Ramdin,DR Smith,SR Watson,1,0,,,,,,,,,
406192,2009/10,2010-02-07,Melbourne Cricket Ground,2,27.3,West Indies,Australia,DR Smith,D Ramdin,SR Watson,0,0,,,,,,,,,
406192,2009/10,2010-02-07,Melbourne Cricket Ground,2,27.4,West Indies,Australia,DR Smith,D Ramdin,SR Watson,0,0,,,,,,,,,
406192,2009/10,2010-02-07,Melbourne Cricket Ground,2,27.5,West Indies,Australia,DR Smith,D Ramdin,SR Watson,4,0,,,,,,,,,
406192,2009/10,2010-02-07,Melbourne Cricket Ground,2,27.6,West Indies,Australia,DR Smith,D Ramdin,SR Watson,0,0,,,,,,,,,
406192,2009/10,2010-02-07,Melbourne Cricket Ground,2,28.1,West Indies,Australia,D Ramdin,DR Smith,MG Johnson,1,0,,,,,,,,,
406192,2009/10,2010-02-07,Melbourne Cricket Ground,2,28.2,West Indies,Australia,DR Smith,D Ramdin,MG Johnson,0,0,,,,,,,,,
406192,2009/10,2010-02-07,Melbourne Cricket Ground,2,28.3,West Indies,Australia,DR Smith,D Ramdin,MG Johnson,0,0,,,,,,,,,
406192,2009/10,2010-02-07,Melbourne Cricket Ground,2,28.4,West Indies,Australia,DR Smith,D Ramdin,MG Johnson,0,0,,,,,,,,,
406192,2009/10,2010-02-07,Melbourne Cricket Ground,2,28.5,West Indies,Australia,DR Smith,D Ramdin,MG Johnson,0,0,,,,,,,,,
406192,2009/10,2010-02-07,Melbourne Cricket Ground,2,28.6,West Indies,Australia,DR Smith,D Ramdin,MG Johnson,0,2,2,,,,,,,,
406192,2009/10,2010-02-07,Melbourne Cricket Ground,2,28.7,West Indies,Australia,D Ramdin,DR Smith,MG Johnson,4,0,,,,,,,,,
406192,2009/10,2010-02-07,Melbourne Cricket Ground,2,29.1,West Indies,Australia,DR Smith,D Ramdin,RJ Harris,0,0,,,,,,,,,
406192,2009/10,2010-02-07,Melbourne Cricket Ground,2,29.2,West Indies,Australia,DR Smith,D Ramdin,RJ Harris,0,0,,,,,,,,,
406192,2009/10,2010-02-07,Melbourne Cricket Ground,2,29.3,West Indies,Australia,DR Smith,D Ramdin,RJ Harris,0,0,,,,,,,,,
406192,2009/10,2010-02-07,Melbourne Cricket Ground,2,29.4,West Indies,Australia,DR Smith,D Ramdin,RJ Harris,1,0,,,,,,,,,
406192,2009/10,2010-02-07,Melbourne Cricket Ground,2,29.5,West Indies,Australia,D Ramdin,DR Smith,RJ Harris,1,0,,,,,,,,,
406192,2009/10,2010-02-07,Melbourne Cricket Ground,2,29.6,West Indies,Australia,DR Smith,D Ramdin,RJ Harris,0,0,,,,,,,,,
406192,2009/10,2010-02-07,Melbourne Cricket Ground,2,30.1,West Indies,Australia,D Ramdin,DR Smith,NM Hauritz,1,0,,,,,,,,,
406192,2009/10,2010-02-07,Melbourne Cricket Ground,2,30.2,West Indies,Australia,DR Smith,D Ramdin,NM Hauritz,1,0,,,,,,,,,
406192,2009/10,2010-02-07,Melbourne Cricket Ground,2,30.3,West Indies,Australia,D Ramdin,DR Smith,NM Hauritz,1,0,,,,,,,,,
406192,2009/10,2010-02-07,Melbourne Cricket Ground,2,30.4,West Indies,Australia,DR Smith,D Ramdin,NM Hauritz,0,0,,,,,,caught,DR Smith,,
406192,2009/10,2010-02-07,Melbourne Cricket Ground,2,30.5,West Indies,Australia,D Ramdin,NO Miller,NM Hauritz,1,0,,,,,,,,,
406192,2009/10,2010-02-07,Melbourne Cricket Ground,2,30.6,West Indies,Australia,NO Miller,D Ramdin,NM Hauritz,0,0,,,,,,,,,
406192,2009/10,2010-02-07,Melbourne Cricket Ground,2,31.1,West Indies,Australia,D Ramdin,NO Miller,RJ Harris,0,0,,,,,,bowled,D Ramdin,,
406192,2009/10,2010-02-07,Melbourne Cricket Ground,2,31.2,West Indies,Australia,R Rampaul,NO Miller,RJ Harris,0,0,,,,,,,,,
406192,2009/10,2010-02-07,Melbourne Cricket Ground,2,31.3,West Indies,Australia,R Rampaul,NO Miller,RJ Harris,0,0,,,,,,,,,
406192,2009/10,2010-02-07,Melbourne Cricket Ground,2,31.4,West Indies,Australia,R Rampaul,NO Miller,RJ Harris,1,0,,,,,,,,,
406192,2009/10,2010-02-07,Melbourne Cricket Ground,2,31.5,West Indies,Australia,NO Miller,R Rampaul,RJ Harris,1,0,,,,,,,,,
406192,2009/10,2010-02-07,Melbourne Cricket Ground,2,31.6,West Indies,Australia,R Rampaul,NO Miller,RJ Harris,0,0,,,,,,,,,
406192,2009/10,2010-02-07,Melbourne Cricket Ground,2,32.1,West Indies,Australia,NO Miller,R Rampaul,NM Hauritz,0,0,,,,,,,,,
406192,2009/10,2010-02-07,Melbourne Cricket Ground,2,32.2,West Indies,Australia,NO Miller,R Rampaul,NM Hauritz,2,0,,,,,,,,,
406192,2009/10,2010-02-07,Melbourne Cricket Ground,2,32.3,West Indies,Australia,NO Miller,R Rampaul,NM Hauritz,0,0,,,,,,,,,
406192,2009/10,2010-02-07,Melbourne Cricket Ground,2,32.4,West Indies,Australia,NO Miller,R Rampaul,NM Hauritz,0,0,,,,,,,,,
406192,2009/10,2010-02-07,Melbourne Cricket Ground,2,32.5,West Indies,Australia,NO Miller,R Rampaul,NM Hauritz,1,0,,,,,,,,,
406192,2009/10,2010-02-07,Melbourne Cricket Ground,2,32.6,West Indies,Australia,R Rampaul,NO Miller,NM Hauritz,1,0,,,,,,,,,
406192,2009/10,2010-02-07,Melbourne Cricket Ground,2,33.1,West Indies,Australia,R Rampaul,NO Miller,RJ Harris,0,0,,,,,,,,,
406192,2009/10,2010-02-07,Melbourne Cricket Ground,2,33.2,West Indies,Australia,R Rampaul,NO Miller,RJ Harris,0,0,,,,,,,,,
406192,2009/10,2010-02-07,Melbourne Cricket Ground,2,33.3,West Indies,Australia,R Rampaul,NO Miller,RJ Harris,1,0,,,,,,,,,
406192,2009/10,2010-02-07,Melbourne Cricket Ground,2,33.4,West Indies,Australia,NO Miller,R Rampaul,RJ Harris,0,0,,,,,,,,,
406192,2009/10,2010-02-07,Melbourne Cricket Ground,2,33.5,West Indies,Australia,NO Miller,R Rampaul,RJ Harris,0,0,,,,,,,,,
406192,2009/10,2010-02-07,Melbourne Cricket Ground,2,33.6,West Indies,Australia,NO Miller,R Rampaul,RJ Harris,0,0,,,,,,caught,NO Miller,,
406192,2009/10,2010-02-07,Melbourne Cricket Ground,2,34.1,West Indies,Australia,R Rampaul,KAJ Roach,NM Hauritz,0,0,,,,,,,,,
406192,2009/10,2010-02-07,Melbourne Cricket Ground,2,34.2,West Indies,Australia,R Rampaul,KAJ Roach,NM Hauritz,0,0,,,,,,caught,R Rampaul,,
