match_id,season,start_date,venue,innings,ball,batting_team,bowling_team,striker,non_striker,bowler,runs_off_bat,extras,wides,noballs,byes,legbyes,penalty,wicket_type,player_dismissed,other_wicket_type,other_player_dismissed
406205,2009/10,2010-01-29,Western Australia Cricket Association Ground,1,0.1,Australia,Pakistan,SE Marsh,BJ Haddin,Mohammad Asif,0,0,,,,,,,,,
406205,2009/10,2010-01-29,Western Australia Cricket Association Ground,1,0.2,Australia,Pakistan,SE Marsh,BJ Haddin,Mohammad Asif,0,0,,,,,,,,,
406205,2009/10,2010-01-29,Western Australia Cricket Association Ground,1,0.3,Australia,Pakistan,SE Marsh,BJ Haddin,Mohammad Asif,0,0,,,,,,,,,
406205,2009/10,2010-01-29,Western Australia Cricket Association Ground,1,0.4,Australia,Pakistan,SE Marsh,BJ Haddin,Mohammad Asif,0,0,,,,,,,,,
406205,2009/10,2010-01-29,Western Australia Cricket Association Ground,1,0.5,Australia,Pakistan,SE Marsh,BJ Haddin,Mohammad Asif,0,0,,,,,,,,,
406205,2009/10,2010-01-29,Western Australia Cricket Association Ground,1,0.6,Australia,Pakistan,SE Marsh,BJ Haddin,Mohammad Asif,0,0,,,,,,,,,
406205,2009/10,2010-01-29,Western Australia Cricket Association Ground,1,1.1,Australia,Pakistan,BJ Haddin,SE Marsh,Naved-ul-Hasan,1,0,,,,,,,,,
406205,2009/10,2010-01-29,Western Australia Cricket Association Ground,1,1.2,Australia,Pakistan,SE Marsh,BJ Haddin,Naved-ul-Hasan,0,0,,,,,,,,,
406205,2009/10,2010-01-29,Western Australia Cricket Association Ground,1,1.3,Australia,Pakistan,SE Marsh,BJ Haddin,Naved-ul-Hasan,0,0,,,,,,,,,
406205,2009/10,2010-01-29,Western Australia Cricket Association Ground,1,1.4,Australia,Pakistan,SE Marsh,BJ Haddin,Naved-ul-Hasan,1,0,,,,,,,,,
406205,2009/10,2010-01-29,Western Australia Cricket Association Ground,1,1.5,Australia,Pakistan,BJ Haddin,SE Marsh,Naved-ul-Hasan,0,0,,,,,,,,,
406205,2009/10,2010-01-29,Western Australia Cricket Association Ground,1,1.6,Australia,Pakistan,BJ Haddin,SE Marsh,Naved-ul-Hasan,0,0,,,,,,,,,
406205,2009/10,2010-01-29,Western Australia Cricket Association Ground,1,2.1,Australia,Pakistan,SE Marsh,BJ Haddin,Mohammad Asif,0,0,,,,,,,,,
406205,2009/10,2010-01-29,Western Australia Cricket Association Ground,1,2.2,Australia,Pakistan,SE Marsh,BJ Haddin,Mohammad Asif,0,0,,,,,,,,,
406205,2009/10,2010-01-29,Western Australia Cricket Association Ground,1,2.3,Australia,Pakistan,SE Marsh,BJ Haddin,Mohammad Asif,1,0,,,,,,,,,
406205,2009/10,2010-01-29,Western Australia Cricket Association Ground,1,2.4,Australia,Pakistan,BJ Haddin,SE Marsh,Mohammad Asif,1,0,,,,,,,,,
406205,2009/10,2010-01-29,Western Australia Cricket Association Ground,1,2.5,Australia,Pakistan,SE Marsh,BJ Haddin,Mohammad Asif,4,0,,,,,,,,,
406205,2009/10,2010-01-29,Western Australia Cricket Association Ground,1,2.6,Australia,Pakistan,SE Marsh,BJ Haddin,Mohammad Asif,0,0,,,,,,,,,
406205,2009/10,2010-01-29,Western Australia Cricket Association Ground,1,3.1,Australia,Pakistan,BJ Haddin,SE Marsh,Naved-ul-Hasan,0,0,,,,,,,,,
406205,2009/10,2010-01-29,Western Australia Cricket Association Ground,1,3.2,Australia,Pakistan,BJ Haddin,SE Marsh,Naved-ul-Hasan,1,0,,,,,,,,,
406205,2009/10,2010-01-29,Western Australia Cricket Association Ground,1,3.3,Australia,Pakistan,SE Marsh,BJ Haddin,Naved-ul-Hasan,1,0,,,,,,,,,
406205,2009/10,2010-01-29,Western Australia Cricket Association Ground,1,3.4,Australia,Pakistan,BJ Haddin,SE Marsh,Naved-ul-Hasan,2,0,,,,,,,,,
406205,2009/10,2010-01-29,Western Australia Cricket Association Ground,1,3.5,Australia,Pakistan,BJ Haddin,SE Marsh,Naved-ul-Hasan,4,0,,,,,,,,,
406205,2009/10,2010-01-29,Western Australia Cricket Association Ground,1,3.6,Australia,Pakistan,BJ Haddin,SE Marsh,Naved-ul-Hasan,4,0,,,,,,,,,
406205,2009/10,2010-01-29,Western Australia Cricket Association Ground,1,4.1,Australia,Pakistan,SE Marsh,BJ Haddin,Mohammad Asif,0,0,,,,,,,,,
406205,2009/10,2010-01-29,Western Australia Cricket Association Ground,1,4.2,Australia,Pakistan,SE Marsh,BJ Haddin,Mohammad Asif,0,0,,,,,,,,,
406205,2009/10,2010-01-29,Western Australia Cricket Association Ground,1,4.3,Australia,Pakistan,SE Marsh,BJ Haddin,Mohammad Asif,0,0,,,,,,,,,
406205,2009/10,2010-01-29,Western Australia Cricket Association Ground,1,4.4,Australia,Pakistan,SE Marsh,BJ Haddin,Mohammad Asif,1,0,,,,,,,,,
406205,2009/10,2010-01-29,Western Australia Cricket Association Ground,1,4.5,Australia,Pakistan,BJ Haddin,SE Marsh,Mohammad Asif,0,0,,,,,,,,,
406205,2009/10,2010-01-29,Western Australia Cricket Association Ground,1,4.6,Australia,Pakistan,BJ Haddin,SE Marsh,Mohammad Asif,1,0,,,,,,,,,
406205,2009/10,2010-01-29,Western Australia Cricket Association Ground,1,5.1,Australia,Pakistan,BJ Haddin,SE Marsh,Naved-ul-Hasan,3,0,,,,,,,,,
406205,2009/10,2010-01-29,Western Australia Cricket Association Ground,1,5.2,Australia,Pakistan,SE Marsh,BJ Haddin,Naved-ul-Hasan,1,0,,,,,,,,,
406205,2009/10,2010-01-29,Western Australia Cricket Association Ground,1,5.3,Australia,Pakistan,BJ Haddin,SE Marsh,Naved-ul-Hasan,1,0,,,,,,,,,
406205,2009/10,2010-01-29,Western Australia Cricket Association Ground,1,5.4,Australia,Pakistan,SE Marsh,BJ Haddin,Naved-ul-Hasan,2,0,,,,,,,,,
406205,2009/10,2010-01-29,Western Australia Cricket Association Ground,1,5.5,Australia,Pakistan,SE Marsh,BJ Haddin,Naved-ul-Hasan,1,0,,,,,,,,,
406205,2009/10,2010-01-29,Western Australia Cricket Association Ground,1,5.6,Australia,Pakistan,BJ Haddin,SE Marsh,Naved-ul-Hasan,0,0,,,,,,,,,
406205,2009/10,2010-01-29,Western Australia Cricket Association Ground,1,6.1,Australia,Pakistan,SE Marsh,BJ Haddin,Mohammad Asif,0,0,,,,,,,,,
406205,2009/10,2010-01-29,Western Australia Cricket Association Ground,1,6.2,Australia,Pakistan,SE Marsh,BJ Haddin,Mohammad Asif,0,0,,,,,,,,,
406205,2009/10,2010-01-29,Western Australia Cricket Association Ground,1,6.3,Australia,Pakistan,SE Marsh,BJ Haddin,Mohammad Asif,0,0,,,,,,,,,
406205,2009/10,2010-01-29,Western Australia Cricket Association Ground,1,6.4,Australia,Pakistan,SE Marsh,BJ Haddin,Mohammad Asif,0,0,,,,,,,,,
406205,2009/10,2010-01-29,Western Australia Cricket Association Ground,1,6.5,Australia,Pakistan,SE Marsh,BJ Haddin,Mohammad Asif,0,0,,,,,,caught,SE Marsh,,
406205,2009/10,2010-01-29,Western Australia Cricket Association Ground,1,6.6,Australia,Pakistan,RT Ponting,BJ Haddin,Mohammad Asif,1,0,,,,,,,,,
406205,2009/10,2010-01-29,Western Australia Cricket Association Ground,1,7.1,Australia,Pakistan,RT Ponting,BJ Haddin,Naved-ul-Hasan,0,0,,,,,,,,,
406205,2009/10,2010-01-29,Western Australia Cricket Association Ground,1,7.2,Australia,Pakistan,RT Ponting,BJ Haddin,Naved-ul-Hasan,0,0,,,,,,,,,
406205,2009/10,2010-01-29,Western Australia Cricket Association Ground,1,7.3,Australia,Pakistan,RT Ponting,BJ Haddin,Naved-ul-Hasan,1,0,,,,,,,,,
406205,2009/10,2010-01-29,Western Australia Cricket Association Ground,1,7.4,Australia,Pakistan,BJ Haddin,RT Ponting,Naved-ul-Hasan,0,0,,,,,,,,,
406205,2009/10,2010-01-29,Western Australia Cricket Association Ground,1,7.5,Australia,Pakistan,BJ Haddin,RT Ponting,Naved-ul-Hasan,1,0,,,,,,,,,
406205,2009/10,2010-01-29,Western Australia Cricket Association Ground,1,7.6,Australia,Pakistan,RT Ponting,BJ Haddin,Naved-ul-Hasan,0,0,,,,,,,,,
406205,2009/10,2010-01-29,Western Australia Cricket Association Ground,1,8.1,Australia,Pakistan,BJ Haddin,RT Ponting,Mohammad Asif,1,0,,,,,,,,,
406205,2009/10,2010-01-29,Western Australia Cricket Association Ground,1,8.2,Australia,Pakistan,RT Ponting,BJ Haddin,Mohammad Asif,0,0,,,,,,,,,
406205,2009/10,2010-01-29,Western Australia Cricket Association Ground,1,8.3,Australia,Pakistan,RT Ponting,BJ Haddin,Mohammad Asif,0,0,,,,,,,,,
406205,2009/10,2010-01-29,Western Australia Cricket Association Ground,1,8.4,Australia,Pakistan,RT Ponting,BJ Haddin,Mohammad Asif,0,0,,,,,,,,,
406205,2009/10,2010-01-29,Western Australia Cricket Association Ground,1,8.5,Australia,Pakistan,RT Ponting,BJ Haddin,Mohammad Asif,0,0,,,,,,,,,
406205,2009/10,2010-01-29,Western Australia Cricket Association Ground,1,8.6,Australia,Pakistan,RT Ponting,BJ Haddin,Mohammad Asif,3,0,,,,,,,,,
406205,2009/10,2010-01-29,Western Australia Cricket Association Ground,1,9.1,Australia,Pakistan,RT Ponting,BJ Haddin,Naved-ul-Hasan,0,0,,,,,,,,,
406205,2009/10,2010-01-29,Western Australia Cricket Association Ground,1,9.2,Australia,Pakistan,RT Ponting,BJ Haddin,Naved-ul-Hasan,1,0,,,,,,,,,
406205,2009/10,2010-01-29,Western Australia Cricket Association Ground,1,9.3,Australia,Pakistan,BJ Haddin,RT Ponting,Naved-ul-Hasan,0,0,,,,,,,,,
406205,2009/10,2010-01-29,Western Australia Cricket Association Ground,1,9.4,Australia,Pakistan,BJ Haddin,RT Ponting,Naved-ul-Hasan,1,0,,,,,,,,,
406205,2009/10,2010-01-29,Western Australia Cricket Association Ground,1,9.5,Australia,Pakistan,RT Ponting,BJ Haddin,Naved-ul-Hasan,0,0,,,,,,,,,
406205,2009/10,2010-01-29,Western Australia Cricket Association Ground,1,9.6,Australia,Pakistan,RT Ponting,BJ Haddin,Naved-ul-Hasan,1,0,,,,,,,,,
406205,2009/10,2010-01-29,Western Australia Cricket Association Ground,1,10.1,Australia,Pakistan,RT Ponting,BJ Haddin,Mohammad Asif,1,0,,,,,,,,,
406205,2009/10,2010-01-29,Western Australia Cricket Association Ground,1,10.2,Australia,Pakistan,BJ Haddin,RT Ponting,Mohammad Asif,0,0,,,,,,,,,
406205,2009/10,2010-01-29,Western Australia Cricket Association Ground,1,10.3,Australia,Pakistan,BJ Haddin,RT Ponting,Mohammad Asif,1,0,,,,,,,,,
406205,2009/10,2010-01-29,Western Australia Cricket Association Ground,1,10.4,Australia,Pakistan,RT Ponting,BJ Haddin,Mohammad Asif,1,0,,,,,,,,,
406205,2009/10,2010-01-29,Western Australia Cricket Association Ground,1,10.5,Australia,Pakistan,BJ Haddin,RT Ponting,Mohammad Asif,4,0,,,,,,,,,
406205,2009/10,2010-01-29,Western Australia Cricket Association Ground,1,10.6,Australia,Pakistan,BJ Haddin,RT Ponting,Mohammad Asif,2,0,,,,,,,,,
406205,2009/10,2010-01-29,Western Australia Cricket Association Ground,1,11.1,Australia,Pakistan,RT Ponting,BJ Haddin,Naved-ul-Hasan,0,2,2,,,,,,,,
406205,2009/10,2010-01-29,Western Australia Cricket Association Ground,1,11.2,Australia,Pakistan,BJ Haddin,RT Ponting,Naved-ul-Hasan,4,0,,,,,,,,,
406205,2009/10,2010-01-29,Western Australia Cricket Association Ground,1,11.3,Australia,Pakistan,BJ Haddin,RT Ponting,Naved-ul-Hasan,0,0,,,,,,,,,
406205,2009/10,2010-01-29,Western Australia Cricket Association Ground,1,11.4,Australia,Pakistan,BJ Haddin,RT Ponting,Naved-ul-Hasan,0,0,,,,,,bowled,BJ Haddin,,
406205,2009/10,2010-01-29,Western Australia Cricket Association Ground,1,11.5,Australia,Pakistan,MJ Clarke,RT Ponting,Naved-ul-Hasan,1,0,,,,,,,,,
406205,2009/10,2010-01-29,Western Australia Cricket Association Ground,1,11.6,Australia,Pakistan,RT Ponting,MJ Clarke,Naved-ul-Hasan,0,0,,,,,,,,,
406205,2009/10,2010-01-29,Western Australia Cricket Association Ground,1,11.7,Australia,Pakistan,RT Ponting,MJ Clarke,Naved-ul-Hasan,0,0,,,,,,,,,
406205,2009/10,2010-01-29,Western Australia Cricket Association Ground,1,12.1,Australia,Pakistan,MJ Clarke,RT Ponting,Iftikhar Anjum,0,0,,,,,,,,,
406205,2009/10,2010-01-29,Western Australia Cricket Association Ground,1,12.2,Australia,Pakistan,MJ Clarke,RT Ponting,Iftikhar Anjum,0,0,,,,,,,,,
406205,2009/10,2010-01-29,Western Australia Cricket Association Ground,1,12.3,Australia,Pakistan,MJ Clarke,RT Ponting,Iftikhar Anjum,1,0,,,,,,,,,
406205,2009/10,2010-01-29,Western Australia Cricket Association Ground,1,12.4,Australia,Pakistan,RT Ponting,MJ Clarke,Iftikhar Anjum,2,0,,,,,,,,,
406205,2009/10,2010-01-29,Western Australia Cricket Association Ground,1,12.5,Australia,Pakistan,RT Ponting,MJ Clarke,Iftikhar Anjum,1,0,,,,,,,,,
406205,2009/10,2010-01-29,Western Australia Cricket Association Ground,1,12.6,Australia,Pakistan,MJ Clarke,RT Ponting,Iftikhar Anjum,0,0,,,,,,,,,
406205,2009/10,2010-01-29,Western Australia Cricket Association Ground,1,13.1,Australia,Pakistan,RT Ponting,MJ Clarke,Shahid Afridi,1,0,,,,,,,,,
406205,2009/10,2010-01-29,Western Australia Cricket Association Ground,1,13.2,Australia,Pakistan,MJ Clarke,RT Ponting,Shahid Afridi,3,0,,,,,,,,,
406205,2009/10,2010-01-29,Western Australia Cricket Association Ground,1,13.3,Australia,Pakistan,RT Ponting,MJ Clarke,Shahid Afridi,4,0,,,,,,,,,
406205,2009/10,2010-01-29,Western Australia Cricket Association Ground,1,13.4,Australia,Pakistan,RT Ponting,MJ Clarke,Shahid Afridi,0,2,2,,,,,,,,
406205,2009/10,2010-01-29,Western Australia Cricket Association Ground,1,13.5,Australia,Pakistan,MJ Clarke,RT Ponting,Shahid Afridi,0,0,,,,,,,,,
406205,2009/10,2010-01-29,Western Australia Cricket Association Ground,1,13.6,Australia,Pakistan,MJ Clarke,RT Ponting,Shahid Afridi,1,0,,,,,,,,,
406205,2009/10,2010-01-29,Western Australia Cricket Association Ground,1,13.7,Australia,Pakistan,RT Ponting,MJ Clarke,Shahid Afridi,0,0,,,,,,,,,
406205,2009/10,2010-01-29,Western Australia Cricket Association Ground,1,14.1,Australia,Pakistan,MJ Clarke,RT Ponting,Iftikhar Anjum,1,0,,,,,,,,,
406205,2009/10,2010-01-29,Western Australia Cricket Association Ground,1,14.2,Australia,Pakistan,RT Ponting,MJ Clarke,Iftikhar Anjum,1,0,,,,,,,,,
406205,2009/10,2010-01-29,Western Australia Cricket Association Ground,1,14.3,Australia,Pakistan,MJ Clarke,RT Ponting,Iftikhar Anjum,3,0,,,,,,,,,
406205,2009/10,2010-01-29,Western Australia Cricket Association Ground,1,14.4,Australia,Pakistan,RT Ponting,MJ Clarke,Iftikhar Anjum,1,0,,,,,,,,,
406205,2009/10,2010-01-29,Western Australia Cricket Association Ground,1,14.5,Australia,Pakistan,MJ Clarke,RT Ponting,Iftikhar Anjum,0,0,,,,,,run out,MJ Clarke,,
406205,2009/10,2010-01-29,Western Australia Cricket Association Ground,1,14.6,Australia,Pakistan,RT Ponting,CL White,Iftikhar Anjum,0,0,,,,,,,,,
406205,2009/10,2010-01-29,Western Australia Cricket Association Ground,1,15.1,Australia,Pakistan,CL White,RT Ponting,Shahid Afridi,0,0,,,,,,,,,
406205,2009/10,2010-01-29,Western Australia Cricket Association Ground,1,15.2,Australia,Pakistan,CL White,RT Ponting,Shahid Afridi,0,0,,,,,,,,,
406205,2009/10,2010-01-29,Western Australia Cricket Association Ground,1,15.3,Australia,Pakistan,CL White,RT Ponting,Shahid Afridi,2,0,,,,,,,,,
406205,2009/10,2010-01-29,Western Australia Cricket Association Ground,1,15.4,Australia,Pakistan,CL White,RT Ponting,Shahid Afridi,0,0,,,,,,,,,
406205,2009/10,2010-01-29,Western Australia Cricket Association Ground,1,15.5,Australia,Pakistan,CL White,RT Ponting,Shahid Afridi,0,0,,,,,,,,,
406205,2009/10,2010-01-29,Western Australia Cricket Association Ground,1,15.6,Australia,Pakistan,CL White,RT Ponting,Shahid Afridi,0,0,,,,,,,,,
406205,2009/10,2010-01-29,Western Australia Cricket Association Ground,1,16.1,Australia,Pakistan,RT Ponting,CL White,Iftikhar Anjum,0,0,,,,,,,,,
406205,2009/10,2010-01-29,Western Australia Cricket Association Ground,1,16.2,Australia,Pakistan,RT Ponting,CL White,Iftikhar Anjum,6,0,,,,,,,,,
406205,2009/10,2010-01-29,Western Australia Cricket Association Ground,1,16.3,Australia,Pakistan,RT Ponting,CL White,Iftikhar Anjum,0,0,,,,,,,,,
406205,2009/10,2010-01-29,Western Australia Cricket Association Ground,1,16.4,Australia,Pakistan,RT Ponting,CL White,Iftikhar Anjum,0,0,,,,,,,,,
406205,2009/10,2010-01-29,Western Australia Cricket Association Ground,1,16.5,Australia,Pakistan,RT Ponting,CL White,Iftikhar Anjum,1,0,,,,,,,,,
406205,2009/10,2010-01-29,Western Australia Cricket Association Ground,1,16.6,Australia,Pakistan,CL White,RT Ponting,Iftikhar Anjum,0,0,,,,,,,,,
406205,2009/10,2010-01-29,Western Australia Cricket Association Ground,1,17.1,Australia,Pakistan,RT Ponting,CL White,Shahid Afridi,1,0,,,,,,,,,
406205,2009/10,2010-01-29,Western Australia Cricket Association Ground,1,17.2,Australia,Pakistan,CL White,RT Ponting,Shahid Afridi,0,0,,,,,,,,,
406205,2009/10,2010-01-29,Western Australia Cricket Association Ground,1,17.3,Australia,Pakistan,CL White,RT Ponting,Shahid Afridi,0,0,,,,,,,,,
406205,2009/10,2010-01-29,Western Australia Cricket Association Ground,1,17.4,Australia,Pakistan,CL White,RT Ponting,Shahid Afridi,0,0,,,,,,,,,
406205,2009/10,2010-01-29,Western Australia Cricket Association Ground,1,17.5,Australia,Pakistan,CL White,RT Ponting,Shahid Afridi,0,0,,,,,,,,,
406205,2009/10,2010-01-29,Western Australia Cricket Association Ground,1,17.6,Australia,Pakistan,CL White,RT Ponting,Shahid Afridi,1,0,,,,,,,,,
406205,2009/10,2010-01-29,Western Australia Cricket Association Ground,1,18.1,Australia,Pakistan,CL White,RT Ponting,Iftikhar Anjum,4,0,,,,,,,,,
406205,2009/10,2010-01-29,Western Australia Cricket Association Ground,1,18.2,Australia,Pakistan,CL White,RT Ponting,Iftikhar Anjum,0,0,,,,,,,,,
406205,2009/10,2010-01-29,Western Australia Cricket Association Ground,1,18.3,Australia,Pakistan,CL White,RT Ponting,Iftikhar Anjum,1,0,,,,,,,,,
406205,2009/10,2010-01-29,Western Australia Cricket Association Ground,1,18.4,Australia,Pakistan,RT Ponting,CL White,Iftikhar Anjum,0,0,,,,,,,,,
406205,2009/10,2010-01-29,Western Australia Cricket Association Ground,1,18.5,Australia,Pakistan,RT Ponting,CL White,Iftikhar Anjum,1,0,,,,,,,,,
406205,2009/10,2010-01-29,Western Australia Cricket Association Ground,1,18.6,Australia,Pakistan,CL White,RT Ponting,Iftikhar Anjum,0,0,,,,,,,,,
406205,2009/10,2010-01-29,Western Australia Cricket Association Ground,1,19.1,Australia,Pakistan,RT Ponting,CL White,Shahid Afridi,1,0,,,,,,,,,
406205,2009/10,2010-01-29,Western Australia Cricket Association Ground,1,19.2,Australia,Pakistan,CL White,RT Ponting,Shahid Afridi,1,0,,,,,,,,,
406205,2009/10,2010-01-29,Western Australia Cricket Association Ground,1,19.3,Australia,Pakistan,RT Ponting,CL White,Shahid Afridi,1,0,,,,,,,,,
406205,2009/10,2010-01-29,Western Australia Cricket Association Ground,1,19.4,Australia,Pakistan,CL White,RT Ponting,Shahid Afridi,0,0,,,,,,,,,
406205,2009/10,2010-01-29,Western Australia Cricket Association Ground,1,19.5,Australia,Pakistan,CL White,RT Ponting,Shahid Afridi,1,0,,,,,,,,,
406205,2009/10,2010-01-29,Western Australia Cricket Association Ground,1,19.6,Australia,Pakistan,RT Ponting,CL White,Shahid Afridi,0,0,,,,,,,,,
406205,2009/10,2010-01-29,Western Australia Cricket Association Ground,1,20.1,Australia,Pakistan,CL White,RT Ponting,Iftikhar Anjum,0,0,,,,,,,,,
406205,2009/10,2010-01-29,Western Australia Cricket Association Ground,1,20.2,Australia,Pakistan,CL White,RT Ponting,Iftikhar Anjum,0,0,,,,,,,,,
406205,2009/10,2010-01-29,Western Australia Cricket Association Ground,1,20.3,Australia,Pakistan,CL White,RT Ponting,Iftikhar Anjum,0,0,,,,,,,,,
406205,2009/10,2010-01-29,Western Australia Cricket Association Ground,1,20.4,Australia,Pakistan,CL White,RT Ponting,Iftikhar Anjum,6,0,,,,,,,,,
406205,2009/10,2010-01-29,Western Australia Cricket Association Ground,1,20.5,Australia,Pakistan,CL White,RT Ponting,Iftikhar Anjum,0,2,,,,2,,,,,
406205,2009/10,2010-01-29,Western Australia Cricket Association Ground,1,20.6,Australia,Pakistan,CL White,RT Ponting,Iftikhar Anjum,4,0,,,,,,,,,
406205,2009/10,2010-01-29,Western Australia Cricket Association Ground,1,21.1,Australia,Pakistan,RT Ponting,CL White,Shahid Afridi,0,0,,,,,,,,,
406205,2009/10,2010-01-29,Western Australia Cricket Association Ground,1,21.2,Australia,Pakistan,RT Ponting,CL White,Shahid Afridi,0,0,,,,,,,,,
406205,2009/10,2010-01-29,Western Australia Cricket Association Ground,1,21.3,Australia,Pakistan,RT Ponting,CL White,Shahid Afridi,0,0,,,,,,,,,
406205,2009/10,2010-01-29,Western Australia Cricket Association Ground,1,21.4,Australia,Pakistan,RT Ponting,CL White,Shahid Afridi,0,0,,,,,,caught,RT Ponting,,
406205,2009/10,2010-01-29,Western Australia Cricket Association Ground,1,21.5,Australia,Pakistan,MEK Hussey,CL White,Shahid Afridi,0,0,,,,,,,,,
406205,2009/10,2010-01-29,Western Australia Cricket Association Ground,1,21.6,Australia,Pakistan,MEK Hussey,CL White,Shahid Afridi,0,0,,,,,,,,,
406205,2009/10,2010-01-29,Western Australia Cricket Association Ground,1,22.1,Australia,Pakistan,CL White,MEK Hussey,Saeed Ajmal,0,0,,,,,,,,,
406205,2009/10,2010-01-29,Western Australia Cricket Association Ground,1,22.2,Australia,Pakistan,CL White,MEK Hussey,Saeed Ajmal,0,0,,,,,,,,,
406205,2009/10,2010-01-29,Western Australia Cricket Association Ground,1,22.3,Australia,Pakistan,CL White,MEK Hussey,Saeed Ajmal,1,0,,,,,,,,,
406205,2009/10,2010-01-29,Western Australia Cricket Association Ground,1,22.4,Australia,Pakistan,MEK Hussey,CL White,Saeed Ajmal,1,0,,,,,,,,,
406205,2009/10,2010-01-29,Western Australia Cricket Association Ground,1,22.5,Australia,Pakistan,CL White,MEK Hussey,Saeed Ajmal,1,0,,,,,,,,,
406205,2009/10,2010-01-29,Western Australia Cricket Association Ground,1,22.6,Australia,Pakistan,MEK Hussey,CL White,Saeed Ajmal,1,0,,,,,,,,,
406205,2009/10,2010-01-29,Western Australia Cricket Association Ground,1,23.1,Australia,Pakistan,MEK Hussey,CL White,Shahid Afridi,0,0,,,,,,,,,
406205,2009/10,2010-01-29,Western Australia Cricket Association Ground,1,23.2,Australia,Pakistan,MEK Hussey,CL White,Shahid Afridi,1,0,,,,,,,,,
406205,2009/10,2010-01-29,Western Australia Cricket Association Ground,1,23.3,Australia,Pakistan,CL White,MEK Hussey,Shahid Afridi,0,0,,,,,,,,,
406205,2009/10,2010-01-29,Western Australia Cricket Association Ground,1,23.4,Australia,Pakistan,CL White,MEK Hussey,Shahid Afridi,0,0,,,,,,,,,
406205,2009/10,2010-01-29,Western Australia Cricket Association Ground,1,23.5,Australia,Pakistan,CL White,MEK Hussey,Shahid Afridi,1,0,,,,,,,,,
406205,2009/10,2010-01-29,Western Australia Cricket Association Ground,1,23.6,Australia,Pakistan,MEK Hussey,CL White,Shahid Afridi,1,0,,,,,,,,,
406205,2009/10,2010-01-29,Western Australia Cricket Association Ground,1,24.1,Australia,Pakistan,MEK Hussey,CL White,Saeed Ajmal,1,0,,,,,,,,,
406205,2009/10,2010-01-29,Western Australia Cricket Association Ground,1,24.2,Australia,Pakistan,CL White,MEK Hussey,Saeed Ajmal,2,0,,,,,,,,,
406205,2009/10,2010-01-29,Western Australia Cricket Association Ground,1,24.3,Australia,Pakistan,CL White,MEK Hussey,Saeed Ajmal,0,0,,,,,,,,,
406205,2009/10,2010-01-29,Western Australia Cricket Association Ground,1,24.4,Australia,Pakistan,CL White,MEK Hussey,Saeed Ajmal,0,0,,,,,,,,,
406205,2009/10,2010-01-29,Western Australia Cricket Association Ground,1,24.5,Australia,Pakistan,CL White,MEK Hussey,Saeed Ajmal,0,0,,,,,,,,,
406205,2009/10,2010-01-29,Western Australia Cricket Association Ground,1,24.6,Australia,Pakistan,CL White,MEK Hussey,Saeed Ajmal,1,0,,,,,,,,,
406205,2009/10,2010-01-29,Western Australia Cricket Association Ground,1,25.1,Australia,Pakistan,CL White,MEK Hussey,Shahid Afridi,2,0,,,,,,,,,
406205,2009/10,2010-01-29,Western Australia Cricket Association Ground,1,25.2,Australia,Pakistan,CL White,MEK Hussey,Shahid Afridi,1,0,,,,,,,,,
406205,2009/10,2010-01-29,Western Australia Cricket Association Ground,1,25.3,Australia,Pakistan,MEK Hussey,CL White,Shahid Afridi,0,0,,,,,,,,,
406205,2009/10,2010-01-29,Western Australia Cricket Association Ground,1,25.4,Australia,Pakistan,MEK Hussey,CL White,Shahid Afridi,1,0,,,,,,,,,
406205,2009/10,2010-01-29,Western Australia Cricket Association Ground,1,25.5,Australia,Pakistan,CL White,MEK Hussey,Shahid Afridi,1,0,,,,,,,,,
406205,2009/10,2010-01-29,Western Australia Cricket Association Ground,1,25.6,Australia,Pakistan,MEK Hussey,CL White,Shahid Afridi,1,0,,,,,,,,,
406205,2009/10,2010-01-29,Western Australia Cricket Association Ground,1,26.1,Australia,Pakistan,MEK Hussey,CL White,Saeed Ajmal,1,0,,,,,,,,,
406205,2009/10,2010-01-29,Western Australia Cricket Association Ground,1,26.2,Australia,Pakistan,CL White,MEK Hussey,Saeed Ajmal,0,0,,,,,,,,,
406205,2009/10,2010-01-29,Western Australia Cricket Association Ground,1,26.3,Australia,Pakistan,CL White,MEK Hussey,Saeed Ajmal,0,2,2,,,,,,,,
406205,2009/10,2010-01-29,Western Australia Cricket Association Ground,1,26.4,Australia,Pakistan,MEK Hussey,CL White,Saeed Ajmal,0,0,,,,,,,,,
406205,2009/10,2010-01-29,Western Australia Cricket Association Ground,1,26.5,Australia,Pakistan,MEK Hussey,CL White,Saeed Ajmal,1,0,,,,,,,,,
406205,2009/10,2010-01-29,Western Australia Cricket Association Ground,1,26.6,Australia,Pakistan,CL White,MEK Hussey,Saeed Ajmal,4,0,,,,,,,,,
406205,2009/10,2010-01-29,Western Australia Cricket Association Ground,1,26.7,Australia,Pakistan,CL White,MEK Hussey,Saeed Ajmal,0,0,,,,,,,,,
406205,2009/10,2010-01-29,Western Australia Cricket Association Ground,1,27.1,Australia,Pakistan,MEK Hussey,CL White,Shahid Afridi,0,0,,,,,,,,,
406205,2009/10,2010-01-29,Western Australia Cricket Association Ground,1,27.2,Australia,Pakistan,MEK Hussey,CL White,Shahid Afridi,1,0,,,,,,,,,
406205,2009/10,2010-01-29,Western Australia Cricket Association Ground,1,27.3,Australia,Pakistan,CL White,MEK Hussey,Shahid Afridi,1,0,,,,,,,,,
406205,2009/10,2010-01-29,Western Australia Cricket Association Ground,1,27.4,Australia,Pakistan,MEK Hussey,CL White,Shahid Afridi,0,0,,,,,,,,,
406205,2009/10,2010-01-29,Western Australia Cricket Association Ground,1,27.5,Australia,Pakistan,MEK Hussey,CL White,Shahid Afridi,0,0,,,,,,,,,
406205,2009/10,2010-01-29,Western Australia Cricket Association Ground,1,27.6,Australia,Pakistan,MEK Hussey,CL White,Shahid Afridi,0,0,,,,,,,,,
406205,2009/10,2010-01-29,Western Australia Cricket Association Ground,1,28.1,Australia,Pakistan,CL White,MEK Hussey,Saeed Ajmal,1,0,,,,,,,,,
406205,2009/10,2010-01-29,Western Australia Cricket Association Ground,1,28.2,Australia,Pakistan,MEK Hussey,CL White,Saeed Ajmal,0,0,,,,,,,,,
406205,2009/10,2010-01-29,Western Australia Cricket Association Ground,1,28.3,Australia,Pakistan,MEK Hussey,CL White,Saeed Ajmal,0,0,,,,,,,,,
406205,2009/10,2010-01-29,Western Australia Cricket Association Ground,1,28.4,Australia,Pakistan,MEK Hussey,CL White,Saeed Ajmal,1,0,,,,,,,,,
406205,2009/10,2010-01-29,Western Australia Cricket Association Ground,1,28.5,Australia,Pakistan,CL White,MEK Hussey,Saeed Ajmal,0,0,,,,,,,,,
406205,2009/10,2010-01-29,Western Australia Cricket Association Ground,1,28.6,Australia,Pakistan,CL White,MEK Hussey,Saeed Ajmal,1,0,,,,,,,,,
406205,2009/10,2010-01-29,Western Australia Cricket Association Ground,1,29.1,Australia,Pakistan,CL White,MEK Hussey,Naved-ul-Hasan,1,0,,,,,,,,,
406205,2009/10,2010-01-29,Western Australia Cricket Association Ground,1,29.2,Australia,Pakistan,MEK Hussey,CL White,Naved-ul-Hasan,0,0,,,,,,,,,
406205,2009/10,2010-01-29,Western Australia Cricket Association Ground,1,29.3,Australia,Pakistan,MEK Hussey,CL White,Naved-ul-Hasan,1,0,,,,,,,,,
406205,2009/10,2010-01-29,Western Australia Cricket Association Ground,1,29.4,Australia,Pakistan,CL White,MEK Hussey,Naved-ul-Hasan,0,0,,,,,,,,,
406205,2009/10,2010-01-29,Western Australia Cricket Association Ground,1,29.5,Australia,Pakistan,CL White,MEK Hussey,Naved-ul-Hasan,0,0,,,,,,,,,
406205,2009/10,2010-01-29,Western Australia Cricket Association Ground,1,29.6,Australia,Pakistan,CL White,MEK Hussey,Naved-ul-Hasan,0,0,,,,,,,,,
406205,2009/10,2010-01-29,Western Australia Cricket Association Ground,1,30.1,Australia,Pakistan,MEK Hussey,CL White,Saeed Ajmal,2,0,,,,,,,,,
406205,2009/10,2010-01-29,Western Australia Cricket Association Ground,1,30.2,Australia,Pakistan,MEK Hussey,CL White,Saeed Ajmal,0,0,,,,,,,,,
406205,2009/10,2010-01-29,Western Australia Cricket Association Ground,1,30.3,Australia,Pakistan,MEK Hussey,CL White,Saeed Ajmal,0,0,,,,,,,,,
406205,2009/10,2010-01-29,Western Australia Cricket Association Ground,1,30.4,Australia,Pakistan,MEK Hussey,CL White,Saeed Ajmal,0,0,,,,,,,,,
406205,2009/10,2010-01-29,Western Australia Cricket Association Ground,1,30.5,Australia,Pakistan,MEK Hussey,CL White,Saeed Ajmal,1,0,,,,,,,,,
406205,2009/10,2010-01-29,Western Australia Cricket Association Ground,1,30.6,Australia,Pakistan,CL White,MEK Hussey,Saeed Ajmal,2,0,,,,,,,,,
406205,2009/10,2010-01-29,Western Australia Cricket Association Ground,1,31.1,Australia,Pakistan,MEK Hussey,CL White,Naved-ul-Hasan,1,0,,,,,,,,,
406205,2009/10,2010-01-29,Western Australia Cricket Association Ground,1,31.2,Australia,Pakistan,CL White,MEK Hussey,Naved-ul-Hasan,1,0,,,,,,,,,
406205,2009/10,2010-01-29,Western Australia Cricket Association Ground,1,31.3,Australia,Pakistan,MEK Hussey,CL White,Naved-ul-Hasan,0,0,,,,,,,,,
406205,2009/10,2010-01-29,Western Australia Cricket Association Ground,1,31.4,Australia,Pakistan,MEK Hussey,CL White,Naved-ul-Hasan,1,0,,,,,,,,,
406205,2009/10,2010-01-29,Western Australia Cricket Association Ground,1,31.5,Australia,Pakistan,CL White,MEK Hussey,Naved-ul-Hasan,1,0,,,,,,,,,
406205,2009/10,2010-01-29,Western Australia Cricket Association Ground,1,31.6,Australia,Pakistan,MEK Hussey,CL White,Naved-ul-Hasan,1,0,,,,,,,,,
406205,2009/10,2010-01-29,Western Australia Cricket Association Ground,1,32.1,Australia,Pakistan,MEK Hussey,CL White,Saeed Ajmal,1,0,,,,,,,,,
406205,2009/10,2010-01-29,Western Australia Cricket Association Ground,1,32.2,Australia,Pakistan,CL White,MEK Hussey,Saeed Ajmal,1,0,,,,,,,,,
406205,2009/10,2010-01-29,Western Australia Cricket Association Ground,1,32.3,Australia,Pakistan,MEK Hussey,CL White,Saeed Ajmal,0,0,,,,,,,,,
406205,2009/10,2010-01-29,Western Australia Cricket Association Ground,1,32.4,Australia,Pakistan,MEK Hussey,CL White,Saeed Ajmal,1,0,,,,,,,,,
406205,2009/10,2010-01-29,Western Australia Cricket Association Ground,1,32.5,Australia,Pakistan,CL White,MEK Hussey,Saeed Ajmal,0,0,,,,,,,,,
406205,2009/10,2010-01-29,Western Australia Cricket Association Ground,1,32.6,Australia,Pakistan,CL White,MEK Hussey,Saeed Ajmal,0,0,,,,,,,,,
406205,2009/10,2010-01-29,Western Australia Cricket Association Ground,1,33.1,Australia,Pakistan,MEK Hussey,CL White,Iftikhar Anjum,0,0,,,,,,,,,
406205,2009/10,2010-01-29,Western Australia Cricket Association Ground,1,33.2,Australia,Pakistan,MEK Hussey,CL White,Iftikhar Anjum,1,0,,,,,,,,,
406205,2009/10,2010-01-29,Western Australia Cricket Association Ground,1,33.3,Australia,Pakistan,CL White,MEK Hussey,Iftikhar Anjum,0,0,,,,,,,,,
406205,2009/10,2010-01-29,Western Australia Cricket Association Ground,1,33.4,Australia,Pakistan,CL White,MEK Hussey,Iftikhar Anjum,0,0,,,,,,,,,
406205,2009/10,2010-01-29,Western Australia Cricket Association Ground,1,33.5,Australia,Pakistan,CL White,MEK Hussey,Iftikhar Anjum,0,0,,,,,,,,,
406205,2009/10,2010-01-29,Western Australia Cricket Association Ground,1,33.6,Australia,Pakistan,CL White,MEK Hussey,Iftikhar Anjum,0,0,,,,,,,,,
406205,2009/10,2010-01-29,Western Australia Cricket Association Ground,1,34.1,Australia,Pakistan,MEK Hussey,CL White,Saeed Ajmal,1,0,,,,,,,,,
406205,2009/10,2010-01-29,Western Australia Cricket Association Ground,1,34.2,Australia,Pakistan,CL White,MEK Hussey,Saeed Ajmal,1,0,,,,,,,,,
406205,2009/10,2010-01-29,Western Australia Cricket Association Ground,1,34.3,Australia,Pakistan,MEK Hussey,CL White,Saeed Ajmal,0,0,,,,,,,,,
406205,2009/10,2010-01-29,Western Australia Cricket Association Ground,1,34.4,Australia,Pakistan,MEK Hussey,CL White,Saeed Ajmal,1,0,,,,,,,,,
406205,2009/10,2010-01-29,Western Australia Cricket Association Ground,1,34.5,Australia,Pakistan,CL White,MEK Hussey,Saeed Ajmal,0,0,,,,,,caught,CL White,,
406205,2009/10,2010-01-29,Western Australia Cricket Association Ground,1,34.6,Australia,Pakistan,MEK Hussey,JR Hopes,Saeed Ajmal,0,0,,,,,,,,,
406205,2009/10,2010-01-29,Western Australia Cricket Association Ground,1,35.1,Australia,Pakistan,JR Hopes,MEK Hussey,Iftikhar Anjum,4,0,,,,,,,,,
406205,2009/10,2010-01-29,Western Australia Cricket Association Ground,1,35.2,Australia,Pakistan,JR Hopes,MEK Hussey,Iftikhar Anjum,0,0,,,,,,,,,
406205,2009/10,2010-01-29,Western Australia Cricket Association Ground,1,35.3,Australia,Pakistan,JR Hopes,MEK Hussey,Iftikhar Anjum,0,0,,,,,,,,,
406205,2009/10,2010-01-29,Western Australia Cricket Association Ground,1,35.4,Australia,Pakistan,JR Hopes,MEK Hussey,Iftikhar Anjum,0,0,,,,,,,,,
406205,2009/10,2010-01-29,Western Australia Cricket Association Ground,1,35.5,Australia,Pakistan,JR Hopes,MEK Hussey,Iftikhar Anjum,0,0,,,,,,,,,
406205,2009/10,2010-01-29,Western Australia Cricket Association Ground,1,35.6,Australia,Pakistan,JR Hopes,MEK Hussey,Iftikhar Anjum,2,0,,,,,,,,,
406205,2009/10,2010-01-29,Western Australia Cricket Association Ground,1,36.1,Australia,Pakistan,MEK Hussey,JR Hopes,Shahid Afridi,3,0,,,,,,,,,
406205,2009/10,2010-01-29,Western Australia Cricket Association Ground,1,36.2,Australia,Pakistan,JR Hopes,MEK Hussey,Shahid Afridi,1,0,,,,,,,,,
406205,2009/10,2010-01-29,Western Australia Cricket Association Ground,1,36.3,Australia,Pakistan,MEK Hussey,JR Hopes,Shahid Afridi,2,0,,,,,,,,,
406205,2009/10,2010-01-29,Western Australia Cricket Association Ground,1,36.4,Australia,Pakistan,MEK Hussey,JR Hopes,Shahid Afridi,0,0,,,,,,,,,
406205,2009/10,2010-01-29,Western Australia Cricket Association Ground,1,36.5,Australia,Pakistan,MEK Hussey,JR Hopes,Shahid Afridi,1,0,,,,,,,,,
406205,2009/10,2010-01-29,Western Australia Cricket Association Ground,1,36.6,Australia,Pakistan,JR Hopes,MEK Hussey,Shahid Afridi,1,0,,,,,,,,,
406205,2009/10,2010-01-29,Western Australia Cricket Association Ground,1,37.1,Australia,Pakistan,JR Hopes,MEK Hussey,Iftikhar Anjum,0,0,,,,,,,,,
406205,2009/10,2010-01-29,Western Australia Cricket Association Ground,1,37.2,Australia,Pakistan,JR Hopes,MEK Hussey,Iftikhar Anjum,0,0,,,,,,,,,
406205,2009/10,2010-01-29,Western Australia Cricket Association Ground,1,37.3,Australia,Pakistan,JR Hopes,MEK Hussey,Iftikhar Anjum,1,0,,,,,,,,,
406205,2009/10,2010-01-29,Western Australia Cricket Association Ground,1,37.4,Australia,Pakistan,MEK Hussey,JR Hopes,Iftikhar Anjum,1,0,,,,,,,,,
406205,2009/10,2010-01-29,Western Australia Cricket Association Ground,1,37.5,Australia,Pakistan,JR Hopes,MEK Hussey,Iftikhar Anjum,1,0,,,,,,,,,
406205,2009/10,2010-01-29,Western Australia Cricket Association Ground,1,37.6,Australia,Pakistan,MEK Hussey,JR Hopes,Iftikhar Anjum,1,0,,,,,,,,,
406205,2009/10,2010-01-29,Western Australia Cricket Association Ground,1,38.1,Australia,Pakistan,MEK Hussey,JR Hopes,Shahid Afridi,1,0,,,,,,,,,
406205,2009/10,2010-01-29,Western Australia Cricket Association Ground,1,38.2,Australia,Pakistan,JR Hopes,MEK Hussey,Shahid Afridi,1,0,,,,,,,,,
406205,2009/10,2010-01-29,Western Australia Cricket Association Ground,1,38.3,Australia,Pakistan,MEK Hussey,JR Hopes,Shahid Afridi,0,0,,,,,,,,,
406205,2009/10,2010-01-29,Western Australia Cricket Association Ground,1,38.4,Australia,Pakistan,MEK Hussey,JR Hopes,Shahid Afridi,2,0,,,,,,,,,
406205,2009/10,2010-01-29,Western Australia Cricket Association Ground,1,38.5,Australia,Pakistan,MEK Hussey,JR Hopes,Shahid Afridi,0,0,,,,,,,,,
406205,2009/10,2010-01-29,Western Australia Cricket Association Ground,1,38.6,Australia,Pakistan,MEK Hussey,JR Hopes,Shahid Afridi,2,0,,,,,,,,,
406205,2009/10,2010-01-29,Western Australia Cricket Association Ground,1,39.1,Australia,Pakistan,JR Hopes,MEK Hussey,Mohammad Asif,4,1,,1,,,,,,,
406205,2009/10,2010-01-29,Western Australia Cricket Association Ground,1,39.2,Australia,Pakistan,JR Hopes,MEK Hussey,Mohammad Asif,1,0,,,,,,,,,
406205,2009/10,2010-01-29,Western Australia Cricket Association Ground,1,39.3,Australia,Pakistan,MEK Hussey,JR Hopes,Mohammad Asif,0,0,,,,,,,,,
406205,2009/10,2010-01-29,Western Australia Cricket Association Ground,1,39.4,Australia,Pakistan,MEK Hussey,JR Hopes,Mohammad Asif,1,0,,,,,,,,,
406205,2009/10,2010-01-29,Western Australia Cricket Association Ground,1,39.5,Australia,Pakistan,JR Hopes,MEK Hussey,Mohammad Asif,0,0,,,,,,bowled,JR Hopes,,
406205,2009/10,2010-01-29,Western Australia Cricket Association Ground,1,39.6,Australia,Pakistan,NM Hauritz,MEK Hussey,Mohammad Asif,0,0,,,,,,,,,
406205,2009/10,2010-01-29,Western Australia Cricket Association Ground,1,39.7,Australia,Pakistan,NM Hauritz,MEK Hussey,Mohammad Asif,0,0,,,,,,,,,
406205,2009/10,2010-01-29,Western Australia Cricket Association Ground,1,40.1,Australia,Pakistan,MEK Hussey,NM Hauritz,Iftikhar Anjum,1,0,,,,,,,,,
406205,2009/10,2010-01-29,Western Australia Cricket Association Ground,1,40.2,Australia,Pakistan,NM Hauritz,MEK Hussey,Iftikhar Anjum,4,0,,,,,,,,,
406205,2009/10,2010-01-29,Western Australia Cricket Association Ground,1,40.3,Australia,Pakistan,NM Hauritz,MEK Hussey,Iftikhar Anjum,0,0,,,,,,,,,
406205,2009/10,2010-01-29,Western Australia Cricket Association Ground,1,40.4,Australia,Pakistan,NM Hauritz,MEK Hussey,Iftikhar Anjum,1,0,,,,,,,,,
406205,2009/10,2010-01-29,Western Australia Cricket Association Ground,1,40.5,Australia,Pakistan,MEK Hussey,NM Hauritz,Iftikhar Anjum,1,0,,,,,,,,,
406205,2009/10,2010-01-29,Western Australia Cricket Association Ground,1,40.6,Australia,Pakistan,NM Hauritz,MEK Hussey,Iftikhar Anjum,0,0,,,,,,,,,
406205,2009/10,2010-01-29,Western Australia Cricket Association Ground,1,41.1,Australia,Pakistan,MEK Hussey,NM Hauritz,Mohammad Asif,1,0,,,,,,,,,
406205,2009/10,2010-01-29,Western Australia Cricket Association Ground,1,41.2,Australia,Pakistan,NM Hauritz,MEK Hussey,Mohammad Asif,0,0,,,,,,,,,
406205,2009/10,2010-01-29,Western Australia Cricket Association Ground,1,41.3,Australia,Pakistan,NM Hauritz,MEK Hussey,Mohammad Asif,0,0,,,,,,,,,
406205,2009/10,2010-01-29,Western Australia Cricket Association Ground,1,41.4,Australia,Pakistan,NM Hauritz,MEK Hussey,Mohammad Asif,1,0,,,,,,,,,
406205,2009/10,2010-01-29,Western Australia Cricket Association Ground,1,41.5,Australia,Pakistan,MEK Hussey,NM Hauritz,Mohammad Asif,1,0,,,,,,,,,
406205,2009/10,2010-01-29,Western Australia Cricket Association Ground,1,41.6,Australia,Pakistan,NM Hauritz,MEK Hussey,Mohammad Asif,0,0,,,,,,,,,
406205,2009/10,2010-01-29,Western Australia Cricket Association Ground,1,42.1,Australia,Pakistan,MEK Hussey,NM Hauritz,Iftikhar Anjum,4,0,,,,,,,,,
406205,2009/10,2010-01-29,Western Australia Cricket Association Ground,1,42.2,Australia,Pakistan,MEK Hussey,NM Hauritz,Iftikhar Anjum,1,0,,,,,,,,,
406205,2009/10,2010-01-29,Western Australia Cricket Association Ground,1,42.3,Australia,Pakistan,NM Hauritz,MEK Hussey,Iftikhar Anjum,6,0,,,,,,,,,
406205,2009/10,2010-01-29,Western Australia Cricket Association Ground,1,42.4,Australia,Pakistan,NM Hauritz,MEK Hussey,Iftikhar Anjum,0,0,,,,,,,,,
406205,2009/10,2010-01-29,Western Australia Cricket Association Ground,1,42.5,Australia,Pakistan,NM Hauritz,MEK Hussey,Iftikhar Anjum,0,0,,,,,,,,,
406205,2009/10,2010-01-29,Western Australia Cricket Association Ground,1,42.6,Australia,Pakistan,NM Hauritz,MEK Hussey,Iftikhar Anjum,2,0,,,,,,,,,
406205,2009/10,2010-01-29,Western Australia Cricket Association Ground,1,43.1,Australia,Pakistan,MEK Hussey,NM Hauritz,Mohammad Asif,1,0,,,,,,,,,
406205,2009/10,2010-01-29,Western Australia Cricket Association Ground,1,43.2,Australia,Pakistan,NM Hauritz,MEK Hussey,Mohammad Asif,1,0,,,,,,,,,
406205,2009/10,2010-01-29,Western Australia Cricket Association Ground,1,43.3,Australia,Pakistan,MEK Hussey,NM Hauritz,Mohammad Asif,1,0,,,,,,,,,
406205,2009/10,2010-01-29,Western Australia Cricket Association Ground,1,43.4,Australia,Pakistan,NM Hauritz,MEK Hussey,Mohammad Asif,0,0,,,,,,,,,
406205,2009/10,2010-01-29,Western Australia Cricket Association Ground,1,43.5,Australia,Pakistan,NM Hauritz,MEK Hussey,Mohammad Asif,0,0,,,,,,,,,
406205,2009/10,2010-01-29,Western Australia Cricket Association Ground,1,43.6,Australia,Pakistan,NM Hauritz,MEK Hussey,Mohammad Asif,0,0,,,,,,,,,
406205,2009/10,2010-01-29,Western Australia Cricket Association Ground,1,44.1,Australia,Pakistan,MEK Hussey,NM Hauritz,Saeed Ajmal,1,0,,,,,,,,,
406205,2009/10,2010-01-29,Western Australia Cricket Association Ground,1,44.2,Australia,Pakistan,NM Hauritz,MEK Hussey,Saeed Ajmal,1,0,,,,,,,,,
406205,2009/10,2010-01-29,Western Australia Cricket Association Ground,1,44.3,Australia,Pakistan,MEK Hussey,NM Hauritz,Saeed Ajmal,1,0,,,,,,,,,
406205,2009/10,2010-01-29,Western Australia Cricket Association Ground,1,44.4,Australia,Pakistan,NM Hauritz,MEK Hussey,Saeed Ajmal,2,0,,,,,,,,,
406205,2009/10,2010-01-29,Western Australia Cricket Association Ground,1,44.5,Australia,Pakistan,NM Hauritz,MEK Hussey,Saeed Ajmal,1,0,,,,,,,,,
406205,2009/10,2010-01-29,Western Australia Cricket Association Ground,1,44.6,Australia,Pakistan,MEK Hussey,NM Hauritz,Saeed Ajmal,0,0,,,,,,,,,
406205,2009/10,2010-01-29,Western Australia Cricket Association Ground,1,45.1,Australia,Pakistan,NM Hauritz,MEK Hussey,Naved-ul-Hasan,2,0,,,,,,,,,
406205,2009/10,2010-01-29,Western Australia Cricket Association Ground,1,45.2,Australia,Pakistan,NM Hauritz,MEK Hussey,Naved-ul-Hasan,1,0,,,,,,,,,
406205,2009/10,2010-01-29,Western Australia Cricket Association Ground,1,45.3,Australia,Pakistan,MEK Hussey,NM Hauritz,Naved-ul-Hasan,4,0,,,,,,,,,
406205,2009/10,2010-01-29,Western Australia Cricket Association Ground,1,45.4,Australia,Pakistan,MEK Hussey,NM Hauritz,Naved-ul-Hasan,1,0,,,,,,,,,
406205,2009/10,2010-01-29,Western Australia Cricket Association Ground,1,45.5,Australia,Pakistan,NM Hauritz,MEK Hussey,Naved-ul-Hasan,1,0,,,,,,,,,
406205,2009/10,2010-01-29,Western Australia Cricket Association Ground,1,45.6,Australia,Pakistan,MEK Hussey,NM Hauritz,Naved-ul-Hasan,4,0,,,,,,,,,
406205,2009/10,2010-01-29,Western Australia Cricket Association Ground,1,46.1,Australia,Pakistan,NM Hauritz,MEK Hussey,Saeed Ajmal,2,0,,,,,,,,,
406205,2009/10,2010-01-29,Western Australia Cricket Association Ground,1,46.2,Australia,Pakistan,NM Hauritz,MEK Hussey,Saeed Ajmal,1,0,,,,,,,,,
406205,2009/10,2010-01-29,Western Australia Cricket Association Ground,1,46.3,Australia,Pakistan,MEK Hussey,NM Hauritz,Saeed Ajmal,1,0,,,,,,,,,
406205,2009/10,2010-01-29,Western Australia Cricket Association Ground,1,46.4,Australia,Pakistan,NM Hauritz,MEK Hussey,Saeed Ajmal,0,0,,,,,,,,,
406205,2009/10,2010-01-29,Western Australia Cricket Association Ground,1,46.5,Australia,Pakistan,NM Hauritz,MEK Hussey,Saeed Ajmal,0,0,,,,,,,,,
406205,2009/10,2010-01-29,Western Australia Cricket Association Ground,1,46.6,Australia,Pakistan,NM Hauritz,MEK Hussey,Saeed Ajmal,2,0,,,,,,,,,
406205,2009/10,2010-01-29,Western Australia Cricket Association Ground,1,47.1,Australia,Pakistan,MEK Hussey,NM Hauritz,Naved-ul-Hasan,1,0,,,,,,,,,
406205,2009/10,2010-01-29,Western Australia Cricket Association Ground,1,47.2,Australia,Pakistan,NM Hauritz,MEK Hussey,Naved-ul-Hasan,6,0,,,,,,,,,
406205,2009/10,2010-01-29,Western Australia Cricket Association Ground,1,47.3,Australia,Pakistan,NM Hauritz,MEK Hussey,Naved-ul-Hasan,6,0,,,,,,,,,
406205,2009/10,2010-01-29,Western Australia Cricket Association Ground,1,47.4,Australia,Pakistan,NM Hauritz,MEK Hussey,Naved-ul-Hasan,0,0,,,,,,,,,
406205,2009/10,2010-01-29,Western Australia Cricket Association Ground,1,47.5,Australia,Pakistan,NM Hauritz,MEK Hussey,Naved-ul-Hasan,2,0,,,,,,,,,
406205,2009/10,2010-01-29,Western Australia Cricket Association Ground,1,47.6,Australia,Pakistan,NM Hauritz,MEK Hussey,Naved-ul-Hasan,1,0,,,,,,,,,
406205,2009/10,2010-01-29,Western Australia Cricket Association Ground,1,48.1,Australia,Pakistan,NM Hauritz,MEK Hussey,Saeed Ajmal,6,0,,,,,,,,,
406205,2009/10,2010-01-29,Western Australia Cricket Association Ground,1,48.2,Australia,Pakistan,NM Hauritz,MEK Hussey,Saeed Ajmal,1,0,,,,,,,,,
406205,2009/10,2010-01-29,Western Australia Cricket Association Ground,1,48.3,Australia,Pakistan,MEK Hussey,NM Hauritz,Saeed Ajmal,0,0,,,,,,,,,
406205,2009/10,2010-01-29,Western Australia Cricket Association Ground,1,48.4,Australia,Pakistan,MEK Hussey,NM Hauritz,Saeed Ajmal,2,0,,,,,,,,,
406205,2009/10,2010-01-29,Western Australia Cricket Association Ground,1,48.5,Australia,Pakistan,MEK Hussey,NM Hauritz,Saeed Ajmal,4,0,,,,,,,,,
406205,2009/10,2010-01-29,Western Australia Cricket Association Ground,1,48.6,Australia,Pakistan,MEK Hussey,NM Hauritz,Saeed Ajmal,0,0,,,,,,caught,MEK Hussey,,
406205,2009/10,2010-01-29,Western Australia Cricket Association Ground,1,49.1,Australia,Pakistan,NM Hauritz,RJ Harris,Mohammad Asif,1,0,,,,,,,,,
406205,2009/10,2010-01-29,Western Australia Cricket Association Ground,1,49.2,Australia,Pakistan,RJ Harris,NM Hauritz,Mohammad Asif,2,0,,,,,,,,,
406205,2009/10,2010-01-29,Western Australia Cricket Association Ground,1,49.3,Australia,Pakistan,RJ Harris,NM Hauritz,Mohammad Asif,2,0,,,,,,,,,
406205,2009/10,2010-01-29,Western Australia Cricket Association Ground,1,49.4,Australia,Pakistan,RJ Harris,NM Hauritz,Mohammad Asif,0,0,,,,,,caught,RJ Harris,,
406205,2009/10,2010-01-29,Western Australia Cricket Association Ground,1,49.5,Australia,Pakistan,NM Hauritz,CJ McKay,Mohammad Asif,0,0,,,,,,,,,
406205,2009/10,2010-01-29,Western Australia Cricket Association Ground,1,49.6,Australia,Pakistan,NM Hauritz,CJ McKay,Mohammad Asif,2,0,,,,,,,,,
406205,2009/10,2010-01-29,Western Australia Cricket Association Ground,2,0.1,Pakistan,Australia,Salman Butt,Kamran Akmal,RJ Harris,0,0,,,,,,,,,
406205,2009/10,2010-01-29,Western Australia Cricket Association Ground,2,0.2,Pakistan,Australia,Salman Butt,Kamran Akmal,RJ Harris,0,0,,,,,,,,,
406205,2009/10,2010-01-29,Western Australia Cricket Association Ground,2,0.3,Pakistan,Australia,Salman Butt,Kamran Akmal,RJ Harris,0,2,,,,2,,,,,
406205,2009/10,2010-01-29,Western Australia Cricket Association Ground,2,0.4,Pakistan,Australia,Salman Butt,Kamran Akmal,RJ Harris,0,0,,,,,,caught,Salman Butt,,
406205,2009/10,2010-01-29,Western Australia Cricket Association Ground,2,0.5,Pakistan,Australia,Younis Khan,Kamran Akmal,RJ Harris,0,0,,,,,,,,,
406205,2009/10,2010-01-29,Western Australia Cricket Association Ground,2,0.6,Pakistan,Australia,Younis Khan,Kamran Akmal,RJ Harris,0,0,,,,,,,,,
406205,2009/10,2010-01-29,Western Australia Cricket Association Ground,2,1.1,Pakistan,Australia,Kamran Akmal,Younis Khan,PM Siddle,3,0,,,,,,,,,
406205,2009/10,2010-01-29,Western Australia Cricket Association Ground,2,1.2,Pakistan,Australia,Younis Khan,Kamran Akmal,PM Siddle,1,0,,,,,,,,,
406205,2009/10,2010-01-29,Western Australia Cricket Association Ground,2,1.3,Pakistan,Australia,Kamran Akmal,Younis Khan,PM Siddle,1,0,,,,,,,,,
406205,2009/10,2010-01-29,Western Australia Cricket Association Ground,2,1.4,Pakistan,Australia,Younis Khan,Kamran Akmal,PM Siddle,0,0,,,,,,,,,
406205,2009/10,2010-01-29,Western Australia Cricket Association Ground,2,1.5,Pakistan,Australia,Younis Khan,Kamran Akmal,PM Siddle,2,0,,,,,,,,,
406205,2009/10,2010-01-29,Western Australia Cricket Association Ground,2,1.6,Pakistan,Australia,Younis Khan,Kamran Akmal,PM Siddle,0,0,,,,,,,,,
406205,2009/10,2010-01-29,Western Australia Cricket Association Ground,2,2.1,Pakistan,Australia,Kamran Akmal,Younis Khan,RJ Harris,0,0,,,,,,,,,
406205,2009/10,2010-01-29,Western Australia Cricket Association Ground,2,2.2,Pakistan,Australia,Kamran Akmal,Younis Khan,RJ Harris,0,0,,,,,,,,,
406205,2009/10,2010-01-29,Western Australia Cricket Association Ground,2,2.3,Pakistan,Australia,Kamran Akmal,Younis Khan,RJ Harris,0,0,,,,,,,,,
406205,2009/10,2010-01-29,Western Australia Cricket Association Ground,2,2.4,Pakistan,Australia,Kamran Akmal,Younis Khan,RJ Harris,0,0,,,,,,,,,
406205,2009/10,2010-01-29,Western Australia Cricket Association Ground,2,2.5,Pakistan,Australia,Kamran Akmal,Younis Khan,RJ Harris,0,0,,,,,,,,,
406205,2009/10,2010-01-29,Western Australia Cricket Association Ground,2,2.6,Pakistan,Australia,Kamran Akmal,Younis Khan,RJ Harris,0,0,,,,,,,,,
406205,2009/10,2010-01-29,Western Australia Cricket Association Ground,2,3.1,Pakistan,Australia,Younis Khan,Kamran Akmal,PM Siddle,0,0,,,,,,,,,
406205,2009/10,2010-01-29,Western Australia Cricket Association Ground,2,3.2,Pakistan,Australia,Younis Khan,Kamran Akmal,PM Siddle,3,0,,,,,,,,,
406205,2009/10,2010-01-29,Western Australia Cricket Association Ground,2,3.3,Pakistan,Australia,Kamran Akmal,Younis Khan,PM Siddle,0,0,,,,,,,,,
406205,2009/10,2010-01-29,Western Australia Cricket Association Ground,2,3.4,Pakistan,Australia,Kamran Akmal,Younis Khan,PM Siddle,2,0,,,,,,,,,
406205,2009/10,2010-01-29,Western Australia Cricket Association Ground,2,3.5,Pakistan,Australia,Kamran Akmal,Younis Khan,PM Siddle,0,0,,,,,,,,,
406205,2009/10,2010-01-29,Western Australia Cricket Association Ground,2,3.6,Pakistan,Australia,Kamran Akmal,Younis Khan,PM Siddle,0,0,,,,,,,,,
406205,2009/10,2010-01-29,Western Australia Cricket Association Ground,2,4.1,Pakistan,Australia,Younis Khan,Kamran Akmal,RJ Harris,0,0,,,,,,caught,Younis Khan,,
406205,2009/10,2010-01-29,Western Australia Cricket Association Ground,2,4.2,Pakistan,Australia,Mohammad Yousuf,Kamran Akmal,RJ Harris,0,0,,,,,,,,,
406205,2009/10,2010-01-29,Western Australia Cricket Association Ground,2,4.3,Pakistan,Australia,Mohammad Yousuf,Kamran Akmal,RJ Harris,0,0,,,,,,,,,
406205,2009/10,2010-01-29,Western Australia Cricket Association Ground,2,4.4,Pakistan,Australia,Mohammad Yousuf,Kamran Akmal,RJ Harris,0,1,1,,,,,,,,
406205,2009/10,2010-01-29,Western Australia Cricket Association Ground,2,4.5,Pakistan,Australia,Mohammad Yousuf,Kamran Akmal,RJ Harris,0,0,,,,,,,,,
406205,2009/10,2010-01-29,Western Australia Cricket Association Ground,2,4.6,Pakistan,Australia,Mohammad Yousuf,Kamran Akmal,RJ Harris,0,0,,,,,,,,,
406205,2009/10,2010-01-29,Western Australia Cricket Association Ground,2,4.7,Pakistan,Australia,Mohammad Yousuf,Kamran Akmal,RJ Harris,0,0,,,,,,,,,
406205,2009/10,2010-01-29,Western Australia Cricket Association Ground,2,5.1,Pakistan,Australia,Kamran Akmal,Mohammad Yousuf,PM Siddle,0,0,,,,,,,,,
406205,2009/10,2010-01-29,Western Australia Cricket Association Ground,2,5.2,Pakistan,Australia,Kamran Akmal,Mohammad Yousuf,PM Siddle,4,0,,,,,,,,,
406205,2009/10,2010-01-29,Western Australia Cricket Association Ground,2,5.3,Pakistan,Australia,Kamran Akmal,Mohammad Yousuf,PM Siddle,1,0,,,,,,,,,
406205,2009/10,2010-01-29,Western Australia Cricket Association Ground,2,5.4,Pakistan,Australia,Mohammad Yousuf,Kamran Akmal,PM Siddle,0,1,1,,,,,,,,
406205,2009/10,2010-01-29,Western Australia Cricket Association Ground,2,5.5,Pakistan,Australia,Mohammad Yousuf,Kamran Akmal,PM Siddle,4,0,,,,,,,,,
406205,2009/10,2010-01-29,Western Australia Cricket Association Ground,2,5.6,Pakistan,Australia,Mohammad Yousuf,Kamran Akmal,PM Siddle,0,0,,,,,,,,,
406205,2009/10,2010-01-29,Western Australia Cricket Association Ground,2,5.7,Pakistan,Australia,Mohammad Yousuf,Kamran Akmal,PM Siddle,0,0,,,,,,,,,
406205,2009/10,2010-01-29,Western Australia Cricket Association Ground,2,6.1,Pakistan,Australia,Kamran Akmal,Mohammad Yousuf,RJ Harris,0,0,,,,,,,,,
406205,2009/10,2010-01-29,Western Australia Cricket Association Ground,2,6.2,Pakistan,Australia,Kamran Akmal,Mohammad Yousuf,RJ Harris,1,0,,,,,,,,,
406205,2009/10,2010-01-29,Western Australia Cricket Association Ground,2,6.3,Pakistan,Australia,Mohammad Yousuf,Kamran Akmal,RJ Harris,0,0,,,,,,,,,
406205,2009/10,2010-01-29,Western Australia Cricket Association Ground,2,6.4,Pakistan,Australia,Mohammad Yousuf,Kamran Akmal,RJ Harris,0,0,,,,,,,,,
406205,2009/10,2010-01-29,Western Australia Cricket Association Ground,2,6.5,Pakistan,Australia,Mohammad Yousuf,Kamran Akmal,RJ Harris,0,0,,,,,,,,,
406205,2009/10,2010-01-29,Western Australia Cricket Association Ground,2,6.6,Pakistan,Australia,Mohammad Yousuf,Kamran Akmal,RJ Harris,4,0,,,,,,,,,
406205,2009/10,2010-01-29,Western Australia Cricket Association Ground,2,7.1,Pakistan,Australia,Kamran Akmal,Mohammad Yousuf,PM Siddle,4,0,,,,,,,,,
406205,2009/10,2010-01-29,Western Australia Cricket Association Ground,2,7.2,Pakistan,Australia,Kamran Akmal,Mohammad Yousuf,PM Siddle,0,0,,,,,,,,,
406205,2009/10,2010-01-29,Western Australia Cricket Association Ground,2,7.3,Pakistan,Australia,Kamran Akmal,Mohammad Yousuf,PM Siddle,0,0,,,,,,,,,
406205,2009/10,2010-01-29,Western Australia Cricket Association Ground,2,7.4,Pakistan,Australia,Kamran Akmal,Mohammad Yousuf,PM Siddle,1,0,,,,,,,,,
406205,2009/10,2010-01-29,Western Australia Cricket Association Ground,2,7.5,Pakistan,Australia,Mohammad Yousuf,Kamran Akmal,PM Siddle,0,0,,,,,,,,,
406205,2009/10,2010-01-29,Western Australia Cricket Association Ground,2,7.6,Pakistan,Australia,Mohammad Yousuf,Kamran Akmal,PM Siddle,0,0,,,,,,,,,
406205,2009/10,2010-01-29,Western Australia Cricket Association Ground,2,8.1,Pakistan,Australia,Kamran Akmal,Mohammad Yousuf,CJ McKay,0,1,,,,1,,,,,
406205,2009/10,2010-01-29,Western Australia Cricket Association Ground,2,8.2,Pakistan,Australia,Mohammad Yousuf,Kamran Akmal,CJ McKay,0,0,,,,,,,,,
406205,2009/10,2010-01-29,Western Australia Cricket Association Ground,2,8.3,Pakistan,Australia,Mohammad Yousuf,Kamran Akmal,CJ McKay,0,0,,,,,,,,,
406205,2009/10,2010-01-29,Western Australia Cricket Association Ground,2,8.4,Pakistan,Australia,Mohammad Yousuf,Kamran Akmal,CJ McKay,1,0,,,,,,,,,
406205,2009/10,2010-01-29,Western Australia Cricket Association Ground,2,8.5,Pakistan,Australia,Kamran Akmal,Mohammad Yousuf,CJ McKay,0,0,,,,,,,,,
406205,2009/10,2010-01-29,Western Australia Cricket Association Ground,2,8.6,Pakistan,Australia,Kamran Akmal,Mohammad Yousuf,CJ McKay,0,0,,,,,,,,,
406205,2009/10,2010-01-29,Western Australia Cricket Association Ground,2,9.1,Pakistan,Australia,Mohammad Yousuf,Kamran Akmal,PM Siddle,0,0,,,,,,,,,
406205,2009/10,2010-01-29,Western Australia Cricket Association Ground,2,9.2,Pakistan,Australia,Mohammad Yousuf,Kamran Akmal,PM Siddle,1,0,,,,,,,,,
406205,2009/10,2010-01-29,Western Australia Cricket Association Ground,2,9.3,Pakistan,Australia,Kamran Akmal,Mohammad Yousuf,PM Siddle,0,0,,,,,,caught,Kamran Akmal,,
406205,2009/10,2010-01-29,Western Australia Cricket Association Ground,2,9.4,Pakistan,Australia,Umar Akmal,Mohammad Yousuf,PM Siddle,1,0,,,,,,,,,
406205,2009/10,2010-01-29,Western Australia Cricket Association Ground,2,9.5,Pakistan,Australia,Mohammad Yousuf,Umar Akmal,PM Siddle,0,0,,,,,,caught,Mohammad Yousuf,,
406205,2009/10,2010-01-29,Western Australia Cricket Association Ground,2,9.6,Pakistan,Australia,Fawad Alam,Umar Akmal,PM Siddle,0,0,,,,,,,,,
406205,2009/10,2010-01-29,Western Australia Cricket Association Ground,2,10.1,Pakistan,Australia,Umar Akmal,Fawad Alam,CJ McKay,0,0,,,,,,,,,
406205,2009/10,2010-01-29,Western Australia Cricket Association Ground,2,10.2,Pakistan,Australia,Umar Akmal,Fawad Alam,CJ McKay,0,0,,,,,,,,,
406205,2009/10,2010-01-29,Western Australia Cricket Association Ground,2,10.3,Pakistan,Australia,Umar Akmal,Fawad Alam,CJ McKay,0,0,,,,,,,,,
406205,2009/10,2010-01-29,Western Australia Cricket Association Ground,2,10.4,Pakistan,Australia,Umar Akmal,Fawad Alam,CJ McKay,0,0,,,,,,,,,
406205,2009/10,2010-01-29,Western Australia Cricket Association Ground,2,10.5,Pakistan,Australia,Umar Akmal,Fawad Alam,CJ McKay,1,0,,,,,,,,,
406205,2009/10,2010-01-29,Western Australia Cricket Association Ground,2,10.6,Pakistan,Australia,Fawad Alam,Umar Akmal,CJ McKay,0,0,,,,,,,,,
406205,2009/10,2010-01-29,Western Australia Cricket Association Ground,2,11.1,Pakistan,Australia,Umar Akmal,Fawad Alam,PM Siddle,0,0,,,,,,,,,
406205,2009/10,2010-01-29,Western Australia Cricket Association Ground,2,11.2,Pakistan,Australia,Umar Akmal,Fawad Alam,PM Siddle,0,0,,,,,,,,,
406205,2009/10,2010-01-29,Western Australia Cricket Association Ground,2,11.3,Pakistan,Australia,Umar Akmal,Fawad Alam,PM Siddle,0,1,,1,,,,,,,
406205,2009/10,2010-01-29,Western Australia Cricket Association Ground,2,11.4,Pakistan,Australia,Umar Akmal,Fawad Alam,PM Siddle,0,0,,,,,,,,,
406205,2009/10,2010-01-29,Western Australia Cricket Association Ground,2,11.5,Pakistan,Australia,Umar Akmal,Fawad Alam,PM Siddle,1,0,,,,,,,,,
406205,2009/10,2010-01-29,Western Australia Cricket Association Ground,2,11.6,Pakistan,Australia,Fawad Alam,Umar Akmal,PM Siddle,0,0,,,,,,,,,
406205,2009/10,2010-01-29,Western Australia Cricket Association Ground,2,11.7,Pakistan,Australia,Fawad Alam,Umar Akmal,PM Siddle,0,0,,,,,,,,,
406205,2009/10,2010-01-29,Western Australia Cricket Association Ground,2,12.1,Pakistan,Australia,Umar Akmal,Fawad Alam,CJ McKay,0,0,,,,,,,,,
406205,2009/10,2010-01-29,Western Australia Cricket Association Ground,2,12.2,Pakistan,Australia,Umar Akmal,Fawad Alam,CJ McKay,0,0,,,,,,,,,
406205,2009/10,2010-01-29,Western Australia Cricket Association Ground,2,12.3,Pakistan,Australia,Umar Akmal,Fawad Alam,CJ McKay,0,0,,,,,,,,,
406205,2009/10,2010-01-29,Western Australia Cricket Association Ground,2,12.4,Pakistan,Australia,Umar Akmal,Fawad Alam,CJ McKay,0,0,,,,,,,,,
406205,2009/10,2010-01-29,Western Australia Cricket Association Ground,2,12.5,Pakistan,Australia,Umar Akmal,Fawad Alam,CJ McKay,0,0,,,,,,,,,
406205,2009/10,2010-01-29,Western Australia Cricket Association Ground,2,12.6,Pakistan,Australia,Umar Akmal,Fawad Alam,CJ McKay,0,0,,,,,,,,,
406205,2009/10,2010-01-29,Western Australia Cricket Association Ground,2,13.1,Pakistan,Australia,Fawad Alam,Umar Akmal,JR Hopes,0,0,,,,,,,,,
406205,2009/10,2010-01-29,Western Australia Cricket Association Ground,2,13.2,Pakistan,Australia,Fawad Alam,Umar Akmal,JR Hopes,0,0,,,,,,,,,
406205,2009/10,2010-01-29,Western Australia Cricket Association Ground,2,13.3,Pakistan,Australia,Fawad Alam,Umar Akmal,JR Hopes,0,0,,,,,,,,,
406205,2009/10,2010-01-29,Western Australia Cricket Association Ground,2,13.4,Pakistan,Australia,Fawad Alam,Umar Akmal,JR Hopes,0,0,,,,,,,,,
406205,2009/10,2010-01-29,Western Australia Cricket Association Ground,2,13.5,Pakistan,Australia,Fawad Alam,Umar Akmal,JR Hopes,0,0,,,,,,,,,
406205,2009/10,2010-01-29,Western Australia Cricket Association Ground,2,13.6,Pakistan,Australia,Fawad Alam,Umar Akmal,JR Hopes,1,0,,,,,,,,,
406205,2009/10,2010-01-29,Western Australia Cricket Association Ground,2,14.1,Pakistan,Australia,Fawad Alam,Umar Akmal,CJ McKay,0,0,,,,,,,,,
406205,2009/10,2010-01-29,Western Australia Cricket Association Ground,2,14.2,Pakistan,Australia,Fawad Alam,Umar Akmal,CJ McKay,0,0,,,,,,,,,
406205,2009/10,2010-01-29,Western Australia Cricket Association Ground,2,14.3,Pakistan,Australia,Fawad Alam,Umar Akmal,CJ McKay,0,0,,,,,,,,,
406205,2009/10,2010-01-29,Western Australia Cricket Association Ground,2,14.4,Pakistan,Australia,Fawad Alam,Umar Akmal,CJ McKay,0,0,,,,,,,,,
406205,2009/10,2010-01-29,Western Australia Cricket Association Ground,2,14.5,Pakistan,Australia,Fawad Alam,Umar Akmal,CJ McKay,0,0,,,,,,,,,
406205,2009/10,2010-01-29,Western Australia Cricket Association Ground,2,14.6,Pakistan,Australia,Fawad Alam,Umar Akmal,CJ McKay,0,0,,,,,,,,,
406205,2009/10,2010-01-29,Western Australia Cricket Association Ground,2,15.1,Pakistan,Australia,Umar Akmal,Fawad Alam,JR Hopes,0,0,,,,,,,,,
406205,2009/10,2010-01-29,Western Australia Cricket Association Ground,2,15.2,Pakistan,Australia,Umar Akmal,Fawad Alam,JR Hopes,1,0,,,,,,,,,
406205,2009/10,2010-01-29,Western Australia Cricket Association Ground,2,15.3,Pakistan,Australia,Fawad Alam,Umar Akmal,JR Hopes,2,0,,,,,,,,,
406205,2009/10,2010-01-29,Western Australia Cricket Association Ground,2,15.4,Pakistan,Australia,Fawad Alam,Umar Akmal,JR Hopes,0,0,,,,,,,,,
406205,2009/10,2010-01-29,Western Australia Cricket Association Ground,2,15.5,Pakistan,Australia,Fawad Alam,Umar Akmal,JR Hopes,1,0,,,,,,,,,
406205,2009/10,2010-01-29,Western Australia Cricket Association Ground,2,15.6,Pakistan,Australia,Umar Akmal,Fawad Alam,JR Hopes,0,1,,,,1,,,,,
406205,2009/10,2010-01-29,Western Australia Cricket Association Ground,2,16.1,Pakistan,Australia,Umar Akmal,Fawad Alam,CJ McKay,4,0,,,,,,,,,
406205,2009/10,2010-01-29,Western Australia Cricket Association Ground,2,16.2,Pakistan,Australia,Umar Akmal,Fawad Alam,CJ McKay,0,0,,,,,,,,,
406205,2009/10,2010-01-29,Western Australia Cricket Association Ground,2,16.3,Pakistan,Australia,Umar Akmal,Fawad Alam,CJ McKay,0,0,,,,,,,,,
406205,2009/10,2010-01-29,Western Australia Cricket Association Ground,2,16.4,Pakistan,Australia,Umar Akmal,Fawad Alam,CJ McKay,0,0,,,,,,,,,
406205,2009/10,2010-01-29,Western Australia Cricket Association Ground,2,16.5,Pakistan,Australia,Umar Akmal,Fawad Alam,CJ McKay,0,0,,,,,,,,,
406205,2009/10,2010-01-29,Western Australia Cricket Association Ground,2,16.6,Pakistan,Australia,Umar Akmal,Fawad Alam,CJ McKay,0,0,,,,,,,,,
406205,2009/10,2010-01-29,Western Australia Cricket Association Ground,2,17.1,Pakistan,Australia,Fawad Alam,Umar Akmal,JR Hopes,0,0,,,,,,,,,
406205,2009/10,2010-01-29,Western Australia Cricket Association Ground,2,17.2,Pakistan,Australia,Fawad Alam,Umar Akmal,JR Hopes,0,0,,,,,,,,,
406205,2009/10,2010-01-29,Western Australia Cricket Association Ground,2,17.3,Pakistan,Australia,Fawad Alam,Umar Akmal,JR Hopes,0,0,,,,,,,,,
406205,2009/10,2010-01-29,Western Australia Cricket Association Ground,2,17.4,Pakistan,Australia,Fawad Alam,Umar Akmal,JR Hopes,0,0,,,,,,,,,
406205,2009/10,2010-01-29,Western Australia Cricket Association Ground,2,17.5,Pakistan,Australia,Fawad Alam,Umar Akmal,JR Hopes,1,0,,,,,,,,,
406205,2009/10,2010-01-29,Western Australia Cricket Association Ground,2,17.6,Pakistan,Australia,Umar Akmal,Fawad Alam,JR Hopes,0,0,,,,,,,,,
406205,2009/10,2010-01-29,Western Australia Cricket Association Ground,2,18.1,Pakistan,Australia,Fawad Alam,Umar Akmal,NM Hauritz,0,0,,,,,,,,,
406205,2009/10,2010-01-29,Western Australia Cricket Association Ground,2,18.2,Pakistan,Australia,Fawad Alam,Umar Akmal,NM Hauritz,1,0,,,,,,,,,
406205,2009/10,2010-01-29,Western Australia Cricket Association Ground,2,18.3,Pakistan,Australia,Umar Akmal,Fawad Alam,NM Hauritz,1,0,,,,,,,,,
406205,2009/10,2010-01-29,Western Australia Cricket Association Ground,2,18.4,Pakistan,Australia,Fawad Alam,Umar Akmal,NM Hauritz,1,0,,,,,,,,,
406205,2009/10,2010-01-29,Western Australia Cricket Association Ground,2,18.5,Pakistan,Australia,Umar Akmal,Fawad Alam,NM Hauritz,0,0,,,,,,,,,
406205,2009/10,2010-01-29,Western Australia Cricket Association Ground,2,18.6,Pakistan,Australia,Umar Akmal,Fawad Alam,NM Hauritz,1,0,,,,,,,,,
406205,2009/10,2010-01-29,Western Australia Cricket Association Ground,2,19.1,Pakistan,Australia,Umar Akmal,Fawad Alam,JR Hopes,0,1,,,,1,,,,,
406205,2009/10,2010-01-29,Western Australia Cricket Association Ground,2,19.2,Pakistan,Australia,Fawad Alam,Umar Akmal,JR Hopes,0,0,,,,,,,,,
406205,2009/10,2010-01-29,Western Australia Cricket Association Ground,2,19.3,Pakistan,Australia,Fawad Alam,Umar Akmal,JR Hopes,1,0,,,,,,,,,
406205,2009/10,2010-01-29,Western Australia Cricket Association Ground,2,19.4,Pakistan,Australia,Umar Akmal,Fawad Alam,JR Hopes,2,0,,,,,,,,,
406205,2009/10,2010-01-29,Western Australia Cricket Association Ground,2,19.5,Pakistan,Australia,Umar Akmal,Fawad Alam,JR Hopes,1,0,,,,,,,,,
406205,2009/10,2010-01-29,Western Australia Cricket Association Ground,2,19.6,Pakistan,Australia,Fawad Alam,Umar Akmal,JR Hopes,1,0,,,,,,,,,
406205,2009/10,2010-01-29,Western Australia Cricket Association Ground,2,20.1,Pakistan,Australia,Fawad Alam,Umar Akmal,NM Hauritz,1,0,,,,,,,,,
406205,2009/10,2010-01-29,Western Australia Cricket Association Ground,2,20.2,Pakistan,Australia,Umar Akmal,Fawad Alam,NM Hauritz,1,0,,,,,,,,,
406205,2009/10,2010-01-29,Western Australia Cricket Association Ground,2,20.3,Pakistan,Australia,Fawad Alam,Umar Akmal,NM Hauritz,0,0,,,,,,,,,
406205,2009/10,2010-01-29,Western Australia Cricket Association Ground,2,20.4,Pakistan,Australia,Fawad Alam,Umar Akmal,NM Hauritz,0,0,,,,,,,,,
406205,2009/10,2010-01-29,Western Australia Cricket Association Ground,2,20.5,Pakistan,Australia,Fawad Alam,Umar Akmal,NM Hauritz,0,0,,,,,,,,,
406205,2009/10,2010-01-29,Western Australia Cricket Association Ground,2,20.6,Pakistan,Australia,Fawad Alam,Umar Akmal,NM Hauritz,1,0,,,,,,,,,
406205,2009/10,2010-01-29,Western Australia Cricket Association Ground,2,21.1,Pakistan,Australia,Fawad Alam,Umar Akmal,JR Hopes,0,0,,,,,,,,,
406205,2009/10,2010-01-29,Western Australia Cricket Association Ground,2,21.2,Pakistan,Australia,Fawad Alam,Umar Akmal,JR Hopes,1,0,,,,,,,,,
406205,2009/10,2010-01-29,Western Australia Cricket Association Ground,2,21.3,Pakistan,Australia,Umar Akmal,Fawad Alam,JR Hopes,0,0,,,,,,,,,
406205,2009/10,2010-01-29,Western Australia Cricket Association Ground,2,21.4,Pakistan,Australia,Umar Akmal,Fawad Alam,JR Hopes,0,0,,,,,,,,,
406205,2009/10,2010-01-29,Western Australia Cricket Association Ground,2,21.5,Pakistan,Australia,Umar Akmal,Fawad Alam,JR Hopes,1,0,,,,,,,,,
406205,2009/10,2010-01-29,Western Australia Cricket Association Ground,2,21.6,Pakistan,Australia,Fawad Alam,Umar Akmal,JR Hopes,1,0,,,,,,,,,
406205,2009/10,2010-01-29,Western Australia Cricket Association Ground,2,22.1,Pakistan,Australia,Fawad Alam,Umar Akmal,NM Hauritz,1,0,,,,,,,,,
406205,2009/10,2010-01-29,Western Australia Cricket Association Ground,2,22.2,Pakistan,Australia,Umar Akmal,Fawad Alam,NM Hauritz,0,1,1,,,,,,,,
406205,2009/10,2010-01-29,Western Australia Cricket Association Ground,2,22.3,Pakistan,Australia,Umar Akmal,Fawad Alam,NM Hauritz,0,0,,,,,,,,,
406205,2009/10,2010-01-29,Western Australia Cricket Association Ground,2,22.4,Pakistan,Australia,Umar Akmal,Fawad Alam,NM Hauritz,1,0,,,,,,,,,
406205,2009/10,2010-01-29,Western Australia Cricket Association Ground,2,22.5,Pakistan,Australia,Fawad Alam,Umar Akmal,NM Hauritz,1,0,,,,,,,,,
406205,2009/10,2010-01-29,Western Australia Cricket Association Ground,2,22.6,Pakistan,Australia,Umar Akmal,Fawad Alam,NM Hauritz,0,0,,,,,,,,,
406205,2009/10,2010-01-29,Western Australia Cricket Association Ground,2,22.7,Pakistan,Australia,Umar Akmal,Fawad Alam,NM Hauritz,2,0,,,,,,,,,
406205,2009/10,2010-01-29,Western Australia Cricket Association Ground,2,23.1,Pakistan,Australia,Fawad Alam,Umar Akmal,JR Hopes,0,0,,,,,,,,,
406205,2009/10,2010-01-29,Western Australia Cricket Association Ground,2,23.2,Pakistan,Australia,Fawad Alam,Umar Akmal,JR Hopes,0,0,,,,,,,,,
406205,2009/10,2010-01-29,Western Australia Cricket Association Ground,2,23.3,Pakistan,Australia,Fawad Alam,Umar Akmal,JR Hopes,1,0,,,,,,,,,
406205,2009/10,2010-01-29,Western Australia Cricket Association Ground,2,23.4,Pakistan,Australia,Umar Akmal,Fawad Alam,JR Hopes,2,0,,,,,,,,,
406205,2009/10,2010-01-29,Western Australia Cricket Association Ground,2,23.5,Pakistan,Australia,Umar Akmal,Fawad Alam,JR Hopes,1,0,,,,,,,,,
406205,2009/10,2010-01-29,Western Australia Cricket Association Ground,2,23.6,Pakistan,Australia,Fawad Alam,Umar Akmal,JR Hopes,0,0,,,,,,,,,
406205,2009/10,2010-01-29,Western Australia Cricket Association Ground,2,24.1,Pakistan,Australia,Umar Akmal,Fawad Alam,NM Hauritz,0,0,,,,,,,,,
406205,2009/10,2010-01-29,Western Australia Cricket Association Ground,2,24.2,Pakistan,Australia,Umar Akmal,Fawad Alam,NM Hauritz,6,0,,,,,,,,,
406205,2009/10,2010-01-29,Western Australia Cricket Association Ground,2,24.3,Pakistan,Australia,Umar Akmal,Fawad Alam,NM Hauritz,1,0,,,,,,,,,
406205,2009/10,2010-01-29,Western Australia Cricket Association Ground,2,24.4,Pakistan,Australia,Fawad Alam,Umar Akmal,NM Hauritz,1,0,,,,,,,,,
406205,2009/10,2010-01-29,Western Australia Cricket Association Ground,2,24.5,Pakistan,Australia,Umar Akmal,Fawad Alam,NM Hauritz,1,0,,,,,,,,,
406205,2009/10,2010-01-29,Western Australia Cricket Association Ground,2,24.6,Pakistan,Australia,Fawad Alam,Umar Akmal,NM Hauritz,1,0,,,,,,,,,
406205,2009/10,2010-01-29,Western Australia Cricket Association Ground,2,25.1,Pakistan,Australia,Fawad Alam,Umar Akmal,JR Hopes,0,0,,,,,,,,,
406205,2009/10,2010-01-29,Western Australia Cricket Association Ground,2,25.2,Pakistan,Australia,Fawad Alam,Umar Akmal,JR Hopes,1,0,,,,,,,,,
406205,2009/10,2010-01-29,Western Australia Cricket Association Ground,2,25.3,Pakistan,Australia,Umar Akmal,Fawad Alam,JR Hopes,0,0,,,,,,,,,
406205,2009/10,2010-01-29,Western Australia Cricket Association Ground,2,25.4,Pakistan,Australia,Umar Akmal,Fawad Alam,JR Hopes,0,0,,,,,,,,,
406205,2009/10,2010-01-29,Western Australia Cricket Association Ground,2,25.5,Pakistan,Australia,Umar Akmal,Fawad Alam,JR Hopes,0,0,,,,,,,,,
406205,2009/10,2010-01-29,Western Australia Cricket Association Ground,2,25.6,Pakistan,Australia,Umar Akmal,Fawad Alam,JR Hopes,4,0,,,,,,,,,
406205,2009/10,2010-01-29,Western Australia Cricket Association Ground,2,26.1,Pakistan,Australia,Fawad Alam,Umar Akmal,NM Hauritz,1,0,,,,,,,,,
406205,2009/10,2010-01-29,Western Australia Cricket Association Ground,2,26.2,Pakistan,Australia,Umar Akmal,Fawad Alam,NM Hauritz,2,0,,,,,,,,,
406205,2009/10,2010-01-29,Western Australia Cricket Association Ground,2,26.3,Pakistan,Australia,Umar Akmal,Fawad Alam,NM Hauritz,1,0,,,,,,,,,
406205,2009/10,2010-01-29,Western Australia Cricket Association Ground,2,26.4,Pakistan,Australia,Fawad Alam,Umar Akmal,NM Hauritz,0,0,,,,,,,,,
406205,2009/10,2010-01-29,Western Australia Cricket Association Ground,2,26.5,Pakistan,Australia,Fawad Alam,Umar Akmal,NM Hauritz,1,0,,,,,,,,,
406205,2009/10,2010-01-29,Western Australia Cricket Association Ground,2,26.6,Pakistan,Australia,Umar Akmal,Fawad Alam,NM Hauritz,0,0,,,,,,,,,
406205,2009/10,2010-01-29,Western Australia Cricket Association Ground,2,27.1,Pakistan,Australia,Fawad Alam,Umar Akmal,RJ Harris,0,0,,,,,,run out,Fawad Alam,,
406205,2009/10,2010-01-29,Western Australia Cricket Association Ground,2,27.2,Pakistan,Australia,Umar Akmal,Shahid Afridi,RJ Harris,0,0,,,,,,,,,
406205,2009/10,2010-01-29,Western Australia Cricket Association Ground,2,27.3,Pakistan,Australia,Umar Akmal,Shahid Afridi,RJ Harris,0,0,,,,,,,,,
406205,2009/10,2010-01-29,Western Australia Cricket Association Ground,2,27.4,Pakistan,Australia,Umar Akmal,Shahid Afridi,RJ Harris,1,0,,,,,,,,,
406205,2009/10,2010-01-29,Western Australia Cricket Association Ground,2,27.5,Pakistan,Australia,Shahid Afridi,Umar Akmal,RJ Harris,4,0,,,,,,,,,
406205,2009/10,2010-01-29,Western Australia Cricket Association Ground,2,27.6,Pakistan,Australia,Shahid Afridi,Umar Akmal,RJ Harris,4,0,,,,,,,,,
406205,2009/10,2010-01-29,Western Australia Cricket Association Ground,2,28.1,Pakistan,Australia,Umar Akmal,Shahid Afridi,NM Hauritz,1,0,,,,,,,,,
406205,2009/10,2010-01-29,Western Australia Cricket Association Ground,2,28.2,Pakistan,Australia,Shahid Afridi,Umar Akmal,NM Hauritz,2,0,,,,,,,,,
406205,2009/10,2010-01-29,Western Australia Cricket Association Ground,2,28.3,Pakistan,Australia,Shahid Afridi,Umar Akmal,NM Hauritz,6,0,,,,,,,,,
406205,2009/10,2010-01-29,Western Australia Cricket Association Ground,2,28.4,Pakistan,Australia,Shahid Afridi,Umar Akmal,NM Hauritz,6,0,,,,,,,,,
406205,2009/10,2010-01-29,Western Australia Cricket Association Ground,2,28.5,Pakistan,Australia,Shahid Afridi,Umar Akmal,NM Hauritz,2,0,,,,,,,,,
406205,2009/10,2010-01-29,Western Australia Cricket Association Ground,2,28.6,Pakistan,Australia,Shahid Afridi,Umar Akmal,NM Hauritz,0,0,,,,,,,,,
406205,2009/10,2010-01-29,Western Australia Cricket Association Ground,2,29.1,Pakistan,Australia,Umar Akmal,Shahid Afridi,RJ Harris,0,0,,,,,,,,,
406205,2009/10,2010-01-29,Western Australia Cricket Association Ground,2,29.2,Pakistan,Australia,Umar Akmal,Shahid Afridi,RJ Harris,0,0,,,,,,bowled,Umar Akmal,,
406205,2009/10,2010-01-29,Western Australia Cricket Association Ground,2,29.3,Pakistan,Australia,Naved-ul-Hasan,Shahid Afridi,RJ Harris,0,0,,,,,,caught,Naved-ul-Hasan,,
406205,2009/10,2010-01-29,Western Australia Cricket Association Ground,2,29.4,Pakistan,Australia,Iftikhar Anjum,Shahid Afridi,RJ Harris,0,0,,,,,,,,,
406205,2009/10,2010-01-29,Western Australia Cricket Association Ground,2,29.5,Pakistan,Australia,Iftikhar Anjum,Shahid Afridi,RJ Harris,0,0,,,,,,,,,
406205,2009/10,2010-01-29,Western Australia Cricket Association Ground,2,29.6,Pakistan,Australia,Iftikhar Anjum,Shahid Afridi,RJ Harris,0,0,,,,,,,,,
406205,2009/10,2010-01-29,Western Australia Cricket Association Ground,2,30.1,Pakistan,Australia,Shahid Afridi,Iftikhar Anjum,CJ McKay,4,0,,,,,,,,,
406205,2009/10,2010-01-29,Western Australia Cricket Association Ground,2,30.2,Pakistan,Australia,Shahid Afridi,Iftikhar Anjum,CJ McKay,1,0,,,,,,,,,
406205,2009/10,2010-01-29,Western Australia Cricket Association Ground,2,30.3,Pakistan,Australia,Iftikhar Anjum,Shahid Afridi,CJ McKay,0,0,,,,,,,,,
406205,2009/10,2010-01-29,Western Australia Cricket Association Ground,2,30.4,Pakistan,Australia,Iftikhar Anjum,Shahid Afridi,CJ McKay,0,0,,,,,,,,,
406205,2009/10,2010-01-29,Western Australia Cricket Association Ground,2,30.5,Pakistan,Australia,Iftikhar Anjum,Shahid Afridi,CJ McKay,1,0,,,,,,,,,
406205,2009/10,2010-01-29,Western Australia Cricket Association Ground,2,30.6,Pakistan,Australia,Shahid Afridi,Iftikhar Anjum,CJ McKay,0,0,,,,,,caught,Shahid Afridi,,
406205,2009/10,2010-01-29,Western Australia Cricket Association Ground,2,31.1,Pakistan,Australia,Saeed Ajmal,Iftikhar Anjum,RJ Harris,0,0,,,,,,,,,
406205,2009/10,2010-01-29,Western Australia Cricket Association Ground,2,31.2,Pakistan,Australia,Saeed Ajmal,Iftikhar Anjum,RJ Harris,0,0,,,,,,,,,
406205,2009/10,2010-01-29,Western Australia Cricket Association Ground,2,31.3,Pakistan,Australia,Saeed Ajmal,Iftikhar Anjum,RJ Harris,0,0,,,,,,,,,
406205,2009/10,2010-01-29,Western Australia Cricket Association Ground,2,31.4,Pakistan,Australia,Saeed Ajmal,Iftikhar Anjum,RJ Harris,1,0,,,,,,,,,
406205,2009/10,2010-01-29,Western Australia Cricket Association Ground,2,31.5,Pakistan,Australia,Iftikhar Anjum,Saeed Ajmal,RJ Harris,0,0,,,,,,,,,
406205,2009/10,2010-01-29,Western Australia Cricket Association Ground,2,31.6,Pakistan,Australia,Iftikhar Anjum,Saeed Ajmal,RJ Harris,0,0,,,,,,,,,
406205,2009/10,2010-01-29,Western Australia Cricket Association Ground,2,32.1,Pakistan,Australia,Saeed Ajmal,Iftikhar Anjum,CJ McKay,0,0,,,,,,,,,
406205,2009/10,2010-01-29,Western Australia Cricket Association Ground,2,32.2,Pakistan,Australia,Saeed Ajmal,Iftikhar Anjum,CJ McKay,0,0,,,,,,,,,
406205,2009/10,2010-01-29,Western Australia Cricket Association Ground,2,32.3,Pakistan,Australia,Saeed Ajmal,Iftikhar Anjum,CJ McKay,2,0,,,,,,,,,
406205,2009/10,2010-01-29,Western Australia Cricket Association Ground,2,32.4,Pakistan,Australia,Saeed Ajmal,Iftikhar Anjum,CJ McKay,2,0,,,,,,,,,
406205,2009/10,2010-01-29,Western Australia Cricket Association Ground,2,32.5,Pakistan,Australia,Saeed Ajmal,Iftikhar Anjum,CJ McKay,0,0,,,,,,,,,
406205,2009/10,2010-01-29,Western Australia Cricket Association Ground,2,32.6,Pakistan,Australia,Saeed Ajmal,Iftikhar Anjum,CJ McKay,0,0,,,,,,,,,
406205,2009/10,2010-01-29,Western Australia Cricket Association Ground,2,33.1,Pakistan,Australia,Iftikhar Anjum,Saeed Ajmal,RJ Harris,0,0,,,,,,,,,
406205,2009/10,2010-01-29,Western Australia Cricket Association Ground,2,33.2,Pakistan,Australia,Iftikhar Anjum,Saeed Ajmal,RJ Harris,1,0,,,,,,,,,
406205,2009/10,2010-01-29,Western Australia Cricket Association Ground,2,33.3,Pakistan,Australia,Saeed Ajmal,Iftikhar Anjum,RJ Harris,0,0,,,,,,,,,
406205,2009/10,2010-01-29,Western Australia Cricket Association Ground,2,33.4,Pakistan,Australia,Saeed Ajmal,Iftikhar Anjum,RJ Harris,1,0,,,,,,,,,
406205,2009/10,2010-01-29,Western Australia Cricket Association Ground,2,33.5,Pakistan,Australia,Iftikhar Anjum,Saeed Ajmal,RJ Harris,0,0,,,,,,,,,
406205,2009/10,2010-01-29,Western Australia Cricket Association Ground,2,33.6,Pakistan,Australia,Iftikhar Anjum,Saeed Ajmal,RJ Harris,0,0,,,,,,,,,
406205,2009/10,2010-01-29,Western Australia Cricket Association Ground,2,34.1,Pakistan,Australia,Saeed Ajmal,Iftikhar Anjum,NM Hauritz,0,0,,,,,,,,,
406205,2009/10,2010-01-29,Western Australia Cricket Association Ground,2,34.2,Pakistan,Australia,Saeed Ajmal,Iftikhar Anjum,NM Hauritz,1,0,,,,,,,,,
406205,2009/10,2010-01-29,Western Australia Cricket Association Ground,2,34.3,Pakistan,Australia,Iftikhar Anjum,Saeed Ajmal,NM Hauritz,1,0,,,,,,,,,
406205,2009/10,2010-01-29,Western Australia Cricket Association Ground,2,34.4,Pakistan,Australia,Saeed Ajmal,Iftikhar Anjum,NM Hauritz,0,0,,,,,,bowled,Saeed Ajmal,,
406205,2009/10,2010-01-29,Western Australia Cricket Association Ground,2,34.5,Pakistan,Australia,Mohammad Asif,Iftikhar Anjum,NM Hauritz,0,0,,,,,,,,,
406205,2009/10,2010-01-29,Western Australia Cricket Association Ground,2,34.6,Pakistan,Australia,Mohammad Asif,Iftikhar Anjum,NM Hauritz,0,0,,,,,,,,,
406205,2009/10,2010-01-29,Western Australia Cricket Association Ground,2,35.1,Pakistan,Australia,Iftikhar Anjum,Mohammad Asif,RJ Harris,0,0,,,,,,,,,
406205,2009/10,2010-01-29,Western Australia Cricket Association Ground,2,35.2,Pakistan,Australia,Iftikhar Anjum,Mohammad Asif,RJ Harris,0,0,,,,,,,,,
406205,2009/10,2010-01-29,Western Australia Cricket Association Ground,2,35.3,Pakistan,Australia,Iftikhar Anjum,Mohammad Asif,RJ Harris,0,0,,,,,,,,,
406205,2009/10,2010-01-29,Western Australia Cricket Association Ground,2,35.4,Pakistan,Australia,Iftikhar Anjum,Mohammad Asif,RJ Harris,0,0,,,,,,,,,
406205,2009/10,2010-01-29,Western Australia Cricket Association Ground,2,35.5,Pakistan,Australia,Iftikhar Anjum,Mohammad Asif,RJ Harris,1,0,,,,,,,,,
406205,2009/10,2010-01-29,Western Australia Cricket Association Ground,2,35.6,Pakistan,Australia,Mohammad Asif,Iftikhar Anjum,RJ Harris,0,0,,,,,,,,,
406205,2009/10,2010-01-29,Western Australia Cricket Association Ground,2,36.1,Pakistan,Australia,Iftikhar Anjum,Mohammad Asif,NM Hauritz,1,0,,,,,,,,,
406205,2009/10,2010-01-29,Western Australia Cricket Association Ground,2,36.2,Pakistan,Australia,Mohammad Asif,Iftikhar Anjum,NM Hauritz,0,0,,,,,,,,,
406205,2009/10,2010-01-29,Western Australia Cricket Association Ground,2,36.3,Pakistan,Australia,Mohammad Asif,Iftikhar Anjum,NM Hauritz,0,0,,,,,,,,,
406205,2009/10,2010-01-29,Western Australia Cricket Association Ground,2,36.4,Pakistan,Australia,Mohammad Asif,Iftikhar Anjum,NM Hauritz,0,0,,,,,,,,,
406205,2009/10,2010-01-29,Western Australia Cricket Association Ground,2,36.5,Pakistan,Australia,Mohammad Asif,Iftikhar Anjum,NM Hauritz,0,0,,,,,,,,,
406205,2009/10,2010-01-29,Western Australia Cricket Association Ground,2,36.6,Pakistan,Australia,Mohammad Asif,Iftikhar Anjum,NM Hauritz,0,0,,,,,,,,,
406205,2009/10,2010-01-29,Western Australia Cricket Association Ground,2,37.1,Pakistan,Australia,Iftikhar Anjum,Mohammad Asif,RJ Harris,0,0,,,,,,,,,
406205,2009/10,2010-01-29,Western Australia Cricket Association Ground,2,37.2,Pakistan,Australia,Iftikhar Anjum,Mohammad Asif,RJ Harris,0,0,,,,,,,,,
406205,2009/10,2010-01-29,Western Australia Cricket Association Ground,2,37.3,Pakistan,Australia,Iftikhar Anjum,Mohammad Asif,RJ Harris,0,0,,,,,,,,,
406205,2009/10,2010-01-29,Western Australia Cricket Association Ground,2,37.4,Pakistan,Australia,Iftikhar Anjum,Mohammad Asif,RJ Harris,0,0,,,,,,,,,
406205,2009/10,2010-01-29,Western Australia Cricket Association Ground,2,37.5,Pakistan,Australia,Iftikhar Anjum,Mohammad Asif,RJ Harris,0,0,,,,,,caught,Iftikhar Anjum,,
