match_id,season,start_date,venue,innings,ball,batting_team,bowling_team,striker,non_striker,bowler,runs_off_bat,extras,wides,noballs,byes,legbyes,penalty,wicket_type,player_dismissed,other_wicket_type,other_player_dismissed
406204,2009/10,2010-01-26,Adelaide Oval,1,0.1,Australia,Pakistan,SR Watson,SE Marsh,Mohammad Asif,0,1,1,,,,,,,,
406204,2009/10,2010-01-26,Adelaide Oval,1,0.2,Australia,Pakistan,SR Watson,SE Marsh,Mohammad Asif,0,0,,,,,,,,,
406204,2009/10,2010-01-26,Adelaide Oval,1,0.3,Australia,Pakistan,SR Watson,SE Marsh,Mohammad Asif,0,0,,,,,,,,,
406204,2009/10,2010-01-26,Adelaide Oval,1,0.4,Australia,Pakistan,SR Watson,SE Marsh,Mohammad Asif,0,0,,,,,,,,,
406204,2009/10,2010-01-26,Adelaide Oval,1,0.5,Australia,Pakistan,SR Watson,SE Marsh,Mohammad Asif,0,0,,,,,,,,,
406204,2009/10,2010-01-26,Adelaide Oval,1,0.6,Australia,Pakistan,SR Watson,SE Marsh,Mohammad Asif,0,0,,,,,,,,,
406204,2009/10,2010-01-26,Adelaide Oval,1,0.7,Australia,Pakistan,SR Watson,SE Marsh,Mohammad Asif,1,0,,,,,,,,,
406204,2009/10,2010-01-26,Adelaide Oval,1,1.1,Australia,Pakistan,SR Watson,SE Marsh,Umar Gul,0,0,,,,,,,,,
406204,2009/10,2010-01-26,Adelaide Oval,1,1.2,Australia,Pakistan,SR Watson,SE Marsh,Umar Gul,0,0,,,,,,,,,
406204,2009/10,2010-01-26,Adelaide Oval,1,1.3,Australia,Pakistan,SR Watson,SE Marsh,Umar Gul,0,0,,,,,,,,,
406204,2009/10,2010-01-26,Adelaide Oval,1,1.4,Australia,Pakistan,SR Watson,SE Marsh,Umar Gul,0,0,,,,,,,,,
406204,2009/10,2010-01-26,Adelaide Oval,1,1.5,Australia,Pakistan,SR Watson,SE Marsh,Umar Gul,0,0,,,,,,,,,
406204,2009/10,2010-01-26,Adelaide Oval,1,1.6,Australia,Pakistan,SR Watson,SE Marsh,Umar Gul,0,0,,,,,,,,,
406204,2009/10,2010-01-26,Adelaide Oval,1,2.1,Australia,Pakistan,SE Marsh,SR Watson,Mohammad Asif,0,0,,,,,,,,,
406204,2009/10,2010-01-26,Adelaide Oval,1,2.2,Australia,Pakistan,SE Marsh,SR Watson,Mohammad Asif,0,0,,,,,,,,,
406204,2009/10,2010-01-26,Adelaide Oval,1,2.3,Australia,Pakistan,SE Marsh,SR Watson,Mohammad Asif,0,0,,,,,,,,,
406204,2009/10,2010-01-26,Adelaide Oval,1,2.4,Australia,Pakistan,SE Marsh,SR Watson,Mohammad Asif,0,0,,,,,,,,,
406204,2009/10,2010-01-26,Adelaide Oval,1,2.5,Australia,Pakistan,SE Marsh,SR Watson,Mohammad Asif,1,0,,,,,,,,,
406204,2009/10,2010-01-26,Adelaide Oval,1,2.6,Australia,Pakistan,SR Watson,SE Marsh,Mohammad Asif,4,0,,,,,,,,,
406204,2009/10,2010-01-26,Adelaide Oval,1,3.1,Australia,Pakistan,SE Marsh,SR Watson,Umar Gul,0,0,,,,,,,,,
406204,2009/10,2010-01-26,Adelaide Oval,1,3.2,Australia,Pakistan,SE Marsh,SR Watson,Umar Gul,0,0,,,,,,,,,
406204,2009/10,2010-01-26,Adelaide Oval,1,3.3,Australia,Pakistan,SE Marsh,SR Watson,Umar Gul,2,0,,,,,,,,,
406204,2009/10,2010-01-26,Adelaide Oval,1,3.4,Australia,Pakistan,SE Marsh,SR Watson,Umar Gul,0,0,,,,,,,,,
406204,2009/10,2010-01-26,Adelaide Oval,1,3.5,Australia,Pakistan,SE Marsh,SR Watson,Umar Gul,4,0,,,,,,,,,
406204,2009/10,2010-01-26,Adelaide Oval,1,3.6,Australia,Pakistan,SE Marsh,SR Watson,Umar Gul,0,0,,,,,,,,,
406204,2009/10,2010-01-26,Adelaide Oval,1,4.1,Australia,Pakistan,SR Watson,SE Marsh,Mohammad Asif,0,0,,,,,,,,,
406204,2009/10,2010-01-26,Adelaide Oval,1,4.2,Australia,Pakistan,SR Watson,SE Marsh,Mohammad Asif,0,0,,,,,,,,,
406204,2009/10,2010-01-26,Adelaide Oval,1,4.3,Australia,Pakistan,SR Watson,SE Marsh,Mohammad Asif,1,0,,,,,,,,,
406204,2009/10,2010-01-26,Adelaide Oval,1,4.4,Australia,Pakistan,SE Marsh,SR Watson,Mohammad Asif,1,0,,,,,,,,,
406204,2009/10,2010-01-26,Adelaide Oval,1,4.5,Australia,Pakistan,SR Watson,SE Marsh,Mohammad Asif,1,0,,,,,,,,,
406204,2009/10,2010-01-26,Adelaide Oval,1,4.6,Australia,Pakistan,SE Marsh,SR Watson,Mohammad Asif,4,0,,,,,,,,,
406204,2009/10,2010-01-26,Adelaide Oval,1,5.1,Australia,Pakistan,SR Watson,SE Marsh,Umar Gul,4,0,,,,,,,,,
406204,2009/10,2010-01-26,Adelaide Oval,1,5.2,Australia,Pakistan,SR Watson,SE Marsh,Umar Gul,4,0,,,,,,,,,
406204,2009/10,2010-01-26,Adelaide Oval,1,5.3,Australia,Pakistan,SR Watson,SE Marsh,Umar Gul,2,0,,,,,,,,,
406204,2009/10,2010-01-26,Adelaide Oval,1,5.4,Australia,Pakistan,SR Watson,SE Marsh,Umar Gul,0,0,,,,,,,,,
406204,2009/10,2010-01-26,Adelaide Oval,1,5.5,Australia,Pakistan,SR Watson,SE Marsh,Umar Gul,0,0,,,,,,,,,
406204,2009/10,2010-01-26,Adelaide Oval,1,5.6,Australia,Pakistan,SR Watson,SE Marsh,Umar Gul,1,0,,,,,,,,,
406204,2009/10,2010-01-26,Adelaide Oval,1,6.1,Australia,Pakistan,SR Watson,SE Marsh,Mohammad Asif,4,0,,,,,,,,,
406204,2009/10,2010-01-26,Adelaide Oval,1,6.2,Australia,Pakistan,SR Watson,SE Marsh,Mohammad Asif,1,0,,,,,,,,,
406204,2009/10,2010-01-26,Adelaide Oval,1,6.3,Australia,Pakistan,SE Marsh,SR Watson,Mohammad Asif,1,0,,,,,,,,,
406204,2009/10,2010-01-26,Adelaide Oval,1,6.4,Australia,Pakistan,SR Watson,SE Marsh,Mohammad Asif,1,0,,,,,,,,,
406204,2009/10,2010-01-26,Adelaide Oval,1,6.5,Australia,Pakistan,SE Marsh,SR Watson,Mohammad Asif,0,0,,,,,,,,,
406204,2009/10,2010-01-26,Adelaide Oval,1,6.6,Australia,Pakistan,SE Marsh,SR Watson,Mohammad Asif,0,0,,,,,,,,,
406204,2009/10,2010-01-26,Adelaide Oval,1,7.1,Australia,Pakistan,SR Watson,SE Marsh,Umar Gul,1,0,,,,,,,,,
406204,2009/10,2010-01-26,Adelaide Oval,1,7.2,Australia,Pakistan,SE Marsh,SR Watson,Umar Gul,0,0,,,,,,,,,
406204,2009/10,2010-01-26,Adelaide Oval,1,7.3,Australia,Pakistan,SE Marsh,SR Watson,Umar Gul,0,0,,,,,,,,,
406204,2009/10,2010-01-26,Adelaide Oval,1,7.4,Australia,Pakistan,SE Marsh,SR Watson,Umar Gul,1,0,,,,,,,,,
406204,2009/10,2010-01-26,Adelaide Oval,1,7.5,Australia,Pakistan,SR Watson,SE Marsh,Umar Gul,1,0,,,,,,,,,
406204,2009/10,2010-01-26,Adelaide Oval,1,7.6,Australia,Pakistan,SE Marsh,SR Watson,Umar Gul,0,0,,,,,,,,,
406204,2009/10,2010-01-26,Adelaide Oval,1,8.1,Australia,Pakistan,SR Watson,SE Marsh,Mohammad Asif,1,0,,,,,,,,,
406204,2009/10,2010-01-26,Adelaide Oval,1,8.2,Australia,Pakistan,SE Marsh,SR Watson,Mohammad Asif,0,0,,,,,,,,,
406204,2009/10,2010-01-26,Adelaide Oval,1,8.3,Australia,Pakistan,SE Marsh,SR Watson,Mohammad Asif,0,0,,,,,,,,,
406204,2009/10,2010-01-26,Adelaide Oval,1,8.4,Australia,Pakistan,SE Marsh,SR Watson,Mohammad Asif,0,0,,,,,,,,,
406204,2009/10,2010-01-26,Adelaide Oval,1,8.5,Australia,Pakistan,SE Marsh,SR Watson,Mohammad Asif,0,0,,,,,,,,,
406204,2009/10,2010-01-26,Adelaide Oval,1,8.6,Australia,Pakistan,SE Marsh,SR Watson,Mohammad Asif,1,0,,,,,,,,,
406204,2009/10,2010-01-26,Adelaide Oval,1,9.1,Australia,Pakistan,SE Marsh,SR Watson,Naved-ul-Hasan,0,0,,,,,,,,,
406204,2009/10,2010-01-26,Adelaide Oval,1,9.2,Australia,Pakistan,SE Marsh,SR Watson,Naved-ul-Hasan,0,0,,,,,,,,,
406204,2009/10,2010-01-26,Adelaide Oval,1,9.3,Australia,Pakistan,SE Marsh,SR Watson,Naved-ul-Hasan,1,0,,,,,,,,,
406204,2009/10,2010-01-26,Adelaide Oval,1,9.4,Australia,Pakistan,SR Watson,SE Marsh,Naved-ul-Hasan,0,0,,,,,,,,,
406204,2009/10,2010-01-26,Adelaide Oval,1,9.5,Australia,Pakistan,SR Watson,SE Marsh,Naved-ul-Hasan,0,0,,,,,,,,,
406204,2009/10,2010-01-26,Adelaide Oval,1,9.6,Australia,Pakistan,SR Watson,SE Marsh,Naved-ul-Hasan,0,0,,,,,,,,,
406204,2009/10,2010-01-26,Adelaide Oval,1,10.1,Australia,Pakistan,SE Marsh,SR Watson,Mohammad Asif,0,0,,,,,,,,,
406204,2009/10,2010-01-26,Adelaide Oval,1,10.2,Australia,Pakistan,SE Marsh,SR Watson,Mohammad Asif,0,0,,,,,,,,,
406204,2009/10,2010-01-26,Adelaide Oval,1,10.3,Australia,Pakistan,SE Marsh,SR Watson,Mohammad Asif,0,0,,,,,,,,,
406204,2009/10,2010-01-26,Adelaide Oval,1,10.4,Australia,Pakistan,SE Marsh,SR Watson,Mohammad Asif,0,0,,,,,,,,,
406204,2009/10,2010-01-26,Adelaide Oval,1,10.5,Australia,Pakistan,SE Marsh,SR Watson,Mohammad Asif,0,0,,,,,,,,,
406204,2009/10,2010-01-26,Adelaide Oval,1,10.6,Australia,Pakistan,SE Marsh,SR Watson,Mohammad Asif,1,0,,,,,,,,,
406204,2009/10,2010-01-26,Adelaide Oval,1,11.1,Australia,Pakistan,SE Marsh,SR Watson,Naved-ul-Hasan,4,0,,,,,,,,,
406204,2009/10,2010-01-26,Adelaide Oval,1,11.2,Australia,Pakistan,SE Marsh,SR Watson,Naved-ul-Hasan,4,0,,,,,,,,,
406204,2009/10,2010-01-26,Adelaide Oval,1,11.3,Australia,Pakistan,SE Marsh,SR Watson,Naved-ul-Hasan,0,0,,,,,,,,,
406204,2009/10,2010-01-26,Adelaide Oval,1,11.4,Australia,Pakistan,SE Marsh,SR Watson,Naved-ul-Hasan,0,0,,,,,,,,,
406204,2009/10,2010-01-26,Adelaide Oval,1,11.5,Australia,Pakistan,SE Marsh,SR Watson,Naved-ul-Hasan,1,0,,,,,,,,,
406204,2009/10,2010-01-26,Adelaide Oval,1,11.6,Australia,Pakistan,SR Watson,SE Marsh,Naved-ul-Hasan,0,0,,,,,,,,,
406204,2009/10,2010-01-26,Adelaide Oval,1,12.1,Australia,Pakistan,SE Marsh,SR Watson,Mohammad Asif,0,0,,,,,,,,,
406204,2009/10,2010-01-26,Adelaide Oval,1,12.2,Australia,Pakistan,SE Marsh,SR Watson,Mohammad Asif,3,0,,,,,,,,,
406204,2009/10,2010-01-26,Adelaide Oval,1,12.3,Australia,Pakistan,SR Watson,SE Marsh,Mohammad Asif,0,0,,,,,,,,,
406204,2009/10,2010-01-26,Adelaide Oval,1,12.4,Australia,Pakistan,SR Watson,SE Marsh,Mohammad Asif,4,0,,,,,,,,,
406204,2009/10,2010-01-26,Adelaide Oval,1,12.5,Australia,Pakistan,SR Watson,SE Marsh,Mohammad Asif,2,0,,,,,,,,,
406204,2009/10,2010-01-26,Adelaide Oval,1,12.6,Australia,Pakistan,SR Watson,SE Marsh,Mohammad Asif,0,0,,,,,,bowled,SR Watson,,
406204,2009/10,2010-01-26,Adelaide Oval,1,13.1,Australia,Pakistan,SE Marsh,RT Ponting,Naved-ul-Hasan,0,0,,,,,,,,,
406204,2009/10,2010-01-26,Adelaide Oval,1,13.2,Australia,Pakistan,SE Marsh,RT Ponting,Naved-ul-Hasan,1,0,,,,,,,,,
406204,2009/10,2010-01-26,Adelaide Oval,1,13.3,Australia,Pakistan,RT Ponting,SE Marsh,Naved-ul-Hasan,0,0,,,,,,,,,
406204,2009/10,2010-01-26,Adelaide Oval,1,13.4,Australia,Pakistan,RT Ponting,SE Marsh,Naved-ul-Hasan,0,0,,,,,,,,,
406204,2009/10,2010-01-26,Adelaide Oval,1,13.5,Australia,Pakistan,RT Ponting,SE Marsh,Naved-ul-Hasan,0,0,,,,,,lbw,RT Ponting,,
406204,2009/10,2010-01-26,Adelaide Oval,1,13.6,Australia,Pakistan,MJ Clarke,SE Marsh,Naved-ul-Hasan,0,0,,,,,,,,,
406204,2009/10,2010-01-26,Adelaide Oval,1,14.1,Australia,Pakistan,SE Marsh,MJ Clarke,Mohammad Asif,0,0,,,,,,,,,
406204,2009/10,2010-01-26,Adelaide Oval,1,14.2,Australia,Pakistan,SE Marsh,MJ Clarke,Mohammad Asif,0,0,,,,,,,,,
406204,2009/10,2010-01-26,Adelaide Oval,1,14.3,Australia,Pakistan,SE Marsh,MJ Clarke,Mohammad Asif,2,0,,,,,,,,,
406204,2009/10,2010-01-26,Adelaide Oval,1,14.4,Australia,Pakistan,SE Marsh,MJ Clarke,Mohammad Asif,2,0,,,,,,,,,
406204,2009/10,2010-01-26,Adelaide Oval,1,14.5,Australia,Pakistan,SE Marsh,MJ Clarke,Mohammad Asif,0,0,,,,,,,,,
406204,2009/10,2010-01-26,Adelaide Oval,1,14.6,Australia,Pakistan,SE Marsh,MJ Clarke,Mohammad Asif,1,0,,,,,,,,,
406204,2009/10,2010-01-26,Adelaide Oval,1,15.1,Australia,Pakistan,SE Marsh,MJ Clarke,Naved-ul-Hasan,0,0,,,,,,,,,
406204,2009/10,2010-01-26,Adelaide Oval,1,15.2,Australia,Pakistan,SE Marsh,MJ Clarke,Naved-ul-Hasan,1,0,,,,,,,,,
406204,2009/10,2010-01-26,Adelaide Oval,1,15.3,Australia,Pakistan,MJ Clarke,SE Marsh,Naved-ul-Hasan,0,0,,,,,,,,,
406204,2009/10,2010-01-26,Adelaide Oval,1,15.4,Australia,Pakistan,MJ Clarke,SE Marsh,Naved-ul-Hasan,0,0,,,,,,,,,
406204,2009/10,2010-01-26,Adelaide Oval,1,15.5,Australia,Pakistan,MJ Clarke,SE Marsh,Naved-ul-Hasan,1,0,,,,,,,,,
406204,2009/10,2010-01-26,Adelaide Oval,1,15.6,Australia,Pakistan,SE Marsh,MJ Clarke,Naved-ul-Hasan,1,0,,,,,,,,,
406204,2009/10,2010-01-26,Adelaide Oval,1,16.1,Australia,Pakistan,SE Marsh,MJ Clarke,Umar Gul,0,0,,,,,,,,,
406204,2009/10,2010-01-26,Adelaide Oval,1,16.2,Australia,Pakistan,SE Marsh,MJ Clarke,Umar Gul,2,0,,,,,,,,,
406204,2009/10,2010-01-26,Adelaide Oval,1,16.3,Australia,Pakistan,SE Marsh,MJ Clarke,Umar Gul,0,0,,,,,,,,,
406204,2009/10,2010-01-26,Adelaide Oval,1,16.4,Australia,Pakistan,SE Marsh,MJ Clarke,Umar Gul,0,0,,,,,,,,,
406204,2009/10,2010-01-26,Adelaide Oval,1,16.5,Australia,Pakistan,SE Marsh,MJ Clarke,Umar Gul,1,0,,,,,,,,,
406204,2009/10,2010-01-26,Adelaide Oval,1,16.6,Australia,Pakistan,MJ Clarke,SE Marsh,Umar Gul,0,0,,,,,,,,,
406204,2009/10,2010-01-26,Adelaide Oval,1,17.1,Australia,Pakistan,SE Marsh,MJ Clarke,Shahid Afridi,1,0,,,,,,,,,
406204,2009/10,2010-01-26,Adelaide Oval,1,17.2,Australia,Pakistan,MJ Clarke,SE Marsh,Shahid Afridi,0,0,,,,,,,,,
406204,2009/10,2010-01-26,Adelaide Oval,1,17.3,Australia,Pakistan,MJ Clarke,SE Marsh,Shahid Afridi,1,0,,,,,,,,,
406204,2009/10,2010-01-26,Adelaide Oval,1,17.4,Australia,Pakistan,SE Marsh,MJ Clarke,Shahid Afridi,0,0,,,,,,,,,
406204,2009/10,2010-01-26,Adelaide Oval,1,17.5,Australia,Pakistan,SE Marsh,MJ Clarke,Shahid Afridi,4,0,,,,,,,,,
406204,2009/10,2010-01-26,Adelaide Oval,1,17.6,Australia,Pakistan,SE Marsh,MJ Clarke,Shahid Afridi,1,0,,,,,,,,,
406204,2009/10,2010-01-26,Adelaide Oval,1,18.1,Australia,Pakistan,SE Marsh,MJ Clarke,Umar Gul,0,0,,,,,,,,,
406204,2009/10,2010-01-26,Adelaide Oval,1,18.2,Australia,Pakistan,SE Marsh,MJ Clarke,Umar Gul,1,0,,,,,,,,,
406204,2009/10,2010-01-26,Adelaide Oval,1,18.3,Australia,Pakistan,MJ Clarke,SE Marsh,Umar Gul,1,0,,,,,,,,,
406204,2009/10,2010-01-26,Adelaide Oval,1,18.4,Australia,Pakistan,SE Marsh,MJ Clarke,Umar Gul,4,0,,,,,,,,,
406204,2009/10,2010-01-26,Adelaide Oval,1,18.5,Australia,Pakistan,SE Marsh,MJ Clarke,Umar Gul,0,0,,,,,,,,,
406204,2009/10,2010-01-26,Adelaide Oval,1,18.6,Australia,Pakistan,SE Marsh,MJ Clarke,Umar Gul,0,1,1,,,,,,,,
406204,2009/10,2010-01-26,Adelaide Oval,1,18.7,Australia,Pakistan,SE Marsh,MJ Clarke,Umar Gul,1,0,,,,,,,,,
406204,2009/10,2010-01-26,Adelaide Oval,1,19.1,Australia,Pakistan,SE Marsh,MJ Clarke,Shahid Afridi,2,0,,,,,,,,,
406204,2009/10,2010-01-26,Adelaide Oval,1,19.2,Australia,Pakistan,SE Marsh,MJ Clarke,Shahid Afridi,1,0,,,,,,,,,
406204,2009/10,2010-01-26,Adelaide Oval,1,19.3,Australia,Pakistan,MJ Clarke,SE Marsh,Shahid Afridi,1,0,,,,,,,,,
406204,2009/10,2010-01-26,Adelaide Oval,1,19.4,Australia,Pakistan,SE Marsh,MJ Clarke,Shahid Afridi,0,0,,,,,,,,,
406204,2009/10,2010-01-26,Adelaide Oval,1,19.5,Australia,Pakistan,SE Marsh,MJ Clarke,Shahid Afridi,1,0,,,,,,,,,
406204,2009/10,2010-01-26,Adelaide Oval,1,19.6,Australia,Pakistan,MJ Clarke,SE Marsh,Shahid Afridi,1,0,,,,,,,,,
406204,2009/10,2010-01-26,Adelaide Oval,1,20.1,Australia,Pakistan,MJ Clarke,SE Marsh,Naved-ul-Hasan,1,0,,,,,,,,,
406204,2009/10,2010-01-26,Adelaide Oval,1,20.2,Australia,Pakistan,SE Marsh,MJ Clarke,Naved-ul-Hasan,0,0,,,,,,,,,
406204,2009/10,2010-01-26,Adelaide Oval,1,20.3,Australia,Pakistan,SE Marsh,MJ Clarke,Naved-ul-Hasan,0,1,,1,,,,,,,
406204,2009/10,2010-01-26,Adelaide Oval,1,20.4,Australia,Pakistan,SE Marsh,MJ Clarke,Naved-ul-Hasan,2,0,,,,,,,,,
406204,2009/10,2010-01-26,Adelaide Oval,1,20.5,Australia,Pakistan,SE Marsh,MJ Clarke,Naved-ul-Hasan,1,0,,,,,,,,,
406204,2009/10,2010-01-26,Adelaide Oval,1,20.6,Australia,Pakistan,MJ Clarke,SE Marsh,Naved-ul-Hasan,0,0,,,,,,,,,
406204,2009/10,2010-01-26,Adelaide Oval,1,20.7,Australia,Pakistan,MJ Clarke,SE Marsh,Naved-ul-Hasan,1,0,,,,,,,,,
406204,2009/10,2010-01-26,Adelaide Oval,1,21.1,Australia,Pakistan,MJ Clarke,SE Marsh,Saeed Ajmal,1,0,,,,,,,,,
406204,2009/10,2010-01-26,Adelaide Oval,1,21.2,Australia,Pakistan,SE Marsh,MJ Clarke,Saeed Ajmal,0,0,,,,,,,,,
406204,2009/10,2010-01-26,Adelaide Oval,1,21.3,Australia,Pakistan,SE Marsh,MJ Clarke,Saeed Ajmal,1,0,,,,,,,,,
406204,2009/10,2010-01-26,Adelaide Oval,1,21.4,Australia,Pakistan,MJ Clarke,SE Marsh,Saeed Ajmal,0,0,,,,,,,,,
406204,2009/10,2010-01-26,Adelaide Oval,1,21.5,Australia,Pakistan,MJ Clarke,SE Marsh,Saeed Ajmal,1,0,,,,,,,,,
406204,2009/10,2010-01-26,Adelaide Oval,1,21.6,Australia,Pakistan,SE Marsh,MJ Clarke,Saeed Ajmal,1,0,,,,,,,,,
406204,2009/10,2010-01-26,Adelaide Oval,1,22.1,Australia,Pakistan,SE Marsh,MJ Clarke,Naved-ul-Hasan,1,0,,,,,,,,,
406204,2009/10,2010-01-26,Adelaide Oval,1,22.2,Australia,Pakistan,MJ Clarke,SE Marsh,Naved-ul-Hasan,0,0,,,,,,,,,
406204,2009/10,2010-01-26,Adelaide Oval,1,22.3,Australia,Pakistan,MJ Clarke,SE Marsh,Naved-ul-Hasan,2,0,,,,,,,,,
406204,2009/10,2010-01-26,Adelaide Oval,1,22.4,Australia,Pakistan,MJ Clarke,SE Marsh,Naved-ul-Hasan,2,0,,,,,,,,,
406204,2009/10,2010-01-26,Adelaide Oval,1,22.5,Australia,Pakistan,MJ Clarke,SE Marsh,Naved-ul-Hasan,0,0,,,,,,,,,
406204,2009/10,2010-01-26,Adelaide Oval,1,22.6,Australia,Pakistan,MJ Clarke,SE Marsh,Naved-ul-Hasan,1,0,,,,,,,,,
406204,2009/10,2010-01-26,Adelaide Oval,1,23.1,Australia,Pakistan,MJ Clarke,SE Marsh,Saeed Ajmal,1,0,,,,,,,,,
406204,2009/10,2010-01-26,Adelaide Oval,1,23.2,Australia,Pakistan,SE Marsh,MJ Clarke,Saeed Ajmal,0,0,,,,,,,,,
406204,2009/10,2010-01-26,Adelaide Oval,1,23.3,Australia,Pakistan,SE Marsh,MJ Clarke,Saeed Ajmal,0,0,,,,,,,,,
406204,2009/10,2010-01-26,Adelaide Oval,1,23.4,Australia,Pakistan,SE Marsh,MJ Clarke,Saeed Ajmal,0,0,,,,,,,,,
406204,2009/10,2010-01-26,Adelaide Oval,1,23.5,Australia,Pakistan,SE Marsh,MJ Clarke,Saeed Ajmal,1,0,,,,,,,,,
406204,2009/10,2010-01-26,Adelaide Oval,1,23.6,Australia,Pakistan,MJ Clarke,SE Marsh,Saeed Ajmal,0,0,,,,,,,,,
406204,2009/10,2010-01-26,Adelaide Oval,1,24.1,Australia,Pakistan,SE Marsh,MJ Clarke,Shahid Afridi,0,0,,,,,,,,,
406204,2009/10,2010-01-26,Adelaide Oval,1,24.2,Australia,Pakistan,SE Marsh,MJ Clarke,Shahid Afridi,2,0,,,,,,,,,
406204,2009/10,2010-01-26,Adelaide Oval,1,24.3,Australia,Pakistan,SE Marsh,MJ Clarke,Shahid Afridi,4,0,,,,,,,,,
406204,2009/10,2010-01-26,Adelaide Oval,1,24.4,Australia,Pakistan,SE Marsh,MJ Clarke,Shahid Afridi,1,0,,,,,,,,,
406204,2009/10,2010-01-26,Adelaide Oval,1,24.5,Australia,Pakistan,MJ Clarke,SE Marsh,Shahid Afridi,1,0,,,,,,,,,
406204,2009/10,2010-01-26,Adelaide Oval,1,24.6,Australia,Pakistan,SE Marsh,MJ Clarke,Shahid Afridi,1,0,,,,,,,,,
406204,2009/10,2010-01-26,Adelaide Oval,1,25.1,Australia,Pakistan,SE Marsh,MJ Clarke,Saeed Ajmal,0,0,,,,,,,,,
406204,2009/10,2010-01-26,Adelaide Oval,1,25.2,Australia,Pakistan,SE Marsh,MJ Clarke,Saeed Ajmal,0,0,,,,,,,,,
406204,2009/10,2010-01-26,Adelaide Oval,1,25.3,Australia,Pakistan,SE Marsh,MJ Clarke,Saeed Ajmal,0,0,,,,,,,,,
406204,2009/10,2010-01-26,Adelaide Oval,1,25.4,Australia,Pakistan,SE Marsh,MJ Clarke,Saeed Ajmal,0,0,,,,,,,,,
406204,2009/10,2010-01-26,Adelaide Oval,1,25.5,Australia,Pakistan,SE Marsh,MJ Clarke,Saeed Ajmal,1,0,,,,,,,,,
406204,2009/10,2010-01-26,Adelaide Oval,1,25.6,Australia,Pakistan,MJ Clarke,SE Marsh,Saeed Ajmal,1,0,,,,,,,,,
406204,2009/10,2010-01-26,Adelaide Oval,1,26.1,Australia,Pakistan,MJ Clarke,SE Marsh,Shahid Afridi,0,0,,,,,,,,,
406204,2009/10,2010-01-26,Adelaide Oval,1,26.2,Australia,Pakistan,MJ Clarke,SE Marsh,Shahid Afridi,2,0,,,,,,,,,
406204,2009/10,2010-01-26,Adelaide Oval,1,26.3,Australia,Pakistan,MJ Clarke,SE Marsh,Shahid Afridi,1,0,,,,,,,,,
406204,2009/10,2010-01-26,Adelaide Oval,1,26.4,Australia,Pakistan,SE Marsh,MJ Clarke,Shahid Afridi,0,0,,,,,,,,,
406204,2009/10,2010-01-26,Adelaide Oval,1,26.5,Australia,Pakistan,SE Marsh,MJ Clarke,Shahid Afridi,1,0,,,,,,,,,
406204,2009/10,2010-01-26,Adelaide Oval,1,26.6,Australia,Pakistan,MJ Clarke,SE Marsh,Shahid Afridi,1,0,,,,,,,,,
406204,2009/10,2010-01-26,Adelaide Oval,1,27.1,Australia,Pakistan,MJ Clarke,SE Marsh,Saeed Ajmal,1,0,,,,,,,,,
406204,2009/10,2010-01-26,Adelaide Oval,1,27.2,Australia,Pakistan,SE Marsh,MJ Clarke,Saeed Ajmal,0,0,,,,,,,,,
406204,2009/10,2010-01-26,Adelaide Oval,1,27.3,Australia,Pakistan,SE Marsh,MJ Clarke,Saeed Ajmal,0,0,,,,,,,,,
406204,2009/10,2010-01-26,Adelaide Oval,1,27.4,Australia,Pakistan,SE Marsh,MJ Clarke,Saeed Ajmal,0,0,,,,,,,,,
406204,2009/10,2010-01-26,Adelaide Oval,1,27.5,Australia,Pakistan,SE Marsh,MJ Clarke,Saeed Ajmal,0,0,,,,,,,,,
406204,2009/10,2010-01-26,Adelaide Oval,1,27.6,Australia,Pakistan,SE Marsh,MJ Clarke,Saeed Ajmal,1,0,,,,,,,,,
406204,2009/10,2010-01-26,Adelaide Oval,1,28.1,Australia,Pakistan,SE Marsh,MJ Clarke,Shahid Afridi,1,0,,,,,,,,,
406204,2009/10,2010-01-26,Adelaide Oval,1,28.2,Australia,Pakistan,MJ Clarke,SE Marsh,Shahid Afridi,0,0,,,,,,,,,
406204,2009/10,2010-01-26,Adelaide Oval,1,28.3,Australia,Pakistan,MJ Clarke,SE Marsh,Shahid Afridi,1,0,,,,,,,,,
406204,2009/10,2010-01-26,Adelaide Oval,1,28.4,Australia,Pakistan,SE Marsh,MJ Clarke,Shahid Afridi,1,0,,,,,,,,,
406204,2009/10,2010-01-26,Adelaide Oval,1,28.5,Australia,Pakistan,MJ Clarke,SE Marsh,Shahid Afridi,1,0,,,,,,,,,
406204,2009/10,2010-01-26,Adelaide Oval,1,28.6,Australia,Pakistan,SE Marsh,MJ Clarke,Shahid Afridi,1,0,,,,,,,,,
406204,2009/10,2010-01-26,Adelaide Oval,1,29.1,Australia,Pakistan,SE Marsh,MJ Clarke,Saeed Ajmal,1,0,,,,,,,,,
406204,2009/10,2010-01-26,Adelaide Oval,1,29.2,Australia,Pakistan,MJ Clarke,SE Marsh,Saeed Ajmal,0,0,,,,,,,,,
406204,2009/10,2010-01-26,Adelaide Oval,1,29.3,Australia,Pakistan,MJ Clarke,SE Marsh,Saeed Ajmal,1,0,,,,,,,,,
406204,2009/10,2010-01-26,Adelaide Oval,1,29.4,Australia,Pakistan,SE Marsh,MJ Clarke,Saeed Ajmal,2,0,,,,,,,,,
406204,2009/10,2010-01-26,Adelaide Oval,1,29.5,Australia,Pakistan,SE Marsh,MJ Clarke,Saeed Ajmal,1,0,,,,,,,,,
406204,2009/10,2010-01-26,Adelaide Oval,1,29.6,Australia,Pakistan,MJ Clarke,SE Marsh,Saeed Ajmal,1,0,,,,,,,,,
406204,2009/10,2010-01-26,Adelaide Oval,1,30.1,Australia,Pakistan,MJ Clarke,SE Marsh,Shahid Afridi,1,0,,,,,,,,,
406204,2009/10,2010-01-26,Adelaide Oval,1,30.2,Australia,Pakistan,SE Marsh,MJ Clarke,Shahid Afridi,0,0,,,,,,,,,
406204,2009/10,2010-01-26,Adelaide Oval,1,30.3,Australia,Pakistan,SE Marsh,MJ Clarke,Shahid Afridi,0,0,,,,,,,,,
406204,2009/10,2010-01-26,Adelaide Oval,1,30.4,Australia,Pakistan,SE Marsh,MJ Clarke,Shahid Afridi,1,0,,,,,,,,,
406204,2009/10,2010-01-26,Adelaide Oval,1,30.5,Australia,Pakistan,MJ Clarke,SE Marsh,Shahid Afridi,1,0,,,,,,,,,
406204,2009/10,2010-01-26,Adelaide Oval,1,30.6,Australia,Pakistan,SE Marsh,MJ Clarke,Shahid Afridi,0,0,,,,,,,,,
406204,2009/10,2010-01-26,Adelaide Oval,1,31.1,Australia,Pakistan,MJ Clarke,SE Marsh,Saeed Ajmal,1,0,,,,,,,,,
406204,2009/10,2010-01-26,Adelaide Oval,1,31.2,Australia,Pakistan,SE Marsh,MJ Clarke,Saeed Ajmal,1,0,,,,,,,,,
406204,2009/10,2010-01-26,Adelaide Oval,1,31.3,Australia,Pakistan,MJ Clarke,SE Marsh,Saeed Ajmal,1,0,,,,,,,,,
406204,2009/10,2010-01-26,Adelaide Oval,1,31.4,Australia,Pakistan,SE Marsh,MJ Clarke,Saeed Ajmal,0,0,,,,,,,,,
406204,2009/10,2010-01-26,Adelaide Oval,1,31.5,Australia,Pakistan,SE Marsh,MJ Clarke,Saeed Ajmal,0,0,,,,,,,,,
406204,2009/10,2010-01-26,Adelaide Oval,1,31.6,Australia,Pakistan,SE Marsh,MJ Clarke,Saeed Ajmal,0,0,,,,,,stumped,SE Marsh,,
406204,2009/10,2010-01-26,Adelaide Oval,1,32.1,Australia,Pakistan,MJ Clarke,CL White,Shahid Afridi,0,0,,,,,,,,,
406204,2009/10,2010-01-26,Adelaide Oval,1,32.2,Australia,Pakistan,MJ Clarke,CL White,Shahid Afridi,0,0,,,,,,,,,
406204,2009/10,2010-01-26,Adelaide Oval,1,32.3,Australia,Pakistan,MJ Clarke,CL White,Shahid Afridi,1,0,,,,,,,,,
406204,2009/10,2010-01-26,Adelaide Oval,1,32.4,Australia,Pakistan,CL White,MJ Clarke,Shahid Afridi,0,0,,,,,,,,,
406204,2009/10,2010-01-26,Adelaide Oval,1,32.5,Australia,Pakistan,CL White,MJ Clarke,Shahid Afridi,0,0,,,,,,,,,
406204,2009/10,2010-01-26,Adelaide Oval,1,32.6,Australia,Pakistan,CL White,MJ Clarke,Shahid Afridi,0,0,,,,,,,,,
406204,2009/10,2010-01-26,Adelaide Oval,1,33.1,Australia,Pakistan,MJ Clarke,CL White,Saeed Ajmal,1,0,,,,,,,,,
406204,2009/10,2010-01-26,Adelaide Oval,1,33.2,Australia,Pakistan,CL White,MJ Clarke,Saeed Ajmal,0,0,,,,,,,,,
406204,2009/10,2010-01-26,Adelaide Oval,1,33.3,Australia,Pakistan,CL White,MJ Clarke,Saeed Ajmal,1,0,,,,,,,,,
406204,2009/10,2010-01-26,Adelaide Oval,1,33.4,Australia,Pakistan,MJ Clarke,CL White,Saeed Ajmal,1,0,,,,,,,,,
406204,2009/10,2010-01-26,Adelaide Oval,1,33.5,Australia,Pakistan,CL White,MJ Clarke,Saeed Ajmal,0,0,,,,,,,,,
406204,2009/10,2010-01-26,Adelaide Oval,1,33.6,Australia,Pakistan,CL White,MJ Clarke,Saeed Ajmal,0,0,,,,,,,,,
406204,2009/10,2010-01-26,Adelaide Oval,1,34.1,Australia,Pakistan,MJ Clarke,CL White,Shahid Afridi,0,0,,,,,,,,,
406204,2009/10,2010-01-26,Adelaide Oval,1,34.2,Australia,Pakistan,MJ Clarke,CL White,Shahid Afridi,1,0,,,,,,,,,
406204,2009/10,2010-01-26,Adelaide Oval,1,34.3,Australia,Pakistan,CL White,MJ Clarke,Shahid Afridi,1,0,,,,,,,,,
406204,2009/10,2010-01-26,Adelaide Oval,1,34.4,Australia,Pakistan,MJ Clarke,CL White,Shahid Afridi,0,0,,,,,,,,,
406204,2009/10,2010-01-26,Adelaide Oval,1,34.5,Australia,Pakistan,MJ Clarke,CL White,Shahid Afridi,0,0,,,,,,,,,
406204,2009/10,2010-01-26,Adelaide Oval,1,34.6,Australia,Pakistan,MJ Clarke,CL White,Shahid Afridi,1,0,,,,,,,,,
406204,2009/10,2010-01-26,Adelaide Oval,1,35.1,Australia,Pakistan,MJ Clarke,CL White,Mohammad Asif,1,0,,,,,,,,,
406204,2009/10,2010-01-26,Adelaide Oval,1,35.2,Australia,Pakistan,CL White,MJ Clarke,Mohammad Asif,0,0,,,,,,,,,
406204,2009/10,2010-01-26,Adelaide Oval,1,35.3,Australia,Pakistan,CL White,MJ Clarke,Mohammad Asif,1,0,,,,,,,,,
406204,2009/10,2010-01-26,Adelaide Oval,1,35.4,Australia,Pakistan,MJ Clarke,CL White,Mohammad Asif,1,0,,,,,,,,,
406204,2009/10,2010-01-26,Adelaide Oval,1,35.5,Australia,Pakistan,CL White,MJ Clarke,Mohammad Asif,1,0,,,,,,,,,
406204,2009/10,2010-01-26,Adelaide Oval,1,35.6,Australia,Pakistan,MJ Clarke,CL White,Mohammad Asif,1,0,,,,,,,,,
406204,2009/10,2010-01-26,Adelaide Oval,1,36.1,Australia,Pakistan,MJ Clarke,CL White,Shahid Afridi,0,0,,,,,,,,,
406204,2009/10,2010-01-26,Adelaide Oval,1,36.2,Australia,Pakistan,MJ Clarke,CL White,Shahid Afridi,0,0,,,,,,,,,
406204,2009/10,2010-01-26,Adelaide Oval,1,36.3,Australia,Pakistan,MJ Clarke,CL White,Shahid Afridi,1,0,,,,,,,,,
406204,2009/10,2010-01-26,Adelaide Oval,1,36.4,Australia,Pakistan,CL White,MJ Clarke,Shahid Afridi,4,0,,,,,,,,,
406204,2009/10,2010-01-26,Adelaide Oval,1,36.5,Australia,Pakistan,CL White,MJ Clarke,Shahid Afridi,0,0,,,,,,,,,
406204,2009/10,2010-01-26,Adelaide Oval,1,36.6,Australia,Pakistan,CL White,MJ Clarke,Shahid Afridi,1,0,,,,,,,,,
406204,2009/10,2010-01-26,Adelaide Oval,1,37.1,Australia,Pakistan,CL White,MJ Clarke,Mohammad Asif,4,0,,,,,,,,,
406204,2009/10,2010-01-26,Adelaide Oval,1,37.2,Australia,Pakistan,CL White,MJ Clarke,Mohammad Asif,0,0,,,,,,,,,
406204,2009/10,2010-01-26,Adelaide Oval,1,37.3,Australia,Pakistan,CL White,MJ Clarke,Mohammad Asif,1,0,,,,,,,,,
406204,2009/10,2010-01-26,Adelaide Oval,1,37.4,Australia,Pakistan,MJ Clarke,CL White,Mohammad Asif,1,0,,,,,,,,,
406204,2009/10,2010-01-26,Adelaide Oval,1,37.5,Australia,Pakistan,CL White,MJ Clarke,Mohammad Asif,1,0,,,,,,,,,
406204,2009/10,2010-01-26,Adelaide Oval,1,37.6,Australia,Pakistan,MJ Clarke,CL White,Mohammad Asif,1,0,,,,,,,,,
406204,2009/10,2010-01-26,Adelaide Oval,1,38.1,Australia,Pakistan,MJ Clarke,CL White,Shahid Afridi,1,0,,,,,,,,,
406204,2009/10,2010-01-26,Adelaide Oval,1,38.2,Australia,Pakistan,CL White,MJ Clarke,Shahid Afridi,1,0,,,,,,,,,
406204,2009/10,2010-01-26,Adelaide Oval,1,38.3,Australia,Pakistan,MJ Clarke,CL White,Shahid Afridi,2,0,,,,,,,,,
406204,2009/10,2010-01-26,Adelaide Oval,1,38.4,Australia,Pakistan,MJ Clarke,CL White,Shahid Afridi,1,0,,,,,,,,,
406204,2009/10,2010-01-26,Adelaide Oval,1,38.5,Australia,Pakistan,CL White,MJ Clarke,Shahid Afridi,4,0,,,,,,,,,
406204,2009/10,2010-01-26,Adelaide Oval,1,38.6,Australia,Pakistan,CL White,MJ Clarke,Shahid Afridi,1,0,,,,,,,,,
406204,2009/10,2010-01-26,Adelaide Oval,1,39.1,Australia,Pakistan,CL White,MJ Clarke,Saeed Ajmal,0,0,,,,,,,,,
406204,2009/10,2010-01-26,Adelaide Oval,1,39.2,Australia,Pakistan,CL White,MJ Clarke,Saeed Ajmal,1,0,,,,,,,,,
406204,2009/10,2010-01-26,Adelaide Oval,1,39.3,Australia,Pakistan,MJ Clarke,CL White,Saeed Ajmal,1,0,,,,,,,,,
406204,2009/10,2010-01-26,Adelaide Oval,1,39.4,Australia,Pakistan,CL White,MJ Clarke,Saeed Ajmal,1,0,,,,,,,,,
406204,2009/10,2010-01-26,Adelaide Oval,1,39.5,Australia,Pakistan,MJ Clarke,CL White,Saeed Ajmal,0,1,,,,1,,,,,
406204,2009/10,2010-01-26,Adelaide Oval,1,39.6,Australia,Pakistan,CL White,MJ Clarke,Saeed Ajmal,2,0,,,,,,,,,
406204,2009/10,2010-01-26,Adelaide Oval,1,40.1,Australia,Pakistan,MJ Clarke,CL White,Naved-ul-Hasan,2,0,,,,,,,,,
406204,2009/10,2010-01-26,Adelaide Oval,1,40.2,Australia,Pakistan,MJ Clarke,CL White,Naved-ul-Hasan,0,0,,,,,,,,,
406204,2009/10,2010-01-26,Adelaide Oval,1,40.3,Australia,Pakistan,MJ Clarke,CL White,Naved-ul-Hasan,0,0,,,,,,,,,
406204,2009/10,2010-01-26,Adelaide Oval,1,40.4,Australia,Pakistan,MJ Clarke,CL White,Naved-ul-Hasan,0,0,,,,,,,,,
406204,2009/10,2010-01-26,Adelaide Oval,1,40.5,Australia,Pakistan,MJ Clarke,CL White,Naved-ul-Hasan,3,0,,,,,,,,,
406204,2009/10,2010-01-26,Adelaide Oval,1,40.6,Australia,Pakistan,CL White,MJ Clarke,Naved-ul-Hasan,1,0,,,,,,,,,
406204,2009/10,2010-01-26,Adelaide Oval,1,41.1,Australia,Pakistan,CL White,MJ Clarke,Saeed Ajmal,0,0,,,,,,,,,
406204,2009/10,2010-01-26,Adelaide Oval,1,41.2,Australia,Pakistan,CL White,MJ Clarke,Saeed Ajmal,1,0,,,,,,,,,
406204,2009/10,2010-01-26,Adelaide Oval,1,41.3,Australia,Pakistan,MJ Clarke,CL White,Saeed Ajmal,1,0,,,,,,,,,
406204,2009/10,2010-01-26,Adelaide Oval,1,41.4,Australia,Pakistan,CL White,MJ Clarke,Saeed Ajmal,1,0,,,,,,,,,
406204,2009/10,2010-01-26,Adelaide Oval,1,41.5,Australia,Pakistan,MJ Clarke,CL White,Saeed Ajmal,1,0,,,,,,,,,
406204,2009/10,2010-01-26,Adelaide Oval,1,41.6,Australia,Pakistan,CL White,MJ Clarke,Saeed Ajmal,0,0,,,,,,,,,
406204,2009/10,2010-01-26,Adelaide Oval,1,42.1,Australia,Pakistan,MJ Clarke,CL White,Naved-ul-Hasan,0,0,,,,,,,,,
406204,2009/10,2010-01-26,Adelaide Oval,1,42.2,Australia,Pakistan,MJ Clarke,CL White,Naved-ul-Hasan,2,0,,,,,,,,,
406204,2009/10,2010-01-26,Adelaide Oval,1,42.3,Australia,Pakistan,MJ Clarke,CL White,Naved-ul-Hasan,1,0,,,,,,,,,
406204,2009/10,2010-01-26,Adelaide Oval,1,42.4,Australia,Pakistan,CL White,MJ Clarke,Naved-ul-Hasan,0,0,,,,,,caught,CL White,,
406204,2009/10,2010-01-26,Adelaide Oval,1,42.5,Australia,Pakistan,MEK Hussey,MJ Clarke,Naved-ul-Hasan,0,0,,,,,,,,,
406204,2009/10,2010-01-26,Adelaide Oval,1,42.6,Australia,Pakistan,MEK Hussey,MJ Clarke,Naved-ul-Hasan,0,0,,,,,,,,,
406204,2009/10,2010-01-26,Adelaide Oval,1,43.1,Australia,Pakistan,MJ Clarke,MEK Hussey,Umar Gul,4,0,,,,,,,,,
406204,2009/10,2010-01-26,Adelaide Oval,1,43.2,Australia,Pakistan,MJ Clarke,MEK Hussey,Umar Gul,4,0,,,,,,,,,
406204,2009/10,2010-01-26,Adelaide Oval,1,43.3,Australia,Pakistan,MJ Clarke,MEK Hussey,Umar Gul,1,0,,,,,,,,,
406204,2009/10,2010-01-26,Adelaide Oval,1,43.4,Australia,Pakistan,MEK Hussey,MJ Clarke,Umar Gul,1,0,,,,,,,,,
406204,2009/10,2010-01-26,Adelaide Oval,1,43.5,Australia,Pakistan,MJ Clarke,MEK Hussey,Umar Gul,1,0,,,,,,,,,
406204,2009/10,2010-01-26,Adelaide Oval,1,43.6,Australia,Pakistan,MEK Hussey,MJ Clarke,Umar Gul,1,0,,,,,,,,,
406204,2009/10,2010-01-26,Adelaide Oval,1,44.1,Australia,Pakistan,MEK Hussey,MJ Clarke,Saeed Ajmal,2,0,,,,,,,,,
406204,2009/10,2010-01-26,Adelaide Oval,1,44.2,Australia,Pakistan,MEK Hussey,MJ Clarke,Saeed Ajmal,0,0,,,,,,,,,
406204,2009/10,2010-01-26,Adelaide Oval,1,44.3,Australia,Pakistan,MEK Hussey,MJ Clarke,Saeed Ajmal,4,0,,,,,,,,,
406204,2009/10,2010-01-26,Adelaide Oval,1,44.4,Australia,Pakistan,MEK Hussey,MJ Clarke,Saeed Ajmal,4,0,,,,,,,,,
406204,2009/10,2010-01-26,Adelaide Oval,1,44.5,Australia,Pakistan,MEK Hussey,MJ Clarke,Saeed Ajmal,0,0,,,,,,,,,
406204,2009/10,2010-01-26,Adelaide Oval,1,44.6,Australia,Pakistan,MEK Hussey,MJ Clarke,Saeed Ajmal,0,0,,,,,,,,,
406204,2009/10,2010-01-26,Adelaide Oval,1,45.1,Australia,Pakistan,MJ Clarke,MEK Hussey,Umar Gul,0,0,,,,,,,,,
406204,2009/10,2010-01-26,Adelaide Oval,1,45.2,Australia,Pakistan,MJ Clarke,MEK Hussey,Umar Gul,2,0,,,,,,,,,
406204,2009/10,2010-01-26,Adelaide Oval,1,45.3,Australia,Pakistan,MJ Clarke,MEK Hussey,Umar Gul,0,2,2,,,,,,,,
406204,2009/10,2010-01-26,Adelaide Oval,1,45.4,Australia,Pakistan,MEK Hussey,MJ Clarke,Umar Gul,4,0,,,,,,,,,
406204,2009/10,2010-01-26,Adelaide Oval,1,45.5,Australia,Pakistan,MEK Hussey,MJ Clarke,Umar Gul,1,0,,,,,,,,,
406204,2009/10,2010-01-26,Adelaide Oval,1,45.6,Australia,Pakistan,MJ Clarke,MEK Hussey,Umar Gul,1,0,,,,,,,,,
406204,2009/10,2010-01-26,Adelaide Oval,1,45.7,Australia,Pakistan,MEK Hussey,MJ Clarke,Umar Gul,2,0,,,,,,,,,
406204,2009/10,2010-01-26,Adelaide Oval,1,46.1,Australia,Pakistan,MJ Clarke,MEK Hussey,Naved-ul-Hasan,1,0,,,,,,,,,
406204,2009/10,2010-01-26,Adelaide Oval,1,46.2,Australia,Pakistan,MEK Hussey,MJ Clarke,Naved-ul-Hasan,2,0,,,,,,,,,
406204,2009/10,2010-01-26,Adelaide Oval,1,46.3,Australia,Pakistan,MEK Hussey,MJ Clarke,Naved-ul-Hasan,0,1,1,,,,,,,,
406204,2009/10,2010-01-26,Adelaide Oval,1,46.4,Australia,Pakistan,MEK Hussey,MJ Clarke,Naved-ul-Hasan,4,0,,,,,,,,,
406204,2009/10,2010-01-26,Adelaide Oval,1,46.5,Australia,Pakistan,MEK Hussey,MJ Clarke,Naved-ul-Hasan,0,0,,,,,,,,,
406204,2009/10,2010-01-26,Adelaide Oval,1,46.6,Australia,Pakistan,MEK Hussey,MJ Clarke,Naved-ul-Hasan,3,0,,,,,,,,,
406204,2009/10,2010-01-26,Adelaide Oval,1,46.7,Australia,Pakistan,MJ Clarke,MEK Hussey,Naved-ul-Hasan,1,0,,,,,,,,,
406204,2009/10,2010-01-26,Adelaide Oval,1,47.1,Australia,Pakistan,MJ Clarke,MEK Hussey,Umar Gul,4,0,,,,,,,,,
406204,2009/10,2010-01-26,Adelaide Oval,1,47.2,Australia,Pakistan,MJ Clarke,MEK Hussey,Umar Gul,2,1,,1,,,,,,,
406204,2009/10,2010-01-26,Adelaide Oval,1,47.3,Australia,Pakistan,MJ Clarke,MEK Hussey,Umar Gul,0,2,,2,,,,,,,
406204,2009/10,2010-01-26,Adelaide Oval,1,47.4,Australia,Pakistan,MEK Hussey,MJ Clarke,Umar Gul,2,1,,1,,,,,,,
406204,2009/10,2010-01-26,Adelaide Oval,1,47.5,Australia,Pakistan,MEK Hussey,MJ Clarke,Umar Gul,1,0,,,,,,,,,
406204,2009/10,2010-01-26,Adelaide Oval,1,47.6,Australia,Pakistan,MJ Clarke,MEK Hussey,Umar Gul,1,0,,,,,,,,,
406204,2009/10,2010-01-26,Adelaide Oval,1,47.7,Australia,Pakistan,MEK Hussey,MJ Clarke,Umar Gul,6,0,,,,,,,,,
406204,2009/10,2010-01-26,Adelaide Oval,1,47.8,Australia,Pakistan,MEK Hussey,MJ Clarke,Umar Gul,2,0,,,,,,,,,
406204,2009/10,2010-01-26,Adelaide Oval,1,47.9,Australia,Pakistan,MEK Hussey,MJ Clarke,Umar Gul,1,0,,,,,,,,,
406204,2009/10,2010-01-26,Adelaide Oval,1,48.1,Australia,Pakistan,MEK Hussey,MJ Clarke,Naved-ul-Hasan,2,0,,,,,,,,,
406204,2009/10,2010-01-26,Adelaide Oval,1,48.2,Australia,Pakistan,MEK Hussey,MJ Clarke,Naved-ul-Hasan,4,0,,,,,,,,,
406204,2009/10,2010-01-26,Adelaide Oval,1,48.3,Australia,Pakistan,MEK Hussey,MJ Clarke,Naved-ul-Hasan,1,0,,,,,,,,,
406204,2009/10,2010-01-26,Adelaide Oval,1,48.4,Australia,Pakistan,MJ Clarke,MEK Hussey,Naved-ul-Hasan,0,0,,,,,,,,,
406204,2009/10,2010-01-26,Adelaide Oval,1,48.5,Australia,Pakistan,MJ Clarke,MEK Hussey,Naved-ul-Hasan,1,0,,,,,,,,,
406204,2009/10,2010-01-26,Adelaide Oval,1,48.6,Australia,Pakistan,MEK Hussey,MJ Clarke,Naved-ul-Hasan,2,0,,,,,,,,,
406204,2009/10,2010-01-26,Adelaide Oval,1,49.1,Australia,Pakistan,MJ Clarke,MEK Hussey,Umar Gul,1,0,,,,,,,,,
406204,2009/10,2010-01-26,Adelaide Oval,1,49.2,Australia,Pakistan,MEK Hussey,MJ Clarke,Umar Gul,0,0,,,,,,,,,
406204,2009/10,2010-01-26,Adelaide Oval,1,49.3,Australia,Pakistan,MEK Hussey,MJ Clarke,Umar Gul,0,0,,,,,,caught,MEK Hussey,,
406204,2009/10,2010-01-26,Adelaide Oval,1,49.4,Australia,Pakistan,MJ Clarke,BJ Haddin,Umar Gul,0,0,,,,,,bowled,MJ Clarke,,
406204,2009/10,2010-01-26,Adelaide Oval,1,49.5,Australia,Pakistan,NM Hauritz,BJ Haddin,Umar Gul,0,1,,,1,,,,,,
406204,2009/10,2010-01-26,Adelaide Oval,1,49.6,Australia,Pakistan,BJ Haddin,NM Hauritz,Umar Gul,1,0,,,,,,,,,
406204,2009/10,2010-01-26,Adelaide Oval,2,0.1,Pakistan,Australia,Salman Butt,Kamran Akmal,DE Bollinger,0,0,,,,,,,,,
406204,2009/10,2010-01-26,Adelaide Oval,2,0.2,Pakistan,Australia,Salman Butt,Kamran Akmal,DE Bollinger,4,0,,,,,,,,,
406204,2009/10,2010-01-26,Adelaide Oval,2,0.3,Pakistan,Australia,Salman Butt,Kamran Akmal,DE Bollinger,0,0,,,,,,,,,
406204,2009/10,2010-01-26,Adelaide Oval,2,0.4,Pakistan,Australia,Salman Butt,Kamran Akmal,DE Bollinger,0,0,,,,,,,,,
406204,2009/10,2010-01-26,Adelaide Oval,2,0.5,Pakistan,Australia,Salman Butt,Kamran Akmal,DE Bollinger,0,0,,,,,,,,,
406204,2009/10,2010-01-26,Adelaide Oval,2,0.6,Pakistan,Australia,Salman Butt,Kamran Akmal,DE Bollinger,4,0,,,,,,,,,
406204,2009/10,2010-01-26,Adelaide Oval,2,1.1,Pakistan,Australia,Kamran Akmal,Salman Butt,RJ Harris,1,0,,,,,,,,,
406204,2009/10,2010-01-26,Adelaide Oval,2,1.2,Pakistan,Australia,Salman Butt,Kamran Akmal,RJ Harris,4,0,,,,,,,,,
406204,2009/10,2010-01-26,Adelaide Oval,2,1.3,Pakistan,Australia,Salman Butt,Kamran Akmal,RJ Harris,0,0,,,,,,,,,
406204,2009/10,2010-01-26,Adelaide Oval,2,1.4,Pakistan,Australia,Salman Butt,Kamran Akmal,RJ Harris,0,0,,,,,,,,,
406204,2009/10,2010-01-26,Adelaide Oval,2,1.5,Pakistan,Australia,Salman Butt,Kamran Akmal,RJ Harris,1,0,,,,,,,,,
406204,2009/10,2010-01-26,Adelaide Oval,2,1.6,Pakistan,Australia,Kamran Akmal,Salman Butt,RJ Harris,0,0,,,,,,lbw,Kamran Akmal,,
406204,2009/10,2010-01-26,Adelaide Oval,2,2.1,Pakistan,Australia,Salman Butt,Younis Khan,DE Bollinger,0,0,,,,,,,,,
406204,2009/10,2010-01-26,Adelaide Oval,2,2.2,Pakistan,Australia,Salman Butt,Younis Khan,DE Bollinger,1,0,,,,,,,,,
406204,2009/10,2010-01-26,Adelaide Oval,2,2.3,Pakistan,Australia,Younis Khan,Salman Butt,DE Bollinger,0,0,,,,,,,,,
406204,2009/10,2010-01-26,Adelaide Oval,2,2.4,Pakistan,Australia,Younis Khan,Salman Butt,DE Bollinger,0,0,,,,,,,,,
406204,2009/10,2010-01-26,Adelaide Oval,2,2.5,Pakistan,Australia,Younis Khan,Salman Butt,DE Bollinger,0,0,,,,,,,,,
406204,2009/10,2010-01-26,Adelaide Oval,2,2.6,Pakistan,Australia,Younis Khan,Salman Butt,DE Bollinger,0,0,,,,,,,,,
406204,2009/10,2010-01-26,Adelaide Oval,2,3.1,Pakistan,Australia,Salman Butt,Younis Khan,RJ Harris,0,0,,,,,,,,,
406204,2009/10,2010-01-26,Adelaide Oval,2,3.2,Pakistan,Australia,Salman Butt,Younis Khan,RJ Harris,1,0,,,,,,,,,
406204,2009/10,2010-01-26,Adelaide Oval,2,3.3,Pakistan,Australia,Younis Khan,Salman Butt,RJ Harris,0,0,,,,,,,,,
406204,2009/10,2010-01-26,Adelaide Oval,2,3.4,Pakistan,Australia,Younis Khan,Salman Butt,RJ Harris,0,0,,,,,,,,,
406204,2009/10,2010-01-26,Adelaide Oval,2,3.5,Pakistan,Australia,Younis Khan,Salman Butt,RJ Harris,0,0,,,,,,,,,
406204,2009/10,2010-01-26,Adelaide Oval,2,3.6,Pakistan,Australia,Younis Khan,Salman Butt,RJ Harris,0,0,,,,,,,,,
406204,2009/10,2010-01-26,Adelaide Oval,2,4.1,Pakistan,Australia,Salman Butt,Younis Khan,DE Bollinger,3,0,,,,,,,,,
406204,2009/10,2010-01-26,Adelaide Oval,2,4.2,Pakistan,Australia,Younis Khan,Salman Butt,DE Bollinger,0,0,,,,,,,,,
406204,2009/10,2010-01-26,Adelaide Oval,2,4.3,Pakistan,Australia,Younis Khan,Salman Butt,DE Bollinger,0,0,,,,,,,,,
406204,2009/10,2010-01-26,Adelaide Oval,2,4.4,Pakistan,Australia,Younis Khan,Salman Butt,DE Bollinger,0,0,,,,,,,,,
406204,2009/10,2010-01-26,Adelaide Oval,2,4.5,Pakistan,Australia,Younis Khan,Salman Butt,DE Bollinger,0,0,,,,,,,,,
406204,2009/10,2010-01-26,Adelaide Oval,2,4.6,Pakistan,Australia,Younis Khan,Salman Butt,DE Bollinger,0,0,,,,,,,,,
406204,2009/10,2010-01-26,Adelaide Oval,2,5.1,Pakistan,Australia,Salman Butt,Younis Khan,RJ Harris,0,0,,,,,,,,,
406204,2009/10,2010-01-26,Adelaide Oval,2,5.2,Pakistan,Australia,Salman Butt,Younis Khan,RJ Harris,1,0,,,,,,,,,
406204,2009/10,2010-01-26,Adelaide Oval,2,5.3,Pakistan,Australia,Younis Khan,Salman Butt,RJ Harris,0,0,,,,,,,,,
406204,2009/10,2010-01-26,Adelaide Oval,2,5.4,Pakistan,Australia,Younis Khan,Salman Butt,RJ Harris,0,0,,,,,,,,,
406204,2009/10,2010-01-26,Adelaide Oval,2,5.5,Pakistan,Australia,Younis Khan,Salman Butt,RJ Harris,0,0,,,,,,,,,
406204,2009/10,2010-01-26,Adelaide Oval,2,5.6,Pakistan,Australia,Younis Khan,Salman Butt,RJ Harris,0,0,,,,,,,,,
406204,2009/10,2010-01-26,Adelaide Oval,2,6.1,Pakistan,Australia,Salman Butt,Younis Khan,SR Watson,0,0,,,,,,,,,
406204,2009/10,2010-01-26,Adelaide Oval,2,6.2,Pakistan,Australia,Salman Butt,Younis Khan,SR Watson,0,0,,,,,,,,,
406204,2009/10,2010-01-26,Adelaide Oval,2,6.3,Pakistan,Australia,Salman Butt,Younis Khan,SR Watson,0,0,,,,,,,,,
406204,2009/10,2010-01-26,Adelaide Oval,2,6.4,Pakistan,Australia,Salman Butt,Younis Khan,SR Watson,0,0,,,,,,,,,
406204,2009/10,2010-01-26,Adelaide Oval,2,6.5,Pakistan,Australia,Salman Butt,Younis Khan,SR Watson,4,0,,,,,,,,,
406204,2009/10,2010-01-26,Adelaide Oval,2,6.6,Pakistan,Australia,Salman Butt,Younis Khan,SR Watson,2,0,,,,,,,,,
406204,2009/10,2010-01-26,Adelaide Oval,2,7.1,Pakistan,Australia,Younis Khan,Salman Butt,RJ Harris,0,0,,,,,,,,,
406204,2009/10,2010-01-26,Adelaide Oval,2,7.2,Pakistan,Australia,Younis Khan,Salman Butt,RJ Harris,0,0,,,,,,,,,
406204,2009/10,2010-01-26,Adelaide Oval,2,7.3,Pakistan,Australia,Younis Khan,Salman Butt,RJ Harris,1,0,,,,,,,,,
406204,2009/10,2010-01-26,Adelaide Oval,2,7.4,Pakistan,Australia,Salman Butt,Younis Khan,RJ Harris,0,0,,,,,,,,,
406204,2009/10,2010-01-26,Adelaide Oval,2,7.5,Pakistan,Australia,Salman Butt,Younis Khan,RJ Harris,0,0,,,,,,,,,
406204,2009/10,2010-01-26,Adelaide Oval,2,7.6,Pakistan,Australia,Salman Butt,Younis Khan,RJ Harris,4,0,,,,,,,,,
406204,2009/10,2010-01-26,Adelaide Oval,2,8.1,Pakistan,Australia,Younis Khan,Salman Butt,SR Watson,4,0,,,,,,,,,
406204,2009/10,2010-01-26,Adelaide Oval,2,8.2,Pakistan,Australia,Younis Khan,Salman Butt,SR Watson,0,0,,,,,,,,,
406204,2009/10,2010-01-26,Adelaide Oval,2,8.3,Pakistan,Australia,Younis Khan,Salman Butt,SR Watson,0,0,,,,,,,,,
406204,2009/10,2010-01-26,Adelaide Oval,2,8.4,Pakistan,Australia,Younis Khan,Salman Butt,SR Watson,0,0,,,,,,,,,
406204,2009/10,2010-01-26,Adelaide Oval,2,8.5,Pakistan,Australia,Younis Khan,Salman Butt,SR Watson,0,0,,,,,,,,,
406204,2009/10,2010-01-26,Adelaide Oval,2,8.6,Pakistan,Australia,Younis Khan,Salman Butt,SR Watson,4,0,,,,,,,,,
406204,2009/10,2010-01-26,Adelaide Oval,2,9.1,Pakistan,Australia,Salman Butt,Younis Khan,RJ Harris,0,0,,,,,,,,,
406204,2009/10,2010-01-26,Adelaide Oval,2,9.2,Pakistan,Australia,Salman Butt,Younis Khan,RJ Harris,2,0,,,,,,,,,
406204,2009/10,2010-01-26,Adelaide Oval,2,9.3,Pakistan,Australia,Salman Butt,Younis Khan,RJ Harris,0,0,,,,,,,,,
406204,2009/10,2010-01-26,Adelaide Oval,2,9.4,Pakistan,Australia,Salman Butt,Younis Khan,RJ Harris,0,0,,,,,,,,,
406204,2009/10,2010-01-26,Adelaide Oval,2,9.5,Pakistan,Australia,Salman Butt,Younis Khan,RJ Harris,0,0,,,,,,,,,
406204,2009/10,2010-01-26,Adelaide Oval,2,9.6,Pakistan,Australia,Salman Butt,Younis Khan,RJ Harris,1,0,,,,,,,,,
406204,2009/10,2010-01-26,Adelaide Oval,2,10.1,Pakistan,Australia,Salman Butt,Younis Khan,SR Watson,0,0,,,,,,,,,
406204,2009/10,2010-01-26,Adelaide Oval,2,10.2,Pakistan,Australia,Salman Butt,Younis Khan,SR Watson,1,0,,,,,,,,,
406204,2009/10,2010-01-26,Adelaide Oval,2,10.3,Pakistan,Australia,Younis Khan,Salman Butt,SR Watson,1,0,,,,,,,,,
406204,2009/10,2010-01-26,Adelaide Oval,2,10.4,Pakistan,Australia,Salman Butt,Younis Khan,SR Watson,0,0,,,,,,,,,
406204,2009/10,2010-01-26,Adelaide Oval,2,10.5,Pakistan,Australia,Salman Butt,Younis Khan,SR Watson,1,0,,,,,,,,,
406204,2009/10,2010-01-26,Adelaide Oval,2,10.6,Pakistan,Australia,Younis Khan,Salman Butt,SR Watson,2,0,,,,,,,,,
406204,2009/10,2010-01-26,Adelaide Oval,2,11.1,Pakistan,Australia,Salman Butt,Younis Khan,CJ McKay,0,0,,,,,,,,,
406204,2009/10,2010-01-26,Adelaide Oval,2,11.2,Pakistan,Australia,Salman Butt,Younis Khan,CJ McKay,0,0,,,,,,,,,
406204,2009/10,2010-01-26,Adelaide Oval,2,11.3,Pakistan,Australia,Salman Butt,Younis Khan,CJ McKay,0,0,,,,,,lbw,Salman Butt,,
406204,2009/10,2010-01-26,Adelaide Oval,2,11.4,Pakistan,Australia,Mohammad Yousuf,Younis Khan,CJ McKay,0,0,,,,,,,,,
406204,2009/10,2010-01-26,Adelaide Oval,2,11.5,Pakistan,Australia,Mohammad Yousuf,Younis Khan,CJ McKay,4,0,,,,,,,,,
406204,2009/10,2010-01-26,Adelaide Oval,2,11.6,Pakistan,Australia,Mohammad Yousuf,Younis Khan,CJ McKay,3,0,,,,,,,,,
406204,2009/10,2010-01-26,Adelaide Oval,2,12.1,Pakistan,Australia,Mohammad Yousuf,Younis Khan,SR Watson,0,0,,,,,,,,,
406204,2009/10,2010-01-26,Adelaide Oval,2,12.2,Pakistan,Australia,Mohammad Yousuf,Younis Khan,SR Watson,4,0,,,,,,,,,
406204,2009/10,2010-01-26,Adelaide Oval,2,12.3,Pakistan,Australia,Mohammad Yousuf,Younis Khan,SR Watson,0,0,,,,,,,,,
406204,2009/10,2010-01-26,Adelaide Oval,2,12.4,Pakistan,Australia,Mohammad Yousuf,Younis Khan,SR Watson,0,0,,,,,,,,,
406204,2009/10,2010-01-26,Adelaide Oval,2,12.5,Pakistan,Australia,Mohammad Yousuf,Younis Khan,SR Watson,0,0,,,,,,bowled,Mohammad Yousuf,,
406204,2009/10,2010-01-26,Adelaide Oval,2,12.6,Pakistan,Australia,Umar Akmal,Younis Khan,SR Watson,2,0,,,,,,,,,
406204,2009/10,2010-01-26,Adelaide Oval,2,13.1,Pakistan,Australia,Younis Khan,Umar Akmal,CJ McKay,0,0,,,,,,,,,
406204,2009/10,2010-01-26,Adelaide Oval,2,13.2,Pakistan,Australia,Younis Khan,Umar Akmal,CJ McKay,0,0,,,,,,,,,
406204,2009/10,2010-01-26,Adelaide Oval,2,13.3,Pakistan,Australia,Younis Khan,Umar Akmal,CJ McKay,0,0,,,,,,caught,Younis Khan,,
406204,2009/10,2010-01-26,Adelaide Oval,2,13.4,Pakistan,Australia,Fawad Alam,Umar Akmal,CJ McKay,0,0,,,,,,,,,
406204,2009/10,2010-01-26,Adelaide Oval,2,13.5,Pakistan,Australia,Fawad Alam,Umar Akmal,CJ McKay,0,0,,,,,,,,,
406204,2009/10,2010-01-26,Adelaide Oval,2,13.6,Pakistan,Australia,Fawad Alam,Umar Akmal,CJ McKay,0,0,,,,,,,,,
406204,2009/10,2010-01-26,Adelaide Oval,2,14.1,Pakistan,Australia,Umar Akmal,Fawad Alam,DE Bollinger,0,0,,,,,,,,,
406204,2009/10,2010-01-26,Adelaide Oval,2,14.2,Pakistan,Australia,Umar Akmal,Fawad Alam,DE Bollinger,2,0,,,,,,,,,
406204,2009/10,2010-01-26,Adelaide Oval,2,14.3,Pakistan,Australia,Umar Akmal,Fawad Alam,DE Bollinger,0,0,,,,,,,,,
406204,2009/10,2010-01-26,Adelaide Oval,2,14.4,Pakistan,Australia,Umar Akmal,Fawad Alam,DE Bollinger,0,1,1,,,,,,,,
406204,2009/10,2010-01-26,Adelaide Oval,2,14.5,Pakistan,Australia,Umar Akmal,Fawad Alam,DE Bollinger,0,0,,,,,,,,,
406204,2009/10,2010-01-26,Adelaide Oval,2,14.6,Pakistan,Australia,Umar Akmal,Fawad Alam,DE Bollinger,0,0,,,,,,,,,
406204,2009/10,2010-01-26,Adelaide Oval,2,14.7,Pakistan,Australia,Umar Akmal,Fawad Alam,DE Bollinger,1,0,,,,,,,,,
406204,2009/10,2010-01-26,Adelaide Oval,2,15.1,Pakistan,Australia,Umar Akmal,Fawad Alam,CJ McKay,0,0,,,,,,,,,
406204,2009/10,2010-01-26,Adelaide Oval,2,15.2,Pakistan,Australia,Umar Akmal,Fawad Alam,CJ McKay,0,0,,,,,,,,,
406204,2009/10,2010-01-26,Adelaide Oval,2,15.3,Pakistan,Australia,Umar Akmal,Fawad Alam,CJ McKay,2,0,,,,,,,,,
406204,2009/10,2010-01-26,Adelaide Oval,2,15.4,Pakistan,Australia,Umar Akmal,Fawad Alam,CJ McKay,1,0,,,,,,,,,
406204,2009/10,2010-01-26,Adelaide Oval,2,15.5,Pakistan,Australia,Fawad Alam,Umar Akmal,CJ McKay,0,0,,,,,,,,,
406204,2009/10,2010-01-26,Adelaide Oval,2,15.6,Pakistan,Australia,Fawad Alam,Umar Akmal,CJ McKay,0,0,,,,,,,,,
406204,2009/10,2010-01-26,Adelaide Oval,2,16.1,Pakistan,Australia,Umar Akmal,Fawad Alam,DE Bollinger,0,0,,,,,,,,,
406204,2009/10,2010-01-26,Adelaide Oval,2,16.2,Pakistan,Australia,Umar Akmal,Fawad Alam,DE Bollinger,0,0,,,,,,,,,
406204,2009/10,2010-01-26,Adelaide Oval,2,16.3,Pakistan,Australia,Umar Akmal,Fawad Alam,DE Bollinger,0,0,,,,,,,,,
406204,2009/10,2010-01-26,Adelaide Oval,2,16.4,Pakistan,Australia,Umar Akmal,Fawad Alam,DE Bollinger,0,0,,,,,,,,,
406204,2009/10,2010-01-26,Adelaide Oval,2,16.5,Pakistan,Australia,Umar Akmal,Fawad Alam,DE Bollinger,0,0,,,,,,,,,
406204,2009/10,2010-01-26,Adelaide Oval,2,16.6,Pakistan,Australia,Umar Akmal,Fawad Alam,DE Bollinger,1,0,,,,,,,,,
406204,2009/10,2010-01-26,Adelaide Oval,2,17.1,Pakistan,Australia,Umar Akmal,Fawad Alam,NM Hauritz,2,0,,,,,,,,,
406204,2009/10,2010-01-26,Adelaide Oval,2,17.2,Pakistan,Australia,Umar Akmal,Fawad Alam,NM Hauritz,1,0,,,,,,,,,
406204,2009/10,2010-01-26,Adelaide Oval,2,17.3,Pakistan,Australia,Fawad Alam,Umar Akmal,NM Hauritz,0,0,,,,,,,,,
406204,2009/10,2010-01-26,Adelaide Oval,2,17.4,Pakistan,Australia,Fawad Alam,Umar Akmal,NM Hauritz,1,0,,,,,,,,,
406204,2009/10,2010-01-26,Adelaide Oval,2,17.5,Pakistan,Australia,Umar Akmal,Fawad Alam,NM Hauritz,0,0,,,,,,,,,
406204,2009/10,2010-01-26,Adelaide Oval,2,17.6,Pakistan,Australia,Umar Akmal,Fawad Alam,NM Hauritz,1,0,,,,,,,,,
406204,2009/10,2010-01-26,Adelaide Oval,2,18.1,Pakistan,Australia,Umar Akmal,Fawad Alam,CJ McKay,0,0,,,,,,,,,
406204,2009/10,2010-01-26,Adelaide Oval,2,18.2,Pakistan,Australia,Umar Akmal,Fawad Alam,CJ McKay,0,0,,,,,,,,,
406204,2009/10,2010-01-26,Adelaide Oval,2,18.3,Pakistan,Australia,Umar Akmal,Fawad Alam,CJ McKay,1,0,,,,,,,,,
406204,2009/10,2010-01-26,Adelaide Oval,2,18.4,Pakistan,Australia,Fawad Alam,Umar Akmal,CJ McKay,0,0,,,,,,,,,
406204,2009/10,2010-01-26,Adelaide Oval,2,18.5,Pakistan,Australia,Fawad Alam,Umar Akmal,CJ McKay,1,0,,,,,,,,,
406204,2009/10,2010-01-26,Adelaide Oval,2,18.6,Pakistan,Australia,Umar Akmal,Fawad Alam,CJ McKay,1,0,,,,,,,,,
406204,2009/10,2010-01-26,Adelaide Oval,2,19.1,Pakistan,Australia,Umar Akmal,Fawad Alam,NM Hauritz,2,0,,,,,,,,,
406204,2009/10,2010-01-26,Adelaide Oval,2,19.2,Pakistan,Australia,Umar Akmal,Fawad Alam,NM Hauritz,2,0,,,,,,,,,
406204,2009/10,2010-01-26,Adelaide Oval,2,19.3,Pakistan,Australia,Umar Akmal,Fawad Alam,NM Hauritz,0,0,,,,,,,,,
406204,2009/10,2010-01-26,Adelaide Oval,2,19.4,Pakistan,Australia,Umar Akmal,Fawad Alam,NM Hauritz,0,0,,,,,,,,,
406204,2009/10,2010-01-26,Adelaide Oval,2,19.5,Pakistan,Australia,Umar Akmal,Fawad Alam,NM Hauritz,1,0,,,,,,,,,
406204,2009/10,2010-01-26,Adelaide Oval,2,19.6,Pakistan,Australia,Fawad Alam,Umar Akmal,NM Hauritz,0,0,,,,,,,,,
406204,2009/10,2010-01-26,Adelaide Oval,2,20.1,Pakistan,Australia,Umar Akmal,Fawad Alam,CJ McKay,0,0,,,,,,,,,
406204,2009/10,2010-01-26,Adelaide Oval,2,20.2,Pakistan,Australia,Umar Akmal,Fawad Alam,CJ McKay,1,0,,,,,,,,,
406204,2009/10,2010-01-26,Adelaide Oval,2,20.3,Pakistan,Australia,Fawad Alam,Umar Akmal,CJ McKay,1,0,,,,,,,,,
406204,2009/10,2010-01-26,Adelaide Oval,2,20.4,Pakistan,Australia,Umar Akmal,Fawad Alam,CJ McKay,0,0,,,,,,,,,
406204,2009/10,2010-01-26,Adelaide Oval,2,20.5,Pakistan,Australia,Umar Akmal,Fawad Alam,CJ McKay,0,1,1,,,,,,,,
406204,2009/10,2010-01-26,Adelaide Oval,2,20.6,Pakistan,Australia,Umar Akmal,Fawad Alam,CJ McKay,1,0,,,,,,,,,
406204,2009/10,2010-01-26,Adelaide Oval,2,20.7,Pakistan,Australia,Fawad Alam,Umar Akmal,CJ McKay,2,0,,,,,,,,,
406204,2009/10,2010-01-26,Adelaide Oval,2,21.1,Pakistan,Australia,Umar Akmal,Fawad Alam,NM Hauritz,2,0,,,,,,,,,
406204,2009/10,2010-01-26,Adelaide Oval,2,21.2,Pakistan,Australia,Umar Akmal,Fawad Alam,NM Hauritz,1,0,,,,,,,,,
406204,2009/10,2010-01-26,Adelaide Oval,2,21.3,Pakistan,Australia,Fawad Alam,Umar Akmal,NM Hauritz,2,0,,,,,,,,,
406204,2009/10,2010-01-26,Adelaide Oval,2,21.4,Pakistan,Australia,Fawad Alam,Umar Akmal,NM Hauritz,0,0,,,,,,,,,
406204,2009/10,2010-01-26,Adelaide Oval,2,21.5,Pakistan,Australia,Fawad Alam,Umar Akmal,NM Hauritz,0,0,,,,,,,,,
406204,2009/10,2010-01-26,Adelaide Oval,2,21.6,Pakistan,Australia,Fawad Alam,Umar Akmal,NM Hauritz,0,0,,,,,,,,,
406204,2009/10,2010-01-26,Adelaide Oval,2,22.1,Pakistan,Australia,Umar Akmal,Fawad Alam,CJ McKay,4,0,,,,,,,,,
406204,2009/10,2010-01-26,Adelaide Oval,2,22.2,Pakistan,Australia,Umar Akmal,Fawad Alam,CJ McKay,0,0,,,,,,,,,
406204,2009/10,2010-01-26,Adelaide Oval,2,22.3,Pakistan,Australia,Umar Akmal,Fawad Alam,CJ McKay,0,0,,,,,,,,,
406204,2009/10,2010-01-26,Adelaide Oval,2,22.4,Pakistan,Australia,Umar Akmal,Fawad Alam,CJ McKay,0,0,,,,,,,,,
406204,2009/10,2010-01-26,Adelaide Oval,2,22.5,Pakistan,Australia,Umar Akmal,Fawad Alam,CJ McKay,0,0,,,,,,,,,
406204,2009/10,2010-01-26,Adelaide Oval,2,22.6,Pakistan,Australia,Umar Akmal,Fawad Alam,CJ McKay,1,0,,,,,,,,,
406204,2009/10,2010-01-26,Adelaide Oval,2,23.1,Pakistan,Australia,Umar Akmal,Fawad Alam,NM Hauritz,0,0,,,,,,,,,
406204,2009/10,2010-01-26,Adelaide Oval,2,23.2,Pakistan,Australia,Umar Akmal,Fawad Alam,NM Hauritz,2,0,,,,,,,,,
406204,2009/10,2010-01-26,Adelaide Oval,2,23.3,Pakistan,Australia,Umar Akmal,Fawad Alam,NM Hauritz,0,0,,,,,,,,,
406204,2009/10,2010-01-26,Adelaide Oval,2,23.4,Pakistan,Australia,Umar Akmal,Fawad Alam,NM Hauritz,0,0,,,,,,,,,
406204,2009/10,2010-01-26,Adelaide Oval,2,23.5,Pakistan,Australia,Umar Akmal,Fawad Alam,NM Hauritz,0,0,,,,,,,,,
406204,2009/10,2010-01-26,Adelaide Oval,2,23.6,Pakistan,Australia,Umar Akmal,Fawad Alam,NM Hauritz,0,0,,,,,,,,,
406204,2009/10,2010-01-26,Adelaide Oval,2,24.1,Pakistan,Australia,Fawad Alam,Umar Akmal,SR Watson,0,0,,,,,,,,,
406204,2009/10,2010-01-26,Adelaide Oval,2,24.2,Pakistan,Australia,Fawad Alam,Umar Akmal,SR Watson,2,0,,,,,,,,,
406204,2009/10,2010-01-26,Adelaide Oval,2,24.3,Pakistan,Australia,Fawad Alam,Umar Akmal,SR Watson,0,0,,,,,,,,,
406204,2009/10,2010-01-26,Adelaide Oval,2,24.4,Pakistan,Australia,Fawad Alam,Umar Akmal,SR Watson,0,0,,,,,,,,,
406204,2009/10,2010-01-26,Adelaide Oval,2,24.5,Pakistan,Australia,Fawad Alam,Umar Akmal,SR Watson,0,0,,,,,,,,,
406204,2009/10,2010-01-26,Adelaide Oval,2,24.6,Pakistan,Australia,Fawad Alam,Umar Akmal,SR Watson,0,0,,,,,,,,,
406204,2009/10,2010-01-26,Adelaide Oval,2,25.1,Pakistan,Australia,Umar Akmal,Fawad Alam,NM Hauritz,0,0,,,,,,,,,
406204,2009/10,2010-01-26,Adelaide Oval,2,25.2,Pakistan,Australia,Umar Akmal,Fawad Alam,NM Hauritz,2,0,,,,,,,,,
406204,2009/10,2010-01-26,Adelaide Oval,2,25.3,Pakistan,Australia,Umar Akmal,Fawad Alam,NM Hauritz,0,0,,,,,,,,,
406204,2009/10,2010-01-26,Adelaide Oval,2,25.4,Pakistan,Australia,Umar Akmal,Fawad Alam,NM Hauritz,0,0,,,,,,,,,
406204,2009/10,2010-01-26,Adelaide Oval,2,25.5,Pakistan,Australia,Umar Akmal,Fawad Alam,NM Hauritz,1,0,,,,,,,,,
406204,2009/10,2010-01-26,Adelaide Oval,2,25.6,Pakistan,Australia,Fawad Alam,Umar Akmal,NM Hauritz,0,0,,,,,,,,,
406204,2009/10,2010-01-26,Adelaide Oval,2,26.1,Pakistan,Australia,Umar Akmal,Fawad Alam,SR Watson,0,1,,,,1,,,,,
406204,2009/10,2010-01-26,Adelaide Oval,2,26.2,Pakistan,Australia,Fawad Alam,Umar Akmal,SR Watson,2,0,,,,,,,,,
406204,2009/10,2010-01-26,Adelaide Oval,2,26.3,Pakistan,Australia,Fawad Alam,Umar Akmal,SR Watson,1,0,,,,,,,,,
406204,2009/10,2010-01-26,Adelaide Oval,2,26.4,Pakistan,Australia,Umar Akmal,Fawad Alam,SR Watson,0,0,,,,,,,,,
406204,2009/10,2010-01-26,Adelaide Oval,2,26.5,Pakistan,Australia,Umar Akmal,Fawad Alam,SR Watson,1,0,,,,,,,,,
406204,2009/10,2010-01-26,Adelaide Oval,2,26.6,Pakistan,Australia,Fawad Alam,Umar Akmal,SR Watson,1,0,,,,,,,,,
406204,2009/10,2010-01-26,Adelaide Oval,2,27.1,Pakistan,Australia,Fawad Alam,Umar Akmal,NM Hauritz,1,0,,,,,,,,,
406204,2009/10,2010-01-26,Adelaide Oval,2,27.2,Pakistan,Australia,Umar Akmal,Fawad Alam,NM Hauritz,4,0,,,,,,,,,
406204,2009/10,2010-01-26,Adelaide Oval,2,27.3,Pakistan,Australia,Umar Akmal,Fawad Alam,NM Hauritz,2,0,,,,,,,,,
406204,2009/10,2010-01-26,Adelaide Oval,2,27.4,Pakistan,Australia,Umar Akmal,Fawad Alam,NM Hauritz,2,0,,,,,,,,,
406204,2009/10,2010-01-26,Adelaide Oval,2,27.5,Pakistan,Australia,Umar Akmal,Fawad Alam,NM Hauritz,1,0,,,,,,,,,
406204,2009/10,2010-01-26,Adelaide Oval,2,27.6,Pakistan,Australia,Fawad Alam,Umar Akmal,NM Hauritz,0,0,,,,,,,,,
406204,2009/10,2010-01-26,Adelaide Oval,2,28.1,Pakistan,Australia,Umar Akmal,Fawad Alam,SR Watson,1,0,,,,,,,,,
406204,2009/10,2010-01-26,Adelaide Oval,2,28.2,Pakistan,Australia,Fawad Alam,Umar Akmal,SR Watson,4,0,,,,,,,,,
406204,2009/10,2010-01-26,Adelaide Oval,2,28.3,Pakistan,Australia,Fawad Alam,Umar Akmal,SR Watson,1,0,,,,,,,,,
406204,2009/10,2010-01-26,Adelaide Oval,2,28.4,Pakistan,Australia,Umar Akmal,Fawad Alam,SR Watson,1,0,,,,,,,,,
406204,2009/10,2010-01-26,Adelaide Oval,2,28.5,Pakistan,Australia,Fawad Alam,Umar Akmal,SR Watson,0,1,1,,,,,,,,
406204,2009/10,2010-01-26,Adelaide Oval,2,28.6,Pakistan,Australia,Fawad Alam,Umar Akmal,SR Watson,0,0,,,,,,,,,
406204,2009/10,2010-01-26,Adelaide Oval,2,28.7,Pakistan,Australia,Fawad Alam,Umar Akmal,SR Watson,1,0,,,,,,,,,
406204,2009/10,2010-01-26,Adelaide Oval,2,29.1,Pakistan,Australia,Fawad Alam,Umar Akmal,NM Hauritz,0,0,,,,,,,,,
406204,2009/10,2010-01-26,Adelaide Oval,2,29.2,Pakistan,Australia,Fawad Alam,Umar Akmal,NM Hauritz,1,0,,,,,,,,,
406204,2009/10,2010-01-26,Adelaide Oval,2,29.3,Pakistan,Australia,Umar Akmal,Fawad Alam,NM Hauritz,2,0,,,,,,,,,
406204,2009/10,2010-01-26,Adelaide Oval,2,29.4,Pakistan,Australia,Umar Akmal,Fawad Alam,NM Hauritz,2,0,,,,,,,,,
406204,2009/10,2010-01-26,Adelaide Oval,2,29.5,Pakistan,Australia,Umar Akmal,Fawad Alam,NM Hauritz,1,0,,,,,,,,,
406204,2009/10,2010-01-26,Adelaide Oval,2,29.6,Pakistan,Australia,Fawad Alam,Umar Akmal,NM Hauritz,0,0,,,,,,,,,
406204,2009/10,2010-01-26,Adelaide Oval,2,30.1,Pakistan,Australia,Umar Akmal,Fawad Alam,RJ Harris,0,0,,,,,,,,,
406204,2009/10,2010-01-26,Adelaide Oval,2,30.2,Pakistan,Australia,Umar Akmal,Fawad Alam,RJ Harris,4,0,,,,,,,,,
406204,2009/10,2010-01-26,Adelaide Oval,2,30.3,Pakistan,Australia,Umar Akmal,Fawad Alam,RJ Harris,0,0,,,,,,,,,
406204,2009/10,2010-01-26,Adelaide Oval,2,30.4,Pakistan,Australia,Umar Akmal,Fawad Alam,RJ Harris,1,0,,,,,,,,,
406204,2009/10,2010-01-26,Adelaide Oval,2,30.5,Pakistan,Australia,Fawad Alam,Umar Akmal,RJ Harris,1,0,,,,,,,,,
406204,2009/10,2010-01-26,Adelaide Oval,2,30.6,Pakistan,Australia,Umar Akmal,Fawad Alam,RJ Harris,1,0,,,,,,,,,
406204,2009/10,2010-01-26,Adelaide Oval,2,31.1,Pakistan,Australia,Umar Akmal,Fawad Alam,MJ Clarke,0,0,,,,,,,,,
406204,2009/10,2010-01-26,Adelaide Oval,2,31.2,Pakistan,Australia,Umar Akmal,Fawad Alam,MJ Clarke,0,0,,,,,,,,,
406204,2009/10,2010-01-26,Adelaide Oval,2,31.3,Pakistan,Australia,Umar Akmal,Fawad Alam,MJ Clarke,0,0,,,,,,,,,
406204,2009/10,2010-01-26,Adelaide Oval,2,31.4,Pakistan,Australia,Umar Akmal,Fawad Alam,MJ Clarke,0,0,,,,,,,,,
406204,2009/10,2010-01-26,Adelaide Oval,2,31.5,Pakistan,Australia,Umar Akmal,Fawad Alam,MJ Clarke,1,0,,,,,,,,,
406204,2009/10,2010-01-26,Adelaide Oval,2,31.6,Pakistan,Australia,Fawad Alam,Umar Akmal,MJ Clarke,1,0,,,,,,,,,
406204,2009/10,2010-01-26,Adelaide Oval,2,32.1,Pakistan,Australia,Fawad Alam,Umar Akmal,RJ Harris,1,0,,,,,,,,,
406204,2009/10,2010-01-26,Adelaide Oval,2,32.2,Pakistan,Australia,Umar Akmal,Fawad Alam,RJ Harris,0,0,,,,,,caught,Umar Akmal,,
406204,2009/10,2010-01-26,Adelaide Oval,2,32.3,Pakistan,Australia,Shahid Afridi,Fawad Alam,RJ Harris,0,0,,,,,,,,,
406204,2009/10,2010-01-26,Adelaide Oval,2,32.4,Pakistan,Australia,Shahid Afridi,Fawad Alam,RJ Harris,0,1,,,,1,,,,,
406204,2009/10,2010-01-26,Adelaide Oval,2,32.5,Pakistan,Australia,Fawad Alam,Shahid Afridi,RJ Harris,1,0,,,,,,,,,
406204,2009/10,2010-01-26,Adelaide Oval,2,32.6,Pakistan,Australia,Shahid Afridi,Fawad Alam,RJ Harris,0,0,,,,,,,,,
406204,2009/10,2010-01-26,Adelaide Oval,2,33.1,Pakistan,Australia,Fawad Alam,Shahid Afridi,MJ Clarke,1,0,,,,,,,,,
406204,2009/10,2010-01-26,Adelaide Oval,2,33.2,Pakistan,Australia,Shahid Afridi,Fawad Alam,MJ Clarke,1,0,,,,,,,,,
406204,2009/10,2010-01-26,Adelaide Oval,2,33.3,Pakistan,Australia,Fawad Alam,Shahid Afridi,MJ Clarke,0,0,,,,,,,,,
406204,2009/10,2010-01-26,Adelaide Oval,2,33.4,Pakistan,Australia,Fawad Alam,Shahid Afridi,MJ Clarke,0,0,,,,,,,,,
406204,2009/10,2010-01-26,Adelaide Oval,2,33.5,Pakistan,Australia,Fawad Alam,Shahid Afridi,MJ Clarke,2,0,,,,,,,,,
406204,2009/10,2010-01-26,Adelaide Oval,2,33.6,Pakistan,Australia,Fawad Alam,Shahid Afridi,MJ Clarke,0,0,,,,,,,,,
406204,2009/10,2010-01-26,Adelaide Oval,2,34.1,Pakistan,Australia,Shahid Afridi,Fawad Alam,CJ McKay,3,0,,,,,,,,,
406204,2009/10,2010-01-26,Adelaide Oval,2,34.2,Pakistan,Australia,Fawad Alam,Shahid Afridi,CJ McKay,1,0,,,,,,,,,
406204,2009/10,2010-01-26,Adelaide Oval,2,34.3,Pakistan,Australia,Shahid Afridi,Fawad Alam,CJ McKay,0,0,,,,,,,,,
406204,2009/10,2010-01-26,Adelaide Oval,2,34.4,Pakistan,Australia,Shahid Afridi,Fawad Alam,CJ McKay,1,0,,,,,,,,,
406204,2009/10,2010-01-26,Adelaide Oval,2,34.5,Pakistan,Australia,Fawad Alam,Shahid Afridi,CJ McKay,1,0,,,,,,,,,
406204,2009/10,2010-01-26,Adelaide Oval,2,34.6,Pakistan,Australia,Shahid Afridi,Fawad Alam,CJ McKay,1,0,,,,,,,,,
406204,2009/10,2010-01-26,Adelaide Oval,2,35.1,Pakistan,Australia,Shahid Afridi,Fawad Alam,DE Bollinger,1,0,,,,,,,,,
406204,2009/10,2010-01-26,Adelaide Oval,2,35.2,Pakistan,Australia,Fawad Alam,Shahid Afridi,DE Bollinger,1,0,,,,,,,,,
406204,2009/10,2010-01-26,Adelaide Oval,2,35.3,Pakistan,Australia,Shahid Afridi,Fawad Alam,DE Bollinger,1,0,,,,,,,,,
406204,2009/10,2010-01-26,Adelaide Oval,2,35.4,Pakistan,Australia,Fawad Alam,Shahid Afridi,DE Bollinger,0,0,,,,,,,,,
406204,2009/10,2010-01-26,Adelaide Oval,2,35.5,Pakistan,Australia,Fawad Alam,Shahid Afridi,DE Bollinger,1,0,,,,,,,,,
406204,2009/10,2010-01-26,Adelaide Oval,2,35.6,Pakistan,Australia,Shahid Afridi,Fawad Alam,DE Bollinger,4,0,,,,,,,,,
406204,2009/10,2010-01-26,Adelaide Oval,2,36.1,Pakistan,Australia,Fawad Alam,Shahid Afridi,CJ McKay,0,0,,,,,,,,,
406204,2009/10,2010-01-26,Adelaide Oval,2,36.2,Pakistan,Australia,Fawad Alam,Shahid Afridi,CJ McKay,1,0,,,,,,,,,
406204,2009/10,2010-01-26,Adelaide Oval,2,36.3,Pakistan,Australia,Shahid Afridi,Fawad Alam,CJ McKay,1,0,,,,,,,,,
406204,2009/10,2010-01-26,Adelaide Oval,2,36.4,Pakistan,Australia,Fawad Alam,Shahid Afridi,CJ McKay,0,0,,,,,,bowled,Fawad Alam,,
406204,2009/10,2010-01-26,Adelaide Oval,2,36.5,Pakistan,Australia,Naved-ul-Hasan,Shahid Afridi,CJ McKay,0,0,,,,,,,,,
406204,2009/10,2010-01-26,Adelaide Oval,2,36.6,Pakistan,Australia,Naved-ul-Hasan,Shahid Afridi,CJ McKay,1,0,,,,,,,,,
406204,2009/10,2010-01-26,Adelaide Oval,2,37.1,Pakistan,Australia,Naved-ul-Hasan,Shahid Afridi,DE Bollinger,0,0,,,,,,,,,
406204,2009/10,2010-01-26,Adelaide Oval,2,37.2,Pakistan,Australia,Naved-ul-Hasan,Shahid Afridi,DE Bollinger,0,0,,,,,,,,,
406204,2009/10,2010-01-26,Adelaide Oval,2,37.3,Pakistan,Australia,Naved-ul-Hasan,Shahid Afridi,DE Bollinger,1,0,,,,,,,,,
406204,2009/10,2010-01-26,Adelaide Oval,2,37.4,Pakistan,Australia,Shahid Afridi,Naved-ul-Hasan,DE Bollinger,1,0,,,,,,,,,
406204,2009/10,2010-01-26,Adelaide Oval,2,37.5,Pakistan,Australia,Naved-ul-Hasan,Shahid Afridi,DE Bollinger,0,0,,,,,,,,,
406204,2009/10,2010-01-26,Adelaide Oval,2,37.6,Pakistan,Australia,Naved-ul-Hasan,Shahid Afridi,DE Bollinger,1,0,,,,,,,,,
406204,2009/10,2010-01-26,Adelaide Oval,2,38.1,Pakistan,Australia,Naved-ul-Hasan,Shahid Afridi,SR Watson,4,0,,,,,,,,,
406204,2009/10,2010-01-26,Adelaide Oval,2,38.2,Pakistan,Australia,Naved-ul-Hasan,Shahid Afridi,SR Watson,1,0,,,,,,,,,
406204,2009/10,2010-01-26,Adelaide Oval,2,38.3,Pakistan,Australia,Shahid Afridi,Naved-ul-Hasan,SR Watson,0,0,,,,,,,,,
406204,2009/10,2010-01-26,Adelaide Oval,2,38.4,Pakistan,Australia,Shahid Afridi,Naved-ul-Hasan,SR Watson,0,0,,,,,,,,,
406204,2009/10,2010-01-26,Adelaide Oval,2,38.5,Pakistan,Australia,Shahid Afridi,Naved-ul-Hasan,SR Watson,1,0,,,,,,,,,
406204,2009/10,2010-01-26,Adelaide Oval,2,38.6,Pakistan,Australia,Naved-ul-Hasan,Shahid Afridi,SR Watson,1,0,,,,,,,,,
406204,2009/10,2010-01-26,Adelaide Oval,2,39.1,Pakistan,Australia,Naved-ul-Hasan,Shahid Afridi,DE Bollinger,1,0,,,,,,,,,
406204,2009/10,2010-01-26,Adelaide Oval,2,39.2,Pakistan,Australia,Shahid Afridi,Naved-ul-Hasan,DE Bollinger,1,0,,,,,,,,,
406204,2009/10,2010-01-26,Adelaide Oval,2,39.3,Pakistan,Australia,Naved-ul-Hasan,Shahid Afridi,DE Bollinger,1,0,,,,,,,,,
406204,2009/10,2010-01-26,Adelaide Oval,2,39.4,Pakistan,Australia,Shahid Afridi,Naved-ul-Hasan,DE Bollinger,2,0,,,,,,,,,
406204,2009/10,2010-01-26,Adelaide Oval,2,39.5,Pakistan,Australia,Shahid Afridi,Naved-ul-Hasan,DE Bollinger,0,0,,,,,,,,,
406204,2009/10,2010-01-26,Adelaide Oval,2,39.6,Pakistan,Australia,Shahid Afridi,Naved-ul-Hasan,DE Bollinger,1,0,,,,,,,,,
406204,2009/10,2010-01-26,Adelaide Oval,2,40.1,Pakistan,Australia,Shahid Afridi,Naved-ul-Hasan,SR Watson,4,0,,,,,,,,,
406204,2009/10,2010-01-26,Adelaide Oval,2,40.2,Pakistan,Australia,Shahid Afridi,Naved-ul-Hasan,SR Watson,1,0,,,,,,,,,
406204,2009/10,2010-01-26,Adelaide Oval,2,40.3,Pakistan,Australia,Naved-ul-Hasan,Shahid Afridi,SR Watson,2,0,,,,,,,,,
406204,2009/10,2010-01-26,Adelaide Oval,2,40.4,Pakistan,Australia,Naved-ul-Hasan,Shahid Afridi,SR Watson,1,0,,,,,,,,,
406204,2009/10,2010-01-26,Adelaide Oval,2,40.5,Pakistan,Australia,Shahid Afridi,Naved-ul-Hasan,SR Watson,4,0,,,,,,,,,
406204,2009/10,2010-01-26,Adelaide Oval,2,40.6,Pakistan,Australia,Shahid Afridi,Naved-ul-Hasan,SR Watson,6,0,,,,,,,,,
406204,2009/10,2010-01-26,Adelaide Oval,2,41.1,Pakistan,Australia,Naved-ul-Hasan,Shahid Afridi,RJ Harris,0,0,,,,,,,,,
406204,2009/10,2010-01-26,Adelaide Oval,2,41.2,Pakistan,Australia,Naved-ul-Hasan,Shahid Afridi,RJ Harris,0,0,,,,,,,,,
406204,2009/10,2010-01-26,Adelaide Oval,2,41.3,Pakistan,Australia,Naved-ul-Hasan,Shahid Afridi,RJ Harris,1,0,,,,,,,,,
406204,2009/10,2010-01-26,Adelaide Oval,2,41.4,Pakistan,Australia,Shahid Afridi,Naved-ul-Hasan,RJ Harris,1,0,,,,,,,,,
406204,2009/10,2010-01-26,Adelaide Oval,2,41.5,Pakistan,Australia,Naved-ul-Hasan,Shahid Afridi,RJ Harris,2,0,,,,,,,,,
406204,2009/10,2010-01-26,Adelaide Oval,2,41.6,Pakistan,Australia,Naved-ul-Hasan,Shahid Afridi,RJ Harris,4,0,,,,,,,,,
406204,2009/10,2010-01-26,Adelaide Oval,2,42.1,Pakistan,Australia,Shahid Afridi,Naved-ul-Hasan,CJ McKay,0,0,,,,,,,,,
406204,2009/10,2010-01-26,Adelaide Oval,2,42.2,Pakistan,Australia,Shahid Afridi,Naved-ul-Hasan,CJ McKay,1,0,,,,,,,,,
406204,2009/10,2010-01-26,Adelaide Oval,2,42.3,Pakistan,Australia,Naved-ul-Hasan,Shahid Afridi,CJ McKay,0,0,,,,,,,,,
406204,2009/10,2010-01-26,Adelaide Oval,2,42.4,Pakistan,Australia,Naved-ul-Hasan,Shahid Afridi,CJ McKay,0,2,,,,2,,,,,
406204,2009/10,2010-01-26,Adelaide Oval,2,42.5,Pakistan,Australia,Naved-ul-Hasan,Shahid Afridi,CJ McKay,6,0,,,,,,,,,
406204,2009/10,2010-01-26,Adelaide Oval,2,42.6,Pakistan,Australia,Naved-ul-Hasan,Shahid Afridi,CJ McKay,0,2,,,,2,,,,,
406204,2009/10,2010-01-26,Adelaide Oval,2,43.1,Pakistan,Australia,Shahid Afridi,Naved-ul-Hasan,RJ Harris,4,0,,,,,,,,,
406204,2009/10,2010-01-26,Adelaide Oval,2,43.2,Pakistan,Australia,Shahid Afridi,Naved-ul-Hasan,RJ Harris,0,0,,,,,,bowled,Shahid Afridi,,
406204,2009/10,2010-01-26,Adelaide Oval,2,43.3,Pakistan,Australia,Umar Gul,Naved-ul-Hasan,RJ Harris,0,0,,,,,,,,,
406204,2009/10,2010-01-26,Adelaide Oval,2,43.4,Pakistan,Australia,Umar Gul,Naved-ul-Hasan,RJ Harris,0,0,,,,,,caught,Umar Gul,,
406204,2009/10,2010-01-26,Adelaide Oval,2,43.5,Pakistan,Australia,Naved-ul-Hasan,Saeed Ajmal,RJ Harris,0,0,,,,,,,,,
406204,2009/10,2010-01-26,Adelaide Oval,2,43.6,Pakistan,Australia,Naved-ul-Hasan,Saeed Ajmal,RJ Harris,4,0,,,,,,,,,
406204,2009/10,2010-01-26,Adelaide Oval,2,44.1,Pakistan,Australia,Saeed Ajmal,Naved-ul-Hasan,CJ McKay,0,0,,,,,,,,,
406204,2009/10,2010-01-26,Adelaide Oval,2,44.2,Pakistan,Australia,Saeed Ajmal,Naved-ul-Hasan,CJ McKay,4,0,,,,,,,,,
406204,2009/10,2010-01-26,Adelaide Oval,2,44.3,Pakistan,Australia,Saeed Ajmal,Naved-ul-Hasan,CJ McKay,1,0,,,,,,,,,
406204,2009/10,2010-01-26,Adelaide Oval,2,44.4,Pakistan,Australia,Naved-ul-Hasan,Saeed Ajmal,CJ McKay,1,0,,,,,,,,,
406204,2009/10,2010-01-26,Adelaide Oval,2,44.5,Pakistan,Australia,Saeed Ajmal,Naved-ul-Hasan,CJ McKay,0,1,,,,1,,,,,
406204,2009/10,2010-01-26,Adelaide Oval,2,44.6,Pakistan,Australia,Naved-ul-Hasan,Saeed Ajmal,CJ McKay,1,0,,,,,,,,,
406204,2009/10,2010-01-26,Adelaide Oval,2,45.1,Pakistan,Australia,Naved-ul-Hasan,Saeed Ajmal,RJ Harris,0,0,,,,,,caught,Naved-ul-Hasan,,
406204,2009/10,2010-01-26,Adelaide Oval,2,45.2,Pakistan,Australia,Mohammad Asif,Saeed Ajmal,RJ Harris,0,0,,,,,,,,,
406204,2009/10,2010-01-26,Adelaide Oval,2,45.3,Pakistan,Australia,Mohammad Asif,Saeed Ajmal,RJ Harris,0,0,,,,,,,,,
406204,2009/10,2010-01-26,Adelaide Oval,2,45.4,Pakistan,Australia,Mohammad Asif,Saeed Ajmal,RJ Harris,1,0,,,,,,,,,
406204,2009/10,2010-01-26,Adelaide Oval,2,45.5,Pakistan,Australia,Saeed Ajmal,Mohammad Asif,RJ Harris,0,4,,,,4,,,,,
406204,2009/10,2010-01-26,Adelaide Oval,2,45.6,Pakistan,Australia,Saeed Ajmal,Mohammad Asif,RJ Harris,1,0,,,,,,,,,
406204,2009/10,2010-01-26,Adelaide Oval,2,46.1,Pakistan,Australia,Saeed Ajmal,Mohammad Asif,DE Bollinger,0,0,,,,,,,,,
406204,2009/10,2010-01-26,Adelaide Oval,2,46.2,Pakistan,Australia,Saeed Ajmal,Mohammad Asif,DE Bollinger,0,0,,,,,,,,,
406204,2009/10,2010-01-26,Adelaide Oval,2,46.3,Pakistan,Australia,Saeed Ajmal,Mohammad Asif,DE Bollinger,1,0,,,,,,,,,
406204,2009/10,2010-01-26,Adelaide Oval,2,46.4,Pakistan,Australia,Mohammad Asif,Saeed Ajmal,DE Bollinger,0,0,,,,,,,,,
406204,2009/10,2010-01-26,Adelaide Oval,2,46.5,Pakistan,Australia,Mohammad Asif,Saeed Ajmal,DE Bollinger,0,0,,,,,,,,,
406204,2009/10,2010-01-26,Adelaide Oval,2,46.6,Pakistan,Australia,Mohammad Asif,Saeed Ajmal,DE Bollinger,0,0,,,,,,,,,
406204,2009/10,2010-01-26,Adelaide Oval,2,47.1,Pakistan,Australia,Saeed Ajmal,Mohammad Asif,NM Hauritz,1,0,,,,,,,,,
406204,2009/10,2010-01-26,Adelaide Oval,2,47.2,Pakistan,Australia,Mohammad Asif,Saeed Ajmal,NM Hauritz,0,0,,,,,,,,,
406204,2009/10,2010-01-26,Adelaide Oval,2,47.3,Pakistan,Australia,Mohammad Asif,Saeed Ajmal,NM Hauritz,0,0,,,,,,,,,
406204,2009/10,2010-01-26,Adelaide Oval,2,47.4,Pakistan,Australia,Mohammad Asif,Saeed Ajmal,NM Hauritz,0,0,,,,,,caught,Mohammad Asif,,
