match_id,season,start_date,venue,innings,ball,batting_team,bowling_team,striker,non_striker,bowler,runs_off_bat,extras,wides,noballs,byes,legbyes,penalty,wicket_type,player_dismissed,other_wicket_type,other_player_dismissed
410339,2009,2009-08-14,Queens Sports Club,1,0.1,Zimbabwe,Bangladesh,MA Vermeulen,V Sibanda,Syed Rasel,0,0,,,,,,,,,
410339,2009,2009-08-14,Queens Sports Club,1,0.2,Zimbabwe,Bangladesh,MA Vermeulen,V Sibanda,Syed Rasel,0,0,,,,,,,,,
410339,2009,2009-08-14,Queens Sports Club,1,0.3,Zimbabwe,Bangladesh,MA Vermeulen,V Sibanda,Syed Rasel,0,0,,,,,,,,,
410339,2009,2009-08-14,Queens Sports Club,1,0.4,Zimbabwe,Bangladesh,MA Vermeulen,V Sibanda,Syed Rasel,0,0,,,,,,,,,
410339,2009,2009-08-14,Queens Sports Club,1,0.5,Zimbabwe,Bangladesh,MA Vermeulen,V Sibanda,Syed Rasel,1,0,,,,,,,,,
410339,2009,2009-08-14,Queens Sports Club,1,0.6,Zimbabwe,Bangladesh,V Sibanda,MA Vermeulen,Syed Rasel,0,0,,,,,,,,,
410339,2009,2009-08-14,Queens Sports Club,1,1.1,Zimbabwe,Bangladesh,MA Vermeulen,V Sibanda,Mahbubul Alam,0,0,,,,,,,,,
410339,2009,2009-08-14,Queens Sports Club,1,1.2,Zimbabwe,Bangladesh,MA Vermeulen,V Sibanda,Mahbubul Alam,4,0,,,,,,,,,
410339,2009,2009-08-14,Queens Sports Club,1,1.3,Zimbabwe,Bangladesh,MA Vermeulen,V Sibanda,Mahbubul Alam,0,1,,,,1,,,,,
410339,2009,2009-08-14,Queens Sports Club,1,1.4,Zimbabwe,Bangladesh,V Sibanda,MA Vermeulen,Mahbubul Alam,0,0,,,,,,caught,V Sibanda,,
410339,2009,2009-08-14,Queens Sports Club,1,1.5,Zimbabwe,Bangladesh,H Masakadza,MA Vermeulen,Mahbubul Alam,0,1,,,,1,,,,,
410339,2009,2009-08-14,Queens Sports Club,1,1.6,Zimbabwe,Bangladesh,MA Vermeulen,H Masakadza,Mahbubul Alam,4,0,,,,,,,,,
410339,2009,2009-08-14,Queens Sports Club,1,2.1,Zimbabwe,Bangladesh,H Masakadza,MA Vermeulen,Syed Rasel,1,0,,,,,,,,,
410339,2009,2009-08-14,Queens Sports Club,1,2.2,Zimbabwe,Bangladesh,MA Vermeulen,H Masakadza,Syed Rasel,0,0,,,,,,,,,
410339,2009,2009-08-14,Queens Sports Club,1,2.3,Zimbabwe,Bangladesh,MA Vermeulen,H Masakadza,Syed Rasel,0,0,,,,,,,,,
410339,2009,2009-08-14,Queens Sports Club,1,2.4,Zimbabwe,Bangladesh,MA Vermeulen,H Masakadza,Syed Rasel,0,0,,,,,,,,,
410339,2009,2009-08-14,Queens Sports Club,1,2.5,Zimbabwe,Bangladesh,MA Vermeulen,H Masakadza,Syed Rasel,1,0,,,,,,,,,
410339,2009,2009-08-14,Queens Sports Club,1,2.6,Zimbabwe,Bangladesh,H Masakadza,MA Vermeulen,Syed Rasel,0,0,,,,,,,,,
410339,2009,2009-08-14,Queens Sports Club,1,3.1,Zimbabwe,Bangladesh,MA Vermeulen,H Masakadza,Mahbubul Alam,0,0,,,,,,,,,
410339,2009,2009-08-14,Queens Sports Club,1,3.2,Zimbabwe,Bangladesh,MA Vermeulen,H Masakadza,Mahbubul Alam,0,0,,,,,,,,,
410339,2009,2009-08-14,Queens Sports Club,1,3.3,Zimbabwe,Bangladesh,MA Vermeulen,H Masakadza,Mahbubul Alam,1,0,,,,,,,,,
410339,2009,2009-08-14,Queens Sports Club,1,3.4,Zimbabwe,Bangladesh,H Masakadza,MA Vermeulen,Mahbubul Alam,3,0,,,,,,,,,
410339,2009,2009-08-14,Queens Sports Club,1,3.5,Zimbabwe,Bangladesh,MA Vermeulen,H Masakadza,Mahbubul Alam,0,0,,,,,,,,,
410339,2009,2009-08-14,Queens Sports Club,1,3.6,Zimbabwe,Bangladesh,MA Vermeulen,H Masakadza,Mahbubul Alam,0,0,,,,,,caught,MA Vermeulen,,
410339,2009,2009-08-14,Queens Sports Club,1,4.1,Zimbabwe,Bangladesh,H Masakadza,CK Coventry,Syed Rasel,0,0,,,,,,,,,
410339,2009,2009-08-14,Queens Sports Club,1,4.2,Zimbabwe,Bangladesh,H Masakadza,CK Coventry,Syed Rasel,4,0,,,,,,,,,
410339,2009,2009-08-14,Queens Sports Club,1,4.3,Zimbabwe,Bangladesh,H Masakadza,CK Coventry,Syed Rasel,0,0,,,,,,,,,
410339,2009,2009-08-14,Queens Sports Club,1,4.4,Zimbabwe,Bangladesh,H Masakadza,CK Coventry,Syed Rasel,1,0,,,,,,,,,
410339,2009,2009-08-14,Queens Sports Club,1,4.5,Zimbabwe,Bangladesh,CK Coventry,H Masakadza,Syed Rasel,0,1,1,,,,,,,,
410339,2009,2009-08-14,Queens Sports Club,1,4.6,Zimbabwe,Bangladesh,CK Coventry,H Masakadza,Syed Rasel,4,0,,,,,,,,,
410339,2009,2009-08-14,Queens Sports Club,1,4.7,Zimbabwe,Bangladesh,CK Coventry,H Masakadza,Syed Rasel,0,0,,,,,,,,,
410339,2009,2009-08-14,Queens Sports Club,1,5.1,Zimbabwe,Bangladesh,H Masakadza,CK Coventry,Mahbubul Alam,0,0,,,,,,,,,
410339,2009,2009-08-14,Queens Sports Club,1,5.2,Zimbabwe,Bangladesh,H Masakadza,CK Coventry,Mahbubul Alam,1,0,,,,,,,,,
410339,2009,2009-08-14,Queens Sports Club,1,5.3,Zimbabwe,Bangladesh,CK Coventry,H Masakadza,Mahbubul Alam,4,0,,,,,,,,,
410339,2009,2009-08-14,Queens Sports Club,1,5.4,Zimbabwe,Bangladesh,CK Coventry,H Masakadza,Mahbubul Alam,0,1,1,,,,,,,,
410339,2009,2009-08-14,Queens Sports Club,1,5.5,Zimbabwe,Bangladesh,CK Coventry,H Masakadza,Mahbubul Alam,1,0,,,,,,,,,
410339,2009,2009-08-14,Queens Sports Club,1,5.6,Zimbabwe,Bangladesh,H Masakadza,CK Coventry,Mahbubul Alam,1,0,,,,,,,,,
410339,2009,2009-08-14,Queens Sports Club,1,5.7,Zimbabwe,Bangladesh,CK Coventry,H Masakadza,Mahbubul Alam,0,0,,,,,,,,,
410339,2009,2009-08-14,Queens Sports Club,1,6.1,Zimbabwe,Bangladesh,H Masakadza,CK Coventry,Syed Rasel,2,0,,,,,,,,,
410339,2009,2009-08-14,Queens Sports Club,1,6.2,Zimbabwe,Bangladesh,H Masakadza,CK Coventry,Syed Rasel,0,0,,,,,,,,,
410339,2009,2009-08-14,Queens Sports Club,1,6.3,Zimbabwe,Bangladesh,H Masakadza,CK Coventry,Syed Rasel,0,0,,,,,,,,,
410339,2009,2009-08-14,Queens Sports Club,1,6.4,Zimbabwe,Bangladesh,H Masakadza,CK Coventry,Syed Rasel,0,0,,,,,,,,,
410339,2009,2009-08-14,Queens Sports Club,1,6.5,Zimbabwe,Bangladesh,H Masakadza,CK Coventry,Syed Rasel,0,0,,,,,,,,,
410339,2009,2009-08-14,Queens Sports Club,1,6.6,Zimbabwe,Bangladesh,H Masakadza,CK Coventry,Syed Rasel,0,0,,,,,,,,,
410339,2009,2009-08-14,Queens Sports Club,1,7.1,Zimbabwe,Bangladesh,CK Coventry,H Masakadza,Mahbubul Alam,0,0,,,,,,,,,
410339,2009,2009-08-14,Queens Sports Club,1,7.2,Zimbabwe,Bangladesh,CK Coventry,H Masakadza,Mahbubul Alam,0,0,,,,,,,,,
410339,2009,2009-08-14,Queens Sports Club,1,7.3,Zimbabwe,Bangladesh,CK Coventry,H Masakadza,Mahbubul Alam,0,0,,,,,,,,,
410339,2009,2009-08-14,Queens Sports Club,1,7.4,Zimbabwe,Bangladesh,CK Coventry,H Masakadza,Mahbubul Alam,0,0,,,,,,,,,
410339,2009,2009-08-14,Queens Sports Club,1,7.5,Zimbabwe,Bangladesh,CK Coventry,H Masakadza,Mahbubul Alam,0,0,,,,,,,,,
410339,2009,2009-08-14,Queens Sports Club,1,7.6,Zimbabwe,Bangladesh,CK Coventry,H Masakadza,Mahbubul Alam,0,0,,,,,,,,,
410339,2009,2009-08-14,Queens Sports Club,1,8.1,Zimbabwe,Bangladesh,H Masakadza,CK Coventry,Syed Rasel,0,0,,,,,,,,,
410339,2009,2009-08-14,Queens Sports Club,1,8.2,Zimbabwe,Bangladesh,H Masakadza,CK Coventry,Syed Rasel,0,0,,,,,,,,,
410339,2009,2009-08-14,Queens Sports Club,1,8.3,Zimbabwe,Bangladesh,H Masakadza,CK Coventry,Syed Rasel,4,0,,,,,,,,,
410339,2009,2009-08-14,Queens Sports Club,1,8.4,Zimbabwe,Bangladesh,H Masakadza,CK Coventry,Syed Rasel,1,0,,,,,,,,,
410339,2009,2009-08-14,Queens Sports Club,1,8.5,Zimbabwe,Bangladesh,CK Coventry,H Masakadza,Syed Rasel,0,0,,,,,,,,,
410339,2009,2009-08-14,Queens Sports Club,1,8.6,Zimbabwe,Bangladesh,CK Coventry,H Masakadza,Syed Rasel,0,0,,,,,,,,,
410339,2009,2009-08-14,Queens Sports Club,1,9.1,Zimbabwe,Bangladesh,H Masakadza,CK Coventry,Mahbubul Alam,3,0,,,,,,,,,
410339,2009,2009-08-14,Queens Sports Club,1,9.2,Zimbabwe,Bangladesh,CK Coventry,H Masakadza,Mahbubul Alam,4,0,,,,,,,,,
410339,2009,2009-08-14,Queens Sports Club,1,9.3,Zimbabwe,Bangladesh,CK Coventry,H Masakadza,Mahbubul Alam,6,0,,,,,,,,,
410339,2009,2009-08-14,Queens Sports Club,1,9.4,Zimbabwe,Bangladesh,CK Coventry,H Masakadza,Mahbubul Alam,0,0,,,,,,,,,
410339,2009,2009-08-14,Queens Sports Club,1,9.5,Zimbabwe,Bangladesh,CK Coventry,H Masakadza,Mahbubul Alam,1,0,,,,,,,,,
410339,2009,2009-08-14,Queens Sports Club,1,9.6,Zimbabwe,Bangladesh,H Masakadza,CK Coventry,Mahbubul Alam,0,0,,,,,,,,,
410339,2009,2009-08-14,Queens Sports Club,1,10.1,Zimbabwe,Bangladesh,CK Coventry,H Masakadza,Shakib Al Hasan,1,0,,,,,,,,,
410339,2009,2009-08-14,Queens Sports Club,1,10.2,Zimbabwe,Bangladesh,H Masakadza,CK Coventry,Shakib Al Hasan,0,0,,,,,,,,,
410339,2009,2009-08-14,Queens Sports Club,1,10.3,Zimbabwe,Bangladesh,H Masakadza,CK Coventry,Shakib Al Hasan,0,0,,,,,,,,,
410339,2009,2009-08-14,Queens Sports Club,1,10.4,Zimbabwe,Bangladesh,H Masakadza,CK Coventry,Shakib Al Hasan,0,0,,,,,,,,,
410339,2009,2009-08-14,Queens Sports Club,1,10.5,Zimbabwe,Bangladesh,H Masakadza,CK Coventry,Shakib Al Hasan,1,0,,,,,,,,,
410339,2009,2009-08-14,Queens Sports Club,1,10.6,Zimbabwe,Bangladesh,CK Coventry,H Masakadza,Shakib Al Hasan,0,0,,,,,,,,,
410339,2009,2009-08-14,Queens Sports Club,1,11.1,Zimbabwe,Bangladesh,H Masakadza,CK Coventry,Enamul Haque jnr,1,0,,,,,,,,,
410339,2009,2009-08-14,Queens Sports Club,1,11.2,Zimbabwe,Bangladesh,CK Coventry,H Masakadza,Enamul Haque jnr,1,0,,,,,,run out,CK Coventry,,
410339,2009,2009-08-14,Queens Sports Club,1,11.3,Zimbabwe,Bangladesh,BRM Taylor,H Masakadza,Enamul Haque jnr,0,0,,,,,,,,,
410339,2009,2009-08-14,Queens Sports Club,1,11.4,Zimbabwe,Bangladesh,BRM Taylor,H Masakadza,Enamul Haque jnr,1,0,,,,,,,,,
410339,2009,2009-08-14,Queens Sports Club,1,11.5,Zimbabwe,Bangladesh,H Masakadza,BRM Taylor,Enamul Haque jnr,0,0,,,,,,,,,
410339,2009,2009-08-14,Queens Sports Club,1,12.1,Zimbabwe,Bangladesh,BRM Taylor,H Masakadza,Shakib Al Hasan,0,0,,,,,,,,,
410339,2009,2009-08-14,Queens Sports Club,1,12.2,Zimbabwe,Bangladesh,BRM Taylor,H Masakadza,Shakib Al Hasan,0,0,,,,,,,,,
410339,2009,2009-08-14,Queens Sports Club,1,12.3,Zimbabwe,Bangladesh,BRM Taylor,H Masakadza,Shakib Al Hasan,1,0,,,,,,,,,
410339,2009,2009-08-14,Queens Sports Club,1,12.4,Zimbabwe,Bangladesh,H Masakadza,BRM Taylor,Shakib Al Hasan,0,0,,,,,,,,,
410339,2009,2009-08-14,Queens Sports Club,1,12.5,Zimbabwe,Bangladesh,H Masakadza,BRM Taylor,Shakib Al Hasan,0,0,,,,,,,,,
410339,2009,2009-08-14,Queens Sports Club,1,12.6,Zimbabwe,Bangladesh,H Masakadza,BRM Taylor,Shakib Al Hasan,0,0,,,,,,,,,
410339,2009,2009-08-14,Queens Sports Club,1,13.1,Zimbabwe,Bangladesh,BRM Taylor,H Masakadza,Enamul Haque jnr,1,0,,,,,,,,,
410339,2009,2009-08-14,Queens Sports Club,1,13.2,Zimbabwe,Bangladesh,H Masakadza,BRM Taylor,Enamul Haque jnr,1,0,,,,,,,,,
410339,2009,2009-08-14,Queens Sports Club,1,13.3,Zimbabwe,Bangladesh,BRM Taylor,H Masakadza,Enamul Haque jnr,0,0,,,,,,,,,
410339,2009,2009-08-14,Queens Sports Club,1,13.4,Zimbabwe,Bangladesh,BRM Taylor,H Masakadza,Enamul Haque jnr,0,0,,,,,,,,,
410339,2009,2009-08-14,Queens Sports Club,1,13.5,Zimbabwe,Bangladesh,BRM Taylor,H Masakadza,Enamul Haque jnr,0,0,,,,,,,,,
410339,2009,2009-08-14,Queens Sports Club,1,13.6,Zimbabwe,Bangladesh,BRM Taylor,H Masakadza,Enamul Haque jnr,1,0,,,,,,,,,
410339,2009,2009-08-14,Queens Sports Club,1,14.1,Zimbabwe,Bangladesh,BRM Taylor,H Masakadza,Shakib Al Hasan,0,0,,,,,,,,,
410339,2009,2009-08-14,Queens Sports Club,1,14.2,Zimbabwe,Bangladesh,BRM Taylor,H Masakadza,Shakib Al Hasan,2,0,,,,,,,,,
410339,2009,2009-08-14,Queens Sports Club,1,14.3,Zimbabwe,Bangladesh,BRM Taylor,H Masakadza,Shakib Al Hasan,1,0,,,,,,,,,
410339,2009,2009-08-14,Queens Sports Club,1,14.4,Zimbabwe,Bangladesh,H Masakadza,BRM Taylor,Shakib Al Hasan,0,0,,,,,,,,,
410339,2009,2009-08-14,Queens Sports Club,1,14.5,Zimbabwe,Bangladesh,H Masakadza,BRM Taylor,Shakib Al Hasan,0,0,,,,,,,,,
410339,2009,2009-08-14,Queens Sports Club,1,14.6,Zimbabwe,Bangladesh,H Masakadza,BRM Taylor,Shakib Al Hasan,0,0,,,,,,,,,
410339,2009,2009-08-14,Queens Sports Club,1,15.1,Zimbabwe,Bangladesh,BRM Taylor,H Masakadza,Enamul Haque jnr,1,0,,,,,,,,,
410339,2009,2009-08-14,Queens Sports Club,1,15.2,Zimbabwe,Bangladesh,H Masakadza,BRM Taylor,Enamul Haque jnr,1,0,,,,,,,,,
410339,2009,2009-08-14,Queens Sports Club,1,15.3,Zimbabwe,Bangladesh,BRM Taylor,H Masakadza,Enamul Haque jnr,0,0,,,,,,,,,
410339,2009,2009-08-14,Queens Sports Club,1,15.4,Zimbabwe,Bangladesh,BRM Taylor,H Masakadza,Enamul Haque jnr,1,0,,,,,,,,,
410339,2009,2009-08-14,Queens Sports Club,1,15.5,Zimbabwe,Bangladesh,H Masakadza,BRM Taylor,Enamul Haque jnr,0,0,,,,,,,,,
410339,2009,2009-08-14,Queens Sports Club,1,15.6,Zimbabwe,Bangladesh,H Masakadza,BRM Taylor,Enamul Haque jnr,1,0,,,,,,,,,
410339,2009,2009-08-14,Queens Sports Club,1,16.1,Zimbabwe,Bangladesh,H Masakadza,BRM Taylor,Shakib Al Hasan,1,0,,,,,,,,,
410339,2009,2009-08-14,Queens Sports Club,1,16.2,Zimbabwe,Bangladesh,BRM Taylor,H Masakadza,Shakib Al Hasan,1,0,,,,,,,,,
410339,2009,2009-08-14,Queens Sports Club,1,16.3,Zimbabwe,Bangladesh,H Masakadza,BRM Taylor,Shakib Al Hasan,6,0,,,,,,,,,
410339,2009,2009-08-14,Queens Sports Club,1,16.4,Zimbabwe,Bangladesh,H Masakadza,BRM Taylor,Shakib Al Hasan,1,0,,,,,,,,,
410339,2009,2009-08-14,Queens Sports Club,1,16.5,Zimbabwe,Bangladesh,BRM Taylor,H Masakadza,Shakib Al Hasan,5,0,,,,,,,,,
410339,2009,2009-08-14,Queens Sports Club,1,16.6,Zimbabwe,Bangladesh,H Masakadza,BRM Taylor,Shakib Al Hasan,0,0,,,,,,,,,
410339,2009,2009-08-14,Queens Sports Club,1,17.1,Zimbabwe,Bangladesh,BRM Taylor,H Masakadza,Mehrab Hossain jnr,1,0,,,,,,,,,
410339,2009,2009-08-14,Queens Sports Club,1,17.2,Zimbabwe,Bangladesh,H Masakadza,BRM Taylor,Mehrab Hossain jnr,1,0,,,,,,,,,
410339,2009,2009-08-14,Queens Sports Club,1,17.3,Zimbabwe,Bangladesh,BRM Taylor,H Masakadza,Mehrab Hossain jnr,0,0,,,,,,,,,
410339,2009,2009-08-14,Queens Sports Club,1,17.4,Zimbabwe,Bangladesh,BRM Taylor,H Masakadza,Mehrab Hossain jnr,2,0,,,,,,,,,
410339,2009,2009-08-14,Queens Sports Club,1,17.5,Zimbabwe,Bangladesh,BRM Taylor,H Masakadza,Mehrab Hossain jnr,0,0,,,,,,,,,
410339,2009,2009-08-14,Queens Sports Club,1,17.6,Zimbabwe,Bangladesh,BRM Taylor,H Masakadza,Mehrab Hossain jnr,1,0,,,,,,,,,
410339,2009,2009-08-14,Queens Sports Club,1,18.1,Zimbabwe,Bangladesh,BRM Taylor,H Masakadza,Enamul Haque jnr,1,0,,,,,,,,,
410339,2009,2009-08-14,Queens Sports Club,1,18.2,Zimbabwe,Bangladesh,H Masakadza,BRM Taylor,Enamul Haque jnr,0,0,,,,,,,,,
410339,2009,2009-08-14,Queens Sports Club,1,18.3,Zimbabwe,Bangladesh,H Masakadza,BRM Taylor,Enamul Haque jnr,1,0,,,,,,,,,
410339,2009,2009-08-14,Queens Sports Club,1,18.4,Zimbabwe,Bangladesh,BRM Taylor,H Masakadza,Enamul Haque jnr,1,0,,,,,,,,,
410339,2009,2009-08-14,Queens Sports Club,1,18.5,Zimbabwe,Bangladesh,H Masakadza,BRM Taylor,Enamul Haque jnr,1,0,,,,,,,,,
410339,2009,2009-08-14,Queens Sports Club,1,18.6,Zimbabwe,Bangladesh,BRM Taylor,H Masakadza,Enamul Haque jnr,1,0,,,,,,,,,
410339,2009,2009-08-14,Queens Sports Club,1,19.1,Zimbabwe,Bangladesh,BRM Taylor,H Masakadza,Mehrab Hossain jnr,1,0,,,,,,,,,
410339,2009,2009-08-14,Queens Sports Club,1,19.2,Zimbabwe,Bangladesh,H Masakadza,BRM Taylor,Mehrab Hossain jnr,1,0,,,,,,,,,
410339,2009,2009-08-14,Queens Sports Club,1,19.3,Zimbabwe,Bangladesh,BRM Taylor,H Masakadza,Mehrab Hossain jnr,1,0,,,,,,,,,
410339,2009,2009-08-14,Queens Sports Club,1,19.4,Zimbabwe,Bangladesh,H Masakadza,BRM Taylor,Mehrab Hossain jnr,1,0,,,,,,,,,
410339,2009,2009-08-14,Queens Sports Club,1,19.5,Zimbabwe,Bangladesh,BRM Taylor,H Masakadza,Mehrab Hossain jnr,1,0,,,,,,,,,
410339,2009,2009-08-14,Queens Sports Club,1,19.6,Zimbabwe,Bangladesh,H Masakadza,BRM Taylor,Mehrab Hossain jnr,1,0,,,,,,,,,
410339,2009,2009-08-14,Queens Sports Club,1,20.1,Zimbabwe,Bangladesh,H Masakadza,BRM Taylor,Enamul Haque jnr,0,0,,,,,,,,,
410339,2009,2009-08-14,Queens Sports Club,1,20.2,Zimbabwe,Bangladesh,H Masakadza,BRM Taylor,Enamul Haque jnr,0,0,,,,,,,,,
410339,2009,2009-08-14,Queens Sports Club,1,20.3,Zimbabwe,Bangladesh,H Masakadza,BRM Taylor,Enamul Haque jnr,1,0,,,,,,,,,
410339,2009,2009-08-14,Queens Sports Club,1,20.4,Zimbabwe,Bangladesh,BRM Taylor,H Masakadza,Enamul Haque jnr,1,0,,,,,,,,,
410339,2009,2009-08-14,Queens Sports Club,1,20.5,Zimbabwe,Bangladesh,H Masakadza,BRM Taylor,Enamul Haque jnr,1,0,,,,,,,,,
410339,2009,2009-08-14,Queens Sports Club,1,20.6,Zimbabwe,Bangladesh,BRM Taylor,H Masakadza,Enamul Haque jnr,0,0,,,,,,,,,
410339,2009,2009-08-14,Queens Sports Club,1,21.1,Zimbabwe,Bangladesh,H Masakadza,BRM Taylor,Mehrab Hossain jnr,0,0,,,,,,,,,
410339,2009,2009-08-14,Queens Sports Club,1,21.2,Zimbabwe,Bangladesh,H Masakadza,BRM Taylor,Mehrab Hossain jnr,1,0,,,,,,,,,
410339,2009,2009-08-14,Queens Sports Club,1,21.3,Zimbabwe,Bangladesh,BRM Taylor,H Masakadza,Mehrab Hossain jnr,1,0,,,,,,,,,
410339,2009,2009-08-14,Queens Sports Club,1,21.4,Zimbabwe,Bangladesh,H Masakadza,BRM Taylor,Mehrab Hossain jnr,1,0,,,,,,,,,
410339,2009,2009-08-14,Queens Sports Club,1,21.5,Zimbabwe,Bangladesh,BRM Taylor,H Masakadza,Mehrab Hossain jnr,1,0,,,,,,,,,
410339,2009,2009-08-14,Queens Sports Club,1,21.6,Zimbabwe,Bangladesh,H Masakadza,BRM Taylor,Mehrab Hossain jnr,0,0,,,,,,,,,
410339,2009,2009-08-14,Queens Sports Club,1,22.1,Zimbabwe,Bangladesh,BRM Taylor,H Masakadza,Enamul Haque jnr,0,0,,,,,,,,,
410339,2009,2009-08-14,Queens Sports Club,1,22.2,Zimbabwe,Bangladesh,BRM Taylor,H Masakadza,Enamul Haque jnr,2,0,,,,,,,,,
410339,2009,2009-08-14,Queens Sports Club,1,22.3,Zimbabwe,Bangladesh,BRM Taylor,H Masakadza,Enamul Haque jnr,2,0,,,,,,,,,
410339,2009,2009-08-14,Queens Sports Club,1,22.4,Zimbabwe,Bangladesh,BRM Taylor,H Masakadza,Enamul Haque jnr,1,0,,,,,,,,,
410339,2009,2009-08-14,Queens Sports Club,1,22.5,Zimbabwe,Bangladesh,H Masakadza,BRM Taylor,Enamul Haque jnr,0,0,,,,,,,,,
410339,2009,2009-08-14,Queens Sports Club,1,22.6,Zimbabwe,Bangladesh,H Masakadza,BRM Taylor,Enamul Haque jnr,1,0,,,,,,,,,
410339,2009,2009-08-14,Queens Sports Club,1,23.1,Zimbabwe,Bangladesh,H Masakadza,BRM Taylor,Mehrab Hossain jnr,0,0,,,,,,,,,
410339,2009,2009-08-14,Queens Sports Club,1,23.2,Zimbabwe,Bangladesh,H Masakadza,BRM Taylor,Mehrab Hossain jnr,1,0,,,,,,,,,
410339,2009,2009-08-14,Queens Sports Club,1,23.3,Zimbabwe,Bangladesh,BRM Taylor,H Masakadza,Mehrab Hossain jnr,0,0,,,,,,,,,
410339,2009,2009-08-14,Queens Sports Club,1,23.4,Zimbabwe,Bangladesh,BRM Taylor,H Masakadza,Mehrab Hossain jnr,0,0,,,,,,,,,
410339,2009,2009-08-14,Queens Sports Club,1,23.5,Zimbabwe,Bangladesh,BRM Taylor,H Masakadza,Mehrab Hossain jnr,1,0,,,,,,,,,
410339,2009,2009-08-14,Queens Sports Club,1,23.6,Zimbabwe,Bangladesh,H Masakadza,BRM Taylor,Mehrab Hossain jnr,1,0,,,,,,,,,
410339,2009,2009-08-14,Queens Sports Club,1,24.1,Zimbabwe,Bangladesh,H Masakadza,BRM Taylor,Enamul Haque jnr,1,0,,,,,,,,,
410339,2009,2009-08-14,Queens Sports Club,1,24.2,Zimbabwe,Bangladesh,BRM Taylor,H Masakadza,Enamul Haque jnr,0,0,,,,,,,,,
410339,2009,2009-08-14,Queens Sports Club,1,24.3,Zimbabwe,Bangladesh,BRM Taylor,H Masakadza,Enamul Haque jnr,0,0,,,,,,,,,
410339,2009,2009-08-14,Queens Sports Club,1,24.4,Zimbabwe,Bangladesh,BRM Taylor,H Masakadza,Enamul Haque jnr,1,0,,,,,,,,,
410339,2009,2009-08-14,Queens Sports Club,1,24.5,Zimbabwe,Bangladesh,H Masakadza,BRM Taylor,Enamul Haque jnr,1,0,,,,,,,,,
410339,2009,2009-08-14,Queens Sports Club,1,24.6,Zimbabwe,Bangladesh,BRM Taylor,H Masakadza,Enamul Haque jnr,1,0,,,,,,,,,
410339,2009,2009-08-14,Queens Sports Club,1,25.1,Zimbabwe,Bangladesh,BRM Taylor,H Masakadza,Mehrab Hossain jnr,0,0,,,,,,,,,
410339,2009,2009-08-14,Queens Sports Club,1,25.2,Zimbabwe,Bangladesh,BRM Taylor,H Masakadza,Mehrab Hossain jnr,1,0,,,,,,,,,
410339,2009,2009-08-14,Queens Sports Club,1,25.3,Zimbabwe,Bangladesh,H Masakadza,BRM Taylor,Mehrab Hossain jnr,0,0,,,,,,,,,
410339,2009,2009-08-14,Queens Sports Club,1,25.4,Zimbabwe,Bangladesh,H Masakadza,BRM Taylor,Mehrab Hossain jnr,0,0,,,,,,,,,
410339,2009,2009-08-14,Queens Sports Club,1,25.5,Zimbabwe,Bangladesh,H Masakadza,BRM Taylor,Mehrab Hossain jnr,2,0,,,,,,,,,
410339,2009,2009-08-14,Queens Sports Club,1,25.6,Zimbabwe,Bangladesh,H Masakadza,BRM Taylor,Mehrab Hossain jnr,1,0,,,,,,,,,
410339,2009,2009-08-14,Queens Sports Club,1,26.1,Zimbabwe,Bangladesh,H Masakadza,BRM Taylor,Enamul Haque jnr,0,0,,,,,,,,,
410339,2009,2009-08-14,Queens Sports Club,1,26.2,Zimbabwe,Bangladesh,H Masakadza,BRM Taylor,Enamul Haque jnr,0,0,,,,,,,,,
410339,2009,2009-08-14,Queens Sports Club,1,26.3,Zimbabwe,Bangladesh,H Masakadza,BRM Taylor,Enamul Haque jnr,1,0,,,,,,,,,
410339,2009,2009-08-14,Queens Sports Club,1,26.4,Zimbabwe,Bangladesh,BRM Taylor,H Masakadza,Enamul Haque jnr,1,0,,,,,,,,,
410339,2009,2009-08-14,Queens Sports Club,1,26.5,Zimbabwe,Bangladesh,H Masakadza,BRM Taylor,Enamul Haque jnr,1,0,,,,,,,,,
410339,2009,2009-08-14,Queens Sports Club,1,26.6,Zimbabwe,Bangladesh,BRM Taylor,H Masakadza,Enamul Haque jnr,1,0,,,,,,,,,
410339,2009,2009-08-14,Queens Sports Club,1,27.1,Zimbabwe,Bangladesh,BRM Taylor,H Masakadza,Mahmudullah,0,0,,,,,,,,,
410339,2009,2009-08-14,Queens Sports Club,1,27.2,Zimbabwe,Bangladesh,BRM Taylor,H Masakadza,Mahmudullah,1,0,,,,,,,,,
410339,2009,2009-08-14,Queens Sports Club,1,27.3,Zimbabwe,Bangladesh,H Masakadza,BRM Taylor,Mahmudullah,0,0,,,,,,,,,
410339,2009,2009-08-14,Queens Sports Club,1,27.4,Zimbabwe,Bangladesh,H Masakadza,BRM Taylor,Mahmudullah,4,0,,,,,,,,,
410339,2009,2009-08-14,Queens Sports Club,1,27.5,Zimbabwe,Bangladesh,H Masakadza,BRM Taylor,Mahmudullah,1,0,,,,,,,,,
410339,2009,2009-08-14,Queens Sports Club,1,27.6,Zimbabwe,Bangladesh,BRM Taylor,H Masakadza,Mahmudullah,1,0,,,,,,,,,
410339,2009,2009-08-14,Queens Sports Club,1,28.1,Zimbabwe,Bangladesh,BRM Taylor,H Masakadza,Mehrab Hossain jnr,1,0,,,,,,,,,
410339,2009,2009-08-14,Queens Sports Club,1,28.2,Zimbabwe,Bangladesh,H Masakadza,BRM Taylor,Mehrab Hossain jnr,1,0,,,,,,,,,
410339,2009,2009-08-14,Queens Sports Club,1,28.3,Zimbabwe,Bangladesh,BRM Taylor,H Masakadza,Mehrab Hossain jnr,1,0,,,,,,,,,
410339,2009,2009-08-14,Queens Sports Club,1,28.4,Zimbabwe,Bangladesh,H Masakadza,BRM Taylor,Mehrab Hossain jnr,1,0,,,,,,,,,
410339,2009,2009-08-14,Queens Sports Club,1,28.5,Zimbabwe,Bangladesh,BRM Taylor,H Masakadza,Mehrab Hossain jnr,1,0,,,,,,,,,
410339,2009,2009-08-14,Queens Sports Club,1,28.6,Zimbabwe,Bangladesh,H Masakadza,BRM Taylor,Mehrab Hossain jnr,3,0,,,,,,,,,
410339,2009,2009-08-14,Queens Sports Club,1,29.1,Zimbabwe,Bangladesh,H Masakadza,BRM Taylor,Mahmudullah,4,0,,,,,,,,,
410339,2009,2009-08-14,Queens Sports Club,1,29.2,Zimbabwe,Bangladesh,H Masakadza,BRM Taylor,Mahmudullah,0,0,,,,,,,,,
410339,2009,2009-08-14,Queens Sports Club,1,29.3,Zimbabwe,Bangladesh,H Masakadza,BRM Taylor,Mahmudullah,1,0,,,,,,,,,
410339,2009,2009-08-14,Queens Sports Club,1,29.4,Zimbabwe,Bangladesh,BRM Taylor,H Masakadza,Mahmudullah,0,0,,,,,,,,,
410339,2009,2009-08-14,Queens Sports Club,1,29.5,Zimbabwe,Bangladesh,BRM Taylor,H Masakadza,Mahmudullah,1,0,,,,,,,,,
410339,2009,2009-08-14,Queens Sports Club,1,29.6,Zimbabwe,Bangladesh,H Masakadza,BRM Taylor,Mahmudullah,1,0,,,,,,,,,
410339,2009,2009-08-14,Queens Sports Club,1,30.1,Zimbabwe,Bangladesh,H Masakadza,BRM Taylor,Mehrab Hossain jnr,0,0,,,,,,,,,
410339,2009,2009-08-14,Queens Sports Club,1,30.2,Zimbabwe,Bangladesh,H Masakadza,BRM Taylor,Mehrab Hossain jnr,1,0,,,,,,,,,
410339,2009,2009-08-14,Queens Sports Club,1,30.3,Zimbabwe,Bangladesh,BRM Taylor,H Masakadza,Mehrab Hossain jnr,1,0,,,,,,,,,
410339,2009,2009-08-14,Queens Sports Club,1,30.4,Zimbabwe,Bangladesh,H Masakadza,BRM Taylor,Mehrab Hossain jnr,1,0,,,,,,,,,
410339,2009,2009-08-14,Queens Sports Club,1,30.5,Zimbabwe,Bangladesh,BRM Taylor,H Masakadza,Mehrab Hossain jnr,1,0,,,,,,,,,
410339,2009,2009-08-14,Queens Sports Club,1,30.6,Zimbabwe,Bangladesh,H Masakadza,BRM Taylor,Mehrab Hossain jnr,1,0,,,,,,,,,
410339,2009,2009-08-14,Queens Sports Club,1,31.1,Zimbabwe,Bangladesh,H Masakadza,BRM Taylor,Shakib Al Hasan,1,0,,,,,,,,,
410339,2009,2009-08-14,Queens Sports Club,1,31.2,Zimbabwe,Bangladesh,BRM Taylor,H Masakadza,Shakib Al Hasan,1,0,,,,,,,,,
410339,2009,2009-08-14,Queens Sports Club,1,31.3,Zimbabwe,Bangladesh,H Masakadza,BRM Taylor,Shakib Al Hasan,0,0,,,,,,,,,
410339,2009,2009-08-14,Queens Sports Club,1,31.4,Zimbabwe,Bangladesh,H Masakadza,BRM Taylor,Shakib Al Hasan,1,0,,,,,,,,,
410339,2009,2009-08-14,Queens Sports Club,1,31.5,Zimbabwe,Bangladesh,BRM Taylor,H Masakadza,Shakib Al Hasan,0,0,,,,,,,,,
410339,2009,2009-08-14,Queens Sports Club,1,31.6,Zimbabwe,Bangladesh,BRM Taylor,H Masakadza,Shakib Al Hasan,1,0,,,,,,,,,
410339,2009,2009-08-14,Queens Sports Club,1,32.1,Zimbabwe,Bangladesh,BRM Taylor,H Masakadza,Mehrab Hossain jnr,1,0,,,,,,,,,
410339,2009,2009-08-14,Queens Sports Club,1,32.2,Zimbabwe,Bangladesh,H Masakadza,BRM Taylor,Mehrab Hossain jnr,1,0,,,,,,,,,
410339,2009,2009-08-14,Queens Sports Club,1,32.3,Zimbabwe,Bangladesh,BRM Taylor,H Masakadza,Mehrab Hossain jnr,0,0,,,,,,,,,
410339,2009,2009-08-14,Queens Sports Club,1,32.4,Zimbabwe,Bangladesh,BRM Taylor,H Masakadza,Mehrab Hossain jnr,0,0,,,,,,,,,
410339,2009,2009-08-14,Queens Sports Club,1,32.5,Zimbabwe,Bangladesh,BRM Taylor,H Masakadza,Mehrab Hossain jnr,1,0,,,,,,,,,
410339,2009,2009-08-14,Queens Sports Club,1,32.6,Zimbabwe,Bangladesh,H Masakadza,BRM Taylor,Mehrab Hossain jnr,1,0,,,,,,,,,
410339,2009,2009-08-14,Queens Sports Club,1,33.1,Zimbabwe,Bangladesh,H Masakadza,BRM Taylor,Shakib Al Hasan,1,0,,,,,,,,,
410339,2009,2009-08-14,Queens Sports Club,1,33.2,Zimbabwe,Bangladesh,BRM Taylor,H Masakadza,Shakib Al Hasan,0,0,,,,,,,,,
410339,2009,2009-08-14,Queens Sports Club,1,33.3,Zimbabwe,Bangladesh,BRM Taylor,H Masakadza,Shakib Al Hasan,1,0,,,,,,,,,
410339,2009,2009-08-14,Queens Sports Club,1,33.4,Zimbabwe,Bangladesh,H Masakadza,BRM Taylor,Shakib Al Hasan,0,0,,,,,,,,,
410339,2009,2009-08-14,Queens Sports Club,1,33.5,Zimbabwe,Bangladesh,H Masakadza,BRM Taylor,Shakib Al Hasan,3,0,,,,,,,,,
410339,2009,2009-08-14,Queens Sports Club,1,33.6,Zimbabwe,Bangladesh,BRM Taylor,H Masakadza,Shakib Al Hasan,0,0,,,,,,,,,
410339,2009,2009-08-14,Queens Sports Club,1,34.1,Zimbabwe,Bangladesh,H Masakadza,BRM Taylor,Mahbubul Alam,0,0,,,,,,,,,
410339,2009,2009-08-14,Queens Sports Club,1,34.2,Zimbabwe,Bangladesh,H Masakadza,BRM Taylor,Mahbubul Alam,1,0,,,,,,,,,
410339,2009,2009-08-14,Queens Sports Club,1,34.3,Zimbabwe,Bangladesh,BRM Taylor,H Masakadza,Mahbubul Alam,1,0,,,,,,,,,
410339,2009,2009-08-14,Queens Sports Club,1,34.4,Zimbabwe,Bangladesh,H Masakadza,BRM Taylor,Mahbubul Alam,6,0,,,,,,,,,
410339,2009,2009-08-14,Queens Sports Club,1,34.5,Zimbabwe,Bangladesh,H Masakadza,BRM Taylor,Mahbubul Alam,2,0,,,,,,,,,
410339,2009,2009-08-14,Queens Sports Club,1,34.6,Zimbabwe,Bangladesh,H Masakadza,BRM Taylor,Mahbubul Alam,1,0,,,,,,,,,
410339,2009,2009-08-14,Queens Sports Club,1,35.1,Zimbabwe,Bangladesh,H Masakadza,BRM Taylor,Enamul Haque jnr,0,0,,,,,,,,,
410339,2009,2009-08-14,Queens Sports Club,1,35.2,Zimbabwe,Bangladesh,H Masakadza,BRM Taylor,Enamul Haque jnr,2,0,,,,,,,,,
410339,2009,2009-08-14,Queens Sports Club,1,35.3,Zimbabwe,Bangladesh,H Masakadza,BRM Taylor,Enamul Haque jnr,1,0,,,,,,,,,
410339,2009,2009-08-14,Queens Sports Club,1,35.4,Zimbabwe,Bangladesh,BRM Taylor,H Masakadza,Enamul Haque jnr,0,0,,,,,,,,,
410339,2009,2009-08-14,Queens Sports Club,1,35.5,Zimbabwe,Bangladesh,BRM Taylor,H Masakadza,Enamul Haque jnr,0,0,,,,,,,,,
410339,2009,2009-08-14,Queens Sports Club,1,35.6,Zimbabwe,Bangladesh,BRM Taylor,H Masakadza,Enamul Haque jnr,1,0,,,,,,,,,
410339,2009,2009-08-14,Queens Sports Club,1,36.1,Zimbabwe,Bangladesh,BRM Taylor,H Masakadza,Syed Rasel,0,0,,,,,,,,,
410339,2009,2009-08-14,Queens Sports Club,1,36.2,Zimbabwe,Bangladesh,BRM Taylor,H Masakadza,Syed Rasel,1,0,,,,,,,,,
410339,2009,2009-08-14,Queens Sports Club,1,36.3,Zimbabwe,Bangladesh,H Masakadza,BRM Taylor,Syed Rasel,1,0,,,,,,,,,
410339,2009,2009-08-14,Queens Sports Club,1,36.4,Zimbabwe,Bangladesh,BRM Taylor,H Masakadza,Syed Rasel,1,0,,,,,,,,,
410339,2009,2009-08-14,Queens Sports Club,1,36.5,Zimbabwe,Bangladesh,H Masakadza,BRM Taylor,Syed Rasel,0,0,,,,,,,,,
410339,2009,2009-08-14,Queens Sports Club,1,36.6,Zimbabwe,Bangladesh,H Masakadza,BRM Taylor,Syed Rasel,2,0,,,,,,,,,
410339,2009,2009-08-14,Queens Sports Club,1,37.1,Zimbabwe,Bangladesh,BRM Taylor,H Masakadza,Enamul Haque jnr,1,0,,,,,,,,,
410339,2009,2009-08-14,Queens Sports Club,1,37.2,Zimbabwe,Bangladesh,H Masakadza,BRM Taylor,Enamul Haque jnr,1,0,,,,,,,,,
410339,2009,2009-08-14,Queens Sports Club,1,37.3,Zimbabwe,Bangladesh,BRM Taylor,H Masakadza,Enamul Haque jnr,1,0,,,,,,,,,
410339,2009,2009-08-14,Queens Sports Club,1,37.4,Zimbabwe,Bangladesh,H Masakadza,BRM Taylor,Enamul Haque jnr,1,0,,,,,,,,,
410339,2009,2009-08-14,Queens Sports Club,1,37.5,Zimbabwe,Bangladesh,BRM Taylor,H Masakadza,Enamul Haque jnr,1,0,,,,,,,,,
410339,2009,2009-08-14,Queens Sports Club,1,37.6,Zimbabwe,Bangladesh,H Masakadza,BRM Taylor,Enamul Haque jnr,0,0,,,,,,,,,
410339,2009,2009-08-14,Queens Sports Club,1,38.1,Zimbabwe,Bangladesh,BRM Taylor,H Masakadza,Syed Rasel,0,0,,,,,,,,,
410339,2009,2009-08-14,Queens Sports Club,1,38.2,Zimbabwe,Bangladesh,BRM Taylor,H Masakadza,Syed Rasel,1,0,,,,,,,,,
410339,2009,2009-08-14,Queens Sports Club,1,38.3,Zimbabwe,Bangladesh,H Masakadza,BRM Taylor,Syed Rasel,1,0,,,,,,,,,
410339,2009,2009-08-14,Queens Sports Club,1,38.4,Zimbabwe,Bangladesh,BRM Taylor,H Masakadza,Syed Rasel,3,0,,,,,,,,,
410339,2009,2009-08-14,Queens Sports Club,1,38.5,Zimbabwe,Bangladesh,H Masakadza,BRM Taylor,Syed Rasel,2,0,,,,,,,,,
410339,2009,2009-08-14,Queens Sports Club,1,38.6,Zimbabwe,Bangladesh,H Masakadza,BRM Taylor,Syed Rasel,0,0,,,,,,bowled,H Masakadza,,
410339,2009,2009-08-14,Queens Sports Club,1,39.1,Zimbabwe,Bangladesh,BRM Taylor,E Chigumbura,Mehrab Hossain jnr,2,0,,,,,,,,,
410339,2009,2009-08-14,Queens Sports Club,1,39.2,Zimbabwe,Bangladesh,BRM Taylor,E Chigumbura,Mehrab Hossain jnr,0,0,,,,,,,,,
410339,2009,2009-08-14,Queens Sports Club,1,39.3,Zimbabwe,Bangladesh,BRM Taylor,E Chigumbura,Mehrab Hossain jnr,0,0,,,,,,,,,
410339,2009,2009-08-14,Queens Sports Club,1,39.4,Zimbabwe,Bangladesh,BRM Taylor,E Chigumbura,Mehrab Hossain jnr,0,0,,,,,,,,,
410339,2009,2009-08-14,Queens Sports Club,1,39.5,Zimbabwe,Bangladesh,BRM Taylor,E Chigumbura,Mehrab Hossain jnr,0,0,,,,,,,,,
410339,2009,2009-08-14,Queens Sports Club,1,39.6,Zimbabwe,Bangladesh,BRM Taylor,E Chigumbura,Mehrab Hossain jnr,4,0,,,,,,,,,
410339,2009,2009-08-14,Queens Sports Club,1,40.1,Zimbabwe,Bangladesh,E Chigumbura,BRM Taylor,Mahbubul Alam,0,0,,,,,,,,,
410339,2009,2009-08-14,Queens Sports Club,1,40.2,Zimbabwe,Bangladesh,E Chigumbura,BRM Taylor,Mahbubul Alam,2,0,,,,,,,,,
410339,2009,2009-08-14,Queens Sports Club,1,40.3,Zimbabwe,Bangladesh,E Chigumbura,BRM Taylor,Mahbubul Alam,4,0,,,,,,,,,
410339,2009,2009-08-14,Queens Sports Club,1,40.4,Zimbabwe,Bangladesh,E Chigumbura,BRM Taylor,Mahbubul Alam,0,0,,,,,,,,,
410339,2009,2009-08-14,Queens Sports Club,1,40.5,Zimbabwe,Bangladesh,E Chigumbura,BRM Taylor,Mahbubul Alam,2,0,,,,,,,,,
410339,2009,2009-08-14,Queens Sports Club,1,40.6,Zimbabwe,Bangladesh,E Chigumbura,BRM Taylor,Mahbubul Alam,1,0,,,,,,,,,
410339,2009,2009-08-14,Queens Sports Club,1,41.1,Zimbabwe,Bangladesh,E Chigumbura,BRM Taylor,Mehrab Hossain jnr,1,0,,,,,,,,,
410339,2009,2009-08-14,Queens Sports Club,1,41.2,Zimbabwe,Bangladesh,BRM Taylor,E Chigumbura,Mehrab Hossain jnr,1,0,,,,,,,,,
410339,2009,2009-08-14,Queens Sports Club,1,41.3,Zimbabwe,Bangladesh,E Chigumbura,BRM Taylor,Mehrab Hossain jnr,6,0,,,,,,,,,
410339,2009,2009-08-14,Queens Sports Club,1,41.4,Zimbabwe,Bangladesh,E Chigumbura,BRM Taylor,Mehrab Hossain jnr,2,0,,,,,,,,,
410339,2009,2009-08-14,Queens Sports Club,1,41.5,Zimbabwe,Bangladesh,E Chigumbura,BRM Taylor,Mehrab Hossain jnr,1,0,,,,,,,,,
410339,2009,2009-08-14,Queens Sports Club,1,41.6,Zimbabwe,Bangladesh,BRM Taylor,E Chigumbura,Mehrab Hossain jnr,0,0,,,,,,,,,
410339,2009,2009-08-14,Queens Sports Club,1,42.1,Zimbabwe,Bangladesh,E Chigumbura,BRM Taylor,Mahbubul Alam,0,0,,,,,,,,,
410339,2009,2009-08-14,Queens Sports Club,1,42.2,Zimbabwe,Bangladesh,E Chigumbura,BRM Taylor,Mahbubul Alam,4,0,,,,,,,,,
410339,2009,2009-08-14,Queens Sports Club,1,42.3,Zimbabwe,Bangladesh,E Chigumbura,BRM Taylor,Mahbubul Alam,4,0,,,,,,,,,
410339,2009,2009-08-14,Queens Sports Club,1,42.4,Zimbabwe,Bangladesh,E Chigumbura,BRM Taylor,Mahbubul Alam,1,0,,,,,,,,,
410339,2009,2009-08-14,Queens Sports Club,1,42.5,Zimbabwe,Bangladesh,BRM Taylor,E Chigumbura,Mahbubul Alam,3,0,,,,,,,,,
410339,2009,2009-08-14,Queens Sports Club,1,42.6,Zimbabwe,Bangladesh,E Chigumbura,BRM Taylor,Mahbubul Alam,1,0,,,,,,,,,
410339,2009,2009-08-14,Queens Sports Club,1,43.1,Zimbabwe,Bangladesh,E Chigumbura,BRM Taylor,Shakib Al Hasan,1,0,,,,,,,,,
410339,2009,2009-08-14,Queens Sports Club,1,43.2,Zimbabwe,Bangladesh,BRM Taylor,E Chigumbura,Shakib Al Hasan,2,0,,,,,,,,,
410339,2009,2009-08-14,Queens Sports Club,1,43.3,Zimbabwe,Bangladesh,BRM Taylor,E Chigumbura,Shakib Al Hasan,6,0,,,,,,,,,
410339,2009,2009-08-14,Queens Sports Club,1,43.4,Zimbabwe,Bangladesh,BRM Taylor,E Chigumbura,Shakib Al Hasan,1,0,,,,,,,,,
410339,2009,2009-08-14,Queens Sports Club,1,43.5,Zimbabwe,Bangladesh,E Chigumbura,BRM Taylor,Shakib Al Hasan,0,0,,,,,,,,,
410339,2009,2009-08-14,Queens Sports Club,1,43.6,Zimbabwe,Bangladesh,E Chigumbura,BRM Taylor,Shakib Al Hasan,2,0,,,,,,,,,
410339,2009,2009-08-14,Queens Sports Club,1,44.1,Zimbabwe,Bangladesh,BRM Taylor,E Chigumbura,Syed Rasel,1,0,,,,,,,,,
410339,2009,2009-08-14,Queens Sports Club,1,44.2,Zimbabwe,Bangladesh,E Chigumbura,BRM Taylor,Syed Rasel,0,0,,,,,,,,,
410339,2009,2009-08-14,Queens Sports Club,1,44.3,Zimbabwe,Bangladesh,E Chigumbura,BRM Taylor,Syed Rasel,0,0,,,,,,,,,
410339,2009,2009-08-14,Queens Sports Club,1,44.4,Zimbabwe,Bangladesh,E Chigumbura,BRM Taylor,Syed Rasel,0,0,,,,,,,,,
410339,2009,2009-08-14,Queens Sports Club,1,44.5,Zimbabwe,Bangladesh,E Chigumbura,BRM Taylor,Syed Rasel,0,1,1,,,,,,,,
410339,2009,2009-08-14,Queens Sports Club,1,44.6,Zimbabwe,Bangladesh,E Chigumbura,BRM Taylor,Syed Rasel,6,0,,,,,,,,,
410339,2009,2009-08-14,Queens Sports Club,1,44.7,Zimbabwe,Bangladesh,E Chigumbura,BRM Taylor,Syed Rasel,6,0,,,,,,,,,
410339,2009,2009-08-14,Queens Sports Club,1,45.1,Zimbabwe,Bangladesh,BRM Taylor,E Chigumbura,Shakib Al Hasan,2,0,,,,,,,,,
410339,2009,2009-08-14,Queens Sports Club,1,45.2,Zimbabwe,Bangladesh,BRM Taylor,E Chigumbura,Shakib Al Hasan,1,0,,,,,,,,,
410339,2009,2009-08-14,Queens Sports Club,1,45.3,Zimbabwe,Bangladesh,E Chigumbura,BRM Taylor,Shakib Al Hasan,1,0,,,,,,,,,
410339,2009,2009-08-14,Queens Sports Club,1,45.4,Zimbabwe,Bangladesh,BRM Taylor,E Chigumbura,Shakib Al Hasan,1,0,,,,,,,,,
410339,2009,2009-08-14,Queens Sports Club,1,45.5,Zimbabwe,Bangladesh,E Chigumbura,BRM Taylor,Shakib Al Hasan,0,0,,,,,,,,,
410339,2009,2009-08-14,Queens Sports Club,1,45.6,Zimbabwe,Bangladesh,E Chigumbura,BRM Taylor,Shakib Al Hasan,6,0,,,,,,,,,
410339,2009,2009-08-14,Queens Sports Club,1,46.1,Zimbabwe,Bangladesh,BRM Taylor,E Chigumbura,Syed Rasel,0,0,,,,,,,,,
410339,2009,2009-08-14,Queens Sports Club,1,46.2,Zimbabwe,Bangladesh,BRM Taylor,E Chigumbura,Syed Rasel,1,0,,,,,,,,,
410339,2009,2009-08-14,Queens Sports Club,1,46.3,Zimbabwe,Bangladesh,E Chigumbura,BRM Taylor,Syed Rasel,1,0,,,,,,,,,
410339,2009,2009-08-14,Queens Sports Club,1,46.4,Zimbabwe,Bangladesh,BRM Taylor,E Chigumbura,Syed Rasel,4,0,,,,,,,,,
410339,2009,2009-08-14,Queens Sports Club,1,46.5,Zimbabwe,Bangladesh,BRM Taylor,E Chigumbura,Syed Rasel,1,0,,,,,,,,,
410339,2009,2009-08-14,Queens Sports Club,1,46.6,Zimbabwe,Bangladesh,E Chigumbura,BRM Taylor,Syed Rasel,6,0,,,,,,,,,
410339,2009,2009-08-14,Queens Sports Club,1,47.1,Zimbabwe,Bangladesh,BRM Taylor,E Chigumbura,Shakib Al Hasan,0,0,,,,,,,,,
410339,2009,2009-08-14,Queens Sports Club,1,47.2,Zimbabwe,Bangladesh,BRM Taylor,E Chigumbura,Shakib Al Hasan,1,0,,,,,,run out,BRM Taylor,,
410339,2009,2009-08-14,Queens Sports Club,1,47.3,Zimbabwe,Bangladesh,S Matsikenyeri,E Chigumbura,Shakib Al Hasan,1,0,,,,,,,,,
410339,2009,2009-08-14,Queens Sports Club,1,47.4,Zimbabwe,Bangladesh,E Chigumbura,S Matsikenyeri,Shakib Al Hasan,1,0,,,,,,,,,
410339,2009,2009-08-14,Queens Sports Club,1,47.5,Zimbabwe,Bangladesh,S Matsikenyeri,E Chigumbura,Shakib Al Hasan,1,0,,,,,,,,,
410339,2009,2009-08-14,Queens Sports Club,1,47.6,Zimbabwe,Bangladesh,E Chigumbura,S Matsikenyeri,Shakib Al Hasan,1,0,,,,,,,,,
410339,2009,2009-08-14,Queens Sports Club,1,48.1,Zimbabwe,Bangladesh,E Chigumbura,S Matsikenyeri,Mahbubul Alam,1,0,,,,,,,,,
410339,2009,2009-08-14,Queens Sports Club,1,48.2,Zimbabwe,Bangladesh,S Matsikenyeri,E Chigumbura,Mahbubul Alam,6,0,,,,,,,,,
410339,2009,2009-08-14,Queens Sports Club,1,48.3,Zimbabwe,Bangladesh,S Matsikenyeri,E Chigumbura,Mahbubul Alam,2,0,,,,,,,,,
410339,2009,2009-08-14,Queens Sports Club,1,48.4,Zimbabwe,Bangladesh,S Matsikenyeri,E Chigumbura,Mahbubul Alam,2,0,,,,,,,,,
410339,2009,2009-08-14,Queens Sports Club,1,48.5,Zimbabwe,Bangladesh,S Matsikenyeri,E Chigumbura,Mahbubul Alam,4,0,,,,,,,,,
410339,2009,2009-08-14,Queens Sports Club,1,48.6,Zimbabwe,Bangladesh,S Matsikenyeri,E Chigumbura,Mahbubul Alam,0,1,1,,,,,,,,
410339,2009,2009-08-14,Queens Sports Club,1,48.7,Zimbabwe,Bangladesh,S Matsikenyeri,E Chigumbura,Mahbubul Alam,1,0,,,,,,,,,
410339,2009,2009-08-14,Queens Sports Club,1,49.1,Zimbabwe,Bangladesh,S Matsikenyeri,E Chigumbura,Shakib Al Hasan,6,0,,,,,,,,,
410339,2009,2009-08-14,Queens Sports Club,1,49.2,Zimbabwe,Bangladesh,S Matsikenyeri,E Chigumbura,Shakib Al Hasan,0,0,,,,,,caught,S Matsikenyeri,,
410339,2009,2009-08-14,Queens Sports Club,1,49.3,Zimbabwe,Bangladesh,E Chigumbura,MN Waller,Shakib Al Hasan,0,1,,,1,,,,,,
410339,2009,2009-08-14,Queens Sports Club,1,49.4,Zimbabwe,Bangladesh,MN Waller,E Chigumbura,Shakib Al Hasan,2,0,,,,,,,,,
410339,2009,2009-08-14,Queens Sports Club,1,49.5,Zimbabwe,Bangladesh,MN Waller,E Chigumbura,Shakib Al Hasan,0,0,,,,,,caught,MN Waller,,
410339,2009,2009-08-14,Queens Sports Club,1,49.6,Zimbabwe,Bangladesh,E Chigumbura,P Utseya,Shakib Al Hasan,0,1,,,1,,,,,,
410339,2009,2009-08-14,Queens Sports Club,2,0.1,Bangladesh,Zimbabwe,Tamim Iqbal,Naeem Islam,T Mupariwa,0,0,,,,,,caught,Tamim Iqbal,,
410339,2009,2009-08-14,Queens Sports Club,2,0.2,Bangladesh,Zimbabwe,Mohammad Ashraful,Naeem Islam,T Mupariwa,4,0,,,,,,,,,
410339,2009,2009-08-14,Queens Sports Club,2,0.3,Bangladesh,Zimbabwe,Mohammad Ashraful,Naeem Islam,T Mupariwa,0,0,,,,,,,,,
410339,2009,2009-08-14,Queens Sports Club,2,0.4,Bangladesh,Zimbabwe,Mohammad Ashraful,Naeem Islam,T Mupariwa,0,0,,,,,,,,,
410339,2009,2009-08-14,Queens Sports Club,2,0.5,Bangladesh,Zimbabwe,Mohammad Ashraful,Naeem Islam,T Mupariwa,0,0,,,,,,,,,
410339,2009,2009-08-14,Queens Sports Club,2,0.6,Bangladesh,Zimbabwe,Mohammad Ashraful,Naeem Islam,T Mupariwa,0,0,,,,,,,,,
410339,2009,2009-08-14,Queens Sports Club,2,1.1,Bangladesh,Zimbabwe,Naeem Islam,Mohammad Ashraful,E Chigumbura,0,0,,,,,,,,,
410339,2009,2009-08-14,Queens Sports Club,2,1.2,Bangladesh,Zimbabwe,Naeem Islam,Mohammad Ashraful,E Chigumbura,4,0,,,,,,,,,
410339,2009,2009-08-14,Queens Sports Club,2,1.3,Bangladesh,Zimbabwe,Naeem Islam,Mohammad Ashraful,E Chigumbura,0,0,,,,,,bowled,Naeem Islam,,
410339,2009,2009-08-14,Queens Sports Club,2,1.4,Bangladesh,Zimbabwe,Raqibul Hasan,Mohammad Ashraful,E Chigumbura,2,0,,,,,,,,,
410339,2009,2009-08-14,Queens Sports Club,2,1.5,Bangladesh,Zimbabwe,Raqibul Hasan,Mohammad Ashraful,E Chigumbura,0,0,,,,,,,,,
410339,2009,2009-08-14,Queens Sports Club,2,1.6,Bangladesh,Zimbabwe,Raqibul Hasan,Mohammad Ashraful,E Chigumbura,0,0,,,,,,,,,
410339,2009,2009-08-14,Queens Sports Club,2,2.1,Bangladesh,Zimbabwe,Mohammad Ashraful,Raqibul Hasan,T Mupariwa,0,0,,,,,,,,,
410339,2009,2009-08-14,Queens Sports Club,2,2.2,Bangladesh,Zimbabwe,Mohammad Ashraful,Raqibul Hasan,T Mupariwa,0,0,,,,,,,,,
410339,2009,2009-08-14,Queens Sports Club,2,2.3,Bangladesh,Zimbabwe,Mohammad Ashraful,Raqibul Hasan,T Mupariwa,2,0,,,,,,,,,
410339,2009,2009-08-14,Queens Sports Club,2,2.4,Bangladesh,Zimbabwe,Mohammad Ashraful,Raqibul Hasan,T Mupariwa,0,0,,,,,,,,,
410339,2009,2009-08-14,Queens Sports Club,2,2.5,Bangladesh,Zimbabwe,Mohammad Ashraful,Raqibul Hasan,T Mupariwa,0,0,,,,,,,,,
410339,2009,2009-08-14,Queens Sports Club,2,2.6,Bangladesh,Zimbabwe,Mohammad Ashraful,Raqibul Hasan,T Mupariwa,0,0,,,,,,,,,
410339,2009,2009-08-14,Queens Sports Club,2,3.1,Bangladesh,Zimbabwe,Raqibul Hasan,Mohammad Ashraful,E Chigumbura,1,0,,,,,,,,,
410339,2009,2009-08-14,Queens Sports Club,2,3.2,Bangladesh,Zimbabwe,Mohammad Ashraful,Raqibul Hasan,E Chigumbura,2,0,,,,,,,,,
410339,2009,2009-08-14,Queens Sports Club,2,3.3,Bangladesh,Zimbabwe,Mohammad Ashraful,Raqibul Hasan,E Chigumbura,0,0,,,,,,,,,
410339,2009,2009-08-14,Queens Sports Club,2,3.4,Bangladesh,Zimbabwe,Mohammad Ashraful,Raqibul Hasan,E Chigumbura,1,0,,,,,,,,,
410339,2009,2009-08-14,Queens Sports Club,2,3.5,Bangladesh,Zimbabwe,Raqibul Hasan,Mohammad Ashraful,E Chigumbura,0,0,,,,,,,,,
410339,2009,2009-08-14,Queens Sports Club,2,3.6,Bangladesh,Zimbabwe,Raqibul Hasan,Mohammad Ashraful,E Chigumbura,0,0,,,,,,,,,
410339,2009,2009-08-14,Queens Sports Club,2,4.1,Bangladesh,Zimbabwe,Mohammad Ashraful,Raqibul Hasan,T Mupariwa,0,0,,,,,,caught,Mohammad Ashraful,,
410339,2009,2009-08-14,Queens Sports Club,2,4.2,Bangladesh,Zimbabwe,Shakib Al Hasan,Raqibul Hasan,T Mupariwa,0,0,,,,,,,,,
410339,2009,2009-08-14,Queens Sports Club,2,4.3,Bangladesh,Zimbabwe,Shakib Al Hasan,Raqibul Hasan,T Mupariwa,1,0,,,,,,,,,
410339,2009,2009-08-14,Queens Sports Club,2,4.4,Bangladesh,Zimbabwe,Raqibul Hasan,Shakib Al Hasan,T Mupariwa,0,1,,,1,,,,,,
410339,2009,2009-08-14,Queens Sports Club,2,4.5,Bangladesh,Zimbabwe,Shakib Al Hasan,Raqibul Hasan,T Mupariwa,0,0,,,,,,,,,
410339,2009,2009-08-14,Queens Sports Club,2,4.6,Bangladesh,Zimbabwe,Shakib Al Hasan,Raqibul Hasan,T Mupariwa,4,0,,,,,,,,,
410339,2009,2009-08-14,Queens Sports Club,2,5.1,Bangladesh,Zimbabwe,Raqibul Hasan,Shakib Al Hasan,E Chigumbura,0,0,,,,,,,,,
410339,2009,2009-08-14,Queens Sports Club,2,5.2,Bangladesh,Zimbabwe,Raqibul Hasan,Shakib Al Hasan,E Chigumbura,1,0,,,,,,,,,
410339,2009,2009-08-14,Queens Sports Club,2,5.3,Bangladesh,Zimbabwe,Shakib Al Hasan,Raqibul Hasan,E Chigumbura,0,0,,,,,,,,,
410339,2009,2009-08-14,Queens Sports Club,2,5.4,Bangladesh,Zimbabwe,Shakib Al Hasan,Raqibul Hasan,E Chigumbura,0,1,1,,,,,,,,
410339,2009,2009-08-14,Queens Sports Club,2,5.5,Bangladesh,Zimbabwe,Shakib Al Hasan,Raqibul Hasan,E Chigumbura,0,0,,,,,,,,,
410339,2009,2009-08-14,Queens Sports Club,2,5.6,Bangladesh,Zimbabwe,Shakib Al Hasan,Raqibul Hasan,E Chigumbura,0,0,,,,,,,,,
410339,2009,2009-08-14,Queens Sports Club,2,5.7,Bangladesh,Zimbabwe,Shakib Al Hasan,Raqibul Hasan,E Chigumbura,0,0,,,,,,,,,
410339,2009,2009-08-14,Queens Sports Club,2,6.1,Bangladesh,Zimbabwe,Raqibul Hasan,Shakib Al Hasan,T Mupariwa,0,0,,,,,,,,,
410339,2009,2009-08-14,Queens Sports Club,2,6.2,Bangladesh,Zimbabwe,Raqibul Hasan,Shakib Al Hasan,T Mupariwa,1,0,,,,,,,,,
410339,2009,2009-08-14,Queens Sports Club,2,6.3,Bangladesh,Zimbabwe,Shakib Al Hasan,Raqibul Hasan,T Mupariwa,2,0,,,,,,,,,
410339,2009,2009-08-14,Queens Sports Club,2,6.4,Bangladesh,Zimbabwe,Shakib Al Hasan,Raqibul Hasan,T Mupariwa,2,0,,,,,,,,,
410339,2009,2009-08-14,Queens Sports Club,2,6.5,Bangladesh,Zimbabwe,Shakib Al Hasan,Raqibul Hasan,T Mupariwa,0,0,,,,,,,,,
410339,2009,2009-08-14,Queens Sports Club,2,6.6,Bangladesh,Zimbabwe,Shakib Al Hasan,Raqibul Hasan,T Mupariwa,1,0,,,,,,,,,
410339,2009,2009-08-14,Queens Sports Club,2,7.1,Bangladesh,Zimbabwe,Shakib Al Hasan,Raqibul Hasan,E Chigumbura,0,1,1,,,,,,,,
410339,2009,2009-08-14,Queens Sports Club,2,7.2,Bangladesh,Zimbabwe,Shakib Al Hasan,Raqibul Hasan,E Chigumbura,1,0,,,,,,,,,
410339,2009,2009-08-14,Queens Sports Club,2,7.3,Bangladesh,Zimbabwe,Raqibul Hasan,Shakib Al Hasan,E Chigumbura,1,0,,,,,,,,,
410339,2009,2009-08-14,Queens Sports Club,2,7.4,Bangladesh,Zimbabwe,Shakib Al Hasan,Raqibul Hasan,E Chigumbura,6,0,,,,,,,,,
410339,2009,2009-08-14,Queens Sports Club,2,7.5,Bangladesh,Zimbabwe,Shakib Al Hasan,Raqibul Hasan,E Chigumbura,0,0,,,,,,caught,Shakib Al Hasan,,
410339,2009,2009-08-14,Queens Sports Club,2,7.6,Bangladesh,Zimbabwe,Raqibul Hasan,Mushfiqur Rahim,E Chigumbura,1,0,,,,,,,,,
410339,2009,2009-08-14,Queens Sports Club,2,7.7,Bangladesh,Zimbabwe,Mushfiqur Rahim,Raqibul Hasan,E Chigumbura,0,0,,,,,,,,,
410339,2009,2009-08-14,Queens Sports Club,2,8.1,Bangladesh,Zimbabwe,Raqibul Hasan,Mushfiqur Rahim,T Mupariwa,0,0,,,,,,,,,
410339,2009,2009-08-14,Queens Sports Club,2,8.2,Bangladesh,Zimbabwe,Raqibul Hasan,Mushfiqur Rahim,T Mupariwa,1,0,,,,,,,,,
410339,2009,2009-08-14,Queens Sports Club,2,8.3,Bangladesh,Zimbabwe,Mushfiqur Rahim,Raqibul Hasan,T Mupariwa,0,0,,,,,,,,,
410339,2009,2009-08-14,Queens Sports Club,2,8.4,Bangladesh,Zimbabwe,Mushfiqur Rahim,Raqibul Hasan,T Mupariwa,0,0,,,,,,,,,
410339,2009,2009-08-14,Queens Sports Club,2,8.5,Bangladesh,Zimbabwe,Mushfiqur Rahim,Raqibul Hasan,T Mupariwa,4,0,,,,,,,,,
410339,2009,2009-08-14,Queens Sports Club,2,8.6,Bangladesh,Zimbabwe,Mushfiqur Rahim,Raqibul Hasan,T Mupariwa,0,0,,,,,,,,,
410339,2009,2009-08-14,Queens Sports Club,2,9.1,Bangladesh,Zimbabwe,Raqibul Hasan,Mushfiqur Rahim,E Chigumbura,1,0,,,,,,,,,
410339,2009,2009-08-14,Queens Sports Club,2,9.2,Bangladesh,Zimbabwe,Mushfiqur Rahim,Raqibul Hasan,E Chigumbura,0,0,,,,,,,,,
410339,2009,2009-08-14,Queens Sports Club,2,9.3,Bangladesh,Zimbabwe,Mushfiqur Rahim,Raqibul Hasan,E Chigumbura,1,0,,,,,,,,,
410339,2009,2009-08-14,Queens Sports Club,2,9.4,Bangladesh,Zimbabwe,Raqibul Hasan,Mushfiqur Rahim,E Chigumbura,1,0,,,,,,,,,
410339,2009,2009-08-14,Queens Sports Club,2,9.5,Bangladesh,Zimbabwe,Mushfiqur Rahim,Raqibul Hasan,E Chigumbura,1,0,,,,,,,,,
410339,2009,2009-08-14,Queens Sports Club,2,9.6,Bangladesh,Zimbabwe,Raqibul Hasan,Mushfiqur Rahim,E Chigumbura,1,0,,,,,,,,,
410339,2009,2009-08-14,Queens Sports Club,2,10.1,Bangladesh,Zimbabwe,Raqibul Hasan,Mushfiqur Rahim,T Mupariwa,0,0,,,,,,,,,
410339,2009,2009-08-14,Queens Sports Club,2,10.2,Bangladesh,Zimbabwe,Raqibul Hasan,Mushfiqur Rahim,T Mupariwa,1,0,,,,,,,,,
410339,2009,2009-08-14,Queens Sports Club,2,10.3,Bangladesh,Zimbabwe,Mushfiqur Rahim,Raqibul Hasan,T Mupariwa,0,0,,,,,,,,,
410339,2009,2009-08-14,Queens Sports Club,2,10.4,Bangladesh,Zimbabwe,Mushfiqur Rahim,Raqibul Hasan,T Mupariwa,1,0,,,,,,,,,
410339,2009,2009-08-14,Queens Sports Club,2,10.5,Bangladesh,Zimbabwe,Raqibul Hasan,Mushfiqur Rahim,T Mupariwa,1,0,,,,,,,,,
410339,2009,2009-08-14,Queens Sports Club,2,10.6,Bangladesh,Zimbabwe,Mushfiqur Rahim,Raqibul Hasan,T Mupariwa,0,0,,,,,,,,,
410339,2009,2009-08-14,Queens Sports Club,2,11.1,Bangladesh,Zimbabwe,Raqibul Hasan,Mushfiqur Rahim,E Chigumbura,1,0,,,,,,,,,
410339,2009,2009-08-14,Queens Sports Club,2,11.2,Bangladesh,Zimbabwe,Mushfiqur Rahim,Raqibul Hasan,E Chigumbura,0,0,,,,,,,,,
410339,2009,2009-08-14,Queens Sports Club,2,11.3,Bangladesh,Zimbabwe,Mushfiqur Rahim,Raqibul Hasan,E Chigumbura,3,0,,,,,,,,,
410339,2009,2009-08-14,Queens Sports Club,2,11.4,Bangladesh,Zimbabwe,Raqibul Hasan,Mushfiqur Rahim,E Chigumbura,1,0,,,,,,,,,
410339,2009,2009-08-14,Queens Sports Club,2,11.5,Bangladesh,Zimbabwe,Mushfiqur Rahim,Raqibul Hasan,E Chigumbura,0,0,,,,,,,,,
410339,2009,2009-08-14,Queens Sports Club,2,11.6,Bangladesh,Zimbabwe,Mushfiqur Rahim,Raqibul Hasan,E Chigumbura,0,0,,,,,,,,,
410339,2009,2009-08-14,Queens Sports Club,2,12.1,Bangladesh,Zimbabwe,Raqibul Hasan,Mushfiqur Rahim,H Masakadza,1,0,,,,,,,,,
410339,2009,2009-08-14,Queens Sports Club,2,12.2,Bangladesh,Zimbabwe,Mushfiqur Rahim,Raqibul Hasan,H Masakadza,0,0,,,,,,,,,
410339,2009,2009-08-14,Queens Sports Club,2,12.3,Bangladesh,Zimbabwe,Mushfiqur Rahim,Raqibul Hasan,H Masakadza,6,0,,,,,,,,,
410339,2009,2009-08-14,Queens Sports Club,2,12.4,Bangladesh,Zimbabwe,Mushfiqur Rahim,Raqibul Hasan,H Masakadza,1,0,,,,,,,,,
410339,2009,2009-08-14,Queens Sports Club,2,12.5,Bangladesh,Zimbabwe,Raqibul Hasan,Mushfiqur Rahim,H Masakadza,0,1,1,,,,,,,,
410339,2009,2009-08-14,Queens Sports Club,2,12.6,Bangladesh,Zimbabwe,Raqibul Hasan,Mushfiqur Rahim,H Masakadza,0,0,,,,,,,,,
410339,2009,2009-08-14,Queens Sports Club,2,12.7,Bangladesh,Zimbabwe,Raqibul Hasan,Mushfiqur Rahim,H Masakadza,1,0,,,,,,,,,
410339,2009,2009-08-14,Queens Sports Club,2,13.1,Bangladesh,Zimbabwe,Raqibul Hasan,Mushfiqur Rahim,RW Price,0,0,,,,,,,,,
410339,2009,2009-08-14,Queens Sports Club,2,13.2,Bangladesh,Zimbabwe,Raqibul Hasan,Mushfiqur Rahim,RW Price,1,0,,,,,,,,,
410339,2009,2009-08-14,Queens Sports Club,2,13.3,Bangladesh,Zimbabwe,Mushfiqur Rahim,Raqibul Hasan,RW Price,1,0,,,,,,,,,
410339,2009,2009-08-14,Queens Sports Club,2,13.4,Bangladesh,Zimbabwe,Raqibul Hasan,Mushfiqur Rahim,RW Price,1,0,,,,,,,,,
410339,2009,2009-08-14,Queens Sports Club,2,13.5,Bangladesh,Zimbabwe,Mushfiqur Rahim,Raqibul Hasan,RW Price,0,0,,,,,,,,,
410339,2009,2009-08-14,Queens Sports Club,2,13.6,Bangladesh,Zimbabwe,Mushfiqur Rahim,Raqibul Hasan,RW Price,0,0,,,,,,,,,
410339,2009,2009-08-14,Queens Sports Club,2,14.1,Bangladesh,Zimbabwe,Raqibul Hasan,Mushfiqur Rahim,H Masakadza,4,0,,,,,,,,,
410339,2009,2009-08-14,Queens Sports Club,2,14.2,Bangladesh,Zimbabwe,Raqibul Hasan,Mushfiqur Rahim,H Masakadza,0,1,1,,,,,,,,
410339,2009,2009-08-14,Queens Sports Club,2,14.3,Bangladesh,Zimbabwe,Raqibul Hasan,Mushfiqur Rahim,H Masakadza,0,0,,,,,,,,,
410339,2009,2009-08-14,Queens Sports Club,2,14.4,Bangladesh,Zimbabwe,Raqibul Hasan,Mushfiqur Rahim,H Masakadza,0,0,,,,,,,,,
410339,2009,2009-08-14,Queens Sports Club,2,14.5,Bangladesh,Zimbabwe,Raqibul Hasan,Mushfiqur Rahim,H Masakadza,1,0,,,,,,,,,
410339,2009,2009-08-14,Queens Sports Club,2,14.6,Bangladesh,Zimbabwe,Mushfiqur Rahim,Raqibul Hasan,H Masakadza,4,0,,,,,,,,,
410339,2009,2009-08-14,Queens Sports Club,2,14.7,Bangladesh,Zimbabwe,Mushfiqur Rahim,Raqibul Hasan,H Masakadza,1,0,,,,,,,,,
410339,2009,2009-08-14,Queens Sports Club,2,15.1,Bangladesh,Zimbabwe,Mushfiqur Rahim,Raqibul Hasan,MN Waller,1,0,,,,,,,,,
410339,2009,2009-08-14,Queens Sports Club,2,15.2,Bangladesh,Zimbabwe,Raqibul Hasan,Mushfiqur Rahim,MN Waller,1,0,,,,,,,,,
410339,2009,2009-08-14,Queens Sports Club,2,15.3,Bangladesh,Zimbabwe,Mushfiqur Rahim,Raqibul Hasan,MN Waller,1,0,,,,,,,,,
410339,2009,2009-08-14,Queens Sports Club,2,15.4,Bangladesh,Zimbabwe,Raqibul Hasan,Mushfiqur Rahim,MN Waller,0,0,,,,,,,,,
410339,2009,2009-08-14,Queens Sports Club,2,15.5,Bangladesh,Zimbabwe,Raqibul Hasan,Mushfiqur Rahim,MN Waller,1,0,,,,,,,,,
410339,2009,2009-08-14,Queens Sports Club,2,15.6,Bangladesh,Zimbabwe,Mushfiqur Rahim,Raqibul Hasan,MN Waller,2,0,,,,,,,,,
410339,2009,2009-08-14,Queens Sports Club,2,16.1,Bangladesh,Zimbabwe,Raqibul Hasan,Mushfiqur Rahim,RW Price,1,0,,,,,,,,,
410339,2009,2009-08-14,Queens Sports Club,2,16.2,Bangladesh,Zimbabwe,Mushfiqur Rahim,Raqibul Hasan,RW Price,0,0,,,,,,,,,
410339,2009,2009-08-14,Queens Sports Club,2,16.3,Bangladesh,Zimbabwe,Mushfiqur Rahim,Raqibul Hasan,RW Price,0,0,,,,,,,,,
410339,2009,2009-08-14,Queens Sports Club,2,16.4,Bangladesh,Zimbabwe,Mushfiqur Rahim,Raqibul Hasan,RW Price,0,0,,,,,,,,,
410339,2009,2009-08-14,Queens Sports Club,2,16.5,Bangladesh,Zimbabwe,Mushfiqur Rahim,Raqibul Hasan,RW Price,0,0,,,,,,,,,
410339,2009,2009-08-14,Queens Sports Club,2,16.6,Bangladesh,Zimbabwe,Mushfiqur Rahim,Raqibul Hasan,RW Price,1,0,,,,,,,,,
410339,2009,2009-08-14,Queens Sports Club,2,17.1,Bangladesh,Zimbabwe,Mushfiqur Rahim,Raqibul Hasan,MN Waller,1,0,,,,,,,,,
410339,2009,2009-08-14,Queens Sports Club,2,17.2,Bangladesh,Zimbabwe,Raqibul Hasan,Mushfiqur Rahim,MN Waller,1,0,,,,,,,,,
410339,2009,2009-08-14,Queens Sports Club,2,17.3,Bangladesh,Zimbabwe,Mushfiqur Rahim,Raqibul Hasan,MN Waller,1,0,,,,,,,,,
410339,2009,2009-08-14,Queens Sports Club,2,17.4,Bangladesh,Zimbabwe,Raqibul Hasan,Mushfiqur Rahim,MN Waller,0,0,,,,,,,,,
410339,2009,2009-08-14,Queens Sports Club,2,17.5,Bangladesh,Zimbabwe,Raqibul Hasan,Mushfiqur Rahim,MN Waller,4,0,,,,,,,,,
410339,2009,2009-08-14,Queens Sports Club,2,17.6,Bangladesh,Zimbabwe,Raqibul Hasan,Mushfiqur Rahim,MN Waller,0,0,,,,,,,,,
410339,2009,2009-08-14,Queens Sports Club,2,18.1,Bangladesh,Zimbabwe,Mushfiqur Rahim,Raqibul Hasan,RW Price,1,0,,,,,,,,,
410339,2009,2009-08-14,Queens Sports Club,2,18.2,Bangladesh,Zimbabwe,Raqibul Hasan,Mushfiqur Rahim,RW Price,1,0,,,,,,,,,
410339,2009,2009-08-14,Queens Sports Club,2,18.3,Bangladesh,Zimbabwe,Mushfiqur Rahim,Raqibul Hasan,RW Price,1,0,,,,,,,,,
410339,2009,2009-08-14,Queens Sports Club,2,18.4,Bangladesh,Zimbabwe,Raqibul Hasan,Mushfiqur Rahim,RW Price,0,0,,,,,,,,,
410339,2009,2009-08-14,Queens Sports Club,2,18.5,Bangladesh,Zimbabwe,Raqibul Hasan,Mushfiqur Rahim,RW Price,1,0,,,,,,,,,
410339,2009,2009-08-14,Queens Sports Club,2,18.6,Bangladesh,Zimbabwe,Mushfiqur Rahim,Raqibul Hasan,RW Price,0,0,,,,,,,,,
410339,2009,2009-08-14,Queens Sports Club,2,19.1,Bangladesh,Zimbabwe,Raqibul Hasan,Mushfiqur Rahim,MN Waller,0,0,,,,,,,,,
410339,2009,2009-08-14,Queens Sports Club,2,19.2,Bangladesh,Zimbabwe,Raqibul Hasan,Mushfiqur Rahim,MN Waller,2,0,,,,,,,,,
410339,2009,2009-08-14,Queens Sports Club,2,19.3,Bangladesh,Zimbabwe,Raqibul Hasan,Mushfiqur Rahim,MN Waller,2,0,,,,,,,,,
410339,2009,2009-08-14,Queens Sports Club,2,19.4,Bangladesh,Zimbabwe,Raqibul Hasan,Mushfiqur Rahim,MN Waller,0,0,,,,,,,,,
410339,2009,2009-08-14,Queens Sports Club,2,19.5,Bangladesh,Zimbabwe,Raqibul Hasan,Mushfiqur Rahim,MN Waller,0,0,,,,,,,,,
410339,2009,2009-08-14,Queens Sports Club,2,19.6,Bangladesh,Zimbabwe,Raqibul Hasan,Mushfiqur Rahim,MN Waller,0,0,,,,,,,,,
410339,2009,2009-08-14,Queens Sports Club,2,20.1,Bangladesh,Zimbabwe,Mushfiqur Rahim,Raqibul Hasan,RW Price,1,0,,,,,,,,,
410339,2009,2009-08-14,Queens Sports Club,2,20.2,Bangladesh,Zimbabwe,Raqibul Hasan,Mushfiqur Rahim,RW Price,1,0,,,,,,,,,
410339,2009,2009-08-14,Queens Sports Club,2,20.3,Bangladesh,Zimbabwe,Mushfiqur Rahim,Raqibul Hasan,RW Price,0,0,,,,,,,,,
410339,2009,2009-08-14,Queens Sports Club,2,20.4,Bangladesh,Zimbabwe,Mushfiqur Rahim,Raqibul Hasan,RW Price,0,0,,,,,,caught,Mushfiqur Rahim,,
410339,2009,2009-08-14,Queens Sports Club,2,20.5,Bangladesh,Zimbabwe,Mahmudullah,Raqibul Hasan,RW Price,0,0,,,,,,,,,
410339,2009,2009-08-14,Queens Sports Club,2,20.6,Bangladesh,Zimbabwe,Mahmudullah,Raqibul Hasan,RW Price,1,0,,,,,,,,,
410339,2009,2009-08-14,Queens Sports Club,2,21.1,Bangladesh,Zimbabwe,Mahmudullah,Raqibul Hasan,MN Waller,1,0,,,,,,,,,
410339,2009,2009-08-14,Queens Sports Club,2,21.2,Bangladesh,Zimbabwe,Raqibul Hasan,Mahmudullah,MN Waller,0,0,,,,,,,,,
410339,2009,2009-08-14,Queens Sports Club,2,21.3,Bangladesh,Zimbabwe,Raqibul Hasan,Mahmudullah,MN Waller,1,0,,,,,,,,,
410339,2009,2009-08-14,Queens Sports Club,2,21.4,Bangladesh,Zimbabwe,Mahmudullah,Raqibul Hasan,MN Waller,1,0,,,,,,,,,
410339,2009,2009-08-14,Queens Sports Club,2,21.5,Bangladesh,Zimbabwe,Raqibul Hasan,Mahmudullah,MN Waller,1,0,,,,,,,,,
410339,2009,2009-08-14,Queens Sports Club,2,21.6,Bangladesh,Zimbabwe,Mahmudullah,Raqibul Hasan,MN Waller,1,0,,,,,,,,,
410339,2009,2009-08-14,Queens Sports Club,2,22.1,Bangladesh,Zimbabwe,Mahmudullah,Raqibul Hasan,RW Price,1,0,,,,,,,,,
410339,2009,2009-08-14,Queens Sports Club,2,22.2,Bangladesh,Zimbabwe,Raqibul Hasan,Mahmudullah,RW Price,1,0,,,,,,,,,
410339,2009,2009-08-14,Queens Sports Club,2,22.3,Bangladesh,Zimbabwe,Mahmudullah,Raqibul Hasan,RW Price,2,0,,,,,,,,,
410339,2009,2009-08-14,Queens Sports Club,2,22.4,Bangladesh,Zimbabwe,Mahmudullah,Raqibul Hasan,RW Price,0,0,,,,,,,,,
410339,2009,2009-08-14,Queens Sports Club,2,22.5,Bangladesh,Zimbabwe,Mahmudullah,Raqibul Hasan,RW Price,0,0,,,,,,,,,
410339,2009,2009-08-14,Queens Sports Club,2,22.6,Bangladesh,Zimbabwe,Mahmudullah,Raqibul Hasan,RW Price,0,0,,,,,,,,,
410339,2009,2009-08-14,Queens Sports Club,2,23.1,Bangladesh,Zimbabwe,Raqibul Hasan,Mahmudullah,P Utseya,0,0,,,,,,,,,
410339,2009,2009-08-14,Queens Sports Club,2,23.2,Bangladesh,Zimbabwe,Raqibul Hasan,Mahmudullah,P Utseya,1,0,,,,,,,,,
410339,2009,2009-08-14,Queens Sports Club,2,23.3,Bangladesh,Zimbabwe,Mahmudullah,Raqibul Hasan,P Utseya,0,0,,,,,,,,,
410339,2009,2009-08-14,Queens Sports Club,2,23.4,Bangladesh,Zimbabwe,Mahmudullah,Raqibul Hasan,P Utseya,0,0,,,,,,,,,
410339,2009,2009-08-14,Queens Sports Club,2,23.5,Bangladesh,Zimbabwe,Mahmudullah,Raqibul Hasan,P Utseya,1,0,,,,,,,,,
410339,2009,2009-08-14,Queens Sports Club,2,23.6,Bangladesh,Zimbabwe,Raqibul Hasan,Mahmudullah,P Utseya,1,0,,,,,,,,,
410339,2009,2009-08-14,Queens Sports Club,2,24.1,Bangladesh,Zimbabwe,Raqibul Hasan,Mahmudullah,RW Price,0,0,,,,,,,,,
410339,2009,2009-08-14,Queens Sports Club,2,24.2,Bangladesh,Zimbabwe,Raqibul Hasan,Mahmudullah,RW Price,0,0,,,,,,,,,
410339,2009,2009-08-14,Queens Sports Club,2,24.3,Bangladesh,Zimbabwe,Raqibul Hasan,Mahmudullah,RW Price,0,0,,,,,,,,,
410339,2009,2009-08-14,Queens Sports Club,2,24.4,Bangladesh,Zimbabwe,Raqibul Hasan,Mahmudullah,RW Price,2,0,,,,,,,,,
410339,2009,2009-08-14,Queens Sports Club,2,24.5,Bangladesh,Zimbabwe,Raqibul Hasan,Mahmudullah,RW Price,0,0,,,,,,,,,
410339,2009,2009-08-14,Queens Sports Club,2,24.6,Bangladesh,Zimbabwe,Raqibul Hasan,Mahmudullah,RW Price,2,0,,,,,,,,,
410339,2009,2009-08-14,Queens Sports Club,2,25.1,Bangladesh,Zimbabwe,Mahmudullah,Raqibul Hasan,P Utseya,3,0,,,,,,,,,
410339,2009,2009-08-14,Queens Sports Club,2,25.2,Bangladesh,Zimbabwe,Raqibul Hasan,Mahmudullah,P Utseya,0,1,,,1,,,,,,
410339,2009,2009-08-14,Queens Sports Club,2,25.3,Bangladesh,Zimbabwe,Mahmudullah,Raqibul Hasan,P Utseya,0,0,,,,,,,,,
410339,2009,2009-08-14,Queens Sports Club,2,25.4,Bangladesh,Zimbabwe,Mahmudullah,Raqibul Hasan,P Utseya,2,0,,,,,,,,,
410339,2009,2009-08-14,Queens Sports Club,2,25.5,Bangladesh,Zimbabwe,Mahmudullah,Raqibul Hasan,P Utseya,0,0,,,,,,,,,
410339,2009,2009-08-14,Queens Sports Club,2,25.6,Bangladesh,Zimbabwe,Mahmudullah,Raqibul Hasan,P Utseya,1,0,,,,,,,,,
410339,2009,2009-08-14,Queens Sports Club,2,26.1,Bangladesh,Zimbabwe,Mahmudullah,Raqibul Hasan,RW Price,0,0,,,,,,caught,Mahmudullah,,
410339,2009,2009-08-14,Queens Sports Club,2,26.2,Bangladesh,Zimbabwe,Raqibul Hasan,Mehrab Hossain jnr,RW Price,4,0,,,,,,,,,
410339,2009,2009-08-14,Queens Sports Club,2,26.3,Bangladesh,Zimbabwe,Raqibul Hasan,Mehrab Hossain jnr,RW Price,1,0,,,,,,,,,
410339,2009,2009-08-14,Queens Sports Club,2,26.4,Bangladesh,Zimbabwe,Mehrab Hossain jnr,Raqibul Hasan,RW Price,0,0,,,,,,,,,
410339,2009,2009-08-14,Queens Sports Club,2,26.5,Bangladesh,Zimbabwe,Mehrab Hossain jnr,Raqibul Hasan,RW Price,0,0,,,,,,,,,
410339,2009,2009-08-14,Queens Sports Club,2,26.6,Bangladesh,Zimbabwe,Mehrab Hossain jnr,Raqibul Hasan,RW Price,0,0,,,,,,,,,
410339,2009,2009-08-14,Queens Sports Club,2,27.1,Bangladesh,Zimbabwe,Raqibul Hasan,Mehrab Hossain jnr,MN Waller,1,0,,,,,,,,,
410339,2009,2009-08-14,Queens Sports Club,2,27.2,Bangladesh,Zimbabwe,Mehrab Hossain jnr,Raqibul Hasan,MN Waller,1,0,,,,,,,,,
410339,2009,2009-08-14,Queens Sports Club,2,27.3,Bangladesh,Zimbabwe,Raqibul Hasan,Mehrab Hossain jnr,MN Waller,1,0,,,,,,,,,
410339,2009,2009-08-14,Queens Sports Club,2,27.4,Bangladesh,Zimbabwe,Mehrab Hossain jnr,Raqibul Hasan,MN Waller,0,0,,,,,,,,,
410339,2009,2009-08-14,Queens Sports Club,2,27.5,Bangladesh,Zimbabwe,Mehrab Hossain jnr,Raqibul Hasan,MN Waller,0,0,,,,,,,,,
410339,2009,2009-08-14,Queens Sports Club,2,27.6,Bangladesh,Zimbabwe,Mehrab Hossain jnr,Raqibul Hasan,MN Waller,0,0,,,,,,,,,
410339,2009,2009-08-14,Queens Sports Club,2,28.1,Bangladesh,Zimbabwe,Raqibul Hasan,Mehrab Hossain jnr,P Utseya,0,0,,,,,,,,,
410339,2009,2009-08-14,Queens Sports Club,2,28.2,Bangladesh,Zimbabwe,Raqibul Hasan,Mehrab Hossain jnr,P Utseya,4,0,,,,,,,,,
410339,2009,2009-08-14,Queens Sports Club,2,28.3,Bangladesh,Zimbabwe,Raqibul Hasan,Mehrab Hossain jnr,P Utseya,0,0,,,,,,,,,
410339,2009,2009-08-14,Queens Sports Club,2,28.4,Bangladesh,Zimbabwe,Raqibul Hasan,Mehrab Hossain jnr,P Utseya,6,0,,,,,,,,,
410339,2009,2009-08-14,Queens Sports Club,2,28.5,Bangladesh,Zimbabwe,Raqibul Hasan,Mehrab Hossain jnr,P Utseya,1,0,,,,,,,,,
410339,2009,2009-08-14,Queens Sports Club,2,28.6,Bangladesh,Zimbabwe,Mehrab Hossain jnr,Raqibul Hasan,P Utseya,0,1,1,,,,,,,,
410339,2009,2009-08-14,Queens Sports Club,2,28.7,Bangladesh,Zimbabwe,Mehrab Hossain jnr,Raqibul Hasan,P Utseya,2,0,,,,,,,,,
410339,2009,2009-08-14,Queens Sports Club,2,29.1,Bangladesh,Zimbabwe,Raqibul Hasan,Mehrab Hossain jnr,MN Waller,1,0,,,,,,,,,
410339,2009,2009-08-14,Queens Sports Club,2,29.2,Bangladesh,Zimbabwe,Mehrab Hossain jnr,Raqibul Hasan,MN Waller,2,0,,,,,,,,,
410339,2009,2009-08-14,Queens Sports Club,2,29.3,Bangladesh,Zimbabwe,Mehrab Hossain jnr,Raqibul Hasan,MN Waller,0,0,,,,,,,,,
410339,2009,2009-08-14,Queens Sports Club,2,29.4,Bangladesh,Zimbabwe,Mehrab Hossain jnr,Raqibul Hasan,MN Waller,1,0,,,,,,,,,
410339,2009,2009-08-14,Queens Sports Club,2,29.5,Bangladesh,Zimbabwe,Raqibul Hasan,Mehrab Hossain jnr,MN Waller,1,0,,,,,,,,,
410339,2009,2009-08-14,Queens Sports Club,2,29.6,Bangladesh,Zimbabwe,Mehrab Hossain jnr,Raqibul Hasan,MN Waller,0,0,,,,,,,,,
410339,2009,2009-08-14,Queens Sports Club,2,30.1,Bangladesh,Zimbabwe,Raqibul Hasan,Mehrab Hossain jnr,H Masakadza,6,0,,,,,,,,,
410339,2009,2009-08-14,Queens Sports Club,2,30.2,Bangladesh,Zimbabwe,Raqibul Hasan,Mehrab Hossain jnr,H Masakadza,1,0,,,,,,,,,
410339,2009,2009-08-14,Queens Sports Club,2,30.3,Bangladesh,Zimbabwe,Mehrab Hossain jnr,Raqibul Hasan,H Masakadza,0,0,,,,,,,,,
410339,2009,2009-08-14,Queens Sports Club,2,30.4,Bangladesh,Zimbabwe,Mehrab Hossain jnr,Raqibul Hasan,H Masakadza,1,0,,,,,,,,,
410339,2009,2009-08-14,Queens Sports Club,2,30.5,Bangladesh,Zimbabwe,Raqibul Hasan,Mehrab Hossain jnr,H Masakadza,0,1,1,,,,,,,,
410339,2009,2009-08-14,Queens Sports Club,2,30.6,Bangladesh,Zimbabwe,Raqibul Hasan,Mehrab Hossain jnr,H Masakadza,1,0,,,,,,,,,
410339,2009,2009-08-14,Queens Sports Club,2,30.7,Bangladesh,Zimbabwe,Mehrab Hossain jnr,Raqibul Hasan,H Masakadza,1,0,,,,,,,,,
410339,2009,2009-08-14,Queens Sports Club,2,31.1,Bangladesh,Zimbabwe,Mehrab Hossain jnr,Raqibul Hasan,P Utseya,1,0,,,,,,,,,
410339,2009,2009-08-14,Queens Sports Club,2,31.2,Bangladesh,Zimbabwe,Raqibul Hasan,Mehrab Hossain jnr,P Utseya,1,0,,,,,,,,,
410339,2009,2009-08-14,Queens Sports Club,2,31.3,Bangladesh,Zimbabwe,Mehrab Hossain jnr,Raqibul Hasan,P Utseya,1,0,,,,,,,,,
410339,2009,2009-08-14,Queens Sports Club,2,31.4,Bangladesh,Zimbabwe,Raqibul Hasan,Mehrab Hossain jnr,P Utseya,0,0,,,,,,,,,
410339,2009,2009-08-14,Queens Sports Club,2,31.5,Bangladesh,Zimbabwe,Raqibul Hasan,Mehrab Hossain jnr,P Utseya,1,0,,,,,,,,,
410339,2009,2009-08-14,Queens Sports Club,2,31.6,Bangladesh,Zimbabwe,Mehrab Hossain jnr,Raqibul Hasan,P Utseya,0,0,,,,,,,,,
410339,2009,2009-08-14,Queens Sports Club,2,32.1,Bangladesh,Zimbabwe,Raqibul Hasan,Mehrab Hossain jnr,H Masakadza,0,0,,,,,,bowled,Raqibul Hasan,,
410339,2009,2009-08-14,Queens Sports Club,2,32.2,Bangladesh,Zimbabwe,Mahbubul Alam,Mehrab Hossain jnr,H Masakadza,4,0,,,,,,,,,
410339,2009,2009-08-14,Queens Sports Club,2,32.3,Bangladesh,Zimbabwe,Mahbubul Alam,Mehrab Hossain jnr,H Masakadza,0,0,,,,,,,,,
410339,2009,2009-08-14,Queens Sports Club,2,32.4,Bangladesh,Zimbabwe,Mahbubul Alam,Mehrab Hossain jnr,H Masakadza,1,0,,,,,,,,,
410339,2009,2009-08-14,Queens Sports Club,2,32.5,Bangladesh,Zimbabwe,Mehrab Hossain jnr,Mahbubul Alam,H Masakadza,0,2,,,,2,,,,,
410339,2009,2009-08-14,Queens Sports Club,2,32.6,Bangladesh,Zimbabwe,Mehrab Hossain jnr,Mahbubul Alam,H Masakadza,0,0,,,,,,,,,
410339,2009,2009-08-14,Queens Sports Club,2,33.1,Bangladesh,Zimbabwe,Mahbubul Alam,Mehrab Hossain jnr,P Utseya,0,0,,,,,,,,,
410339,2009,2009-08-14,Queens Sports Club,2,33.2,Bangladesh,Zimbabwe,Mahbubul Alam,Mehrab Hossain jnr,P Utseya,1,0,,,,,,,,,
410339,2009,2009-08-14,Queens Sports Club,2,33.3,Bangladesh,Zimbabwe,Mehrab Hossain jnr,Mahbubul Alam,P Utseya,1,0,,,,,,,,,
410339,2009,2009-08-14,Queens Sports Club,2,33.4,Bangladesh,Zimbabwe,Mahbubul Alam,Mehrab Hossain jnr,P Utseya,0,0,,,,,,,,,
410339,2009,2009-08-14,Queens Sports Club,2,33.5,Bangladesh,Zimbabwe,Mahbubul Alam,Mehrab Hossain jnr,P Utseya,0,0,,,,,,,,,
410339,2009,2009-08-14,Queens Sports Club,2,33.6,Bangladesh,Zimbabwe,Mahbubul Alam,Mehrab Hossain jnr,P Utseya,1,0,,,,,,,,,
410339,2009,2009-08-14,Queens Sports Club,2,34.1,Bangladesh,Zimbabwe,Mahbubul Alam,Mehrab Hossain jnr,MN Waller,0,0,,,,,,,,,
410339,2009,2009-08-14,Queens Sports Club,2,34.2,Bangladesh,Zimbabwe,Mahbubul Alam,Mehrab Hossain jnr,MN Waller,0,0,,,,,,,,,
410339,2009,2009-08-14,Queens Sports Club,2,34.3,Bangladesh,Zimbabwe,Mahbubul Alam,Mehrab Hossain jnr,MN Waller,1,0,,,,,,,,,
410339,2009,2009-08-14,Queens Sports Club,2,34.4,Bangladesh,Zimbabwe,Mehrab Hossain jnr,Mahbubul Alam,MN Waller,0,0,,,,,,,,,
410339,2009,2009-08-14,Queens Sports Club,2,34.5,Bangladesh,Zimbabwe,Mehrab Hossain jnr,Mahbubul Alam,MN Waller,1,0,,,,,,,,,
410339,2009,2009-08-14,Queens Sports Club,2,34.6,Bangladesh,Zimbabwe,Mahbubul Alam,Mehrab Hossain jnr,MN Waller,0,0,,,,,,,,,
410339,2009,2009-08-14,Queens Sports Club,2,35.1,Bangladesh,Zimbabwe,Mehrab Hossain jnr,Mahbubul Alam,P Utseya,1,0,,,,,,,,,
410339,2009,2009-08-14,Queens Sports Club,2,35.2,Bangladesh,Zimbabwe,Mahbubul Alam,Mehrab Hossain jnr,P Utseya,1,0,,,,,,,,,
410339,2009,2009-08-14,Queens Sports Club,2,35.3,Bangladesh,Zimbabwe,Mehrab Hossain jnr,Mahbubul Alam,P Utseya,0,0,,,,,,,,,
410339,2009,2009-08-14,Queens Sports Club,2,35.4,Bangladesh,Zimbabwe,Mehrab Hossain jnr,Mahbubul Alam,P Utseya,1,0,,,,,,,,,
410339,2009,2009-08-14,Queens Sports Club,2,35.5,Bangladesh,Zimbabwe,Mahbubul Alam,Mehrab Hossain jnr,P Utseya,2,0,,,,,,,,,
410339,2009,2009-08-14,Queens Sports Club,2,35.6,Bangladesh,Zimbabwe,Mahbubul Alam,Mehrab Hossain jnr,P Utseya,2,0,,,,,,,,,
410339,2009,2009-08-14,Queens Sports Club,2,36.1,Bangladesh,Zimbabwe,Mehrab Hossain jnr,Mahbubul Alam,MN Waller,1,0,,,,,,,,,
410339,2009,2009-08-14,Queens Sports Club,2,36.2,Bangladesh,Zimbabwe,Mahbubul Alam,Mehrab Hossain jnr,MN Waller,0,0,,,,,,,,,
410339,2009,2009-08-14,Queens Sports Club,2,36.3,Bangladesh,Zimbabwe,Mahbubul Alam,Mehrab Hossain jnr,MN Waller,2,0,,,,,,,,,
410339,2009,2009-08-14,Queens Sports Club,2,36.4,Bangladesh,Zimbabwe,Mahbubul Alam,Mehrab Hossain jnr,MN Waller,6,0,,,,,,,,,
410339,2009,2009-08-14,Queens Sports Club,2,36.5,Bangladesh,Zimbabwe,Mahbubul Alam,Mehrab Hossain jnr,MN Waller,6,0,,,,,,,,,
410339,2009,2009-08-14,Queens Sports Club,2,36.6,Bangladesh,Zimbabwe,Mahbubul Alam,Mehrab Hossain jnr,MN Waller,6,0,,,,,,,,,
410339,2009,2009-08-14,Queens Sports Club,2,37.1,Bangladesh,Zimbabwe,Mehrab Hossain jnr,Mahbubul Alam,RW Price,1,0,,,,,,,,,
410339,2009,2009-08-14,Queens Sports Club,2,37.2,Bangladesh,Zimbabwe,Mahbubul Alam,Mehrab Hossain jnr,RW Price,0,1,1,,,,,,,,
410339,2009,2009-08-14,Queens Sports Club,2,37.3,Bangladesh,Zimbabwe,Mahbubul Alam,Mehrab Hossain jnr,RW Price,0,0,,,,,,,,,
410339,2009,2009-08-14,Queens Sports Club,2,37.4,Bangladesh,Zimbabwe,Mahbubul Alam,Mehrab Hossain jnr,RW Price,0,0,,,,,,,,,
410339,2009,2009-08-14,Queens Sports Club,2,37.5,Bangladesh,Zimbabwe,Mahbubul Alam,Mehrab Hossain jnr,RW Price,2,0,,,,,,,,,
410339,2009,2009-08-14,Queens Sports Club,2,37.6,Bangladesh,Zimbabwe,Mahbubul Alam,Mehrab Hossain jnr,RW Price,1,0,,,,,,,,,
410339,2009,2009-08-14,Queens Sports Club,2,37.7,Bangladesh,Zimbabwe,Mehrab Hossain jnr,Mahbubul Alam,RW Price,0,0,,,,,,,,,
410339,2009,2009-08-14,Queens Sports Club,2,38.1,Bangladesh,Zimbabwe,Mahbubul Alam,Mehrab Hossain jnr,E Chigumbura,1,0,,,,,,,,,
410339,2009,2009-08-14,Queens Sports Club,2,38.2,Bangladesh,Zimbabwe,Mehrab Hossain jnr,Mahbubul Alam,E Chigumbura,1,0,,,,,,,,,
410339,2009,2009-08-14,Queens Sports Club,2,38.3,Bangladesh,Zimbabwe,Mahbubul Alam,Mehrab Hossain jnr,E Chigumbura,1,0,,,,,,,,,
410339,2009,2009-08-14,Queens Sports Club,2,38.4,Bangladesh,Zimbabwe,Mehrab Hossain jnr,Mahbubul Alam,E Chigumbura,1,0,,,,,,,,,
410339,2009,2009-08-14,Queens Sports Club,2,38.5,Bangladesh,Zimbabwe,Mahbubul Alam,Mehrab Hossain jnr,E Chigumbura,3,0,,,,,,,,,
410339,2009,2009-08-14,Queens Sports Club,2,38.6,Bangladesh,Zimbabwe,Mehrab Hossain jnr,Mahbubul Alam,E Chigumbura,0,0,,,,,,,,,
410339,2009,2009-08-14,Queens Sports Club,2,39.1,Bangladesh,Zimbabwe,Mahbubul Alam,Mehrab Hossain jnr,P Utseya,0,0,,,,,,,,,
410339,2009,2009-08-14,Queens Sports Club,2,39.2,Bangladesh,Zimbabwe,Mahbubul Alam,Mehrab Hossain jnr,P Utseya,0,0,,,,,,,,,
410339,2009,2009-08-14,Queens Sports Club,2,39.3,Bangladesh,Zimbabwe,Mahbubul Alam,Mehrab Hossain jnr,P Utseya,1,0,,,,,,,,,
410339,2009,2009-08-14,Queens Sports Club,2,39.4,Bangladesh,Zimbabwe,Mehrab Hossain jnr,Mahbubul Alam,P Utseya,0,0,,,,,,,,,
410339,2009,2009-08-14,Queens Sports Club,2,39.5,Bangladesh,Zimbabwe,Mehrab Hossain jnr,Mahbubul Alam,P Utseya,0,0,,,,,,,,,
410339,2009,2009-08-14,Queens Sports Club,2,39.6,Bangladesh,Zimbabwe,Mehrab Hossain jnr,Mahbubul Alam,P Utseya,1,0,,,,,,,,,
410339,2009,2009-08-14,Queens Sports Club,2,40.1,Bangladesh,Zimbabwe,Mehrab Hossain jnr,Mahbubul Alam,E Chigumbura,1,0,,,,,,,,,
410339,2009,2009-08-14,Queens Sports Club,2,40.2,Bangladesh,Zimbabwe,Mahbubul Alam,Mehrab Hossain jnr,E Chigumbura,0,0,,,,,,,,,
410339,2009,2009-08-14,Queens Sports Club,2,40.3,Bangladesh,Zimbabwe,Mahbubul Alam,Mehrab Hossain jnr,E Chigumbura,2,0,,,,,,,,,
410339,2009,2009-08-14,Queens Sports Club,2,40.4,Bangladesh,Zimbabwe,Mahbubul Alam,Mehrab Hossain jnr,E Chigumbura,2,0,,,,,,,,,
410339,2009,2009-08-14,Queens Sports Club,2,40.5,Bangladesh,Zimbabwe,Mahbubul Alam,Mehrab Hossain jnr,E Chigumbura,1,0,,,,,,,,,
410339,2009,2009-08-14,Queens Sports Club,2,40.6,Bangladesh,Zimbabwe,Mehrab Hossain jnr,Mahbubul Alam,E Chigumbura,1,0,,,,,,,,,
410339,2009,2009-08-14,Queens Sports Club,2,41.1,Bangladesh,Zimbabwe,Mehrab Hossain jnr,Mahbubul Alam,P Utseya,4,0,,,,,,,,,
410339,2009,2009-08-14,Queens Sports Club,2,41.2,Bangladesh,Zimbabwe,Mehrab Hossain jnr,Mahbubul Alam,P Utseya,0,0,,,,,,,,,
410339,2009,2009-08-14,Queens Sports Club,2,41.3,Bangladesh,Zimbabwe,Mehrab Hossain jnr,Mahbubul Alam,P Utseya,0,0,,,,,,caught,Mehrab Hossain jnr,,
410339,2009,2009-08-14,Queens Sports Club,2,41.4,Bangladesh,Zimbabwe,Enamul Haque jnr,Mahbubul Alam,P Utseya,0,0,,,,,,,,,
410339,2009,2009-08-14,Queens Sports Club,2,41.5,Bangladesh,Zimbabwe,Enamul Haque jnr,Mahbubul Alam,P Utseya,1,0,,,,,,,,,
410339,2009,2009-08-14,Queens Sports Club,2,41.6,Bangladesh,Zimbabwe,Mahbubul Alam,Enamul Haque jnr,P Utseya,4,0,,,,,,,,,
410339,2009,2009-08-14,Queens Sports Club,2,42.1,Bangladesh,Zimbabwe,Enamul Haque jnr,Mahbubul Alam,T Mupariwa,1,0,,,,,,,,,
410339,2009,2009-08-14,Queens Sports Club,2,42.2,Bangladesh,Zimbabwe,Mahbubul Alam,Enamul Haque jnr,T Mupariwa,1,0,,,,,,,,,
410339,2009,2009-08-14,Queens Sports Club,2,42.3,Bangladesh,Zimbabwe,Enamul Haque jnr,Mahbubul Alam,T Mupariwa,0,0,,,,,,,,,
410339,2009,2009-08-14,Queens Sports Club,2,42.4,Bangladesh,Zimbabwe,Enamul Haque jnr,Mahbubul Alam,T Mupariwa,1,0,,,,,,,,,
410339,2009,2009-08-14,Queens Sports Club,2,42.5,Bangladesh,Zimbabwe,Mahbubul Alam,Enamul Haque jnr,T Mupariwa,0,0,,,,,,,,,
410339,2009,2009-08-14,Queens Sports Club,2,42.6,Bangladesh,Zimbabwe,Mahbubul Alam,Enamul Haque jnr,T Mupariwa,2,0,,,,,,,,,
410339,2009,2009-08-14,Queens Sports Club,2,43.1,Bangladesh,Zimbabwe,Enamul Haque jnr,Mahbubul Alam,RW Price,0,0,,,,,,bowled,Enamul Haque jnr,,
410339,2009,2009-08-14,Queens Sports Club,2,43.2,Bangladesh,Zimbabwe,Syed Rasel,Mahbubul Alam,RW Price,0,0,,,,,,,,,
410339,2009,2009-08-14,Queens Sports Club,2,43.3,Bangladesh,Zimbabwe,Syed Rasel,Mahbubul Alam,RW Price,1,0,,,,,,,,,
410339,2009,2009-08-14,Queens Sports Club,2,43.4,Bangladesh,Zimbabwe,Mahbubul Alam,Syed Rasel,RW Price,2,0,,,,,,,,,
410339,2009,2009-08-14,Queens Sports Club,2,43.5,Bangladesh,Zimbabwe,Mahbubul Alam,Syed Rasel,RW Price,0,0,,,,,,,,,
410339,2009,2009-08-14,Queens Sports Club,2,43.6,Bangladesh,Zimbabwe,Mahbubul Alam,Syed Rasel,RW Price,1,0,,,,,,,,,
410339,2009,2009-08-14,Queens Sports Club,2,44.1,Bangladesh,Zimbabwe,Mahbubul Alam,Syed Rasel,T Mupariwa,2,0,,,,,,,,,
410339,2009,2009-08-14,Queens Sports Club,2,44.2,Bangladesh,Zimbabwe,Mahbubul Alam,Syed Rasel,T Mupariwa,0,0,,,,,,caught,Mahbubul Alam,,
