match_id,season,start_date,venue,innings,ball,batting_team,bowling_team,striker,non_striker,bowler,runs_off_bat,extras,wides,noballs,byes,legbyes,penalty,wicket_type,player_dismissed,other_wicket_type,other_player_dismissed
415283,2009/10,2009-09-30,SuperSport Park,1,0.1,Pakistan,Australia,Kamran Akmal,Shahid Afridi,B Lee,0,0,,,,,,,,,
415283,2009/10,2009-09-30,SuperSport Park,1,0.2,Pakistan,Australia,Kamran Akmal,Shahid Afridi,B Lee,0,0,,,,,,,,,
415283,2009/10,2009-09-30,SuperSport Park,1,0.3,Pakistan,Australia,Kamran Akmal,Shahid Afridi,B Lee,1,0,,,,,,,,,
415283,2009/10,2009-09-30,SuperSport Park,1,0.4,Pakistan,Australia,Shahid Afridi,Kamran Akmal,B Lee,0,0,,,,,,,,,
415283,2009/10,2009-09-30,SuperSport Park,1,0.5,Pakistan,Australia,Shahid Afridi,Kamran Akmal,B Lee,0,0,,,,,,,,,
415283,2009/10,2009-09-30,SuperSport Park,1,0.6,Pakistan,Australia,Shahid Afridi,Kamran Akmal,B Lee,0,0,,,,,,,,,
415283,2009/10,2009-09-30,SuperSport Park,1,1.1,Pakistan,Australia,Kamran Akmal,Shahid Afridi,PM Siddle,1,0,,,,,,,,,
415283,2009/10,2009-09-30,SuperSport Park,1,1.2,Pakistan,Australia,Shahid Afridi,Kamran Akmal,PM Siddle,0,0,,,,,,,,,
415283,2009/10,2009-09-30,SuperSport Park,1,1.3,Pakistan,Australia,Shahid Afridi,Kamran Akmal,PM Siddle,4,0,,,,,,,,,
415283,2009/10,2009-09-30,SuperSport Park,1,1.4,Pakistan,Australia,Shahid Afridi,Kamran Akmal,PM Siddle,1,0,,,,,,,,,
415283,2009/10,2009-09-30,SuperSport Park,1,1.5,Pakistan,Australia,Kamran Akmal,Shahid Afridi,PM Siddle,1,0,,,,,,,,,
415283,2009/10,2009-09-30,SuperSport Park,1,1.6,Pakistan,Australia,Shahid Afridi,Kamran Akmal,PM Siddle,4,0,,,,,,,,,
415283,2009/10,2009-09-30,SuperSport Park,1,2.1,Pakistan,Australia,Kamran Akmal,Shahid Afridi,B Lee,0,0,,,,,,,,,
415283,2009/10,2009-09-30,SuperSport Park,1,2.2,Pakistan,Australia,Kamran Akmal,Shahid Afridi,B Lee,0,0,,,,,,,,,
415283,2009/10,2009-09-30,SuperSport Park,1,2.3,Pakistan,Australia,Kamran Akmal,Shahid Afridi,B Lee,0,0,,,,,,,,,
415283,2009/10,2009-09-30,SuperSport Park,1,2.4,Pakistan,Australia,Kamran Akmal,Shahid Afridi,B Lee,0,0,,,,,,,,,
415283,2009/10,2009-09-30,SuperSport Park,1,2.5,Pakistan,Australia,Kamran Akmal,Shahid Afridi,B Lee,0,0,,,,,,,,,
415283,2009/10,2009-09-30,SuperSport Park,1,2.6,Pakistan,Australia,Kamran Akmal,Shahid Afridi,B Lee,1,0,,,,,,,,,
415283,2009/10,2009-09-30,SuperSport Park,1,3.1,Pakistan,Australia,Kamran Akmal,Shahid Afridi,PM Siddle,0,0,,,,,,,,,
415283,2009/10,2009-09-30,SuperSport Park,1,3.2,Pakistan,Australia,Kamran Akmal,Shahid Afridi,PM Siddle,1,0,,,,,,,,,
415283,2009/10,2009-09-30,SuperSport Park,1,3.3,Pakistan,Australia,Shahid Afridi,Kamran Akmal,PM Siddle,1,0,,,,,,,,,
415283,2009/10,2009-09-30,SuperSport Park,1,3.4,Pakistan,Australia,Kamran Akmal,Shahid Afridi,PM Siddle,0,0,,,,,,,,,
415283,2009/10,2009-09-30,SuperSport Park,1,3.5,Pakistan,Australia,Kamran Akmal,Shahid Afridi,PM Siddle,0,0,,,,,,,,,
415283,2009/10,2009-09-30,SuperSport Park,1,3.6,Pakistan,Australia,Kamran Akmal,Shahid Afridi,PM Siddle,1,0,,,,,,,,,
415283,2009/10,2009-09-30,SuperSport Park,1,4.1,Pakistan,Australia,Kamran Akmal,Shahid Afridi,B Lee,0,0,,,,,,,,,
415283,2009/10,2009-09-30,SuperSport Park,1,4.2,Pakistan,Australia,Kamran Akmal,Shahid Afridi,B Lee,0,0,,,,,,,,,
415283,2009/10,2009-09-30,SuperSport Park,1,4.3,Pakistan,Australia,Kamran Akmal,Shahid Afridi,B Lee,1,0,,,,,,,,,
415283,2009/10,2009-09-30,SuperSport Park,1,4.4,Pakistan,Australia,Shahid Afridi,Kamran Akmal,B Lee,0,0,,,,,,,,,
415283,2009/10,2009-09-30,SuperSport Park,1,4.5,Pakistan,Australia,Shahid Afridi,Kamran Akmal,B Lee,0,0,,,,,,,,,
415283,2009/10,2009-09-30,SuperSport Park,1,4.6,Pakistan,Australia,Shahid Afridi,Kamran Akmal,B Lee,0,0,,,,,,,,,
415283,2009/10,2009-09-30,SuperSport Park,1,5.1,Pakistan,Australia,Kamran Akmal,Shahid Afridi,PM Siddle,4,0,,,,,,,,,
415283,2009/10,2009-09-30,SuperSport Park,1,5.2,Pakistan,Australia,Kamran Akmal,Shahid Afridi,PM Siddle,0,0,,,,,,,,,
415283,2009/10,2009-09-30,SuperSport Park,1,5.3,Pakistan,Australia,Kamran Akmal,Shahid Afridi,PM Siddle,0,0,,,,,,,,,
415283,2009/10,2009-09-30,SuperSport Park,1,5.4,Pakistan,Australia,Kamran Akmal,Shahid Afridi,PM Siddle,0,0,,,,,,,,,
415283,2009/10,2009-09-30,SuperSport Park,1,5.5,Pakistan,Australia,Kamran Akmal,Shahid Afridi,PM Siddle,0,0,,,,,,,,,
415283,2009/10,2009-09-30,SuperSport Park,1,5.6,Pakistan,Australia,Kamran Akmal,Shahid Afridi,PM Siddle,4,0,,,,,,,,,
415283,2009/10,2009-09-30,SuperSport Park,1,6.1,Pakistan,Australia,Shahid Afridi,Kamran Akmal,B Lee,0,0,,,,,,,,,
415283,2009/10,2009-09-30,SuperSport Park,1,6.2,Pakistan,Australia,Shahid Afridi,Kamran Akmal,B Lee,0,0,,,,,,,,,
415283,2009/10,2009-09-30,SuperSport Park,1,6.3,Pakistan,Australia,Shahid Afridi,Kamran Akmal,B Lee,0,0,,,,,,,,,
415283,2009/10,2009-09-30,SuperSport Park,1,6.4,Pakistan,Australia,Shahid Afridi,Kamran Akmal,B Lee,4,0,,,,,,,,,
415283,2009/10,2009-09-30,SuperSport Park,1,6.5,Pakistan,Australia,Shahid Afridi,Kamran Akmal,B Lee,0,0,,,,,,,,,
415283,2009/10,2009-09-30,SuperSport Park,1,6.6,Pakistan,Australia,Shahid Afridi,Kamran Akmal,B Lee,1,0,,,,,,,,,
415283,2009/10,2009-09-30,SuperSport Park,1,7.1,Pakistan,Australia,Shahid Afridi,Kamran Akmal,MG Johnson,0,0,,,,,,caught,Shahid Afridi,,
415283,2009/10,2009-09-30,SuperSport Park,1,7.2,Pakistan,Australia,Kamran Akmal,Younis Khan,MG Johnson,0,0,,,,,,,,,
415283,2009/10,2009-09-30,SuperSport Park,1,7.3,Pakistan,Australia,Kamran Akmal,Younis Khan,MG Johnson,0,0,,,,,,,,,
415283,2009/10,2009-09-30,SuperSport Park,1,7.4,Pakistan,Australia,Kamran Akmal,Younis Khan,MG Johnson,1,0,,,,,,,,,
415283,2009/10,2009-09-30,SuperSport Park,1,7.5,Pakistan,Australia,Younis Khan,Kamran Akmal,MG Johnson,0,0,,,,,,,,,
415283,2009/10,2009-09-30,SuperSport Park,1,7.6,Pakistan,Australia,Younis Khan,Kamran Akmal,MG Johnson,0,0,,,,,,,,,
415283,2009/10,2009-09-30,SuperSport Park,1,8.1,Pakistan,Australia,Kamran Akmal,Younis Khan,B Lee,4,0,,,,,,,,,
415283,2009/10,2009-09-30,SuperSport Park,1,8.2,Pakistan,Australia,Kamran Akmal,Younis Khan,B Lee,0,0,,,,,,,,,
415283,2009/10,2009-09-30,SuperSport Park,1,8.3,Pakistan,Australia,Kamran Akmal,Younis Khan,B Lee,0,0,,,,,,,,,
415283,2009/10,2009-09-30,SuperSport Park,1,8.4,Pakistan,Australia,Kamran Akmal,Younis Khan,B Lee,0,0,,,,,,,,,
415283,2009/10,2009-09-30,SuperSport Park,1,8.5,Pakistan,Australia,Kamran Akmal,Younis Khan,B Lee,1,0,,,,,,,,,
415283,2009/10,2009-09-30,SuperSport Park,1,8.6,Pakistan,Australia,Younis Khan,Kamran Akmal,B Lee,0,0,,,,,,,,,
415283,2009/10,2009-09-30,SuperSport Park,1,9.1,Pakistan,Australia,Kamran Akmal,Younis Khan,MG Johnson,4,0,,,,,,,,,
415283,2009/10,2009-09-30,SuperSport Park,1,9.2,Pakistan,Australia,Kamran Akmal,Younis Khan,MG Johnson,1,0,,,,,,,,,
415283,2009/10,2009-09-30,SuperSport Park,1,9.3,Pakistan,Australia,Younis Khan,Kamran Akmal,MG Johnson,0,0,,,,,,,,,
415283,2009/10,2009-09-30,SuperSport Park,1,9.4,Pakistan,Australia,Younis Khan,Kamran Akmal,MG Johnson,0,0,,,,,,,,,
415283,2009/10,2009-09-30,SuperSport Park,1,9.5,Pakistan,Australia,Younis Khan,Kamran Akmal,MG Johnson,0,0,,,,,,,,,
415283,2009/10,2009-09-30,SuperSport Park,1,9.6,Pakistan,Australia,Younis Khan,Kamran Akmal,MG Johnson,4,0,,,,,,,,,
415283,2009/10,2009-09-30,SuperSport Park,1,10.1,Pakistan,Australia,Kamran Akmal,Younis Khan,SR Watson,0,0,,,,,,,,,
415283,2009/10,2009-09-30,SuperSport Park,1,10.2,Pakistan,Australia,Kamran Akmal,Younis Khan,SR Watson,0,0,,,,,,,,,
415283,2009/10,2009-09-30,SuperSport Park,1,10.3,Pakistan,Australia,Kamran Akmal,Younis Khan,SR Watson,1,0,,,,,,,,,
415283,2009/10,2009-09-30,SuperSport Park,1,10.4,Pakistan,Australia,Younis Khan,Kamran Akmal,SR Watson,0,0,,,,,,,,,
415283,2009/10,2009-09-30,SuperSport Park,1,10.5,Pakistan,Australia,Younis Khan,Kamran Akmal,SR Watson,0,0,,,,,,,,,
415283,2009/10,2009-09-30,SuperSport Park,1,10.6,Pakistan,Australia,Younis Khan,Kamran Akmal,SR Watson,4,0,,,,,,,,,
415283,2009/10,2009-09-30,SuperSport Park,1,11.1,Pakistan,Australia,Kamran Akmal,Younis Khan,MG Johnson,2,0,,,,,,,,,
415283,2009/10,2009-09-30,SuperSport Park,1,11.2,Pakistan,Australia,Kamran Akmal,Younis Khan,MG Johnson,0,0,,,,,,,,,
415283,2009/10,2009-09-30,SuperSport Park,1,11.3,Pakistan,Australia,Kamran Akmal,Younis Khan,MG Johnson,1,0,,,,,,,,,
415283,2009/10,2009-09-30,SuperSport Park,1,11.4,Pakistan,Australia,Younis Khan,Kamran Akmal,MG Johnson,0,0,,,,,,,,,
415283,2009/10,2009-09-30,SuperSport Park,1,11.5,Pakistan,Australia,Younis Khan,Kamran Akmal,MG Johnson,1,0,,,,,,,,,
415283,2009/10,2009-09-30,SuperSport Park,1,11.6,Pakistan,Australia,Kamran Akmal,Younis Khan,MG Johnson,4,0,,,,,,,,,
415283,2009/10,2009-09-30,SuperSport Park,1,12.1,Pakistan,Australia,Younis Khan,Kamran Akmal,SR Watson,0,0,,,,,,,,,
415283,2009/10,2009-09-30,SuperSport Park,1,12.2,Pakistan,Australia,Younis Khan,Kamran Akmal,SR Watson,1,0,,,,,,,,,
415283,2009/10,2009-09-30,SuperSport Park,1,12.3,Pakistan,Australia,Kamran Akmal,Younis Khan,SR Watson,0,0,,,,,,,,,
415283,2009/10,2009-09-30,SuperSport Park,1,12.4,Pakistan,Australia,Kamran Akmal,Younis Khan,SR Watson,0,0,,,,,,,,,
415283,2009/10,2009-09-30,SuperSport Park,1,12.5,Pakistan,Australia,Kamran Akmal,Younis Khan,SR Watson,0,0,,,,,,,,,
415283,2009/10,2009-09-30,SuperSport Park,1,12.6,Pakistan,Australia,Kamran Akmal,Younis Khan,SR Watson,1,0,,,,,,,,,
415283,2009/10,2009-09-30,SuperSport Park,1,13.1,Pakistan,Australia,Kamran Akmal,Younis Khan,MG Johnson,0,0,,,,,,,,,
415283,2009/10,2009-09-30,SuperSport Park,1,13.2,Pakistan,Australia,Kamran Akmal,Younis Khan,MG Johnson,4,0,,,,,,,,,
415283,2009/10,2009-09-30,SuperSport Park,1,13.3,Pakistan,Australia,Kamran Akmal,Younis Khan,MG Johnson,0,0,,,,,,,,,
415283,2009/10,2009-09-30,SuperSport Park,1,13.4,Pakistan,Australia,Kamran Akmal,Younis Khan,MG Johnson,0,0,,,,,,,,,
415283,2009/10,2009-09-30,SuperSport Park,1,13.5,Pakistan,Australia,Kamran Akmal,Younis Khan,MG Johnson,1,0,,,,,,,,,
415283,2009/10,2009-09-30,SuperSport Park,1,13.6,Pakistan,Australia,Younis Khan,Kamran Akmal,MG Johnson,0,0,,,,,,,,,
415283,2009/10,2009-09-30,SuperSport Park,1,14.1,Pakistan,Australia,Kamran Akmal,Younis Khan,SR Watson,1,0,,,,,,,,,
415283,2009/10,2009-09-30,SuperSport Park,1,14.2,Pakistan,Australia,Younis Khan,Kamran Akmal,SR Watson,2,0,,,,,,,,,
415283,2009/10,2009-09-30,SuperSport Park,1,14.3,Pakistan,Australia,Younis Khan,Kamran Akmal,SR Watson,0,0,,,,,,,,,
415283,2009/10,2009-09-30,SuperSport Park,1,14.4,Pakistan,Australia,Younis Khan,Kamran Akmal,SR Watson,0,0,,,,,,,,,
415283,2009/10,2009-09-30,SuperSport Park,1,14.5,Pakistan,Australia,Younis Khan,Kamran Akmal,SR Watson,0,0,,,,,,,,,
415283,2009/10,2009-09-30,SuperSport Park,1,14.6,Pakistan,Australia,Younis Khan,Kamran Akmal,SR Watson,1,0,,,,,,,,,
415283,2009/10,2009-09-30,SuperSport Park,1,15.1,Pakistan,Australia,Younis Khan,Kamran Akmal,MG Johnson,0,0,,,,,,,,,
415283,2009/10,2009-09-30,SuperSport Park,1,15.2,Pakistan,Australia,Younis Khan,Kamran Akmal,MG Johnson,0,0,,,,,,,,,
415283,2009/10,2009-09-30,SuperSport Park,1,15.3,Pakistan,Australia,Younis Khan,Kamran Akmal,MG Johnson,0,0,,,,,,,,,
415283,2009/10,2009-09-30,SuperSport Park,1,15.4,Pakistan,Australia,Younis Khan,Kamran Akmal,MG Johnson,0,1,1,,,,,,,,
415283,2009/10,2009-09-30,SuperSport Park,1,15.5,Pakistan,Australia,Younis Khan,Kamran Akmal,MG Johnson,0,0,,,,,,,,,
415283,2009/10,2009-09-30,SuperSport Park,1,15.6,Pakistan,Australia,Younis Khan,Kamran Akmal,MG Johnson,0,0,,,,,,,,,
415283,2009/10,2009-09-30,SuperSport Park,1,15.7,Pakistan,Australia,Younis Khan,Kamran Akmal,MG Johnson,0,0,,,,,,,,,
415283,2009/10,2009-09-30,SuperSport Park,1,16.1,Pakistan,Australia,Kamran Akmal,Younis Khan,SR Watson,2,0,,,,,,,,,
415283,2009/10,2009-09-30,SuperSport Park,1,16.2,Pakistan,Australia,Kamran Akmal,Younis Khan,SR Watson,0,0,,,,,,,,,
415283,2009/10,2009-09-30,SuperSport Park,1,16.3,Pakistan,Australia,Kamran Akmal,Younis Khan,SR Watson,0,0,,,,,,,,,
415283,2009/10,2009-09-30,SuperSport Park,1,16.4,Pakistan,Australia,Kamran Akmal,Younis Khan,SR Watson,0,0,,,,,,,,,
415283,2009/10,2009-09-30,SuperSport Park,1,16.5,Pakistan,Australia,Kamran Akmal,Younis Khan,SR Watson,0,0,,,,,,,,,
415283,2009/10,2009-09-30,SuperSport Park,1,16.6,Pakistan,Australia,Kamran Akmal,Younis Khan,SR Watson,0,0,,,,,,,,,
415283,2009/10,2009-09-30,SuperSport Park,1,17.1,Pakistan,Australia,Younis Khan,Kamran Akmal,JR Hopes,1,0,,,,,,,,,
415283,2009/10,2009-09-30,SuperSport Park,1,17.2,Pakistan,Australia,Kamran Akmal,Younis Khan,JR Hopes,0,0,,,,,,,,,
415283,2009/10,2009-09-30,SuperSport Park,1,17.3,Pakistan,Australia,Kamran Akmal,Younis Khan,JR Hopes,1,0,,,,,,,,,
415283,2009/10,2009-09-30,SuperSport Park,1,17.4,Pakistan,Australia,Younis Khan,Kamran Akmal,JR Hopes,0,0,,,,,,,,,
415283,2009/10,2009-09-30,SuperSport Park,1,17.5,Pakistan,Australia,Younis Khan,Kamran Akmal,JR Hopes,0,0,,,,,,,,,
415283,2009/10,2009-09-30,SuperSport Park,1,17.6,Pakistan,Australia,Younis Khan,Kamran Akmal,JR Hopes,0,0,,,,,,,,,
415283,2009/10,2009-09-30,SuperSport Park,1,18.1,Pakistan,Australia,Kamran Akmal,Younis Khan,SR Watson,0,1,1,,,,,,,,
415283,2009/10,2009-09-30,SuperSport Park,1,18.2,Pakistan,Australia,Kamran Akmal,Younis Khan,SR Watson,0,0,,,,,,,,,
415283,2009/10,2009-09-30,SuperSport Park,1,18.3,Pakistan,Australia,Kamran Akmal,Younis Khan,SR Watson,0,0,,,,,,,,,
415283,2009/10,2009-09-30,SuperSport Park,1,18.4,Pakistan,Australia,Kamran Akmal,Younis Khan,SR Watson,0,0,,,,,,bowled,Kamran Akmal,,
415283,2009/10,2009-09-30,SuperSport Park,1,18.5,Pakistan,Australia,Shoaib Malik,Younis Khan,SR Watson,0,0,,,,,,,,,
415283,2009/10,2009-09-30,SuperSport Park,1,18.6,Pakistan,Australia,Shoaib Malik,Younis Khan,SR Watson,1,0,,,,,,,,,
415283,2009/10,2009-09-30,SuperSport Park,1,18.7,Pakistan,Australia,Younis Khan,Shoaib Malik,SR Watson,0,0,,,,,,,,,
415283,2009/10,2009-09-30,SuperSport Park,1,19.1,Pakistan,Australia,Shoaib Malik,Younis Khan,JR Hopes,1,0,,,,,,,,,
415283,2009/10,2009-09-30,SuperSport Park,1,19.2,Pakistan,Australia,Younis Khan,Shoaib Malik,JR Hopes,0,0,,,,,,,,,
415283,2009/10,2009-09-30,SuperSport Park,1,19.3,Pakistan,Australia,Younis Khan,Shoaib Malik,JR Hopes,0,0,,,,,,,,,
415283,2009/10,2009-09-30,SuperSport Park,1,19.4,Pakistan,Australia,Younis Khan,Shoaib Malik,JR Hopes,0,0,,,,,,,,,
415283,2009/10,2009-09-30,SuperSport Park,1,19.5,Pakistan,Australia,Younis Khan,Shoaib Malik,JR Hopes,0,0,,,,,,,,,
415283,2009/10,2009-09-30,SuperSport Park,1,19.6,Pakistan,Australia,Younis Khan,Shoaib Malik,JR Hopes,1,0,,,,,,,,,
415283,2009/10,2009-09-30,SuperSport Park,1,20.1,Pakistan,Australia,Younis Khan,Shoaib Malik,SR Watson,0,0,,,,,,,,,
415283,2009/10,2009-09-30,SuperSport Park,1,20.2,Pakistan,Australia,Younis Khan,Shoaib Malik,SR Watson,1,0,,,,,,,,,
415283,2009/10,2009-09-30,SuperSport Park,1,20.3,Pakistan,Australia,Shoaib Malik,Younis Khan,SR Watson,0,0,,,,,,,,,
415283,2009/10,2009-09-30,SuperSport Park,1,20.4,Pakistan,Australia,Shoaib Malik,Younis Khan,SR Watson,0,0,,,,,,,,,
415283,2009/10,2009-09-30,SuperSport Park,1,20.5,Pakistan,Australia,Shoaib Malik,Younis Khan,SR Watson,1,0,,,,,,,,,
415283,2009/10,2009-09-30,SuperSport Park,1,20.6,Pakistan,Australia,Younis Khan,Shoaib Malik,SR Watson,0,0,,,,,,,,,
415283,2009/10,2009-09-30,SuperSport Park,1,21.1,Pakistan,Australia,Shoaib Malik,Younis Khan,JR Hopes,0,0,,,,,,,,,
415283,2009/10,2009-09-30,SuperSport Park,1,21.2,Pakistan,Australia,Shoaib Malik,Younis Khan,JR Hopes,0,0,,,,,,,,,
415283,2009/10,2009-09-30,SuperSport Park,1,21.3,Pakistan,Australia,Shoaib Malik,Younis Khan,JR Hopes,0,0,,,,,,,,,
415283,2009/10,2009-09-30,SuperSport Park,1,21.4,Pakistan,Australia,Shoaib Malik,Younis Khan,JR Hopes,1,0,,,,,,,,,
415283,2009/10,2009-09-30,SuperSport Park,1,21.5,Pakistan,Australia,Younis Khan,Shoaib Malik,JR Hopes,1,0,,,,,,,,,
415283,2009/10,2009-09-30,SuperSport Park,1,21.6,Pakistan,Australia,Shoaib Malik,Younis Khan,JR Hopes,6,0,,,,,,,,,
415283,2009/10,2009-09-30,SuperSport Park,1,22.1,Pakistan,Australia,Younis Khan,Shoaib Malik,PM Siddle,0,0,,,,,,,,,
415283,2009/10,2009-09-30,SuperSport Park,1,22.2,Pakistan,Australia,Younis Khan,Shoaib Malik,PM Siddle,0,0,,,,,,,,,
415283,2009/10,2009-09-30,SuperSport Park,1,22.3,Pakistan,Australia,Younis Khan,Shoaib Malik,PM Siddle,0,0,,,,,,,,,
415283,2009/10,2009-09-30,SuperSport Park,1,22.4,Pakistan,Australia,Younis Khan,Shoaib Malik,PM Siddle,0,0,,,,,,,,,
415283,2009/10,2009-09-30,SuperSport Park,1,22.5,Pakistan,Australia,Younis Khan,Shoaib Malik,PM Siddle,1,0,,,,,,,,,
415283,2009/10,2009-09-30,SuperSport Park,1,22.6,Pakistan,Australia,Shoaib Malik,Younis Khan,PM Siddle,0,0,,,,,,,,,
415283,2009/10,2009-09-30,SuperSport Park,1,23.1,Pakistan,Australia,Younis Khan,Shoaib Malik,JR Hopes,0,0,,,,,,,,,
415283,2009/10,2009-09-30,SuperSport Park,1,23.2,Pakistan,Australia,Younis Khan,Shoaib Malik,JR Hopes,0,0,,,,,,,,,
415283,2009/10,2009-09-30,SuperSport Park,1,23.3,Pakistan,Australia,Younis Khan,Shoaib Malik,JR Hopes,0,0,,,,,,,,,
415283,2009/10,2009-09-30,SuperSport Park,1,23.4,Pakistan,Australia,Younis Khan,Shoaib Malik,JR Hopes,0,0,,,,,,caught,Younis Khan,,
415283,2009/10,2009-09-30,SuperSport Park,1,23.5,Pakistan,Australia,Shoaib Malik,Mohammad Yousuf,JR Hopes,1,0,,,,,,,,,
415283,2009/10,2009-09-30,SuperSport Park,1,23.6,Pakistan,Australia,Mohammad Yousuf,Shoaib Malik,JR Hopes,0,0,,,,,,,,,
415283,2009/10,2009-09-30,SuperSport Park,1,24.1,Pakistan,Australia,Shoaib Malik,Mohammad Yousuf,PM Siddle,1,0,,,,,,,,,
415283,2009/10,2009-09-30,SuperSport Park,1,24.2,Pakistan,Australia,Mohammad Yousuf,Shoaib Malik,PM Siddle,0,0,,,,,,,,,
415283,2009/10,2009-09-30,SuperSport Park,1,24.3,Pakistan,Australia,Mohammad Yousuf,Shoaib Malik,PM Siddle,0,0,,,,,,,,,
415283,2009/10,2009-09-30,SuperSport Park,1,24.4,Pakistan,Australia,Mohammad Yousuf,Shoaib Malik,PM Siddle,0,0,,,,,,,,,
415283,2009/10,2009-09-30,SuperSport Park,1,24.5,Pakistan,Australia,Mohammad Yousuf,Shoaib Malik,PM Siddle,0,0,,,,,,,,,
415283,2009/10,2009-09-30,SuperSport Park,1,24.6,Pakistan,Australia,Mohammad Yousuf,Shoaib Malik,PM Siddle,0,0,,,,,,,,,
415283,2009/10,2009-09-30,SuperSport Park,1,25.1,Pakistan,Australia,Shoaib Malik,Mohammad Yousuf,JR Hopes,0,0,,,,,,,,,
415283,2009/10,2009-09-30,SuperSport Park,1,25.2,Pakistan,Australia,Shoaib Malik,Mohammad Yousuf,JR Hopes,1,0,,,,,,,,,
415283,2009/10,2009-09-30,SuperSport Park,1,25.3,Pakistan,Australia,Mohammad Yousuf,Shoaib Malik,JR Hopes,0,0,,,,,,,,,
415283,2009/10,2009-09-30,SuperSport Park,1,25.4,Pakistan,Australia,Mohammad Yousuf,Shoaib Malik,JR Hopes,1,0,,,,,,,,,
415283,2009/10,2009-09-30,SuperSport Park,1,25.5,Pakistan,Australia,Shoaib Malik,Mohammad Yousuf,JR Hopes,1,0,,,,,,,,,
415283,2009/10,2009-09-30,SuperSport Park,1,25.6,Pakistan,Australia,Mohammad Yousuf,Shoaib Malik,JR Hopes,2,0,,,,,,,,,
415283,2009/10,2009-09-30,SuperSport Park,1,26.1,Pakistan,Australia,Shoaib Malik,Mohammad Yousuf,NM Hauritz,0,0,,,,,,,,,
415283,2009/10,2009-09-30,SuperSport Park,1,26.2,Pakistan,Australia,Shoaib Malik,Mohammad Yousuf,NM Hauritz,1,0,,,,,,,,,
415283,2009/10,2009-09-30,SuperSport Park,1,26.3,Pakistan,Australia,Mohammad Yousuf,Shoaib Malik,NM Hauritz,0,0,,,,,,,,,
415283,2009/10,2009-09-30,SuperSport Park,1,26.4,Pakistan,Australia,Mohammad Yousuf,Shoaib Malik,NM Hauritz,1,0,,,,,,,,,
415283,2009/10,2009-09-30,SuperSport Park,1,26.5,Pakistan,Australia,Shoaib Malik,Mohammad Yousuf,NM Hauritz,0,0,,,,,,,,,
415283,2009/10,2009-09-30,SuperSport Park,1,26.6,Pakistan,Australia,Shoaib Malik,Mohammad Yousuf,NM Hauritz,1,0,,,,,,,,,
415283,2009/10,2009-09-30,SuperSport Park,1,27.1,Pakistan,Australia,Shoaib Malik,Mohammad Yousuf,JR Hopes,1,0,,,,,,,,,
415283,2009/10,2009-09-30,SuperSport Park,1,27.2,Pakistan,Australia,Mohammad Yousuf,Shoaib Malik,JR Hopes,0,0,,,,,,,,,
415283,2009/10,2009-09-30,SuperSport Park,1,27.3,Pakistan,Australia,Mohammad Yousuf,Shoaib Malik,JR Hopes,1,0,,,,,,,,,
415283,2009/10,2009-09-30,SuperSport Park,1,27.4,Pakistan,Australia,Shoaib Malik,Mohammad Yousuf,JR Hopes,1,0,,,,,,,,,
415283,2009/10,2009-09-30,SuperSport Park,1,27.5,Pakistan,Australia,Mohammad Yousuf,Shoaib Malik,JR Hopes,0,0,,,,,,,,,
415283,2009/10,2009-09-30,SuperSport Park,1,27.6,Pakistan,Australia,Mohammad Yousuf,Shoaib Malik,JR Hopes,4,0,,,,,,,,,
415283,2009/10,2009-09-30,SuperSport Park,1,28.1,Pakistan,Australia,Shoaib Malik,Mohammad Yousuf,NM Hauritz,0,0,,,,,,,,,
415283,2009/10,2009-09-30,SuperSport Park,1,28.2,Pakistan,Australia,Shoaib Malik,Mohammad Yousuf,NM Hauritz,0,0,,,,,,,,,
415283,2009/10,2009-09-30,SuperSport Park,1,28.3,Pakistan,Australia,Shoaib Malik,Mohammad Yousuf,NM Hauritz,0,0,,,,,,,,,
415283,2009/10,2009-09-30,SuperSport Park,1,28.4,Pakistan,Australia,Shoaib Malik,Mohammad Yousuf,NM Hauritz,0,0,,,,,,,,,
415283,2009/10,2009-09-30,SuperSport Park,1,28.5,Pakistan,Australia,Shoaib Malik,Mohammad Yousuf,NM Hauritz,0,0,,,,,,,,,
415283,2009/10,2009-09-30,SuperSport Park,1,28.6,Pakistan,Australia,Shoaib Malik,Mohammad Yousuf,NM Hauritz,0,0,,,,,,,,,
415283,2009/10,2009-09-30,SuperSport Park,1,29.1,Pakistan,Australia,Mohammad Yousuf,Shoaib Malik,JR Hopes,2,0,,,,,,,,,
415283,2009/10,2009-09-30,SuperSport Park,1,29.2,Pakistan,Australia,Mohammad Yousuf,Shoaib Malik,JR Hopes,1,0,,,,,,,,,
415283,2009/10,2009-09-30,SuperSport Park,1,29.3,Pakistan,Australia,Shoaib Malik,Mohammad Yousuf,JR Hopes,4,0,,,,,,,,,
415283,2009/10,2009-09-30,SuperSport Park,1,29.4,Pakistan,Australia,Shoaib Malik,Mohammad Yousuf,JR Hopes,1,0,,,,,,,,,
415283,2009/10,2009-09-30,SuperSport Park,1,29.5,Pakistan,Australia,Mohammad Yousuf,Shoaib Malik,JR Hopes,0,0,,,,,,,,,
415283,2009/10,2009-09-30,SuperSport Park,1,29.6,Pakistan,Australia,Mohammad Yousuf,Shoaib Malik,JR Hopes,0,0,,,,,,,,,
415283,2009/10,2009-09-30,SuperSport Park,1,30.1,Pakistan,Australia,Shoaib Malik,Mohammad Yousuf,B Lee,1,0,,,,,,,,,
415283,2009/10,2009-09-30,SuperSport Park,1,30.2,Pakistan,Australia,Mohammad Yousuf,Shoaib Malik,B Lee,1,0,,,,,,,,,
415283,2009/10,2009-09-30,SuperSport Park,1,30.3,Pakistan,Australia,Shoaib Malik,Mohammad Yousuf,B Lee,1,0,,,,,,,,,
415283,2009/10,2009-09-30,SuperSport Park,1,30.4,Pakistan,Australia,Mohammad Yousuf,Shoaib Malik,B Lee,0,1,1,,,,,,,,
415283,2009/10,2009-09-30,SuperSport Park,1,30.5,Pakistan,Australia,Mohammad Yousuf,Shoaib Malik,B Lee,1,0,,,,,,,,,
415283,2009/10,2009-09-30,SuperSport Park,1,30.6,Pakistan,Australia,Shoaib Malik,Mohammad Yousuf,B Lee,0,0,,,,,,,,,
415283,2009/10,2009-09-30,SuperSport Park,1,30.7,Pakistan,Australia,Shoaib Malik,Mohammad Yousuf,B Lee,1,0,,,,,,,,,
415283,2009/10,2009-09-30,SuperSport Park,1,31.1,Pakistan,Australia,Shoaib Malik,Mohammad Yousuf,MG Johnson,0,1,1,,,,,,,,
415283,2009/10,2009-09-30,SuperSport Park,1,31.2,Pakistan,Australia,Shoaib Malik,Mohammad Yousuf,MG Johnson,1,0,,,,,,,,,
415283,2009/10,2009-09-30,SuperSport Park,1,31.3,Pakistan,Australia,Mohammad Yousuf,Shoaib Malik,MG Johnson,0,0,,,,,,,,,
415283,2009/10,2009-09-30,SuperSport Park,1,31.4,Pakistan,Australia,Mohammad Yousuf,Shoaib Malik,MG Johnson,0,0,,,,,,,,,
415283,2009/10,2009-09-30,SuperSport Park,1,31.5,Pakistan,Australia,Mohammad Yousuf,Shoaib Malik,MG Johnson,1,0,,,,,,,,,
415283,2009/10,2009-09-30,SuperSport Park,1,31.6,Pakistan,Australia,Shoaib Malik,Mohammad Yousuf,MG Johnson,0,0,,,,,,caught,Shoaib Malik,,
415283,2009/10,2009-09-30,SuperSport Park,1,31.7,Pakistan,Australia,Misbah-ul-Haq,Mohammad Yousuf,MG Johnson,4,0,,,,,,,,,
415283,2009/10,2009-09-30,SuperSport Park,1,32.1,Pakistan,Australia,Mohammad Yousuf,Misbah-ul-Haq,B Lee,0,0,,,,,,,,,
415283,2009/10,2009-09-30,SuperSport Park,1,32.2,Pakistan,Australia,Mohammad Yousuf,Misbah-ul-Haq,B Lee,0,0,,,,,,,,,
415283,2009/10,2009-09-30,SuperSport Park,1,32.3,Pakistan,Australia,Mohammad Yousuf,Misbah-ul-Haq,B Lee,0,0,,,,,,,,,
415283,2009/10,2009-09-30,SuperSport Park,1,32.4,Pakistan,Australia,Mohammad Yousuf,Misbah-ul-Haq,B Lee,1,0,,,,,,,,,
415283,2009/10,2009-09-30,SuperSport Park,1,32.5,Pakistan,Australia,Misbah-ul-Haq,Mohammad Yousuf,B Lee,0,0,,,,,,,,,
415283,2009/10,2009-09-30,SuperSport Park,1,32.6,Pakistan,Australia,Misbah-ul-Haq,Mohammad Yousuf,B Lee,1,0,,,,,,,,,
415283,2009/10,2009-09-30,SuperSport Park,1,33.1,Pakistan,Australia,Misbah-ul-Haq,Mohammad Yousuf,MG Johnson,0,0,,,,,,,,,
415283,2009/10,2009-09-30,SuperSport Park,1,33.2,Pakistan,Australia,Misbah-ul-Haq,Mohammad Yousuf,MG Johnson,1,0,,,,,,,,,
415283,2009/10,2009-09-30,SuperSport Park,1,33.3,Pakistan,Australia,Mohammad Yousuf,Misbah-ul-Haq,MG Johnson,0,0,,,,,,,,,
415283,2009/10,2009-09-30,SuperSport Park,1,33.4,Pakistan,Australia,Mohammad Yousuf,Misbah-ul-Haq,MG Johnson,1,0,,,,,,,,,
415283,2009/10,2009-09-30,SuperSport Park,1,33.5,Pakistan,Australia,Misbah-ul-Haq,Mohammad Yousuf,MG Johnson,0,0,,,,,,,,,
415283,2009/10,2009-09-30,SuperSport Park,1,33.6,Pakistan,Australia,Misbah-ul-Haq,Mohammad Yousuf,MG Johnson,0,0,,,,,,,,,
415283,2009/10,2009-09-30,SuperSport Park,1,34.1,Pakistan,Australia,Mohammad Yousuf,Misbah-ul-Haq,B Lee,0,0,,,,,,,,,
415283,2009/10,2009-09-30,SuperSport Park,1,34.2,Pakistan,Australia,Mohammad Yousuf,Misbah-ul-Haq,B Lee,1,0,,,,,,,,,
415283,2009/10,2009-09-30,SuperSport Park,1,34.3,Pakistan,Australia,Misbah-ul-Haq,Mohammad Yousuf,B Lee,0,1,1,,,,,,,,
415283,2009/10,2009-09-30,SuperSport Park,1,34.4,Pakistan,Australia,Misbah-ul-Haq,Mohammad Yousuf,B Lee,0,0,,,,,,,,,
415283,2009/10,2009-09-30,SuperSport Park,1,34.5,Pakistan,Australia,Misbah-ul-Haq,Mohammad Yousuf,B Lee,0,0,,,,,,,,,
415283,2009/10,2009-09-30,SuperSport Park,1,34.6,Pakistan,Australia,Misbah-ul-Haq,Mohammad Yousuf,B Lee,1,0,,,,,,,,,
415283,2009/10,2009-09-30,SuperSport Park,1,34.7,Pakistan,Australia,Mohammad Yousuf,Misbah-ul-Haq,B Lee,0,0,,,,,,,,,
415283,2009/10,2009-09-30,SuperSport Park,1,35.1,Pakistan,Australia,Misbah-ul-Haq,Mohammad Yousuf,MG Johnson,0,0,,,,,,,,,
415283,2009/10,2009-09-30,SuperSport Park,1,35.2,Pakistan,Australia,Misbah-ul-Haq,Mohammad Yousuf,MG Johnson,0,0,,,,,,,,,
415283,2009/10,2009-09-30,SuperSport Park,1,35.3,Pakistan,Australia,Misbah-ul-Haq,Mohammad Yousuf,MG Johnson,1,0,,,,,,,,,
415283,2009/10,2009-09-30,SuperSport Park,1,35.4,Pakistan,Australia,Mohammad Yousuf,Misbah-ul-Haq,MG Johnson,0,0,,,,,,,,,
415283,2009/10,2009-09-30,SuperSport Park,1,35.5,Pakistan,Australia,Mohammad Yousuf,Misbah-ul-Haq,MG Johnson,0,0,,,,,,,,,
415283,2009/10,2009-09-30,SuperSport Park,1,35.6,Pakistan,Australia,Mohammad Yousuf,Misbah-ul-Haq,MG Johnson,0,0,,,,,,,,,
415283,2009/10,2009-09-30,SuperSport Park,1,36.1,Pakistan,Australia,Misbah-ul-Haq,Mohammad Yousuf,NM Hauritz,0,0,,,,,,,,,
415283,2009/10,2009-09-30,SuperSport Park,1,36.2,Pakistan,Australia,Misbah-ul-Haq,Mohammad Yousuf,NM Hauritz,0,0,,,,,,,,,
415283,2009/10,2009-09-30,SuperSport Park,1,36.3,Pakistan,Australia,Misbah-ul-Haq,Mohammad Yousuf,NM Hauritz,0,0,,,,,,,,,
415283,2009/10,2009-09-30,SuperSport Park,1,36.4,Pakistan,Australia,Misbah-ul-Haq,Mohammad Yousuf,NM Hauritz,0,0,,,,,,,,,
415283,2009/10,2009-09-30,SuperSport Park,1,36.5,Pakistan,Australia,Misbah-ul-Haq,Mohammad Yousuf,NM Hauritz,0,0,,,,,,,,,
415283,2009/10,2009-09-30,SuperSport Park,1,36.6,Pakistan,Australia,Misbah-ul-Haq,Mohammad Yousuf,NM Hauritz,1,0,,,,,,,,,
415283,2009/10,2009-09-30,SuperSport Park,1,37.1,Pakistan,Australia,Misbah-ul-Haq,Mohammad Yousuf,JR Hopes,0,0,,,,,,,,,
415283,2009/10,2009-09-30,SuperSport Park,1,37.2,Pakistan,Australia,Misbah-ul-Haq,Mohammad Yousuf,JR Hopes,0,0,,,,,,,,,
415283,2009/10,2009-09-30,SuperSport Park,1,37.3,Pakistan,Australia,Misbah-ul-Haq,Mohammad Yousuf,JR Hopes,1,0,,,,,,,,,
415283,2009/10,2009-09-30,SuperSport Park,1,37.4,Pakistan,Australia,Mohammad Yousuf,Misbah-ul-Haq,JR Hopes,0,0,,,,,,,,,
415283,2009/10,2009-09-30,SuperSport Park,1,37.5,Pakistan,Australia,Mohammad Yousuf,Misbah-ul-Haq,JR Hopes,4,0,,,,,,,,,
415283,2009/10,2009-09-30,SuperSport Park,1,37.6,Pakistan,Australia,Mohammad Yousuf,Misbah-ul-Haq,JR Hopes,1,0,,,,,,,,,
415283,2009/10,2009-09-30,SuperSport Park,1,38.1,Pakistan,Australia,Mohammad Yousuf,Misbah-ul-Haq,NM Hauritz,1,0,,,,,,,,,
415283,2009/10,2009-09-30,SuperSport Park,1,38.2,Pakistan,Australia,Misbah-ul-Haq,Mohammad Yousuf,NM Hauritz,1,0,,,,,,,,,
415283,2009/10,2009-09-30,SuperSport Park,1,38.3,Pakistan,Australia,Mohammad Yousuf,Misbah-ul-Haq,NM Hauritz,0,0,,,,,,,,,
415283,2009/10,2009-09-30,SuperSport Park,1,38.4,Pakistan,Australia,Mohammad Yousuf,Misbah-ul-Haq,NM Hauritz,1,0,,,,,,,,,
415283,2009/10,2009-09-30,SuperSport Park,1,38.5,Pakistan,Australia,Misbah-ul-Haq,Mohammad Yousuf,NM Hauritz,1,0,,,,,,,,,
415283,2009/10,2009-09-30,SuperSport Park,1,38.6,Pakistan,Australia,Mohammad Yousuf,Misbah-ul-Haq,NM Hauritz,1,0,,,,,,,,,
415283,2009/10,2009-09-30,SuperSport Park,1,39.1,Pakistan,Australia,Mohammad Yousuf,Misbah-ul-Haq,JR Hopes,0,0,,,,,,,,,
415283,2009/10,2009-09-30,SuperSport Park,1,39.2,Pakistan,Australia,Mohammad Yousuf,Misbah-ul-Haq,JR Hopes,0,0,,,,,,,,,
415283,2009/10,2009-09-30,SuperSport Park,1,39.3,Pakistan,Australia,Mohammad Yousuf,Misbah-ul-Haq,JR Hopes,0,0,,,,,,,,,
415283,2009/10,2009-09-30,SuperSport Park,1,39.4,Pakistan,Australia,Mohammad Yousuf,Misbah-ul-Haq,JR Hopes,0,0,,,,,,,,,
415283,2009/10,2009-09-30,SuperSport Park,1,39.5,Pakistan,Australia,Mohammad Yousuf,Misbah-ul-Haq,JR Hopes,1,0,,,,,,,,,
415283,2009/10,2009-09-30,SuperSport Park,1,39.6,Pakistan,Australia,Misbah-ul-Haq,Mohammad Yousuf,JR Hopes,1,0,,,,,,,,,
415283,2009/10,2009-09-30,SuperSport Park,1,40.1,Pakistan,Australia,Misbah-ul-Haq,Mohammad Yousuf,NM Hauritz,0,0,,,,,,,,,
415283,2009/10,2009-09-30,SuperSport Park,1,40.2,Pakistan,Australia,Misbah-ul-Haq,Mohammad Yousuf,NM Hauritz,1,0,,,,,,,,,
415283,2009/10,2009-09-30,SuperSport Park,1,40.3,Pakistan,Australia,Mohammad Yousuf,Misbah-ul-Haq,NM Hauritz,0,0,,,,,,,,,
415283,2009/10,2009-09-30,SuperSport Park,1,40.4,Pakistan,Australia,Mohammad Yousuf,Misbah-ul-Haq,NM Hauritz,1,0,,,,,,,,,
415283,2009/10,2009-09-30,SuperSport Park,1,40.5,Pakistan,Australia,Misbah-ul-Haq,Mohammad Yousuf,NM Hauritz,0,0,,,,,,,,,
415283,2009/10,2009-09-30,SuperSport Park,1,40.6,Pakistan,Australia,Misbah-ul-Haq,Mohammad Yousuf,NM Hauritz,0,0,,,,,,,,,
415283,2009/10,2009-09-30,SuperSport Park,1,41.1,Pakistan,Australia,Mohammad Yousuf,Misbah-ul-Haq,JR Hopes,1,0,,,,,,,,,
415283,2009/10,2009-09-30,SuperSport Park,1,41.2,Pakistan,Australia,Misbah-ul-Haq,Mohammad Yousuf,JR Hopes,1,0,,,,,,,,,
415283,2009/10,2009-09-30,SuperSport Park,1,41.3,Pakistan,Australia,Mohammad Yousuf,Misbah-ul-Haq,JR Hopes,1,0,,,,,,,,,
415283,2009/10,2009-09-30,SuperSport Park,1,41.4,Pakistan,Australia,Misbah-ul-Haq,Mohammad Yousuf,JR Hopes,4,0,,,,,,,,,
415283,2009/10,2009-09-30,SuperSport Park,1,41.5,Pakistan,Australia,Misbah-ul-Haq,Mohammad Yousuf,JR Hopes,1,0,,,,,,,,,
415283,2009/10,2009-09-30,SuperSport Park,1,41.6,Pakistan,Australia,Mohammad Yousuf,Misbah-ul-Haq,JR Hopes,1,0,,,,,,,,,
415283,2009/10,2009-09-30,SuperSport Park,1,42.1,Pakistan,Australia,Mohammad Yousuf,Misbah-ul-Haq,NM Hauritz,1,0,,,,,,,,,
415283,2009/10,2009-09-30,SuperSport Park,1,42.2,Pakistan,Australia,Misbah-ul-Haq,Mohammad Yousuf,NM Hauritz,1,0,,,,,,,,,
415283,2009/10,2009-09-30,SuperSport Park,1,42.3,Pakistan,Australia,Mohammad Yousuf,Misbah-ul-Haq,NM Hauritz,0,0,,,,,,,,,
415283,2009/10,2009-09-30,SuperSport Park,1,42.4,Pakistan,Australia,Mohammad Yousuf,Misbah-ul-Haq,NM Hauritz,1,0,,,,,,,,,
415283,2009/10,2009-09-30,SuperSport Park,1,42.5,Pakistan,Australia,Misbah-ul-Haq,Mohammad Yousuf,NM Hauritz,1,0,,,,,,,,,
415283,2009/10,2009-09-30,SuperSport Park,1,42.6,Pakistan,Australia,Mohammad Yousuf,Misbah-ul-Haq,NM Hauritz,1,0,,,,,,,,,
415283,2009/10,2009-09-30,SuperSport Park,1,43.1,Pakistan,Australia,Mohammad Yousuf,Misbah-ul-Haq,MG Johnson,0,0,,,,,,,,,
415283,2009/10,2009-09-30,SuperSport Park,1,43.2,Pakistan,Australia,Mohammad Yousuf,Misbah-ul-Haq,MG Johnson,0,0,,,,,,,,,
415283,2009/10,2009-09-30,SuperSport Park,1,43.3,Pakistan,Australia,Mohammad Yousuf,Misbah-ul-Haq,MG Johnson,0,0,,,,,,,,,
415283,2009/10,2009-09-30,SuperSport Park,1,43.4,Pakistan,Australia,Mohammad Yousuf,Misbah-ul-Haq,MG Johnson,0,0,,,,,,,,,
415283,2009/10,2009-09-30,SuperSport Park,1,43.5,Pakistan,Australia,Mohammad Yousuf,Misbah-ul-Haq,MG Johnson,1,0,,,,,,,,,
415283,2009/10,2009-09-30,SuperSport Park,1,43.6,Pakistan,Australia,Misbah-ul-Haq,Mohammad Yousuf,MG Johnson,0,0,,,,,,,,,
415283,2009/10,2009-09-30,SuperSport Park,1,44.1,Pakistan,Australia,Mohammad Yousuf,Misbah-ul-Haq,NM Hauritz,2,0,,,,,,,,,
415283,2009/10,2009-09-30,SuperSport Park,1,44.2,Pakistan,Australia,Mohammad Yousuf,Misbah-ul-Haq,NM Hauritz,0,0,,,,,,,,,
415283,2009/10,2009-09-30,SuperSport Park,1,44.3,Pakistan,Australia,Mohammad Yousuf,Misbah-ul-Haq,NM Hauritz,1,0,,,,,,,,,
415283,2009/10,2009-09-30,SuperSport Park,1,44.4,Pakistan,Australia,Misbah-ul-Haq,Mohammad Yousuf,NM Hauritz,0,0,,,,,,,,,
415283,2009/10,2009-09-30,SuperSport Park,1,44.5,Pakistan,Australia,Misbah-ul-Haq,Mohammad Yousuf,NM Hauritz,1,0,,,,,,,,,
415283,2009/10,2009-09-30,SuperSport Park,1,44.6,Pakistan,Australia,Mohammad Yousuf,Misbah-ul-Haq,NM Hauritz,4,0,,,,,,,,,
415283,2009/10,2009-09-30,SuperSport Park,1,45.1,Pakistan,Australia,Misbah-ul-Haq,Mohammad Yousuf,MG Johnson,0,0,,,,,,,,,
415283,2009/10,2009-09-30,SuperSport Park,1,45.2,Pakistan,Australia,Misbah-ul-Haq,Mohammad Yousuf,MG Johnson,2,0,,,,,,,,,
415283,2009/10,2009-09-30,SuperSport Park,1,45.3,Pakistan,Australia,Misbah-ul-Haq,Mohammad Yousuf,MG Johnson,2,0,,,,,,,,,
415283,2009/10,2009-09-30,SuperSport Park,1,45.4,Pakistan,Australia,Misbah-ul-Haq,Mohammad Yousuf,MG Johnson,4,0,,,,,,,,,
415283,2009/10,2009-09-30,SuperSport Park,1,45.5,Pakistan,Australia,Misbah-ul-Haq,Mohammad Yousuf,MG Johnson,1,0,,,,,,,,,
415283,2009/10,2009-09-30,SuperSport Park,1,45.6,Pakistan,Australia,Mohammad Yousuf,Misbah-ul-Haq,MG Johnson,1,0,,,,,,,,,
415283,2009/10,2009-09-30,SuperSport Park,1,46.1,Pakistan,Australia,Mohammad Yousuf,Misbah-ul-Haq,B Lee,2,0,,,,,,,,,
415283,2009/10,2009-09-30,SuperSport Park,1,46.2,Pakistan,Australia,Mohammad Yousuf,Misbah-ul-Haq,B Lee,0,0,,,,,,caught,Mohammad Yousuf,,
415283,2009/10,2009-09-30,SuperSport Park,1,46.3,Pakistan,Australia,Misbah-ul-Haq,Umar Akmal,B Lee,1,0,,,,,,,,,
415283,2009/10,2009-09-30,SuperSport Park,1,46.4,Pakistan,Australia,Umar Akmal,Misbah-ul-Haq,B Lee,1,0,,,,,,,,,
415283,2009/10,2009-09-30,SuperSport Park,1,46.5,Pakistan,Australia,Misbah-ul-Haq,Umar Akmal,B Lee,0,0,,,,,,,,,
415283,2009/10,2009-09-30,SuperSport Park,1,46.6,Pakistan,Australia,Misbah-ul-Haq,Umar Akmal,B Lee,1,0,,,,,,,,,
415283,2009/10,2009-09-30,SuperSport Park,1,47.1,Pakistan,Australia,Misbah-ul-Haq,Umar Akmal,SR Watson,0,0,,,,,,,,,
415283,2009/10,2009-09-30,SuperSport Park,1,47.2,Pakistan,Australia,Misbah-ul-Haq,Umar Akmal,SR Watson,0,0,,,,,,,,,
415283,2009/10,2009-09-30,SuperSport Park,1,47.3,Pakistan,Australia,Misbah-ul-Haq,Umar Akmal,SR Watson,1,0,,,,,,,,,
415283,2009/10,2009-09-30,SuperSport Park,1,47.4,Pakistan,Australia,Umar Akmal,Misbah-ul-Haq,SR Watson,1,0,,,,,,,,,
415283,2009/10,2009-09-30,SuperSport Park,1,47.5,Pakistan,Australia,Misbah-ul-Haq,Umar Akmal,SR Watson,1,0,,,,,,,,,
415283,2009/10,2009-09-30,SuperSport Park,1,47.6,Pakistan,Australia,Umar Akmal,Misbah-ul-Haq,SR Watson,0,0,,,,,,,,,
415283,2009/10,2009-09-30,SuperSport Park,1,48.1,Pakistan,Australia,Misbah-ul-Haq,Umar Akmal,B Lee,1,0,,,,,,,,,
415283,2009/10,2009-09-30,SuperSport Park,1,48.2,Pakistan,Australia,Umar Akmal,Misbah-ul-Haq,B Lee,0,0,,,,,,,,,
415283,2009/10,2009-09-30,SuperSport Park,1,48.3,Pakistan,Australia,Umar Akmal,Misbah-ul-Haq,B Lee,0,0,,,,,,,,,
415283,2009/10,2009-09-30,SuperSport Park,1,48.4,Pakistan,Australia,Umar Akmal,Misbah-ul-Haq,B Lee,0,0,,,,,,,,,
415283,2009/10,2009-09-30,SuperSport Park,1,48.5,Pakistan,Australia,Umar Akmal,Misbah-ul-Haq,B Lee,0,0,,,,,,,,,
415283,2009/10,2009-09-30,SuperSport Park,1,48.6,Pakistan,Australia,Umar Akmal,Misbah-ul-Haq,B Lee,0,0,,,,,,,,,
415283,2009/10,2009-09-30,SuperSport Park,1,49.1,Pakistan,Australia,Misbah-ul-Haq,Umar Akmal,SR Watson,4,0,,,,,,,,,
415283,2009/10,2009-09-30,SuperSport Park,1,49.2,Pakistan,Australia,Misbah-ul-Haq,Umar Akmal,SR Watson,0,0,,,,,,,,,
415283,2009/10,2009-09-30,SuperSport Park,1,49.3,Pakistan,Australia,Misbah-ul-Haq,Umar Akmal,SR Watson,0,0,,,,,,,,,
415283,2009/10,2009-09-30,SuperSport Park,1,49.4,Pakistan,Australia,Misbah-ul-Haq,Umar Akmal,SR Watson,0,1,1,,,,,hit wicket,Misbah-ul-Haq,,
415283,2009/10,2009-09-30,SuperSport Park,1,49.5,Pakistan,Australia,Naved-ul-Hasan,Umar Akmal,SR Watson,4,0,,,,,,,,,
415283,2009/10,2009-09-30,SuperSport Park,1,49.6,Pakistan,Australia,Naved-ul-Hasan,Umar Akmal,SR Watson,2,0,,,,,,,,,
415283,2009/10,2009-09-30,SuperSport Park,1,49.7,Pakistan,Australia,Naved-ul-Hasan,Umar Akmal,SR Watson,1,0,,,,,,,,,
415283,2009/10,2009-09-30,SuperSport Park,2,0.1,Australia,Pakistan,SR Watson,TD Paine,Umar Gul,2,0,,,,,,,,,
415283,2009/10,2009-09-30,SuperSport Park,2,0.2,Australia,Pakistan,SR Watson,TD Paine,Umar Gul,4,0,,,,,,,,,
415283,2009/10,2009-09-30,SuperSport Park,2,0.3,Australia,Pakistan,SR Watson,TD Paine,Umar Gul,0,0,,,,,,,,,
415283,2009/10,2009-09-30,SuperSport Park,2,0.4,Australia,Pakistan,SR Watson,TD Paine,Umar Gul,0,0,,,,,,,,,
415283,2009/10,2009-09-30,SuperSport Park,2,0.5,Australia,Pakistan,SR Watson,TD Paine,Umar Gul,4,0,,,,,,,,,
415283,2009/10,2009-09-30,SuperSport Park,2,0.6,Australia,Pakistan,SR Watson,TD Paine,Umar Gul,0,0,,,,,,,,,
415283,2009/10,2009-09-30,SuperSport Park,2,1.1,Australia,Pakistan,TD Paine,SR Watson,Mohammad Asif,0,1,1,,,,,,,,
415283,2009/10,2009-09-30,SuperSport Park,2,1.2,Australia,Pakistan,TD Paine,SR Watson,Mohammad Asif,0,0,,,,,,,,,
415283,2009/10,2009-09-30,SuperSport Park,2,1.3,Australia,Pakistan,TD Paine,SR Watson,Mohammad Asif,0,0,,,,,,,,,
415283,2009/10,2009-09-30,SuperSport Park,2,1.4,Australia,Pakistan,TD Paine,SR Watson,Mohammad Asif,0,1,1,,,,,,,,
415283,2009/10,2009-09-30,SuperSport Park,2,1.5,Australia,Pakistan,TD Paine,SR Watson,Mohammad Asif,0,0,,,,,,,,,
415283,2009/10,2009-09-30,SuperSport Park,2,1.6,Australia,Pakistan,TD Paine,SR Watson,Mohammad Asif,0,0,,,,,,,,,
415283,2009/10,2009-09-30,SuperSport Park,2,1.7,Australia,Pakistan,TD Paine,SR Watson,Mohammad Asif,0,0,,,,,,,,,
415283,2009/10,2009-09-30,SuperSport Park,2,1.8,Australia,Pakistan,TD Paine,SR Watson,Mohammad Asif,6,0,,,,,,,,,
415283,2009/10,2009-09-30,SuperSport Park,2,2.1,Australia,Pakistan,SR Watson,TD Paine,Umar Gul,4,0,,,,,,,,,
415283,2009/10,2009-09-30,SuperSport Park,2,2.2,Australia,Pakistan,SR Watson,TD Paine,Umar Gul,0,0,,,,,,,,,
415283,2009/10,2009-09-30,SuperSport Park,2,2.3,Australia,Pakistan,SR Watson,TD Paine,Umar Gul,0,0,,,,,,,,,
415283,2009/10,2009-09-30,SuperSport Park,2,2.4,Australia,Pakistan,SR Watson,TD Paine,Umar Gul,0,0,,,,,,,,,
415283,2009/10,2009-09-30,SuperSport Park,2,2.5,Australia,Pakistan,SR Watson,TD Paine,Umar Gul,4,0,,,,,,,,,
415283,2009/10,2009-09-30,SuperSport Park,2,2.6,Australia,Pakistan,SR Watson,TD Paine,Umar Gul,0,0,,,,,,,,,
415283,2009/10,2009-09-30,SuperSport Park,2,3.1,Australia,Pakistan,TD Paine,SR Watson,Mohammad Asif,0,0,,,,,,,,,
415283,2009/10,2009-09-30,SuperSport Park,2,3.2,Australia,Pakistan,TD Paine,SR Watson,Mohammad Asif,4,0,,,,,,,,,
415283,2009/10,2009-09-30,SuperSport Park,2,3.3,Australia,Pakistan,TD Paine,SR Watson,Mohammad Asif,0,0,,,,,,,,,
415283,2009/10,2009-09-30,SuperSport Park,2,3.4,Australia,Pakistan,TD Paine,SR Watson,Mohammad Asif,4,0,,,,,,,,,
415283,2009/10,2009-09-30,SuperSport Park,2,3.5,Australia,Pakistan,TD Paine,SR Watson,Mohammad Asif,1,0,,,,,,,,,
415283,2009/10,2009-09-30,SuperSport Park,2,3.6,Australia,Pakistan,SR Watson,TD Paine,Mohammad Asif,0,0,,,,,,,,,
415283,2009/10,2009-09-30,SuperSport Park,2,4.1,Australia,Pakistan,TD Paine,SR Watson,Umar Gul,0,0,,,,,,,,,
415283,2009/10,2009-09-30,SuperSport Park,2,4.2,Australia,Pakistan,TD Paine,SR Watson,Umar Gul,0,0,,,,,,,,,
415283,2009/10,2009-09-30,SuperSport Park,2,4.3,Australia,Pakistan,TD Paine,SR Watson,Umar Gul,0,0,,,,,,,,,
415283,2009/10,2009-09-30,SuperSport Park,2,4.4,Australia,Pakistan,TD Paine,SR Watson,Umar Gul,0,0,,,,,,,,,
415283,2009/10,2009-09-30,SuperSport Park,2,4.5,Australia,Pakistan,TD Paine,SR Watson,Umar Gul,0,0,,,,,,,,,
415283,2009/10,2009-09-30,SuperSport Park,2,4.6,Australia,Pakistan,TD Paine,SR Watson,Umar Gul,0,0,,,,,,,,,
415283,2009/10,2009-09-30,SuperSport Park,2,5.1,Australia,Pakistan,SR Watson,TD Paine,Mohammad Asif,0,0,,,,,,,,,
415283,2009/10,2009-09-30,SuperSport Park,2,5.2,Australia,Pakistan,SR Watson,TD Paine,Mohammad Asif,0,0,,,,,,,,,
415283,2009/10,2009-09-30,SuperSport Park,2,5.3,Australia,Pakistan,SR Watson,TD Paine,Mohammad Asif,0,0,,,,,,,,,
415283,2009/10,2009-09-30,SuperSport Park,2,5.4,Australia,Pakistan,SR Watson,TD Paine,Mohammad Asif,1,0,,,,,,,,,
415283,2009/10,2009-09-30,SuperSport Park,2,5.5,Australia,Pakistan,TD Paine,SR Watson,Mohammad Asif,0,0,,,,,,,,,
415283,2009/10,2009-09-30,SuperSport Park,2,5.6,Australia,Pakistan,TD Paine,SR Watson,Mohammad Asif,0,0,,,,,,,,,
415283,2009/10,2009-09-30,SuperSport Park,2,6.1,Australia,Pakistan,SR Watson,TD Paine,Umar Gul,1,0,,,,,,,,,
415283,2009/10,2009-09-30,SuperSport Park,2,6.2,Australia,Pakistan,TD Paine,SR Watson,Umar Gul,0,0,,,,,,,,,
415283,2009/10,2009-09-30,SuperSport Park,2,6.3,Australia,Pakistan,TD Paine,SR Watson,Umar Gul,0,0,,,,,,,,,
415283,2009/10,2009-09-30,SuperSport Park,2,6.4,Australia,Pakistan,TD Paine,SR Watson,Umar Gul,0,0,,,,,,,,,
415283,2009/10,2009-09-30,SuperSport Park,2,6.5,Australia,Pakistan,TD Paine,SR Watson,Umar Gul,1,0,,,,,,,,,
415283,2009/10,2009-09-30,SuperSport Park,2,6.6,Australia,Pakistan,SR Watson,TD Paine,Umar Gul,0,0,,,,,,,,,
415283,2009/10,2009-09-30,SuperSport Park,2,7.1,Australia,Pakistan,TD Paine,SR Watson,Mohammad Asif,0,0,,,,,,,,,
415283,2009/10,2009-09-30,SuperSport Park,2,7.2,Australia,Pakistan,TD Paine,SR Watson,Mohammad Asif,0,0,,,,,,,,,
415283,2009/10,2009-09-30,SuperSport Park,2,7.3,Australia,Pakistan,TD Paine,SR Watson,Mohammad Asif,0,0,,,,,,,,,
415283,2009/10,2009-09-30,SuperSport Park,2,7.4,Australia,Pakistan,TD Paine,SR Watson,Mohammad Asif,0,0,,,,,,,,,
415283,2009/10,2009-09-30,SuperSport Park,2,7.5,Australia,Pakistan,TD Paine,SR Watson,Mohammad Asif,1,0,,,,,,,,,
415283,2009/10,2009-09-30,SuperSport Park,2,7.6,Australia,Pakistan,SR Watson,TD Paine,Mohammad Asif,0,0,,,,,,,,,
415283,2009/10,2009-09-30,SuperSport Park,2,8.1,Australia,Pakistan,TD Paine,SR Watson,Umar Gul,0,0,,,,,,,,,
415283,2009/10,2009-09-30,SuperSport Park,2,8.2,Australia,Pakistan,TD Paine,SR Watson,Umar Gul,1,0,,,,,,,,,
415283,2009/10,2009-09-30,SuperSport Park,2,8.3,Australia,Pakistan,SR Watson,TD Paine,Umar Gul,4,0,,,,,,,,,
415283,2009/10,2009-09-30,SuperSport Park,2,8.4,Australia,Pakistan,SR Watson,TD Paine,Umar Gul,0,0,,,,,,caught,SR Watson,,
415283,2009/10,2009-09-30,SuperSport Park,2,8.5,Australia,Pakistan,RT Ponting,TD Paine,Umar Gul,0,0,,,,,,,,,
415283,2009/10,2009-09-30,SuperSport Park,2,8.6,Australia,Pakistan,RT Ponting,TD Paine,Umar Gul,0,0,,,,,,,,,
415283,2009/10,2009-09-30,SuperSport Park,2,9.1,Australia,Pakistan,TD Paine,RT Ponting,Mohammad Asif,0,0,,,,,,,,,
415283,2009/10,2009-09-30,SuperSport Park,2,9.2,Australia,Pakistan,TD Paine,RT Ponting,Mohammad Asif,0,0,,,,,,,,,
415283,2009/10,2009-09-30,SuperSport Park,2,9.3,Australia,Pakistan,TD Paine,RT Ponting,Mohammad Asif,4,0,,,,,,,,,
415283,2009/10,2009-09-30,SuperSport Park,2,9.4,Australia,Pakistan,TD Paine,RT Ponting,Mohammad Asif,0,0,,,,,,,,,
415283,2009/10,2009-09-30,SuperSport Park,2,9.5,Australia,Pakistan,TD Paine,RT Ponting,Mohammad Asif,2,0,,,,,,,,,
415283,2009/10,2009-09-30,SuperSport Park,2,9.6,Australia,Pakistan,TD Paine,RT Ponting,Mohammad Asif,0,0,,,,,,,,,
415283,2009/10,2009-09-30,SuperSport Park,2,10.1,Australia,Pakistan,RT Ponting,TD Paine,Umar Gul,0,0,,,,,,,,,
415283,2009/10,2009-09-30,SuperSport Park,2,10.2,Australia,Pakistan,RT Ponting,TD Paine,Umar Gul,0,0,,,,,,,,,
415283,2009/10,2009-09-30,SuperSport Park,2,10.3,Australia,Pakistan,RT Ponting,TD Paine,Umar Gul,2,0,,,,,,,,,
415283,2009/10,2009-09-30,SuperSport Park,2,10.4,Australia,Pakistan,RT Ponting,TD Paine,Umar Gul,0,1,1,,,,,,,,
415283,2009/10,2009-09-30,SuperSport Park,2,10.5,Australia,Pakistan,RT Ponting,TD Paine,Umar Gul,1,0,,,,,,,,,
415283,2009/10,2009-09-30,SuperSport Park,2,10.6,Australia,Pakistan,TD Paine,RT Ponting,Umar Gul,1,0,,,,,,,,,
415283,2009/10,2009-09-30,SuperSport Park,2,10.7,Australia,Pakistan,RT Ponting,TD Paine,Umar Gul,0,0,,,,,,,,,
415283,2009/10,2009-09-30,SuperSport Park,2,11.1,Australia,Pakistan,TD Paine,RT Ponting,Shahid Afridi,2,0,,,,,,,,,
415283,2009/10,2009-09-30,SuperSport Park,2,11.2,Australia,Pakistan,TD Paine,RT Ponting,Shahid Afridi,2,0,,,,,,,,,
415283,2009/10,2009-09-30,SuperSport Park,2,11.3,Australia,Pakistan,TD Paine,RT Ponting,Shahid Afridi,0,0,,,,,,lbw,TD Paine,,
415283,2009/10,2009-09-30,SuperSport Park,2,11.4,Australia,Pakistan,MEK Hussey,RT Ponting,Shahid Afridi,4,0,,,,,,,,,
415283,2009/10,2009-09-30,SuperSport Park,2,11.5,Australia,Pakistan,MEK Hussey,RT Ponting,Shahid Afridi,0,0,,,,,,,,,
415283,2009/10,2009-09-30,SuperSport Park,2,11.6,Australia,Pakistan,MEK Hussey,RT Ponting,Shahid Afridi,0,0,,,,,,,,,
415283,2009/10,2009-09-30,SuperSport Park,2,12.1,Australia,Pakistan,RT Ponting,MEK Hussey,Umar Gul,0,0,,,,,,,,,
415283,2009/10,2009-09-30,SuperSport Park,2,12.2,Australia,Pakistan,RT Ponting,MEK Hussey,Umar Gul,1,0,,,,,,,,,
415283,2009/10,2009-09-30,SuperSport Park,2,12.3,Australia,Pakistan,MEK Hussey,RT Ponting,Umar Gul,0,0,,,,,,,,,
415283,2009/10,2009-09-30,SuperSport Park,2,12.4,Australia,Pakistan,MEK Hussey,RT Ponting,Umar Gul,0,0,,,,,,,,,
415283,2009/10,2009-09-30,SuperSport Park,2,12.5,Australia,Pakistan,MEK Hussey,RT Ponting,Umar Gul,0,0,,,,,,,,,
415283,2009/10,2009-09-30,SuperSport Park,2,12.6,Australia,Pakistan,MEK Hussey,RT Ponting,Umar Gul,0,0,,,,,,,,,
415283,2009/10,2009-09-30,SuperSport Park,2,13.1,Australia,Pakistan,RT Ponting,MEK Hussey,Shahid Afridi,1,0,,,,,,,,,
415283,2009/10,2009-09-30,SuperSport Park,2,13.2,Australia,Pakistan,MEK Hussey,RT Ponting,Shahid Afridi,0,0,,,,,,,,,
415283,2009/10,2009-09-30,SuperSport Park,2,13.3,Australia,Pakistan,MEK Hussey,RT Ponting,Shahid Afridi,1,0,,,,,,,,,
415283,2009/10,2009-09-30,SuperSport Park,2,13.4,Australia,Pakistan,RT Ponting,MEK Hussey,Shahid Afridi,1,0,,,,,,,,,
415283,2009/10,2009-09-30,SuperSport Park,2,13.5,Australia,Pakistan,MEK Hussey,RT Ponting,Shahid Afridi,1,0,,,,,,,,,
415283,2009/10,2009-09-30,SuperSport Park,2,13.6,Australia,Pakistan,RT Ponting,MEK Hussey,Shahid Afridi,1,0,,,,,,,,,
415283,2009/10,2009-09-30,SuperSport Park,2,14.1,Australia,Pakistan,RT Ponting,MEK Hussey,Umar Gul,0,0,,,,,,,,,
415283,2009/10,2009-09-30,SuperSport Park,2,14.2,Australia,Pakistan,RT Ponting,MEK Hussey,Umar Gul,0,0,,,,,,,,,
415283,2009/10,2009-09-30,SuperSport Park,2,14.3,Australia,Pakistan,RT Ponting,MEK Hussey,Umar Gul,0,0,,,,,,,,,
415283,2009/10,2009-09-30,SuperSport Park,2,14.4,Australia,Pakistan,RT Ponting,MEK Hussey,Umar Gul,4,0,,,,,,,,,
415283,2009/10,2009-09-30,SuperSport Park,2,14.5,Australia,Pakistan,RT Ponting,MEK Hussey,Umar Gul,0,0,,,,,,,,,
415283,2009/10,2009-09-30,SuperSport Park,2,14.6,Australia,Pakistan,RT Ponting,MEK Hussey,Umar Gul,0,0,,,,,,,,,
415283,2009/10,2009-09-30,SuperSport Park,2,15.1,Australia,Pakistan,MEK Hussey,RT Ponting,Shahid Afridi,1,0,,,,,,,,,
415283,2009/10,2009-09-30,SuperSport Park,2,15.2,Australia,Pakistan,RT Ponting,MEK Hussey,Shahid Afridi,0,0,,,,,,,,,
415283,2009/10,2009-09-30,SuperSport Park,2,15.3,Australia,Pakistan,RT Ponting,MEK Hussey,Shahid Afridi,2,0,,,,,,,,,
415283,2009/10,2009-09-30,SuperSport Park,2,15.4,Australia,Pakistan,RT Ponting,MEK Hussey,Shahid Afridi,2,0,,,,,,,,,
415283,2009/10,2009-09-30,SuperSport Park,2,15.5,Australia,Pakistan,RT Ponting,MEK Hussey,Shahid Afridi,1,0,,,,,,,,,
415283,2009/10,2009-09-30,SuperSport Park,2,15.6,Australia,Pakistan,MEK Hussey,RT Ponting,Shahid Afridi,1,0,,,,,,,,,
415283,2009/10,2009-09-30,SuperSport Park,2,16.1,Australia,Pakistan,MEK Hussey,RT Ponting,Naved-ul-Hasan,4,0,,,,,,,,,
415283,2009/10,2009-09-30,SuperSport Park,2,16.2,Australia,Pakistan,MEK Hussey,RT Ponting,Naved-ul-Hasan,0,0,,,,,,,,,
415283,2009/10,2009-09-30,SuperSport Park,2,16.3,Australia,Pakistan,MEK Hussey,RT Ponting,Naved-ul-Hasan,0,0,,,,,,,,,
415283,2009/10,2009-09-30,SuperSport Park,2,16.4,Australia,Pakistan,MEK Hussey,RT Ponting,Naved-ul-Hasan,0,0,,,,,,,,,
415283,2009/10,2009-09-30,SuperSport Park,2,16.5,Australia,Pakistan,MEK Hussey,RT Ponting,Naved-ul-Hasan,0,0,,,,,,,,,
415283,2009/10,2009-09-30,SuperSport Park,2,16.6,Australia,Pakistan,MEK Hussey,RT Ponting,Naved-ul-Hasan,1,0,,,,,,,,,
415283,2009/10,2009-09-30,SuperSport Park,2,17.1,Australia,Pakistan,MEK Hussey,RT Ponting,Shahid Afridi,1,0,,,,,,,,,
415283,2009/10,2009-09-30,SuperSport Park,2,17.2,Australia,Pakistan,RT Ponting,MEK Hussey,Shahid Afridi,0,0,,,,,,,,,
415283,2009/10,2009-09-30,SuperSport Park,2,17.3,Australia,Pakistan,RT Ponting,MEK Hussey,Shahid Afridi,0,0,,,,,,,,,
415283,2009/10,2009-09-30,SuperSport Park,2,17.4,Australia,Pakistan,RT Ponting,MEK Hussey,Shahid Afridi,0,0,,,,,,,,,
415283,2009/10,2009-09-30,SuperSport Park,2,17.5,Australia,Pakistan,RT Ponting,MEK Hussey,Shahid Afridi,0,0,,,,,,,,,
415283,2009/10,2009-09-30,SuperSport Park,2,17.6,Australia,Pakistan,RT Ponting,MEK Hussey,Shahid Afridi,1,0,,,,,,,,,
415283,2009/10,2009-09-30,SuperSport Park,2,18.1,Australia,Pakistan,RT Ponting,MEK Hussey,Naved-ul-Hasan,0,0,,,,,,,,,
415283,2009/10,2009-09-30,SuperSport Park,2,18.2,Australia,Pakistan,RT Ponting,MEK Hussey,Naved-ul-Hasan,0,0,,,,,,,,,
415283,2009/10,2009-09-30,SuperSport Park,2,18.3,Australia,Pakistan,RT Ponting,MEK Hussey,Naved-ul-Hasan,1,0,,,,,,,,,
415283,2009/10,2009-09-30,SuperSport Park,2,18.4,Australia,Pakistan,MEK Hussey,RT Ponting,Naved-ul-Hasan,0,0,,,,,,,,,
415283,2009/10,2009-09-30,SuperSport Park,2,18.5,Australia,Pakistan,MEK Hussey,RT Ponting,Naved-ul-Hasan,0,0,,,,,,,,,
415283,2009/10,2009-09-30,SuperSport Park,2,18.6,Australia,Pakistan,MEK Hussey,RT Ponting,Naved-ul-Hasan,0,0,,,,,,,,,
415283,2009/10,2009-09-30,SuperSport Park,2,19.1,Australia,Pakistan,RT Ponting,MEK Hussey,Shahid Afridi,0,0,,,,,,,,,
415283,2009/10,2009-09-30,SuperSport Park,2,19.2,Australia,Pakistan,RT Ponting,MEK Hussey,Shahid Afridi,1,0,,,,,,,,,
415283,2009/10,2009-09-30,SuperSport Park,2,19.3,Australia,Pakistan,MEK Hussey,RT Ponting,Shahid Afridi,0,0,,,,,,,,,
415283,2009/10,2009-09-30,SuperSport Park,2,19.4,Australia,Pakistan,MEK Hussey,RT Ponting,Shahid Afridi,0,0,,,,,,,,,
415283,2009/10,2009-09-30,SuperSport Park,2,19.5,Australia,Pakistan,MEK Hussey,RT Ponting,Shahid Afridi,0,0,,,,,,,,,
415283,2009/10,2009-09-30,SuperSport Park,2,19.6,Australia,Pakistan,MEK Hussey,RT Ponting,Shahid Afridi,0,0,,,,,,,,,
415283,2009/10,2009-09-30,SuperSport Park,2,20.1,Australia,Pakistan,RT Ponting,MEK Hussey,Naved-ul-Hasan,1,0,,,,,,,,,
415283,2009/10,2009-09-30,SuperSport Park,2,20.2,Australia,Pakistan,MEK Hussey,RT Ponting,Naved-ul-Hasan,0,0,,,,,,,,,
415283,2009/10,2009-09-30,SuperSport Park,2,20.3,Australia,Pakistan,MEK Hussey,RT Ponting,Naved-ul-Hasan,2,0,,,,,,,,,
415283,2009/10,2009-09-30,SuperSport Park,2,20.4,Australia,Pakistan,MEK Hussey,RT Ponting,Naved-ul-Hasan,2,0,,,,,,,,,
415283,2009/10,2009-09-30,SuperSport Park,2,20.5,Australia,Pakistan,MEK Hussey,RT Ponting,Naved-ul-Hasan,0,0,,,,,,,,,
415283,2009/10,2009-09-30,SuperSport Park,2,20.6,Australia,Pakistan,MEK Hussey,RT Ponting,Naved-ul-Hasan,0,1,,1,,,,,,,
415283,2009/10,2009-09-30,SuperSport Park,2,20.7,Australia,Pakistan,MEK Hussey,RT Ponting,Naved-ul-Hasan,6,0,,,,,,,,,
415283,2009/10,2009-09-30,SuperSport Park,2,21.1,Australia,Pakistan,RT Ponting,MEK Hussey,Shahid Afridi,0,0,,,,,,,,,
415283,2009/10,2009-09-30,SuperSport Park,2,21.2,Australia,Pakistan,RT Ponting,MEK Hussey,Shahid Afridi,0,0,,,,,,,,,
415283,2009/10,2009-09-30,SuperSport Park,2,21.3,Australia,Pakistan,RT Ponting,MEK Hussey,Shahid Afridi,0,0,,,,,,,,,
415283,2009/10,2009-09-30,SuperSport Park,2,21.4,Australia,Pakistan,RT Ponting,MEK Hussey,Shahid Afridi,1,0,,,,,,,,,
415283,2009/10,2009-09-30,SuperSport Park,2,21.5,Australia,Pakistan,MEK Hussey,RT Ponting,Shahid Afridi,1,0,,,,,,,,,
415283,2009/10,2009-09-30,SuperSport Park,2,21.6,Australia,Pakistan,RT Ponting,MEK Hussey,Shahid Afridi,2,0,,,,,,,,,
415283,2009/10,2009-09-30,SuperSport Park,2,22.1,Australia,Pakistan,MEK Hussey,RT Ponting,Naved-ul-Hasan,4,0,,,,,,,,,
415283,2009/10,2009-09-30,SuperSport Park,2,22.2,Australia,Pakistan,MEK Hussey,RT Ponting,Naved-ul-Hasan,0,0,,,,,,,,,
415283,2009/10,2009-09-30,SuperSport Park,2,22.3,Australia,Pakistan,MEK Hussey,RT Ponting,Naved-ul-Hasan,0,0,,,,,,,,,
415283,2009/10,2009-09-30,SuperSport Park,2,22.4,Australia,Pakistan,MEK Hussey,RT Ponting,Naved-ul-Hasan,4,0,,,,,,,,,
415283,2009/10,2009-09-30,SuperSport Park,2,22.5,Australia,Pakistan,MEK Hussey,RT Ponting,Naved-ul-Hasan,1,0,,,,,,,,,
415283,2009/10,2009-09-30,SuperSport Park,2,22.6,Australia,Pakistan,RT Ponting,MEK Hussey,Naved-ul-Hasan,0,0,,,,,,,,,
415283,2009/10,2009-09-30,SuperSport Park,2,23.1,Australia,Pakistan,MEK Hussey,RT Ponting,Shahid Afridi,0,0,,,,,,,,,
415283,2009/10,2009-09-30,SuperSport Park,2,23.2,Australia,Pakistan,MEK Hussey,RT Ponting,Shahid Afridi,0,0,,,,,,,,,
415283,2009/10,2009-09-30,SuperSport Park,2,23.3,Australia,Pakistan,MEK Hussey,RT Ponting,Shahid Afridi,0,0,,,,,,,,,
415283,2009/10,2009-09-30,SuperSport Park,2,23.4,Australia,Pakistan,MEK Hussey,RT Ponting,Shahid Afridi,0,0,,,,,,,,,
415283,2009/10,2009-09-30,SuperSport Park,2,23.5,Australia,Pakistan,MEK Hussey,RT Ponting,Shahid Afridi,0,0,,,,,,,,,
415283,2009/10,2009-09-30,SuperSport Park,2,23.6,Australia,Pakistan,MEK Hussey,RT Ponting,Shahid Afridi,1,0,,,,,,,,,
415283,2009/10,2009-09-30,SuperSport Park,2,24.1,Australia,Pakistan,MEK Hussey,RT Ponting,Saeed Ajmal,0,0,,,,,,,,,
415283,2009/10,2009-09-30,SuperSport Park,2,24.2,Australia,Pakistan,MEK Hussey,RT Ponting,Saeed Ajmal,0,0,,,,,,,,,
415283,2009/10,2009-09-30,SuperSport Park,2,24.3,Australia,Pakistan,MEK Hussey,RT Ponting,Saeed Ajmal,0,0,,,,,,,,,
415283,2009/10,2009-09-30,SuperSport Park,2,24.4,Australia,Pakistan,MEK Hussey,RT Ponting,Saeed Ajmal,0,0,,,,,,,,,
415283,2009/10,2009-09-30,SuperSport Park,2,24.5,Australia,Pakistan,MEK Hussey,RT Ponting,Saeed Ajmal,1,0,,,,,,,,,
415283,2009/10,2009-09-30,SuperSport Park,2,24.6,Australia,Pakistan,RT Ponting,MEK Hussey,Saeed Ajmal,1,0,,,,,,,,,
415283,2009/10,2009-09-30,SuperSport Park,2,25.1,Australia,Pakistan,RT Ponting,MEK Hussey,Shahid Afridi,0,0,,,,,,,,,
415283,2009/10,2009-09-30,SuperSport Park,2,25.2,Australia,Pakistan,RT Ponting,MEK Hussey,Shahid Afridi,0,0,,,,,,,,,
415283,2009/10,2009-09-30,SuperSport Park,2,25.3,Australia,Pakistan,RT Ponting,MEK Hussey,Shahid Afridi,0,0,,,,,,,,,
415283,2009/10,2009-09-30,SuperSport Park,2,25.4,Australia,Pakistan,RT Ponting,MEK Hussey,Shahid Afridi,0,0,,,,,,,,,
415283,2009/10,2009-09-30,SuperSport Park,2,25.5,Australia,Pakistan,RT Ponting,MEK Hussey,Shahid Afridi,0,0,,,,,,,,,
415283,2009/10,2009-09-30,SuperSport Park,2,25.6,Australia,Pakistan,RT Ponting,MEK Hussey,Shahid Afridi,1,0,,,,,,,,,
415283,2009/10,2009-09-30,SuperSport Park,2,26.1,Australia,Pakistan,RT Ponting,MEK Hussey,Saeed Ajmal,1,0,,,,,,,,,
415283,2009/10,2009-09-30,SuperSport Park,2,26.2,Australia,Pakistan,MEK Hussey,RT Ponting,Saeed Ajmal,0,0,,,,,,,,,
415283,2009/10,2009-09-30,SuperSport Park,2,26.3,Australia,Pakistan,MEK Hussey,RT Ponting,Saeed Ajmal,0,0,,,,,,,,,
415283,2009/10,2009-09-30,SuperSport Park,2,26.4,Australia,Pakistan,MEK Hussey,RT Ponting,Saeed Ajmal,1,0,,,,,,,,,
415283,2009/10,2009-09-30,SuperSport Park,2,26.5,Australia,Pakistan,RT Ponting,MEK Hussey,Saeed Ajmal,0,0,,,,,,,,,
415283,2009/10,2009-09-30,SuperSport Park,2,26.6,Australia,Pakistan,RT Ponting,MEK Hussey,Saeed Ajmal,0,0,,,,,,,,,
415283,2009/10,2009-09-30,SuperSport Park,2,27.1,Australia,Pakistan,MEK Hussey,RT Ponting,Shoaib Malik,0,0,,,,,,,,,
415283,2009/10,2009-09-30,SuperSport Park,2,27.2,Australia,Pakistan,MEK Hussey,RT Ponting,Shoaib Malik,1,0,,,,,,,,,
415283,2009/10,2009-09-30,SuperSport Park,2,27.3,Australia,Pakistan,RT Ponting,MEK Hussey,Shoaib Malik,0,0,,,,,,,,,
415283,2009/10,2009-09-30,SuperSport Park,2,27.4,Australia,Pakistan,RT Ponting,MEK Hussey,Shoaib Malik,1,0,,,,,,,,,
415283,2009/10,2009-09-30,SuperSport Park,2,27.5,Australia,Pakistan,MEK Hussey,RT Ponting,Shoaib Malik,1,0,,,,,,,,,
415283,2009/10,2009-09-30,SuperSport Park,2,27.6,Australia,Pakistan,RT Ponting,MEK Hussey,Shoaib Malik,1,0,,,,,,,,,
415283,2009/10,2009-09-30,SuperSport Park,2,28.1,Australia,Pakistan,RT Ponting,MEK Hussey,Saeed Ajmal,0,0,,,,,,,,,
415283,2009/10,2009-09-30,SuperSport Park,2,28.2,Australia,Pakistan,RT Ponting,MEK Hussey,Saeed Ajmal,1,0,,,,,,,,,
415283,2009/10,2009-09-30,SuperSport Park,2,28.3,Australia,Pakistan,MEK Hussey,RT Ponting,Saeed Ajmal,4,0,,,,,,,,,
415283,2009/10,2009-09-30,SuperSport Park,2,28.4,Australia,Pakistan,MEK Hussey,RT Ponting,Saeed Ajmal,1,0,,,,,,,,,
415283,2009/10,2009-09-30,SuperSport Park,2,28.5,Australia,Pakistan,RT Ponting,MEK Hussey,Saeed Ajmal,0,0,,,,,,,,,
415283,2009/10,2009-09-30,SuperSport Park,2,28.6,Australia,Pakistan,RT Ponting,MEK Hussey,Saeed Ajmal,0,0,,,,,,,,,
415283,2009/10,2009-09-30,SuperSport Park,2,29.1,Australia,Pakistan,MEK Hussey,RT Ponting,Shoaib Malik,1,0,,,,,,,,,
415283,2009/10,2009-09-30,SuperSport Park,2,29.2,Australia,Pakistan,RT Ponting,MEK Hussey,Shoaib Malik,1,0,,,,,,,,,
415283,2009/10,2009-09-30,SuperSport Park,2,29.3,Australia,Pakistan,MEK Hussey,RT Ponting,Shoaib Malik,1,0,,,,,,,,,
415283,2009/10,2009-09-30,SuperSport Park,2,29.4,Australia,Pakistan,RT Ponting,MEK Hussey,Shoaib Malik,0,3,3,,,,,,,,
415283,2009/10,2009-09-30,SuperSport Park,2,29.5,Australia,Pakistan,RT Ponting,MEK Hussey,Shoaib Malik,1,0,,,,,,,,,
415283,2009/10,2009-09-30,SuperSport Park,2,29.6,Australia,Pakistan,MEK Hussey,RT Ponting,Shoaib Malik,1,0,,,,,,,,,
415283,2009/10,2009-09-30,SuperSport Park,2,29.7,Australia,Pakistan,RT Ponting,MEK Hussey,Shoaib Malik,0,0,,,,,,,,,
415283,2009/10,2009-09-30,SuperSport Park,2,30.1,Australia,Pakistan,MEK Hussey,RT Ponting,Saeed Ajmal,1,0,,,,,,,,,
415283,2009/10,2009-09-30,SuperSport Park,2,30.2,Australia,Pakistan,RT Ponting,MEK Hussey,Saeed Ajmal,0,0,,,,,,,,,
415283,2009/10,2009-09-30,SuperSport Park,2,30.3,Australia,Pakistan,RT Ponting,MEK Hussey,Saeed Ajmal,0,0,,,,,,,,,
415283,2009/10,2009-09-30,SuperSport Park,2,30.4,Australia,Pakistan,RT Ponting,MEK Hussey,Saeed Ajmal,1,0,,,,,,,,,
415283,2009/10,2009-09-30,SuperSport Park,2,30.5,Australia,Pakistan,MEK Hussey,RT Ponting,Saeed Ajmal,0,0,,,,,,,,,
415283,2009/10,2009-09-30,SuperSport Park,2,30.6,Australia,Pakistan,MEK Hussey,RT Ponting,Saeed Ajmal,0,0,,,,,,,,,
415283,2009/10,2009-09-30,SuperSport Park,2,31.1,Australia,Pakistan,RT Ponting,MEK Hussey,Shoaib Malik,0,0,,,,,,,,,
415283,2009/10,2009-09-30,SuperSport Park,2,31.2,Australia,Pakistan,RT Ponting,MEK Hussey,Shoaib Malik,0,0,,,,,,caught,RT Ponting,,
415283,2009/10,2009-09-30,SuperSport Park,2,31.3,Australia,Pakistan,CJ Ferguson,MEK Hussey,Shoaib Malik,1,0,,,,,,,,,
415283,2009/10,2009-09-30,SuperSport Park,2,31.4,Australia,Pakistan,MEK Hussey,CJ Ferguson,Shoaib Malik,0,0,,,,,,,,,
415283,2009/10,2009-09-30,SuperSport Park,2,31.5,Australia,Pakistan,MEK Hussey,CJ Ferguson,Shoaib Malik,0,0,,,,,,,,,
415283,2009/10,2009-09-30,SuperSport Park,2,31.6,Australia,Pakistan,MEK Hussey,CJ Ferguson,Shoaib Malik,0,0,,,,,,,,,
415283,2009/10,2009-09-30,SuperSport Park,2,32.1,Australia,Pakistan,CJ Ferguson,MEK Hussey,Saeed Ajmal,0,0,,,,,,,,,
415283,2009/10,2009-09-30,SuperSport Park,2,32.2,Australia,Pakistan,CJ Ferguson,MEK Hussey,Saeed Ajmal,0,0,,,,,,,,,
415283,2009/10,2009-09-30,SuperSport Park,2,32.3,Australia,Pakistan,CJ Ferguson,MEK Hussey,Saeed Ajmal,0,0,,,,,,,,,
415283,2009/10,2009-09-30,SuperSport Park,2,32.4,Australia,Pakistan,CJ Ferguson,MEK Hussey,Saeed Ajmal,0,0,,,,,,,,,
415283,2009/10,2009-09-30,SuperSport Park,2,32.5,Australia,Pakistan,CJ Ferguson,MEK Hussey,Saeed Ajmal,0,0,,,,,,,,,
415283,2009/10,2009-09-30,SuperSport Park,2,32.6,Australia,Pakistan,CJ Ferguson,MEK Hussey,Saeed Ajmal,0,0,,,,,,,,,
415283,2009/10,2009-09-30,SuperSport Park,2,33.1,Australia,Pakistan,MEK Hussey,CJ Ferguson,Shoaib Malik,0,0,,,,,,,,,
415283,2009/10,2009-09-30,SuperSport Park,2,33.2,Australia,Pakistan,MEK Hussey,CJ Ferguson,Shoaib Malik,1,0,,,,,,,,,
415283,2009/10,2009-09-30,SuperSport Park,2,33.3,Australia,Pakistan,CJ Ferguson,MEK Hussey,Shoaib Malik,1,0,,,,,,,,,
415283,2009/10,2009-09-30,SuperSport Park,2,33.4,Australia,Pakistan,MEK Hussey,CJ Ferguson,Shoaib Malik,1,0,,,,,,,,,
415283,2009/10,2009-09-30,SuperSport Park,2,33.5,Australia,Pakistan,CJ Ferguson,MEK Hussey,Shoaib Malik,0,0,,,,,,,,,
415283,2009/10,2009-09-30,SuperSport Park,2,33.6,Australia,Pakistan,CJ Ferguson,MEK Hussey,Shoaib Malik,0,0,,,,,,,,,
415283,2009/10,2009-09-30,SuperSport Park,2,34.1,Australia,Pakistan,MEK Hussey,CJ Ferguson,Saeed Ajmal,0,0,,,,,,,,,
415283,2009/10,2009-09-30,SuperSport Park,2,34.2,Australia,Pakistan,MEK Hussey,CJ Ferguson,Saeed Ajmal,0,0,,,,,,,,,
415283,2009/10,2009-09-30,SuperSport Park,2,34.3,Australia,Pakistan,MEK Hussey,CJ Ferguson,Saeed Ajmal,1,0,,,,,,,,,
415283,2009/10,2009-09-30,SuperSport Park,2,34.4,Australia,Pakistan,CJ Ferguson,MEK Hussey,Saeed Ajmal,0,0,,,,,,,,,
415283,2009/10,2009-09-30,SuperSport Park,2,34.5,Australia,Pakistan,CJ Ferguson,MEK Hussey,Saeed Ajmal,1,0,,,,,,,,,
415283,2009/10,2009-09-30,SuperSport Park,2,34.6,Australia,Pakistan,MEK Hussey,CJ Ferguson,Saeed Ajmal,0,0,,,,,,,,,
415283,2009/10,2009-09-30,SuperSport Park,2,35.1,Australia,Pakistan,CJ Ferguson,MEK Hussey,Shahid Afridi,1,0,,,,,,,,,
415283,2009/10,2009-09-30,SuperSport Park,2,35.2,Australia,Pakistan,MEK Hussey,CJ Ferguson,Shahid Afridi,1,0,,,,,,,,,
415283,2009/10,2009-09-30,SuperSport Park,2,35.3,Australia,Pakistan,CJ Ferguson,MEK Hussey,Shahid Afridi,1,0,,,,,,,,,
415283,2009/10,2009-09-30,SuperSport Park,2,35.4,Australia,Pakistan,MEK Hussey,CJ Ferguson,Shahid Afridi,4,0,,,,,,,,,
415283,2009/10,2009-09-30,SuperSport Park,2,35.5,Australia,Pakistan,MEK Hussey,CJ Ferguson,Shahid Afridi,1,0,,,,,,,,,
415283,2009/10,2009-09-30,SuperSport Park,2,35.6,Australia,Pakistan,CJ Ferguson,MEK Hussey,Shahid Afridi,1,0,,,,,,,,,
415283,2009/10,2009-09-30,SuperSport Park,2,36.1,Australia,Pakistan,CJ Ferguson,MEK Hussey,Saeed Ajmal,1,0,,,,,,,,,
415283,2009/10,2009-09-30,SuperSport Park,2,36.2,Australia,Pakistan,MEK Hussey,CJ Ferguson,Saeed Ajmal,1,0,,,,,,,,,
415283,2009/10,2009-09-30,SuperSport Park,2,36.3,Australia,Pakistan,CJ Ferguson,MEK Hussey,Saeed Ajmal,0,0,,,,,,,,,
415283,2009/10,2009-09-30,SuperSport Park,2,36.4,Australia,Pakistan,CJ Ferguson,MEK Hussey,Saeed Ajmal,0,0,,,,,,bowled,CJ Ferguson,,
415283,2009/10,2009-09-30,SuperSport Park,2,36.5,Australia,Pakistan,CL White,MEK Hussey,Saeed Ajmal,0,0,,,,,,,,,
415283,2009/10,2009-09-30,SuperSport Park,2,36.6,Australia,Pakistan,CL White,MEK Hussey,Saeed Ajmal,0,0,,,,,,,,,
415283,2009/10,2009-09-30,SuperSport Park,2,37.1,Australia,Pakistan,MEK Hussey,CL White,Shahid Afridi,0,0,,,,,,,,,
415283,2009/10,2009-09-30,SuperSport Park,2,37.2,Australia,Pakistan,MEK Hussey,CL White,Shahid Afridi,1,0,,,,,,,,,
415283,2009/10,2009-09-30,SuperSport Park,2,37.3,Australia,Pakistan,CL White,MEK Hussey,Shahid Afridi,0,0,,,,,,,,,
415283,2009/10,2009-09-30,SuperSport Park,2,37.4,Australia,Pakistan,CL White,MEK Hussey,Shahid Afridi,0,0,,,,,,,,,
415283,2009/10,2009-09-30,SuperSport Park,2,37.5,Australia,Pakistan,CL White,MEK Hussey,Shahid Afridi,0,5,5,,,,,,,,
415283,2009/10,2009-09-30,SuperSport Park,2,37.6,Australia,Pakistan,CL White,MEK Hussey,Shahid Afridi,2,0,,,,,,,,,
415283,2009/10,2009-09-30,SuperSport Park,2,37.7,Australia,Pakistan,CL White,MEK Hussey,Shahid Afridi,1,0,,,,,,,,,
415283,2009/10,2009-09-30,SuperSport Park,2,38.1,Australia,Pakistan,CL White,MEK Hussey,Saeed Ajmal,0,0,,,,,,,,,
415283,2009/10,2009-09-30,SuperSport Park,2,38.2,Australia,Pakistan,CL White,MEK Hussey,Saeed Ajmal,1,0,,,,,,,,,
415283,2009/10,2009-09-30,SuperSport Park,2,38.3,Australia,Pakistan,MEK Hussey,CL White,Saeed Ajmal,0,0,,,,,,,,,
415283,2009/10,2009-09-30,SuperSport Park,2,38.4,Australia,Pakistan,MEK Hussey,CL White,Saeed Ajmal,0,0,,,,,,,,,
415283,2009/10,2009-09-30,SuperSport Park,2,38.5,Australia,Pakistan,MEK Hussey,CL White,Saeed Ajmal,1,0,,,,,,,,,
415283,2009/10,2009-09-30,SuperSport Park,2,38.6,Australia,Pakistan,CL White,MEK Hussey,Saeed Ajmal,0,0,,,,,,,,,
415283,2009/10,2009-09-30,SuperSport Park,2,39.1,Australia,Pakistan,MEK Hussey,CL White,Mohammad Asif,0,0,,,,,,,,,
415283,2009/10,2009-09-30,SuperSport Park,2,39.2,Australia,Pakistan,MEK Hussey,CL White,Mohammad Asif,1,0,,,,,,,,,
415283,2009/10,2009-09-30,SuperSport Park,2,39.3,Australia,Pakistan,CL White,MEK Hussey,Mohammad Asif,0,0,,,,,,,,,
415283,2009/10,2009-09-30,SuperSport Park,2,39.4,Australia,Pakistan,CL White,MEK Hussey,Mohammad Asif,0,0,,,,,,,,,
415283,2009/10,2009-09-30,SuperSport Park,2,39.5,Australia,Pakistan,CL White,MEK Hussey,Mohammad Asif,0,0,,,,,,,,,
415283,2009/10,2009-09-30,SuperSport Park,2,39.6,Australia,Pakistan,CL White,MEK Hussey,Mohammad Asif,0,1,1,,,,,,,,
415283,2009/10,2009-09-30,SuperSport Park,2,39.7,Australia,Pakistan,CL White,MEK Hussey,Mohammad Asif,0,0,,,,,,,,,
415283,2009/10,2009-09-30,SuperSport Park,2,40.1,Australia,Pakistan,MEK Hussey,CL White,Naved-ul-Hasan,1,0,,,,,,,,,
415283,2009/10,2009-09-30,SuperSport Park,2,40.2,Australia,Pakistan,CL White,MEK Hussey,Naved-ul-Hasan,0,0,,,,,,,,,
415283,2009/10,2009-09-30,SuperSport Park,2,40.3,Australia,Pakistan,CL White,MEK Hussey,Naved-ul-Hasan,1,0,,,,,,,,,
415283,2009/10,2009-09-30,SuperSport Park,2,40.4,Australia,Pakistan,MEK Hussey,CL White,Naved-ul-Hasan,2,0,,,,,,,,,
415283,2009/10,2009-09-30,SuperSport Park,2,40.5,Australia,Pakistan,MEK Hussey,CL White,Naved-ul-Hasan,0,0,,,,,,bowled,MEK Hussey,,
415283,2009/10,2009-09-30,SuperSport Park,2,40.6,Australia,Pakistan,JR Hopes,CL White,Naved-ul-Hasan,1,0,,,,,,,,,
415283,2009/10,2009-09-30,SuperSport Park,2,41.1,Australia,Pakistan,JR Hopes,CL White,Mohammad Asif,0,0,,,,,,,,,
415283,2009/10,2009-09-30,SuperSport Park,2,41.2,Australia,Pakistan,JR Hopes,CL White,Mohammad Asif,0,0,,,,,,caught,JR Hopes,,
415283,2009/10,2009-09-30,SuperSport Park,2,41.3,Australia,Pakistan,MG Johnson,CL White,Mohammad Asif,0,0,,,,,,,,,
415283,2009/10,2009-09-30,SuperSport Park,2,41.4,Australia,Pakistan,MG Johnson,CL White,Mohammad Asif,1,0,,,,,,,,,
415283,2009/10,2009-09-30,SuperSport Park,2,41.5,Australia,Pakistan,CL White,MG Johnson,Mohammad Asif,0,0,,,,,,bowled,CL White,,
415283,2009/10,2009-09-30,SuperSport Park,2,41.6,Australia,Pakistan,B Lee,MG Johnson,Mohammad Asif,2,0,,,,,,,,,
415283,2009/10,2009-09-30,SuperSport Park,2,42.1,Australia,Pakistan,MG Johnson,B Lee,Naved-ul-Hasan,0,0,,,,,,,,,
415283,2009/10,2009-09-30,SuperSport Park,2,42.2,Australia,Pakistan,MG Johnson,B Lee,Naved-ul-Hasan,0,0,,,,,,,,,
415283,2009/10,2009-09-30,SuperSport Park,2,42.3,Australia,Pakistan,MG Johnson,B Lee,Naved-ul-Hasan,0,0,,,,,,,,,
415283,2009/10,2009-09-30,SuperSport Park,2,42.4,Australia,Pakistan,MG Johnson,B Lee,Naved-ul-Hasan,0,0,,,,,,,,,
415283,2009/10,2009-09-30,SuperSport Park,2,42.5,Australia,Pakistan,MG Johnson,B Lee,Naved-ul-Hasan,0,0,,,,,,,,,
415283,2009/10,2009-09-30,SuperSport Park,2,42.6,Australia,Pakistan,MG Johnson,B Lee,Naved-ul-Hasan,1,0,,,,,,,,,
415283,2009/10,2009-09-30,SuperSport Park,2,43.1,Australia,Pakistan,MG Johnson,B Lee,Mohammad Asif,0,0,,,,,,,,,
415283,2009/10,2009-09-30,SuperSport Park,2,43.2,Australia,Pakistan,MG Johnson,B Lee,Mohammad Asif,0,0,,,,,,,,,
415283,2009/10,2009-09-30,SuperSport Park,2,43.3,Australia,Pakistan,MG Johnson,B Lee,Mohammad Asif,1,0,,,,,,,,,
415283,2009/10,2009-09-30,SuperSport Park,2,43.4,Australia,Pakistan,B Lee,MG Johnson,Mohammad Asif,1,0,,,,,,,,,
415283,2009/10,2009-09-30,SuperSport Park,2,43.5,Australia,Pakistan,MG Johnson,B Lee,Mohammad Asif,2,0,,,,,,,,,
415283,2009/10,2009-09-30,SuperSport Park,2,43.6,Australia,Pakistan,MG Johnson,B Lee,Mohammad Asif,0,0,,,,,,,,,
415283,2009/10,2009-09-30,SuperSport Park,2,44.1,Australia,Pakistan,B Lee,MG Johnson,Naved-ul-Hasan,0,0,,,,,,,,,
415283,2009/10,2009-09-30,SuperSport Park,2,44.2,Australia,Pakistan,B Lee,MG Johnson,Naved-ul-Hasan,0,0,,,,,,,,,
415283,2009/10,2009-09-30,SuperSport Park,2,44.3,Australia,Pakistan,B Lee,MG Johnson,Naved-ul-Hasan,0,0,,,,,,,,,
415283,2009/10,2009-09-30,SuperSport Park,2,44.4,Australia,Pakistan,B Lee,MG Johnson,Naved-ul-Hasan,0,0,,,,,,,,,
415283,2009/10,2009-09-30,SuperSport Park,2,44.5,Australia,Pakistan,B Lee,MG Johnson,Naved-ul-Hasan,0,0,,,,,,,,,
415283,2009/10,2009-09-30,SuperSport Park,2,44.6,Australia,Pakistan,B Lee,MG Johnson,Naved-ul-Hasan,0,0,,,,,,,,,
415283,2009/10,2009-09-30,SuperSport Park,2,45.1,Australia,Pakistan,MG Johnson,B Lee,Saeed Ajmal,0,0,,,,,,,,,
415283,2009/10,2009-09-30,SuperSport Park,2,45.2,Australia,Pakistan,MG Johnson,B Lee,Saeed Ajmal,0,0,,,,,,,,,
415283,2009/10,2009-09-30,SuperSport Park,2,45.3,Australia,Pakistan,MG Johnson,B Lee,Saeed Ajmal,0,0,,,,,,,,,
415283,2009/10,2009-09-30,SuperSport Park,2,45.4,Australia,Pakistan,MG Johnson,B Lee,Saeed Ajmal,4,0,,,,,,,,,
415283,2009/10,2009-09-30,SuperSport Park,2,45.5,Australia,Pakistan,MG Johnson,B Lee,Saeed Ajmal,0,0,,,,,,bowled,MG Johnson,,
415283,2009/10,2009-09-30,SuperSport Park,2,45.6,Australia,Pakistan,NM Hauritz,B Lee,Saeed Ajmal,1,0,,,,,,,,,
415283,2009/10,2009-09-30,SuperSport Park,2,46.1,Australia,Pakistan,NM Hauritz,B Lee,Naved-ul-Hasan,0,0,,,,,,,,,
415283,2009/10,2009-09-30,SuperSport Park,2,46.2,Australia,Pakistan,NM Hauritz,B Lee,Naved-ul-Hasan,0,0,,,,,,,,,
415283,2009/10,2009-09-30,SuperSport Park,2,46.3,Australia,Pakistan,NM Hauritz,B Lee,Naved-ul-Hasan,0,0,,,,,,,,,
415283,2009/10,2009-09-30,SuperSport Park,2,46.4,Australia,Pakistan,NM Hauritz,B Lee,Naved-ul-Hasan,0,0,,,,,,,,,
415283,2009/10,2009-09-30,SuperSport Park,2,46.5,Australia,Pakistan,NM Hauritz,B Lee,Naved-ul-Hasan,0,0,,,,,,,,,
415283,2009/10,2009-09-30,SuperSport Park,2,46.6,Australia,Pakistan,NM Hauritz,B Lee,Naved-ul-Hasan,0,0,,,,,,,,,
415283,2009/10,2009-09-30,SuperSport Park,2,47.1,Australia,Pakistan,B Lee,NM Hauritz,Saeed Ajmal,4,0,,,,,,,,,
415283,2009/10,2009-09-30,SuperSport Park,2,47.2,Australia,Pakistan,B Lee,NM Hauritz,Saeed Ajmal,1,0,,,,,,,,,
415283,2009/10,2009-09-30,SuperSport Park,2,47.3,Australia,Pakistan,NM Hauritz,B Lee,Saeed Ajmal,0,0,,,,,,,,,
415283,2009/10,2009-09-30,SuperSport Park,2,47.4,Australia,Pakistan,NM Hauritz,B Lee,Saeed Ajmal,1,0,,,,,,,,,
415283,2009/10,2009-09-30,SuperSport Park,2,47.5,Australia,Pakistan,B Lee,NM Hauritz,Saeed Ajmal,1,0,,,,,,,,,
415283,2009/10,2009-09-30,SuperSport Park,2,47.6,Australia,Pakistan,NM Hauritz,B Lee,Saeed Ajmal,1,0,,,,,,,,,
415283,2009/10,2009-09-30,SuperSport Park,2,48.1,Australia,Pakistan,NM Hauritz,B Lee,Naved-ul-Hasan,0,0,,,,,,,,,
415283,2009/10,2009-09-30,SuperSport Park,2,48.2,Australia,Pakistan,NM Hauritz,B Lee,Naved-ul-Hasan,0,0,,,,,,,,,
415283,2009/10,2009-09-30,SuperSport Park,2,48.3,Australia,Pakistan,NM Hauritz,B Lee,Naved-ul-Hasan,4,0,,,,,,,,,
415283,2009/10,2009-09-30,SuperSport Park,2,48.4,Australia,Pakistan,NM Hauritz,B Lee,Naved-ul-Hasan,0,0,,,,,,,,,
415283,2009/10,2009-09-30,SuperSport Park,2,48.5,Australia,Pakistan,NM Hauritz,B Lee,Naved-ul-Hasan,1,0,,,,,,,,,
415283,2009/10,2009-09-30,SuperSport Park,2,48.6,Australia,Pakistan,B Lee,NM Hauritz,Naved-ul-Hasan,1,0,,,,,,,,,
415283,2009/10,2009-09-30,SuperSport Park,2,49.1,Australia,Pakistan,B Lee,NM Hauritz,Umar Gul,0,0,,,,,,,,,
415283,2009/10,2009-09-30,SuperSport Park,2,49.2,Australia,Pakistan,B Lee,NM Hauritz,Umar Gul,1,0,,,,,,,,,
415283,2009/10,2009-09-30,SuperSport Park,2,49.3,Australia,Pakistan,NM Hauritz,B Lee,Umar Gul,0,0,,,,,,,,,
415283,2009/10,2009-09-30,SuperSport Park,2,49.4,Australia,Pakistan,NM Hauritz,B Lee,Umar Gul,1,0,,,,,,,,,
415283,2009/10,2009-09-30,SuperSport Park,2,49.5,Australia,Pakistan,B Lee,NM Hauritz,Umar Gul,1,0,,,,,,,,,
415283,2009/10,2009-09-30,SuperSport Park,2,49.6,Australia,Pakistan,NM Hauritz,B Lee,Umar Gul,0,1,,,1,,,,,,
