match_id,season,start_date,venue,innings,ball,batting_team,bowling_team,striker,non_striker,bowler,runs_off_bat,extras,wides,noballs,byes,legbyes,penalty,wicket_type,player_dismissed,other_wicket_type,other_player_dismissed
415277,2009/10,2009-09-26,New Wanderers Stadium,1,0.1,Australia,West Indies,SR Watson,TD Paine,KAJ Roach,0,0,,,,,,bowled,SR Watson,,
415277,2009/10,2009-09-26,New Wanderers Stadium,1,0.2,Australia,West Indies,RT Ponting,TD Paine,KAJ Roach,1,0,,,,,,,,,
415277,2009/10,2009-09-26,New Wanderers Stadium,1,0.3,Australia,West Indies,TD Paine,RT Ponting,KAJ Roach,1,0,,,,,,,,,
415277,2009/10,2009-09-26,New Wanderers Stadium,1,0.4,Australia,West Indies,RT Ponting,TD Paine,KAJ Roach,1,0,,,,,,,,,
415277,2009/10,2009-09-26,New Wanderers Stadium,1,0.5,Australia,West Indies,TD Paine,RT Ponting,KAJ Roach,0,1,1,,,,,,,,
415277,2009/10,2009-09-26,New Wanderers Stadium,1,0.6,Australia,West Indies,TD Paine,RT Ponting,KAJ Roach,0,0,,,,,,,,,
415277,2009/10,2009-09-26,New Wanderers Stadium,1,0.7,Australia,West Indies,TD Paine,RT Ponting,KAJ Roach,0,0,,,,,,,,,
415277,2009/10,2009-09-26,New Wanderers Stadium,1,1.1,Australia,West Indies,RT Ponting,TD Paine,GC Tonge,0,0,,,,,,,,,
415277,2009/10,2009-09-26,New Wanderers Stadium,1,1.2,Australia,West Indies,RT Ponting,TD Paine,GC Tonge,2,0,,,,,,,,,
415277,2009/10,2009-09-26,New Wanderers Stadium,1,1.3,Australia,West Indies,RT Ponting,TD Paine,GC Tonge,1,0,,,,,,,,,
415277,2009/10,2009-09-26,New Wanderers Stadium,1,1.4,Australia,West Indies,TD Paine,RT Ponting,GC Tonge,0,0,,,,,,,,,
415277,2009/10,2009-09-26,New Wanderers Stadium,1,1.5,Australia,West Indies,TD Paine,RT Ponting,GC Tonge,0,0,,,,,,,,,
415277,2009/10,2009-09-26,New Wanderers Stadium,1,1.6,Australia,West Indies,TD Paine,RT Ponting,GC Tonge,0,0,,,,,,,,,
415277,2009/10,2009-09-26,New Wanderers Stadium,1,2.1,Australia,West Indies,RT Ponting,TD Paine,KAJ Roach,0,2,,2,,,,,,,
415277,2009/10,2009-09-26,New Wanderers Stadium,1,2.2,Australia,West Indies,TD Paine,RT Ponting,KAJ Roach,0,0,,,,,,,,,
415277,2009/10,2009-09-26,New Wanderers Stadium,1,2.3,Australia,West Indies,TD Paine,RT Ponting,KAJ Roach,0,0,,,,,,,,,
415277,2009/10,2009-09-26,New Wanderers Stadium,1,2.4,Australia,West Indies,TD Paine,RT Ponting,KAJ Roach,0,1,,1,,,,,,,
415277,2009/10,2009-09-26,New Wanderers Stadium,1,2.5,Australia,West Indies,TD Paine,RT Ponting,KAJ Roach,2,0,,,,,,,,,
415277,2009/10,2009-09-26,New Wanderers Stadium,1,2.6,Australia,West Indies,TD Paine,RT Ponting,KAJ Roach,1,0,,,,,,,,,
415277,2009/10,2009-09-26,New Wanderers Stadium,1,2.7,Australia,West Indies,RT Ponting,TD Paine,KAJ Roach,0,0,,,,,,,,,
415277,2009/10,2009-09-26,New Wanderers Stadium,1,2.8,Australia,West Indies,RT Ponting,TD Paine,KAJ Roach,0,0,,,,,,,,,
415277,2009/10,2009-09-26,New Wanderers Stadium,1,3.1,Australia,West Indies,TD Paine,RT Ponting,GC Tonge,0,0,,,,,,,,,
415277,2009/10,2009-09-26,New Wanderers Stadium,1,3.2,Australia,West Indies,TD Paine,RT Ponting,GC Tonge,0,0,,,,,,,,,
415277,2009/10,2009-09-26,New Wanderers Stadium,1,3.3,Australia,West Indies,TD Paine,RT Ponting,GC Tonge,1,0,,,,,,,,,
415277,2009/10,2009-09-26,New Wanderers Stadium,1,3.4,Australia,West Indies,RT Ponting,TD Paine,GC Tonge,0,0,,,,,,,,,
415277,2009/10,2009-09-26,New Wanderers Stadium,1,3.5,Australia,West Indies,RT Ponting,TD Paine,GC Tonge,1,0,,,,,,,,,
415277,2009/10,2009-09-26,New Wanderers Stadium,1,3.6,Australia,West Indies,TD Paine,RT Ponting,GC Tonge,1,0,,,,,,,,,
415277,2009/10,2009-09-26,New Wanderers Stadium,1,4.1,Australia,West Indies,TD Paine,RT Ponting,KAJ Roach,0,0,,,,,,,,,
415277,2009/10,2009-09-26,New Wanderers Stadium,1,4.2,Australia,West Indies,TD Paine,RT Ponting,KAJ Roach,1,0,,,,,,,,,
415277,2009/10,2009-09-26,New Wanderers Stadium,1,4.3,Australia,West Indies,RT Ponting,TD Paine,KAJ Roach,0,1,,,,1,,,,,
415277,2009/10,2009-09-26,New Wanderers Stadium,1,4.4,Australia,West Indies,TD Paine,RT Ponting,KAJ Roach,0,0,,,,,,,,,
415277,2009/10,2009-09-26,New Wanderers Stadium,1,4.5,Australia,West Indies,TD Paine,RT Ponting,KAJ Roach,0,0,,,,,,,,,
415277,2009/10,2009-09-26,New Wanderers Stadium,1,4.6,Australia,West Indies,TD Paine,RT Ponting,KAJ Roach,0,0,,,,,,,,,
415277,2009/10,2009-09-26,New Wanderers Stadium,1,5.1,Australia,West Indies,RT Ponting,TD Paine,GC Tonge,4,0,,,,,,,,,
415277,2009/10,2009-09-26,New Wanderers Stadium,1,5.2,Australia,West Indies,RT Ponting,TD Paine,GC Tonge,0,0,,,,,,,,,
415277,2009/10,2009-09-26,New Wanderers Stadium,1,5.3,Australia,West Indies,RT Ponting,TD Paine,GC Tonge,0,0,,,,,,,,,
415277,2009/10,2009-09-26,New Wanderers Stadium,1,5.4,Australia,West Indies,RT Ponting,TD Paine,GC Tonge,1,0,,,,,,,,,
415277,2009/10,2009-09-26,New Wanderers Stadium,1,5.5,Australia,West Indies,TD Paine,RT Ponting,GC Tonge,0,0,,,,,,,,,
415277,2009/10,2009-09-26,New Wanderers Stadium,1,5.6,Australia,West Indies,TD Paine,RT Ponting,GC Tonge,0,0,,,,,,,,,
415277,2009/10,2009-09-26,New Wanderers Stadium,1,6.1,Australia,West Indies,RT Ponting,TD Paine,KAJ Roach,4,0,,,,,,,,,
415277,2009/10,2009-09-26,New Wanderers Stadium,1,6.2,Australia,West Indies,RT Ponting,TD Paine,KAJ Roach,0,0,,,,,,,,,
415277,2009/10,2009-09-26,New Wanderers Stadium,1,6.3,Australia,West Indies,RT Ponting,TD Paine,KAJ Roach,4,0,,,,,,,,,
415277,2009/10,2009-09-26,New Wanderers Stadium,1,6.4,Australia,West Indies,RT Ponting,TD Paine,KAJ Roach,0,0,,,,,,,,,
415277,2009/10,2009-09-26,New Wanderers Stadium,1,6.5,Australia,West Indies,RT Ponting,TD Paine,KAJ Roach,0,1,,1,,,,,,,
415277,2009/10,2009-09-26,New Wanderers Stadium,1,6.6,Australia,West Indies,RT Ponting,TD Paine,KAJ Roach,4,0,,,,,,,,,
415277,2009/10,2009-09-26,New Wanderers Stadium,1,6.7,Australia,West Indies,RT Ponting,TD Paine,KAJ Roach,4,0,,,,,,,,,
415277,2009/10,2009-09-26,New Wanderers Stadium,1,7.1,Australia,West Indies,TD Paine,RT Ponting,GC Tonge,0,0,,,,,,,,,
415277,2009/10,2009-09-26,New Wanderers Stadium,1,7.2,Australia,West Indies,TD Paine,RT Ponting,GC Tonge,0,0,,,,,,,,,
415277,2009/10,2009-09-26,New Wanderers Stadium,1,7.3,Australia,West Indies,TD Paine,RT Ponting,GC Tonge,4,0,,,,,,,,,
415277,2009/10,2009-09-26,New Wanderers Stadium,1,7.4,Australia,West Indies,TD Paine,RT Ponting,GC Tonge,1,0,,,,,,,,,
415277,2009/10,2009-09-26,New Wanderers Stadium,1,7.5,Australia,West Indies,RT Ponting,TD Paine,GC Tonge,0,1,,,,1,,,,,
415277,2009/10,2009-09-26,New Wanderers Stadium,1,7.6,Australia,West Indies,TD Paine,RT Ponting,GC Tonge,4,0,,,,,,,,,
415277,2009/10,2009-09-26,New Wanderers Stadium,1,8.1,Australia,West Indies,RT Ponting,TD Paine,DJG Sammy,0,0,,,,,,,,,
415277,2009/10,2009-09-26,New Wanderers Stadium,1,8.2,Australia,West Indies,RT Ponting,TD Paine,DJG Sammy,4,0,,,,,,,,,
415277,2009/10,2009-09-26,New Wanderers Stadium,1,8.3,Australia,West Indies,RT Ponting,TD Paine,DJG Sammy,0,0,,,,,,,,,
415277,2009/10,2009-09-26,New Wanderers Stadium,1,8.4,Australia,West Indies,RT Ponting,TD Paine,DJG Sammy,0,0,,,,,,,,,
415277,2009/10,2009-09-26,New Wanderers Stadium,1,8.5,Australia,West Indies,RT Ponting,TD Paine,DJG Sammy,0,1,,1,,,,,,,
415277,2009/10,2009-09-26,New Wanderers Stadium,1,8.6,Australia,West Indies,RT Ponting,TD Paine,DJG Sammy,1,0,,,,,,,,,
415277,2009/10,2009-09-26,New Wanderers Stadium,1,8.7,Australia,West Indies,TD Paine,RT Ponting,DJG Sammy,0,0,,,,,,,,,
415277,2009/10,2009-09-26,New Wanderers Stadium,1,9.1,Australia,West Indies,RT Ponting,TD Paine,GC Tonge,0,1,,,,1,,,,,
415277,2009/10,2009-09-26,New Wanderers Stadium,1,9.2,Australia,West Indies,TD Paine,RT Ponting,GC Tonge,0,0,,,,,,,,,
415277,2009/10,2009-09-26,New Wanderers Stadium,1,9.3,Australia,West Indies,TD Paine,RT Ponting,GC Tonge,0,0,,,,,,,,,
415277,2009/10,2009-09-26,New Wanderers Stadium,1,9.4,Australia,West Indies,TD Paine,RT Ponting,GC Tonge,0,0,,,,,,,,,
415277,2009/10,2009-09-26,New Wanderers Stadium,1,9.5,Australia,West Indies,TD Paine,RT Ponting,GC Tonge,0,0,,,,,,,,,
415277,2009/10,2009-09-26,New Wanderers Stadium,1,9.6,Australia,West Indies,TD Paine,RT Ponting,GC Tonge,0,0,,,,,,,,,
415277,2009/10,2009-09-26,New Wanderers Stadium,1,10.1,Australia,West Indies,RT Ponting,TD Paine,DJG Sammy,1,0,,,,,,,,,
415277,2009/10,2009-09-26,New Wanderers Stadium,1,10.2,Australia,West Indies,TD Paine,RT Ponting,DJG Sammy,1,0,,,,,,,,,
415277,2009/10,2009-09-26,New Wanderers Stadium,1,10.3,Australia,West Indies,RT Ponting,TD Paine,DJG Sammy,0,0,,,,,,,,,
415277,2009/10,2009-09-26,New Wanderers Stadium,1,10.4,Australia,West Indies,RT Ponting,TD Paine,DJG Sammy,0,0,,,,,,,,,
415277,2009/10,2009-09-26,New Wanderers Stadium,1,10.5,Australia,West Indies,RT Ponting,TD Paine,DJG Sammy,0,0,,,,,,,,,
415277,2009/10,2009-09-26,New Wanderers Stadium,1,10.6,Australia,West Indies,RT Ponting,TD Paine,DJG Sammy,0,0,,,,,,,,,
415277,2009/10,2009-09-26,New Wanderers Stadium,1,11.1,Australia,West Indies,TD Paine,RT Ponting,GC Tonge,0,0,,,,,,,,,
415277,2009/10,2009-09-26,New Wanderers Stadium,1,11.2,Australia,West Indies,TD Paine,RT Ponting,GC Tonge,2,0,,,,,,,,,
415277,2009/10,2009-09-26,New Wanderers Stadium,1,11.3,Australia,West Indies,TD Paine,RT Ponting,GC Tonge,1,0,,,,,,,,,
415277,2009/10,2009-09-26,New Wanderers Stadium,1,11.4,Australia,West Indies,RT Ponting,TD Paine,GC Tonge,0,0,,,,,,,,,
415277,2009/10,2009-09-26,New Wanderers Stadium,1,11.5,Australia,West Indies,RT Ponting,TD Paine,GC Tonge,0,0,,,,,,,,,
415277,2009/10,2009-09-26,New Wanderers Stadium,1,11.6,Australia,West Indies,RT Ponting,TD Paine,GC Tonge,1,0,,,,,,,,,
415277,2009/10,2009-09-26,New Wanderers Stadium,1,12.1,Australia,West Indies,RT Ponting,TD Paine,DJG Sammy,0,0,,,,,,,,,
415277,2009/10,2009-09-26,New Wanderers Stadium,1,12.2,Australia,West Indies,RT Ponting,TD Paine,DJG Sammy,1,0,,,,,,,,,
415277,2009/10,2009-09-26,New Wanderers Stadium,1,12.3,Australia,West Indies,TD Paine,RT Ponting,DJG Sammy,0,0,,,,,,,,,
415277,2009/10,2009-09-26,New Wanderers Stadium,1,12.4,Australia,West Indies,TD Paine,RT Ponting,DJG Sammy,0,0,,,,,,,,,
415277,2009/10,2009-09-26,New Wanderers Stadium,1,12.5,Australia,West Indies,TD Paine,RT Ponting,DJG Sammy,0,0,,,,,,,,,
415277,2009/10,2009-09-26,New Wanderers Stadium,1,12.6,Australia,West Indies,TD Paine,RT Ponting,DJG Sammy,1,0,,,,,,,,,
415277,2009/10,2009-09-26,New Wanderers Stadium,1,13.1,Australia,West Indies,TD Paine,RT Ponting,GC Tonge,0,0,,,,,,,,,
415277,2009/10,2009-09-26,New Wanderers Stadium,1,13.2,Australia,West Indies,TD Paine,RT Ponting,GC Tonge,0,0,,,,,,,,,
415277,2009/10,2009-09-26,New Wanderers Stadium,1,13.3,Australia,West Indies,TD Paine,RT Ponting,GC Tonge,4,0,,,,,,,,,
415277,2009/10,2009-09-26,New Wanderers Stadium,1,13.4,Australia,West Indies,TD Paine,RT Ponting,GC Tonge,1,0,,,,,,,,,
415277,2009/10,2009-09-26,New Wanderers Stadium,1,13.5,Australia,West Indies,RT Ponting,TD Paine,GC Tonge,0,0,,,,,,,,,
415277,2009/10,2009-09-26,New Wanderers Stadium,1,13.6,Australia,West Indies,RT Ponting,TD Paine,GC Tonge,0,0,,,,,,,,,
415277,2009/10,2009-09-26,New Wanderers Stadium,1,14.1,Australia,West Indies,TD Paine,RT Ponting,DJG Sammy,1,0,,,,,,,,,
415277,2009/10,2009-09-26,New Wanderers Stadium,1,14.2,Australia,West Indies,RT Ponting,TD Paine,DJG Sammy,0,0,,,,,,,,,
415277,2009/10,2009-09-26,New Wanderers Stadium,1,14.3,Australia,West Indies,RT Ponting,TD Paine,DJG Sammy,0,0,,,,,,,,,
415277,2009/10,2009-09-26,New Wanderers Stadium,1,14.4,Australia,West Indies,RT Ponting,TD Paine,DJG Sammy,0,0,,,,,,,,,
415277,2009/10,2009-09-26,New Wanderers Stadium,1,14.5,Australia,West Indies,RT Ponting,TD Paine,DJG Sammy,0,0,,,,,,,,,
415277,2009/10,2009-09-26,New Wanderers Stadium,1,14.6,Australia,West Indies,RT Ponting,TD Paine,DJG Sammy,0,0,,,,,,,,,
415277,2009/10,2009-09-26,New Wanderers Stadium,1,15.1,Australia,West Indies,TD Paine,RT Ponting,DE Bernard,0,0,,,,,,,,,
415277,2009/10,2009-09-26,New Wanderers Stadium,1,15.2,Australia,West Indies,TD Paine,RT Ponting,DE Bernard,1,0,,,,,,,,,
415277,2009/10,2009-09-26,New Wanderers Stadium,1,15.3,Australia,West Indies,RT Ponting,TD Paine,DE Bernard,1,0,,,,,,,,,
415277,2009/10,2009-09-26,New Wanderers Stadium,1,15.4,Australia,West Indies,TD Paine,RT Ponting,DE Bernard,0,0,,,,,,,,,
415277,2009/10,2009-09-26,New Wanderers Stadium,1,15.5,Australia,West Indies,TD Paine,RT Ponting,DE Bernard,0,0,,,,,,,,,
415277,2009/10,2009-09-26,New Wanderers Stadium,1,15.6,Australia,West Indies,TD Paine,RT Ponting,DE Bernard,1,0,,,,,,,,,
415277,2009/10,2009-09-26,New Wanderers Stadium,1,16.1,Australia,West Indies,TD Paine,RT Ponting,DJG Sammy,0,0,,,,,,,,,
415277,2009/10,2009-09-26,New Wanderers Stadium,1,16.2,Australia,West Indies,TD Paine,RT Ponting,DJG Sammy,0,0,,,,,,,,,
415277,2009/10,2009-09-26,New Wanderers Stadium,1,16.3,Australia,West Indies,TD Paine,RT Ponting,DJG Sammy,1,0,,,,,,,,,
415277,2009/10,2009-09-26,New Wanderers Stadium,1,16.4,Australia,West Indies,RT Ponting,TD Paine,DJG Sammy,1,0,,,,,,,,,
415277,2009/10,2009-09-26,New Wanderers Stadium,1,16.5,Australia,West Indies,TD Paine,RT Ponting,DJG Sammy,1,0,,,,,,,,,
415277,2009/10,2009-09-26,New Wanderers Stadium,1,16.6,Australia,West Indies,RT Ponting,TD Paine,DJG Sammy,1,0,,,,,,,,,
415277,2009/10,2009-09-26,New Wanderers Stadium,1,17.1,Australia,West Indies,RT Ponting,TD Paine,DE Bernard,0,0,,,,,,,,,
415277,2009/10,2009-09-26,New Wanderers Stadium,1,17.2,Australia,West Indies,RT Ponting,TD Paine,DE Bernard,0,0,,,,,,,,,
415277,2009/10,2009-09-26,New Wanderers Stadium,1,17.3,Australia,West Indies,RT Ponting,TD Paine,DE Bernard,0,2,,,,2,,,,,
415277,2009/10,2009-09-26,New Wanderers Stadium,1,17.4,Australia,West Indies,RT Ponting,TD Paine,DE Bernard,1,0,,,,,,,,,
415277,2009/10,2009-09-26,New Wanderers Stadium,1,17.5,Australia,West Indies,TD Paine,RT Ponting,DE Bernard,1,0,,,,,,,,,
415277,2009/10,2009-09-26,New Wanderers Stadium,1,17.6,Australia,West Indies,RT Ponting,TD Paine,DE Bernard,1,0,,,,,,,,,
415277,2009/10,2009-09-26,New Wanderers Stadium,1,18.1,Australia,West Indies,RT Ponting,TD Paine,DJG Sammy,0,0,,,,,,,,,
415277,2009/10,2009-09-26,New Wanderers Stadium,1,18.2,Australia,West Indies,RT Ponting,TD Paine,DJG Sammy,0,0,,,,,,,,,
415277,2009/10,2009-09-26,New Wanderers Stadium,1,18.3,Australia,West Indies,RT Ponting,TD Paine,DJG Sammy,1,0,,,,,,,,,
415277,2009/10,2009-09-26,New Wanderers Stadium,1,18.4,Australia,West Indies,TD Paine,RT Ponting,DJG Sammy,0,0,,,,,,,,,
415277,2009/10,2009-09-26,New Wanderers Stadium,1,18.5,Australia,West Indies,TD Paine,RT Ponting,DJG Sammy,1,0,,,,,,,,,
415277,2009/10,2009-09-26,New Wanderers Stadium,1,18.6,Australia,West Indies,RT Ponting,TD Paine,DJG Sammy,0,0,,,,,,,,,
415277,2009/10,2009-09-26,New Wanderers Stadium,1,19.1,Australia,West Indies,TD Paine,RT Ponting,DE Bernard,0,0,,,,,,caught,TD Paine,,
415277,2009/10,2009-09-26,New Wanderers Stadium,1,19.2,Australia,West Indies,MEK Hussey,RT Ponting,DE Bernard,0,0,,,,,,,,,
415277,2009/10,2009-09-26,New Wanderers Stadium,1,19.3,Australia,West Indies,MEK Hussey,RT Ponting,DE Bernard,0,0,,,,,,,,,
415277,2009/10,2009-09-26,New Wanderers Stadium,1,19.4,Australia,West Indies,MEK Hussey,RT Ponting,DE Bernard,1,0,,,,,,,,,
415277,2009/10,2009-09-26,New Wanderers Stadium,1,19.5,Australia,West Indies,RT Ponting,MEK Hussey,DE Bernard,1,0,,,,,,,,,
415277,2009/10,2009-09-26,New Wanderers Stadium,1,19.6,Australia,West Indies,MEK Hussey,RT Ponting,DE Bernard,0,0,,,,,,,,,
415277,2009/10,2009-09-26,New Wanderers Stadium,1,20.1,Australia,West Indies,RT Ponting,MEK Hussey,KAJ Roach,6,0,,,,,,,,,
415277,2009/10,2009-09-26,New Wanderers Stadium,1,20.2,Australia,West Indies,RT Ponting,MEK Hussey,KAJ Roach,0,1,1,,,,,,,,
415277,2009/10,2009-09-26,New Wanderers Stadium,1,20.3,Australia,West Indies,RT Ponting,MEK Hussey,KAJ Roach,0,0,,,,,,,,,
415277,2009/10,2009-09-26,New Wanderers Stadium,1,20.4,Australia,West Indies,RT Ponting,MEK Hussey,KAJ Roach,4,0,,,,,,,,,
415277,2009/10,2009-09-26,New Wanderers Stadium,1,20.5,Australia,West Indies,RT Ponting,MEK Hussey,KAJ Roach,4,0,,,,,,,,,
415277,2009/10,2009-09-26,New Wanderers Stadium,1,20.6,Australia,West Indies,RT Ponting,MEK Hussey,KAJ Roach,1,0,,,,,,,,,
415277,2009/10,2009-09-26,New Wanderers Stadium,1,20.7,Australia,West Indies,MEK Hussey,RT Ponting,KAJ Roach,1,0,,,,,,,,,
415277,2009/10,2009-09-26,New Wanderers Stadium,1,21.1,Australia,West Indies,MEK Hussey,RT Ponting,DE Bernard,1,0,,,,,,,,,
415277,2009/10,2009-09-26,New Wanderers Stadium,1,21.2,Australia,West Indies,RT Ponting,MEK Hussey,DE Bernard,0,0,,,,,,,,,
415277,2009/10,2009-09-26,New Wanderers Stadium,1,21.3,Australia,West Indies,RT Ponting,MEK Hussey,DE Bernard,2,0,,,,,,,,,
415277,2009/10,2009-09-26,New Wanderers Stadium,1,21.4,Australia,West Indies,RT Ponting,MEK Hussey,DE Bernard,0,0,,,,,,,,,
415277,2009/10,2009-09-26,New Wanderers Stadium,1,21.5,Australia,West Indies,RT Ponting,MEK Hussey,DE Bernard,1,0,,,,,,,,,
415277,2009/10,2009-09-26,New Wanderers Stadium,1,21.6,Australia,West Indies,MEK Hussey,RT Ponting,DE Bernard,0,0,,,,,,,,,
415277,2009/10,2009-09-26,New Wanderers Stadium,1,22.1,Australia,West Indies,RT Ponting,MEK Hussey,NO Miller,0,0,,,,,,,,,
415277,2009/10,2009-09-26,New Wanderers Stadium,1,22.2,Australia,West Indies,RT Ponting,MEK Hussey,NO Miller,1,0,,,,,,,,,
415277,2009/10,2009-09-26,New Wanderers Stadium,1,22.3,Australia,West Indies,MEK Hussey,RT Ponting,NO Miller,1,0,,,,,,,,,
415277,2009/10,2009-09-26,New Wanderers Stadium,1,22.4,Australia,West Indies,RT Ponting,MEK Hussey,NO Miller,0,0,,,,,,,,,
415277,2009/10,2009-09-26,New Wanderers Stadium,1,22.5,Australia,West Indies,RT Ponting,MEK Hussey,NO Miller,0,0,,,,,,,,,
415277,2009/10,2009-09-26,New Wanderers Stadium,1,22.6,Australia,West Indies,RT Ponting,MEK Hussey,NO Miller,1,0,,,,,,,,,
415277,2009/10,2009-09-26,New Wanderers Stadium,1,23.1,Australia,West Indies,RT Ponting,MEK Hussey,DE Bernard,1,0,,,,,,,,,
415277,2009/10,2009-09-26,New Wanderers Stadium,1,23.2,Australia,West Indies,MEK Hussey,RT Ponting,DE Bernard,1,0,,,,,,,,,
415277,2009/10,2009-09-26,New Wanderers Stadium,1,23.3,Australia,West Indies,RT Ponting,MEK Hussey,DE Bernard,1,0,,,,,,,,,
415277,2009/10,2009-09-26,New Wanderers Stadium,1,23.4,Australia,West Indies,MEK Hussey,RT Ponting,DE Bernard,0,0,,,,,,,,,
415277,2009/10,2009-09-26,New Wanderers Stadium,1,23.5,Australia,West Indies,MEK Hussey,RT Ponting,DE Bernard,0,0,,,,,,,,,
415277,2009/10,2009-09-26,New Wanderers Stadium,1,23.6,Australia,West Indies,MEK Hussey,RT Ponting,DE Bernard,0,0,,,,,,,,,
415277,2009/10,2009-09-26,New Wanderers Stadium,1,24.1,Australia,West Indies,RT Ponting,MEK Hussey,NO Miller,0,0,,,,,,,,,
415277,2009/10,2009-09-26,New Wanderers Stadium,1,24.2,Australia,West Indies,RT Ponting,MEK Hussey,NO Miller,0,0,,,,,,,,,
415277,2009/10,2009-09-26,New Wanderers Stadium,1,24.3,Australia,West Indies,RT Ponting,MEK Hussey,NO Miller,2,0,,,,,,,,,
415277,2009/10,2009-09-26,New Wanderers Stadium,1,24.4,Australia,West Indies,RT Ponting,MEK Hussey,NO Miller,1,0,,,,,,,,,
415277,2009/10,2009-09-26,New Wanderers Stadium,1,24.5,Australia,West Indies,MEK Hussey,RT Ponting,NO Miller,1,0,,,,,,,,,
415277,2009/10,2009-09-26,New Wanderers Stadium,1,24.6,Australia,West Indies,RT Ponting,MEK Hussey,NO Miller,1,0,,,,,,,,,
415277,2009/10,2009-09-26,New Wanderers Stadium,1,25.1,Australia,West Indies,RT Ponting,MEK Hussey,DE Bernard,0,1,,,,1,,,,,
415277,2009/10,2009-09-26,New Wanderers Stadium,1,25.2,Australia,West Indies,MEK Hussey,RT Ponting,DE Bernard,0,0,,,,,,caught,MEK Hussey,,
415277,2009/10,2009-09-26,New Wanderers Stadium,1,25.3,Australia,West Indies,RT Ponting,CJ Ferguson,DE Bernard,4,0,,,,,,,,,
415277,2009/10,2009-09-26,New Wanderers Stadium,1,25.4,Australia,West Indies,RT Ponting,CJ Ferguson,DE Bernard,2,0,,,,,,,,,
415277,2009/10,2009-09-26,New Wanderers Stadium,1,25.5,Australia,West Indies,RT Ponting,CJ Ferguson,DE Bernard,1,0,,,,,,,,,
415277,2009/10,2009-09-26,New Wanderers Stadium,1,25.6,Australia,West Indies,CJ Ferguson,RT Ponting,DE Bernard,0,2,2,,,,,,,,
415277,2009/10,2009-09-26,New Wanderers Stadium,1,25.7,Australia,West Indies,RT Ponting,CJ Ferguson,DE Bernard,0,0,,,,,,,,,
415277,2009/10,2009-09-26,New Wanderers Stadium,1,26.1,Australia,West Indies,CJ Ferguson,RT Ponting,NO Miller,0,0,,,,,,,,,
415277,2009/10,2009-09-26,New Wanderers Stadium,1,26.2,Australia,West Indies,CJ Ferguson,RT Ponting,NO Miller,0,0,,,,,,,,,
415277,2009/10,2009-09-26,New Wanderers Stadium,1,26.3,Australia,West Indies,CJ Ferguson,RT Ponting,NO Miller,0,0,,,,,,,,,
415277,2009/10,2009-09-26,New Wanderers Stadium,1,26.4,Australia,West Indies,CJ Ferguson,RT Ponting,NO Miller,0,0,,,,,,,,,
415277,2009/10,2009-09-26,New Wanderers Stadium,1,26.5,Australia,West Indies,CJ Ferguson,RT Ponting,NO Miller,1,0,,,,,,,,,
415277,2009/10,2009-09-26,New Wanderers Stadium,1,26.6,Australia,West Indies,RT Ponting,CJ Ferguson,NO Miller,0,0,,,,,,,,,
415277,2009/10,2009-09-26,New Wanderers Stadium,1,27.1,Australia,West Indies,CJ Ferguson,RT Ponting,DE Bernard,0,1,1,,,,,,,,
415277,2009/10,2009-09-26,New Wanderers Stadium,1,27.2,Australia,West Indies,CJ Ferguson,RT Ponting,DE Bernard,0,0,,,,,,,,,
415277,2009/10,2009-09-26,New Wanderers Stadium,1,27.3,Australia,West Indies,CJ Ferguson,RT Ponting,DE Bernard,0,1,1,,,,,,,,
415277,2009/10,2009-09-26,New Wanderers Stadium,1,27.4,Australia,West Indies,CJ Ferguson,RT Ponting,DE Bernard,0,0,,,,,,,,,
415277,2009/10,2009-09-26,New Wanderers Stadium,1,27.5,Australia,West Indies,CJ Ferguson,RT Ponting,DE Bernard,0,0,,,,,,,,,
415277,2009/10,2009-09-26,New Wanderers Stadium,1,27.6,Australia,West Indies,CJ Ferguson,RT Ponting,DE Bernard,4,0,,,,,,,,,
415277,2009/10,2009-09-26,New Wanderers Stadium,1,27.7,Australia,West Indies,CJ Ferguson,RT Ponting,DE Bernard,1,0,,,,,,,,,
415277,2009/10,2009-09-26,New Wanderers Stadium,1,27.8,Australia,West Indies,RT Ponting,CJ Ferguson,DE Bernard,1,0,,,,,,,,,
415277,2009/10,2009-09-26,New Wanderers Stadium,1,28.1,Australia,West Indies,RT Ponting,CJ Ferguson,NO Miller,1,0,,,,,,,,,
415277,2009/10,2009-09-26,New Wanderers Stadium,1,28.2,Australia,West Indies,CJ Ferguson,RT Ponting,NO Miller,0,0,,,,,,,,,
415277,2009/10,2009-09-26,New Wanderers Stadium,1,28.3,Australia,West Indies,CJ Ferguson,RT Ponting,NO Miller,1,0,,,,,,,,,
415277,2009/10,2009-09-26,New Wanderers Stadium,1,28.4,Australia,West Indies,RT Ponting,CJ Ferguson,NO Miller,0,0,,,,,,,,,
415277,2009/10,2009-09-26,New Wanderers Stadium,1,28.5,Australia,West Indies,RT Ponting,CJ Ferguson,NO Miller,1,0,,,,,,,,,
415277,2009/10,2009-09-26,New Wanderers Stadium,1,28.6,Australia,West Indies,CJ Ferguson,RT Ponting,NO Miller,0,0,,,,,,,,,
415277,2009/10,2009-09-26,New Wanderers Stadium,1,29.1,Australia,West Indies,RT Ponting,CJ Ferguson,GC Tonge,1,0,,,,,,,,,
415277,2009/10,2009-09-26,New Wanderers Stadium,1,29.2,Australia,West Indies,CJ Ferguson,RT Ponting,GC Tonge,0,0,,,,,,,,,
415277,2009/10,2009-09-26,New Wanderers Stadium,1,29.3,Australia,West Indies,CJ Ferguson,RT Ponting,GC Tonge,0,0,,,,,,,,,
415277,2009/10,2009-09-26,New Wanderers Stadium,1,29.4,Australia,West Indies,CJ Ferguson,RT Ponting,GC Tonge,4,0,,,,,,,,,
415277,2009/10,2009-09-26,New Wanderers Stadium,1,29.5,Australia,West Indies,CJ Ferguson,RT Ponting,GC Tonge,1,0,,,,,,,,,
415277,2009/10,2009-09-26,New Wanderers Stadium,1,29.6,Australia,West Indies,RT Ponting,CJ Ferguson,GC Tonge,0,0,,,,,,,,,
415277,2009/10,2009-09-26,New Wanderers Stadium,1,30.1,Australia,West Indies,CJ Ferguson,RT Ponting,NO Miller,1,0,,,,,,,,,
415277,2009/10,2009-09-26,New Wanderers Stadium,1,30.2,Australia,West Indies,RT Ponting,CJ Ferguson,NO Miller,0,0,,,,,,,,,
415277,2009/10,2009-09-26,New Wanderers Stadium,1,30.3,Australia,West Indies,RT Ponting,CJ Ferguson,NO Miller,0,0,,,,,,stumped,RT Ponting,,
415277,2009/10,2009-09-26,New Wanderers Stadium,1,30.4,Australia,West Indies,CL White,CJ Ferguson,NO Miller,0,0,,,,,,,,,
415277,2009/10,2009-09-26,New Wanderers Stadium,1,30.5,Australia,West Indies,CL White,CJ Ferguson,NO Miller,1,0,,,,,,,,,
415277,2009/10,2009-09-26,New Wanderers Stadium,1,30.6,Australia,West Indies,CJ Ferguson,CL White,NO Miller,0,0,,,,,,,,,
415277,2009/10,2009-09-26,New Wanderers Stadium,1,31.1,Australia,West Indies,CL White,CJ Ferguson,KAJ Roach,0,0,,,,,,,,,
415277,2009/10,2009-09-26,New Wanderers Stadium,1,31.2,Australia,West Indies,CL White,CJ Ferguson,KAJ Roach,0,0,,,,,,,,,
415277,2009/10,2009-09-26,New Wanderers Stadium,1,31.3,Australia,West Indies,CL White,CJ Ferguson,KAJ Roach,0,1,,,,1,,,,,
415277,2009/10,2009-09-26,New Wanderers Stadium,1,31.4,Australia,West Indies,CJ Ferguson,CL White,KAJ Roach,0,1,1,,,,,,,,
415277,2009/10,2009-09-26,New Wanderers Stadium,1,31.5,Australia,West Indies,CJ Ferguson,CL White,KAJ Roach,4,0,,,,,,,,,
415277,2009/10,2009-09-26,New Wanderers Stadium,1,31.6,Australia,West Indies,CJ Ferguson,CL White,KAJ Roach,0,0,,,,,,,,,
415277,2009/10,2009-09-26,New Wanderers Stadium,1,31.7,Australia,West Indies,CJ Ferguson,CL White,KAJ Roach,0,0,,,,,,,,,
415277,2009/10,2009-09-26,New Wanderers Stadium,1,32.1,Australia,West Indies,CL White,CJ Ferguson,NO Miller,0,0,,,,,,,,,
415277,2009/10,2009-09-26,New Wanderers Stadium,1,32.2,Australia,West Indies,CL White,CJ Ferguson,NO Miller,0,0,,,,,,,,,
415277,2009/10,2009-09-26,New Wanderers Stadium,1,32.3,Australia,West Indies,CL White,CJ Ferguson,NO Miller,0,0,,,,,,,,,
415277,2009/10,2009-09-26,New Wanderers Stadium,1,32.4,Australia,West Indies,CL White,CJ Ferguson,NO Miller,0,0,,,,,,,,,
415277,2009/10,2009-09-26,New Wanderers Stadium,1,32.5,Australia,West Indies,CL White,CJ Ferguson,NO Miller,0,0,,,,,,,,,
415277,2009/10,2009-09-26,New Wanderers Stadium,1,32.6,Australia,West Indies,CL White,CJ Ferguson,NO Miller,0,0,,,,,,,,,
415277,2009/10,2009-09-26,New Wanderers Stadium,1,33.1,Australia,West Indies,CJ Ferguson,CL White,KAJ Roach,1,0,,,,,,,,,
415277,2009/10,2009-09-26,New Wanderers Stadium,1,33.2,Australia,West Indies,CL White,CJ Ferguson,KAJ Roach,0,1,1,,,,,,,,
415277,2009/10,2009-09-26,New Wanderers Stadium,1,33.3,Australia,West Indies,CL White,CJ Ferguson,KAJ Roach,1,0,,,,,,,,,
415277,2009/10,2009-09-26,New Wanderers Stadium,1,33.4,Australia,West Indies,CJ Ferguson,CL White,KAJ Roach,1,0,,,,,,,,,
415277,2009/10,2009-09-26,New Wanderers Stadium,1,33.5,Australia,West Indies,CL White,CJ Ferguson,KAJ Roach,1,0,,,,,,,,,
415277,2009/10,2009-09-26,New Wanderers Stadium,1,33.6,Australia,West Indies,CJ Ferguson,CL White,KAJ Roach,0,0,,,,,,,,,
415277,2009/10,2009-09-26,New Wanderers Stadium,1,33.7,Australia,West Indies,CJ Ferguson,CL White,KAJ Roach,0,0,,,,,,,,,
415277,2009/10,2009-09-26,New Wanderers Stadium,1,34.1,Australia,West Indies,CL White,CJ Ferguson,NO Miller,1,0,,,,,,,,,
415277,2009/10,2009-09-26,New Wanderers Stadium,1,34.2,Australia,West Indies,CJ Ferguson,CL White,NO Miller,0,0,,,,,,,,,
415277,2009/10,2009-09-26,New Wanderers Stadium,1,34.3,Australia,West Indies,CJ Ferguson,CL White,NO Miller,1,0,,,,,,,,,
415277,2009/10,2009-09-26,New Wanderers Stadium,1,34.4,Australia,West Indies,CL White,CJ Ferguson,NO Miller,0,0,,,,,,,,,
415277,2009/10,2009-09-26,New Wanderers Stadium,1,34.5,Australia,West Indies,CL White,CJ Ferguson,NO Miller,0,0,,,,,,bowled,CL White,,
415277,2009/10,2009-09-26,New Wanderers Stadium,1,34.6,Australia,West Indies,JR Hopes,CJ Ferguson,NO Miller,1,0,,,,,,,,,
415277,2009/10,2009-09-26,New Wanderers Stadium,1,35.1,Australia,West Indies,JR Hopes,CJ Ferguson,KAJ Roach,1,0,,,,,,,,,
415277,2009/10,2009-09-26,New Wanderers Stadium,1,35.2,Australia,West Indies,CJ Ferguson,JR Hopes,KAJ Roach,0,0,,,,,,,,,
415277,2009/10,2009-09-26,New Wanderers Stadium,1,35.3,Australia,West Indies,CJ Ferguson,JR Hopes,KAJ Roach,0,0,,,,,,bowled,CJ Ferguson,,
415277,2009/10,2009-09-26,New Wanderers Stadium,1,35.4,Australia,West Indies,MG Johnson,JR Hopes,KAJ Roach,1,0,,,,,,,,,
415277,2009/10,2009-09-26,New Wanderers Stadium,1,35.5,Australia,West Indies,JR Hopes,MG Johnson,KAJ Roach,0,0,,,,,,,,,
415277,2009/10,2009-09-26,New Wanderers Stadium,1,35.6,Australia,West Indies,JR Hopes,MG Johnson,KAJ Roach,0,0,,,,,,,,,
415277,2009/10,2009-09-26,New Wanderers Stadium,1,36.1,Australia,West Indies,MG Johnson,JR Hopes,NO Miller,0,0,,,,,,,,,
415277,2009/10,2009-09-26,New Wanderers Stadium,1,36.2,Australia,West Indies,MG Johnson,JR Hopes,NO Miller,2,0,,,,,,,,,
415277,2009/10,2009-09-26,New Wanderers Stadium,1,36.3,Australia,West Indies,MG Johnson,JR Hopes,NO Miller,0,0,,,,,,,,,
415277,2009/10,2009-09-26,New Wanderers Stadium,1,36.4,Australia,West Indies,MG Johnson,JR Hopes,NO Miller,1,0,,,,,,,,,
415277,2009/10,2009-09-26,New Wanderers Stadium,1,36.5,Australia,West Indies,JR Hopes,MG Johnson,NO Miller,0,0,,,,,,,,,
415277,2009/10,2009-09-26,New Wanderers Stadium,1,36.6,Australia,West Indies,JR Hopes,MG Johnson,NO Miller,1,0,,,,,,,,,
415277,2009/10,2009-09-26,New Wanderers Stadium,1,37.1,Australia,West Indies,JR Hopes,MG Johnson,DJG Sammy,0,0,,,,,,,,,
415277,2009/10,2009-09-26,New Wanderers Stadium,1,37.2,Australia,West Indies,JR Hopes,MG Johnson,DJG Sammy,0,0,,,,,,,,,
415277,2009/10,2009-09-26,New Wanderers Stadium,1,37.3,Australia,West Indies,JR Hopes,MG Johnson,DJG Sammy,0,0,,,,,,,,,
415277,2009/10,2009-09-26,New Wanderers Stadium,1,37.4,Australia,West Indies,JR Hopes,MG Johnson,DJG Sammy,1,0,,,,,,,,,
415277,2009/10,2009-09-26,New Wanderers Stadium,1,37.5,Australia,West Indies,MG Johnson,JR Hopes,DJG Sammy,0,0,,,,,,,,,
415277,2009/10,2009-09-26,New Wanderers Stadium,1,37.6,Australia,West Indies,MG Johnson,JR Hopes,DJG Sammy,0,0,,,,,,,,,
415277,2009/10,2009-09-26,New Wanderers Stadium,1,38.1,Australia,West Indies,JR Hopes,MG Johnson,NO Miller,1,0,,,,,,,,,
415277,2009/10,2009-09-26,New Wanderers Stadium,1,38.2,Australia,West Indies,MG Johnson,JR Hopes,NO Miller,0,0,,,,,,,,,
415277,2009/10,2009-09-26,New Wanderers Stadium,1,38.3,Australia,West Indies,MG Johnson,JR Hopes,NO Miller,0,0,,,,,,,,,
415277,2009/10,2009-09-26,New Wanderers Stadium,1,38.4,Australia,West Indies,MG Johnson,JR Hopes,NO Miller,0,0,,,,,,,,,
415277,2009/10,2009-09-26,New Wanderers Stadium,1,38.5,Australia,West Indies,MG Johnson,JR Hopes,NO Miller,0,0,,,,,,,,,
415277,2009/10,2009-09-26,New Wanderers Stadium,1,38.6,Australia,West Indies,MG Johnson,JR Hopes,NO Miller,0,0,,,,,,,,,
415277,2009/10,2009-09-26,New Wanderers Stadium,1,39.1,Australia,West Indies,JR Hopes,MG Johnson,DJG Sammy,0,0,,,,,,,,,
415277,2009/10,2009-09-26,New Wanderers Stadium,1,39.2,Australia,West Indies,JR Hopes,MG Johnson,DJG Sammy,0,0,,,,,,caught,JR Hopes,,
415277,2009/10,2009-09-26,New Wanderers Stadium,1,39.3,Australia,West Indies,B Lee,MG Johnson,DJG Sammy,0,0,,,,,,,,,
415277,2009/10,2009-09-26,New Wanderers Stadium,1,39.4,Australia,West Indies,B Lee,MG Johnson,DJG Sammy,1,0,,,,,,,,,
415277,2009/10,2009-09-26,New Wanderers Stadium,1,39.5,Australia,West Indies,MG Johnson,B Lee,DJG Sammy,0,0,,,,,,,,,
415277,2009/10,2009-09-26,New Wanderers Stadium,1,39.6,Australia,West Indies,MG Johnson,B Lee,DJG Sammy,0,0,,,,,,,,,
415277,2009/10,2009-09-26,New Wanderers Stadium,1,40.1,Australia,West Indies,B Lee,MG Johnson,NO Miller,0,0,,,,,,,,,
415277,2009/10,2009-09-26,New Wanderers Stadium,1,40.2,Australia,West Indies,B Lee,MG Johnson,NO Miller,0,0,,,,,,,,,
415277,2009/10,2009-09-26,New Wanderers Stadium,1,40.3,Australia,West Indies,B Lee,MG Johnson,NO Miller,0,0,,,,,,,,,
415277,2009/10,2009-09-26,New Wanderers Stadium,1,40.4,Australia,West Indies,B Lee,MG Johnson,NO Miller,1,0,,,,,,,,,
415277,2009/10,2009-09-26,New Wanderers Stadium,1,40.5,Australia,West Indies,MG Johnson,B Lee,NO Miller,1,0,,,,,,,,,
415277,2009/10,2009-09-26,New Wanderers Stadium,1,40.6,Australia,West Indies,B Lee,MG Johnson,NO Miller,0,0,,,,,,,,,
415277,2009/10,2009-09-26,New Wanderers Stadium,1,41.1,Australia,West Indies,MG Johnson,B Lee,DE Bernard,0,0,,,,,,,,,
415277,2009/10,2009-09-26,New Wanderers Stadium,1,41.2,Australia,West Indies,MG Johnson,B Lee,DE Bernard,1,0,,,,,,,,,
415277,2009/10,2009-09-26,New Wanderers Stadium,1,41.3,Australia,West Indies,B Lee,MG Johnson,DE Bernard,0,0,,,,,,,,,
415277,2009/10,2009-09-26,New Wanderers Stadium,1,41.4,Australia,West Indies,B Lee,MG Johnson,DE Bernard,0,0,,,,,,,,,
415277,2009/10,2009-09-26,New Wanderers Stadium,1,41.5,Australia,West Indies,B Lee,MG Johnson,DE Bernard,1,0,,,,,,,,,
415277,2009/10,2009-09-26,New Wanderers Stadium,1,41.6,Australia,West Indies,MG Johnson,B Lee,DE Bernard,0,0,,,,,,,,,
415277,2009/10,2009-09-26,New Wanderers Stadium,1,42.1,Australia,West Indies,B Lee,MG Johnson,GC Tonge,1,0,,,,,,,,,
415277,2009/10,2009-09-26,New Wanderers Stadium,1,42.2,Australia,West Indies,MG Johnson,B Lee,GC Tonge,0,0,,,,,,,,,
415277,2009/10,2009-09-26,New Wanderers Stadium,1,42.3,Australia,West Indies,MG Johnson,B Lee,GC Tonge,2,0,,,,,,,,,
415277,2009/10,2009-09-26,New Wanderers Stadium,1,42.4,Australia,West Indies,MG Johnson,B Lee,GC Tonge,0,0,,,,,,,,,
415277,2009/10,2009-09-26,New Wanderers Stadium,1,42.5,Australia,West Indies,MG Johnson,B Lee,GC Tonge,2,0,,,,,,,,,
415277,2009/10,2009-09-26,New Wanderers Stadium,1,42.6,Australia,West Indies,MG Johnson,B Lee,GC Tonge,4,0,,,,,,,,,
415277,2009/10,2009-09-26,New Wanderers Stadium,1,43.1,Australia,West Indies,B Lee,MG Johnson,DE Bernard,0,0,,,,,,,,,
415277,2009/10,2009-09-26,New Wanderers Stadium,1,43.2,Australia,West Indies,B Lee,MG Johnson,DE Bernard,1,0,,,,,,,,,
415277,2009/10,2009-09-26,New Wanderers Stadium,1,43.3,Australia,West Indies,MG Johnson,B Lee,DE Bernard,1,0,,,,,,,,,
415277,2009/10,2009-09-26,New Wanderers Stadium,1,43.4,Australia,West Indies,B Lee,MG Johnson,DE Bernard,4,0,,,,,,,,,
415277,2009/10,2009-09-26,New Wanderers Stadium,1,43.5,Australia,West Indies,B Lee,MG Johnson,DE Bernard,1,0,,,,,,,,,
415277,2009/10,2009-09-26,New Wanderers Stadium,1,43.6,Australia,West Indies,MG Johnson,B Lee,DE Bernard,1,0,,,,,,,,,
415277,2009/10,2009-09-26,New Wanderers Stadium,1,44.1,Australia,West Indies,MG Johnson,B Lee,DJG Sammy,4,0,,,,,,,,,
415277,2009/10,2009-09-26,New Wanderers Stadium,1,44.2,Australia,West Indies,MG Johnson,B Lee,DJG Sammy,0,0,,,,,,,,,
415277,2009/10,2009-09-26,New Wanderers Stadium,1,44.3,Australia,West Indies,MG Johnson,B Lee,DJG Sammy,0,1,1,,,,,,,,
415277,2009/10,2009-09-26,New Wanderers Stadium,1,44.4,Australia,West Indies,MG Johnson,B Lee,DJG Sammy,2,0,,,,,,,,,
415277,2009/10,2009-09-26,New Wanderers Stadium,1,44.5,Australia,West Indies,MG Johnson,B Lee,DJG Sammy,6,0,,,,,,,,,
415277,2009/10,2009-09-26,New Wanderers Stadium,1,44.6,Australia,West Indies,MG Johnson,B Lee,DJG Sammy,6,0,,,,,,,,,
415277,2009/10,2009-09-26,New Wanderers Stadium,1,44.7,Australia,West Indies,MG Johnson,B Lee,DJG Sammy,2,0,,,,,,,,,
415277,2009/10,2009-09-26,New Wanderers Stadium,1,45.1,Australia,West Indies,B Lee,MG Johnson,KAJ Roach,1,0,,,,,,,,,
415277,2009/10,2009-09-26,New Wanderers Stadium,1,45.2,Australia,West Indies,MG Johnson,B Lee,KAJ Roach,1,0,,,,,,,,,
415277,2009/10,2009-09-26,New Wanderers Stadium,1,45.3,Australia,West Indies,B Lee,MG Johnson,KAJ Roach,0,0,,,,,,,,,
415277,2009/10,2009-09-26,New Wanderers Stadium,1,45.4,Australia,West Indies,B Lee,MG Johnson,KAJ Roach,1,0,,,,,,,,,
415277,2009/10,2009-09-26,New Wanderers Stadium,1,45.5,Australia,West Indies,MG Johnson,B Lee,KAJ Roach,1,0,,,,,,,,,
415277,2009/10,2009-09-26,New Wanderers Stadium,1,45.6,Australia,West Indies,B Lee,MG Johnson,KAJ Roach,1,0,,,,,,,,,
415277,2009/10,2009-09-26,New Wanderers Stadium,1,46.1,Australia,West Indies,B Lee,MG Johnson,GC Tonge,1,0,,,,,,,,,
415277,2009/10,2009-09-26,New Wanderers Stadium,1,46.2,Australia,West Indies,MG Johnson,B Lee,GC Tonge,0,0,,,,,,,,,
415277,2009/10,2009-09-26,New Wanderers Stadium,1,46.3,Australia,West Indies,MG Johnson,B Lee,GC Tonge,1,0,,,,,,,,,
415277,2009/10,2009-09-26,New Wanderers Stadium,1,46.4,Australia,West Indies,B Lee,MG Johnson,GC Tonge,1,0,,,,,,,,,
415277,2009/10,2009-09-26,New Wanderers Stadium,1,46.5,Australia,West Indies,MG Johnson,B Lee,GC Tonge,4,0,,,,,,,,,
415277,2009/10,2009-09-26,New Wanderers Stadium,1,46.6,Australia,West Indies,MG Johnson,B Lee,GC Tonge,4,0,,,,,,,,,
415277,2009/10,2009-09-26,New Wanderers Stadium,1,47.1,Australia,West Indies,B Lee,MG Johnson,KAJ Roach,2,0,,,,,,,,,
415277,2009/10,2009-09-26,New Wanderers Stadium,1,47.2,Australia,West Indies,B Lee,MG Johnson,KAJ Roach,0,1,,1,,,,,,,
415277,2009/10,2009-09-26,New Wanderers Stadium,1,47.3,Australia,West Indies,B Lee,MG Johnson,KAJ Roach,2,0,,,,,,,,,
415277,2009/10,2009-09-26,New Wanderers Stadium,1,47.4,Australia,West Indies,B Lee,MG Johnson,KAJ Roach,4,0,,,,,,,,,
415277,2009/10,2009-09-26,New Wanderers Stadium,1,47.5,Australia,West Indies,B Lee,MG Johnson,KAJ Roach,0,0,,,,,,,,,
415277,2009/10,2009-09-26,New Wanderers Stadium,1,47.6,Australia,West Indies,B Lee,MG Johnson,KAJ Roach,0,0,,,,,,,,,
415277,2009/10,2009-09-26,New Wanderers Stadium,1,47.7,Australia,West Indies,B Lee,MG Johnson,KAJ Roach,2,0,,,,,,run out,B Lee,,
415277,2009/10,2009-09-26,New Wanderers Stadium,1,48.1,Australia,West Indies,MG Johnson,NM Hauritz,DE Bernard,0,0,,,,,,,,,
415277,2009/10,2009-09-26,New Wanderers Stadium,1,48.2,Australia,West Indies,MG Johnson,NM Hauritz,DE Bernard,0,0,,,,,,,,,
415277,2009/10,2009-09-26,New Wanderers Stadium,1,48.3,Australia,West Indies,MG Johnson,NM Hauritz,DE Bernard,4,0,,,,,,,,,
415277,2009/10,2009-09-26,New Wanderers Stadium,1,48.4,Australia,West Indies,MG Johnson,NM Hauritz,DE Bernard,6,0,,,,,,,,,
415277,2009/10,2009-09-26,New Wanderers Stadium,1,48.5,Australia,West Indies,MG Johnson,NM Hauritz,DE Bernard,2,0,,,,,,,,,
415277,2009/10,2009-09-26,New Wanderers Stadium,1,48.6,Australia,West Indies,MG Johnson,NM Hauritz,DE Bernard,4,1,,1,,,,,,,
415277,2009/10,2009-09-26,New Wanderers Stadium,1,48.7,Australia,West Indies,MG Johnson,NM Hauritz,DE Bernard,4,0,,,,,,,,,
415277,2009/10,2009-09-26,New Wanderers Stadium,1,49.1,Australia,West Indies,NM Hauritz,MG Johnson,DJG Sammy,4,0,,,,,,,,,
415277,2009/10,2009-09-26,New Wanderers Stadium,1,49.2,Australia,West Indies,NM Hauritz,MG Johnson,DJG Sammy,2,0,,,,,,,,,
415277,2009/10,2009-09-26,New Wanderers Stadium,1,49.3,Australia,West Indies,NM Hauritz,MG Johnson,DJG Sammy,1,0,,,,,,,,,
415277,2009/10,2009-09-26,New Wanderers Stadium,1,49.4,Australia,West Indies,MG Johnson,NM Hauritz,DJG Sammy,2,0,,,,,,,,,
415277,2009/10,2009-09-26,New Wanderers Stadium,1,49.5,Australia,West Indies,MG Johnson,NM Hauritz,DJG Sammy,0,0,,,,,,,,,
415277,2009/10,2009-09-26,New Wanderers Stadium,1,49.6,Australia,West Indies,MG Johnson,NM Hauritz,DJG Sammy,4,0,,,,,,,,,
415277,2009/10,2009-09-26,New Wanderers Stadium,2,0.1,West Indies,Australia,DS Smith,ADS Fletcher,B Lee,4,0,,,,,,,,,
415277,2009/10,2009-09-26,New Wanderers Stadium,2,0.2,West Indies,Australia,DS Smith,ADS Fletcher,B Lee,0,4,,,,4,,,,,
415277,2009/10,2009-09-26,New Wanderers Stadium,2,0.3,West Indies,Australia,DS Smith,ADS Fletcher,B Lee,0,0,,,,,,,,,
415277,2009/10,2009-09-26,New Wanderers Stadium,2,0.4,West Indies,Australia,DS Smith,ADS Fletcher,B Lee,1,0,,,,,,,,,
415277,2009/10,2009-09-26,New Wanderers Stadium,2,0.5,West Indies,Australia,ADS Fletcher,DS Smith,B Lee,0,1,1,,,,,,,,
415277,2009/10,2009-09-26,New Wanderers Stadium,2,0.6,West Indies,Australia,ADS Fletcher,DS Smith,B Lee,1,0,,,,,,,,,
415277,2009/10,2009-09-26,New Wanderers Stadium,2,0.7,West Indies,Australia,DS Smith,ADS Fletcher,B Lee,0,0,,,,,,,,,
415277,2009/10,2009-09-26,New Wanderers Stadium,2,1.1,West Indies,Australia,ADS Fletcher,DS Smith,PM Siddle,0,0,,,,,,,,,
415277,2009/10,2009-09-26,New Wanderers Stadium,2,1.2,West Indies,Australia,ADS Fletcher,DS Smith,PM Siddle,0,0,,,,,,,,,
415277,2009/10,2009-09-26,New Wanderers Stadium,2,1.3,West Indies,Australia,ADS Fletcher,DS Smith,PM Siddle,0,0,,,,,,,,,
415277,2009/10,2009-09-26,New Wanderers Stadium,2,1.4,West Indies,Australia,ADS Fletcher,DS Smith,PM Siddle,0,0,,,,,,,,,
415277,2009/10,2009-09-26,New Wanderers Stadium,2,1.5,West Indies,Australia,ADS Fletcher,DS Smith,PM Siddle,0,0,,,,,,,,,
415277,2009/10,2009-09-26,New Wanderers Stadium,2,1.6,West Indies,Australia,ADS Fletcher,DS Smith,PM Siddle,0,1,,,,1,,,,,
415277,2009/10,2009-09-26,New Wanderers Stadium,2,2.1,West Indies,Australia,ADS Fletcher,DS Smith,B Lee,0,0,,,,,,,,,
415277,2009/10,2009-09-26,New Wanderers Stadium,2,2.2,West Indies,Australia,ADS Fletcher,DS Smith,B Lee,1,0,,,,,,,,,
415277,2009/10,2009-09-26,New Wanderers Stadium,2,2.3,West Indies,Australia,DS Smith,ADS Fletcher,B Lee,0,1,,,,1,,,,,
415277,2009/10,2009-09-26,New Wanderers Stadium,2,2.4,West Indies,Australia,ADS Fletcher,DS Smith,B Lee,0,0,,,,,,,,,
415277,2009/10,2009-09-26,New Wanderers Stadium,2,2.5,West Indies,Australia,ADS Fletcher,DS Smith,B Lee,0,1,1,,,,,,,,
415277,2009/10,2009-09-26,New Wanderers Stadium,2,2.6,West Indies,Australia,ADS Fletcher,DS Smith,B Lee,0,0,,,,,,,,,
415277,2009/10,2009-09-26,New Wanderers Stadium,2,2.7,West Indies,Australia,ADS Fletcher,DS Smith,B Lee,0,0,,,,,,,,,
415277,2009/10,2009-09-26,New Wanderers Stadium,2,3.1,West Indies,Australia,DS Smith,ADS Fletcher,PM Siddle,4,0,,,,,,,,,
415277,2009/10,2009-09-26,New Wanderers Stadium,2,3.2,West Indies,Australia,DS Smith,ADS Fletcher,PM Siddle,0,0,,,,,,,,,
415277,2009/10,2009-09-26,New Wanderers Stadium,2,3.3,West Indies,Australia,DS Smith,ADS Fletcher,PM Siddle,0,0,,,,,,,,,
415277,2009/10,2009-09-26,New Wanderers Stadium,2,3.4,West Indies,Australia,DS Smith,ADS Fletcher,PM Siddle,0,0,,,,,,,,,
415277,2009/10,2009-09-26,New Wanderers Stadium,2,3.5,West Indies,Australia,DS Smith,ADS Fletcher,PM Siddle,0,0,,,,,,,,,
415277,2009/10,2009-09-26,New Wanderers Stadium,2,3.6,West Indies,Australia,DS Smith,ADS Fletcher,PM Siddle,0,0,,,,,,,,,
415277,2009/10,2009-09-26,New Wanderers Stadium,2,4.1,West Indies,Australia,ADS Fletcher,DS Smith,B Lee,0,1,1,,,,,,,,
415277,2009/10,2009-09-26,New Wanderers Stadium,2,4.2,West Indies,Australia,ADS Fletcher,DS Smith,B Lee,0,4,,,,4,,,,,
415277,2009/10,2009-09-26,New Wanderers Stadium,2,4.3,West Indies,Australia,ADS Fletcher,DS Smith,B Lee,0,0,,,,,,,,,
415277,2009/10,2009-09-26,New Wanderers Stadium,2,4.4,West Indies,Australia,ADS Fletcher,DS Smith,B Lee,0,0,,,,,,,,,
415277,2009/10,2009-09-26,New Wanderers Stadium,2,4.5,West Indies,Australia,ADS Fletcher,DS Smith,B Lee,2,0,,,,,,,,,
415277,2009/10,2009-09-26,New Wanderers Stadium,2,4.6,West Indies,Australia,ADS Fletcher,DS Smith,B Lee,0,0,,,,,,,,,
415277,2009/10,2009-09-26,New Wanderers Stadium,2,4.7,West Indies,Australia,ADS Fletcher,DS Smith,B Lee,4,0,,,,,,,,,
415277,2009/10,2009-09-26,New Wanderers Stadium,2,5.1,West Indies,Australia,DS Smith,ADS Fletcher,PM Siddle,4,0,,,,,,,,,
415277,2009/10,2009-09-26,New Wanderers Stadium,2,5.2,West Indies,Australia,DS Smith,ADS Fletcher,PM Siddle,4,0,,,,,,,,,
415277,2009/10,2009-09-26,New Wanderers Stadium,2,5.3,West Indies,Australia,DS Smith,ADS Fletcher,PM Siddle,0,0,,,,,,,,,
415277,2009/10,2009-09-26,New Wanderers Stadium,2,5.4,West Indies,Australia,DS Smith,ADS Fletcher,PM Siddle,0,0,,,,,,caught,DS Smith,,
415277,2009/10,2009-09-26,New Wanderers Stadium,2,5.5,West Indies,Australia,TM Dowlin,ADS Fletcher,PM Siddle,0,0,,,,,,,,,
415277,2009/10,2009-09-26,New Wanderers Stadium,2,5.6,West Indies,Australia,TM Dowlin,ADS Fletcher,PM Siddle,0,0,,,,,,,,,
415277,2009/10,2009-09-26,New Wanderers Stadium,2,6.1,West Indies,Australia,ADS Fletcher,TM Dowlin,B Lee,0,0,,,,,,,,,
415277,2009/10,2009-09-26,New Wanderers Stadium,2,6.2,West Indies,Australia,ADS Fletcher,TM Dowlin,B Lee,3,0,,,,,,,,,
415277,2009/10,2009-09-26,New Wanderers Stadium,2,6.3,West Indies,Australia,TM Dowlin,ADS Fletcher,B Lee,0,0,,,,,,,,,
415277,2009/10,2009-09-26,New Wanderers Stadium,2,6.4,West Indies,Australia,TM Dowlin,ADS Fletcher,B Lee,0,0,,,,,,,,,
415277,2009/10,2009-09-26,New Wanderers Stadium,2,6.5,West Indies,Australia,TM Dowlin,ADS Fletcher,B Lee,0,0,,,,,,,,,
415277,2009/10,2009-09-26,New Wanderers Stadium,2,6.6,West Indies,Australia,TM Dowlin,ADS Fletcher,B Lee,4,0,,,,,,,,,
415277,2009/10,2009-09-26,New Wanderers Stadium,2,7.1,West Indies,Australia,ADS Fletcher,TM Dowlin,PM Siddle,0,1,,,,1,,,,,
415277,2009/10,2009-09-26,New Wanderers Stadium,2,7.2,West Indies,Australia,TM Dowlin,ADS Fletcher,PM Siddle,1,0,,,,,,,,,
415277,2009/10,2009-09-26,New Wanderers Stadium,2,7.3,West Indies,Australia,ADS Fletcher,TM Dowlin,PM Siddle,0,0,,,,,,,,,
415277,2009/10,2009-09-26,New Wanderers Stadium,2,7.4,West Indies,Australia,ADS Fletcher,TM Dowlin,PM Siddle,0,0,,,,,,,,,
415277,2009/10,2009-09-26,New Wanderers Stadium,2,7.5,West Indies,Australia,ADS Fletcher,TM Dowlin,PM Siddle,0,0,,,,,,,,,
415277,2009/10,2009-09-26,New Wanderers Stadium,2,7.6,West Indies,Australia,ADS Fletcher,TM Dowlin,PM Siddle,4,0,,,,,,,,,
415277,2009/10,2009-09-26,New Wanderers Stadium,2,8.1,West Indies,Australia,TM Dowlin,ADS Fletcher,MG Johnson,0,0,,,,,,,,,
415277,2009/10,2009-09-26,New Wanderers Stadium,2,8.2,West Indies,Australia,TM Dowlin,ADS Fletcher,MG Johnson,4,0,,,,,,,,,
415277,2009/10,2009-09-26,New Wanderers Stadium,2,8.3,West Indies,Australia,TM Dowlin,ADS Fletcher,MG Johnson,0,0,,,,,,,,,
415277,2009/10,2009-09-26,New Wanderers Stadium,2,8.4,West Indies,Australia,TM Dowlin,ADS Fletcher,MG Johnson,0,0,,,,,,,,,
415277,2009/10,2009-09-26,New Wanderers Stadium,2,8.5,West Indies,Australia,TM Dowlin,ADS Fletcher,MG Johnson,0,0,,,,,,,,,
415277,2009/10,2009-09-26,New Wanderers Stadium,2,8.6,West Indies,Australia,TM Dowlin,ADS Fletcher,MG Johnson,0,0,,,,,,,,,
415277,2009/10,2009-09-26,New Wanderers Stadium,2,9.1,West Indies,Australia,ADS Fletcher,TM Dowlin,PM Siddle,0,0,,,,,,,,,
415277,2009/10,2009-09-26,New Wanderers Stadium,2,9.2,West Indies,Australia,ADS Fletcher,TM Dowlin,PM Siddle,0,0,,,,,,,,,
415277,2009/10,2009-09-26,New Wanderers Stadium,2,9.3,West Indies,Australia,ADS Fletcher,TM Dowlin,PM Siddle,2,0,,,,,,,,,
415277,2009/10,2009-09-26,New Wanderers Stadium,2,9.4,West Indies,Australia,ADS Fletcher,TM Dowlin,PM Siddle,0,0,,,,,,,,,
415277,2009/10,2009-09-26,New Wanderers Stadium,2,9.5,West Indies,Australia,ADS Fletcher,TM Dowlin,PM Siddle,4,0,,,,,,,,,
415277,2009/10,2009-09-26,New Wanderers Stadium,2,9.6,West Indies,Australia,ADS Fletcher,TM Dowlin,PM Siddle,0,0,,,,,,,,,
415277,2009/10,2009-09-26,New Wanderers Stadium,2,10.1,West Indies,Australia,TM Dowlin,ADS Fletcher,MG Johnson,0,0,,,,,,,,,
415277,2009/10,2009-09-26,New Wanderers Stadium,2,10.2,West Indies,Australia,TM Dowlin,ADS Fletcher,MG Johnson,0,0,,,,,,,,,
415277,2009/10,2009-09-26,New Wanderers Stadium,2,10.3,West Indies,Australia,TM Dowlin,ADS Fletcher,MG Johnson,0,1,1,,,,,,,,
415277,2009/10,2009-09-26,New Wanderers Stadium,2,10.4,West Indies,Australia,TM Dowlin,ADS Fletcher,MG Johnson,1,0,,,,,,,,,
415277,2009/10,2009-09-26,New Wanderers Stadium,2,10.5,West Indies,Australia,ADS Fletcher,TM Dowlin,MG Johnson,0,0,,,,,,,,,
415277,2009/10,2009-09-26,New Wanderers Stadium,2,10.6,West Indies,Australia,ADS Fletcher,TM Dowlin,MG Johnson,1,0,,,,,,,,,
415277,2009/10,2009-09-26,New Wanderers Stadium,2,10.7,West Indies,Australia,TM Dowlin,ADS Fletcher,MG Johnson,0,0,,,,,,,,,
415277,2009/10,2009-09-26,New Wanderers Stadium,2,11.1,West Indies,Australia,ADS Fletcher,TM Dowlin,SR Watson,0,0,,,,,,,,,
415277,2009/10,2009-09-26,New Wanderers Stadium,2,11.2,West Indies,Australia,ADS Fletcher,TM Dowlin,SR Watson,0,0,,,,,,,,,
415277,2009/10,2009-09-26,New Wanderers Stadium,2,11.3,West Indies,Australia,ADS Fletcher,TM Dowlin,SR Watson,1,0,,,,,,,,,
415277,2009/10,2009-09-26,New Wanderers Stadium,2,11.4,West Indies,Australia,TM Dowlin,ADS Fletcher,SR Watson,0,0,,,,,,,,,
415277,2009/10,2009-09-26,New Wanderers Stadium,2,11.5,West Indies,Australia,TM Dowlin,ADS Fletcher,SR Watson,0,0,,,,,,,,,
415277,2009/10,2009-09-26,New Wanderers Stadium,2,11.6,West Indies,Australia,TM Dowlin,ADS Fletcher,SR Watson,0,0,,,,,,,,,
415277,2009/10,2009-09-26,New Wanderers Stadium,2,12.1,West Indies,Australia,ADS Fletcher,TM Dowlin,MG Johnson,1,0,,,,,,,,,
415277,2009/10,2009-09-26,New Wanderers Stadium,2,12.2,West Indies,Australia,TM Dowlin,ADS Fletcher,MG Johnson,0,0,,,,,,,,,
415277,2009/10,2009-09-26,New Wanderers Stadium,2,12.3,West Indies,Australia,TM Dowlin,ADS Fletcher,MG Johnson,0,0,,,,,,,,,
415277,2009/10,2009-09-26,New Wanderers Stadium,2,12.4,West Indies,Australia,TM Dowlin,ADS Fletcher,MG Johnson,0,0,,,,,,,,,
415277,2009/10,2009-09-26,New Wanderers Stadium,2,12.5,West Indies,Australia,TM Dowlin,ADS Fletcher,MG Johnson,1,0,,,,,,,,,
415277,2009/10,2009-09-26,New Wanderers Stadium,2,12.6,West Indies,Australia,ADS Fletcher,TM Dowlin,MG Johnson,0,0,,,,,,,,,
415277,2009/10,2009-09-26,New Wanderers Stadium,2,13.1,West Indies,Australia,TM Dowlin,ADS Fletcher,SR Watson,0,0,,,,,,,,,
415277,2009/10,2009-09-26,New Wanderers Stadium,2,13.2,West Indies,Australia,TM Dowlin,ADS Fletcher,SR Watson,0,0,,,,,,,,,
415277,2009/10,2009-09-26,New Wanderers Stadium,2,13.3,West Indies,Australia,TM Dowlin,ADS Fletcher,SR Watson,2,0,,,,,,,,,
415277,2009/10,2009-09-26,New Wanderers Stadium,2,13.4,West Indies,Australia,TM Dowlin,ADS Fletcher,SR Watson,4,0,,,,,,,,,
415277,2009/10,2009-09-26,New Wanderers Stadium,2,13.5,West Indies,Australia,TM Dowlin,ADS Fletcher,SR Watson,0,0,,,,,,,,,
415277,2009/10,2009-09-26,New Wanderers Stadium,2,13.6,West Indies,Australia,TM Dowlin,ADS Fletcher,SR Watson,0,0,,,,,,,,,
415277,2009/10,2009-09-26,New Wanderers Stadium,2,14.1,West Indies,Australia,ADS Fletcher,TM Dowlin,MG Johnson,4,0,,,,,,,,,
415277,2009/10,2009-09-26,New Wanderers Stadium,2,14.2,West Indies,Australia,ADS Fletcher,TM Dowlin,MG Johnson,0,0,,,,,,,,,
415277,2009/10,2009-09-26,New Wanderers Stadium,2,14.3,West Indies,Australia,ADS Fletcher,TM Dowlin,MG Johnson,0,0,,,,,,,,,
415277,2009/10,2009-09-26,New Wanderers Stadium,2,14.4,West Indies,Australia,ADS Fletcher,TM Dowlin,MG Johnson,0,0,,,,,,,,,
415277,2009/10,2009-09-26,New Wanderers Stadium,2,14.5,West Indies,Australia,ADS Fletcher,TM Dowlin,MG Johnson,0,0,,,,,,,,,
415277,2009/10,2009-09-26,New Wanderers Stadium,2,14.6,West Indies,Australia,ADS Fletcher,TM Dowlin,MG Johnson,1,0,,,,,,,,,
415277,2009/10,2009-09-26,New Wanderers Stadium,2,15.1,West Indies,Australia,ADS Fletcher,TM Dowlin,SR Watson,6,0,,,,,,,,,
415277,2009/10,2009-09-26,New Wanderers Stadium,2,15.2,West Indies,Australia,ADS Fletcher,TM Dowlin,SR Watson,1,0,,,,,,,,,
415277,2009/10,2009-09-26,New Wanderers Stadium,2,15.3,West Indies,Australia,TM Dowlin,ADS Fletcher,SR Watson,1,0,,,,,,,,,
415277,2009/10,2009-09-26,New Wanderers Stadium,2,15.4,West Indies,Australia,ADS Fletcher,TM Dowlin,SR Watson,0,0,,,,,,,,,
415277,2009/10,2009-09-26,New Wanderers Stadium,2,15.5,West Indies,Australia,ADS Fletcher,TM Dowlin,SR Watson,1,0,,,,,,,,,
415277,2009/10,2009-09-26,New Wanderers Stadium,2,15.6,West Indies,Australia,TM Dowlin,ADS Fletcher,SR Watson,4,0,,,,,,,,,
415277,2009/10,2009-09-26,New Wanderers Stadium,2,16.1,West Indies,Australia,ADS Fletcher,TM Dowlin,MG Johnson,1,0,,,,,,,,,
415277,2009/10,2009-09-26,New Wanderers Stadium,2,16.2,West Indies,Australia,TM Dowlin,ADS Fletcher,MG Johnson,0,0,,,,,,,,,
415277,2009/10,2009-09-26,New Wanderers Stadium,2,16.3,West Indies,Australia,TM Dowlin,ADS Fletcher,MG Johnson,0,0,,,,,,,,,
415277,2009/10,2009-09-26,New Wanderers Stadium,2,16.4,West Indies,Australia,TM Dowlin,ADS Fletcher,MG Johnson,0,0,,,,,,,,,
415277,2009/10,2009-09-26,New Wanderers Stadium,2,16.5,West Indies,Australia,TM Dowlin,ADS Fletcher,MG Johnson,1,0,,,,,,,,,
415277,2009/10,2009-09-26,New Wanderers Stadium,2,16.6,West Indies,Australia,ADS Fletcher,TM Dowlin,MG Johnson,1,0,,,,,,,,,
415277,2009/10,2009-09-26,New Wanderers Stadium,2,17.1,West Indies,Australia,ADS Fletcher,TM Dowlin,SR Watson,0,0,,,,,,,,,
415277,2009/10,2009-09-26,New Wanderers Stadium,2,17.2,West Indies,Australia,ADS Fletcher,TM Dowlin,SR Watson,0,0,,,,,,,,,
415277,2009/10,2009-09-26,New Wanderers Stadium,2,17.3,West Indies,Australia,ADS Fletcher,TM Dowlin,SR Watson,1,0,,,,,,,,,
415277,2009/10,2009-09-26,New Wanderers Stadium,2,17.4,West Indies,Australia,TM Dowlin,ADS Fletcher,SR Watson,1,0,,,,,,,,,
415277,2009/10,2009-09-26,New Wanderers Stadium,2,17.5,West Indies,Australia,ADS Fletcher,TM Dowlin,SR Watson,1,0,,,,,,,,,
415277,2009/10,2009-09-26,New Wanderers Stadium,2,17.6,West Indies,Australia,TM Dowlin,ADS Fletcher,SR Watson,1,0,,,,,,,,,
415277,2009/10,2009-09-26,New Wanderers Stadium,2,18.1,West Indies,Australia,TM Dowlin,ADS Fletcher,NM Hauritz,1,0,,,,,,,,,
415277,2009/10,2009-09-26,New Wanderers Stadium,2,18.2,West Indies,Australia,ADS Fletcher,TM Dowlin,NM Hauritz,0,0,,,,,,,,,
415277,2009/10,2009-09-26,New Wanderers Stadium,2,18.3,West Indies,Australia,ADS Fletcher,TM Dowlin,NM Hauritz,0,0,,,,,,,,,
415277,2009/10,2009-09-26,New Wanderers Stadium,2,18.4,West Indies,Australia,ADS Fletcher,TM Dowlin,NM Hauritz,0,0,,,,,,,,,
415277,2009/10,2009-09-26,New Wanderers Stadium,2,18.5,West Indies,Australia,ADS Fletcher,TM Dowlin,NM Hauritz,0,0,,,,,,,,,
415277,2009/10,2009-09-26,New Wanderers Stadium,2,18.6,West Indies,Australia,ADS Fletcher,TM Dowlin,NM Hauritz,0,0,,,,,,,,,
415277,2009/10,2009-09-26,New Wanderers Stadium,2,19.1,West Indies,Australia,TM Dowlin,ADS Fletcher,SR Watson,1,0,,,,,,,,,
415277,2009/10,2009-09-26,New Wanderers Stadium,2,19.2,West Indies,Australia,ADS Fletcher,TM Dowlin,SR Watson,0,0,,,,,,,,,
415277,2009/10,2009-09-26,New Wanderers Stadium,2,19.3,West Indies,Australia,ADS Fletcher,TM Dowlin,SR Watson,1,0,,,,,,,,,
415277,2009/10,2009-09-26,New Wanderers Stadium,2,19.4,West Indies,Australia,TM Dowlin,ADS Fletcher,SR Watson,1,0,,,,,,,,,
415277,2009/10,2009-09-26,New Wanderers Stadium,2,19.5,West Indies,Australia,ADS Fletcher,TM Dowlin,SR Watson,0,0,,,,,,,,,
415277,2009/10,2009-09-26,New Wanderers Stadium,2,19.6,West Indies,Australia,ADS Fletcher,TM Dowlin,SR Watson,1,0,,,,,,,,,
415277,2009/10,2009-09-26,New Wanderers Stadium,2,20.1,West Indies,Australia,ADS Fletcher,TM Dowlin,NM Hauritz,1,0,,,,,,,,,
415277,2009/10,2009-09-26,New Wanderers Stadium,2,20.2,West Indies,Australia,TM Dowlin,ADS Fletcher,NM Hauritz,0,0,,,,,,,,,
415277,2009/10,2009-09-26,New Wanderers Stadium,2,20.3,West Indies,Australia,TM Dowlin,ADS Fletcher,NM Hauritz,1,0,,,,,,,,,
415277,2009/10,2009-09-26,New Wanderers Stadium,2,20.4,West Indies,Australia,ADS Fletcher,TM Dowlin,NM Hauritz,1,0,,,,,,,,,
415277,2009/10,2009-09-26,New Wanderers Stadium,2,20.5,West Indies,Australia,TM Dowlin,ADS Fletcher,NM Hauritz,0,0,,,,,,,,,
415277,2009/10,2009-09-26,New Wanderers Stadium,2,20.6,West Indies,Australia,TM Dowlin,ADS Fletcher,NM Hauritz,0,0,,,,,,,,,
415277,2009/10,2009-09-26,New Wanderers Stadium,2,21.1,West Indies,Australia,ADS Fletcher,TM Dowlin,JR Hopes,1,0,,,,,,,,,
415277,2009/10,2009-09-26,New Wanderers Stadium,2,21.2,West Indies,Australia,TM Dowlin,ADS Fletcher,JR Hopes,0,0,,,,,,,,,
415277,2009/10,2009-09-26,New Wanderers Stadium,2,21.3,West Indies,Australia,TM Dowlin,ADS Fletcher,JR Hopes,1,0,,,,,,,,,
415277,2009/10,2009-09-26,New Wanderers Stadium,2,21.4,West Indies,Australia,ADS Fletcher,TM Dowlin,JR Hopes,1,0,,,,,,,,,
415277,2009/10,2009-09-26,New Wanderers Stadium,2,21.5,West Indies,Australia,TM Dowlin,ADS Fletcher,JR Hopes,1,0,,,,,,,,,
415277,2009/10,2009-09-26,New Wanderers Stadium,2,21.6,West Indies,Australia,ADS Fletcher,TM Dowlin,JR Hopes,1,0,,,,,,,,,
415277,2009/10,2009-09-26,New Wanderers Stadium,2,22.1,West Indies,Australia,ADS Fletcher,TM Dowlin,NM Hauritz,1,0,,,,,,,,,
415277,2009/10,2009-09-26,New Wanderers Stadium,2,22.2,West Indies,Australia,TM Dowlin,ADS Fletcher,NM Hauritz,1,0,,,,,,,,,
415277,2009/10,2009-09-26,New Wanderers Stadium,2,22.3,West Indies,Australia,ADS Fletcher,TM Dowlin,NM Hauritz,0,0,,,,,,,,,
415277,2009/10,2009-09-26,New Wanderers Stadium,2,22.4,West Indies,Australia,ADS Fletcher,TM Dowlin,NM Hauritz,1,0,,,,,,,,,
415277,2009/10,2009-09-26,New Wanderers Stadium,2,22.5,West Indies,Australia,TM Dowlin,ADS Fletcher,NM Hauritz,1,0,,,,,,,,,
415277,2009/10,2009-09-26,New Wanderers Stadium,2,22.6,West Indies,Australia,ADS Fletcher,TM Dowlin,NM Hauritz,1,0,,,,,,,,,
415277,2009/10,2009-09-26,New Wanderers Stadium,2,23.1,West Indies,Australia,ADS Fletcher,TM Dowlin,JR Hopes,1,0,,,,,,,,,
415277,2009/10,2009-09-26,New Wanderers Stadium,2,23.2,West Indies,Australia,TM Dowlin,ADS Fletcher,JR Hopes,1,0,,,,,,,,,
415277,2009/10,2009-09-26,New Wanderers Stadium,2,23.3,West Indies,Australia,ADS Fletcher,TM Dowlin,JR Hopes,1,0,,,,,,,,,
415277,2009/10,2009-09-26,New Wanderers Stadium,2,23.4,West Indies,Australia,TM Dowlin,ADS Fletcher,JR Hopes,1,0,,,,,,,,,
415277,2009/10,2009-09-26,New Wanderers Stadium,2,23.5,West Indies,Australia,ADS Fletcher,TM Dowlin,JR Hopes,1,0,,,,,,,,,
415277,2009/10,2009-09-26,New Wanderers Stadium,2,23.6,West Indies,Australia,TM Dowlin,ADS Fletcher,JR Hopes,1,0,,,,,,,,,
415277,2009/10,2009-09-26,New Wanderers Stadium,2,24.1,West Indies,Australia,TM Dowlin,ADS Fletcher,B Lee,0,1,1,,,,,,,,
415277,2009/10,2009-09-26,New Wanderers Stadium,2,24.2,West Indies,Australia,TM Dowlin,ADS Fletcher,B Lee,1,0,,,,,,,,,
415277,2009/10,2009-09-26,New Wanderers Stadium,2,24.3,West Indies,Australia,ADS Fletcher,TM Dowlin,B Lee,0,0,,,,,,,,,
415277,2009/10,2009-09-26,New Wanderers Stadium,2,24.4,West Indies,Australia,ADS Fletcher,TM Dowlin,B Lee,0,0,,,,,,run out,ADS Fletcher,,
415277,2009/10,2009-09-26,New Wanderers Stadium,2,24.5,West Indies,Australia,TM Dowlin,CAK Walton,B Lee,0,0,,,,,,,,,
415277,2009/10,2009-09-26,New Wanderers Stadium,2,24.6,West Indies,Australia,TM Dowlin,CAK Walton,B Lee,4,0,,,,,,,,,
415277,2009/10,2009-09-26,New Wanderers Stadium,2,24.7,West Indies,Australia,TM Dowlin,CAK Walton,B Lee,0,0,,,,,,,,,
415277,2009/10,2009-09-26,New Wanderers Stadium,2,25.1,West Indies,Australia,CAK Walton,TM Dowlin,JR Hopes,0,0,,,,,,,,,
415277,2009/10,2009-09-26,New Wanderers Stadium,2,25.2,West Indies,Australia,CAK Walton,TM Dowlin,JR Hopes,0,0,,,,,,bowled,CAK Walton,,
415277,2009/10,2009-09-26,New Wanderers Stadium,2,25.3,West Indies,Australia,FL Reifer,TM Dowlin,JR Hopes,0,0,,,,,,,,,
415277,2009/10,2009-09-26,New Wanderers Stadium,2,25.4,West Indies,Australia,FL Reifer,TM Dowlin,JR Hopes,0,0,,,,,,,,,
415277,2009/10,2009-09-26,New Wanderers Stadium,2,25.5,West Indies,Australia,FL Reifer,TM Dowlin,JR Hopes,0,0,,,,,,,,,
415277,2009/10,2009-09-26,New Wanderers Stadium,2,25.6,West Indies,Australia,FL Reifer,TM Dowlin,JR Hopes,0,0,,,,,,,,,
415277,2009/10,2009-09-26,New Wanderers Stadium,2,26.1,West Indies,Australia,TM Dowlin,FL Reifer,B Lee,0,1,1,,,,,,,,
415277,2009/10,2009-09-26,New Wanderers Stadium,2,26.2,West Indies,Australia,TM Dowlin,FL Reifer,B Lee,0,0,,,,,,,,,
415277,2009/10,2009-09-26,New Wanderers Stadium,2,26.3,West Indies,Australia,TM Dowlin,FL Reifer,B Lee,0,0,,,,,,,,,
415277,2009/10,2009-09-26,New Wanderers Stadium,2,26.4,West Indies,Australia,TM Dowlin,FL Reifer,B Lee,1,0,,,,,,,,,
415277,2009/10,2009-09-26,New Wanderers Stadium,2,26.5,West Indies,Australia,FL Reifer,TM Dowlin,B Lee,0,0,,,,,,,,,
415277,2009/10,2009-09-26,New Wanderers Stadium,2,26.6,West Indies,Australia,FL Reifer,TM Dowlin,B Lee,0,0,,,,,,,,,
415277,2009/10,2009-09-26,New Wanderers Stadium,2,26.7,West Indies,Australia,FL Reifer,TM Dowlin,B Lee,0,0,,,,,,,,,
415277,2009/10,2009-09-26,New Wanderers Stadium,2,27.1,West Indies,Australia,TM Dowlin,FL Reifer,JR Hopes,1,0,,,,,,,,,
415277,2009/10,2009-09-26,New Wanderers Stadium,2,27.2,West Indies,Australia,FL Reifer,TM Dowlin,JR Hopes,0,0,,,,,,,,,
415277,2009/10,2009-09-26,New Wanderers Stadium,2,27.3,West Indies,Australia,FL Reifer,TM Dowlin,JR Hopes,4,0,,,,,,,,,
415277,2009/10,2009-09-26,New Wanderers Stadium,2,27.4,West Indies,Australia,FL Reifer,TM Dowlin,JR Hopes,1,0,,,,,,,,,
415277,2009/10,2009-09-26,New Wanderers Stadium,2,27.5,West Indies,Australia,TM Dowlin,FL Reifer,JR Hopes,1,0,,,,,,,,,
415277,2009/10,2009-09-26,New Wanderers Stadium,2,27.6,West Indies,Australia,FL Reifer,TM Dowlin,JR Hopes,0,0,,,,,,,,,
415277,2009/10,2009-09-26,New Wanderers Stadium,2,28.1,West Indies,Australia,TM Dowlin,FL Reifer,NM Hauritz,1,0,,,,,,,,,
415277,2009/10,2009-09-26,New Wanderers Stadium,2,28.2,West Indies,Australia,FL Reifer,TM Dowlin,NM Hauritz,1,0,,,,,,,,,
415277,2009/10,2009-09-26,New Wanderers Stadium,2,28.3,West Indies,Australia,TM Dowlin,FL Reifer,NM Hauritz,1,0,,,,,,,,,
415277,2009/10,2009-09-26,New Wanderers Stadium,2,28.4,West Indies,Australia,FL Reifer,TM Dowlin,NM Hauritz,1,0,,,,,,,,,
415277,2009/10,2009-09-26,New Wanderers Stadium,2,28.5,West Indies,Australia,TM Dowlin,FL Reifer,NM Hauritz,0,0,,,,,,,,,
415277,2009/10,2009-09-26,New Wanderers Stadium,2,28.6,West Indies,Australia,TM Dowlin,FL Reifer,NM Hauritz,0,0,,,,,,,,,
415277,2009/10,2009-09-26,New Wanderers Stadium,2,29.1,West Indies,Australia,FL Reifer,TM Dowlin,JR Hopes,0,0,,,,,,,,,
415277,2009/10,2009-09-26,New Wanderers Stadium,2,29.2,West Indies,Australia,FL Reifer,TM Dowlin,JR Hopes,0,0,,,,,,,,,
415277,2009/10,2009-09-26,New Wanderers Stadium,2,29.3,West Indies,Australia,FL Reifer,TM Dowlin,JR Hopes,1,0,,,,,,,,,
415277,2009/10,2009-09-26,New Wanderers Stadium,2,29.4,West Indies,Australia,TM Dowlin,FL Reifer,JR Hopes,0,0,,,,,,,,,
415277,2009/10,2009-09-26,New Wanderers Stadium,2,29.5,West Indies,Australia,TM Dowlin,FL Reifer,JR Hopes,0,1,,,,1,,,,,
415277,2009/10,2009-09-26,New Wanderers Stadium,2,29.6,West Indies,Australia,FL Reifer,TM Dowlin,JR Hopes,0,1,1,,,,,,,,
415277,2009/10,2009-09-26,New Wanderers Stadium,2,29.7,West Indies,Australia,FL Reifer,TM Dowlin,JR Hopes,0,0,,,,,,,,,
415277,2009/10,2009-09-26,New Wanderers Stadium,2,30.1,West Indies,Australia,TM Dowlin,FL Reifer,NM Hauritz,1,0,,,,,,,,,
415277,2009/10,2009-09-26,New Wanderers Stadium,2,30.2,West Indies,Australia,FL Reifer,TM Dowlin,NM Hauritz,0,0,,,,,,,,,
415277,2009/10,2009-09-26,New Wanderers Stadium,2,30.3,West Indies,Australia,FL Reifer,TM Dowlin,NM Hauritz,1,0,,,,,,,,,
415277,2009/10,2009-09-26,New Wanderers Stadium,2,30.4,West Indies,Australia,TM Dowlin,FL Reifer,NM Hauritz,0,0,,,,,,,,,
415277,2009/10,2009-09-26,New Wanderers Stadium,2,30.5,West Indies,Australia,TM Dowlin,FL Reifer,NM Hauritz,1,0,,,,,,,,,
415277,2009/10,2009-09-26,New Wanderers Stadium,2,30.6,West Indies,Australia,FL Reifer,TM Dowlin,NM Hauritz,0,0,,,,,,,,,
415277,2009/10,2009-09-26,New Wanderers Stadium,2,31.1,West Indies,Australia,TM Dowlin,FL Reifer,MG Johnson,1,0,,,,,,,,,
415277,2009/10,2009-09-26,New Wanderers Stadium,2,31.2,West Indies,Australia,FL Reifer,TM Dowlin,MG Johnson,0,0,,,,,,,,,
415277,2009/10,2009-09-26,New Wanderers Stadium,2,31.3,West Indies,Australia,FL Reifer,TM Dowlin,MG Johnson,0,0,,,,,,,,,
415277,2009/10,2009-09-26,New Wanderers Stadium,2,31.4,West Indies,Australia,FL Reifer,TM Dowlin,MG Johnson,0,1,1,,,,,,,,
415277,2009/10,2009-09-26,New Wanderers Stadium,2,31.5,West Indies,Australia,FL Reifer,TM Dowlin,MG Johnson,0,0,,,,,,,,,
415277,2009/10,2009-09-26,New Wanderers Stadium,2,31.6,West Indies,Australia,FL Reifer,TM Dowlin,MG Johnson,4,0,,,,,,,,,
415277,2009/10,2009-09-26,New Wanderers Stadium,2,31.7,West Indies,Australia,FL Reifer,TM Dowlin,MG Johnson,0,4,,,,4,,,,,
415277,2009/10,2009-09-26,New Wanderers Stadium,2,32.1,West Indies,Australia,TM Dowlin,FL Reifer,NM Hauritz,1,0,,,,,,,,,
415277,2009/10,2009-09-26,New Wanderers Stadium,2,32.2,West Indies,Australia,FL Reifer,TM Dowlin,NM Hauritz,0,0,,,,,,,,,
415277,2009/10,2009-09-26,New Wanderers Stadium,2,32.3,West Indies,Australia,FL Reifer,TM Dowlin,NM Hauritz,0,0,,,,,,,,,
415277,2009/10,2009-09-26,New Wanderers Stadium,2,32.4,West Indies,Australia,FL Reifer,TM Dowlin,NM Hauritz,0,0,,,,,,,,,
415277,2009/10,2009-09-26,New Wanderers Stadium,2,32.5,West Indies,Australia,FL Reifer,TM Dowlin,NM Hauritz,0,0,,,,,,,,,
415277,2009/10,2009-09-26,New Wanderers Stadium,2,32.6,West Indies,Australia,FL Reifer,TM Dowlin,NM Hauritz,1,0,,,,,,,,,
415277,2009/10,2009-09-26,New Wanderers Stadium,2,33.1,West Indies,Australia,FL Reifer,TM Dowlin,MG Johnson,0,0,,,,,,,,,
415277,2009/10,2009-09-26,New Wanderers Stadium,2,33.2,West Indies,Australia,FL Reifer,TM Dowlin,MG Johnson,0,1,1,,,,,,,,
415277,2009/10,2009-09-26,New Wanderers Stadium,2,33.3,West Indies,Australia,FL Reifer,TM Dowlin,MG Johnson,1,0,,,,,,,,,
415277,2009/10,2009-09-26,New Wanderers Stadium,2,33.4,West Indies,Australia,TM Dowlin,FL Reifer,MG Johnson,0,0,,,,,,,,,
415277,2009/10,2009-09-26,New Wanderers Stadium,2,33.5,West Indies,Australia,TM Dowlin,FL Reifer,MG Johnson,0,0,,,,,,,,,
415277,2009/10,2009-09-26,New Wanderers Stadium,2,33.6,West Indies,Australia,TM Dowlin,FL Reifer,MG Johnson,0,0,,,,,,,,,
415277,2009/10,2009-09-26,New Wanderers Stadium,2,33.7,West Indies,Australia,TM Dowlin,FL Reifer,MG Johnson,0,0,,,,,,,,,
415277,2009/10,2009-09-26,New Wanderers Stadium,2,34.1,West Indies,Australia,FL Reifer,TM Dowlin,NM Hauritz,1,0,,,,,,,,,
415277,2009/10,2009-09-26,New Wanderers Stadium,2,34.2,West Indies,Australia,TM Dowlin,FL Reifer,NM Hauritz,1,0,,,,,,,,,
415277,2009/10,2009-09-26,New Wanderers Stadium,2,34.3,West Indies,Australia,FL Reifer,TM Dowlin,NM Hauritz,0,0,,,,,,,,,
415277,2009/10,2009-09-26,New Wanderers Stadium,2,34.4,West Indies,Australia,FL Reifer,TM Dowlin,NM Hauritz,0,1,,,,1,,,,,
415277,2009/10,2009-09-26,New Wanderers Stadium,2,34.5,West Indies,Australia,TM Dowlin,FL Reifer,NM Hauritz,1,0,,,,,,,,,
415277,2009/10,2009-09-26,New Wanderers Stadium,2,34.6,West Indies,Australia,FL Reifer,TM Dowlin,NM Hauritz,0,0,,,,,,,,,
415277,2009/10,2009-09-26,New Wanderers Stadium,2,35.1,West Indies,Australia,TM Dowlin,FL Reifer,PM Siddle,0,0,,,,,,,,,
415277,2009/10,2009-09-26,New Wanderers Stadium,2,35.2,West Indies,Australia,TM Dowlin,FL Reifer,PM Siddle,0,0,,,,,,,,,
415277,2009/10,2009-09-26,New Wanderers Stadium,2,35.3,West Indies,Australia,TM Dowlin,FL Reifer,PM Siddle,2,0,,,,,,,,,
415277,2009/10,2009-09-26,New Wanderers Stadium,2,35.4,West Indies,Australia,TM Dowlin,FL Reifer,PM Siddle,0,0,,,,,,,,,
415277,2009/10,2009-09-26,New Wanderers Stadium,2,35.5,West Indies,Australia,TM Dowlin,FL Reifer,PM Siddle,1,0,,,,,,,,,
415277,2009/10,2009-09-26,New Wanderers Stadium,2,35.6,West Indies,Australia,FL Reifer,TM Dowlin,PM Siddle,1,0,,,,,,,,,
415277,2009/10,2009-09-26,New Wanderers Stadium,2,36.1,West Indies,Australia,FL Reifer,TM Dowlin,B Lee,0,1,,,,1,,,,,
415277,2009/10,2009-09-26,New Wanderers Stadium,2,36.2,West Indies,Australia,TM Dowlin,FL Reifer,B Lee,0,0,,,,,,,,,
415277,2009/10,2009-09-26,New Wanderers Stadium,2,36.3,West Indies,Australia,TM Dowlin,FL Reifer,B Lee,0,0,,,,,,,,,
415277,2009/10,2009-09-26,New Wanderers Stadium,2,36.4,West Indies,Australia,TM Dowlin,FL Reifer,B Lee,0,0,,,,,,caught,TM Dowlin,,
415277,2009/10,2009-09-26,New Wanderers Stadium,2,36.5,West Indies,Australia,FL Reifer,DE Bernard,B Lee,0,0,,,,,,,,,
415277,2009/10,2009-09-26,New Wanderers Stadium,2,36.6,West Indies,Australia,FL Reifer,DE Bernard,B Lee,0,5,5,,,,,,,,
415277,2009/10,2009-09-26,New Wanderers Stadium,2,36.7,West Indies,Australia,FL Reifer,DE Bernard,B Lee,1,0,,,,,,,,,
415277,2009/10,2009-09-26,New Wanderers Stadium,2,37.1,West Indies,Australia,FL Reifer,DE Bernard,PM Siddle,0,0,,,,,,,,,
415277,2009/10,2009-09-26,New Wanderers Stadium,2,37.2,West Indies,Australia,FL Reifer,DE Bernard,PM Siddle,0,1,,,,1,,,,,
415277,2009/10,2009-09-26,New Wanderers Stadium,2,37.3,West Indies,Australia,DE Bernard,FL Reifer,PM Siddle,1,0,,,,,,,,,
415277,2009/10,2009-09-26,New Wanderers Stadium,2,37.4,West Indies,Australia,FL Reifer,DE Bernard,PM Siddle,0,0,,,,,,,,,
415277,2009/10,2009-09-26,New Wanderers Stadium,2,37.5,West Indies,Australia,FL Reifer,DE Bernard,PM Siddle,1,0,,,,,,,,,
415277,2009/10,2009-09-26,New Wanderers Stadium,2,37.6,West Indies,Australia,DE Bernard,FL Reifer,PM Siddle,4,0,,,,,,,,,
415277,2009/10,2009-09-26,New Wanderers Stadium,2,38.1,West Indies,Australia,FL Reifer,DE Bernard,B Lee,0,0,,,,,,,,,
415277,2009/10,2009-09-26,New Wanderers Stadium,2,38.2,West Indies,Australia,FL Reifer,DE Bernard,B Lee,1,0,,,,,,,,,
415277,2009/10,2009-09-26,New Wanderers Stadium,2,38.3,West Indies,Australia,DE Bernard,FL Reifer,B Lee,2,0,,,,,,,,,
415277,2009/10,2009-09-26,New Wanderers Stadium,2,38.4,West Indies,Australia,DE Bernard,FL Reifer,B Lee,0,0,,,,,,,,,
415277,2009/10,2009-09-26,New Wanderers Stadium,2,38.5,West Indies,Australia,DE Bernard,FL Reifer,B Lee,1,0,,,,,,,,,
415277,2009/10,2009-09-26,New Wanderers Stadium,2,38.6,West Indies,Australia,FL Reifer,DE Bernard,B Lee,0,0,,,,,,,,,
415277,2009/10,2009-09-26,New Wanderers Stadium,2,39.1,West Indies,Australia,DE Bernard,FL Reifer,PM Siddle,0,0,,,,,,bowled,DE Bernard,,
415277,2009/10,2009-09-26,New Wanderers Stadium,2,39.2,West Indies,Australia,DJG Sammy,FL Reifer,PM Siddle,0,0,,,,,,,,,
415277,2009/10,2009-09-26,New Wanderers Stadium,2,39.3,West Indies,Australia,DJG Sammy,FL Reifer,PM Siddle,0,0,,,,,,,,,
415277,2009/10,2009-09-26,New Wanderers Stadium,2,39.4,West Indies,Australia,DJG Sammy,FL Reifer,PM Siddle,0,0,,,,,,,,,
415277,2009/10,2009-09-26,New Wanderers Stadium,2,39.5,West Indies,Australia,DJG Sammy,FL Reifer,PM Siddle,0,0,,,,,,,,,
415277,2009/10,2009-09-26,New Wanderers Stadium,2,39.6,West Indies,Australia,DJG Sammy,FL Reifer,PM Siddle,4,0,,,,,,,,,
415277,2009/10,2009-09-26,New Wanderers Stadium,2,40.1,West Indies,Australia,FL Reifer,DJG Sammy,JR Hopes,1,0,,,,,,,,,
415277,2009/10,2009-09-26,New Wanderers Stadium,2,40.2,West Indies,Australia,DJG Sammy,FL Reifer,JR Hopes,0,0,,,,,,,,,
415277,2009/10,2009-09-26,New Wanderers Stadium,2,40.3,West Indies,Australia,DJG Sammy,FL Reifer,JR Hopes,0,0,,,,,,,,,
415277,2009/10,2009-09-26,New Wanderers Stadium,2,40.4,West Indies,Australia,DJG Sammy,FL Reifer,JR Hopes,0,1,1,,,,,,,,
415277,2009/10,2009-09-26,New Wanderers Stadium,2,40.5,West Indies,Australia,DJG Sammy,FL Reifer,JR Hopes,1,0,,,,,,,,,
415277,2009/10,2009-09-26,New Wanderers Stadium,2,40.6,West Indies,Australia,FL Reifer,DJG Sammy,JR Hopes,0,0,,,,,,,,,
415277,2009/10,2009-09-26,New Wanderers Stadium,2,40.7,West Indies,Australia,FL Reifer,DJG Sammy,JR Hopes,4,0,,,,,,,,,
415277,2009/10,2009-09-26,New Wanderers Stadium,2,41.1,West Indies,Australia,DJG Sammy,FL Reifer,MG Johnson,0,0,,,,,,,,,
415277,2009/10,2009-09-26,New Wanderers Stadium,2,41.2,West Indies,Australia,DJG Sammy,FL Reifer,MG Johnson,0,0,,,,,,,,,
415277,2009/10,2009-09-26,New Wanderers Stadium,2,41.3,West Indies,Australia,DJG Sammy,FL Reifer,MG Johnson,6,0,,,,,,,,,
415277,2009/10,2009-09-26,New Wanderers Stadium,2,41.4,West Indies,Australia,DJG Sammy,FL Reifer,MG Johnson,6,0,,,,,,,,,
415277,2009/10,2009-09-26,New Wanderers Stadium,2,41.5,West Indies,Australia,DJG Sammy,FL Reifer,MG Johnson,0,0,,,,,,,,,
415277,2009/10,2009-09-26,New Wanderers Stadium,2,41.6,West Indies,Australia,DJG Sammy,FL Reifer,MG Johnson,0,0,,,,,,,,,
415277,2009/10,2009-09-26,New Wanderers Stadium,2,42.1,West Indies,Australia,FL Reifer,DJG Sammy,SR Watson,1,0,,,,,,,,,
415277,2009/10,2009-09-26,New Wanderers Stadium,2,42.2,West Indies,Australia,DJG Sammy,FL Reifer,SR Watson,0,0,,,,,,,,,
415277,2009/10,2009-09-26,New Wanderers Stadium,2,42.3,West Indies,Australia,DJG Sammy,FL Reifer,SR Watson,0,0,,,,,,,,,
415277,2009/10,2009-09-26,New Wanderers Stadium,2,42.4,West Indies,Australia,DJG Sammy,FL Reifer,SR Watson,0,0,,,,,,,,,
415277,2009/10,2009-09-26,New Wanderers Stadium,2,42.5,West Indies,Australia,DJG Sammy,FL Reifer,SR Watson,0,0,,,,,,,,,
415277,2009/10,2009-09-26,New Wanderers Stadium,2,42.6,West Indies,Australia,DJG Sammy,FL Reifer,SR Watson,0,0,,,,,,,,,
415277,2009/10,2009-09-26,New Wanderers Stadium,2,43.1,West Indies,Australia,FL Reifer,DJG Sammy,MG Johnson,0,0,,,,,,,,,
415277,2009/10,2009-09-26,New Wanderers Stadium,2,43.2,West Indies,Australia,FL Reifer,DJG Sammy,MG Johnson,0,0,,,,,,,,,
415277,2009/10,2009-09-26,New Wanderers Stadium,2,43.3,West Indies,Australia,FL Reifer,DJG Sammy,MG Johnson,1,0,,,,,,,,,
415277,2009/10,2009-09-26,New Wanderers Stadium,2,43.4,West Indies,Australia,DJG Sammy,FL Reifer,MG Johnson,2,0,,,,,,,,,
415277,2009/10,2009-09-26,New Wanderers Stadium,2,43.5,West Indies,Australia,DJG Sammy,FL Reifer,MG Johnson,0,0,,,,,,,,,
415277,2009/10,2009-09-26,New Wanderers Stadium,2,43.6,West Indies,Australia,DJG Sammy,FL Reifer,MG Johnson,1,0,,,,,,,,,
415277,2009/10,2009-09-26,New Wanderers Stadium,2,44.1,West Indies,Australia,DJG Sammy,FL Reifer,SR Watson,0,0,,,,,,caught,DJG Sammy,,
415277,2009/10,2009-09-26,New Wanderers Stadium,2,44.2,West Indies,Australia,NO Miller,FL Reifer,SR Watson,0,0,,,,,,,,,
415277,2009/10,2009-09-26,New Wanderers Stadium,2,44.3,West Indies,Australia,NO Miller,FL Reifer,SR Watson,1,0,,,,,,,,,
415277,2009/10,2009-09-26,New Wanderers Stadium,2,44.4,West Indies,Australia,FL Reifer,NO Miller,SR Watson,1,1,,1,,,,,,,
415277,2009/10,2009-09-26,New Wanderers Stadium,2,44.5,West Indies,Australia,NO Miller,FL Reifer,SR Watson,1,0,,,,,,,,,
415277,2009/10,2009-09-26,New Wanderers Stadium,2,44.6,West Indies,Australia,FL Reifer,NO Miller,SR Watson,0,0,,,,,,caught,FL Reifer,,
415277,2009/10,2009-09-26,New Wanderers Stadium,2,44.7,West Indies,Australia,KAJ Roach,NO Miller,SR Watson,1,0,,,,,,,,,
415277,2009/10,2009-09-26,New Wanderers Stadium,2,45.1,West Indies,Australia,KAJ Roach,NO Miller,MG Johnson,0,0,,,,,,,,,
415277,2009/10,2009-09-26,New Wanderers Stadium,2,45.2,West Indies,Australia,KAJ Roach,NO Miller,MG Johnson,0,0,,,,,,,,,
415277,2009/10,2009-09-26,New Wanderers Stadium,2,45.3,West Indies,Australia,KAJ Roach,NO Miller,MG Johnson,0,0,,,,,,,,,
415277,2009/10,2009-09-26,New Wanderers Stadium,2,45.4,West Indies,Australia,KAJ Roach,NO Miller,MG Johnson,0,0,,,,,,,,,
415277,2009/10,2009-09-26,New Wanderers Stadium,2,45.5,West Indies,Australia,KAJ Roach,NO Miller,MG Johnson,0,1,1,,,,,,,,
415277,2009/10,2009-09-26,New Wanderers Stadium,2,45.6,West Indies,Australia,KAJ Roach,NO Miller,MG Johnson,1,0,,,,,,,,,
415277,2009/10,2009-09-26,New Wanderers Stadium,2,45.7,West Indies,Australia,NO Miller,KAJ Roach,MG Johnson,1,0,,,,,,,,,
415277,2009/10,2009-09-26,New Wanderers Stadium,2,46.1,West Indies,Australia,NO Miller,KAJ Roach,NM Hauritz,0,0,,,,,,,,,
415277,2009/10,2009-09-26,New Wanderers Stadium,2,46.2,West Indies,Australia,NO Miller,KAJ Roach,NM Hauritz,1,0,,,,,,,,,
415277,2009/10,2009-09-26,New Wanderers Stadium,2,46.3,West Indies,Australia,KAJ Roach,NO Miller,NM Hauritz,1,0,,,,,,,,,
415277,2009/10,2009-09-26,New Wanderers Stadium,2,46.4,West Indies,Australia,NO Miller,KAJ Roach,NM Hauritz,0,0,,,,,,caught,NO Miller,,
415277,2009/10,2009-09-26,New Wanderers Stadium,2,46.5,West Indies,Australia,KAJ Roach,GC Tonge,NM Hauritz,0,0,,,,,,caught,KAJ Roach,,
