match_id,season,start_date,venue,innings,ball,batting_team,bowling_team,striker,non_striker,bowler,runs_off_bat,extras,wides,noballs,byes,legbyes,penalty,wicket_type,player_dismissed,other_wicket_type,other_player_dismissed
415280,2009/10,2009-09-27,SuperSport Park,1,0.1,England,South Africa,AJ Strauss,JL Denly,DW Steyn,0,1,1,,,,,,,,
415280,2009/10,2009-09-27,SuperSport Park,1,0.2,England,South Africa,AJ Strauss,JL Denly,DW Steyn,0,0,,,,,,,,,
415280,2009/10,2009-09-27,SuperSport Park,1,0.3,England,South Africa,AJ Strauss,JL Denly,DW Steyn,4,0,,,,,,,,,
415280,2009/10,2009-09-27,SuperSport Park,1,0.4,England,South Africa,AJ Strauss,JL Denly,DW Steyn,0,0,,,,,,,,,
415280,2009/10,2009-09-27,SuperSport Park,1,0.5,England,South Africa,AJ Strauss,JL Denly,DW Steyn,0,0,,,,,,,,,
415280,2009/10,2009-09-27,SuperSport Park,1,0.6,England,South Africa,AJ Strauss,JL Denly,DW Steyn,0,0,,,,,,,,,
415280,2009/10,2009-09-27,SuperSport Park,1,0.7,England,South Africa,AJ Strauss,JL Denly,DW Steyn,0,0,,,,,,,,,
415280,2009/10,2009-09-27,SuperSport Park,1,1.1,England,South Africa,JL Denly,AJ Strauss,WD Parnell,4,0,,,,,,,,,
415280,2009/10,2009-09-27,SuperSport Park,1,1.2,England,South Africa,JL Denly,AJ Strauss,WD Parnell,1,0,,,,,,,,,
415280,2009/10,2009-09-27,SuperSport Park,1,1.3,England,South Africa,AJ Strauss,JL Denly,WD Parnell,0,0,,,,,,,,,
415280,2009/10,2009-09-27,SuperSport Park,1,1.4,England,South Africa,AJ Strauss,JL Denly,WD Parnell,2,0,,,,,,,,,
415280,2009/10,2009-09-27,SuperSport Park,1,1.5,England,South Africa,AJ Strauss,JL Denly,WD Parnell,0,0,,,,,,,,,
415280,2009/10,2009-09-27,SuperSport Park,1,1.6,England,South Africa,AJ Strauss,JL Denly,WD Parnell,0,0,,,,,,,,,
415280,2009/10,2009-09-27,SuperSport Park,1,2.1,England,South Africa,JL Denly,AJ Strauss,DW Steyn,0,0,,,,,,,,,
415280,2009/10,2009-09-27,SuperSport Park,1,2.2,England,South Africa,JL Denly,AJ Strauss,DW Steyn,1,0,,,,,,,,,
415280,2009/10,2009-09-27,SuperSport Park,1,2.3,England,South Africa,AJ Strauss,JL Denly,DW Steyn,0,0,,,,,,,,,
415280,2009/10,2009-09-27,SuperSport Park,1,2.4,England,South Africa,AJ Strauss,JL Denly,DW Steyn,4,0,,,,,,,,,
415280,2009/10,2009-09-27,SuperSport Park,1,2.5,England,South Africa,AJ Strauss,JL Denly,DW Steyn,0,0,,,,,,,,,
415280,2009/10,2009-09-27,SuperSport Park,1,2.6,England,South Africa,AJ Strauss,JL Denly,DW Steyn,0,0,,,,,,,,,
415280,2009/10,2009-09-27,SuperSport Park,1,3.1,England,South Africa,JL Denly,AJ Strauss,WD Parnell,0,0,,,,,,,,,
415280,2009/10,2009-09-27,SuperSport Park,1,3.2,England,South Africa,JL Denly,AJ Strauss,WD Parnell,0,1,,,,1,,,,,
415280,2009/10,2009-09-27,SuperSport Park,1,3.3,England,South Africa,AJ Strauss,JL Denly,WD Parnell,0,0,,,,,,,,,
415280,2009/10,2009-09-27,SuperSport Park,1,3.4,England,South Africa,AJ Strauss,JL Denly,WD Parnell,4,0,,,,,,,,,
415280,2009/10,2009-09-27,SuperSport Park,1,3.5,England,South Africa,AJ Strauss,JL Denly,WD Parnell,1,0,,,,,,,,,
415280,2009/10,2009-09-27,SuperSport Park,1,3.6,England,South Africa,JL Denly,AJ Strauss,WD Parnell,0,0,,,,,,,,,
415280,2009/10,2009-09-27,SuperSport Park,1,4.1,England,South Africa,AJ Strauss,JL Denly,DW Steyn,4,0,,,,,,,,,
415280,2009/10,2009-09-27,SuperSport Park,1,4.2,England,South Africa,AJ Strauss,JL Denly,DW Steyn,0,0,,,,,,,,,
415280,2009/10,2009-09-27,SuperSport Park,1,4.3,England,South Africa,AJ Strauss,JL Denly,DW Steyn,0,0,,,,,,,,,
415280,2009/10,2009-09-27,SuperSport Park,1,4.4,England,South Africa,AJ Strauss,JL Denly,DW Steyn,0,0,,,,,,,,,
415280,2009/10,2009-09-27,SuperSport Park,1,4.5,England,South Africa,AJ Strauss,JL Denly,DW Steyn,0,0,,,,,,,,,
415280,2009/10,2009-09-27,SuperSport Park,1,4.6,England,South Africa,AJ Strauss,JL Denly,DW Steyn,0,0,,,,,,,,,
415280,2009/10,2009-09-27,SuperSport Park,1,5.1,England,South Africa,JL Denly,AJ Strauss,WD Parnell,0,0,,,,,,,,,
415280,2009/10,2009-09-27,SuperSport Park,1,5.2,England,South Africa,JL Denly,AJ Strauss,WD Parnell,4,0,,,,,,,,,
415280,2009/10,2009-09-27,SuperSport Park,1,5.3,England,South Africa,JL Denly,AJ Strauss,WD Parnell,0,0,,,,,,,,,
415280,2009/10,2009-09-27,SuperSport Park,1,5.4,England,South Africa,JL Denly,AJ Strauss,WD Parnell,0,0,,,,,,,,,
415280,2009/10,2009-09-27,SuperSport Park,1,5.5,England,South Africa,JL Denly,AJ Strauss,WD Parnell,0,0,,,,,,,,,
415280,2009/10,2009-09-27,SuperSport Park,1,5.6,England,South Africa,JL Denly,AJ Strauss,WD Parnell,3,0,,,,,,,,,
415280,2009/10,2009-09-27,SuperSport Park,1,6.1,England,South Africa,JL Denly,AJ Strauss,DW Steyn,1,0,,,,,,,,,
415280,2009/10,2009-09-27,SuperSport Park,1,6.2,England,South Africa,AJ Strauss,JL Denly,DW Steyn,0,0,,,,,,,,,
415280,2009/10,2009-09-27,SuperSport Park,1,6.3,England,South Africa,AJ Strauss,JL Denly,DW Steyn,0,0,,,,,,,,,
415280,2009/10,2009-09-27,SuperSport Park,1,6.4,England,South Africa,AJ Strauss,JL Denly,DW Steyn,0,0,,,,,,,,,
415280,2009/10,2009-09-27,SuperSport Park,1,6.5,England,South Africa,AJ Strauss,JL Denly,DW Steyn,0,0,,,,,,,,,
415280,2009/10,2009-09-27,SuperSport Park,1,6.6,England,South Africa,AJ Strauss,JL Denly,DW Steyn,0,0,,,,,,,,,
415280,2009/10,2009-09-27,SuperSport Park,1,7.1,England,South Africa,JL Denly,AJ Strauss,JH Kallis,0,0,,,,,,,,,
415280,2009/10,2009-09-27,SuperSport Park,1,7.2,England,South Africa,JL Denly,AJ Strauss,JH Kallis,0,0,,,,,,,,,
415280,2009/10,2009-09-27,SuperSport Park,1,7.3,England,South Africa,JL Denly,AJ Strauss,JH Kallis,0,0,,,,,,,,,
415280,2009/10,2009-09-27,SuperSport Park,1,7.4,England,South Africa,JL Denly,AJ Strauss,JH Kallis,4,0,,,,,,,,,
415280,2009/10,2009-09-27,SuperSport Park,1,7.5,England,South Africa,JL Denly,AJ Strauss,JH Kallis,1,0,,,,,,,,,
415280,2009/10,2009-09-27,SuperSport Park,1,7.6,England,South Africa,AJ Strauss,JL Denly,JH Kallis,1,0,,,,,,,,,
415280,2009/10,2009-09-27,SuperSport Park,1,8.1,England,South Africa,AJ Strauss,JL Denly,DW Steyn,4,0,,,,,,,,,
415280,2009/10,2009-09-27,SuperSport Park,1,8.2,England,South Africa,AJ Strauss,JL Denly,DW Steyn,0,0,,,,,,,,,
415280,2009/10,2009-09-27,SuperSport Park,1,8.3,England,South Africa,AJ Strauss,JL Denly,DW Steyn,0,0,,,,,,,,,
415280,2009/10,2009-09-27,SuperSport Park,1,8.4,England,South Africa,AJ Strauss,JL Denly,DW Steyn,0,0,,,,,,,,,
415280,2009/10,2009-09-27,SuperSport Park,1,8.5,England,South Africa,AJ Strauss,JL Denly,DW Steyn,0,0,,,,,,,,,
415280,2009/10,2009-09-27,SuperSport Park,1,8.6,England,South Africa,AJ Strauss,JL Denly,DW Steyn,0,0,,,,,,,,,
415280,2009/10,2009-09-27,SuperSport Park,1,9.1,England,South Africa,JL Denly,AJ Strauss,JH Kallis,0,0,,,,,,,,,
415280,2009/10,2009-09-27,SuperSport Park,1,9.2,England,South Africa,JL Denly,AJ Strauss,JH Kallis,0,1,1,,,,,,,,
415280,2009/10,2009-09-27,SuperSport Park,1,9.3,England,South Africa,JL Denly,AJ Strauss,JH Kallis,0,0,,,,,,,,,
415280,2009/10,2009-09-27,SuperSport Park,1,9.4,England,South Africa,JL Denly,AJ Strauss,JH Kallis,0,0,,,,,,,,,
415280,2009/10,2009-09-27,SuperSport Park,1,9.5,England,South Africa,JL Denly,AJ Strauss,JH Kallis,2,0,,,,,,,,,
415280,2009/10,2009-09-27,SuperSport Park,1,9.6,England,South Africa,JL Denly,AJ Strauss,JH Kallis,0,0,,,,,,,,,
415280,2009/10,2009-09-27,SuperSport Park,1,9.7,England,South Africa,JL Denly,AJ Strauss,JH Kallis,0,0,,,,,,caught,JL Denly,,
415280,2009/10,2009-09-27,SuperSport Park,1,10.1,England,South Africa,OA Shah,AJ Strauss,WD Parnell,0,0,,,,,,,,,
415280,2009/10,2009-09-27,SuperSport Park,1,10.2,England,South Africa,OA Shah,AJ Strauss,WD Parnell,0,0,,,,,,,,,
415280,2009/10,2009-09-27,SuperSport Park,1,10.3,England,South Africa,OA Shah,AJ Strauss,WD Parnell,0,0,,,,,,,,,
415280,2009/10,2009-09-27,SuperSport Park,1,10.4,England,South Africa,OA Shah,AJ Strauss,WD Parnell,0,0,,,,,,,,,
415280,2009/10,2009-09-27,SuperSport Park,1,10.5,England,South Africa,OA Shah,AJ Strauss,WD Parnell,0,0,,,,,,,,,
415280,2009/10,2009-09-27,SuperSport Park,1,10.6,England,South Africa,OA Shah,AJ Strauss,WD Parnell,1,0,,,,,,,,,
415280,2009/10,2009-09-27,SuperSport Park,1,11.1,England,South Africa,OA Shah,AJ Strauss,JA Morkel,0,0,,,,,,,,,
415280,2009/10,2009-09-27,SuperSport Park,1,11.2,England,South Africa,OA Shah,AJ Strauss,JA Morkel,6,0,,,,,,,,,
415280,2009/10,2009-09-27,SuperSport Park,1,11.3,England,South Africa,OA Shah,AJ Strauss,JA Morkel,2,0,,,,,,,,,
415280,2009/10,2009-09-27,SuperSport Park,1,11.4,England,South Africa,OA Shah,AJ Strauss,JA Morkel,1,0,,,,,,,,,
415280,2009/10,2009-09-27,SuperSport Park,1,11.5,England,South Africa,AJ Strauss,OA Shah,JA Morkel,1,0,,,,,,,,,
415280,2009/10,2009-09-27,SuperSport Park,1,11.6,England,South Africa,OA Shah,AJ Strauss,JA Morkel,0,0,,,,,,,,,
415280,2009/10,2009-09-27,SuperSport Park,1,12.1,England,South Africa,AJ Strauss,OA Shah,WD Parnell,0,0,,,,,,caught,AJ Strauss,,
415280,2009/10,2009-09-27,SuperSport Park,1,12.2,England,South Africa,PD Collingwood,OA Shah,WD Parnell,0,2,,,,2,,,,,
415280,2009/10,2009-09-27,SuperSport Park,1,12.3,England,South Africa,PD Collingwood,OA Shah,WD Parnell,0,0,,,,,,,,,
415280,2009/10,2009-09-27,SuperSport Park,1,12.4,England,South Africa,PD Collingwood,OA Shah,WD Parnell,0,0,,,,,,,,,
415280,2009/10,2009-09-27,SuperSport Park,1,12.5,England,South Africa,PD Collingwood,OA Shah,WD Parnell,0,0,,,,,,,,,
415280,2009/10,2009-09-27,SuperSport Park,1,12.6,England,South Africa,PD Collingwood,OA Shah,WD Parnell,0,0,,,,,,,,,
415280,2009/10,2009-09-27,SuperSport Park,1,13.1,England,South Africa,OA Shah,PD Collingwood,JA Morkel,1,0,,,,,,,,,
415280,2009/10,2009-09-27,SuperSport Park,1,13.2,England,South Africa,PD Collingwood,OA Shah,JA Morkel,1,0,,,,,,,,,
415280,2009/10,2009-09-27,SuperSport Park,1,13.3,England,South Africa,OA Shah,PD Collingwood,JA Morkel,0,0,,,,,,,,,
415280,2009/10,2009-09-27,SuperSport Park,1,13.4,England,South Africa,OA Shah,PD Collingwood,JA Morkel,4,0,,,,,,,,,
415280,2009/10,2009-09-27,SuperSport Park,1,13.5,England,South Africa,OA Shah,PD Collingwood,JA Morkel,0,0,,,,,,,,,
415280,2009/10,2009-09-27,SuperSport Park,1,13.6,England,South Africa,OA Shah,PD Collingwood,JA Morkel,1,0,,,,,,,,,
415280,2009/10,2009-09-27,SuperSport Park,1,14.1,England,South Africa,OA Shah,PD Collingwood,WD Parnell,0,0,,,,,,,,,
415280,2009/10,2009-09-27,SuperSport Park,1,14.2,England,South Africa,OA Shah,PD Collingwood,WD Parnell,0,0,,,,,,,,,
415280,2009/10,2009-09-27,SuperSport Park,1,14.3,England,South Africa,OA Shah,PD Collingwood,WD Parnell,0,0,,,,,,,,,
415280,2009/10,2009-09-27,SuperSport Park,1,14.4,England,South Africa,OA Shah,PD Collingwood,WD Parnell,0,0,,,,,,,,,
415280,2009/10,2009-09-27,SuperSport Park,1,14.5,England,South Africa,OA Shah,PD Collingwood,WD Parnell,0,0,,,,,,,,,
415280,2009/10,2009-09-27,SuperSport Park,1,14.6,England,South Africa,OA Shah,PD Collingwood,WD Parnell,0,0,,,,,,,,,
415280,2009/10,2009-09-27,SuperSport Park,1,15.1,England,South Africa,PD Collingwood,OA Shah,RE van der Merwe,1,0,,,,,,,,,
415280,2009/10,2009-09-27,SuperSport Park,1,15.2,England,South Africa,OA Shah,PD Collingwood,RE van der Merwe,0,0,,,,,,,,,
415280,2009/10,2009-09-27,SuperSport Park,1,15.3,England,South Africa,OA Shah,PD Collingwood,RE van der Merwe,2,0,,,,,,,,,
415280,2009/10,2009-09-27,SuperSport Park,1,15.4,England,South Africa,OA Shah,PD Collingwood,RE van der Merwe,2,0,,,,,,,,,
415280,2009/10,2009-09-27,SuperSport Park,1,15.5,England,South Africa,OA Shah,PD Collingwood,RE van der Merwe,0,0,,,,,,,,,
415280,2009/10,2009-09-27,SuperSport Park,1,15.6,England,South Africa,OA Shah,PD Collingwood,RE van der Merwe,0,0,,,,,,,,,
415280,2009/10,2009-09-27,SuperSport Park,1,16.1,England,South Africa,PD Collingwood,OA Shah,J Botha,1,0,,,,,,,,,
415280,2009/10,2009-09-27,SuperSport Park,1,16.2,England,South Africa,OA Shah,PD Collingwood,J Botha,0,0,,,,,,,,,
415280,2009/10,2009-09-27,SuperSport Park,1,16.3,England,South Africa,OA Shah,PD Collingwood,J Botha,0,0,,,,,,,,,
415280,2009/10,2009-09-27,SuperSport Park,1,16.4,England,South Africa,OA Shah,PD Collingwood,J Botha,1,0,,,,,,,,,
415280,2009/10,2009-09-27,SuperSport Park,1,16.5,England,South Africa,PD Collingwood,OA Shah,J Botha,2,0,,,,,,,,,
415280,2009/10,2009-09-27,SuperSport Park,1,16.6,England,South Africa,PD Collingwood,OA Shah,J Botha,1,0,,,,,,,,,
415280,2009/10,2009-09-27,SuperSport Park,1,17.1,England,South Africa,PD Collingwood,OA Shah,RE van der Merwe,1,0,,,,,,,,,
415280,2009/10,2009-09-27,SuperSport Park,1,17.2,England,South Africa,OA Shah,PD Collingwood,RE van der Merwe,1,0,,,,,,,,,
415280,2009/10,2009-09-27,SuperSport Park,1,17.3,England,South Africa,PD Collingwood,OA Shah,RE van der Merwe,1,0,,,,,,,,,
415280,2009/10,2009-09-27,SuperSport Park,1,17.4,England,South Africa,OA Shah,PD Collingwood,RE van der Merwe,0,0,,,,,,,,,
415280,2009/10,2009-09-27,SuperSport Park,1,17.5,England,South Africa,OA Shah,PD Collingwood,RE van der Merwe,0,0,,,,,,,,,
415280,2009/10,2009-09-27,SuperSport Park,1,17.6,England,South Africa,OA Shah,PD Collingwood,RE van der Merwe,0,0,,,,,,,,,
415280,2009/10,2009-09-27,SuperSport Park,1,18.1,England,South Africa,PD Collingwood,OA Shah,J Botha,1,0,,,,,,,,,
415280,2009/10,2009-09-27,SuperSport Park,1,18.2,England,South Africa,OA Shah,PD Collingwood,J Botha,1,0,,,,,,,,,
415280,2009/10,2009-09-27,SuperSport Park,1,18.3,England,South Africa,PD Collingwood,OA Shah,J Botha,0,0,,,,,,,,,
415280,2009/10,2009-09-27,SuperSport Park,1,18.4,England,South Africa,PD Collingwood,OA Shah,J Botha,0,0,,,,,,,,,
415280,2009/10,2009-09-27,SuperSport Park,1,18.5,England,South Africa,PD Collingwood,OA Shah,J Botha,0,0,,,,,,,,,
415280,2009/10,2009-09-27,SuperSport Park,1,18.6,England,South Africa,PD Collingwood,OA Shah,J Botha,1,0,,,,,,,,,
415280,2009/10,2009-09-27,SuperSport Park,1,19.1,England,South Africa,PD Collingwood,OA Shah,RE van der Merwe,1,0,,,,,,,,,
415280,2009/10,2009-09-27,SuperSport Park,1,19.2,England,South Africa,OA Shah,PD Collingwood,RE van der Merwe,1,0,,,,,,,,,
415280,2009/10,2009-09-27,SuperSport Park,1,19.3,England,South Africa,PD Collingwood,OA Shah,RE van der Merwe,1,0,,,,,,,,,
415280,2009/10,2009-09-27,SuperSport Park,1,19.4,England,South Africa,OA Shah,PD Collingwood,RE van der Merwe,1,0,,,,,,,,,
415280,2009/10,2009-09-27,SuperSport Park,1,19.5,England,South Africa,PD Collingwood,OA Shah,RE van der Merwe,0,1,1,,,,,,,,
415280,2009/10,2009-09-27,SuperSport Park,1,19.6,England,South Africa,PD Collingwood,OA Shah,RE van der Merwe,0,0,,,,,,,,,
415280,2009/10,2009-09-27,SuperSport Park,1,19.7,England,South Africa,PD Collingwood,OA Shah,RE van der Merwe,4,0,,,,,,,,,
415280,2009/10,2009-09-27,SuperSport Park,1,20.1,England,South Africa,OA Shah,PD Collingwood,J Botha,0,0,,,,,,,,,
415280,2009/10,2009-09-27,SuperSport Park,1,20.2,England,South Africa,OA Shah,PD Collingwood,J Botha,4,0,,,,,,,,,
415280,2009/10,2009-09-27,SuperSport Park,1,20.3,England,South Africa,OA Shah,PD Collingwood,J Botha,1,0,,,,,,,,,
415280,2009/10,2009-09-27,SuperSport Park,1,20.4,England,South Africa,PD Collingwood,OA Shah,J Botha,1,0,,,,,,,,,
415280,2009/10,2009-09-27,SuperSport Park,1,20.5,England,South Africa,OA Shah,PD Collingwood,J Botha,0,0,,,,,,,,,
415280,2009/10,2009-09-27,SuperSport Park,1,20.6,England,South Africa,OA Shah,PD Collingwood,J Botha,0,0,,,,,,,,,
415280,2009/10,2009-09-27,SuperSport Park,1,21.1,England,South Africa,PD Collingwood,OA Shah,JA Morkel,0,0,,,,,,,,,
415280,2009/10,2009-09-27,SuperSport Park,1,21.2,England,South Africa,PD Collingwood,OA Shah,JA Morkel,1,0,,,,,,,,,
415280,2009/10,2009-09-27,SuperSport Park,1,21.3,England,South Africa,OA Shah,PD Collingwood,JA Morkel,0,1,1,,,,,,,,
415280,2009/10,2009-09-27,SuperSport Park,1,21.4,England,South Africa,OA Shah,PD Collingwood,JA Morkel,1,0,,,,,,,,,
415280,2009/10,2009-09-27,SuperSport Park,1,21.5,England,South Africa,PD Collingwood,OA Shah,JA Morkel,2,0,,,,,,,,,
415280,2009/10,2009-09-27,SuperSport Park,1,21.6,England,South Africa,PD Collingwood,OA Shah,JA Morkel,0,0,,,,,,,,,
415280,2009/10,2009-09-27,SuperSport Park,1,21.7,England,South Africa,PD Collingwood,OA Shah,JA Morkel,0,0,,,,,,,,,
415280,2009/10,2009-09-27,SuperSport Park,1,22.1,England,South Africa,OA Shah,PD Collingwood,J Botha,1,0,,,,,,,,,
415280,2009/10,2009-09-27,SuperSport Park,1,22.2,England,South Africa,PD Collingwood,OA Shah,J Botha,4,0,,,,,,,,,
415280,2009/10,2009-09-27,SuperSport Park,1,22.3,England,South Africa,PD Collingwood,OA Shah,J Botha,0,0,,,,,,,,,
415280,2009/10,2009-09-27,SuperSport Park,1,22.4,England,South Africa,PD Collingwood,OA Shah,J Botha,0,0,,,,,,,,,
415280,2009/10,2009-09-27,SuperSport Park,1,22.5,England,South Africa,PD Collingwood,OA Shah,J Botha,0,0,,,,,,,,,
415280,2009/10,2009-09-27,SuperSport Park,1,22.6,England,South Africa,PD Collingwood,OA Shah,J Botha,1,0,,,,,,,,,
415280,2009/10,2009-09-27,SuperSport Park,1,23.1,England,South Africa,PD Collingwood,OA Shah,JA Morkel,1,0,,,,,,,,,
415280,2009/10,2009-09-27,SuperSport Park,1,23.2,England,South Africa,OA Shah,PD Collingwood,JA Morkel,0,0,,,,,,,,,
415280,2009/10,2009-09-27,SuperSport Park,1,23.3,England,South Africa,OA Shah,PD Collingwood,JA Morkel,1,0,,,,,,,,,
415280,2009/10,2009-09-27,SuperSport Park,1,23.4,England,South Africa,PD Collingwood,OA Shah,JA Morkel,1,0,,,,,,,,,
415280,2009/10,2009-09-27,SuperSport Park,1,23.5,England,South Africa,OA Shah,PD Collingwood,JA Morkel,0,1,,1,,,,,,,
415280,2009/10,2009-09-27,SuperSport Park,1,23.6,England,South Africa,OA Shah,PD Collingwood,JA Morkel,1,0,,,,,,,,,
415280,2009/10,2009-09-27,SuperSport Park,1,23.7,England,South Africa,PD Collingwood,OA Shah,JA Morkel,4,0,,,,,,,,,
415280,2009/10,2009-09-27,SuperSport Park,1,24.1,England,South Africa,OA Shah,PD Collingwood,RE van der Merwe,1,0,,,,,,,,,
415280,2009/10,2009-09-27,SuperSport Park,1,24.2,England,South Africa,PD Collingwood,OA Shah,RE van der Merwe,1,0,,,,,,,,,
415280,2009/10,2009-09-27,SuperSport Park,1,24.3,England,South Africa,OA Shah,PD Collingwood,RE van der Merwe,0,0,,,,,,,,,
415280,2009/10,2009-09-27,SuperSport Park,1,24.4,England,South Africa,OA Shah,PD Collingwood,RE van der Merwe,1,0,,,,,,,,,
415280,2009/10,2009-09-27,SuperSport Park,1,24.5,England,South Africa,PD Collingwood,OA Shah,RE van der Merwe,1,0,,,,,,,,,
415280,2009/10,2009-09-27,SuperSport Park,1,24.6,England,South Africa,OA Shah,PD Collingwood,RE van der Merwe,1,0,,,,,,,,,
415280,2009/10,2009-09-27,SuperSport Park,1,25.1,England,South Africa,OA Shah,PD Collingwood,JH Kallis,1,0,,,,,,,,,
415280,2009/10,2009-09-27,SuperSport Park,1,25.2,England,South Africa,PD Collingwood,OA Shah,JH Kallis,0,0,,,,,,,,,
415280,2009/10,2009-09-27,SuperSport Park,1,25.3,England,South Africa,PD Collingwood,OA Shah,JH Kallis,1,0,,,,,,,,,
415280,2009/10,2009-09-27,SuperSport Park,1,25.4,England,South Africa,OA Shah,PD Collingwood,JH Kallis,1,0,,,,,,,,,
415280,2009/10,2009-09-27,SuperSport Park,1,25.5,England,South Africa,PD Collingwood,OA Shah,JH Kallis,1,0,,,,,,,,,
415280,2009/10,2009-09-27,SuperSport Park,1,25.6,England,South Africa,OA Shah,PD Collingwood,JH Kallis,1,0,,,,,,,,,
415280,2009/10,2009-09-27,SuperSport Park,1,26.1,England,South Africa,OA Shah,PD Collingwood,JP Duminy,1,0,,,,,,,,,
415280,2009/10,2009-09-27,SuperSport Park,1,26.2,England,South Africa,PD Collingwood,OA Shah,JP Duminy,0,0,,,,,,,,,
415280,2009/10,2009-09-27,SuperSport Park,1,26.3,England,South Africa,PD Collingwood,OA Shah,JP Duminy,1,0,,,,,,,,,
415280,2009/10,2009-09-27,SuperSport Park,1,26.4,England,South Africa,OA Shah,PD Collingwood,JP Duminy,1,0,,,,,,,,,
415280,2009/10,2009-09-27,SuperSport Park,1,26.5,England,South Africa,PD Collingwood,OA Shah,JP Duminy,0,0,,,,,,,,,
415280,2009/10,2009-09-27,SuperSport Park,1,26.6,England,South Africa,PD Collingwood,OA Shah,JP Duminy,0,0,,,,,,,,,
415280,2009/10,2009-09-27,SuperSport Park,1,27.1,England,South Africa,OA Shah,PD Collingwood,RE van der Merwe,0,0,,,,,,,,,
415280,2009/10,2009-09-27,SuperSport Park,1,27.2,England,South Africa,OA Shah,PD Collingwood,RE van der Merwe,1,0,,,,,,,,,
415280,2009/10,2009-09-27,SuperSport Park,1,27.3,England,South Africa,PD Collingwood,OA Shah,RE van der Merwe,4,0,,,,,,,,,
415280,2009/10,2009-09-27,SuperSport Park,1,27.4,England,South Africa,PD Collingwood,OA Shah,RE van der Merwe,1,0,,,,,,,,,
415280,2009/10,2009-09-27,SuperSport Park,1,27.5,England,South Africa,OA Shah,PD Collingwood,RE van der Merwe,0,0,,,,,,,,,
415280,2009/10,2009-09-27,SuperSport Park,1,27.6,England,South Africa,OA Shah,PD Collingwood,RE van der Merwe,2,0,,,,,,,,,
415280,2009/10,2009-09-27,SuperSport Park,1,28.1,England,South Africa,PD Collingwood,OA Shah,JP Duminy,0,0,,,,,,,,,
415280,2009/10,2009-09-27,SuperSport Park,1,28.2,England,South Africa,PD Collingwood,OA Shah,JP Duminy,0,0,,,,,,,,,
415280,2009/10,2009-09-27,SuperSport Park,1,28.3,England,South Africa,PD Collingwood,OA Shah,JP Duminy,0,0,,,,,,,,,
415280,2009/10,2009-09-27,SuperSport Park,1,28.4,England,South Africa,PD Collingwood,OA Shah,JP Duminy,1,0,,,,,,,,,
415280,2009/10,2009-09-27,SuperSport Park,1,28.5,England,South Africa,OA Shah,PD Collingwood,JP Duminy,4,0,,,,,,,,,
415280,2009/10,2009-09-27,SuperSport Park,1,28.6,England,South Africa,OA Shah,PD Collingwood,JP Duminy,1,0,,,,,,,,,
415280,2009/10,2009-09-27,SuperSport Park,1,29.1,England,South Africa,OA Shah,PD Collingwood,RE van der Merwe,1,0,,,,,,,,,
415280,2009/10,2009-09-27,SuperSport Park,1,29.2,England,South Africa,PD Collingwood,OA Shah,RE van der Merwe,0,1,1,,,,,,,,
415280,2009/10,2009-09-27,SuperSport Park,1,29.3,England,South Africa,PD Collingwood,OA Shah,RE van der Merwe,6,0,,,,,,,,,
415280,2009/10,2009-09-27,SuperSport Park,1,29.4,England,South Africa,PD Collingwood,OA Shah,RE van der Merwe,0,0,,,,,,,,,
415280,2009/10,2009-09-27,SuperSport Park,1,29.5,England,South Africa,PD Collingwood,OA Shah,RE van der Merwe,0,0,,,,,,,,,
415280,2009/10,2009-09-27,SuperSport Park,1,29.6,England,South Africa,PD Collingwood,OA Shah,RE van der Merwe,1,0,,,,,,,,,
415280,2009/10,2009-09-27,SuperSport Park,1,29.7,England,South Africa,OA Shah,PD Collingwood,RE van der Merwe,1,0,,,,,,,,,
415280,2009/10,2009-09-27,SuperSport Park,1,30.1,England,South Africa,OA Shah,PD Collingwood,JP Duminy,1,0,,,,,,,,,
415280,2009/10,2009-09-27,SuperSport Park,1,30.2,England,South Africa,PD Collingwood,OA Shah,JP Duminy,0,0,,,,,,,,,
415280,2009/10,2009-09-27,SuperSport Park,1,30.3,England,South Africa,PD Collingwood,OA Shah,JP Duminy,1,0,,,,,,,,,
415280,2009/10,2009-09-27,SuperSport Park,1,30.4,England,South Africa,OA Shah,PD Collingwood,JP Duminy,0,0,,,,,,,,,
415280,2009/10,2009-09-27,SuperSport Park,1,30.5,England,South Africa,OA Shah,PD Collingwood,JP Duminy,0,0,,,,,,,,,
415280,2009/10,2009-09-27,SuperSport Park,1,30.6,England,South Africa,OA Shah,PD Collingwood,JP Duminy,6,0,,,,,,,,,
415280,2009/10,2009-09-27,SuperSport Park,1,31.1,England,South Africa,PD Collingwood,OA Shah,RE van der Merwe,0,0,,,,,,,,,
415280,2009/10,2009-09-27,SuperSport Park,1,31.2,England,South Africa,PD Collingwood,OA Shah,RE van der Merwe,1,0,,,,,,,,,
415280,2009/10,2009-09-27,SuperSport Park,1,31.3,England,South Africa,OA Shah,PD Collingwood,RE van der Merwe,0,0,,,,,,,,,
415280,2009/10,2009-09-27,SuperSport Park,1,31.4,England,South Africa,OA Shah,PD Collingwood,RE van der Merwe,6,0,,,,,,,,,
415280,2009/10,2009-09-27,SuperSport Park,1,31.5,England,South Africa,OA Shah,PD Collingwood,RE van der Merwe,1,0,,,,,,,,,
415280,2009/10,2009-09-27,SuperSport Park,1,31.6,England,South Africa,PD Collingwood,OA Shah,RE van der Merwe,1,0,,,,,,,,,
415280,2009/10,2009-09-27,SuperSport Park,1,32.1,England,South Africa,PD Collingwood,OA Shah,J Botha,4,0,,,,,,,,,
415280,2009/10,2009-09-27,SuperSport Park,1,32.2,England,South Africa,PD Collingwood,OA Shah,J Botha,0,0,,,,,,,,,
415280,2009/10,2009-09-27,SuperSport Park,1,32.3,England,South Africa,PD Collingwood,OA Shah,J Botha,1,0,,,,,,,,,
415280,2009/10,2009-09-27,SuperSport Park,1,32.4,England,South Africa,OA Shah,PD Collingwood,J Botha,4,0,,,,,,,,,
415280,2009/10,2009-09-27,SuperSport Park,1,32.5,England,South Africa,OA Shah,PD Collingwood,J Botha,1,0,,,,,,,,,
415280,2009/10,2009-09-27,SuperSport Park,1,32.6,England,South Africa,PD Collingwood,OA Shah,J Botha,1,0,,,,,,,,,
415280,2009/10,2009-09-27,SuperSport Park,1,33.1,England,South Africa,PD Collingwood,OA Shah,RE van der Merwe,0,0,,,,,,,,,
415280,2009/10,2009-09-27,SuperSport Park,1,33.2,England,South Africa,PD Collingwood,OA Shah,RE van der Merwe,0,0,,,,,,,,,
415280,2009/10,2009-09-27,SuperSport Park,1,33.3,England,South Africa,PD Collingwood,OA Shah,RE van der Merwe,1,0,,,,,,,,,
415280,2009/10,2009-09-27,SuperSport Park,1,33.4,England,South Africa,OA Shah,PD Collingwood,RE van der Merwe,1,0,,,,,,,,,
415280,2009/10,2009-09-27,SuperSport Park,1,33.5,England,South Africa,PD Collingwood,OA Shah,RE van der Merwe,1,0,,,,,,,,,
415280,2009/10,2009-09-27,SuperSport Park,1,33.6,England,South Africa,OA Shah,PD Collingwood,RE van der Merwe,6,0,,,,,,,,,
415280,2009/10,2009-09-27,SuperSport Park,1,34.1,England,South Africa,PD Collingwood,OA Shah,JA Morkel,1,0,,,,,,,,,
415280,2009/10,2009-09-27,SuperSport Park,1,34.2,England,South Africa,OA Shah,PD Collingwood,JA Morkel,0,0,,,,,,,,,
415280,2009/10,2009-09-27,SuperSport Park,1,34.3,England,South Africa,OA Shah,PD Collingwood,JA Morkel,6,0,,,,,,,,,
415280,2009/10,2009-09-27,SuperSport Park,1,34.4,England,South Africa,OA Shah,PD Collingwood,JA Morkel,0,0,,,,,,,,,
415280,2009/10,2009-09-27,SuperSport Park,1,34.5,England,South Africa,OA Shah,PD Collingwood,JA Morkel,1,0,,,,,,,,,
415280,2009/10,2009-09-27,SuperSport Park,1,34.6,England,South Africa,PD Collingwood,OA Shah,JA Morkel,2,0,,,,,,,,,
415280,2009/10,2009-09-27,SuperSport Park,1,35.1,England,South Africa,OA Shah,PD Collingwood,DW Steyn,6,0,,,,,,,,,
415280,2009/10,2009-09-27,SuperSport Park,1,35.2,England,South Africa,OA Shah,PD Collingwood,DW Steyn,4,0,,,,,,,,,
415280,2009/10,2009-09-27,SuperSport Park,1,35.3,England,South Africa,OA Shah,PD Collingwood,DW Steyn,0,0,,,,,,,,,
415280,2009/10,2009-09-27,SuperSport Park,1,35.4,England,South Africa,OA Shah,PD Collingwood,DW Steyn,1,0,,,,,,,,,
415280,2009/10,2009-09-27,SuperSport Park,1,35.5,England,South Africa,PD Collingwood,OA Shah,DW Steyn,0,0,,,,,,,,,
415280,2009/10,2009-09-27,SuperSport Park,1,35.6,England,South Africa,PD Collingwood,OA Shah,DW Steyn,2,0,,,,,,,,,
415280,2009/10,2009-09-27,SuperSport Park,1,36.1,England,South Africa,OA Shah,PD Collingwood,JA Morkel,0,0,,,,,,,,,
415280,2009/10,2009-09-27,SuperSport Park,1,36.2,England,South Africa,OA Shah,PD Collingwood,JA Morkel,1,0,,,,,,,,,
415280,2009/10,2009-09-27,SuperSport Park,1,36.3,England,South Africa,PD Collingwood,OA Shah,JA Morkel,1,0,,,,,,,,,
415280,2009/10,2009-09-27,SuperSport Park,1,36.4,England,South Africa,OA Shah,PD Collingwood,JA Morkel,1,0,,,,,,,,,
415280,2009/10,2009-09-27,SuperSport Park,1,36.5,England,South Africa,PD Collingwood,OA Shah,JA Morkel,1,0,,,,,,,,,
415280,2009/10,2009-09-27,SuperSport Park,1,36.6,England,South Africa,OA Shah,PD Collingwood,JA Morkel,0,0,,,,,,,,,
415280,2009/10,2009-09-27,SuperSport Park,1,37.1,England,South Africa,PD Collingwood,OA Shah,DW Steyn,0,0,,,,,,,,,
415280,2009/10,2009-09-27,SuperSport Park,1,37.2,England,South Africa,PD Collingwood,OA Shah,DW Steyn,0,0,,,,,,,,,
415280,2009/10,2009-09-27,SuperSport Park,1,37.3,England,South Africa,PD Collingwood,OA Shah,DW Steyn,0,0,,,,,,,,,
415280,2009/10,2009-09-27,SuperSport Park,1,37.4,England,South Africa,PD Collingwood,OA Shah,DW Steyn,0,0,,,,,,,,,
415280,2009/10,2009-09-27,SuperSport Park,1,37.5,England,South Africa,PD Collingwood,OA Shah,DW Steyn,0,0,,,,,,,,,
415280,2009/10,2009-09-27,SuperSport Park,1,37.6,England,South Africa,PD Collingwood,OA Shah,DW Steyn,1,0,,,,,,,,,
415280,2009/10,2009-09-27,SuperSport Park,1,38.1,England,South Africa,PD Collingwood,OA Shah,J Botha,1,0,,,,,,,,,
415280,2009/10,2009-09-27,SuperSport Park,1,38.2,England,South Africa,OA Shah,PD Collingwood,J Botha,0,0,,,,,,caught,OA Shah,,
415280,2009/10,2009-09-27,SuperSport Park,1,38.3,England,South Africa,EJG Morgan,PD Collingwood,J Botha,0,0,,,,,,,,,
415280,2009/10,2009-09-27,SuperSport Park,1,38.4,England,South Africa,EJG Morgan,PD Collingwood,J Botha,0,0,,,,,,,,,
415280,2009/10,2009-09-27,SuperSport Park,1,38.5,England,South Africa,EJG Morgan,PD Collingwood,J Botha,0,0,,,,,,,,,
415280,2009/10,2009-09-27,SuperSport Park,1,38.6,England,South Africa,EJG Morgan,PD Collingwood,J Botha,0,0,,,,,,,,,
415280,2009/10,2009-09-27,SuperSport Park,1,39.1,England,South Africa,PD Collingwood,EJG Morgan,RE van der Merwe,1,0,,,,,,,,,
415280,2009/10,2009-09-27,SuperSport Park,1,39.2,England,South Africa,EJG Morgan,PD Collingwood,RE van der Merwe,4,0,,,,,,,,,
415280,2009/10,2009-09-27,SuperSport Park,1,39.3,England,South Africa,EJG Morgan,PD Collingwood,RE van der Merwe,1,0,,,,,,,,,
415280,2009/10,2009-09-27,SuperSport Park,1,39.4,England,South Africa,PD Collingwood,EJG Morgan,RE van der Merwe,0,0,,,,,,,,,
415280,2009/10,2009-09-27,SuperSport Park,1,39.5,England,South Africa,PD Collingwood,EJG Morgan,RE van der Merwe,1,0,,,,,,,,,
415280,2009/10,2009-09-27,SuperSport Park,1,39.6,England,South Africa,EJG Morgan,PD Collingwood,RE van der Merwe,2,0,,,,,,,,,
415280,2009/10,2009-09-27,SuperSport Park,1,40.1,England,South Africa,PD Collingwood,EJG Morgan,J Botha,1,0,,,,,,,,,
415280,2009/10,2009-09-27,SuperSport Park,1,40.2,England,South Africa,EJG Morgan,PD Collingwood,J Botha,6,0,,,,,,,,,
415280,2009/10,2009-09-27,SuperSport Park,1,40.3,England,South Africa,EJG Morgan,PD Collingwood,J Botha,2,0,,,,,,,,,
415280,2009/10,2009-09-27,SuperSport Park,1,40.4,England,South Africa,EJG Morgan,PD Collingwood,J Botha,1,0,,,,,,,,,
415280,2009/10,2009-09-27,SuperSport Park,1,40.5,England,South Africa,PD Collingwood,EJG Morgan,J Botha,2,0,,,,,,,,,
415280,2009/10,2009-09-27,SuperSport Park,1,40.6,England,South Africa,PD Collingwood,EJG Morgan,J Botha,0,0,,,,,,,,,
415280,2009/10,2009-09-27,SuperSport Park,1,41.1,England,South Africa,EJG Morgan,PD Collingwood,WD Parnell,1,0,,,,,,,,,
415280,2009/10,2009-09-27,SuperSport Park,1,41.2,England,South Africa,PD Collingwood,EJG Morgan,WD Parnell,0,0,,,,,,,,,
415280,2009/10,2009-09-27,SuperSport Park,1,41.3,England,South Africa,PD Collingwood,EJG Morgan,WD Parnell,4,0,,,,,,,,,
415280,2009/10,2009-09-27,SuperSport Park,1,41.4,England,South Africa,PD Collingwood,EJG Morgan,WD Parnell,0,0,,,,,,,,,
415280,2009/10,2009-09-27,SuperSport Park,1,41.5,England,South Africa,PD Collingwood,EJG Morgan,WD Parnell,1,0,,,,,,,,,
415280,2009/10,2009-09-27,SuperSport Park,1,41.6,England,South Africa,EJG Morgan,PD Collingwood,WD Parnell,4,0,,,,,,,,,
415280,2009/10,2009-09-27,SuperSport Park,1,42.1,England,South Africa,PD Collingwood,EJG Morgan,DW Steyn,1,0,,,,,,,,,
415280,2009/10,2009-09-27,SuperSport Park,1,42.2,England,South Africa,EJG Morgan,PD Collingwood,DW Steyn,4,0,,,,,,,,,
415280,2009/10,2009-09-27,SuperSport Park,1,42.3,England,South Africa,EJG Morgan,PD Collingwood,DW Steyn,1,0,,,,,,,,,
415280,2009/10,2009-09-27,SuperSport Park,1,42.4,England,South Africa,PD Collingwood,EJG Morgan,DW Steyn,1,0,,,,,,,,,
415280,2009/10,2009-09-27,SuperSport Park,1,42.5,England,South Africa,EJG Morgan,PD Collingwood,DW Steyn,1,0,,,,,,,,,
415280,2009/10,2009-09-27,SuperSport Park,1,42.6,England,South Africa,PD Collingwood,EJG Morgan,DW Steyn,1,0,,,,,,,,,
415280,2009/10,2009-09-27,SuperSport Park,1,43.1,England,South Africa,PD Collingwood,EJG Morgan,WD Parnell,0,0,,,,,,bowled,PD Collingwood,,
415280,2009/10,2009-09-27,SuperSport Park,1,43.2,England,South Africa,LJ Wright,EJG Morgan,WD Parnell,1,0,,,,,,,,,
415280,2009/10,2009-09-27,SuperSport Park,1,43.3,England,South Africa,EJG Morgan,LJ Wright,WD Parnell,1,0,,,,,,,,,
415280,2009/10,2009-09-27,SuperSport Park,1,43.4,England,South Africa,LJ Wright,EJG Morgan,WD Parnell,0,0,,,,,,,,,
415280,2009/10,2009-09-27,SuperSport Park,1,43.5,England,South Africa,LJ Wright,EJG Morgan,WD Parnell,1,0,,,,,,,,,
415280,2009/10,2009-09-27,SuperSport Park,1,43.6,England,South Africa,EJG Morgan,LJ Wright,WD Parnell,1,0,,,,,,,,,
415280,2009/10,2009-09-27,SuperSport Park,1,44.1,England,South Africa,EJG Morgan,LJ Wright,DW Steyn,4,0,,,,,,,,,
415280,2009/10,2009-09-27,SuperSport Park,1,44.2,England,South Africa,EJG Morgan,LJ Wright,DW Steyn,6,0,,,,,,,,,
415280,2009/10,2009-09-27,SuperSport Park,1,44.3,England,South Africa,EJG Morgan,LJ Wright,DW Steyn,1,0,,,,,,,,,
415280,2009/10,2009-09-27,SuperSport Park,1,44.4,England,South Africa,LJ Wright,EJG Morgan,DW Steyn,0,0,,,,,,,,,
415280,2009/10,2009-09-27,SuperSport Park,1,44.5,England,South Africa,LJ Wright,EJG Morgan,DW Steyn,1,0,,,,,,,,,
415280,2009/10,2009-09-27,SuperSport Park,1,44.6,England,South Africa,EJG Morgan,LJ Wright,DW Steyn,1,0,,,,,,,,,
415280,2009/10,2009-09-27,SuperSport Park,1,45.1,England,South Africa,EJG Morgan,LJ Wright,WD Parnell,6,0,,,,,,,,,
415280,2009/10,2009-09-27,SuperSport Park,1,45.2,England,South Africa,EJG Morgan,LJ Wright,WD Parnell,1,0,,,,,,,,,
415280,2009/10,2009-09-27,SuperSport Park,1,45.3,England,South Africa,LJ Wright,EJG Morgan,WD Parnell,4,0,,,,,,,,,
415280,2009/10,2009-09-27,SuperSport Park,1,45.4,England,South Africa,LJ Wright,EJG Morgan,WD Parnell,1,0,,,,,,,,,
415280,2009/10,2009-09-27,SuperSport Park,1,45.5,England,South Africa,EJG Morgan,LJ Wright,WD Parnell,0,0,,,,,,,,,
415280,2009/10,2009-09-27,SuperSport Park,1,45.6,England,South Africa,EJG Morgan,LJ Wright,WD Parnell,0,0,,,,,,run out,LJ Wright,,
415280,2009/10,2009-09-27,SuperSport Park,1,46.1,England,South Africa,RS Bopara,EJG Morgan,J Botha,1,0,,,,,,,,,
415280,2009/10,2009-09-27,SuperSport Park,1,46.2,England,South Africa,EJG Morgan,RS Bopara,J Botha,2,0,,,,,,,,,
415280,2009/10,2009-09-27,SuperSport Park,1,46.3,England,South Africa,EJG Morgan,RS Bopara,J Botha,1,0,,,,,,,,,
415280,2009/10,2009-09-27,SuperSport Park,1,46.4,England,South Africa,RS Bopara,EJG Morgan,J Botha,0,0,,,,,,caught,RS Bopara,,
415280,2009/10,2009-09-27,SuperSport Park,1,46.5,England,South Africa,EJG Morgan,SCJ Broad,J Botha,0,1,,,,1,,,,,
415280,2009/10,2009-09-27,SuperSport Park,1,46.6,England,South Africa,SCJ Broad,EJG Morgan,J Botha,0,0,,,,,,,,,
415280,2009/10,2009-09-27,SuperSport Park,1,47.1,England,South Africa,EJG Morgan,SCJ Broad,WD Parnell,1,0,,,,,,,,,
415280,2009/10,2009-09-27,SuperSport Park,1,47.2,England,South Africa,SCJ Broad,EJG Morgan,WD Parnell,0,0,,,,,,bowled,SCJ Broad,,
415280,2009/10,2009-09-27,SuperSport Park,1,47.3,England,South Africa,GP Swann,EJG Morgan,WD Parnell,4,0,,,,,,,,,
415280,2009/10,2009-09-27,SuperSport Park,1,47.4,England,South Africa,GP Swann,EJG Morgan,WD Parnell,1,0,,,,,,,,,
415280,2009/10,2009-09-27,SuperSport Park,1,47.5,England,South Africa,EJG Morgan,GP Swann,WD Parnell,6,0,,,,,,,,,
415280,2009/10,2009-09-27,SuperSport Park,1,47.6,England,South Africa,EJG Morgan,GP Swann,WD Parnell,2,0,,,,,,,,,
415280,2009/10,2009-09-27,SuperSport Park,1,48.1,England,South Africa,GP Swann,EJG Morgan,J Botha,0,1,,,1,,,,,,
415280,2009/10,2009-09-27,SuperSport Park,1,48.2,England,South Africa,EJG Morgan,GP Swann,J Botha,6,0,,,,,,,,,
415280,2009/10,2009-09-27,SuperSport Park,1,48.3,England,South Africa,EJG Morgan,GP Swann,J Botha,1,0,,,,,,,,,
415280,2009/10,2009-09-27,SuperSport Park,1,48.4,England,South Africa,GP Swann,EJG Morgan,J Botha,0,0,,,,,,,,,
415280,2009/10,2009-09-27,SuperSport Park,1,48.5,England,South Africa,GP Swann,EJG Morgan,J Botha,0,0,,,,,,,,,
415280,2009/10,2009-09-27,SuperSport Park,1,48.6,England,South Africa,GP Swann,EJG Morgan,J Botha,1,0,,,,,,,,,
415280,2009/10,2009-09-27,SuperSport Park,1,49.1,England,South Africa,GP Swann,EJG Morgan,DW Steyn,1,0,,,,,,,,,
415280,2009/10,2009-09-27,SuperSport Park,1,49.2,England,South Africa,EJG Morgan,GP Swann,DW Steyn,0,0,,,,,,caught,EJG Morgan,,
415280,2009/10,2009-09-27,SuperSport Park,1,49.3,England,South Africa,JM Anderson,GP Swann,DW Steyn,1,0,,,,,,,,,
415280,2009/10,2009-09-27,SuperSport Park,1,49.4,England,South Africa,GP Swann,JM Anderson,DW Steyn,1,0,,,,,,,,,
415280,2009/10,2009-09-27,SuperSport Park,1,49.5,England,South Africa,JM Anderson,GP Swann,DW Steyn,1,0,,,,,,,,,
415280,2009/10,2009-09-27,SuperSport Park,1,49.6,England,South Africa,GP Swann,JM Anderson,DW Steyn,0,0,,,,,,,,,
415280,2009/10,2009-09-27,SuperSport Park,2,0.1,South Africa,England,GC Smith,HH Gibbs,JM Anderson,0,0,,,,,,,,,
415280,2009/10,2009-09-27,SuperSport Park,2,0.2,South Africa,England,GC Smith,HH Gibbs,JM Anderson,0,0,,,,,,,,,
415280,2009/10,2009-09-27,SuperSport Park,2,0.3,South Africa,England,GC Smith,HH Gibbs,JM Anderson,0,0,,,,,,,,,
415280,2009/10,2009-09-27,SuperSport Park,2,0.4,South Africa,England,GC Smith,HH Gibbs,JM Anderson,3,0,,,,,,,,,
415280,2009/10,2009-09-27,SuperSport Park,2,0.5,South Africa,England,HH Gibbs,GC Smith,JM Anderson,0,0,,,,,,,,,
415280,2009/10,2009-09-27,SuperSport Park,2,0.6,South Africa,England,HH Gibbs,GC Smith,JM Anderson,0,0,,,,,,,,,
415280,2009/10,2009-09-27,SuperSport Park,2,1.1,South Africa,England,GC Smith,HH Gibbs,G Onions,4,0,,,,,,,,,
415280,2009/10,2009-09-27,SuperSport Park,2,1.2,South Africa,England,GC Smith,HH Gibbs,G Onions,0,0,,,,,,,,,
415280,2009/10,2009-09-27,SuperSport Park,2,1.3,South Africa,England,GC Smith,HH Gibbs,G Onions,1,0,,,,,,,,,
415280,2009/10,2009-09-27,SuperSport Park,2,1.4,South Africa,England,HH Gibbs,GC Smith,G Onions,0,0,,,,,,,,,
415280,2009/10,2009-09-27,SuperSport Park,2,1.5,South Africa,England,HH Gibbs,GC Smith,G Onions,0,0,,,,,,,,,
415280,2009/10,2009-09-27,SuperSport Park,2,1.6,South Africa,England,HH Gibbs,GC Smith,G Onions,1,0,,,,,,,,,
415280,2009/10,2009-09-27,SuperSport Park,2,2.1,South Africa,England,HH Gibbs,GC Smith,JM Anderson,0,1,1,,,,,,,,
415280,2009/10,2009-09-27,SuperSport Park,2,2.2,South Africa,England,HH Gibbs,GC Smith,JM Anderson,4,0,,,,,,,,,
415280,2009/10,2009-09-27,SuperSport Park,2,2.3,South Africa,England,HH Gibbs,GC Smith,JM Anderson,0,0,,,,,,,,,
415280,2009/10,2009-09-27,SuperSport Park,2,2.4,South Africa,England,HH Gibbs,GC Smith,JM Anderson,0,0,,,,,,,,,
415280,2009/10,2009-09-27,SuperSport Park,2,2.5,South Africa,England,HH Gibbs,GC Smith,JM Anderson,0,0,,,,,,,,,
415280,2009/10,2009-09-27,SuperSport Park,2,2.6,South Africa,England,HH Gibbs,GC Smith,JM Anderson,0,0,,,,,,,,,
415280,2009/10,2009-09-27,SuperSport Park,2,2.7,South Africa,England,HH Gibbs,GC Smith,JM Anderson,0,0,,,,,,,,,
415280,2009/10,2009-09-27,SuperSport Park,2,3.1,South Africa,England,GC Smith,HH Gibbs,G Onions,4,0,,,,,,,,,
415280,2009/10,2009-09-27,SuperSport Park,2,3.2,South Africa,England,GC Smith,HH Gibbs,G Onions,0,1,,,,1,,,,,
415280,2009/10,2009-09-27,SuperSport Park,2,3.3,South Africa,England,HH Gibbs,GC Smith,G Onions,0,0,,,,,,,,,
415280,2009/10,2009-09-27,SuperSport Park,2,3.4,South Africa,England,HH Gibbs,GC Smith,G Onions,6,0,,,,,,,,,
415280,2009/10,2009-09-27,SuperSport Park,2,3.5,South Africa,England,HH Gibbs,GC Smith,G Onions,0,0,,,,,,,,,
415280,2009/10,2009-09-27,SuperSport Park,2,3.6,South Africa,England,HH Gibbs,GC Smith,G Onions,0,0,,,,,,,,,
415280,2009/10,2009-09-27,SuperSport Park,2,4.1,South Africa,England,GC Smith,HH Gibbs,JM Anderson,1,0,,,,,,,,,
415280,2009/10,2009-09-27,SuperSport Park,2,4.2,South Africa,England,HH Gibbs,GC Smith,JM Anderson,1,0,,,,,,,,,
415280,2009/10,2009-09-27,SuperSport Park,2,4.3,South Africa,England,GC Smith,HH Gibbs,JM Anderson,0,0,,,,,,,,,
415280,2009/10,2009-09-27,SuperSport Park,2,4.4,South Africa,England,GC Smith,HH Gibbs,JM Anderson,0,0,,,,,,,,,
415280,2009/10,2009-09-27,SuperSport Park,2,4.5,South Africa,England,GC Smith,HH Gibbs,JM Anderson,1,0,,,,,,,,,
415280,2009/10,2009-09-27,SuperSport Park,2,4.6,South Africa,England,HH Gibbs,GC Smith,JM Anderson,1,0,,,,,,,,,
415280,2009/10,2009-09-27,SuperSport Park,2,5.1,South Africa,England,HH Gibbs,GC Smith,G Onions,4,0,,,,,,,,,
415280,2009/10,2009-09-27,SuperSport Park,2,5.2,South Africa,England,HH Gibbs,GC Smith,G Onions,0,0,,,,,,,,,
415280,2009/10,2009-09-27,SuperSport Park,2,5.3,South Africa,England,HH Gibbs,GC Smith,G Onions,4,0,,,,,,,,,
415280,2009/10,2009-09-27,SuperSport Park,2,5.4,South Africa,England,HH Gibbs,GC Smith,G Onions,0,0,,,,,,,,,
415280,2009/10,2009-09-27,SuperSport Park,2,5.5,South Africa,England,HH Gibbs,GC Smith,G Onions,0,0,,,,,,,,,
415280,2009/10,2009-09-27,SuperSport Park,2,5.6,South Africa,England,HH Gibbs,GC Smith,G Onions,0,0,,,,,,,,,
415280,2009/10,2009-09-27,SuperSport Park,2,6.1,South Africa,England,GC Smith,HH Gibbs,JM Anderson,0,0,,,,,,,,,
415280,2009/10,2009-09-27,SuperSport Park,2,6.2,South Africa,England,GC Smith,HH Gibbs,JM Anderson,1,0,,,,,,,,,
415280,2009/10,2009-09-27,SuperSport Park,2,6.3,South Africa,England,HH Gibbs,GC Smith,JM Anderson,0,0,,,,,,,,,
415280,2009/10,2009-09-27,SuperSport Park,2,6.4,South Africa,England,HH Gibbs,GC Smith,JM Anderson,1,0,,,,,,,,,
415280,2009/10,2009-09-27,SuperSport Park,2,6.5,South Africa,England,GC Smith,HH Gibbs,JM Anderson,3,0,,,,,,,,,
415280,2009/10,2009-09-27,SuperSport Park,2,6.6,South Africa,England,HH Gibbs,GC Smith,JM Anderson,0,0,,,,,,caught,HH Gibbs,,
415280,2009/10,2009-09-27,SuperSport Park,2,7.1,South Africa,England,GC Smith,JH Kallis,SCJ Broad,0,0,,,,,,,,,
415280,2009/10,2009-09-27,SuperSport Park,2,7.2,South Africa,England,GC Smith,JH Kallis,SCJ Broad,0,0,,,,,,,,,
415280,2009/10,2009-09-27,SuperSport Park,2,7.3,South Africa,England,GC Smith,JH Kallis,SCJ Broad,0,0,,,,,,,,,
415280,2009/10,2009-09-27,SuperSport Park,2,7.4,South Africa,England,GC Smith,JH Kallis,SCJ Broad,1,0,,,,,,,,,
415280,2009/10,2009-09-27,SuperSport Park,2,7.5,South Africa,England,JH Kallis,GC Smith,SCJ Broad,1,0,,,,,,,,,
415280,2009/10,2009-09-27,SuperSport Park,2,7.6,South Africa,England,GC Smith,JH Kallis,SCJ Broad,4,0,,,,,,,,,
415280,2009/10,2009-09-27,SuperSport Park,2,8.1,South Africa,England,JH Kallis,GC Smith,JM Anderson,0,0,,,,,,,,,
415280,2009/10,2009-09-27,SuperSport Park,2,8.2,South Africa,England,JH Kallis,GC Smith,JM Anderson,1,0,,,,,,,,,
415280,2009/10,2009-09-27,SuperSport Park,2,8.3,South Africa,England,GC Smith,JH Kallis,JM Anderson,0,0,,,,,,,,,
415280,2009/10,2009-09-27,SuperSport Park,2,8.4,South Africa,England,GC Smith,JH Kallis,JM Anderson,1,0,,,,,,,,,
415280,2009/10,2009-09-27,SuperSport Park,2,8.5,South Africa,England,JH Kallis,GC Smith,JM Anderson,1,0,,,,,,,,,
415280,2009/10,2009-09-27,SuperSport Park,2,8.6,South Africa,England,GC Smith,JH Kallis,JM Anderson,0,0,,,,,,,,,
415280,2009/10,2009-09-27,SuperSport Park,2,9.1,South Africa,England,JH Kallis,GC Smith,SCJ Broad,0,0,,,,,,,,,
415280,2009/10,2009-09-27,SuperSport Park,2,9.2,South Africa,England,JH Kallis,GC Smith,SCJ Broad,0,0,,,,,,,,,
415280,2009/10,2009-09-27,SuperSport Park,2,9.3,South Africa,England,JH Kallis,GC Smith,SCJ Broad,0,0,,,,,,,,,
415280,2009/10,2009-09-27,SuperSport Park,2,9.4,South Africa,England,JH Kallis,GC Smith,SCJ Broad,0,0,,,,,,,,,
415280,2009/10,2009-09-27,SuperSport Park,2,9.5,South Africa,England,JH Kallis,GC Smith,SCJ Broad,4,0,,,,,,,,,
415280,2009/10,2009-09-27,SuperSport Park,2,9.6,South Africa,England,JH Kallis,GC Smith,SCJ Broad,0,0,,,,,,,,,
415280,2009/10,2009-09-27,SuperSport Park,2,10.1,South Africa,England,GC Smith,JH Kallis,JM Anderson,0,1,1,,,,,,,,
415280,2009/10,2009-09-27,SuperSport Park,2,10.2,South Africa,England,GC Smith,JH Kallis,JM Anderson,0,0,,,,,,,,,
415280,2009/10,2009-09-27,SuperSport Park,2,10.3,South Africa,England,GC Smith,JH Kallis,JM Anderson,0,0,,,,,,,,,
415280,2009/10,2009-09-27,SuperSport Park,2,10.4,South Africa,England,GC Smith,JH Kallis,JM Anderson,1,0,,,,,,,,,
415280,2009/10,2009-09-27,SuperSport Park,2,10.5,South Africa,England,JH Kallis,GC Smith,JM Anderson,0,0,,,,,,,,,
415280,2009/10,2009-09-27,SuperSport Park,2,10.6,South Africa,England,JH Kallis,GC Smith,JM Anderson,2,0,,,,,,,,,
415280,2009/10,2009-09-27,SuperSport Park,2,10.7,South Africa,England,JH Kallis,GC Smith,JM Anderson,1,0,,,,,,,,,
415280,2009/10,2009-09-27,SuperSport Park,2,11.1,South Africa,England,JH Kallis,GC Smith,SCJ Broad,1,0,,,,,,,,,
415280,2009/10,2009-09-27,SuperSport Park,2,11.2,South Africa,England,GC Smith,JH Kallis,SCJ Broad,1,0,,,,,,,,,
415280,2009/10,2009-09-27,SuperSport Park,2,11.3,South Africa,England,JH Kallis,GC Smith,SCJ Broad,1,0,,,,,,,,,
415280,2009/10,2009-09-27,SuperSport Park,2,11.4,South Africa,England,GC Smith,JH Kallis,SCJ Broad,1,0,,,,,,,,,
415280,2009/10,2009-09-27,SuperSport Park,2,11.5,South Africa,England,JH Kallis,GC Smith,SCJ Broad,0,0,,,,,,caught,JH Kallis,,
415280,2009/10,2009-09-27,SuperSport Park,2,11.6,South Africa,England,AB de Villiers,GC Smith,SCJ Broad,0,0,,,,,,,,,
415280,2009/10,2009-09-27,SuperSport Park,2,12.1,South Africa,England,GC Smith,AB de Villiers,LJ Wright,0,0,,,,,,,,,
415280,2009/10,2009-09-27,SuperSport Park,2,12.2,South Africa,England,GC Smith,AB de Villiers,LJ Wright,0,0,,,,,,,,,
415280,2009/10,2009-09-27,SuperSport Park,2,12.3,South Africa,England,GC Smith,AB de Villiers,LJ Wright,4,0,,,,,,,,,
415280,2009/10,2009-09-27,SuperSport Park,2,12.4,South Africa,England,GC Smith,AB de Villiers,LJ Wright,0,0,,,,,,,,,
415280,2009/10,2009-09-27,SuperSport Park,2,12.5,South Africa,England,GC Smith,AB de Villiers,LJ Wright,1,0,,,,,,,,,
415280,2009/10,2009-09-27,SuperSport Park,2,12.6,South Africa,England,AB de Villiers,GC Smith,LJ Wright,2,0,,,,,,,,,
415280,2009/10,2009-09-27,SuperSport Park,2,13.1,South Africa,England,GC Smith,AB de Villiers,SCJ Broad,0,0,,,,,,,,,
415280,2009/10,2009-09-27,SuperSport Park,2,13.2,South Africa,England,GC Smith,AB de Villiers,SCJ Broad,1,0,,,,,,,,,
415280,2009/10,2009-09-27,SuperSport Park,2,13.3,South Africa,England,AB de Villiers,GC Smith,SCJ Broad,0,0,,,,,,,,,
415280,2009/10,2009-09-27,SuperSport Park,2,13.4,South Africa,England,AB de Villiers,GC Smith,SCJ Broad,0,0,,,,,,,,,
415280,2009/10,2009-09-27,SuperSport Park,2,13.5,South Africa,England,AB de Villiers,GC Smith,SCJ Broad,1,0,,,,,,,,,
415280,2009/10,2009-09-27,SuperSport Park,2,13.6,South Africa,England,GC Smith,AB de Villiers,SCJ Broad,0,0,,,,,,,,,
415280,2009/10,2009-09-27,SuperSport Park,2,14.1,South Africa,England,AB de Villiers,GC Smith,LJ Wright,0,0,,,,,,,,,
415280,2009/10,2009-09-27,SuperSport Park,2,14.2,South Africa,England,AB de Villiers,GC Smith,LJ Wright,0,0,,,,,,,,,
415280,2009/10,2009-09-27,SuperSport Park,2,14.3,South Africa,England,AB de Villiers,GC Smith,LJ Wright,0,0,,,,,,,,,
415280,2009/10,2009-09-27,SuperSport Park,2,14.4,South Africa,England,AB de Villiers,GC Smith,LJ Wright,0,0,,,,,,,,,
415280,2009/10,2009-09-27,SuperSport Park,2,14.5,South Africa,England,AB de Villiers,GC Smith,LJ Wright,1,0,,,,,,,,,
415280,2009/10,2009-09-27,SuperSport Park,2,14.6,South Africa,England,GC Smith,AB de Villiers,LJ Wright,4,0,,,,,,,,,
415280,2009/10,2009-09-27,SuperSport Park,2,15.1,South Africa,England,AB de Villiers,GC Smith,SCJ Broad,0,0,,,,,,,,,
415280,2009/10,2009-09-27,SuperSport Park,2,15.2,South Africa,England,AB de Villiers,GC Smith,SCJ Broad,0,0,,,,,,,,,
415280,2009/10,2009-09-27,SuperSport Park,2,15.3,South Africa,England,AB de Villiers,GC Smith,SCJ Broad,0,0,,,,,,,,,
415280,2009/10,2009-09-27,SuperSport Park,2,15.4,South Africa,England,AB de Villiers,GC Smith,SCJ Broad,4,0,,,,,,,,,
415280,2009/10,2009-09-27,SuperSport Park,2,15.5,South Africa,England,AB de Villiers,GC Smith,SCJ Broad,1,0,,,,,,,,,
415280,2009/10,2009-09-27,SuperSport Park,2,15.6,South Africa,England,GC Smith,AB de Villiers,SCJ Broad,1,0,,,,,,,,,
415280,2009/10,2009-09-27,SuperSport Park,2,16.1,South Africa,England,GC Smith,AB de Villiers,LJ Wright,0,0,,,,,,,,,
415280,2009/10,2009-09-27,SuperSport Park,2,16.2,South Africa,England,GC Smith,AB de Villiers,LJ Wright,0,1,,,,1,,,,,
415280,2009/10,2009-09-27,SuperSport Park,2,16.3,South Africa,England,AB de Villiers,GC Smith,LJ Wright,0,0,,,,,,,,,
415280,2009/10,2009-09-27,SuperSport Park,2,16.4,South Africa,England,AB de Villiers,GC Smith,LJ Wright,4,0,,,,,,,,,
415280,2009/10,2009-09-27,SuperSport Park,2,16.5,South Africa,England,AB de Villiers,GC Smith,LJ Wright,0,0,,,,,,,,,
415280,2009/10,2009-09-27,SuperSport Park,2,16.6,South Africa,England,AB de Villiers,GC Smith,LJ Wright,0,0,,,,,,,,,
415280,2009/10,2009-09-27,SuperSport Park,2,17.1,South Africa,England,GC Smith,AB de Villiers,PD Collingwood,1,0,,,,,,,,,
415280,2009/10,2009-09-27,SuperSport Park,2,17.2,South Africa,England,AB de Villiers,GC Smith,PD Collingwood,1,0,,,,,,,,,
415280,2009/10,2009-09-27,SuperSport Park,2,17.3,South Africa,England,GC Smith,AB de Villiers,PD Collingwood,0,0,,,,,,,,,
415280,2009/10,2009-09-27,SuperSport Park,2,17.4,South Africa,England,GC Smith,AB de Villiers,PD Collingwood,1,0,,,,,,,,,
415280,2009/10,2009-09-27,SuperSport Park,2,17.5,South Africa,England,AB de Villiers,GC Smith,PD Collingwood,2,0,,,,,,,,,
415280,2009/10,2009-09-27,SuperSport Park,2,17.6,South Africa,England,AB de Villiers,GC Smith,PD Collingwood,1,0,,,,,,,,,
415280,2009/10,2009-09-27,SuperSport Park,2,18.1,South Africa,England,AB de Villiers,GC Smith,LJ Wright,1,0,,,,,,,,,
415280,2009/10,2009-09-27,SuperSport Park,2,18.2,South Africa,England,GC Smith,AB de Villiers,LJ Wright,1,0,,,,,,,,,
415280,2009/10,2009-09-27,SuperSport Park,2,18.3,South Africa,England,AB de Villiers,GC Smith,LJ Wright,0,0,,,,,,,,,
415280,2009/10,2009-09-27,SuperSport Park,2,18.4,South Africa,England,AB de Villiers,GC Smith,LJ Wright,1,0,,,,,,,,,
415280,2009/10,2009-09-27,SuperSport Park,2,18.5,South Africa,England,GC Smith,AB de Villiers,LJ Wright,2,0,,,,,,,,,
415280,2009/10,2009-09-27,SuperSport Park,2,18.6,South Africa,England,GC Smith,AB de Villiers,LJ Wright,1,0,,,,,,,,,
415280,2009/10,2009-09-27,SuperSport Park,2,19.1,South Africa,England,GC Smith,AB de Villiers,PD Collingwood,0,0,,,,,,,,,
415280,2009/10,2009-09-27,SuperSport Park,2,19.2,South Africa,England,GC Smith,AB de Villiers,PD Collingwood,0,0,,,,,,,,,
415280,2009/10,2009-09-27,SuperSport Park,2,19.3,South Africa,England,GC Smith,AB de Villiers,PD Collingwood,1,0,,,,,,,,,
415280,2009/10,2009-09-27,SuperSport Park,2,19.4,South Africa,England,AB de Villiers,GC Smith,PD Collingwood,4,0,,,,,,,,,
415280,2009/10,2009-09-27,SuperSport Park,2,19.5,South Africa,England,AB de Villiers,GC Smith,PD Collingwood,1,0,,,,,,,,,
415280,2009/10,2009-09-27,SuperSport Park,2,19.6,South Africa,England,GC Smith,AB de Villiers,PD Collingwood,0,0,,,,,,,,,
415280,2009/10,2009-09-27,SuperSport Park,2,20.1,South Africa,England,AB de Villiers,GC Smith,GP Swann,1,0,,,,,,,,,
415280,2009/10,2009-09-27,SuperSport Park,2,20.2,South Africa,England,GC Smith,AB de Villiers,GP Swann,0,0,,,,,,,,,
415280,2009/10,2009-09-27,SuperSport Park,2,20.3,South Africa,England,GC Smith,AB de Villiers,GP Swann,4,0,,,,,,,,,
415280,2009/10,2009-09-27,SuperSport Park,2,20.4,South Africa,England,GC Smith,AB de Villiers,GP Swann,4,0,,,,,,,,,
415280,2009/10,2009-09-27,SuperSport Park,2,20.5,South Africa,England,GC Smith,AB de Villiers,GP Swann,1,0,,,,,,,,,
415280,2009/10,2009-09-27,SuperSport Park,2,20.6,South Africa,England,AB de Villiers,GC Smith,GP Swann,1,0,,,,,,,,,
415280,2009/10,2009-09-27,SuperSport Park,2,21.1,South Africa,England,AB de Villiers,GC Smith,PD Collingwood,1,0,,,,,,,,,
415280,2009/10,2009-09-27,SuperSport Park,2,21.2,South Africa,England,GC Smith,AB de Villiers,PD Collingwood,0,1,,,,1,,,,,
415280,2009/10,2009-09-27,SuperSport Park,2,21.3,South Africa,England,AB de Villiers,GC Smith,PD Collingwood,0,0,,,,,,,,,
415280,2009/10,2009-09-27,SuperSport Park,2,21.4,South Africa,England,AB de Villiers,GC Smith,PD Collingwood,0,0,,,,,,,,,
415280,2009/10,2009-09-27,SuperSport Park,2,21.5,South Africa,England,AB de Villiers,GC Smith,PD Collingwood,1,0,,,,,,,,,
415280,2009/10,2009-09-27,SuperSport Park,2,21.6,South Africa,England,GC Smith,AB de Villiers,PD Collingwood,0,0,,,,,,,,,
415280,2009/10,2009-09-27,SuperSport Park,2,22.1,South Africa,England,AB de Villiers,GC Smith,GP Swann,1,0,,,,,,,,,
415280,2009/10,2009-09-27,SuperSport Park,2,22.2,South Africa,England,GC Smith,AB de Villiers,GP Swann,0,0,,,,,,,,,
415280,2009/10,2009-09-27,SuperSport Park,2,22.3,South Africa,England,GC Smith,AB de Villiers,GP Swann,1,0,,,,,,,,,
415280,2009/10,2009-09-27,SuperSport Park,2,22.4,South Africa,England,AB de Villiers,GC Smith,GP Swann,4,0,,,,,,,,,
415280,2009/10,2009-09-27,SuperSport Park,2,22.5,South Africa,England,AB de Villiers,GC Smith,GP Swann,0,0,,,,,,,,,
415280,2009/10,2009-09-27,SuperSport Park,2,22.6,South Africa,England,AB de Villiers,GC Smith,GP Swann,0,0,,,,,,,,,
415280,2009/10,2009-09-27,SuperSport Park,2,23.1,South Africa,England,GC Smith,AB de Villiers,PD Collingwood,0,0,,,,,,,,,
415280,2009/10,2009-09-27,SuperSport Park,2,23.2,South Africa,England,GC Smith,AB de Villiers,PD Collingwood,2,0,,,,,,,,,
415280,2009/10,2009-09-27,SuperSport Park,2,23.3,South Africa,England,GC Smith,AB de Villiers,PD Collingwood,1,0,,,,,,,,,
415280,2009/10,2009-09-27,SuperSport Park,2,23.4,South Africa,England,AB de Villiers,GC Smith,PD Collingwood,1,0,,,,,,,,,
415280,2009/10,2009-09-27,SuperSport Park,2,23.5,South Africa,England,GC Smith,AB de Villiers,PD Collingwood,0,0,,,,,,,,,
415280,2009/10,2009-09-27,SuperSport Park,2,23.6,South Africa,England,GC Smith,AB de Villiers,PD Collingwood,1,0,,,,,,,,,
415280,2009/10,2009-09-27,SuperSport Park,2,24.1,South Africa,England,GC Smith,AB de Villiers,GP Swann,0,0,,,,,,,,,
415280,2009/10,2009-09-27,SuperSport Park,2,24.2,South Africa,England,GC Smith,AB de Villiers,GP Swann,2,0,,,,,,,,,
415280,2009/10,2009-09-27,SuperSport Park,2,24.3,South Africa,England,GC Smith,AB de Villiers,GP Swann,0,0,,,,,,,,,
415280,2009/10,2009-09-27,SuperSport Park,2,24.4,South Africa,England,GC Smith,AB de Villiers,GP Swann,1,0,,,,,,,,,
415280,2009/10,2009-09-27,SuperSport Park,2,24.5,South Africa,England,AB de Villiers,GC Smith,GP Swann,1,0,,,,,,,,,
415280,2009/10,2009-09-27,SuperSport Park,2,24.6,South Africa,England,GC Smith,AB de Villiers,GP Swann,1,0,,,,,,,,,
415280,2009/10,2009-09-27,SuperSport Park,2,25.1,South Africa,England,GC Smith,AB de Villiers,PD Collingwood,2,0,,,,,,,,,
415280,2009/10,2009-09-27,SuperSport Park,2,25.2,South Africa,England,GC Smith,AB de Villiers,PD Collingwood,1,0,,,,,,,,,
415280,2009/10,2009-09-27,SuperSport Park,2,25.3,South Africa,England,AB de Villiers,GC Smith,PD Collingwood,1,0,,,,,,,,,
415280,2009/10,2009-09-27,SuperSport Park,2,25.4,South Africa,England,GC Smith,AB de Villiers,PD Collingwood,1,0,,,,,,,,,
415280,2009/10,2009-09-27,SuperSport Park,2,25.5,South Africa,England,AB de Villiers,GC Smith,PD Collingwood,0,0,,,,,,caught,AB de Villiers,,
415280,2009/10,2009-09-27,SuperSport Park,2,25.6,South Africa,England,GC Smith,JP Duminy,PD Collingwood,1,0,,,,,,,,,
415280,2009/10,2009-09-27,SuperSport Park,2,26.1,South Africa,England,GC Smith,JP Duminy,GP Swann,1,0,,,,,,,,,
415280,2009/10,2009-09-27,SuperSport Park,2,26.2,South Africa,England,JP Duminy,GC Smith,GP Swann,0,0,,,,,,,,,
415280,2009/10,2009-09-27,SuperSport Park,2,26.3,South Africa,England,JP Duminy,GC Smith,GP Swann,0,0,,,,,,,,,
415280,2009/10,2009-09-27,SuperSport Park,2,26.4,South Africa,England,JP Duminy,GC Smith,GP Swann,0,0,,,,,,,,,
415280,2009/10,2009-09-27,SuperSport Park,2,26.5,South Africa,England,JP Duminy,GC Smith,GP Swann,1,0,,,,,,,,,
415280,2009/10,2009-09-27,SuperSport Park,2,26.6,South Africa,England,GC Smith,JP Duminy,GP Swann,1,0,,,,,,,,,
415280,2009/10,2009-09-27,SuperSport Park,2,27.1,South Africa,England,GC Smith,JP Duminy,PD Collingwood,1,0,,,,,,,,,
415280,2009/10,2009-09-27,SuperSport Park,2,27.2,South Africa,England,JP Duminy,GC Smith,PD Collingwood,1,0,,,,,,,,,
415280,2009/10,2009-09-27,SuperSport Park,2,27.3,South Africa,England,GC Smith,JP Duminy,PD Collingwood,1,0,,,,,,,,,
415280,2009/10,2009-09-27,SuperSport Park,2,27.4,South Africa,England,JP Duminy,GC Smith,PD Collingwood,1,0,,,,,,,,,
415280,2009/10,2009-09-27,SuperSport Park,2,27.5,South Africa,England,GC Smith,JP Duminy,PD Collingwood,1,0,,,,,,,,,
415280,2009/10,2009-09-27,SuperSport Park,2,27.6,South Africa,England,JP Duminy,GC Smith,PD Collingwood,1,0,,,,,,,,,
415280,2009/10,2009-09-27,SuperSport Park,2,28.1,South Africa,England,JP Duminy,GC Smith,GP Swann,1,0,,,,,,,,,
415280,2009/10,2009-09-27,SuperSport Park,2,28.2,South Africa,England,GC Smith,JP Duminy,GP Swann,1,0,,,,,,,,,
415280,2009/10,2009-09-27,SuperSport Park,2,28.3,South Africa,England,JP Duminy,GC Smith,GP Swann,2,0,,,,,,,,,
415280,2009/10,2009-09-27,SuperSport Park,2,28.4,South Africa,England,JP Duminy,GC Smith,GP Swann,1,0,,,,,,,,,
415280,2009/10,2009-09-27,SuperSport Park,2,28.5,South Africa,England,GC Smith,JP Duminy,GP Swann,2,0,,,,,,,,,
415280,2009/10,2009-09-27,SuperSport Park,2,28.6,South Africa,England,GC Smith,JP Duminy,GP Swann,1,0,,,,,,,,,
415280,2009/10,2009-09-27,SuperSport Park,2,29.1,South Africa,England,GC Smith,JP Duminy,PD Collingwood,1,0,,,,,,,,,
415280,2009/10,2009-09-27,SuperSport Park,2,29.2,South Africa,England,JP Duminy,GC Smith,PD Collingwood,1,0,,,,,,,,,
415280,2009/10,2009-09-27,SuperSport Park,2,29.3,South Africa,England,GC Smith,JP Duminy,PD Collingwood,0,0,,,,,,,,,
415280,2009/10,2009-09-27,SuperSport Park,2,29.4,South Africa,England,GC Smith,JP Duminy,PD Collingwood,1,0,,,,,,,,,
415280,2009/10,2009-09-27,SuperSport Park,2,29.5,South Africa,England,JP Duminy,GC Smith,PD Collingwood,1,0,,,,,,,,,
415280,2009/10,2009-09-27,SuperSport Park,2,29.6,South Africa,England,GC Smith,JP Duminy,PD Collingwood,1,0,,,,,,,,,
415280,2009/10,2009-09-27,SuperSport Park,2,30.1,South Africa,England,GC Smith,JP Duminy,G Onions,0,0,,,,,,,,,
415280,2009/10,2009-09-27,SuperSport Park,2,30.2,South Africa,England,GC Smith,JP Duminy,G Onions,0,0,,,,,,,,,
415280,2009/10,2009-09-27,SuperSport Park,2,30.3,South Africa,England,GC Smith,JP Duminy,G Onions,1,0,,,,,,,,,
415280,2009/10,2009-09-27,SuperSport Park,2,30.4,South Africa,England,JP Duminy,GC Smith,G Onions,0,0,,,,,,,,,
415280,2009/10,2009-09-27,SuperSport Park,2,30.5,South Africa,England,JP Duminy,GC Smith,G Onions,0,1,,,,1,,,,,
415280,2009/10,2009-09-27,SuperSport Park,2,30.6,South Africa,England,GC Smith,JP Duminy,G Onions,1,0,,,,,,,,,
415280,2009/10,2009-09-27,SuperSport Park,2,31.1,South Africa,England,GC Smith,JP Duminy,PD Collingwood,1,0,,,,,,,,,
415280,2009/10,2009-09-27,SuperSport Park,2,31.2,South Africa,England,JP Duminy,GC Smith,PD Collingwood,1,0,,,,,,,,,
415280,2009/10,2009-09-27,SuperSport Park,2,31.3,South Africa,England,GC Smith,JP Duminy,PD Collingwood,1,0,,,,,,,,,
415280,2009/10,2009-09-27,SuperSport Park,2,31.4,South Africa,England,JP Duminy,GC Smith,PD Collingwood,0,0,,,,,,,,,
415280,2009/10,2009-09-27,SuperSport Park,2,31.5,South Africa,England,JP Duminy,GC Smith,PD Collingwood,1,0,,,,,,,,,
415280,2009/10,2009-09-27,SuperSport Park,2,31.6,South Africa,England,GC Smith,JP Duminy,PD Collingwood,0,0,,,,,,,,,
415280,2009/10,2009-09-27,SuperSport Park,2,32.1,South Africa,England,JP Duminy,GC Smith,G Onions,2,0,,,,,,,,,
415280,2009/10,2009-09-27,SuperSport Park,2,32.2,South Africa,England,JP Duminy,GC Smith,G Onions,1,0,,,,,,,,,
415280,2009/10,2009-09-27,SuperSport Park,2,32.3,South Africa,England,GC Smith,JP Duminy,G Onions,0,0,,,,,,,,,
415280,2009/10,2009-09-27,SuperSport Park,2,32.4,South Africa,England,GC Smith,JP Duminy,G Onions,0,0,,,,,,,,,
415280,2009/10,2009-09-27,SuperSport Park,2,32.5,South Africa,England,GC Smith,JP Duminy,G Onions,0,0,,,,,,,,,
415280,2009/10,2009-09-27,SuperSport Park,2,32.6,South Africa,England,GC Smith,JP Duminy,G Onions,1,0,,,,,,,,,
415280,2009/10,2009-09-27,SuperSport Park,2,33.1,South Africa,England,GC Smith,JP Duminy,LJ Wright,4,0,,,,,,,,,
415280,2009/10,2009-09-27,SuperSport Park,2,33.2,South Africa,England,GC Smith,JP Duminy,LJ Wright,2,0,,,,,,,,,
415280,2009/10,2009-09-27,SuperSport Park,2,33.3,South Africa,England,GC Smith,JP Duminy,LJ Wright,1,0,,,,,,,,,
415280,2009/10,2009-09-27,SuperSport Park,2,33.4,South Africa,England,JP Duminy,GC Smith,LJ Wright,1,0,,,,,,,,,
415280,2009/10,2009-09-27,SuperSport Park,2,33.5,South Africa,England,GC Smith,JP Duminy,LJ Wright,1,0,,,,,,,,,
415280,2009/10,2009-09-27,SuperSport Park,2,33.6,South Africa,England,JP Duminy,GC Smith,LJ Wright,0,0,,,,,,,,,
415280,2009/10,2009-09-27,SuperSport Park,2,34.1,South Africa,England,GC Smith,JP Duminy,G Onions,4,0,,,,,,,,,
415280,2009/10,2009-09-27,SuperSport Park,2,34.2,South Africa,England,GC Smith,JP Duminy,G Onions,1,0,,,,,,,,,
415280,2009/10,2009-09-27,SuperSport Park,2,34.3,South Africa,England,JP Duminy,GC Smith,G Onions,2,0,,,,,,,,,
415280,2009/10,2009-09-27,SuperSport Park,2,34.4,South Africa,England,JP Duminy,GC Smith,G Onions,1,0,,,,,,,,,
415280,2009/10,2009-09-27,SuperSport Park,2,34.5,South Africa,England,GC Smith,JP Duminy,G Onions,1,0,,,,,,,,,
415280,2009/10,2009-09-27,SuperSport Park,2,34.6,South Africa,England,JP Duminy,GC Smith,G Onions,0,1,,,,1,,,,,
415280,2009/10,2009-09-27,SuperSport Park,2,35.1,South Africa,England,JP Duminy,GC Smith,PD Collingwood,4,0,,,,,,,,,
415280,2009/10,2009-09-27,SuperSport Park,2,35.2,South Africa,England,JP Duminy,GC Smith,PD Collingwood,0,0,,,,,,,,,
415280,2009/10,2009-09-27,SuperSport Park,2,35.3,South Africa,England,JP Duminy,GC Smith,PD Collingwood,1,0,,,,,,,,,
415280,2009/10,2009-09-27,SuperSport Park,2,35.4,South Africa,England,GC Smith,JP Duminy,PD Collingwood,4,0,,,,,,,,,
415280,2009/10,2009-09-27,SuperSport Park,2,35.5,South Africa,England,GC Smith,JP Duminy,PD Collingwood,1,0,,,,,,,,,
415280,2009/10,2009-09-27,SuperSport Park,2,35.6,South Africa,England,JP Duminy,GC Smith,PD Collingwood,0,0,,,,,,,,,
415280,2009/10,2009-09-27,SuperSport Park,2,36.1,South Africa,England,GC Smith,JP Duminy,GP Swann,1,0,,,,,,,,,
415280,2009/10,2009-09-27,SuperSport Park,2,36.2,South Africa,England,JP Duminy,GC Smith,GP Swann,0,0,,,,,,,,,
415280,2009/10,2009-09-27,SuperSport Park,2,36.3,South Africa,England,JP Duminy,GC Smith,GP Swann,0,0,,,,,,,,,
415280,2009/10,2009-09-27,SuperSport Park,2,36.4,South Africa,England,JP Duminy,GC Smith,GP Swann,0,0,,,,,,,,,
415280,2009/10,2009-09-27,SuperSport Park,2,36.5,South Africa,England,JP Duminy,GC Smith,GP Swann,0,0,,,,,,,,,
415280,2009/10,2009-09-27,SuperSport Park,2,36.6,South Africa,England,JP Duminy,GC Smith,GP Swann,0,0,,,,,,bowled,JP Duminy,,
415280,2009/10,2009-09-27,SuperSport Park,2,37.1,South Africa,England,GC Smith,MV Boucher,PD Collingwood,1,0,,,,,,,,,
415280,2009/10,2009-09-27,SuperSport Park,2,37.2,South Africa,England,MV Boucher,GC Smith,PD Collingwood,1,0,,,,,,,,,
415280,2009/10,2009-09-27,SuperSport Park,2,37.3,South Africa,England,GC Smith,MV Boucher,PD Collingwood,1,0,,,,,,,,,
415280,2009/10,2009-09-27,SuperSport Park,2,37.4,South Africa,England,MV Boucher,GC Smith,PD Collingwood,1,0,,,,,,,,,
415280,2009/10,2009-09-27,SuperSport Park,2,37.5,South Africa,England,GC Smith,MV Boucher,PD Collingwood,2,0,,,,,,,,,
415280,2009/10,2009-09-27,SuperSport Park,2,37.6,South Africa,England,GC Smith,MV Boucher,PD Collingwood,2,0,,,,,,,,,
415280,2009/10,2009-09-27,SuperSport Park,2,38.1,South Africa,England,MV Boucher,GC Smith,GP Swann,0,0,,,,,,,,,
415280,2009/10,2009-09-27,SuperSport Park,2,38.2,South Africa,England,MV Boucher,GC Smith,GP Swann,1,0,,,,,,,,,
415280,2009/10,2009-09-27,SuperSport Park,2,38.3,South Africa,England,GC Smith,MV Boucher,GP Swann,0,0,,,,,,,,,
415280,2009/10,2009-09-27,SuperSport Park,2,38.4,South Africa,England,GC Smith,MV Boucher,GP Swann,4,0,,,,,,,,,
415280,2009/10,2009-09-27,SuperSport Park,2,38.5,South Africa,England,GC Smith,MV Boucher,GP Swann,0,1,,,,1,,,,,
415280,2009/10,2009-09-27,SuperSport Park,2,38.6,South Africa,England,MV Boucher,GC Smith,GP Swann,0,0,,,,,,,,,
415280,2009/10,2009-09-27,SuperSport Park,2,39.1,South Africa,England,GC Smith,MV Boucher,SCJ Broad,1,0,,,,,,,,,
415280,2009/10,2009-09-27,SuperSport Park,2,39.2,South Africa,England,MV Boucher,GC Smith,SCJ Broad,0,0,,,,,,,,,
415280,2009/10,2009-09-27,SuperSport Park,2,39.3,South Africa,England,MV Boucher,GC Smith,SCJ Broad,0,0,,,,,,,,,
415280,2009/10,2009-09-27,SuperSport Park,2,39.4,South Africa,England,MV Boucher,GC Smith,SCJ Broad,4,0,,,,,,,,,
415280,2009/10,2009-09-27,SuperSport Park,2,39.5,South Africa,England,MV Boucher,GC Smith,SCJ Broad,1,0,,,,,,,,,
415280,2009/10,2009-09-27,SuperSport Park,2,39.6,South Africa,England,GC Smith,MV Boucher,SCJ Broad,4,0,,,,,,,,,
415280,2009/10,2009-09-27,SuperSport Park,2,40.1,South Africa,England,MV Boucher,GC Smith,JM Anderson,0,0,,,,,,bowled,MV Boucher,,
415280,2009/10,2009-09-27,SuperSport Park,2,40.2,South Africa,England,JA Morkel,GC Smith,JM Anderson,0,0,,,,,,,,,
415280,2009/10,2009-09-27,SuperSport Park,2,40.3,South Africa,England,JA Morkel,GC Smith,JM Anderson,0,1,1,,,,,,,,
415280,2009/10,2009-09-27,SuperSport Park,2,40.4,South Africa,England,JA Morkel,GC Smith,JM Anderson,0,0,,,,,,,,,
415280,2009/10,2009-09-27,SuperSport Park,2,40.5,South Africa,England,JA Morkel,GC Smith,JM Anderson,0,1,1,,,,,,,,
415280,2009/10,2009-09-27,SuperSport Park,2,40.6,South Africa,England,JA Morkel,GC Smith,JM Anderson,0,0,,,,,,,,,
415280,2009/10,2009-09-27,SuperSport Park,2,40.7,South Africa,England,JA Morkel,GC Smith,JM Anderson,1,0,,,,,,,,,
415280,2009/10,2009-09-27,SuperSport Park,2,40.8,South Africa,England,GC Smith,JA Morkel,JM Anderson,0,1,,,,1,,,,,
415280,2009/10,2009-09-27,SuperSport Park,2,41.1,South Africa,England,GC Smith,JA Morkel,GP Swann,0,0,,,,,,,,,
415280,2009/10,2009-09-27,SuperSport Park,2,41.2,South Africa,England,GC Smith,JA Morkel,GP Swann,1,0,,,,,,,,,
415280,2009/10,2009-09-27,SuperSport Park,2,41.3,South Africa,England,JA Morkel,GC Smith,GP Swann,1,0,,,,,,,,,
415280,2009/10,2009-09-27,SuperSport Park,2,41.4,South Africa,England,GC Smith,JA Morkel,GP Swann,0,0,,,,,,,,,
415280,2009/10,2009-09-27,SuperSport Park,2,41.5,South Africa,England,GC Smith,JA Morkel,GP Swann,1,0,,,,,,,,,
415280,2009/10,2009-09-27,SuperSport Park,2,41.6,South Africa,England,JA Morkel,GC Smith,GP Swann,1,0,,,,,,,,,
415280,2009/10,2009-09-27,SuperSport Park,2,42.1,South Africa,England,JA Morkel,GC Smith,SCJ Broad,4,0,,,,,,,,,
415280,2009/10,2009-09-27,SuperSport Park,2,42.2,South Africa,England,JA Morkel,GC Smith,SCJ Broad,6,0,,,,,,,,,
415280,2009/10,2009-09-27,SuperSport Park,2,42.3,South Africa,England,JA Morkel,GC Smith,SCJ Broad,1,0,,,,,,,,,
415280,2009/10,2009-09-27,SuperSport Park,2,42.4,South Africa,England,GC Smith,JA Morkel,SCJ Broad,0,0,,,,,,,,,
415280,2009/10,2009-09-27,SuperSport Park,2,42.5,South Africa,England,GC Smith,JA Morkel,SCJ Broad,1,0,,,,,,,,,
415280,2009/10,2009-09-27,SuperSport Park,2,42.6,South Africa,England,JA Morkel,GC Smith,SCJ Broad,2,0,,,,,,,,,
415280,2009/10,2009-09-27,SuperSport Park,2,43.1,South Africa,England,GC Smith,JA Morkel,JM Anderson,0,1,,,,1,,,,,
415280,2009/10,2009-09-27,SuperSport Park,2,43.2,South Africa,England,JA Morkel,GC Smith,JM Anderson,0,0,,,,,,,,,
415280,2009/10,2009-09-27,SuperSport Park,2,43.3,South Africa,England,JA Morkel,GC Smith,JM Anderson,0,0,,,,,,,,,
415280,2009/10,2009-09-27,SuperSport Park,2,43.4,South Africa,England,JA Morkel,GC Smith,JM Anderson,0,0,,,,,,,,,
415280,2009/10,2009-09-27,SuperSport Park,2,43.5,South Africa,England,JA Morkel,GC Smith,JM Anderson,1,0,,,,,,,,,
415280,2009/10,2009-09-27,SuperSport Park,2,43.6,South Africa,England,GC Smith,JA Morkel,JM Anderson,1,0,,,,,,,,,
415280,2009/10,2009-09-27,SuperSport Park,2,44.1,South Africa,England,GC Smith,JA Morkel,SCJ Broad,0,0,,,,,,run out,JA Morkel,,
415280,2009/10,2009-09-27,SuperSport Park,2,44.2,South Africa,England,J Botha,GC Smith,SCJ Broad,0,0,,,,,,,,,
415280,2009/10,2009-09-27,SuperSport Park,2,44.3,South Africa,England,J Botha,GC Smith,SCJ Broad,0,0,,,,,,caught,J Botha,,
415280,2009/10,2009-09-27,SuperSport Park,2,44.4,South Africa,England,GC Smith,RE van der Merwe,SCJ Broad,0,0,,,,,,,,,
415280,2009/10,2009-09-27,SuperSport Park,2,44.5,South Africa,England,GC Smith,RE van der Merwe,SCJ Broad,4,0,,,,,,,,,
415280,2009/10,2009-09-27,SuperSport Park,2,44.6,South Africa,England,GC Smith,RE van der Merwe,SCJ Broad,4,0,,,,,,,,,
415280,2009/10,2009-09-27,SuperSport Park,2,45.1,South Africa,England,RE van der Merwe,GC Smith,JM Anderson,0,0,,,,,,,,,
415280,2009/10,2009-09-27,SuperSport Park,2,45.2,South Africa,England,RE van der Merwe,GC Smith,JM Anderson,0,0,,,,,,bowled,RE van der Merwe,,
415280,2009/10,2009-09-27,SuperSport Park,2,45.3,South Africa,England,WD Parnell,GC Smith,JM Anderson,0,1,,1,,,,,,,
415280,2009/10,2009-09-27,SuperSport Park,2,45.4,South Africa,England,WD Parnell,GC Smith,JM Anderson,1,0,,,,,,,,,
415280,2009/10,2009-09-27,SuperSport Park,2,45.5,South Africa,England,GC Smith,WD Parnell,JM Anderson,1,0,,,,,,,,,
415280,2009/10,2009-09-27,SuperSport Park,2,45.6,South Africa,England,WD Parnell,GC Smith,JM Anderson,0,0,,,,,,,,,
415280,2009/10,2009-09-27,SuperSport Park,2,45.7,South Africa,England,WD Parnell,GC Smith,JM Anderson,0,0,,,,,,,,,
415280,2009/10,2009-09-27,SuperSport Park,2,46.1,South Africa,England,GC Smith,WD Parnell,SCJ Broad,4,0,,,,,,,,,
415280,2009/10,2009-09-27,SuperSport Park,2,46.2,South Africa,England,GC Smith,WD Parnell,SCJ Broad,0,0,,,,,,,,,
415280,2009/10,2009-09-27,SuperSport Park,2,46.3,South Africa,England,GC Smith,WD Parnell,SCJ Broad,0,0,,,,,,,,,
415280,2009/10,2009-09-27,SuperSport Park,2,46.4,South Africa,England,GC Smith,WD Parnell,SCJ Broad,4,0,,,,,,,,,
415280,2009/10,2009-09-27,SuperSport Park,2,46.5,South Africa,England,GC Smith,WD Parnell,SCJ Broad,0,0,,,,,,caught,GC Smith,,
415280,2009/10,2009-09-27,SuperSport Park,2,46.6,South Africa,England,WD Parnell,DW Steyn,SCJ Broad,0,0,,,,,,,,,
415280,2009/10,2009-09-27,SuperSport Park,2,47.1,South Africa,England,DW Steyn,WD Parnell,JM Anderson,0,0,,,,,,,,,
415280,2009/10,2009-09-27,SuperSport Park,2,47.2,South Africa,England,DW Steyn,WD Parnell,JM Anderson,2,0,,,,,,,,,
415280,2009/10,2009-09-27,SuperSport Park,2,47.3,South Africa,England,DW Steyn,WD Parnell,JM Anderson,4,0,,,,,,,,,
415280,2009/10,2009-09-27,SuperSport Park,2,47.4,South Africa,England,DW Steyn,WD Parnell,JM Anderson,1,0,,,,,,,,,
415280,2009/10,2009-09-27,SuperSport Park,2,47.5,South Africa,England,WD Parnell,DW Steyn,JM Anderson,1,0,,,,,,,,,
415280,2009/10,2009-09-27,SuperSport Park,2,47.6,South Africa,England,DW Steyn,WD Parnell,JM Anderson,1,0,,,,,,,,,
415280,2009/10,2009-09-27,SuperSport Park,2,48.1,South Africa,England,DW Steyn,WD Parnell,SCJ Broad,0,0,,,,,,,,,
415280,2009/10,2009-09-27,SuperSport Park,2,48.2,South Africa,England,DW Steyn,WD Parnell,SCJ Broad,2,0,,,,,,,,,
415280,2009/10,2009-09-27,SuperSport Park,2,48.3,South Africa,England,DW Steyn,WD Parnell,SCJ Broad,0,0,,,,,,,,,
415280,2009/10,2009-09-27,SuperSport Park,2,48.4,South Africa,England,DW Steyn,WD Parnell,SCJ Broad,1,0,,,,,,,,,
415280,2009/10,2009-09-27,SuperSport Park,2,48.5,South Africa,England,WD Parnell,DW Steyn,SCJ Broad,1,0,,,,,,,,,
415280,2009/10,2009-09-27,SuperSport Park,2,48.6,South Africa,England,DW Steyn,WD Parnell,SCJ Broad,0,1,1,,,,,,,,
415280,2009/10,2009-09-27,SuperSport Park,2,48.7,South Africa,England,DW Steyn,WD Parnell,SCJ Broad,0,0,,,,,,,,,
415280,2009/10,2009-09-27,SuperSport Park,2,49.1,South Africa,England,WD Parnell,DW Steyn,G Onions,1,0,,,,,,,,,
415280,2009/10,2009-09-27,SuperSport Park,2,49.2,South Africa,England,DW Steyn,WD Parnell,G Onions,4,0,,,,,,,,,
415280,2009/10,2009-09-27,SuperSport Park,2,49.3,South Africa,England,DW Steyn,WD Parnell,G Onions,1,0,,,,,,,,,
415280,2009/10,2009-09-27,SuperSport Park,2,49.4,South Africa,England,WD Parnell,DW Steyn,G Onions,1,0,,,,,,,,,
415280,2009/10,2009-09-27,SuperSport Park,2,49.5,South Africa,England,DW Steyn,WD Parnell,G Onions,1,0,,,,,,,,,
415280,2009/10,2009-09-27,SuperSport Park,2,49.6,South Africa,England,WD Parnell,DW Steyn,G Onions,5,0,,,,,,,,,
