match_id,season,start_date,venue,innings,ball,batting_team,bowling_team,striker,non_striker,bowler,runs_off_bat,extras,wides,noballs,byes,legbyes,penalty,wicket_type,player_dismissed,other_wicket_type,other_player_dismissed
415275,2009/10,2009-09-24,SuperSport Park,1,0.1,New Zealand,South Africa,BB McCullum,JD Ryder,DW Steyn,0,0,,,,,,,,,
415275,2009/10,2009-09-24,SuperSport Park,1,0.2,New Zealand,South Africa,BB McCullum,JD Ryder,DW Steyn,0,0,,,,,,,,,
415275,2009/10,2009-09-24,SuperSport Park,1,0.3,New Zealand,South Africa,BB McCullum,JD Ryder,DW Steyn,0,0,,,,,,,,,
415275,2009/10,2009-09-24,SuperSport Park,1,0.4,New Zealand,South Africa,BB McCullum,JD Ryder,DW Steyn,1,0,,,,,,,,,
415275,2009/10,2009-09-24,SuperSport Park,1,0.5,New Zealand,South Africa,JD Ryder,BB McCullum,DW Steyn,0,0,,,,,,,,,
415275,2009/10,2009-09-24,SuperSport Park,1,0.6,New Zealand,South Africa,JD Ryder,BB McCullum,DW Steyn,1,0,,,,,,,,,
415275,2009/10,2009-09-24,SuperSport Park,1,1.1,New Zealand,South Africa,JD Ryder,BB McCullum,WD Parnell,1,0,,,,,,,,,
415275,2009/10,2009-09-24,SuperSport Park,1,1.2,New Zealand,South Africa,BB McCullum,JD Ryder,WD Parnell,0,0,,,,,,,,,
415275,2009/10,2009-09-24,SuperSport Park,1,1.3,New Zealand,South Africa,BB McCullum,JD Ryder,WD Parnell,0,0,,,,,,,,,
415275,2009/10,2009-09-24,SuperSport Park,1,1.4,New Zealand,South Africa,BB McCullum,JD Ryder,WD Parnell,0,0,,,,,,,,,
415275,2009/10,2009-09-24,SuperSport Park,1,1.5,New Zealand,South Africa,BB McCullum,JD Ryder,WD Parnell,0,0,,,,,,,,,
415275,2009/10,2009-09-24,SuperSport Park,1,1.6,New Zealand,South Africa,BB McCullum,JD Ryder,WD Parnell,1,0,,,,,,,,,
415275,2009/10,2009-09-24,SuperSport Park,1,2.1,New Zealand,South Africa,BB McCullum,JD Ryder,DW Steyn,0,0,,,,,,,,,
415275,2009/10,2009-09-24,SuperSport Park,1,2.2,New Zealand,South Africa,BB McCullum,JD Ryder,DW Steyn,1,0,,,,,,,,,
415275,2009/10,2009-09-24,SuperSport Park,1,2.3,New Zealand,South Africa,JD Ryder,BB McCullum,DW Steyn,0,0,,,,,,,,,
415275,2009/10,2009-09-24,SuperSport Park,1,2.4,New Zealand,South Africa,JD Ryder,BB McCullum,DW Steyn,0,0,,,,,,,,,
415275,2009/10,2009-09-24,SuperSport Park,1,2.5,New Zealand,South Africa,JD Ryder,BB McCullum,DW Steyn,4,0,,,,,,,,,
415275,2009/10,2009-09-24,SuperSport Park,1,2.6,New Zealand,South Africa,JD Ryder,BB McCullum,DW Steyn,0,0,,,,,,,,,
415275,2009/10,2009-09-24,SuperSport Park,1,3.1,New Zealand,South Africa,BB McCullum,JD Ryder,WD Parnell,1,0,,,,,,,,,
415275,2009/10,2009-09-24,SuperSport Park,1,3.2,New Zealand,South Africa,JD Ryder,BB McCullum,WD Parnell,0,0,,,,,,,,,
415275,2009/10,2009-09-24,SuperSport Park,1,3.3,New Zealand,South Africa,JD Ryder,BB McCullum,WD Parnell,0,0,,,,,,,,,
415275,2009/10,2009-09-24,SuperSport Park,1,3.4,New Zealand,South Africa,JD Ryder,BB McCullum,WD Parnell,2,0,,,,,,,,,
415275,2009/10,2009-09-24,SuperSport Park,1,3.5,New Zealand,South Africa,JD Ryder,BB McCullum,WD Parnell,0,0,,,,,,,,,
415275,2009/10,2009-09-24,SuperSport Park,1,3.6,New Zealand,South Africa,JD Ryder,BB McCullum,WD Parnell,0,0,,,,,,caught,JD Ryder,,
415275,2009/10,2009-09-24,SuperSport Park,1,4.1,New Zealand,South Africa,BB McCullum,MJ Guptill,DW Steyn,0,0,,,,,,,,,
415275,2009/10,2009-09-24,SuperSport Park,1,4.2,New Zealand,South Africa,BB McCullum,MJ Guptill,DW Steyn,0,0,,,,,,,,,
415275,2009/10,2009-09-24,SuperSport Park,1,4.3,New Zealand,South Africa,BB McCullum,MJ Guptill,DW Steyn,0,0,,,,,,,,,
415275,2009/10,2009-09-24,SuperSport Park,1,4.4,New Zealand,South Africa,BB McCullum,MJ Guptill,DW Steyn,0,0,,,,,,,,,
415275,2009/10,2009-09-24,SuperSport Park,1,4.5,New Zealand,South Africa,BB McCullum,MJ Guptill,DW Steyn,0,0,,,,,,,,,
415275,2009/10,2009-09-24,SuperSport Park,1,4.6,New Zealand,South Africa,BB McCullum,MJ Guptill,DW Steyn,0,0,,,,,,,,,
415275,2009/10,2009-09-24,SuperSport Park,1,5.1,New Zealand,South Africa,MJ Guptill,BB McCullum,WD Parnell,0,0,,,,,,,,,
415275,2009/10,2009-09-24,SuperSport Park,1,5.2,New Zealand,South Africa,MJ Guptill,BB McCullum,WD Parnell,4,0,,,,,,,,,
415275,2009/10,2009-09-24,SuperSport Park,1,5.3,New Zealand,South Africa,MJ Guptill,BB McCullum,WD Parnell,0,0,,,,,,,,,
415275,2009/10,2009-09-24,SuperSport Park,1,5.4,New Zealand,South Africa,MJ Guptill,BB McCullum,WD Parnell,0,0,,,,,,,,,
415275,2009/10,2009-09-24,SuperSport Park,1,5.5,New Zealand,South Africa,MJ Guptill,BB McCullum,WD Parnell,0,0,,,,,,,,,
415275,2009/10,2009-09-24,SuperSport Park,1,5.6,New Zealand,South Africa,MJ Guptill,BB McCullum,WD Parnell,0,0,,,,,,,,,
415275,2009/10,2009-09-24,SuperSport Park,1,6.1,New Zealand,South Africa,BB McCullum,MJ Guptill,DW Steyn,0,0,,,,,,,,,
415275,2009/10,2009-09-24,SuperSport Park,1,6.2,New Zealand,South Africa,BB McCullum,MJ Guptill,DW Steyn,1,0,,,,,,,,,
415275,2009/10,2009-09-24,SuperSport Park,1,6.3,New Zealand,South Africa,MJ Guptill,BB McCullum,DW Steyn,4,0,,,,,,,,,
415275,2009/10,2009-09-24,SuperSport Park,1,6.4,New Zealand,South Africa,MJ Guptill,BB McCullum,DW Steyn,0,0,,,,,,,,,
415275,2009/10,2009-09-24,SuperSport Park,1,6.5,New Zealand,South Africa,MJ Guptill,BB McCullum,DW Steyn,0,0,,,,,,,,,
415275,2009/10,2009-09-24,SuperSport Park,1,6.6,New Zealand,South Africa,MJ Guptill,BB McCullum,DW Steyn,0,0,,,,,,,,,
415275,2009/10,2009-09-24,SuperSport Park,1,7.1,New Zealand,South Africa,BB McCullum,MJ Guptill,WD Parnell,6,0,,,,,,,,,
415275,2009/10,2009-09-24,SuperSport Park,1,7.2,New Zealand,South Africa,BB McCullum,MJ Guptill,WD Parnell,0,0,,,,,,,,,
415275,2009/10,2009-09-24,SuperSport Park,1,7.3,New Zealand,South Africa,BB McCullum,MJ Guptill,WD Parnell,1,0,,,,,,,,,
415275,2009/10,2009-09-24,SuperSport Park,1,7.4,New Zealand,South Africa,MJ Guptill,BB McCullum,WD Parnell,1,0,,,,,,,,,
415275,2009/10,2009-09-24,SuperSport Park,1,7.5,New Zealand,South Africa,BB McCullum,MJ Guptill,WD Parnell,0,0,,,,,,,,,
415275,2009/10,2009-09-24,SuperSport Park,1,7.6,New Zealand,South Africa,BB McCullum,MJ Guptill,WD Parnell,0,0,,,,,,,,,
415275,2009/10,2009-09-24,SuperSport Park,1,8.1,New Zealand,South Africa,MJ Guptill,BB McCullum,DW Steyn,1,0,,,,,,,,,
415275,2009/10,2009-09-24,SuperSport Park,1,8.2,New Zealand,South Africa,BB McCullum,MJ Guptill,DW Steyn,0,0,,,,,,,,,
415275,2009/10,2009-09-24,SuperSport Park,1,8.3,New Zealand,South Africa,BB McCullum,MJ Guptill,DW Steyn,0,0,,,,,,,,,
415275,2009/10,2009-09-24,SuperSport Park,1,8.4,New Zealand,South Africa,BB McCullum,MJ Guptill,DW Steyn,0,0,,,,,,,,,
415275,2009/10,2009-09-24,SuperSport Park,1,8.5,New Zealand,South Africa,BB McCullum,MJ Guptill,DW Steyn,4,0,,,,,,,,,
415275,2009/10,2009-09-24,SuperSport Park,1,8.6,New Zealand,South Africa,BB McCullum,MJ Guptill,DW Steyn,0,0,,,,,,,,,
415275,2009/10,2009-09-24,SuperSport Park,1,9.1,New Zealand,South Africa,MJ Guptill,BB McCullum,JH Kallis,0,0,,,,,,,,,
415275,2009/10,2009-09-24,SuperSport Park,1,9.2,New Zealand,South Africa,MJ Guptill,BB McCullum,JH Kallis,0,0,,,,,,,,,
415275,2009/10,2009-09-24,SuperSport Park,1,9.3,New Zealand,South Africa,MJ Guptill,BB McCullum,JH Kallis,0,1,,,,1,,,,,
415275,2009/10,2009-09-24,SuperSport Park,1,9.4,New Zealand,South Africa,BB McCullum,MJ Guptill,JH Kallis,0,0,,,,,,,,,
415275,2009/10,2009-09-24,SuperSport Park,1,9.5,New Zealand,South Africa,BB McCullum,MJ Guptill,JH Kallis,0,0,,,,,,,,,
415275,2009/10,2009-09-24,SuperSport Park,1,9.6,New Zealand,South Africa,BB McCullum,MJ Guptill,JH Kallis,1,0,,,,,,,,,
415275,2009/10,2009-09-24,SuperSport Park,1,10.1,New Zealand,South Africa,BB McCullum,MJ Guptill,WD Parnell,4,0,,,,,,,,,
415275,2009/10,2009-09-24,SuperSport Park,1,10.2,New Zealand,South Africa,BB McCullum,MJ Guptill,WD Parnell,1,0,,,,,,,,,
415275,2009/10,2009-09-24,SuperSport Park,1,10.3,New Zealand,South Africa,MJ Guptill,BB McCullum,WD Parnell,0,0,,,,,,,,,
415275,2009/10,2009-09-24,SuperSport Park,1,10.4,New Zealand,South Africa,MJ Guptill,BB McCullum,WD Parnell,1,0,,,,,,,,,
415275,2009/10,2009-09-24,SuperSport Park,1,10.5,New Zealand,South Africa,BB McCullum,MJ Guptill,WD Parnell,0,0,,,,,,,,,
415275,2009/10,2009-09-24,SuperSport Park,1,10.6,New Zealand,South Africa,BB McCullum,MJ Guptill,WD Parnell,4,0,,,,,,,,,
415275,2009/10,2009-09-24,SuperSport Park,1,11.1,New Zealand,South Africa,MJ Guptill,BB McCullum,JH Kallis,0,0,,,,,,,,,
415275,2009/10,2009-09-24,SuperSport Park,1,11.2,New Zealand,South Africa,MJ Guptill,BB McCullum,JH Kallis,0,0,,,,,,,,,
415275,2009/10,2009-09-24,SuperSport Park,1,11.3,New Zealand,South Africa,MJ Guptill,BB McCullum,JH Kallis,0,0,,,,,,,,,
415275,2009/10,2009-09-24,SuperSport Park,1,11.4,New Zealand,South Africa,MJ Guptill,BB McCullum,JH Kallis,0,0,,,,,,,,,
415275,2009/10,2009-09-24,SuperSport Park,1,11.5,New Zealand,South Africa,MJ Guptill,BB McCullum,JH Kallis,1,0,,,,,,,,,
415275,2009/10,2009-09-24,SuperSport Park,1,11.6,New Zealand,South Africa,BB McCullum,MJ Guptill,JH Kallis,0,0,,,,,,,,,
415275,2009/10,2009-09-24,SuperSport Park,1,12.1,New Zealand,South Africa,MJ Guptill,BB McCullum,WD Parnell,0,1,1,,,,,,,,
415275,2009/10,2009-09-24,SuperSport Park,1,12.2,New Zealand,South Africa,MJ Guptill,BB McCullum,WD Parnell,4,0,,,,,,,,,
415275,2009/10,2009-09-24,SuperSport Park,1,12.3,New Zealand,South Africa,MJ Guptill,BB McCullum,WD Parnell,4,0,,,,,,,,,
415275,2009/10,2009-09-24,SuperSport Park,1,12.4,New Zealand,South Africa,MJ Guptill,BB McCullum,WD Parnell,1,0,,,,,,,,,
415275,2009/10,2009-09-24,SuperSport Park,1,12.5,New Zealand,South Africa,BB McCullum,MJ Guptill,WD Parnell,0,0,,,,,,,,,
415275,2009/10,2009-09-24,SuperSport Park,1,12.6,New Zealand,South Africa,BB McCullum,MJ Guptill,WD Parnell,1,0,,,,,,,,,
415275,2009/10,2009-09-24,SuperSport Park,1,12.7,New Zealand,South Africa,MJ Guptill,BB McCullum,WD Parnell,0,0,,,,,,caught,MJ Guptill,,
415275,2009/10,2009-09-24,SuperSport Park,1,13.1,New Zealand,South Africa,LRPL Taylor,BB McCullum,JH Kallis,0,0,,,,,,,,,
415275,2009/10,2009-09-24,SuperSport Park,1,13.2,New Zealand,South Africa,LRPL Taylor,BB McCullum,JH Kallis,0,0,,,,,,,,,
415275,2009/10,2009-09-24,SuperSport Park,1,13.3,New Zealand,South Africa,LRPL Taylor,BB McCullum,JH Kallis,0,0,,,,,,,,,
415275,2009/10,2009-09-24,SuperSport Park,1,13.4,New Zealand,South Africa,LRPL Taylor,BB McCullum,JH Kallis,4,0,,,,,,,,,
415275,2009/10,2009-09-24,SuperSport Park,1,13.5,New Zealand,South Africa,LRPL Taylor,BB McCullum,JH Kallis,0,0,,,,,,,,,
415275,2009/10,2009-09-24,SuperSport Park,1,13.6,New Zealand,South Africa,LRPL Taylor,BB McCullum,JH Kallis,2,0,,,,,,,,,
415275,2009/10,2009-09-24,SuperSport Park,1,14.1,New Zealand,South Africa,BB McCullum,LRPL Taylor,JA Morkel,0,0,,,,,,,,,
415275,2009/10,2009-09-24,SuperSport Park,1,14.2,New Zealand,South Africa,BB McCullum,LRPL Taylor,JA Morkel,0,0,,,,,,,,,
415275,2009/10,2009-09-24,SuperSport Park,1,14.3,New Zealand,South Africa,BB McCullum,LRPL Taylor,JA Morkel,0,0,,,,,,,,,
415275,2009/10,2009-09-24,SuperSport Park,1,14.4,New Zealand,South Africa,BB McCullum,LRPL Taylor,JA Morkel,0,0,,,,,,,,,
415275,2009/10,2009-09-24,SuperSport Park,1,14.5,New Zealand,South Africa,BB McCullum,LRPL Taylor,JA Morkel,1,0,,,,,,,,,
415275,2009/10,2009-09-24,SuperSport Park,1,14.6,New Zealand,South Africa,LRPL Taylor,BB McCullum,JA Morkel,0,0,,,,,,,,,
415275,2009/10,2009-09-24,SuperSport Park,1,15.1,New Zealand,South Africa,BB McCullum,LRPL Taylor,JH Kallis,0,0,,,,,,,,,
415275,2009/10,2009-09-24,SuperSport Park,1,15.2,New Zealand,South Africa,BB McCullum,LRPL Taylor,JH Kallis,1,0,,,,,,,,,
415275,2009/10,2009-09-24,SuperSport Park,1,15.3,New Zealand,South Africa,LRPL Taylor,BB McCullum,JH Kallis,0,0,,,,,,,,,
415275,2009/10,2009-09-24,SuperSport Park,1,15.4,New Zealand,South Africa,LRPL Taylor,BB McCullum,JH Kallis,0,0,,,,,,,,,
415275,2009/10,2009-09-24,SuperSport Park,1,15.5,New Zealand,South Africa,LRPL Taylor,BB McCullum,JH Kallis,0,0,,,,,,,,,
415275,2009/10,2009-09-24,SuperSport Park,1,15.6,New Zealand,South Africa,LRPL Taylor,BB McCullum,JH Kallis,0,0,,,,,,,,,
415275,2009/10,2009-09-24,SuperSport Park,1,16.1,New Zealand,South Africa,BB McCullum,LRPL Taylor,JA Morkel,1,0,,,,,,,,,
415275,2009/10,2009-09-24,SuperSport Park,1,16.2,New Zealand,South Africa,LRPL Taylor,BB McCullum,JA Morkel,0,0,,,,,,,,,
415275,2009/10,2009-09-24,SuperSport Park,1,16.3,New Zealand,South Africa,LRPL Taylor,BB McCullum,JA Morkel,0,0,,,,,,,,,
415275,2009/10,2009-09-24,SuperSport Park,1,16.4,New Zealand,South Africa,LRPL Taylor,BB McCullum,JA Morkel,0,0,,,,,,,,,
415275,2009/10,2009-09-24,SuperSport Park,1,16.5,New Zealand,South Africa,LRPL Taylor,BB McCullum,JA Morkel,0,0,,,,,,,,,
415275,2009/10,2009-09-24,SuperSport Park,1,16.6,New Zealand,South Africa,LRPL Taylor,BB McCullum,JA Morkel,0,0,,,,,,,,,
415275,2009/10,2009-09-24,SuperSport Park,1,17.1,New Zealand,South Africa,BB McCullum,LRPL Taylor,JH Kallis,0,0,,,,,,,,,
415275,2009/10,2009-09-24,SuperSport Park,1,17.2,New Zealand,South Africa,BB McCullum,LRPL Taylor,JH Kallis,0,0,,,,,,,,,
415275,2009/10,2009-09-24,SuperSport Park,1,17.3,New Zealand,South Africa,BB McCullum,LRPL Taylor,JH Kallis,0,0,,,,,,,,,
415275,2009/10,2009-09-24,SuperSport Park,1,17.4,New Zealand,South Africa,BB McCullum,LRPL Taylor,JH Kallis,1,0,,,,,,,,,
415275,2009/10,2009-09-24,SuperSport Park,1,17.5,New Zealand,South Africa,LRPL Taylor,BB McCullum,JH Kallis,1,0,,,,,,,,,
415275,2009/10,2009-09-24,SuperSport Park,1,17.6,New Zealand,South Africa,BB McCullum,LRPL Taylor,JH Kallis,0,0,,,,,,,,,
415275,2009/10,2009-09-24,SuperSport Park,1,18.1,New Zealand,South Africa,LRPL Taylor,BB McCullum,JA Morkel,1,0,,,,,,,,,
415275,2009/10,2009-09-24,SuperSport Park,1,18.2,New Zealand,South Africa,BB McCullum,LRPL Taylor,JA Morkel,0,1,,1,,,,,,,
415275,2009/10,2009-09-24,SuperSport Park,1,18.3,New Zealand,South Africa,BB McCullum,LRPL Taylor,JA Morkel,6,0,,,,,,,,,
415275,2009/10,2009-09-24,SuperSport Park,1,18.4,New Zealand,South Africa,BB McCullum,LRPL Taylor,JA Morkel,1,0,,,,,,,,,
415275,2009/10,2009-09-24,SuperSport Park,1,18.5,New Zealand,South Africa,LRPL Taylor,BB McCullum,JA Morkel,0,0,,,,,,,,,
415275,2009/10,2009-09-24,SuperSport Park,1,18.6,New Zealand,South Africa,LRPL Taylor,BB McCullum,JA Morkel,1,0,,,,,,,,,
415275,2009/10,2009-09-24,SuperSport Park,1,18.7,New Zealand,South Africa,BB McCullum,LRPL Taylor,JA Morkel,1,0,,,,,,,,,
415275,2009/10,2009-09-24,SuperSport Park,1,19.1,New Zealand,South Africa,BB McCullum,LRPL Taylor,J Botha,0,0,,,,,,,,,
415275,2009/10,2009-09-24,SuperSport Park,1,19.2,New Zealand,South Africa,BB McCullum,LRPL Taylor,J Botha,0,0,,,,,,,,,
415275,2009/10,2009-09-24,SuperSport Park,1,19.3,New Zealand,South Africa,BB McCullum,LRPL Taylor,J Botha,0,0,,,,,,,,,
415275,2009/10,2009-09-24,SuperSport Park,1,19.4,New Zealand,South Africa,BB McCullum,LRPL Taylor,J Botha,1,0,,,,,,,,,
415275,2009/10,2009-09-24,SuperSport Park,1,19.5,New Zealand,South Africa,LRPL Taylor,BB McCullum,J Botha,1,0,,,,,,,,,
415275,2009/10,2009-09-24,SuperSport Park,1,19.6,New Zealand,South Africa,BB McCullum,LRPL Taylor,J Botha,1,0,,,,,,,,,
415275,2009/10,2009-09-24,SuperSport Park,1,20.1,New Zealand,South Africa,BB McCullum,LRPL Taylor,RE van der Merwe,0,0,,,,,,,,,
415275,2009/10,2009-09-24,SuperSport Park,1,20.2,New Zealand,South Africa,BB McCullum,LRPL Taylor,RE van der Merwe,1,0,,,,,,,,,
415275,2009/10,2009-09-24,SuperSport Park,1,20.3,New Zealand,South Africa,LRPL Taylor,BB McCullum,RE van der Merwe,0,0,,,,,,,,,
415275,2009/10,2009-09-24,SuperSport Park,1,20.4,New Zealand,South Africa,LRPL Taylor,BB McCullum,RE van der Merwe,0,0,,,,,,,,,
415275,2009/10,2009-09-24,SuperSport Park,1,20.5,New Zealand,South Africa,LRPL Taylor,BB McCullum,RE van der Merwe,0,0,,,,,,,,,
415275,2009/10,2009-09-24,SuperSport Park,1,20.6,New Zealand,South Africa,LRPL Taylor,BB McCullum,RE van der Merwe,0,0,,,,,,,,,
415275,2009/10,2009-09-24,SuperSport Park,1,21.1,New Zealand,South Africa,BB McCullum,LRPL Taylor,J Botha,0,0,,,,,,,,,
415275,2009/10,2009-09-24,SuperSport Park,1,21.2,New Zealand,South Africa,BB McCullum,LRPL Taylor,J Botha,1,0,,,,,,,,,
415275,2009/10,2009-09-24,SuperSport Park,1,21.3,New Zealand,South Africa,LRPL Taylor,BB McCullum,J Botha,0,0,,,,,,,,,
415275,2009/10,2009-09-24,SuperSport Park,1,21.4,New Zealand,South Africa,LRPL Taylor,BB McCullum,J Botha,1,0,,,,,,,,,
415275,2009/10,2009-09-24,SuperSport Park,1,21.5,New Zealand,South Africa,BB McCullum,LRPL Taylor,J Botha,1,0,,,,,,,,,
415275,2009/10,2009-09-24,SuperSport Park,1,21.6,New Zealand,South Africa,LRPL Taylor,BB McCullum,J Botha,1,0,,,,,,,,,
415275,2009/10,2009-09-24,SuperSport Park,1,22.1,New Zealand,South Africa,LRPL Taylor,BB McCullum,RE van der Merwe,0,0,,,,,,,,,
415275,2009/10,2009-09-24,SuperSport Park,1,22.2,New Zealand,South Africa,LRPL Taylor,BB McCullum,RE van der Merwe,0,0,,,,,,,,,
415275,2009/10,2009-09-24,SuperSport Park,1,22.3,New Zealand,South Africa,LRPL Taylor,BB McCullum,RE van der Merwe,0,0,,,,,,,,,
415275,2009/10,2009-09-24,SuperSport Park,1,22.4,New Zealand,South Africa,LRPL Taylor,BB McCullum,RE van der Merwe,0,0,,,,,,,,,
415275,2009/10,2009-09-24,SuperSport Park,1,22.5,New Zealand,South Africa,LRPL Taylor,BB McCullum,RE van der Merwe,4,0,,,,,,,,,
415275,2009/10,2009-09-24,SuperSport Park,1,22.6,New Zealand,South Africa,LRPL Taylor,BB McCullum,RE van der Merwe,0,0,,,,,,,,,
415275,2009/10,2009-09-24,SuperSport Park,1,23.1,New Zealand,South Africa,BB McCullum,LRPL Taylor,J Botha,0,0,,,,,,caught,BB McCullum,,
415275,2009/10,2009-09-24,SuperSport Park,1,23.2,New Zealand,South Africa,GD Elliott,LRPL Taylor,J Botha,0,0,,,,,,,,,
415275,2009/10,2009-09-24,SuperSport Park,1,23.3,New Zealand,South Africa,GD Elliott,LRPL Taylor,J Botha,0,0,,,,,,,,,
415275,2009/10,2009-09-24,SuperSport Park,1,23.4,New Zealand,South Africa,GD Elliott,LRPL Taylor,J Botha,0,0,,,,,,,,,
415275,2009/10,2009-09-24,SuperSport Park,1,23.5,New Zealand,South Africa,GD Elliott,LRPL Taylor,J Botha,0,0,,,,,,,,,
415275,2009/10,2009-09-24,SuperSport Park,1,23.6,New Zealand,South Africa,GD Elliott,LRPL Taylor,J Botha,0,0,,,,,,,,,
415275,2009/10,2009-09-24,SuperSport Park,1,24.1,New Zealand,South Africa,LRPL Taylor,GD Elliott,RE van der Merwe,0,0,,,,,,,,,
415275,2009/10,2009-09-24,SuperSport Park,1,24.2,New Zealand,South Africa,LRPL Taylor,GD Elliott,RE van der Merwe,0,0,,,,,,,,,
415275,2009/10,2009-09-24,SuperSport Park,1,24.3,New Zealand,South Africa,LRPL Taylor,GD Elliott,RE van der Merwe,0,0,,,,,,,,,
415275,2009/10,2009-09-24,SuperSport Park,1,24.4,New Zealand,South Africa,LRPL Taylor,GD Elliott,RE van der Merwe,0,0,,,,,,,,,
415275,2009/10,2009-09-24,SuperSport Park,1,24.5,New Zealand,South Africa,LRPL Taylor,GD Elliott,RE van der Merwe,0,2,,,,2,,,,,
415275,2009/10,2009-09-24,SuperSport Park,1,24.6,New Zealand,South Africa,LRPL Taylor,GD Elliott,RE van der Merwe,0,0,,,,,,,,,
415275,2009/10,2009-09-24,SuperSport Park,1,25.1,New Zealand,South Africa,GD Elliott,LRPL Taylor,J Botha,2,0,,,,,,,,,
415275,2009/10,2009-09-24,SuperSport Park,1,25.2,New Zealand,South Africa,GD Elliott,LRPL Taylor,J Botha,1,0,,,,,,,,,
415275,2009/10,2009-09-24,SuperSport Park,1,25.3,New Zealand,South Africa,LRPL Taylor,GD Elliott,J Botha,0,0,,,,,,,,,
415275,2009/10,2009-09-24,SuperSport Park,1,25.4,New Zealand,South Africa,LRPL Taylor,GD Elliott,J Botha,0,0,,,,,,,,,
415275,2009/10,2009-09-24,SuperSport Park,1,25.5,New Zealand,South Africa,LRPL Taylor,GD Elliott,J Botha,1,0,,,,,,,,,
415275,2009/10,2009-09-24,SuperSport Park,1,25.6,New Zealand,South Africa,GD Elliott,LRPL Taylor,J Botha,1,0,,,,,,,,,
415275,2009/10,2009-09-24,SuperSport Park,1,26.1,New Zealand,South Africa,GD Elliott,LRPL Taylor,RE van der Merwe,0,0,,,,,,,,,
415275,2009/10,2009-09-24,SuperSport Park,1,26.2,New Zealand,South Africa,GD Elliott,LRPL Taylor,RE van der Merwe,0,0,,,,,,,,,
415275,2009/10,2009-09-24,SuperSport Park,1,26.3,New Zealand,South Africa,GD Elliott,LRPL Taylor,RE van der Merwe,0,0,,,,,,,,,
415275,2009/10,2009-09-24,SuperSport Park,1,26.4,New Zealand,South Africa,GD Elliott,LRPL Taylor,RE van der Merwe,2,0,,,,,,,,,
415275,2009/10,2009-09-24,SuperSport Park,1,26.5,New Zealand,South Africa,GD Elliott,LRPL Taylor,RE van der Merwe,1,0,,,,,,,,,
415275,2009/10,2009-09-24,SuperSport Park,1,26.6,New Zealand,South Africa,LRPL Taylor,GD Elliott,RE van der Merwe,0,0,,,,,,,,,
415275,2009/10,2009-09-24,SuperSport Park,1,27.1,New Zealand,South Africa,GD Elliott,LRPL Taylor,J Botha,0,0,,,,,,,,,
415275,2009/10,2009-09-24,SuperSport Park,1,27.2,New Zealand,South Africa,GD Elliott,LRPL Taylor,J Botha,0,0,,,,,,,,,
415275,2009/10,2009-09-24,SuperSport Park,1,27.3,New Zealand,South Africa,GD Elliott,LRPL Taylor,J Botha,0,4,,,4,,,,,,
415275,2009/10,2009-09-24,SuperSport Park,1,27.4,New Zealand,South Africa,GD Elliott,LRPL Taylor,J Botha,1,0,,,,,,,,,
415275,2009/10,2009-09-24,SuperSport Park,1,27.5,New Zealand,South Africa,LRPL Taylor,GD Elliott,J Botha,1,0,,,,,,,,,
415275,2009/10,2009-09-24,SuperSport Park,1,27.6,New Zealand,South Africa,GD Elliott,LRPL Taylor,J Botha,0,0,,,,,,,,,
415275,2009/10,2009-09-24,SuperSport Park,1,28.1,New Zealand,South Africa,LRPL Taylor,GD Elliott,RE van der Merwe,1,0,,,,,,,,,
415275,2009/10,2009-09-24,SuperSport Park,1,28.2,New Zealand,South Africa,GD Elliott,LRPL Taylor,RE van der Merwe,0,0,,,,,,,,,
415275,2009/10,2009-09-24,SuperSport Park,1,28.3,New Zealand,South Africa,GD Elliott,LRPL Taylor,RE van der Merwe,0,0,,,,,,,,,
415275,2009/10,2009-09-24,SuperSport Park,1,28.4,New Zealand,South Africa,GD Elliott,LRPL Taylor,RE van der Merwe,1,0,,,,,,,,,
415275,2009/10,2009-09-24,SuperSport Park,1,28.5,New Zealand,South Africa,LRPL Taylor,GD Elliott,RE van der Merwe,0,0,,,,,,,,,
415275,2009/10,2009-09-24,SuperSport Park,1,28.6,New Zealand,South Africa,LRPL Taylor,GD Elliott,RE van der Merwe,1,0,,,,,,,,,
415275,2009/10,2009-09-24,SuperSport Park,1,29.1,New Zealand,South Africa,LRPL Taylor,GD Elliott,J Botha,0,0,,,,,,,,,
415275,2009/10,2009-09-24,SuperSport Park,1,29.2,New Zealand,South Africa,LRPL Taylor,GD Elliott,J Botha,0,0,,,,,,,,,
415275,2009/10,2009-09-24,SuperSport Park,1,29.3,New Zealand,South Africa,LRPL Taylor,GD Elliott,J Botha,1,0,,,,,,,,,
415275,2009/10,2009-09-24,SuperSport Park,1,29.4,New Zealand,South Africa,GD Elliott,LRPL Taylor,J Botha,1,0,,,,,,,,,
415275,2009/10,2009-09-24,SuperSport Park,1,29.5,New Zealand,South Africa,LRPL Taylor,GD Elliott,J Botha,0,0,,,,,,,,,
415275,2009/10,2009-09-24,SuperSport Park,1,29.6,New Zealand,South Africa,LRPL Taylor,GD Elliott,J Botha,1,0,,,,,,,,,
415275,2009/10,2009-09-24,SuperSport Park,1,30.1,New Zealand,South Africa,LRPL Taylor,GD Elliott,RE van der Merwe,1,0,,,,,,,,,
415275,2009/10,2009-09-24,SuperSport Park,1,30.2,New Zealand,South Africa,GD Elliott,LRPL Taylor,RE van der Merwe,1,0,,,,,,,,,
415275,2009/10,2009-09-24,SuperSport Park,1,30.3,New Zealand,South Africa,LRPL Taylor,GD Elliott,RE van der Merwe,0,0,,,,,,,,,
415275,2009/10,2009-09-24,SuperSport Park,1,30.4,New Zealand,South Africa,LRPL Taylor,GD Elliott,RE van der Merwe,0,0,,,,,,,,,
415275,2009/10,2009-09-24,SuperSport Park,1,30.5,New Zealand,South Africa,LRPL Taylor,GD Elliott,RE van der Merwe,0,0,,,,,,,,,
415275,2009/10,2009-09-24,SuperSport Park,1,30.6,New Zealand,South Africa,LRPL Taylor,GD Elliott,RE van der Merwe,1,0,,,,,,,,,
415275,2009/10,2009-09-24,SuperSport Park,1,31.1,New Zealand,South Africa,LRPL Taylor,GD Elliott,J Botha,1,0,,,,,,,,,
415275,2009/10,2009-09-24,SuperSport Park,1,31.2,New Zealand,South Africa,GD Elliott,LRPL Taylor,J Botha,0,0,,,,,,,,,
415275,2009/10,2009-09-24,SuperSport Park,1,31.3,New Zealand,South Africa,GD Elliott,LRPL Taylor,J Botha,0,0,,,,,,,,,
415275,2009/10,2009-09-24,SuperSport Park,1,31.4,New Zealand,South Africa,GD Elliott,LRPL Taylor,J Botha,1,0,,,,,,,,,
415275,2009/10,2009-09-24,SuperSport Park,1,31.5,New Zealand,South Africa,LRPL Taylor,GD Elliott,J Botha,1,0,,,,,,,,,
415275,2009/10,2009-09-24,SuperSport Park,1,31.6,New Zealand,South Africa,GD Elliott,LRPL Taylor,J Botha,2,0,,,,,,,,,
415275,2009/10,2009-09-24,SuperSport Park,1,32.1,New Zealand,South Africa,LRPL Taylor,GD Elliott,DW Steyn,0,0,,,,,,,,,
415275,2009/10,2009-09-24,SuperSport Park,1,32.2,New Zealand,South Africa,LRPL Taylor,GD Elliott,DW Steyn,0,0,,,,,,,,,
415275,2009/10,2009-09-24,SuperSport Park,1,32.3,New Zealand,South Africa,LRPL Taylor,GD Elliott,DW Steyn,0,0,,,,,,,,,
415275,2009/10,2009-09-24,SuperSport Park,1,32.4,New Zealand,South Africa,LRPL Taylor,GD Elliott,DW Steyn,1,0,,,,,,,,,
415275,2009/10,2009-09-24,SuperSport Park,1,32.5,New Zealand,South Africa,GD Elliott,LRPL Taylor,DW Steyn,0,0,,,,,,,,,
415275,2009/10,2009-09-24,SuperSport Park,1,32.6,New Zealand,South Africa,GD Elliott,LRPL Taylor,DW Steyn,0,0,,,,,,,,,
415275,2009/10,2009-09-24,SuperSport Park,1,33.1,New Zealand,South Africa,LRPL Taylor,GD Elliott,J Botha,1,0,,,,,,,,,
415275,2009/10,2009-09-24,SuperSport Park,1,33.2,New Zealand,South Africa,GD Elliott,LRPL Taylor,J Botha,1,0,,,,,,,,,
415275,2009/10,2009-09-24,SuperSport Park,1,33.3,New Zealand,South Africa,LRPL Taylor,GD Elliott,J Botha,1,0,,,,,,,,,
415275,2009/10,2009-09-24,SuperSport Park,1,33.4,New Zealand,South Africa,GD Elliott,LRPL Taylor,J Botha,4,0,,,,,,,,,
415275,2009/10,2009-09-24,SuperSport Park,1,33.5,New Zealand,South Africa,GD Elliott,LRPL Taylor,J Botha,4,0,,,,,,,,,
415275,2009/10,2009-09-24,SuperSport Park,1,33.6,New Zealand,South Africa,GD Elliott,LRPL Taylor,J Botha,1,0,,,,,,,,,
415275,2009/10,2009-09-24,SuperSport Park,1,34.1,New Zealand,South Africa,GD Elliott,LRPL Taylor,DW Steyn,0,0,,,,,,,,,
415275,2009/10,2009-09-24,SuperSport Park,1,34.2,New Zealand,South Africa,GD Elliott,LRPL Taylor,DW Steyn,1,0,,,,,,,,,
415275,2009/10,2009-09-24,SuperSport Park,1,34.3,New Zealand,South Africa,LRPL Taylor,GD Elliott,DW Steyn,0,0,,,,,,,,,
415275,2009/10,2009-09-24,SuperSport Park,1,34.4,New Zealand,South Africa,LRPL Taylor,GD Elliott,DW Steyn,0,0,,,,,,,,,
415275,2009/10,2009-09-24,SuperSport Park,1,34.5,New Zealand,South Africa,LRPL Taylor,GD Elliott,DW Steyn,0,0,,,,,,,,,
415275,2009/10,2009-09-24,SuperSport Park,1,34.6,New Zealand,South Africa,LRPL Taylor,GD Elliott,DW Steyn,0,0,,,,,,,,,
415275,2009/10,2009-09-24,SuperSport Park,1,35.1,New Zealand,South Africa,GD Elliott,LRPL Taylor,J Botha,1,0,,,,,,,,,
415275,2009/10,2009-09-24,SuperSport Park,1,35.2,New Zealand,South Africa,LRPL Taylor,GD Elliott,J Botha,0,0,,,,,,,,,
415275,2009/10,2009-09-24,SuperSport Park,1,35.3,New Zealand,South Africa,LRPL Taylor,GD Elliott,J Botha,1,0,,,,,,,,,
415275,2009/10,2009-09-24,SuperSport Park,1,35.4,New Zealand,South Africa,GD Elliott,LRPL Taylor,J Botha,4,0,,,,,,,,,
415275,2009/10,2009-09-24,SuperSport Park,1,35.5,New Zealand,South Africa,GD Elliott,LRPL Taylor,J Botha,4,0,,,,,,,,,
415275,2009/10,2009-09-24,SuperSport Park,1,35.6,New Zealand,South Africa,GD Elliott,LRPL Taylor,J Botha,0,0,,,,,,,,,
415275,2009/10,2009-09-24,SuperSport Park,1,36.1,New Zealand,South Africa,LRPL Taylor,GD Elliott,RE van der Merwe,1,0,,,,,,,,,
415275,2009/10,2009-09-24,SuperSport Park,1,36.2,New Zealand,South Africa,GD Elliott,LRPL Taylor,RE van der Merwe,1,0,,,,,,,,,
415275,2009/10,2009-09-24,SuperSport Park,1,36.3,New Zealand,South Africa,LRPL Taylor,GD Elliott,RE van der Merwe,1,0,,,,,,,,,
415275,2009/10,2009-09-24,SuperSport Park,1,36.4,New Zealand,South Africa,GD Elliott,LRPL Taylor,RE van der Merwe,1,0,,,,,,,,,
415275,2009/10,2009-09-24,SuperSport Park,1,36.5,New Zealand,South Africa,LRPL Taylor,GD Elliott,RE van der Merwe,1,0,,,,,,,,,
415275,2009/10,2009-09-24,SuperSport Park,1,36.6,New Zealand,South Africa,GD Elliott,LRPL Taylor,RE van der Merwe,1,0,,,,,,,,,
415275,2009/10,2009-09-24,SuperSport Park,1,37.1,New Zealand,South Africa,GD Elliott,LRPL Taylor,JH Kallis,1,0,,,,,,,,,
415275,2009/10,2009-09-24,SuperSport Park,1,37.2,New Zealand,South Africa,LRPL Taylor,GD Elliott,JH Kallis,0,0,,,,,,,,,
415275,2009/10,2009-09-24,SuperSport Park,1,37.3,New Zealand,South Africa,LRPL Taylor,GD Elliott,JH Kallis,0,0,,,,,,,,,
415275,2009/10,2009-09-24,SuperSport Park,1,37.4,New Zealand,South Africa,LRPL Taylor,GD Elliott,JH Kallis,6,0,,,,,,,,,
415275,2009/10,2009-09-24,SuperSport Park,1,37.5,New Zealand,South Africa,LRPL Taylor,GD Elliott,JH Kallis,1,0,,,,,,,,,
415275,2009/10,2009-09-24,SuperSport Park,1,37.6,New Zealand,South Africa,GD Elliott,LRPL Taylor,JH Kallis,1,0,,,,,,,,,
415275,2009/10,2009-09-24,SuperSport Park,1,38.1,New Zealand,South Africa,GD Elliott,LRPL Taylor,RE van der Merwe,0,0,,,,,,,,,
415275,2009/10,2009-09-24,SuperSport Park,1,38.2,New Zealand,South Africa,GD Elliott,LRPL Taylor,RE van der Merwe,0,1,,,,1,,,,,
415275,2009/10,2009-09-24,SuperSport Park,1,38.3,New Zealand,South Africa,LRPL Taylor,GD Elliott,RE van der Merwe,0,0,,,,,,,,,
415275,2009/10,2009-09-24,SuperSport Park,1,38.4,New Zealand,South Africa,LRPL Taylor,GD Elliott,RE van der Merwe,1,0,,,,,,,,,
415275,2009/10,2009-09-24,SuperSport Park,1,38.5,New Zealand,South Africa,GD Elliott,LRPL Taylor,RE van der Merwe,0,0,,,,,,,,,
415275,2009/10,2009-09-24,SuperSport Park,1,38.6,New Zealand,South Africa,GD Elliott,LRPL Taylor,RE van der Merwe,0,0,,,,,,bowled,GD Elliott,,
415275,2009/10,2009-09-24,SuperSport Park,1,39.1,New Zealand,South Africa,LRPL Taylor,NT Broom,JH Kallis,0,0,,,,,,,,,
415275,2009/10,2009-09-24,SuperSport Park,1,39.2,New Zealand,South Africa,LRPL Taylor,NT Broom,JH Kallis,1,0,,,,,,,,,
415275,2009/10,2009-09-24,SuperSport Park,1,39.3,New Zealand,South Africa,NT Broom,LRPL Taylor,JH Kallis,0,0,,,,,,,,,
415275,2009/10,2009-09-24,SuperSport Park,1,39.4,New Zealand,South Africa,NT Broom,LRPL Taylor,JH Kallis,1,0,,,,,,,,,
415275,2009/10,2009-09-24,SuperSport Park,1,39.5,New Zealand,South Africa,LRPL Taylor,NT Broom,JH Kallis,1,0,,,,,,,,,
415275,2009/10,2009-09-24,SuperSport Park,1,39.6,New Zealand,South Africa,NT Broom,LRPL Taylor,JH Kallis,0,0,,,,,,,,,
415275,2009/10,2009-09-24,SuperSport Park,1,40.1,New Zealand,South Africa,LRPL Taylor,NT Broom,RE van der Merwe,0,0,,,,,,,,,
415275,2009/10,2009-09-24,SuperSport Park,1,40.2,New Zealand,South Africa,LRPL Taylor,NT Broom,RE van der Merwe,4,0,,,,,,,,,
415275,2009/10,2009-09-24,SuperSport Park,1,40.3,New Zealand,South Africa,LRPL Taylor,NT Broom,RE van der Merwe,0,0,,,,,,,,,
415275,2009/10,2009-09-24,SuperSport Park,1,40.4,New Zealand,South Africa,LRPL Taylor,NT Broom,RE van der Merwe,1,0,,,,,,,,,
415275,2009/10,2009-09-24,SuperSport Park,1,40.5,New Zealand,South Africa,NT Broom,LRPL Taylor,RE van der Merwe,0,0,,,,,,lbw,NT Broom,,
415275,2009/10,2009-09-24,SuperSport Park,1,40.6,New Zealand,South Africa,GJ Hopkins,LRPL Taylor,RE van der Merwe,1,0,,,,,,,,,
415275,2009/10,2009-09-24,SuperSport Park,1,41.1,New Zealand,South Africa,GJ Hopkins,LRPL Taylor,JH Kallis,0,0,,,,,,,,,
415275,2009/10,2009-09-24,SuperSport Park,1,41.2,New Zealand,South Africa,GJ Hopkins,LRPL Taylor,JH Kallis,0,0,,,,,,,,,
415275,2009/10,2009-09-24,SuperSport Park,1,41.3,New Zealand,South Africa,GJ Hopkins,LRPL Taylor,JH Kallis,0,1,,,,1,,,,,
415275,2009/10,2009-09-24,SuperSport Park,1,41.4,New Zealand,South Africa,LRPL Taylor,GJ Hopkins,JH Kallis,1,0,,,,,,,,,
415275,2009/10,2009-09-24,SuperSport Park,1,41.5,New Zealand,South Africa,GJ Hopkins,LRPL Taylor,JH Kallis,0,0,,,,,,,,,
415275,2009/10,2009-09-24,SuperSport Park,1,41.6,New Zealand,South Africa,GJ Hopkins,LRPL Taylor,JH Kallis,0,0,,,,,,,,,
415275,2009/10,2009-09-24,SuperSport Park,1,42.1,New Zealand,South Africa,LRPL Taylor,GJ Hopkins,RE van der Merwe,1,0,,,,,,,,,
415275,2009/10,2009-09-24,SuperSport Park,1,42.2,New Zealand,South Africa,GJ Hopkins,LRPL Taylor,RE van der Merwe,0,0,,,,,,,,,
415275,2009/10,2009-09-24,SuperSport Park,1,42.3,New Zealand,South Africa,GJ Hopkins,LRPL Taylor,RE van der Merwe,1,0,,,,,,,,,
415275,2009/10,2009-09-24,SuperSport Park,1,42.4,New Zealand,South Africa,LRPL Taylor,GJ Hopkins,RE van der Merwe,0,0,,,,,,,,,
415275,2009/10,2009-09-24,SuperSport Park,1,42.5,New Zealand,South Africa,LRPL Taylor,GJ Hopkins,RE van der Merwe,6,0,,,,,,,,,
415275,2009/10,2009-09-24,SuperSport Park,1,42.6,New Zealand,South Africa,LRPL Taylor,GJ Hopkins,RE van der Merwe,0,0,,,,,,,,,
415275,2009/10,2009-09-24,SuperSport Park,1,43.1,New Zealand,South Africa,GJ Hopkins,LRPL Taylor,DW Steyn,1,0,,,,,,,,,
415275,2009/10,2009-09-24,SuperSport Park,1,43.2,New Zealand,South Africa,LRPL Taylor,GJ Hopkins,DW Steyn,0,0,,,,,,,,,
415275,2009/10,2009-09-24,SuperSport Park,1,43.3,New Zealand,South Africa,LRPL Taylor,GJ Hopkins,DW Steyn,0,0,,,,,,,,,
415275,2009/10,2009-09-24,SuperSport Park,1,43.4,New Zealand,South Africa,LRPL Taylor,GJ Hopkins,DW Steyn,1,0,,,,,,,,,
415275,2009/10,2009-09-24,SuperSport Park,1,43.5,New Zealand,South Africa,GJ Hopkins,LRPL Taylor,DW Steyn,4,0,,,,,,,,,
415275,2009/10,2009-09-24,SuperSport Park,1,43.6,New Zealand,South Africa,GJ Hopkins,LRPL Taylor,DW Steyn,4,0,,,,,,,,,
415275,2009/10,2009-09-24,SuperSport Park,1,44.1,New Zealand,South Africa,LRPL Taylor,GJ Hopkins,WD Parnell,4,0,,,,,,,,,
415275,2009/10,2009-09-24,SuperSport Park,1,44.2,New Zealand,South Africa,LRPL Taylor,GJ Hopkins,WD Parnell,4,0,,,,,,,,,
415275,2009/10,2009-09-24,SuperSport Park,1,44.3,New Zealand,South Africa,LRPL Taylor,GJ Hopkins,WD Parnell,0,0,,,,,,,,,
415275,2009/10,2009-09-24,SuperSport Park,1,44.4,New Zealand,South Africa,LRPL Taylor,GJ Hopkins,WD Parnell,1,0,,,,,,,,,
415275,2009/10,2009-09-24,SuperSport Park,1,44.5,New Zealand,South Africa,GJ Hopkins,LRPL Taylor,WD Parnell,2,0,,,,,,,,,
415275,2009/10,2009-09-24,SuperSport Park,1,44.6,New Zealand,South Africa,GJ Hopkins,LRPL Taylor,WD Parnell,0,0,,,,,,caught,GJ Hopkins,,
415275,2009/10,2009-09-24,SuperSport Park,1,45.1,New Zealand,South Africa,LRPL Taylor,KD Mills,DW Steyn,0,0,,,,,,,,,
415275,2009/10,2009-09-24,SuperSport Park,1,45.2,New Zealand,South Africa,LRPL Taylor,KD Mills,DW Steyn,1,0,,,,,,,,,
415275,2009/10,2009-09-24,SuperSport Park,1,45.3,New Zealand,South Africa,KD Mills,LRPL Taylor,DW Steyn,0,0,,,,,,,,,
415275,2009/10,2009-09-24,SuperSport Park,1,45.4,New Zealand,South Africa,KD Mills,LRPL Taylor,DW Steyn,0,0,,,,,,,,,
415275,2009/10,2009-09-24,SuperSport Park,1,45.5,New Zealand,South Africa,KD Mills,LRPL Taylor,DW Steyn,0,0,,,,,,caught,KD Mills,,
415275,2009/10,2009-09-24,SuperSport Park,1,45.6,New Zealand,South Africa,LRPL Taylor,DL Vettori,DW Steyn,1,0,,,,,,,,,
415275,2009/10,2009-09-24,SuperSport Park,1,46.1,New Zealand,South Africa,LRPL Taylor,DL Vettori,WD Parnell,4,0,,,,,,,,,
415275,2009/10,2009-09-24,SuperSport Park,1,46.2,New Zealand,South Africa,LRPL Taylor,DL Vettori,WD Parnell,0,0,,,,,,,,,
415275,2009/10,2009-09-24,SuperSport Park,1,46.3,New Zealand,South Africa,LRPL Taylor,DL Vettori,WD Parnell,0,0,,,,,,lbw,LRPL Taylor,,
415275,2009/10,2009-09-24,SuperSport Park,1,46.4,New Zealand,South Africa,DR Tuffey,DL Vettori,WD Parnell,4,0,,,,,,,,,
415275,2009/10,2009-09-24,SuperSport Park,1,46.5,New Zealand,South Africa,DR Tuffey,DL Vettori,WD Parnell,0,0,,,,,,caught,DR Tuffey,,
415275,2009/10,2009-09-24,SuperSport Park,1,46.6,New Zealand,South Africa,SE Bond,DL Vettori,WD Parnell,0,0,,,,,,,,,
415275,2009/10,2009-09-24,SuperSport Park,1,47.1,New Zealand,South Africa,DL Vettori,SE Bond,DW Steyn,0,0,,,,,,,,,
415275,2009/10,2009-09-24,SuperSport Park,1,47.2,New Zealand,South Africa,DL Vettori,SE Bond,DW Steyn,1,0,,,,,,,,,
415275,2009/10,2009-09-24,SuperSport Park,1,47.3,New Zealand,South Africa,SE Bond,DL Vettori,DW Steyn,0,0,,,,,,,,,
415275,2009/10,2009-09-24,SuperSport Park,1,47.4,New Zealand,South Africa,SE Bond,DL Vettori,DW Steyn,0,0,,,,,,,,,
415275,2009/10,2009-09-24,SuperSport Park,1,47.5,New Zealand,South Africa,SE Bond,DL Vettori,DW Steyn,0,0,,,,,,caught,SE Bond,,
415275,2009/10,2009-09-24,SuperSport Park,2,0.1,South Africa,New Zealand,GC Smith,HM Amla,KD Mills,1,0,,,,,,,,,
415275,2009/10,2009-09-24,SuperSport Park,2,0.2,South Africa,New Zealand,HM Amla,GC Smith,KD Mills,0,0,,,,,,,,,
415275,2009/10,2009-09-24,SuperSport Park,2,0.3,South Africa,New Zealand,HM Amla,GC Smith,KD Mills,0,0,,,,,,,,,
415275,2009/10,2009-09-24,SuperSport Park,2,0.4,South Africa,New Zealand,HM Amla,GC Smith,KD Mills,0,1,,1,,,,,,,
415275,2009/10,2009-09-24,SuperSport Park,2,0.5,South Africa,New Zealand,HM Amla,GC Smith,KD Mills,1,0,,,,,,,,,
415275,2009/10,2009-09-24,SuperSport Park,2,0.6,South Africa,New Zealand,GC Smith,HM Amla,KD Mills,0,0,,,,,,,,,
415275,2009/10,2009-09-24,SuperSport Park,2,0.7,South Africa,New Zealand,GC Smith,HM Amla,KD Mills,1,0,,,,,,,,,
415275,2009/10,2009-09-24,SuperSport Park,2,1.1,South Africa,New Zealand,GC Smith,HM Amla,SE Bond,0,1,,,,1,,,,,
415275,2009/10,2009-09-24,SuperSport Park,2,1.2,South Africa,New Zealand,HM Amla,GC Smith,SE Bond,0,0,,,,,,,,,
415275,2009/10,2009-09-24,SuperSport Park,2,1.3,South Africa,New Zealand,HM Amla,GC Smith,SE Bond,0,0,,,,,,,,,
415275,2009/10,2009-09-24,SuperSport Park,2,1.4,South Africa,New Zealand,HM Amla,GC Smith,SE Bond,0,0,,,,,,,,,
415275,2009/10,2009-09-24,SuperSport Park,2,1.5,South Africa,New Zealand,HM Amla,GC Smith,SE Bond,2,0,,,,,,,,,
415275,2009/10,2009-09-24,SuperSport Park,2,1.6,South Africa,New Zealand,HM Amla,GC Smith,SE Bond,1,0,,,,,,,,,
415275,2009/10,2009-09-24,SuperSport Park,2,2.1,South Africa,New Zealand,HM Amla,GC Smith,KD Mills,0,0,,,,,,,,,
415275,2009/10,2009-09-24,SuperSport Park,2,2.2,South Africa,New Zealand,HM Amla,GC Smith,KD Mills,2,0,,,,,,,,,
415275,2009/10,2009-09-24,SuperSport Park,2,2.3,South Africa,New Zealand,HM Amla,GC Smith,KD Mills,0,0,,,,,,,,,
415275,2009/10,2009-09-24,SuperSport Park,2,2.4,South Africa,New Zealand,HM Amla,GC Smith,KD Mills,0,0,,,,,,,,,
415275,2009/10,2009-09-24,SuperSport Park,2,2.5,South Africa,New Zealand,HM Amla,GC Smith,KD Mills,4,0,,,,,,,,,
415275,2009/10,2009-09-24,SuperSport Park,2,2.6,South Africa,New Zealand,HM Amla,GC Smith,KD Mills,0,0,,,,,,,,,
415275,2009/10,2009-09-24,SuperSport Park,2,3.1,South Africa,New Zealand,GC Smith,HM Amla,SE Bond,1,0,,,,,,,,,
415275,2009/10,2009-09-24,SuperSport Park,2,3.2,South Africa,New Zealand,HM Amla,GC Smith,SE Bond,0,0,,,,,,,,,
415275,2009/10,2009-09-24,SuperSport Park,2,3.3,South Africa,New Zealand,HM Amla,GC Smith,SE Bond,1,0,,,,,,,,,
415275,2009/10,2009-09-24,SuperSport Park,2,3.4,South Africa,New Zealand,GC Smith,HM Amla,SE Bond,0,0,,,,,,,,,
415275,2009/10,2009-09-24,SuperSport Park,2,3.5,South Africa,New Zealand,GC Smith,HM Amla,SE Bond,0,0,,,,,,,,,
415275,2009/10,2009-09-24,SuperSport Park,2,3.6,South Africa,New Zealand,GC Smith,HM Amla,SE Bond,0,0,,,,,,,,,
415275,2009/10,2009-09-24,SuperSport Park,2,4.1,South Africa,New Zealand,HM Amla,GC Smith,KD Mills,0,0,,,,,,,,,
415275,2009/10,2009-09-24,SuperSport Park,2,4.2,South Africa,New Zealand,HM Amla,GC Smith,KD Mills,0,0,,,,,,,,,
415275,2009/10,2009-09-24,SuperSport Park,2,4.3,South Africa,New Zealand,HM Amla,GC Smith,KD Mills,0,0,,,,,,,,,
415275,2009/10,2009-09-24,SuperSport Park,2,4.4,South Africa,New Zealand,HM Amla,GC Smith,KD Mills,2,0,,,,,,,,,
415275,2009/10,2009-09-24,SuperSport Park,2,4.5,South Africa,New Zealand,HM Amla,GC Smith,KD Mills,0,0,,,,,,,,,
415275,2009/10,2009-09-24,SuperSport Park,2,4.6,South Africa,New Zealand,HM Amla,GC Smith,KD Mills,0,0,,,,,,,,,
415275,2009/10,2009-09-24,SuperSport Park,2,5.1,South Africa,New Zealand,GC Smith,HM Amla,DR Tuffey,0,0,,,,,,,,,
415275,2009/10,2009-09-24,SuperSport Park,2,5.2,South Africa,New Zealand,GC Smith,HM Amla,DR Tuffey,0,0,,,,,,,,,
415275,2009/10,2009-09-24,SuperSport Park,2,5.3,South Africa,New Zealand,GC Smith,HM Amla,DR Tuffey,0,0,,,,,,,,,
415275,2009/10,2009-09-24,SuperSport Park,2,5.4,South Africa,New Zealand,GC Smith,HM Amla,DR Tuffey,4,0,,,,,,,,,
415275,2009/10,2009-09-24,SuperSport Park,2,5.5,South Africa,New Zealand,GC Smith,HM Amla,DR Tuffey,0,0,,,,,,,,,
415275,2009/10,2009-09-24,SuperSport Park,2,5.6,South Africa,New Zealand,GC Smith,HM Amla,DR Tuffey,0,0,,,,,,caught,GC Smith,,
415275,2009/10,2009-09-24,SuperSport Park,2,6.1,South Africa,New Zealand,HM Amla,JH Kallis,KD Mills,1,0,,,,,,,,,
415275,2009/10,2009-09-24,SuperSport Park,2,6.2,South Africa,New Zealand,JH Kallis,HM Amla,KD Mills,1,0,,,,,,,,,
415275,2009/10,2009-09-24,SuperSport Park,2,6.3,South Africa,New Zealand,HM Amla,JH Kallis,KD Mills,1,0,,,,,,,,,
415275,2009/10,2009-09-24,SuperSport Park,2,6.4,South Africa,New Zealand,JH Kallis,HM Amla,KD Mills,4,0,,,,,,,,,
415275,2009/10,2009-09-24,SuperSport Park,2,6.5,South Africa,New Zealand,JH Kallis,HM Amla,KD Mills,0,0,,,,,,,,,
415275,2009/10,2009-09-24,SuperSport Park,2,6.6,South Africa,New Zealand,JH Kallis,HM Amla,KD Mills,0,0,,,,,,,,,
415275,2009/10,2009-09-24,SuperSport Park,2,7.1,South Africa,New Zealand,HM Amla,JH Kallis,DR Tuffey,0,0,,,,,,,,,
415275,2009/10,2009-09-24,SuperSport Park,2,7.2,South Africa,New Zealand,HM Amla,JH Kallis,DR Tuffey,0,0,,,,,,,,,
415275,2009/10,2009-09-24,SuperSport Park,2,7.3,South Africa,New Zealand,HM Amla,JH Kallis,DR Tuffey,0,0,,,,,,,,,
415275,2009/10,2009-09-24,SuperSport Park,2,7.4,South Africa,New Zealand,HM Amla,JH Kallis,DR Tuffey,0,0,,,,,,,,,
415275,2009/10,2009-09-24,SuperSport Park,2,7.5,South Africa,New Zealand,HM Amla,JH Kallis,DR Tuffey,0,0,,,,,,,,,
415275,2009/10,2009-09-24,SuperSport Park,2,7.6,South Africa,New Zealand,HM Amla,JH Kallis,DR Tuffey,0,0,,,,,,,,,
415275,2009/10,2009-09-24,SuperSport Park,2,8.1,South Africa,New Zealand,JH Kallis,HM Amla,SE Bond,4,0,,,,,,,,,
415275,2009/10,2009-09-24,SuperSport Park,2,8.2,South Africa,New Zealand,JH Kallis,HM Amla,SE Bond,0,0,,,,,,,,,
415275,2009/10,2009-09-24,SuperSport Park,2,8.3,South Africa,New Zealand,JH Kallis,HM Amla,SE Bond,1,0,,,,,,,,,
415275,2009/10,2009-09-24,SuperSport Park,2,8.4,South Africa,New Zealand,HM Amla,JH Kallis,SE Bond,0,0,,,,,,,,,
415275,2009/10,2009-09-24,SuperSport Park,2,8.5,South Africa,New Zealand,HM Amla,JH Kallis,SE Bond,1,0,,,,,,,,,
415275,2009/10,2009-09-24,SuperSport Park,2,8.6,South Africa,New Zealand,JH Kallis,HM Amla,SE Bond,1,0,,,,,,,,,
415275,2009/10,2009-09-24,SuperSport Park,2,9.1,South Africa,New Zealand,JH Kallis,HM Amla,DR Tuffey,0,0,,,,,,,,,
415275,2009/10,2009-09-24,SuperSport Park,2,9.2,South Africa,New Zealand,JH Kallis,HM Amla,DR Tuffey,4,0,,,,,,,,,
415275,2009/10,2009-09-24,SuperSport Park,2,9.3,South Africa,New Zealand,JH Kallis,HM Amla,DR Tuffey,4,0,,,,,,,,,
415275,2009/10,2009-09-24,SuperSport Park,2,9.4,South Africa,New Zealand,JH Kallis,HM Amla,DR Tuffey,0,0,,,,,,,,,
415275,2009/10,2009-09-24,SuperSport Park,2,9.5,South Africa,New Zealand,JH Kallis,HM Amla,DR Tuffey,1,0,,,,,,,,,
415275,2009/10,2009-09-24,SuperSport Park,2,9.6,South Africa,New Zealand,HM Amla,JH Kallis,DR Tuffey,0,0,,,,,,,,,
415275,2009/10,2009-09-24,SuperSport Park,2,10.1,South Africa,New Zealand,JH Kallis,HM Amla,SE Bond,0,0,,,,,,,,,
415275,2009/10,2009-09-24,SuperSport Park,2,10.2,South Africa,New Zealand,JH Kallis,HM Amla,SE Bond,1,0,,,,,,,,,
415275,2009/10,2009-09-24,SuperSport Park,2,10.3,South Africa,New Zealand,HM Amla,JH Kallis,SE Bond,1,0,,,,,,,,,
415275,2009/10,2009-09-24,SuperSport Park,2,10.4,South Africa,New Zealand,JH Kallis,HM Amla,SE Bond,4,0,,,,,,,,,
415275,2009/10,2009-09-24,SuperSport Park,2,10.5,South Africa,New Zealand,JH Kallis,HM Amla,SE Bond,0,0,,,,,,,,,
415275,2009/10,2009-09-24,SuperSport Park,2,10.6,South Africa,New Zealand,JH Kallis,HM Amla,SE Bond,1,0,,,,,,,,,
415275,2009/10,2009-09-24,SuperSport Park,2,11.1,South Africa,New Zealand,JH Kallis,HM Amla,DR Tuffey,0,0,,,,,,,,,
415275,2009/10,2009-09-24,SuperSport Park,2,11.2,South Africa,New Zealand,JH Kallis,HM Amla,DR Tuffey,1,0,,,,,,,,,
415275,2009/10,2009-09-24,SuperSport Park,2,11.3,South Africa,New Zealand,HM Amla,JH Kallis,DR Tuffey,1,0,,,,,,,,,
415275,2009/10,2009-09-24,SuperSport Park,2,11.4,South Africa,New Zealand,JH Kallis,HM Amla,DR Tuffey,0,0,,,,,,,,,
415275,2009/10,2009-09-24,SuperSport Park,2,11.5,South Africa,New Zealand,JH Kallis,HM Amla,DR Tuffey,1,0,,,,,,,,,
415275,2009/10,2009-09-24,SuperSport Park,2,11.6,South Africa,New Zealand,HM Amla,JH Kallis,DR Tuffey,0,0,,,,,,,,,
415275,2009/10,2009-09-24,SuperSport Park,2,12.1,South Africa,New Zealand,JH Kallis,HM Amla,SE Bond,0,0,,,,,,,,,
415275,2009/10,2009-09-24,SuperSport Park,2,12.2,South Africa,New Zealand,JH Kallis,HM Amla,SE Bond,0,0,,,,,,,,,
415275,2009/10,2009-09-24,SuperSport Park,2,12.3,South Africa,New Zealand,JH Kallis,HM Amla,SE Bond,0,1,,,,1,,,,,
415275,2009/10,2009-09-24,SuperSport Park,2,12.4,South Africa,New Zealand,HM Amla,JH Kallis,SE Bond,1,0,,,,,,,,,
415275,2009/10,2009-09-24,SuperSport Park,2,12.5,South Africa,New Zealand,JH Kallis,HM Amla,SE Bond,0,0,,,,,,,,,
415275,2009/10,2009-09-24,SuperSport Park,2,12.6,South Africa,New Zealand,JH Kallis,HM Amla,SE Bond,1,0,,,,,,,,,
415275,2009/10,2009-09-24,SuperSport Park,2,13.1,South Africa,New Zealand,JH Kallis,HM Amla,DL Vettori,0,0,,,,,,,,,
415275,2009/10,2009-09-24,SuperSport Park,2,13.2,South Africa,New Zealand,JH Kallis,HM Amla,DL Vettori,1,0,,,,,,,,,
415275,2009/10,2009-09-24,SuperSport Park,2,13.3,South Africa,New Zealand,HM Amla,JH Kallis,DL Vettori,0,0,,,,,,,,,
415275,2009/10,2009-09-24,SuperSport Park,2,13.4,South Africa,New Zealand,HM Amla,JH Kallis,DL Vettori,0,1,1,,,,,,,,
415275,2009/10,2009-09-24,SuperSport Park,2,13.5,South Africa,New Zealand,HM Amla,JH Kallis,DL Vettori,1,0,,,,,,,,,
415275,2009/10,2009-09-24,SuperSport Park,2,13.6,South Africa,New Zealand,JH Kallis,HM Amla,DL Vettori,0,0,,,,,,,,,
415275,2009/10,2009-09-24,SuperSport Park,2,13.7,South Africa,New Zealand,JH Kallis,HM Amla,DL Vettori,0,0,,,,,,,,,
415275,2009/10,2009-09-24,SuperSport Park,2,14.1,South Africa,New Zealand,HM Amla,JH Kallis,SE Bond,0,0,,,,,,,,,
415275,2009/10,2009-09-24,SuperSport Park,2,14.2,South Africa,New Zealand,HM Amla,JH Kallis,SE Bond,1,0,,,,,,,,,
415275,2009/10,2009-09-24,SuperSport Park,2,14.3,South Africa,New Zealand,JH Kallis,HM Amla,SE Bond,4,0,,,,,,,,,
415275,2009/10,2009-09-24,SuperSport Park,2,14.4,South Africa,New Zealand,JH Kallis,HM Amla,SE Bond,2,0,,,,,,,,,
415275,2009/10,2009-09-24,SuperSport Park,2,14.5,South Africa,New Zealand,JH Kallis,HM Amla,SE Bond,0,0,,,,,,,,,
415275,2009/10,2009-09-24,SuperSport Park,2,14.6,South Africa,New Zealand,JH Kallis,HM Amla,SE Bond,0,0,,,,,,,,,
415275,2009/10,2009-09-24,SuperSport Park,2,15.1,South Africa,New Zealand,HM Amla,JH Kallis,DL Vettori,0,0,,,,,,,,,
415275,2009/10,2009-09-24,SuperSport Park,2,15.2,South Africa,New Zealand,HM Amla,JH Kallis,DL Vettori,4,0,,,,,,,,,
415275,2009/10,2009-09-24,SuperSport Park,2,15.3,South Africa,New Zealand,HM Amla,JH Kallis,DL Vettori,1,0,,,,,,,,,
415275,2009/10,2009-09-24,SuperSport Park,2,15.4,South Africa,New Zealand,JH Kallis,HM Amla,DL Vettori,0,0,,,,,,,,,
415275,2009/10,2009-09-24,SuperSport Park,2,15.5,South Africa,New Zealand,JH Kallis,HM Amla,DL Vettori,0,0,,,,,,,,,
415275,2009/10,2009-09-24,SuperSport Park,2,15.6,South Africa,New Zealand,JH Kallis,HM Amla,DL Vettori,0,0,,,,,,,,,
415275,2009/10,2009-09-24,SuperSport Park,2,16.1,South Africa,New Zealand,HM Amla,JH Kallis,SE Bond,0,0,,,,,,,,,
415275,2009/10,2009-09-24,SuperSport Park,2,16.2,South Africa,New Zealand,HM Amla,JH Kallis,SE Bond,1,0,,,,,,,,,
415275,2009/10,2009-09-24,SuperSport Park,2,16.3,South Africa,New Zealand,JH Kallis,HM Amla,SE Bond,0,0,,,,,,caught,JH Kallis,,
415275,2009/10,2009-09-24,SuperSport Park,2,16.4,South Africa,New Zealand,AB de Villiers,HM Amla,SE Bond,1,0,,,,,,,,,
415275,2009/10,2009-09-24,SuperSport Park,2,16.5,South Africa,New Zealand,HM Amla,AB de Villiers,SE Bond,0,1,1,,,,,,,,
415275,2009/10,2009-09-24,SuperSport Park,2,16.6,South Africa,New Zealand,HM Amla,AB de Villiers,SE Bond,4,0,,,,,,,,,
415275,2009/10,2009-09-24,SuperSport Park,2,16.7,South Africa,New Zealand,HM Amla,AB de Villiers,SE Bond,0,0,,,,,,,,,
415275,2009/10,2009-09-24,SuperSport Park,2,17.1,South Africa,New Zealand,AB de Villiers,HM Amla,DL Vettori,0,0,,,,,,,,,
415275,2009/10,2009-09-24,SuperSport Park,2,17.2,South Africa,New Zealand,AB de Villiers,HM Amla,DL Vettori,0,0,,,,,,,,,
415275,2009/10,2009-09-24,SuperSport Park,2,17.3,South Africa,New Zealand,AB de Villiers,HM Amla,DL Vettori,0,0,,,,,,,,,
415275,2009/10,2009-09-24,SuperSport Park,2,17.4,South Africa,New Zealand,AB de Villiers,HM Amla,DL Vettori,1,0,,,,,,,,,
415275,2009/10,2009-09-24,SuperSport Park,2,17.5,South Africa,New Zealand,HM Amla,AB de Villiers,DL Vettori,0,0,,,,,,,,,
415275,2009/10,2009-09-24,SuperSport Park,2,17.6,South Africa,New Zealand,HM Amla,AB de Villiers,DL Vettori,1,0,,,,,,,,,
415275,2009/10,2009-09-24,SuperSport Park,2,18.1,South Africa,New Zealand,HM Amla,AB de Villiers,DR Tuffey,1,0,,,,,,,,,
415275,2009/10,2009-09-24,SuperSport Park,2,18.2,South Africa,New Zealand,AB de Villiers,HM Amla,DR Tuffey,0,0,,,,,,,,,
415275,2009/10,2009-09-24,SuperSport Park,2,18.3,South Africa,New Zealand,AB de Villiers,HM Amla,DR Tuffey,0,0,,,,,,,,,
415275,2009/10,2009-09-24,SuperSport Park,2,18.4,South Africa,New Zealand,AB de Villiers,HM Amla,DR Tuffey,1,0,,,,,,,,,
415275,2009/10,2009-09-24,SuperSport Park,2,18.5,South Africa,New Zealand,HM Amla,AB de Villiers,DR Tuffey,0,1,1,,,,,,,,
415275,2009/10,2009-09-24,SuperSport Park,2,18.6,South Africa,New Zealand,HM Amla,AB de Villiers,DR Tuffey,0,0,,,,,,,,,
415275,2009/10,2009-09-24,SuperSport Park,2,18.7,South Africa,New Zealand,HM Amla,AB de Villiers,DR Tuffey,0,0,,,,,,,,,
415275,2009/10,2009-09-24,SuperSport Park,2,19.1,South Africa,New Zealand,AB de Villiers,HM Amla,DL Vettori,0,0,,,,,,,,,
415275,2009/10,2009-09-24,SuperSport Park,2,19.2,South Africa,New Zealand,AB de Villiers,HM Amla,DL Vettori,1,0,,,,,,,,,
415275,2009/10,2009-09-24,SuperSport Park,2,19.3,South Africa,New Zealand,HM Amla,AB de Villiers,DL Vettori,1,0,,,,,,,,,
415275,2009/10,2009-09-24,SuperSport Park,2,19.4,South Africa,New Zealand,AB de Villiers,HM Amla,DL Vettori,1,0,,,,,,,,,
415275,2009/10,2009-09-24,SuperSport Park,2,19.5,South Africa,New Zealand,HM Amla,AB de Villiers,DL Vettori,1,0,,,,,,,,,
415275,2009/10,2009-09-24,SuperSport Park,2,19.6,South Africa,New Zealand,AB de Villiers,HM Amla,DL Vettori,0,0,,,,,,,,,
415275,2009/10,2009-09-24,SuperSport Park,2,20.1,South Africa,New Zealand,HM Amla,AB de Villiers,DR Tuffey,1,0,,,,,,,,,
415275,2009/10,2009-09-24,SuperSport Park,2,20.2,South Africa,New Zealand,AB de Villiers,HM Amla,DR Tuffey,2,0,,,,,,,,,
415275,2009/10,2009-09-24,SuperSport Park,2,20.3,South Africa,New Zealand,AB de Villiers,HM Amla,DR Tuffey,0,0,,,,,,,,,
415275,2009/10,2009-09-24,SuperSport Park,2,20.4,South Africa,New Zealand,AB de Villiers,HM Amla,DR Tuffey,0,0,,,,,,,,,
415275,2009/10,2009-09-24,SuperSport Park,2,20.5,South Africa,New Zealand,AB de Villiers,HM Amla,DR Tuffey,4,0,,,,,,,,,
415275,2009/10,2009-09-24,SuperSport Park,2,20.6,South Africa,New Zealand,AB de Villiers,HM Amla,DR Tuffey,4,0,,,,,,,,,
415275,2009/10,2009-09-24,SuperSport Park,2,21.1,South Africa,New Zealand,HM Amla,AB de Villiers,DL Vettori,0,0,,,,,,,,,
415275,2009/10,2009-09-24,SuperSport Park,2,21.2,South Africa,New Zealand,HM Amla,AB de Villiers,DL Vettori,0,0,,,,,,,,,
415275,2009/10,2009-09-24,SuperSport Park,2,21.3,South Africa,New Zealand,HM Amla,AB de Villiers,DL Vettori,1,0,,,,,,,,,
415275,2009/10,2009-09-24,SuperSport Park,2,21.4,South Africa,New Zealand,AB de Villiers,HM Amla,DL Vettori,0,0,,,,,,,,,
415275,2009/10,2009-09-24,SuperSport Park,2,21.5,South Africa,New Zealand,AB de Villiers,HM Amla,DL Vettori,2,0,,,,,,,,,
415275,2009/10,2009-09-24,SuperSport Park,2,21.6,South Africa,New Zealand,AB de Villiers,HM Amla,DL Vettori,0,0,,,,,,,,,
415275,2009/10,2009-09-24,SuperSport Park,2,22.1,South Africa,New Zealand,HM Amla,AB de Villiers,JD Ryder,0,0,,,,,,,,,
415275,2009/10,2009-09-24,SuperSport Park,2,22.2,South Africa,New Zealand,HM Amla,AB de Villiers,JD Ryder,0,0,,,,,,,,,
415275,2009/10,2009-09-24,SuperSport Park,2,22.3,South Africa,New Zealand,HM Amla,AB de Villiers,JD Ryder,1,0,,,,,,,,,
415275,2009/10,2009-09-24,SuperSport Park,2,22.4,South Africa,New Zealand,AB de Villiers,HM Amla,JD Ryder,0,0,,,,,,,,,
415275,2009/10,2009-09-24,SuperSport Park,2,22.5,South Africa,New Zealand,AB de Villiers,HM Amla,JD Ryder,0,0,,,,,,,,,
415275,2009/10,2009-09-24,SuperSport Park,2,22.6,South Africa,New Zealand,AB de Villiers,HM Amla,JD Ryder,4,0,,,,,,,,,
415275,2009/10,2009-09-24,SuperSport Park,2,23.1,South Africa,New Zealand,HM Amla,AB de Villiers,DL Vettori,0,0,,,,,,,,,
415275,2009/10,2009-09-24,SuperSport Park,2,23.2,South Africa,New Zealand,HM Amla,AB de Villiers,DL Vettori,0,0,,,,,,lbw,HM Amla,,
415275,2009/10,2009-09-24,SuperSport Park,2,23.3,South Africa,New Zealand,JP Duminy,AB de Villiers,DL Vettori,0,0,,,,,,,,,
415275,2009/10,2009-09-24,SuperSport Park,2,23.4,South Africa,New Zealand,JP Duminy,AB de Villiers,DL Vettori,0,0,,,,,,,,,
415275,2009/10,2009-09-24,SuperSport Park,2,23.5,South Africa,New Zealand,JP Duminy,AB de Villiers,DL Vettori,0,0,,,,,,,,,
415275,2009/10,2009-09-24,SuperSport Park,2,23.6,South Africa,New Zealand,JP Duminy,AB de Villiers,DL Vettori,4,0,,,,,,,,,
415275,2009/10,2009-09-24,SuperSport Park,2,24.1,South Africa,New Zealand,AB de Villiers,JP Duminy,KD Mills,1,0,,,,,,,,,
415275,2009/10,2009-09-24,SuperSport Park,2,24.2,South Africa,New Zealand,JP Duminy,AB de Villiers,KD Mills,0,0,,,,,,,,,
415275,2009/10,2009-09-24,SuperSport Park,2,24.3,South Africa,New Zealand,JP Duminy,AB de Villiers,KD Mills,0,0,,,,,,,,,
415275,2009/10,2009-09-24,SuperSport Park,2,24.4,South Africa,New Zealand,JP Duminy,AB de Villiers,KD Mills,0,0,,,,,,,,,
415275,2009/10,2009-09-24,SuperSport Park,2,24.5,South Africa,New Zealand,JP Duminy,AB de Villiers,KD Mills,1,0,,,,,,,,,
415275,2009/10,2009-09-24,SuperSport Park,2,24.6,South Africa,New Zealand,AB de Villiers,JP Duminy,KD Mills,2,0,,,,,,,,,
415275,2009/10,2009-09-24,SuperSport Park,2,25.1,South Africa,New Zealand,JP Duminy,AB de Villiers,MJ Guptill,1,1,,1,,,,,,,
415275,2009/10,2009-09-24,SuperSport Park,2,25.2,South Africa,New Zealand,AB de Villiers,JP Duminy,MJ Guptill,1,0,,,,,,,,,
415275,2009/10,2009-09-24,SuperSport Park,2,25.3,South Africa,New Zealand,JP Duminy,AB de Villiers,MJ Guptill,0,0,,,,,,,,,
415275,2009/10,2009-09-24,SuperSport Park,2,25.4,South Africa,New Zealand,JP Duminy,AB de Villiers,MJ Guptill,1,0,,,,,,,,,
415275,2009/10,2009-09-24,SuperSport Park,2,25.5,South Africa,New Zealand,AB de Villiers,JP Duminy,MJ Guptill,4,0,,,,,,,,,
415275,2009/10,2009-09-24,SuperSport Park,2,25.6,South Africa,New Zealand,AB de Villiers,JP Duminy,MJ Guptill,4,0,,,,,,,,,
415275,2009/10,2009-09-24,SuperSport Park,2,25.7,South Africa,New Zealand,AB de Villiers,JP Duminy,MJ Guptill,1,0,,,,,,,,,
415275,2009/10,2009-09-24,SuperSport Park,2,26.1,South Africa,New Zealand,AB de Villiers,JP Duminy,KD Mills,0,0,,,,,,,,,
415275,2009/10,2009-09-24,SuperSport Park,2,26.2,South Africa,New Zealand,AB de Villiers,JP Duminy,KD Mills,4,0,,,,,,,,,
415275,2009/10,2009-09-24,SuperSport Park,2,26.3,South Africa,New Zealand,AB de Villiers,JP Duminy,KD Mills,1,0,,,,,,,,,
415275,2009/10,2009-09-24,SuperSport Park,2,26.4,South Africa,New Zealand,JP Duminy,AB de Villiers,KD Mills,4,0,,,,,,,,,
415275,2009/10,2009-09-24,SuperSport Park,2,26.5,South Africa,New Zealand,JP Duminy,AB de Villiers,KD Mills,0,0,,,,,,caught,JP Duminy,,
415275,2009/10,2009-09-24,SuperSport Park,2,26.6,South Africa,New Zealand,MV Boucher,AB de Villiers,KD Mills,0,0,,,,,,,,,
415275,2009/10,2009-09-24,SuperSport Park,2,27.1,South Africa,New Zealand,AB de Villiers,MV Boucher,DL Vettori,0,0,,,,,,,,,
415275,2009/10,2009-09-24,SuperSport Park,2,27.2,South Africa,New Zealand,AB de Villiers,MV Boucher,DL Vettori,1,0,,,,,,,,,
415275,2009/10,2009-09-24,SuperSport Park,2,27.3,South Africa,New Zealand,MV Boucher,AB de Villiers,DL Vettori,0,0,,,,,,,,,
415275,2009/10,2009-09-24,SuperSport Park,2,27.4,South Africa,New Zealand,MV Boucher,AB de Villiers,DL Vettori,0,0,,,,,,,,,
415275,2009/10,2009-09-24,SuperSport Park,2,27.5,South Africa,New Zealand,MV Boucher,AB de Villiers,DL Vettori,1,0,,,,,,,,,
415275,2009/10,2009-09-24,SuperSport Park,2,27.6,South Africa,New Zealand,AB de Villiers,MV Boucher,DL Vettori,0,0,,,,,,,,,
415275,2009/10,2009-09-24,SuperSport Park,2,28.1,South Africa,New Zealand,MV Boucher,AB de Villiers,KD Mills,1,0,,,,,,,,,
415275,2009/10,2009-09-24,SuperSport Park,2,28.2,South Africa,New Zealand,AB de Villiers,MV Boucher,KD Mills,0,0,,,,,,,,,
415275,2009/10,2009-09-24,SuperSport Park,2,28.3,South Africa,New Zealand,AB de Villiers,MV Boucher,KD Mills,0,0,,,,,,,,,
415275,2009/10,2009-09-24,SuperSport Park,2,28.4,South Africa,New Zealand,AB de Villiers,MV Boucher,KD Mills,1,0,,,,,,,,,
415275,2009/10,2009-09-24,SuperSport Park,2,28.5,South Africa,New Zealand,MV Boucher,AB de Villiers,KD Mills,0,0,,,,,,,,,
415275,2009/10,2009-09-24,SuperSport Park,2,28.6,South Africa,New Zealand,MV Boucher,AB de Villiers,KD Mills,0,0,,,,,,,,,
415275,2009/10,2009-09-24,SuperSport Park,2,29.1,South Africa,New Zealand,AB de Villiers,MV Boucher,DL Vettori,0,0,,,,,,,,,
415275,2009/10,2009-09-24,SuperSport Park,2,29.2,South Africa,New Zealand,AB de Villiers,MV Boucher,DL Vettori,0,0,,,,,,,,,
415275,2009/10,2009-09-24,SuperSport Park,2,29.3,South Africa,New Zealand,AB de Villiers,MV Boucher,DL Vettori,0,0,,,,,,,,,
415275,2009/10,2009-09-24,SuperSport Park,2,29.4,South Africa,New Zealand,AB de Villiers,MV Boucher,DL Vettori,1,0,,,,,,,,,
415275,2009/10,2009-09-24,SuperSport Park,2,29.5,South Africa,New Zealand,MV Boucher,AB de Villiers,DL Vettori,0,0,,,,,,,,,
415275,2009/10,2009-09-24,SuperSport Park,2,29.6,South Africa,New Zealand,MV Boucher,AB de Villiers,DL Vettori,1,0,,,,,,,,,
415275,2009/10,2009-09-24,SuperSport Park,2,30.1,South Africa,New Zealand,MV Boucher,AB de Villiers,KD Mills,4,0,,,,,,,,,
415275,2009/10,2009-09-24,SuperSport Park,2,30.2,South Africa,New Zealand,MV Boucher,AB de Villiers,KD Mills,0,0,,,,,,,,,
415275,2009/10,2009-09-24,SuperSport Park,2,30.3,South Africa,New Zealand,MV Boucher,AB de Villiers,KD Mills,1,0,,,,,,,,,
415275,2009/10,2009-09-24,SuperSport Park,2,30.4,South Africa,New Zealand,AB de Villiers,MV Boucher,KD Mills,1,0,,,,,,,,,
415275,2009/10,2009-09-24,SuperSport Park,2,30.5,South Africa,New Zealand,MV Boucher,AB de Villiers,KD Mills,1,0,,,,,,,,,
415275,2009/10,2009-09-24,SuperSport Park,2,30.6,South Africa,New Zealand,AB de Villiers,MV Boucher,KD Mills,0,0,,,,,,,,,
415275,2009/10,2009-09-24,SuperSport Park,2,31.1,South Africa,New Zealand,MV Boucher,AB de Villiers,JD Ryder,1,0,,,,,,,,,
415275,2009/10,2009-09-24,SuperSport Park,2,31.2,South Africa,New Zealand,AB de Villiers,MV Boucher,JD Ryder,1,0,,,,,,,,,
415275,2009/10,2009-09-24,SuperSport Park,2,31.3,South Africa,New Zealand,MV Boucher,AB de Villiers,JD Ryder,4,0,,,,,,,,,
415275,2009/10,2009-09-24,SuperSport Park,2,31.4,South Africa,New Zealand,MV Boucher,AB de Villiers,JD Ryder,0,0,,,,,,,,,
415275,2009/10,2009-09-24,SuperSport Park,2,31.5,South Africa,New Zealand,MV Boucher,AB de Villiers,JD Ryder,4,0,,,,,,,,,
415275,2009/10,2009-09-24,SuperSport Park,2,31.6,South Africa,New Zealand,MV Boucher,AB de Villiers,JD Ryder,0,0,,,,,,,,,
415275,2009/10,2009-09-24,SuperSport Park,2,32.1,South Africa,New Zealand,AB de Villiers,MV Boucher,SE Bond,0,0,,,,,,,,,
415275,2009/10,2009-09-24,SuperSport Park,2,32.2,South Africa,New Zealand,AB de Villiers,MV Boucher,SE Bond,0,1,1,,,,,,,,
415275,2009/10,2009-09-24,SuperSport Park,2,32.3,South Africa,New Zealand,AB de Villiers,MV Boucher,SE Bond,0,0,,,,,,,,,
415275,2009/10,2009-09-24,SuperSport Park,2,32.4,South Africa,New Zealand,AB de Villiers,MV Boucher,SE Bond,0,0,,,,,,,,,
415275,2009/10,2009-09-24,SuperSport Park,2,32.5,South Africa,New Zealand,AB de Villiers,MV Boucher,SE Bond,1,0,,,,,,,,,
415275,2009/10,2009-09-24,SuperSport Park,2,32.6,South Africa,New Zealand,MV Boucher,AB de Villiers,SE Bond,3,0,,,,,,,,,
415275,2009/10,2009-09-24,SuperSport Park,2,32.7,South Africa,New Zealand,AB de Villiers,MV Boucher,SE Bond,1,0,,,,,,,,,
415275,2009/10,2009-09-24,SuperSport Park,2,33.1,South Africa,New Zealand,AB de Villiers,MV Boucher,GD Elliott,1,0,,,,,,,,,
415275,2009/10,2009-09-24,SuperSport Park,2,33.2,South Africa,New Zealand,MV Boucher,AB de Villiers,GD Elliott,1,0,,,,,,,,,
415275,2009/10,2009-09-24,SuperSport Park,2,33.3,South Africa,New Zealand,AB de Villiers,MV Boucher,GD Elliott,0,0,,,,,,,,,
415275,2009/10,2009-09-24,SuperSport Park,2,33.4,South Africa,New Zealand,AB de Villiers,MV Boucher,GD Elliott,2,0,,,,,,,,,
415275,2009/10,2009-09-24,SuperSport Park,2,33.5,South Africa,New Zealand,AB de Villiers,MV Boucher,GD Elliott,1,0,,,,,,,,,
415275,2009/10,2009-09-24,SuperSport Park,2,33.6,South Africa,New Zealand,MV Boucher,AB de Villiers,GD Elliott,0,0,,,,,,,,,
415275,2009/10,2009-09-24,SuperSport Park,2,34.1,South Africa,New Zealand,AB de Villiers,MV Boucher,SE Bond,0,0,,,,,,,,,
415275,2009/10,2009-09-24,SuperSport Park,2,34.2,South Africa,New Zealand,AB de Villiers,MV Boucher,SE Bond,1,0,,,,,,,,,
415275,2009/10,2009-09-24,SuperSport Park,2,34.3,South Africa,New Zealand,MV Boucher,AB de Villiers,SE Bond,4,0,,,,,,,,,
415275,2009/10,2009-09-24,SuperSport Park,2,34.4,South Africa,New Zealand,MV Boucher,AB de Villiers,SE Bond,0,0,,,,,,,,,
415275,2009/10,2009-09-24,SuperSport Park,2,34.5,South Africa,New Zealand,MV Boucher,AB de Villiers,SE Bond,0,0,,,,,,,,,
415275,2009/10,2009-09-24,SuperSport Park,2,34.6,South Africa,New Zealand,MV Boucher,AB de Villiers,SE Bond,0,0,,,,,,,,,
415275,2009/10,2009-09-24,SuperSport Park,2,35.1,South Africa,New Zealand,AB de Villiers,MV Boucher,DR Tuffey,0,0,,,,,,,,,
415275,2009/10,2009-09-24,SuperSport Park,2,35.2,South Africa,New Zealand,AB de Villiers,MV Boucher,DR Tuffey,1,0,,,,,,,,,
415275,2009/10,2009-09-24,SuperSport Park,2,35.3,South Africa,New Zealand,MV Boucher,AB de Villiers,DR Tuffey,0,0,,,,,,,,,
415275,2009/10,2009-09-24,SuperSport Park,2,35.4,South Africa,New Zealand,MV Boucher,AB de Villiers,DR Tuffey,2,0,,,,,,,,,
415275,2009/10,2009-09-24,SuperSport Park,2,35.5,South Africa,New Zealand,MV Boucher,AB de Villiers,DR Tuffey,0,0,,,,,,caught,MV Boucher,,
415275,2009/10,2009-09-24,SuperSport Park,2,35.6,South Africa,New Zealand,JA Morkel,AB de Villiers,DR Tuffey,4,0,,,,,,,,,
415275,2009/10,2009-09-24,SuperSport Park,2,36.1,South Africa,New Zealand,AB de Villiers,JA Morkel,SE Bond,0,0,,,,,,,,,
415275,2009/10,2009-09-24,SuperSport Park,2,36.2,South Africa,New Zealand,AB de Villiers,JA Morkel,SE Bond,1,0,,,,,,,,,
415275,2009/10,2009-09-24,SuperSport Park,2,36.3,South Africa,New Zealand,JA Morkel,AB de Villiers,SE Bond,0,0,,,,,,,,,
415275,2009/10,2009-09-24,SuperSport Park,2,36.4,South Africa,New Zealand,JA Morkel,AB de Villiers,SE Bond,0,0,,,,,,,,,
415275,2009/10,2009-09-24,SuperSport Park,2,36.5,South Africa,New Zealand,JA Morkel,AB de Villiers,SE Bond,4,0,,,,,,,,,
415275,2009/10,2009-09-24,SuperSport Park,2,36.6,South Africa,New Zealand,JA Morkel,AB de Villiers,SE Bond,0,0,,,,,,,,,
415275,2009/10,2009-09-24,SuperSport Park,2,37.1,South Africa,New Zealand,AB de Villiers,JA Morkel,DL Vettori,0,0,,,,,,,,,
415275,2009/10,2009-09-24,SuperSport Park,2,37.2,South Africa,New Zealand,AB de Villiers,JA Morkel,DL Vettori,0,0,,,,,,,,,
415275,2009/10,2009-09-24,SuperSport Park,2,37.3,South Africa,New Zealand,AB de Villiers,JA Morkel,DL Vettori,0,0,,,,,,,,,
415275,2009/10,2009-09-24,SuperSport Park,2,37.4,South Africa,New Zealand,AB de Villiers,JA Morkel,DL Vettori,0,0,,,,,,,,,
415275,2009/10,2009-09-24,SuperSport Park,2,37.5,South Africa,New Zealand,AB de Villiers,JA Morkel,DL Vettori,0,0,,,,,,,,,
415275,2009/10,2009-09-24,SuperSport Park,2,37.6,South Africa,New Zealand,AB de Villiers,JA Morkel,DL Vettori,0,0,,,,,,,,,
415275,2009/10,2009-09-24,SuperSport Park,2,38.1,South Africa,New Zealand,JA Morkel,AB de Villiers,DR Tuffey,0,0,,,,,,,,,
415275,2009/10,2009-09-24,SuperSport Park,2,38.2,South Africa,New Zealand,JA Morkel,AB de Villiers,DR Tuffey,2,0,,,,,,,,,
415275,2009/10,2009-09-24,SuperSport Park,2,38.3,South Africa,New Zealand,JA Morkel,AB de Villiers,DR Tuffey,1,0,,,,,,,,,
415275,2009/10,2009-09-24,SuperSport Park,2,38.4,South Africa,New Zealand,AB de Villiers,JA Morkel,DR Tuffey,4,0,,,,,,,,,
415275,2009/10,2009-09-24,SuperSport Park,2,38.5,South Africa,New Zealand,AB de Villiers,JA Morkel,DR Tuffey,0,0,,,,,,,,,
415275,2009/10,2009-09-24,SuperSport Park,2,38.6,South Africa,New Zealand,AB de Villiers,JA Morkel,DR Tuffey,0,0,,,,,,,,,
415275,2009/10,2009-09-24,SuperSport Park,2,39.1,South Africa,New Zealand,JA Morkel,AB de Villiers,DL Vettori,1,0,,,,,,,,,
415275,2009/10,2009-09-24,SuperSport Park,2,39.2,South Africa,New Zealand,AB de Villiers,JA Morkel,DL Vettori,0,0,,,,,,,,,
415275,2009/10,2009-09-24,SuperSport Park,2,39.3,South Africa,New Zealand,AB de Villiers,JA Morkel,DL Vettori,2,0,,,,,,,,,
415275,2009/10,2009-09-24,SuperSport Park,2,39.4,South Africa,New Zealand,AB de Villiers,JA Morkel,DL Vettori,1,0,,,,,,,,,
415275,2009/10,2009-09-24,SuperSport Park,2,39.5,South Africa,New Zealand,JA Morkel,AB de Villiers,DL Vettori,4,0,,,,,,,,,
415275,2009/10,2009-09-24,SuperSport Park,2,39.6,South Africa,New Zealand,JA Morkel,AB de Villiers,DL Vettori,1,0,,,,,,,,,
415275,2009/10,2009-09-24,SuperSport Park,2,40.1,South Africa,New Zealand,JA Morkel,AB de Villiers,DR Tuffey,0,0,,,,,,,,,
415275,2009/10,2009-09-24,SuperSport Park,2,40.2,South Africa,New Zealand,JA Morkel,AB de Villiers,DR Tuffey,1,0,,,,,,,,,
415275,2009/10,2009-09-24,SuperSport Park,2,40.3,South Africa,New Zealand,AB de Villiers,JA Morkel,DR Tuffey,4,0,,,,,,,,,
415275,2009/10,2009-09-24,SuperSport Park,2,40.4,South Africa,New Zealand,AB de Villiers,JA Morkel,DR Tuffey,1,0,,,,,,,,,
415275,2009/10,2009-09-24,SuperSport Park,2,40.5,South Africa,New Zealand,JA Morkel,AB de Villiers,DR Tuffey,1,0,,,,,,,,,
415275,2009/10,2009-09-24,SuperSport Park,2,40.6,South Africa,New Zealand,AB de Villiers,JA Morkel,DR Tuffey,1,0,,,,,,,,,
415275,2009/10,2009-09-24,SuperSport Park,2,41.1,South Africa,New Zealand,AB de Villiers,JA Morkel,KD Mills,4,0,,,,,,,,,
