match_id,season,start_date,venue,innings,ball,batting_team,bowling_team,striker,non_striker,bowler,runs_off_bat,extras,wides,noballs,byes,legbyes,penalty,wicket_type,player_dismissed,other_wicket_type,other_player_dismissed
415282,2009/10,2009-09-29,New Wanderers Stadium,1,0.1,England,New Zealand,AJ Strauss,JL Denly,KD Mills,0,0,,,,,,,,,
415282,2009/10,2009-09-29,New Wanderers Stadium,1,0.2,England,New Zealand,AJ Strauss,JL Denly,KD Mills,0,0,,,,,,caught,AJ Strauss,,
415282,2009/10,2009-09-29,New Wanderers Stadium,1,0.3,England,New Zealand,OA Shah,JL Denly,KD Mills,1,0,,,,,,,,,
415282,2009/10,2009-09-29,New Wanderers Stadium,1,0.4,England,New Zealand,JL Denly,OA Shah,KD Mills,0,0,,,,,,,,,
415282,2009/10,2009-09-29,New Wanderers Stadium,1,0.5,England,New Zealand,JL Denly,OA Shah,KD Mills,0,0,,,,,,,,,
415282,2009/10,2009-09-29,New Wanderers Stadium,1,0.6,England,New Zealand,JL Denly,OA Shah,KD Mills,0,0,,,,,,,,,
415282,2009/10,2009-09-29,New Wanderers Stadium,1,1.1,England,New Zealand,OA Shah,JL Denly,SE Bond,0,0,,,,,,,,,
415282,2009/10,2009-09-29,New Wanderers Stadium,1,1.2,England,New Zealand,OA Shah,JL Denly,SE Bond,0,0,,,,,,,,,
415282,2009/10,2009-09-29,New Wanderers Stadium,1,1.3,England,New Zealand,OA Shah,JL Denly,SE Bond,0,0,,,,,,,,,
415282,2009/10,2009-09-29,New Wanderers Stadium,1,1.4,England,New Zealand,OA Shah,JL Denly,SE Bond,0,0,,,,,,,,,
415282,2009/10,2009-09-29,New Wanderers Stadium,1,1.5,England,New Zealand,OA Shah,JL Denly,SE Bond,2,0,,,,,,,,,
415282,2009/10,2009-09-29,New Wanderers Stadium,1,1.6,England,New Zealand,OA Shah,JL Denly,SE Bond,0,0,,,,,,,,,
415282,2009/10,2009-09-29,New Wanderers Stadium,1,2.1,England,New Zealand,JL Denly,OA Shah,KD Mills,4,0,,,,,,,,,
415282,2009/10,2009-09-29,New Wanderers Stadium,1,2.2,England,New Zealand,JL Denly,OA Shah,KD Mills,0,0,,,,,,,,,
415282,2009/10,2009-09-29,New Wanderers Stadium,1,2.3,England,New Zealand,JL Denly,OA Shah,KD Mills,0,0,,,,,,,,,
415282,2009/10,2009-09-29,New Wanderers Stadium,1,2.4,England,New Zealand,JL Denly,OA Shah,KD Mills,1,0,,,,,,,,,
415282,2009/10,2009-09-29,New Wanderers Stadium,1,2.5,England,New Zealand,OA Shah,JL Denly,KD Mills,0,0,,,,,,,,,
415282,2009/10,2009-09-29,New Wanderers Stadium,1,2.6,England,New Zealand,OA Shah,JL Denly,KD Mills,0,0,,,,,,,,,
415282,2009/10,2009-09-29,New Wanderers Stadium,1,3.1,England,New Zealand,JL Denly,OA Shah,SE Bond,0,0,,,,,,,,,
415282,2009/10,2009-09-29,New Wanderers Stadium,1,3.2,England,New Zealand,JL Denly,OA Shah,SE Bond,0,0,,,,,,,,,
415282,2009/10,2009-09-29,New Wanderers Stadium,1,3.3,England,New Zealand,JL Denly,OA Shah,SE Bond,0,2,,,,2,,,,,
415282,2009/10,2009-09-29,New Wanderers Stadium,1,3.4,England,New Zealand,JL Denly,OA Shah,SE Bond,0,0,,,,,,,,,
415282,2009/10,2009-09-29,New Wanderers Stadium,1,3.5,England,New Zealand,JL Denly,OA Shah,SE Bond,0,0,,,,,,bowled,JL Denly,,
415282,2009/10,2009-09-29,New Wanderers Stadium,1,3.6,England,New Zealand,PD Collingwood,OA Shah,SE Bond,1,0,,,,,,,,,
415282,2009/10,2009-09-29,New Wanderers Stadium,1,4.1,England,New Zealand,PD Collingwood,OA Shah,KD Mills,2,0,,,,,,,,,
415282,2009/10,2009-09-29,New Wanderers Stadium,1,4.2,England,New Zealand,PD Collingwood,OA Shah,KD Mills,0,0,,,,,,,,,
415282,2009/10,2009-09-29,New Wanderers Stadium,1,4.3,England,New Zealand,PD Collingwood,OA Shah,KD Mills,0,0,,,,,,,,,
415282,2009/10,2009-09-29,New Wanderers Stadium,1,4.4,England,New Zealand,PD Collingwood,OA Shah,KD Mills,0,0,,,,,,,,,
415282,2009/10,2009-09-29,New Wanderers Stadium,1,4.5,England,New Zealand,PD Collingwood,OA Shah,KD Mills,0,0,,,,,,,,,
415282,2009/10,2009-09-29,New Wanderers Stadium,1,4.6,England,New Zealand,PD Collingwood,OA Shah,KD Mills,0,0,,,,,,,,,
415282,2009/10,2009-09-29,New Wanderers Stadium,1,5.1,England,New Zealand,OA Shah,PD Collingwood,SE Bond,0,0,,,,,,caught,OA Shah,,
415282,2009/10,2009-09-29,New Wanderers Stadium,1,5.2,England,New Zealand,EJG Morgan,PD Collingwood,SE Bond,1,0,,,,,,,,,
415282,2009/10,2009-09-29,New Wanderers Stadium,1,5.3,England,New Zealand,PD Collingwood,EJG Morgan,SE Bond,0,0,,,,,,,,,
415282,2009/10,2009-09-29,New Wanderers Stadium,1,5.4,England,New Zealand,PD Collingwood,EJG Morgan,SE Bond,0,0,,,,,,,,,
415282,2009/10,2009-09-29,New Wanderers Stadium,1,5.5,England,New Zealand,PD Collingwood,EJG Morgan,SE Bond,0,0,,,,,,,,,
415282,2009/10,2009-09-29,New Wanderers Stadium,1,5.6,England,New Zealand,PD Collingwood,EJG Morgan,SE Bond,0,0,,,,,,,,,
415282,2009/10,2009-09-29,New Wanderers Stadium,1,6.1,England,New Zealand,EJG Morgan,PD Collingwood,KD Mills,0,0,,,,,,,,,
415282,2009/10,2009-09-29,New Wanderers Stadium,1,6.2,England,New Zealand,EJG Morgan,PD Collingwood,KD Mills,0,0,,,,,,,,,
415282,2009/10,2009-09-29,New Wanderers Stadium,1,6.3,England,New Zealand,EJG Morgan,PD Collingwood,KD Mills,0,0,,,,,,,,,
415282,2009/10,2009-09-29,New Wanderers Stadium,1,6.4,England,New Zealand,EJG Morgan,PD Collingwood,KD Mills,0,0,,,,,,,,,
415282,2009/10,2009-09-29,New Wanderers Stadium,1,6.5,England,New Zealand,EJG Morgan,PD Collingwood,KD Mills,2,0,,,,,,,,,
415282,2009/10,2009-09-29,New Wanderers Stadium,1,6.6,England,New Zealand,EJG Morgan,PD Collingwood,KD Mills,0,0,,,,,,,,,
415282,2009/10,2009-09-29,New Wanderers Stadium,1,7.1,England,New Zealand,PD Collingwood,EJG Morgan,SE Bond,0,0,,,,,,,,,
415282,2009/10,2009-09-29,New Wanderers Stadium,1,7.2,England,New Zealand,PD Collingwood,EJG Morgan,SE Bond,0,0,,,,,,,,,
415282,2009/10,2009-09-29,New Wanderers Stadium,1,7.3,England,New Zealand,PD Collingwood,EJG Morgan,SE Bond,0,0,,,,,,,,,
415282,2009/10,2009-09-29,New Wanderers Stadium,1,7.4,England,New Zealand,PD Collingwood,EJG Morgan,SE Bond,0,0,,,,,,,,,
415282,2009/10,2009-09-29,New Wanderers Stadium,1,7.5,England,New Zealand,PD Collingwood,EJG Morgan,SE Bond,6,0,,,,,,,,,
415282,2009/10,2009-09-29,New Wanderers Stadium,1,7.6,England,New Zealand,PD Collingwood,EJG Morgan,SE Bond,0,0,,,,,,,,,
415282,2009/10,2009-09-29,New Wanderers Stadium,1,8.1,England,New Zealand,EJG Morgan,PD Collingwood,KD Mills,0,0,,,,,,,,,
415282,2009/10,2009-09-29,New Wanderers Stadium,1,8.2,England,New Zealand,EJG Morgan,PD Collingwood,KD Mills,0,0,,,,,,,,,
415282,2009/10,2009-09-29,New Wanderers Stadium,1,8.3,England,New Zealand,EJG Morgan,PD Collingwood,KD Mills,0,0,,,,,,,,,
415282,2009/10,2009-09-29,New Wanderers Stadium,1,8.4,England,New Zealand,EJG Morgan,PD Collingwood,KD Mills,0,0,,,,,,,,,
415282,2009/10,2009-09-29,New Wanderers Stadium,1,8.5,England,New Zealand,EJG Morgan,PD Collingwood,KD Mills,0,0,,,,,,,,,
415282,2009/10,2009-09-29,New Wanderers Stadium,1,8.6,England,New Zealand,EJG Morgan,PD Collingwood,KD Mills,0,0,,,,,,,,,
415282,2009/10,2009-09-29,New Wanderers Stadium,1,9.1,England,New Zealand,PD Collingwood,EJG Morgan,SE Bond,1,0,,,,,,,,,
415282,2009/10,2009-09-29,New Wanderers Stadium,1,9.2,England,New Zealand,EJG Morgan,PD Collingwood,SE Bond,0,0,,,,,,,,,
415282,2009/10,2009-09-29,New Wanderers Stadium,1,9.3,England,New Zealand,EJG Morgan,PD Collingwood,SE Bond,0,0,,,,,,,,,
415282,2009/10,2009-09-29,New Wanderers Stadium,1,9.4,England,New Zealand,EJG Morgan,PD Collingwood,SE Bond,0,0,,,,,,,,,
415282,2009/10,2009-09-29,New Wanderers Stadium,1,9.5,England,New Zealand,EJG Morgan,PD Collingwood,SE Bond,0,0,,,,,,,,,
415282,2009/10,2009-09-29,New Wanderers Stadium,1,9.6,England,New Zealand,EJG Morgan,PD Collingwood,SE Bond,0,0,,,,,,,,,
415282,2009/10,2009-09-29,New Wanderers Stadium,1,10.1,England,New Zealand,PD Collingwood,EJG Morgan,KD Mills,0,0,,,,,,,,,
415282,2009/10,2009-09-29,New Wanderers Stadium,1,10.2,England,New Zealand,PD Collingwood,EJG Morgan,KD Mills,0,0,,,,,,,,,
415282,2009/10,2009-09-29,New Wanderers Stadium,1,10.3,England,New Zealand,PD Collingwood,EJG Morgan,KD Mills,0,0,,,,,,,,,
415282,2009/10,2009-09-29,New Wanderers Stadium,1,10.4,England,New Zealand,PD Collingwood,EJG Morgan,KD Mills,0,0,,,,,,,,,
415282,2009/10,2009-09-29,New Wanderers Stadium,1,10.5,England,New Zealand,PD Collingwood,EJG Morgan,KD Mills,4,0,,,,,,,,,
415282,2009/10,2009-09-29,New Wanderers Stadium,1,10.6,England,New Zealand,PD Collingwood,EJG Morgan,KD Mills,0,0,,,,,,,,,
415282,2009/10,2009-09-29,New Wanderers Stadium,1,11.1,England,New Zealand,EJG Morgan,PD Collingwood,SE Bond,0,0,,,,,,,,,
415282,2009/10,2009-09-29,New Wanderers Stadium,1,11.2,England,New Zealand,EJG Morgan,PD Collingwood,SE Bond,0,0,,,,,,,,,
415282,2009/10,2009-09-29,New Wanderers Stadium,1,11.3,England,New Zealand,EJG Morgan,PD Collingwood,SE Bond,0,0,,,,,,,,,
415282,2009/10,2009-09-29,New Wanderers Stadium,1,11.4,England,New Zealand,EJG Morgan,PD Collingwood,SE Bond,0,0,,,,,,,,,
415282,2009/10,2009-09-29,New Wanderers Stadium,1,11.5,England,New Zealand,EJG Morgan,PD Collingwood,SE Bond,0,0,,,,,,,,,
415282,2009/10,2009-09-29,New Wanderers Stadium,1,11.6,England,New Zealand,EJG Morgan,PD Collingwood,SE Bond,0,0,,,,,,,,,
415282,2009/10,2009-09-29,New Wanderers Stadium,1,12.1,England,New Zealand,PD Collingwood,EJG Morgan,KD Mills,0,0,,,,,,,,,
415282,2009/10,2009-09-29,New Wanderers Stadium,1,12.2,England,New Zealand,PD Collingwood,EJG Morgan,KD Mills,0,0,,,,,,,,,
415282,2009/10,2009-09-29,New Wanderers Stadium,1,12.3,England,New Zealand,PD Collingwood,EJG Morgan,KD Mills,0,0,,,,,,,,,
415282,2009/10,2009-09-29,New Wanderers Stadium,1,12.4,England,New Zealand,PD Collingwood,EJG Morgan,KD Mills,0,0,,,,,,,,,
415282,2009/10,2009-09-29,New Wanderers Stadium,1,12.5,England,New Zealand,PD Collingwood,EJG Morgan,KD Mills,1,0,,,,,,,,,
415282,2009/10,2009-09-29,New Wanderers Stadium,1,12.6,England,New Zealand,EJG Morgan,PD Collingwood,KD Mills,0,0,,,,,,,,,
415282,2009/10,2009-09-29,New Wanderers Stadium,1,13.1,England,New Zealand,PD Collingwood,EJG Morgan,JEC Franklin,1,0,,,,,,,,,
415282,2009/10,2009-09-29,New Wanderers Stadium,1,13.2,England,New Zealand,EJG Morgan,PD Collingwood,JEC Franklin,0,0,,,,,,,,,
415282,2009/10,2009-09-29,New Wanderers Stadium,1,13.3,England,New Zealand,EJG Morgan,PD Collingwood,JEC Franklin,4,0,,,,,,,,,
415282,2009/10,2009-09-29,New Wanderers Stadium,1,13.4,England,New Zealand,EJG Morgan,PD Collingwood,JEC Franklin,0,0,,,,,,,,,
415282,2009/10,2009-09-29,New Wanderers Stadium,1,13.5,England,New Zealand,EJG Morgan,PD Collingwood,JEC Franklin,0,0,,,,,,,,,
415282,2009/10,2009-09-29,New Wanderers Stadium,1,13.6,England,New Zealand,EJG Morgan,PD Collingwood,JEC Franklin,0,0,,,,,,,,,
415282,2009/10,2009-09-29,New Wanderers Stadium,1,14.1,England,New Zealand,PD Collingwood,EJG Morgan,KD Mills,0,0,,,,,,,,,
415282,2009/10,2009-09-29,New Wanderers Stadium,1,14.2,England,New Zealand,PD Collingwood,EJG Morgan,KD Mills,0,0,,,,,,,,,
415282,2009/10,2009-09-29,New Wanderers Stadium,1,14.3,England,New Zealand,PD Collingwood,EJG Morgan,KD Mills,2,0,,,,,,,,,
415282,2009/10,2009-09-29,New Wanderers Stadium,1,14.4,England,New Zealand,PD Collingwood,EJG Morgan,KD Mills,1,0,,,,,,,,,
415282,2009/10,2009-09-29,New Wanderers Stadium,1,14.5,England,New Zealand,EJG Morgan,PD Collingwood,KD Mills,0,0,,,,,,,,,
415282,2009/10,2009-09-29,New Wanderers Stadium,1,14.6,England,New Zealand,EJG Morgan,PD Collingwood,KD Mills,0,0,,,,,,,,,
415282,2009/10,2009-09-29,New Wanderers Stadium,1,15.1,England,New Zealand,PD Collingwood,EJG Morgan,JEC Franklin,4,0,,,,,,,,,
415282,2009/10,2009-09-29,New Wanderers Stadium,1,15.2,England,New Zealand,PD Collingwood,EJG Morgan,JEC Franklin,0,0,,,,,,,,,
415282,2009/10,2009-09-29,New Wanderers Stadium,1,15.3,England,New Zealand,PD Collingwood,EJG Morgan,JEC Franklin,0,0,,,,,,,,,
415282,2009/10,2009-09-29,New Wanderers Stadium,1,15.4,England,New Zealand,PD Collingwood,EJG Morgan,JEC Franklin,0,0,,,,,,,,,
415282,2009/10,2009-09-29,New Wanderers Stadium,1,15.5,England,New Zealand,PD Collingwood,EJG Morgan,JEC Franklin,0,0,,,,,,,,,
415282,2009/10,2009-09-29,New Wanderers Stadium,1,15.6,England,New Zealand,PD Collingwood,EJG Morgan,JEC Franklin,6,0,,,,,,,,,
415282,2009/10,2009-09-29,New Wanderers Stadium,1,16.1,England,New Zealand,EJG Morgan,PD Collingwood,IG Butler,0,0,,,,,,,,,
415282,2009/10,2009-09-29,New Wanderers Stadium,1,16.2,England,New Zealand,EJG Morgan,PD Collingwood,IG Butler,0,0,,,,,,,,,
415282,2009/10,2009-09-29,New Wanderers Stadium,1,16.3,England,New Zealand,EJG Morgan,PD Collingwood,IG Butler,0,0,,,,,,,,,
415282,2009/10,2009-09-29,New Wanderers Stadium,1,16.4,England,New Zealand,EJG Morgan,PD Collingwood,IG Butler,0,0,,,,,,,,,
415282,2009/10,2009-09-29,New Wanderers Stadium,1,16.5,England,New Zealand,EJG Morgan,PD Collingwood,IG Butler,0,0,,,,,,,,,
415282,2009/10,2009-09-29,New Wanderers Stadium,1,16.6,England,New Zealand,EJG Morgan,PD Collingwood,IG Butler,2,0,,,,,,,,,
415282,2009/10,2009-09-29,New Wanderers Stadium,1,17.1,England,New Zealand,PD Collingwood,EJG Morgan,JEC Franklin,0,0,,,,,,,,,
415282,2009/10,2009-09-29,New Wanderers Stadium,1,17.2,England,New Zealand,PD Collingwood,EJG Morgan,JEC Franklin,0,0,,,,,,,,,
415282,2009/10,2009-09-29,New Wanderers Stadium,1,17.3,England,New Zealand,PD Collingwood,EJG Morgan,JEC Franklin,0,0,,,,,,,,,
415282,2009/10,2009-09-29,New Wanderers Stadium,1,17.4,England,New Zealand,PD Collingwood,EJG Morgan,JEC Franklin,0,0,,,,,,,,,
415282,2009/10,2009-09-29,New Wanderers Stadium,1,17.5,England,New Zealand,PD Collingwood,EJG Morgan,JEC Franklin,1,0,,,,,,,,,
415282,2009/10,2009-09-29,New Wanderers Stadium,1,17.6,England,New Zealand,EJG Morgan,PD Collingwood,JEC Franklin,0,0,,,,,,,,,
415282,2009/10,2009-09-29,New Wanderers Stadium,1,18.1,England,New Zealand,PD Collingwood,EJG Morgan,IG Butler,1,0,,,,,,,,,
415282,2009/10,2009-09-29,New Wanderers Stadium,1,18.2,England,New Zealand,EJG Morgan,PD Collingwood,IG Butler,0,0,,,,,,caught,EJG Morgan,,
415282,2009/10,2009-09-29,New Wanderers Stadium,1,18.3,England,New Zealand,RS Bopara,PD Collingwood,IG Butler,0,0,,,,,,,,,
415282,2009/10,2009-09-29,New Wanderers Stadium,1,18.4,England,New Zealand,RS Bopara,PD Collingwood,IG Butler,0,0,,,,,,,,,
415282,2009/10,2009-09-29,New Wanderers Stadium,1,18.5,England,New Zealand,RS Bopara,PD Collingwood,IG Butler,0,1,1,,,,,,,,
415282,2009/10,2009-09-29,New Wanderers Stadium,1,18.6,England,New Zealand,RS Bopara,PD Collingwood,IG Butler,1,0,,,,,,,,,
415282,2009/10,2009-09-29,New Wanderers Stadium,1,18.7,England,New Zealand,PD Collingwood,RS Bopara,IG Butler,0,0,,,,,,,,,
415282,2009/10,2009-09-29,New Wanderers Stadium,1,19.1,England,New Zealand,RS Bopara,PD Collingwood,JEC Franklin,0,0,,,,,,,,,
415282,2009/10,2009-09-29,New Wanderers Stadium,1,19.2,England,New Zealand,RS Bopara,PD Collingwood,JEC Franklin,0,0,,,,,,,,,
415282,2009/10,2009-09-29,New Wanderers Stadium,1,19.3,England,New Zealand,RS Bopara,PD Collingwood,JEC Franklin,1,0,,,,,,,,,
415282,2009/10,2009-09-29,New Wanderers Stadium,1,19.4,England,New Zealand,PD Collingwood,RS Bopara,JEC Franklin,0,0,,,,,,,,,
415282,2009/10,2009-09-29,New Wanderers Stadium,1,19.5,England,New Zealand,PD Collingwood,RS Bopara,JEC Franklin,6,0,,,,,,,,,
415282,2009/10,2009-09-29,New Wanderers Stadium,1,19.6,England,New Zealand,PD Collingwood,RS Bopara,JEC Franklin,0,0,,,,,,,,,
415282,2009/10,2009-09-29,New Wanderers Stadium,1,20.1,England,New Zealand,RS Bopara,PD Collingwood,IG Butler,0,1,1,,,,,,,,
415282,2009/10,2009-09-29,New Wanderers Stadium,1,20.2,England,New Zealand,RS Bopara,PD Collingwood,IG Butler,0,0,,,,,,,,,
415282,2009/10,2009-09-29,New Wanderers Stadium,1,20.3,England,New Zealand,RS Bopara,PD Collingwood,IG Butler,0,1,,1,,,,,,,
415282,2009/10,2009-09-29,New Wanderers Stadium,1,20.4,England,New Zealand,RS Bopara,PD Collingwood,IG Butler,4,0,,,,,,,,,
415282,2009/10,2009-09-29,New Wanderers Stadium,1,20.5,England,New Zealand,RS Bopara,PD Collingwood,IG Butler,2,0,,,,,,,,,
415282,2009/10,2009-09-29,New Wanderers Stadium,1,20.6,England,New Zealand,RS Bopara,PD Collingwood,IG Butler,1,0,,,,,,,,,
415282,2009/10,2009-09-29,New Wanderers Stadium,1,20.7,England,New Zealand,PD Collingwood,RS Bopara,IG Butler,1,0,,,,,,,,,
415282,2009/10,2009-09-29,New Wanderers Stadium,1,20.8,England,New Zealand,RS Bopara,PD Collingwood,IG Butler,0,0,,,,,,,,,
415282,2009/10,2009-09-29,New Wanderers Stadium,1,21.1,England,New Zealand,PD Collingwood,RS Bopara,GD Elliott,0,0,,,,,,,,,
415282,2009/10,2009-09-29,New Wanderers Stadium,1,21.2,England,New Zealand,PD Collingwood,RS Bopara,GD Elliott,0,0,,,,,,,,,
415282,2009/10,2009-09-29,New Wanderers Stadium,1,21.3,England,New Zealand,PD Collingwood,RS Bopara,GD Elliott,0,1,1,,,,,,,,
415282,2009/10,2009-09-29,New Wanderers Stadium,1,21.4,England,New Zealand,PD Collingwood,RS Bopara,GD Elliott,1,0,,,,,,,,,
415282,2009/10,2009-09-29,New Wanderers Stadium,1,21.5,England,New Zealand,RS Bopara,PD Collingwood,GD Elliott,2,0,,,,,,,,,
415282,2009/10,2009-09-29,New Wanderers Stadium,1,21.6,England,New Zealand,RS Bopara,PD Collingwood,GD Elliott,0,1,1,,,,,,,,
415282,2009/10,2009-09-29,New Wanderers Stadium,1,21.7,England,New Zealand,RS Bopara,PD Collingwood,GD Elliott,2,0,,,,,,,,,
415282,2009/10,2009-09-29,New Wanderers Stadium,1,21.8,England,New Zealand,RS Bopara,PD Collingwood,GD Elliott,1,0,,,,,,,,,
415282,2009/10,2009-09-29,New Wanderers Stadium,1,22.1,England,New Zealand,RS Bopara,PD Collingwood,IG Butler,0,0,,,,,,,,,
415282,2009/10,2009-09-29,New Wanderers Stadium,1,22.2,England,New Zealand,RS Bopara,PD Collingwood,IG Butler,0,0,,,,,,,,,
415282,2009/10,2009-09-29,New Wanderers Stadium,1,22.3,England,New Zealand,RS Bopara,PD Collingwood,IG Butler,0,0,,,,,,,,,
415282,2009/10,2009-09-29,New Wanderers Stadium,1,22.4,England,New Zealand,RS Bopara,PD Collingwood,IG Butler,0,0,,,,,,,,,
415282,2009/10,2009-09-29,New Wanderers Stadium,1,22.5,England,New Zealand,RS Bopara,PD Collingwood,IG Butler,0,0,,,,,,,,,
415282,2009/10,2009-09-29,New Wanderers Stadium,1,22.6,England,New Zealand,RS Bopara,PD Collingwood,IG Butler,0,0,,,,,,,,,
415282,2009/10,2009-09-29,New Wanderers Stadium,1,23.1,England,New Zealand,PD Collingwood,RS Bopara,GD Elliott,0,1,1,,,,,,,,
415282,2009/10,2009-09-29,New Wanderers Stadium,1,23.2,England,New Zealand,PD Collingwood,RS Bopara,GD Elliott,1,0,,,,,,,,,
415282,2009/10,2009-09-29,New Wanderers Stadium,1,23.3,England,New Zealand,RS Bopara,PD Collingwood,GD Elliott,0,0,,,,,,,,,
415282,2009/10,2009-09-29,New Wanderers Stadium,1,23.4,England,New Zealand,RS Bopara,PD Collingwood,GD Elliott,1,0,,,,,,,,,
415282,2009/10,2009-09-29,New Wanderers Stadium,1,23.5,England,New Zealand,PD Collingwood,RS Bopara,GD Elliott,0,0,,,,,,,,,
415282,2009/10,2009-09-29,New Wanderers Stadium,1,23.6,England,New Zealand,PD Collingwood,RS Bopara,GD Elliott,0,0,,,,,,,,,
415282,2009/10,2009-09-29,New Wanderers Stadium,1,23.7,England,New Zealand,PD Collingwood,RS Bopara,GD Elliott,0,0,,,,,,caught,PD Collingwood,,
415282,2009/10,2009-09-29,New Wanderers Stadium,1,24.1,England,New Zealand,RS Bopara,LJ Wright,IG Butler,0,0,,,,,,,,,
415282,2009/10,2009-09-29,New Wanderers Stadium,1,24.2,England,New Zealand,RS Bopara,LJ Wright,IG Butler,0,0,,,,,,,,,
415282,2009/10,2009-09-29,New Wanderers Stadium,1,24.3,England,New Zealand,RS Bopara,LJ Wright,IG Butler,0,1,,1,,,,,,,
415282,2009/10,2009-09-29,New Wanderers Stadium,1,24.4,England,New Zealand,RS Bopara,LJ Wright,IG Butler,4,0,,,,,,,,,
415282,2009/10,2009-09-29,New Wanderers Stadium,1,24.5,England,New Zealand,RS Bopara,LJ Wright,IG Butler,0,1,1,,,,,,,,
415282,2009/10,2009-09-29,New Wanderers Stadium,1,24.6,England,New Zealand,RS Bopara,LJ Wright,IG Butler,0,0,,,,,,,,,
415282,2009/10,2009-09-29,New Wanderers Stadium,1,24.7,England,New Zealand,RS Bopara,LJ Wright,IG Butler,0,0,,,,,,,,,
415282,2009/10,2009-09-29,New Wanderers Stadium,1,24.8,England,New Zealand,RS Bopara,LJ Wright,IG Butler,0,0,,,,,,,,,
415282,2009/10,2009-09-29,New Wanderers Stadium,1,25.1,England,New Zealand,LJ Wright,RS Bopara,GD Elliott,0,0,,,,,,,,,
415282,2009/10,2009-09-29,New Wanderers Stadium,1,25.2,England,New Zealand,LJ Wright,RS Bopara,GD Elliott,0,0,,,,,,,,,
415282,2009/10,2009-09-29,New Wanderers Stadium,1,25.3,England,New Zealand,LJ Wright,RS Bopara,GD Elliott,0,0,,,,,,,,,
415282,2009/10,2009-09-29,New Wanderers Stadium,1,25.4,England,New Zealand,LJ Wright,RS Bopara,GD Elliott,4,0,,,,,,,,,
415282,2009/10,2009-09-29,New Wanderers Stadium,1,25.5,England,New Zealand,LJ Wright,RS Bopara,GD Elliott,0,0,,,,,,,,,
415282,2009/10,2009-09-29,New Wanderers Stadium,1,25.6,England,New Zealand,LJ Wright,RS Bopara,GD Elliott,0,0,,,,,,caught,LJ Wright,,
415282,2009/10,2009-09-29,New Wanderers Stadium,1,26.1,England,New Zealand,RS Bopara,SCJ Broad,IG Butler,2,0,,,,,,,,,
415282,2009/10,2009-09-29,New Wanderers Stadium,1,26.2,England,New Zealand,RS Bopara,SCJ Broad,IG Butler,0,0,,,,,,,,,
415282,2009/10,2009-09-29,New Wanderers Stadium,1,26.3,England,New Zealand,RS Bopara,SCJ Broad,IG Butler,1,0,,,,,,,,,
415282,2009/10,2009-09-29,New Wanderers Stadium,1,26.4,England,New Zealand,SCJ Broad,RS Bopara,IG Butler,0,0,,,,,,,,,
415282,2009/10,2009-09-29,New Wanderers Stadium,1,26.5,England,New Zealand,SCJ Broad,RS Bopara,IG Butler,1,0,,,,,,,,,
415282,2009/10,2009-09-29,New Wanderers Stadium,1,26.6,England,New Zealand,RS Bopara,SCJ Broad,IG Butler,0,0,,,,,,,,,
415282,2009/10,2009-09-29,New Wanderers Stadium,1,27.1,England,New Zealand,SCJ Broad,RS Bopara,GD Elliott,0,1,1,,,,,,,,
415282,2009/10,2009-09-29,New Wanderers Stadium,1,27.2,England,New Zealand,SCJ Broad,RS Bopara,GD Elliott,0,0,,,,,,caught and bowled,SCJ Broad,,
415282,2009/10,2009-09-29,New Wanderers Stadium,1,27.3,England,New Zealand,GP Swann,RS Bopara,GD Elliott,1,0,,,,,,,,,
415282,2009/10,2009-09-29,New Wanderers Stadium,1,27.4,England,New Zealand,RS Bopara,GP Swann,GD Elliott,0,0,,,,,,,,,
415282,2009/10,2009-09-29,New Wanderers Stadium,1,27.5,England,New Zealand,RS Bopara,GP Swann,GD Elliott,2,0,,,,,,,,,
415282,2009/10,2009-09-29,New Wanderers Stadium,1,27.6,England,New Zealand,RS Bopara,GP Swann,GD Elliott,0,0,,,,,,,,,
415282,2009/10,2009-09-29,New Wanderers Stadium,1,27.7,England,New Zealand,RS Bopara,GP Swann,GD Elliott,0,0,,,,,,,,,
415282,2009/10,2009-09-29,New Wanderers Stadium,1,28.1,England,New Zealand,GP Swann,RS Bopara,SE Bond,0,0,,,,,,,,,
415282,2009/10,2009-09-29,New Wanderers Stadium,1,28.2,England,New Zealand,GP Swann,RS Bopara,SE Bond,0,0,,,,,,,,,
415282,2009/10,2009-09-29,New Wanderers Stadium,1,28.3,England,New Zealand,GP Swann,RS Bopara,SE Bond,0,0,,,,,,,,,
415282,2009/10,2009-09-29,New Wanderers Stadium,1,28.4,England,New Zealand,GP Swann,RS Bopara,SE Bond,0,0,,,,,,,,,
415282,2009/10,2009-09-29,New Wanderers Stadium,1,28.5,England,New Zealand,GP Swann,RS Bopara,SE Bond,0,0,,,,,,,,,
415282,2009/10,2009-09-29,New Wanderers Stadium,1,28.6,England,New Zealand,GP Swann,RS Bopara,SE Bond,1,0,,,,,,,,,
415282,2009/10,2009-09-29,New Wanderers Stadium,1,29.1,England,New Zealand,GP Swann,RS Bopara,GD Elliott,1,0,,,,,,,,,
415282,2009/10,2009-09-29,New Wanderers Stadium,1,29.2,England,New Zealand,RS Bopara,GP Swann,GD Elliott,1,0,,,,,,,,,
415282,2009/10,2009-09-29,New Wanderers Stadium,1,29.3,England,New Zealand,GP Swann,RS Bopara,GD Elliott,0,0,,,,,,,,,
415282,2009/10,2009-09-29,New Wanderers Stadium,1,29.4,England,New Zealand,GP Swann,RS Bopara,GD Elliott,2,0,,,,,,,,,
415282,2009/10,2009-09-29,New Wanderers Stadium,1,29.5,England,New Zealand,GP Swann,RS Bopara,GD Elliott,0,0,,,,,,,,,
415282,2009/10,2009-09-29,New Wanderers Stadium,1,29.6,England,New Zealand,GP Swann,RS Bopara,GD Elliott,1,0,,,,,,,,,
415282,2009/10,2009-09-29,New Wanderers Stadium,1,30.1,England,New Zealand,GP Swann,RS Bopara,SE Bond,0,0,,,,,,,,,
415282,2009/10,2009-09-29,New Wanderers Stadium,1,30.2,England,New Zealand,GP Swann,RS Bopara,SE Bond,0,0,,,,,,,,,
415282,2009/10,2009-09-29,New Wanderers Stadium,1,30.3,England,New Zealand,GP Swann,RS Bopara,SE Bond,4,0,,,,,,,,,
415282,2009/10,2009-09-29,New Wanderers Stadium,1,30.4,England,New Zealand,GP Swann,RS Bopara,SE Bond,0,0,,,,,,,,,
415282,2009/10,2009-09-29,New Wanderers Stadium,1,30.5,England,New Zealand,GP Swann,RS Bopara,SE Bond,0,0,,,,,,,,,
415282,2009/10,2009-09-29,New Wanderers Stadium,1,30.6,England,New Zealand,GP Swann,RS Bopara,SE Bond,1,0,,,,,,,,,
415282,2009/10,2009-09-29,New Wanderers Stadium,1,31.1,England,New Zealand,GP Swann,RS Bopara,GD Elliott,0,0,,,,,,,,,
415282,2009/10,2009-09-29,New Wanderers Stadium,1,31.2,England,New Zealand,GP Swann,RS Bopara,GD Elliott,0,0,,,,,,caught,GP Swann,,
415282,2009/10,2009-09-29,New Wanderers Stadium,1,31.3,England,New Zealand,RS Bopara,RJ Sidebottom,GD Elliott,0,0,,,,,,,,,
415282,2009/10,2009-09-29,New Wanderers Stadium,1,31.4,England,New Zealand,RS Bopara,RJ Sidebottom,GD Elliott,1,0,,,,,,,,,
415282,2009/10,2009-09-29,New Wanderers Stadium,1,31.5,England,New Zealand,RJ Sidebottom,RS Bopara,GD Elliott,0,0,,,,,,,,,
415282,2009/10,2009-09-29,New Wanderers Stadium,1,31.6,England,New Zealand,RJ Sidebottom,RS Bopara,GD Elliott,0,0,,,,,,,,,
415282,2009/10,2009-09-29,New Wanderers Stadium,1,32.1,England,New Zealand,RS Bopara,RJ Sidebottom,SE Bond,1,0,,,,,,,,,
415282,2009/10,2009-09-29,New Wanderers Stadium,1,32.2,England,New Zealand,RJ Sidebottom,RS Bopara,SE Bond,0,0,,,,,,,,,
415282,2009/10,2009-09-29,New Wanderers Stadium,1,32.3,England,New Zealand,RJ Sidebottom,RS Bopara,SE Bond,0,0,,,,,,,,,
415282,2009/10,2009-09-29,New Wanderers Stadium,1,32.4,England,New Zealand,RJ Sidebottom,RS Bopara,SE Bond,1,0,,,,,,,,,
415282,2009/10,2009-09-29,New Wanderers Stadium,1,32.5,England,New Zealand,RS Bopara,RJ Sidebottom,SE Bond,0,0,,,,,,,,,
415282,2009/10,2009-09-29,New Wanderers Stadium,1,32.6,England,New Zealand,RS Bopara,RJ Sidebottom,SE Bond,2,0,,,,,,,,,
415282,2009/10,2009-09-29,New Wanderers Stadium,1,33.1,England,New Zealand,RJ Sidebottom,RS Bopara,GD Elliott,0,0,,,,,,,,,
415282,2009/10,2009-09-29,New Wanderers Stadium,1,33.2,England,New Zealand,RJ Sidebottom,RS Bopara,GD Elliott,0,1,,,,1,,,,,
415282,2009/10,2009-09-29,New Wanderers Stadium,1,33.3,England,New Zealand,RS Bopara,RJ Sidebottom,GD Elliott,1,0,,,,,,,,,
415282,2009/10,2009-09-29,New Wanderers Stadium,1,33.4,England,New Zealand,RJ Sidebottom,RS Bopara,GD Elliott,0,0,,,,,,,,,
415282,2009/10,2009-09-29,New Wanderers Stadium,1,33.5,England,New Zealand,RJ Sidebottom,RS Bopara,GD Elliott,0,0,,,,,,,,,
415282,2009/10,2009-09-29,New Wanderers Stadium,1,33.6,England,New Zealand,RJ Sidebottom,RS Bopara,GD Elliott,0,1,1,,,,,,,,
415282,2009/10,2009-09-29,New Wanderers Stadium,1,33.7,England,New Zealand,RJ Sidebottom,RS Bopara,GD Elliott,0,0,,,,,,,,,
415282,2009/10,2009-09-29,New Wanderers Stadium,1,34.1,England,New Zealand,RS Bopara,RJ Sidebottom,SE Bond,0,0,,,,,,,,,
415282,2009/10,2009-09-29,New Wanderers Stadium,1,34.2,England,New Zealand,RS Bopara,RJ Sidebottom,SE Bond,0,0,,,,,,,,,
415282,2009/10,2009-09-29,New Wanderers Stadium,1,34.3,England,New Zealand,RS Bopara,RJ Sidebottom,SE Bond,0,0,,,,,,,,,
415282,2009/10,2009-09-29,New Wanderers Stadium,1,34.4,England,New Zealand,RS Bopara,RJ Sidebottom,SE Bond,0,0,,,,,,,,,
415282,2009/10,2009-09-29,New Wanderers Stadium,1,34.5,England,New Zealand,RS Bopara,RJ Sidebottom,SE Bond,0,0,,,,,,,,,
415282,2009/10,2009-09-29,New Wanderers Stadium,1,34.6,England,New Zealand,RS Bopara,RJ Sidebottom,SE Bond,0,0,,,,,,lbw,RS Bopara,,
415282,2009/10,2009-09-29,New Wanderers Stadium,1,35.1,England,New Zealand,RJ Sidebottom,JM Anderson,GD Elliott,0,0,,,,,,,,,
415282,2009/10,2009-09-29,New Wanderers Stadium,1,35.2,England,New Zealand,RJ Sidebottom,JM Anderson,GD Elliott,0,0,,,,,,,,,
415282,2009/10,2009-09-29,New Wanderers Stadium,1,35.3,England,New Zealand,RJ Sidebottom,JM Anderson,GD Elliott,1,0,,,,,,,,,
415282,2009/10,2009-09-29,New Wanderers Stadium,1,35.4,England,New Zealand,JM Anderson,RJ Sidebottom,GD Elliott,1,0,,,,,,,,,
415282,2009/10,2009-09-29,New Wanderers Stadium,1,35.5,England,New Zealand,RJ Sidebottom,JM Anderson,GD Elliott,2,0,,,,,,,,,
415282,2009/10,2009-09-29,New Wanderers Stadium,1,35.6,England,New Zealand,RJ Sidebottom,JM Anderson,GD Elliott,0,0,,,,,,,,,
415282,2009/10,2009-09-29,New Wanderers Stadium,1,36.1,England,New Zealand,JM Anderson,RJ Sidebottom,IG Butler,0,0,,,,,,,,,
415282,2009/10,2009-09-29,New Wanderers Stadium,1,36.2,England,New Zealand,JM Anderson,RJ Sidebottom,IG Butler,1,0,,,,,,,,,
415282,2009/10,2009-09-29,New Wanderers Stadium,1,36.3,England,New Zealand,RJ Sidebottom,JM Anderson,IG Butler,0,1,,,,1,,,,,
415282,2009/10,2009-09-29,New Wanderers Stadium,1,36.4,England,New Zealand,JM Anderson,RJ Sidebottom,IG Butler,0,0,,,,,,,,,
415282,2009/10,2009-09-29,New Wanderers Stadium,1,36.5,England,New Zealand,JM Anderson,RJ Sidebottom,IG Butler,0,0,,,,,,,,,
415282,2009/10,2009-09-29,New Wanderers Stadium,1,36.6,England,New Zealand,JM Anderson,RJ Sidebottom,IG Butler,0,0,,,,,,,,,
415282,2009/10,2009-09-29,New Wanderers Stadium,1,37.1,England,New Zealand,RJ Sidebottom,JM Anderson,KD Mills,0,0,,,,,,,,,
415282,2009/10,2009-09-29,New Wanderers Stadium,1,37.2,England,New Zealand,RJ Sidebottom,JM Anderson,KD Mills,0,0,,,,,,,,,
415282,2009/10,2009-09-29,New Wanderers Stadium,1,37.3,England,New Zealand,RJ Sidebottom,JM Anderson,KD Mills,0,0,,,,,,,,,
415282,2009/10,2009-09-29,New Wanderers Stadium,1,37.4,England,New Zealand,RJ Sidebottom,JM Anderson,KD Mills,0,0,,,,,,,,,
415282,2009/10,2009-09-29,New Wanderers Stadium,1,37.5,England,New Zealand,RJ Sidebottom,JM Anderson,KD Mills,1,0,,,,,,,,,
415282,2009/10,2009-09-29,New Wanderers Stadium,1,37.6,England,New Zealand,JM Anderson,RJ Sidebottom,KD Mills,0,0,,,,,,,,,
415282,2009/10,2009-09-29,New Wanderers Stadium,1,38.1,England,New Zealand,RJ Sidebottom,JM Anderson,IG Butler,0,0,,,,,,,,,
415282,2009/10,2009-09-29,New Wanderers Stadium,1,38.2,England,New Zealand,RJ Sidebottom,JM Anderson,IG Butler,0,0,,,,,,,,,
415282,2009/10,2009-09-29,New Wanderers Stadium,1,38.3,England,New Zealand,RJ Sidebottom,JM Anderson,IG Butler,4,0,,,,,,,,,
415282,2009/10,2009-09-29,New Wanderers Stadium,1,38.4,England,New Zealand,RJ Sidebottom,JM Anderson,IG Butler,4,0,,,,,,,,,
415282,2009/10,2009-09-29,New Wanderers Stadium,1,38.5,England,New Zealand,RJ Sidebottom,JM Anderson,IG Butler,0,0,,,,,,,,,
415282,2009/10,2009-09-29,New Wanderers Stadium,1,38.6,England,New Zealand,RJ Sidebottom,JM Anderson,IG Butler,0,0,,,,,,,,,
415282,2009/10,2009-09-29,New Wanderers Stadium,1,39.1,England,New Zealand,JM Anderson,RJ Sidebottom,KD Mills,0,0,,,,,,,,,
415282,2009/10,2009-09-29,New Wanderers Stadium,1,39.2,England,New Zealand,JM Anderson,RJ Sidebottom,KD Mills,0,0,,,,,,,,,
415282,2009/10,2009-09-29,New Wanderers Stadium,1,39.3,England,New Zealand,JM Anderson,RJ Sidebottom,KD Mills,0,0,,,,,,,,,
415282,2009/10,2009-09-29,New Wanderers Stadium,1,39.4,England,New Zealand,JM Anderson,RJ Sidebottom,KD Mills,0,0,,,,,,,,,
415282,2009/10,2009-09-29,New Wanderers Stadium,1,39.5,England,New Zealand,JM Anderson,RJ Sidebottom,KD Mills,0,0,,,,,,,,,
415282,2009/10,2009-09-29,New Wanderers Stadium,1,39.6,England,New Zealand,JM Anderson,RJ Sidebottom,KD Mills,0,0,,,,,,,,,
415282,2009/10,2009-09-29,New Wanderers Stadium,1,40.1,England,New Zealand,RJ Sidebottom,JM Anderson,JEC Franklin,0,0,,,,,,,,,
415282,2009/10,2009-09-29,New Wanderers Stadium,1,40.2,England,New Zealand,RJ Sidebottom,JM Anderson,JEC Franklin,0,1,1,,,,,,,,
415282,2009/10,2009-09-29,New Wanderers Stadium,1,40.3,England,New Zealand,RJ Sidebottom,JM Anderson,JEC Franklin,4,0,,,,,,,,,
415282,2009/10,2009-09-29,New Wanderers Stadium,1,40.4,England,New Zealand,RJ Sidebottom,JM Anderson,JEC Franklin,0,0,,,,,,,,,
415282,2009/10,2009-09-29,New Wanderers Stadium,1,40.5,England,New Zealand,RJ Sidebottom,JM Anderson,JEC Franklin,0,0,,,,,,,,,
415282,2009/10,2009-09-29,New Wanderers Stadium,1,40.6,England,New Zealand,RJ Sidebottom,JM Anderson,JEC Franklin,1,0,,,,,,,,,
415282,2009/10,2009-09-29,New Wanderers Stadium,1,40.7,England,New Zealand,JM Anderson,RJ Sidebottom,JEC Franklin,0,0,,,,,,,,,
415282,2009/10,2009-09-29,New Wanderers Stadium,1,41.1,England,New Zealand,RJ Sidebottom,JM Anderson,DL Vettori,0,0,,,,,,,,,
415282,2009/10,2009-09-29,New Wanderers Stadium,1,41.2,England,New Zealand,RJ Sidebottom,JM Anderson,DL Vettori,0,0,,,,,,,,,
415282,2009/10,2009-09-29,New Wanderers Stadium,1,41.3,England,New Zealand,RJ Sidebottom,JM Anderson,DL Vettori,0,0,,,,,,,,,
415282,2009/10,2009-09-29,New Wanderers Stadium,1,41.4,England,New Zealand,RJ Sidebottom,JM Anderson,DL Vettori,0,4,,,4,,,,,,
415282,2009/10,2009-09-29,New Wanderers Stadium,1,41.5,England,New Zealand,RJ Sidebottom,JM Anderson,DL Vettori,1,0,,,,,,,,,
415282,2009/10,2009-09-29,New Wanderers Stadium,1,41.6,England,New Zealand,JM Anderson,RJ Sidebottom,DL Vettori,1,0,,,,,,,,,
415282,2009/10,2009-09-29,New Wanderers Stadium,1,42.1,England,New Zealand,JM Anderson,RJ Sidebottom,JEC Franklin,0,0,,,,,,,,,
415282,2009/10,2009-09-29,New Wanderers Stadium,1,42.2,England,New Zealand,JM Anderson,RJ Sidebottom,JEC Franklin,1,0,,,,,,,,,
415282,2009/10,2009-09-29,New Wanderers Stadium,1,42.3,England,New Zealand,RJ Sidebottom,JM Anderson,JEC Franklin,0,0,,,,,,,,,
415282,2009/10,2009-09-29,New Wanderers Stadium,1,42.4,England,New Zealand,RJ Sidebottom,JM Anderson,JEC Franklin,0,0,,,,,,,,,
415282,2009/10,2009-09-29,New Wanderers Stadium,1,42.5,England,New Zealand,RJ Sidebottom,JM Anderson,JEC Franklin,1,0,,,,,,,,,
415282,2009/10,2009-09-29,New Wanderers Stadium,1,42.6,England,New Zealand,JM Anderson,RJ Sidebottom,JEC Franklin,0,0,,,,,,,,,
415282,2009/10,2009-09-29,New Wanderers Stadium,1,43.1,England,New Zealand,RJ Sidebottom,JM Anderson,DL Vettori,0,0,,,,,,caught,RJ Sidebottom,,
415282,2009/10,2009-09-29,New Wanderers Stadium,2,0.1,New Zealand,England,BB McCullum,MJ Guptill,JM Anderson,0,0,,,,,,,,,
415282,2009/10,2009-09-29,New Wanderers Stadium,2,0.2,New Zealand,England,BB McCullum,MJ Guptill,JM Anderson,1,0,,,,,,,,,
415282,2009/10,2009-09-29,New Wanderers Stadium,2,0.3,New Zealand,England,MJ Guptill,BB McCullum,JM Anderson,0,0,,,,,,,,,
415282,2009/10,2009-09-29,New Wanderers Stadium,2,0.4,New Zealand,England,MJ Guptill,BB McCullum,JM Anderson,0,0,,,,,,,,,
415282,2009/10,2009-09-29,New Wanderers Stadium,2,0.5,New Zealand,England,MJ Guptill,BB McCullum,JM Anderson,0,0,,,,,,,,,
415282,2009/10,2009-09-29,New Wanderers Stadium,2,0.6,New Zealand,England,MJ Guptill,BB McCullum,JM Anderson,3,0,,,,,,,,,
415282,2009/10,2009-09-29,New Wanderers Stadium,2,1.1,New Zealand,England,MJ Guptill,BB McCullum,RJ Sidebottom,0,4,,,,4,,,,,
415282,2009/10,2009-09-29,New Wanderers Stadium,2,1.2,New Zealand,England,MJ Guptill,BB McCullum,RJ Sidebottom,0,0,,,,,,,,,
415282,2009/10,2009-09-29,New Wanderers Stadium,2,1.3,New Zealand,England,MJ Guptill,BB McCullum,RJ Sidebottom,0,0,,,,,,,,,
415282,2009/10,2009-09-29,New Wanderers Stadium,2,1.4,New Zealand,England,MJ Guptill,BB McCullum,RJ Sidebottom,2,0,,,,,,,,,
415282,2009/10,2009-09-29,New Wanderers Stadium,2,1.5,New Zealand,England,MJ Guptill,BB McCullum,RJ Sidebottom,1,0,,,,,,,,,
415282,2009/10,2009-09-29,New Wanderers Stadium,2,1.6,New Zealand,England,BB McCullum,MJ Guptill,RJ Sidebottom,0,0,,,,,,,,,
415282,2009/10,2009-09-29,New Wanderers Stadium,2,2.1,New Zealand,England,MJ Guptill,BB McCullum,JM Anderson,4,0,,,,,,,,,
415282,2009/10,2009-09-29,New Wanderers Stadium,2,2.2,New Zealand,England,MJ Guptill,BB McCullum,JM Anderson,0,0,,,,,,,,,
415282,2009/10,2009-09-29,New Wanderers Stadium,2,2.3,New Zealand,England,MJ Guptill,BB McCullum,JM Anderson,1,0,,,,,,,,,
415282,2009/10,2009-09-29,New Wanderers Stadium,2,2.4,New Zealand,England,BB McCullum,MJ Guptill,JM Anderson,0,0,,,,,,,,,
415282,2009/10,2009-09-29,New Wanderers Stadium,2,2.5,New Zealand,England,BB McCullum,MJ Guptill,JM Anderson,0,0,,,,,,,,,
415282,2009/10,2009-09-29,New Wanderers Stadium,2,2.6,New Zealand,England,BB McCullum,MJ Guptill,JM Anderson,1,0,,,,,,,,,
415282,2009/10,2009-09-29,New Wanderers Stadium,2,3.1,New Zealand,England,BB McCullum,MJ Guptill,RJ Sidebottom,0,0,,,,,,,,,
415282,2009/10,2009-09-29,New Wanderers Stadium,2,3.2,New Zealand,England,BB McCullum,MJ Guptill,RJ Sidebottom,2,0,,,,,,,,,
415282,2009/10,2009-09-29,New Wanderers Stadium,2,3.3,New Zealand,England,BB McCullum,MJ Guptill,RJ Sidebottom,0,0,,,,,,,,,
415282,2009/10,2009-09-29,New Wanderers Stadium,2,3.4,New Zealand,England,BB McCullum,MJ Guptill,RJ Sidebottom,4,0,,,,,,,,,
415282,2009/10,2009-09-29,New Wanderers Stadium,2,3.5,New Zealand,England,BB McCullum,MJ Guptill,RJ Sidebottom,0,0,,,,,,,,,
415282,2009/10,2009-09-29,New Wanderers Stadium,2,3.6,New Zealand,England,BB McCullum,MJ Guptill,RJ Sidebottom,0,0,,,,,,,,,
415282,2009/10,2009-09-29,New Wanderers Stadium,2,4.1,New Zealand,England,MJ Guptill,BB McCullum,JM Anderson,0,0,,,,,,,,,
415282,2009/10,2009-09-29,New Wanderers Stadium,2,4.2,New Zealand,England,MJ Guptill,BB McCullum,JM Anderson,0,0,,,,,,,,,
415282,2009/10,2009-09-29,New Wanderers Stadium,2,4.3,New Zealand,England,MJ Guptill,BB McCullum,JM Anderson,4,0,,,,,,,,,
415282,2009/10,2009-09-29,New Wanderers Stadium,2,4.4,New Zealand,England,MJ Guptill,BB McCullum,JM Anderson,3,0,,,,,,,,,
415282,2009/10,2009-09-29,New Wanderers Stadium,2,4.5,New Zealand,England,BB McCullum,MJ Guptill,JM Anderson,4,0,,,,,,,,,
415282,2009/10,2009-09-29,New Wanderers Stadium,2,4.6,New Zealand,England,BB McCullum,MJ Guptill,JM Anderson,0,0,,,,,,,,,
415282,2009/10,2009-09-29,New Wanderers Stadium,2,5.1,New Zealand,England,MJ Guptill,BB McCullum,RJ Sidebottom,0,0,,,,,,,,,
415282,2009/10,2009-09-29,New Wanderers Stadium,2,5.2,New Zealand,England,MJ Guptill,BB McCullum,RJ Sidebottom,0,0,,,,,,,,,
415282,2009/10,2009-09-29,New Wanderers Stadium,2,5.3,New Zealand,England,MJ Guptill,BB McCullum,RJ Sidebottom,0,0,,,,,,,,,
415282,2009/10,2009-09-29,New Wanderers Stadium,2,5.4,New Zealand,England,MJ Guptill,BB McCullum,RJ Sidebottom,1,0,,,,,,,,,
415282,2009/10,2009-09-29,New Wanderers Stadium,2,5.5,New Zealand,England,BB McCullum,MJ Guptill,RJ Sidebottom,3,0,,,,,,,,,
415282,2009/10,2009-09-29,New Wanderers Stadium,2,5.6,New Zealand,England,MJ Guptill,BB McCullum,RJ Sidebottom,0,0,,,,,,,,,
415282,2009/10,2009-09-29,New Wanderers Stadium,2,6.1,New Zealand,England,BB McCullum,MJ Guptill,JM Anderson,1,0,,,,,,,,,
415282,2009/10,2009-09-29,New Wanderers Stadium,2,6.2,New Zealand,England,MJ Guptill,BB McCullum,JM Anderson,0,0,,,,,,,,,
415282,2009/10,2009-09-29,New Wanderers Stadium,2,6.3,New Zealand,England,MJ Guptill,BB McCullum,JM Anderson,4,0,,,,,,,,,
415282,2009/10,2009-09-29,New Wanderers Stadium,2,6.4,New Zealand,England,MJ Guptill,BB McCullum,JM Anderson,0,0,,,,,,,,,
415282,2009/10,2009-09-29,New Wanderers Stadium,2,6.5,New Zealand,England,MJ Guptill,BB McCullum,JM Anderson,0,0,,,,,,,,,
415282,2009/10,2009-09-29,New Wanderers Stadium,2,6.6,New Zealand,England,MJ Guptill,BB McCullum,JM Anderson,0,0,,,,,,,,,
415282,2009/10,2009-09-29,New Wanderers Stadium,2,7.1,New Zealand,England,BB McCullum,MJ Guptill,RJ Sidebottom,6,0,,,,,,,,,
415282,2009/10,2009-09-29,New Wanderers Stadium,2,7.2,New Zealand,England,BB McCullum,MJ Guptill,RJ Sidebottom,0,0,,,,,,,,,
415282,2009/10,2009-09-29,New Wanderers Stadium,2,7.3,New Zealand,England,BB McCullum,MJ Guptill,RJ Sidebottom,0,0,,,,,,,,,
415282,2009/10,2009-09-29,New Wanderers Stadium,2,7.4,New Zealand,England,BB McCullum,MJ Guptill,RJ Sidebottom,0,0,,,,,,,,,
415282,2009/10,2009-09-29,New Wanderers Stadium,2,7.5,New Zealand,England,BB McCullum,MJ Guptill,RJ Sidebottom,4,0,,,,,,,,,
415282,2009/10,2009-09-29,New Wanderers Stadium,2,7.6,New Zealand,England,BB McCullum,MJ Guptill,RJ Sidebottom,0,0,,,,,,,,,
415282,2009/10,2009-09-29,New Wanderers Stadium,2,8.1,New Zealand,England,MJ Guptill,BB McCullum,SCJ Broad,4,0,,,,,,,,,
415282,2009/10,2009-09-29,New Wanderers Stadium,2,8.2,New Zealand,England,MJ Guptill,BB McCullum,SCJ Broad,0,0,,,,,,,,,
415282,2009/10,2009-09-29,New Wanderers Stadium,2,8.3,New Zealand,England,MJ Guptill,BB McCullum,SCJ Broad,0,0,,,,,,,,,
415282,2009/10,2009-09-29,New Wanderers Stadium,2,8.4,New Zealand,England,MJ Guptill,BB McCullum,SCJ Broad,0,0,,,,,,,,,
415282,2009/10,2009-09-29,New Wanderers Stadium,2,8.5,New Zealand,England,MJ Guptill,BB McCullum,SCJ Broad,0,0,,,,,,,,,
415282,2009/10,2009-09-29,New Wanderers Stadium,2,8.6,New Zealand,England,MJ Guptill,BB McCullum,SCJ Broad,0,0,,,,,,,,,
415282,2009/10,2009-09-29,New Wanderers Stadium,2,9.1,New Zealand,England,BB McCullum,MJ Guptill,JM Anderson,0,0,,,,,,,,,
415282,2009/10,2009-09-29,New Wanderers Stadium,2,9.2,New Zealand,England,BB McCullum,MJ Guptill,JM Anderson,0,0,,,,,,,,,
415282,2009/10,2009-09-29,New Wanderers Stadium,2,9.3,New Zealand,England,BB McCullum,MJ Guptill,JM Anderson,0,0,,,,,,,,,
415282,2009/10,2009-09-29,New Wanderers Stadium,2,9.4,New Zealand,England,BB McCullum,MJ Guptill,JM Anderson,0,0,,,,,,,,,
415282,2009/10,2009-09-29,New Wanderers Stadium,2,9.5,New Zealand,England,BB McCullum,MJ Guptill,JM Anderson,6,0,,,,,,,,,
415282,2009/10,2009-09-29,New Wanderers Stadium,2,9.6,New Zealand,England,BB McCullum,MJ Guptill,JM Anderson,3,0,,,,,,,,,
415282,2009/10,2009-09-29,New Wanderers Stadium,2,10.1,New Zealand,England,BB McCullum,MJ Guptill,SCJ Broad,0,0,,,,,,,,,
415282,2009/10,2009-09-29,New Wanderers Stadium,2,10.2,New Zealand,England,BB McCullum,MJ Guptill,SCJ Broad,0,0,,,,,,,,,
415282,2009/10,2009-09-29,New Wanderers Stadium,2,10.3,New Zealand,England,BB McCullum,MJ Guptill,SCJ Broad,4,0,,,,,,,,,
415282,2009/10,2009-09-29,New Wanderers Stadium,2,10.4,New Zealand,England,BB McCullum,MJ Guptill,SCJ Broad,0,0,,,,,,,,,
415282,2009/10,2009-09-29,New Wanderers Stadium,2,10.5,New Zealand,England,BB McCullum,MJ Guptill,SCJ Broad,1,0,,,,,,,,,
415282,2009/10,2009-09-29,New Wanderers Stadium,2,10.6,New Zealand,England,MJ Guptill,BB McCullum,SCJ Broad,4,0,,,,,,,,,
415282,2009/10,2009-09-29,New Wanderers Stadium,2,11.1,New Zealand,England,BB McCullum,MJ Guptill,PD Collingwood,0,0,,,,,,,,,
415282,2009/10,2009-09-29,New Wanderers Stadium,2,11.2,New Zealand,England,BB McCullum,MJ Guptill,PD Collingwood,1,0,,,,,,,,,
415282,2009/10,2009-09-29,New Wanderers Stadium,2,11.3,New Zealand,England,MJ Guptill,BB McCullum,PD Collingwood,0,0,,,,,,,,,
415282,2009/10,2009-09-29,New Wanderers Stadium,2,11.4,New Zealand,England,MJ Guptill,BB McCullum,PD Collingwood,0,0,,,,,,,,,
415282,2009/10,2009-09-29,New Wanderers Stadium,2,11.5,New Zealand,England,MJ Guptill,BB McCullum,PD Collingwood,1,0,,,,,,,,,
415282,2009/10,2009-09-29,New Wanderers Stadium,2,11.6,New Zealand,England,BB McCullum,MJ Guptill,PD Collingwood,1,0,,,,,,,,,
415282,2009/10,2009-09-29,New Wanderers Stadium,2,12.1,New Zealand,England,BB McCullum,MJ Guptill,SCJ Broad,6,0,,,,,,,,,
415282,2009/10,2009-09-29,New Wanderers Stadium,2,12.2,New Zealand,England,BB McCullum,MJ Guptill,SCJ Broad,0,0,,,,,,,,,
415282,2009/10,2009-09-29,New Wanderers Stadium,2,12.3,New Zealand,England,BB McCullum,MJ Guptill,SCJ Broad,0,0,,,,,,caught,BB McCullum,,
415282,2009/10,2009-09-29,New Wanderers Stadium,2,12.4,New Zealand,England,MJ Guptill,NT Broom,SCJ Broad,0,0,,,,,,,,,
415282,2009/10,2009-09-29,New Wanderers Stadium,2,12.5,New Zealand,England,MJ Guptill,NT Broom,SCJ Broad,4,0,,,,,,,,,
415282,2009/10,2009-09-29,New Wanderers Stadium,2,12.6,New Zealand,England,MJ Guptill,NT Broom,SCJ Broad,0,0,,,,,,,,,
415282,2009/10,2009-09-29,New Wanderers Stadium,2,13.1,New Zealand,England,NT Broom,MJ Guptill,PD Collingwood,0,0,,,,,,,,,
415282,2009/10,2009-09-29,New Wanderers Stadium,2,13.2,New Zealand,England,NT Broom,MJ Guptill,PD Collingwood,0,0,,,,,,,,,
415282,2009/10,2009-09-29,New Wanderers Stadium,2,13.3,New Zealand,England,NT Broom,MJ Guptill,PD Collingwood,1,0,,,,,,,,,
415282,2009/10,2009-09-29,New Wanderers Stadium,2,13.4,New Zealand,England,MJ Guptill,NT Broom,PD Collingwood,2,0,,,,,,,,,
415282,2009/10,2009-09-29,New Wanderers Stadium,2,13.5,New Zealand,England,MJ Guptill,NT Broom,PD Collingwood,1,0,,,,,,,,,
415282,2009/10,2009-09-29,New Wanderers Stadium,2,13.6,New Zealand,England,NT Broom,MJ Guptill,PD Collingwood,0,0,,,,,,,,,
415282,2009/10,2009-09-29,New Wanderers Stadium,2,14.1,New Zealand,England,MJ Guptill,NT Broom,JM Anderson,0,0,,,,,,,,,
415282,2009/10,2009-09-29,New Wanderers Stadium,2,14.2,New Zealand,England,MJ Guptill,NT Broom,JM Anderson,1,0,,,,,,,,,
415282,2009/10,2009-09-29,New Wanderers Stadium,2,14.3,New Zealand,England,NT Broom,MJ Guptill,JM Anderson,0,0,,,,,,,,,
415282,2009/10,2009-09-29,New Wanderers Stadium,2,14.4,New Zealand,England,NT Broom,MJ Guptill,JM Anderson,0,0,,,,,,,,,
415282,2009/10,2009-09-29,New Wanderers Stadium,2,14.5,New Zealand,England,NT Broom,MJ Guptill,JM Anderson,0,0,,,,,,,,,
415282,2009/10,2009-09-29,New Wanderers Stadium,2,14.6,New Zealand,England,NT Broom,MJ Guptill,JM Anderson,0,0,,,,,,,,,
415282,2009/10,2009-09-29,New Wanderers Stadium,2,15.1,New Zealand,England,MJ Guptill,NT Broom,PD Collingwood,0,0,,,,,,,,,
415282,2009/10,2009-09-29,New Wanderers Stadium,2,15.2,New Zealand,England,MJ Guptill,NT Broom,PD Collingwood,0,0,,,,,,,,,
415282,2009/10,2009-09-29,New Wanderers Stadium,2,15.3,New Zealand,England,MJ Guptill,NT Broom,PD Collingwood,1,0,,,,,,,,,
415282,2009/10,2009-09-29,New Wanderers Stadium,2,15.4,New Zealand,England,NT Broom,MJ Guptill,PD Collingwood,1,0,,,,,,,,,
415282,2009/10,2009-09-29,New Wanderers Stadium,2,15.5,New Zealand,England,MJ Guptill,NT Broom,PD Collingwood,6,0,,,,,,,,,
415282,2009/10,2009-09-29,New Wanderers Stadium,2,15.6,New Zealand,England,MJ Guptill,NT Broom,PD Collingwood,0,1,1,,,,,,,,
415282,2009/10,2009-09-29,New Wanderers Stadium,2,15.7,New Zealand,England,MJ Guptill,NT Broom,PD Collingwood,0,0,,,,,,,,,
415282,2009/10,2009-09-29,New Wanderers Stadium,2,16.1,New Zealand,England,NT Broom,MJ Guptill,JM Anderson,2,0,,,,,,,,,
415282,2009/10,2009-09-29,New Wanderers Stadium,2,16.2,New Zealand,England,NT Broom,MJ Guptill,JM Anderson,0,0,,,,,,,,,
415282,2009/10,2009-09-29,New Wanderers Stadium,2,16.3,New Zealand,England,NT Broom,MJ Guptill,JM Anderson,0,1,,,,1,,,,,
415282,2009/10,2009-09-29,New Wanderers Stadium,2,16.4,New Zealand,England,MJ Guptill,NT Broom,JM Anderson,0,0,,,,,,,,,
415282,2009/10,2009-09-29,New Wanderers Stadium,2,16.5,New Zealand,England,MJ Guptill,NT Broom,JM Anderson,0,1,,,,1,,,,,
415282,2009/10,2009-09-29,New Wanderers Stadium,2,16.6,New Zealand,England,NT Broom,MJ Guptill,JM Anderson,0,0,,,,,,,,,
415282,2009/10,2009-09-29,New Wanderers Stadium,2,17.1,New Zealand,England,MJ Guptill,NT Broom,SCJ Broad,4,0,,,,,,,,,
415282,2009/10,2009-09-29,New Wanderers Stadium,2,17.2,New Zealand,England,MJ Guptill,NT Broom,SCJ Broad,0,0,,,,,,,,,
415282,2009/10,2009-09-29,New Wanderers Stadium,2,17.3,New Zealand,England,MJ Guptill,NT Broom,SCJ Broad,1,0,,,,,,,,,
415282,2009/10,2009-09-29,New Wanderers Stadium,2,17.4,New Zealand,England,NT Broom,MJ Guptill,SCJ Broad,0,0,,,,,,,,,
415282,2009/10,2009-09-29,New Wanderers Stadium,2,17.5,New Zealand,England,NT Broom,MJ Guptill,SCJ Broad,0,0,,,,,,,,,
415282,2009/10,2009-09-29,New Wanderers Stadium,2,17.6,New Zealand,England,NT Broom,MJ Guptill,SCJ Broad,0,0,,,,,,,,,
415282,2009/10,2009-09-29,New Wanderers Stadium,2,18.1,New Zealand,England,MJ Guptill,NT Broom,JM Anderson,1,0,,,,,,,,,
415282,2009/10,2009-09-29,New Wanderers Stadium,2,18.2,New Zealand,England,NT Broom,MJ Guptill,JM Anderson,0,0,,,,,,,,,
415282,2009/10,2009-09-29,New Wanderers Stadium,2,18.3,New Zealand,England,NT Broom,MJ Guptill,JM Anderson,1,0,,,,,,,,,
415282,2009/10,2009-09-29,New Wanderers Stadium,2,18.4,New Zealand,England,MJ Guptill,NT Broom,JM Anderson,0,0,,,,,,caught,MJ Guptill,,
415282,2009/10,2009-09-29,New Wanderers Stadium,2,18.5,New Zealand,England,LRPL Taylor,NT Broom,JM Anderson,0,0,,,,,,,,,
415282,2009/10,2009-09-29,New Wanderers Stadium,2,18.6,New Zealand,England,LRPL Taylor,NT Broom,JM Anderson,1,0,,,,,,,,,
415282,2009/10,2009-09-29,New Wanderers Stadium,2,19.1,New Zealand,England,LRPL Taylor,NT Broom,SCJ Broad,0,0,,,,,,caught,LRPL Taylor,,
415282,2009/10,2009-09-29,New Wanderers Stadium,2,19.2,New Zealand,England,GD Elliott,NT Broom,SCJ Broad,0,0,,,,,,,,,
415282,2009/10,2009-09-29,New Wanderers Stadium,2,19.3,New Zealand,England,GD Elliott,NT Broom,SCJ Broad,0,0,,,,,,,,,
415282,2009/10,2009-09-29,New Wanderers Stadium,2,19.4,New Zealand,England,GD Elliott,NT Broom,SCJ Broad,0,0,,,,,,,,,
415282,2009/10,2009-09-29,New Wanderers Stadium,2,19.5,New Zealand,England,GD Elliott,NT Broom,SCJ Broad,1,0,,,,,,,,,
415282,2009/10,2009-09-29,New Wanderers Stadium,2,19.6,New Zealand,England,NT Broom,GD Elliott,SCJ Broad,0,0,,,,,,,,,
415282,2009/10,2009-09-29,New Wanderers Stadium,2,20.1,New Zealand,England,GD Elliott,NT Broom,JM Anderson,1,0,,,,,,,,,
415282,2009/10,2009-09-29,New Wanderers Stadium,2,20.2,New Zealand,England,NT Broom,GD Elliott,JM Anderson,1,0,,,,,,,,,
415282,2009/10,2009-09-29,New Wanderers Stadium,2,20.3,New Zealand,England,GD Elliott,NT Broom,JM Anderson,0,0,,,,,,,,,
415282,2009/10,2009-09-29,New Wanderers Stadium,2,20.4,New Zealand,England,GD Elliott,NT Broom,JM Anderson,1,0,,,,,,,,,
415282,2009/10,2009-09-29,New Wanderers Stadium,2,20.5,New Zealand,England,NT Broom,GD Elliott,JM Anderson,0,0,,,,,,,,,
415282,2009/10,2009-09-29,New Wanderers Stadium,2,20.6,New Zealand,England,NT Broom,GD Elliott,JM Anderson,0,0,,,,,,,,,
415282,2009/10,2009-09-29,New Wanderers Stadium,2,21.1,New Zealand,England,GD Elliott,NT Broom,SCJ Broad,0,0,,,,,,,,,
415282,2009/10,2009-09-29,New Wanderers Stadium,2,21.2,New Zealand,England,GD Elliott,NT Broom,SCJ Broad,0,0,,,,,,,,,
415282,2009/10,2009-09-29,New Wanderers Stadium,2,21.3,New Zealand,England,GD Elliott,NT Broom,SCJ Broad,0,0,,,,,,,,,
415282,2009/10,2009-09-29,New Wanderers Stadium,2,21.4,New Zealand,England,GD Elliott,NT Broom,SCJ Broad,0,0,,,,,,caught,GD Elliott,,
415282,2009/10,2009-09-29,New Wanderers Stadium,2,21.5,New Zealand,England,GJ Hopkins,NT Broom,SCJ Broad,0,0,,,,,,,,,
415282,2009/10,2009-09-29,New Wanderers Stadium,2,21.6,New Zealand,England,GJ Hopkins,NT Broom,SCJ Broad,0,0,,,,,,,,,
415282,2009/10,2009-09-29,New Wanderers Stadium,2,22.1,New Zealand,England,NT Broom,GJ Hopkins,JM Anderson,4,0,,,,,,,,,
415282,2009/10,2009-09-29,New Wanderers Stadium,2,22.2,New Zealand,England,NT Broom,GJ Hopkins,JM Anderson,0,0,,,,,,,,,
415282,2009/10,2009-09-29,New Wanderers Stadium,2,22.3,New Zealand,England,NT Broom,GJ Hopkins,JM Anderson,3,0,,,,,,,,,
415282,2009/10,2009-09-29,New Wanderers Stadium,2,22.4,New Zealand,England,GJ Hopkins,NT Broom,JM Anderson,0,0,,,,,,,,,
415282,2009/10,2009-09-29,New Wanderers Stadium,2,22.5,New Zealand,England,GJ Hopkins,NT Broom,JM Anderson,1,0,,,,,,,,,
415282,2009/10,2009-09-29,New Wanderers Stadium,2,22.6,New Zealand,England,NT Broom,GJ Hopkins,JM Anderson,1,0,,,,,,,,,
415282,2009/10,2009-09-29,New Wanderers Stadium,2,23.1,New Zealand,England,NT Broom,GJ Hopkins,SCJ Broad,0,0,,,,,,,,,
415282,2009/10,2009-09-29,New Wanderers Stadium,2,23.2,New Zealand,England,NT Broom,GJ Hopkins,SCJ Broad,0,0,,,,,,,,,
415282,2009/10,2009-09-29,New Wanderers Stadium,2,23.3,New Zealand,England,NT Broom,GJ Hopkins,SCJ Broad,1,0,,,,,,,,,
415282,2009/10,2009-09-29,New Wanderers Stadium,2,23.4,New Zealand,England,GJ Hopkins,NT Broom,SCJ Broad,1,0,,,,,,,,,
415282,2009/10,2009-09-29,New Wanderers Stadium,2,23.5,New Zealand,England,NT Broom,GJ Hopkins,SCJ Broad,1,0,,,,,,,,,
415282,2009/10,2009-09-29,New Wanderers Stadium,2,23.6,New Zealand,England,GJ Hopkins,NT Broom,SCJ Broad,0,0,,,,,,caught,GJ Hopkins,,
415282,2009/10,2009-09-29,New Wanderers Stadium,2,24.1,New Zealand,England,NT Broom,DL Vettori,RJ Sidebottom,0,1,1,,,,,,,,
415282,2009/10,2009-09-29,New Wanderers Stadium,2,24.2,New Zealand,England,NT Broom,DL Vettori,RJ Sidebottom,0,0,,,,,,,,,
415282,2009/10,2009-09-29,New Wanderers Stadium,2,24.3,New Zealand,England,NT Broom,DL Vettori,RJ Sidebottom,1,0,,,,,,,,,
415282,2009/10,2009-09-29,New Wanderers Stadium,2,24.4,New Zealand,England,DL Vettori,NT Broom,RJ Sidebottom,0,0,,,,,,,,,
415282,2009/10,2009-09-29,New Wanderers Stadium,2,24.5,New Zealand,England,DL Vettori,NT Broom,RJ Sidebottom,0,0,,,,,,,,,
415282,2009/10,2009-09-29,New Wanderers Stadium,2,24.6,New Zealand,England,DL Vettori,NT Broom,RJ Sidebottom,0,0,,,,,,,,,
415282,2009/10,2009-09-29,New Wanderers Stadium,2,24.7,New Zealand,England,DL Vettori,NT Broom,RJ Sidebottom,4,0,,,,,,,,,
415282,2009/10,2009-09-29,New Wanderers Stadium,2,25.1,New Zealand,England,NT Broom,DL Vettori,SCJ Broad,0,0,,,,,,,,,
415282,2009/10,2009-09-29,New Wanderers Stadium,2,25.2,New Zealand,England,NT Broom,DL Vettori,SCJ Broad,0,1,1,,,,,,,,
415282,2009/10,2009-09-29,New Wanderers Stadium,2,25.3,New Zealand,England,NT Broom,DL Vettori,SCJ Broad,0,0,,,,,,,,,
415282,2009/10,2009-09-29,New Wanderers Stadium,2,25.4,New Zealand,England,NT Broom,DL Vettori,SCJ Broad,0,1,,,,1,,,,,
415282,2009/10,2009-09-29,New Wanderers Stadium,2,25.5,New Zealand,England,DL Vettori,NT Broom,SCJ Broad,0,0,,,,,,,,,
415282,2009/10,2009-09-29,New Wanderers Stadium,2,25.6,New Zealand,England,DL Vettori,NT Broom,SCJ Broad,0,0,,,,,,,,,
415282,2009/10,2009-09-29,New Wanderers Stadium,2,25.7,New Zealand,England,DL Vettori,NT Broom,SCJ Broad,2,0,,,,,,,,,
415282,2009/10,2009-09-29,New Wanderers Stadium,2,26.1,New Zealand,England,NT Broom,DL Vettori,RJ Sidebottom,0,0,,,,,,caught,NT Broom,,
415282,2009/10,2009-09-29,New Wanderers Stadium,2,26.2,New Zealand,England,JEC Franklin,DL Vettori,RJ Sidebottom,0,0,,,,,,,,,
415282,2009/10,2009-09-29,New Wanderers Stadium,2,26.3,New Zealand,England,JEC Franklin,DL Vettori,RJ Sidebottom,0,1,1,,,,,,,,
415282,2009/10,2009-09-29,New Wanderers Stadium,2,26.4,New Zealand,England,JEC Franklin,DL Vettori,RJ Sidebottom,0,0,,,,,,,,,
415282,2009/10,2009-09-29,New Wanderers Stadium,2,26.5,New Zealand,England,JEC Franklin,DL Vettori,RJ Sidebottom,0,0,,,,,,,,,
415282,2009/10,2009-09-29,New Wanderers Stadium,2,26.6,New Zealand,England,JEC Franklin,DL Vettori,RJ Sidebottom,2,0,,,,,,,,,
415282,2009/10,2009-09-29,New Wanderers Stadium,2,26.7,New Zealand,England,JEC Franklin,DL Vettori,RJ Sidebottom,0,0,,,,,,,,,
415282,2009/10,2009-09-29,New Wanderers Stadium,2,27.1,New Zealand,England,DL Vettori,JEC Franklin,SCJ Broad,4,0,,,,,,,,,
