version,2.1.0
info,balls_per_over,6
info,team,England
info,team,New Zealand
info,gender,male
info,season,2009/10
info,date,2009/09/29
info,event,ICC Champions Trophy
info,match_number,10
info,venue,New Wanderers Stadium
info,city,Johannesburg
info,toss_winner,New Zealand
info,toss_decision,field
info,player_of_match,GD Elliott
info,umpire,Asad Rauf
info,umpire,DJ Harper
info,reserve_umpire,SJ Davis
info,tv_umpire,Aleem Dar
info,match_referee,RS Mahanama
info,winner,New Zealand
info,winner_wickets,4
info,player,England,AJ Strauss
info,player,England,JL Denly
info,player,England,OA Shah
info,player,England,PD Collingwood
info,player,England,EJG Morgan
info,player,England,RS Bopara
info,player,England,LJ Wright
info,player,England,SCJ Broad
info,player,England,GP Swann
info,player,England,RJ Sidebottom
info,player,England,JM Anderson
info,player,New Zealand,BB McCullum
info,player,New Zealand,MJ Guptill
info,player,New Zealand,NT Broom
info,player,New Zealand,LRPL Taylor
info,player,New Zealand,GD Elliott
info,player,New Zealand,GJ Hopkins
info,player,New Zealand,DL Vettori
info,player,New Zealand,JEC Franklin
info,player,New Zealand,KD Mills
info,player,New Zealand,SE Bond
info,player,New Zealand,IG Butler
info,registry,people,AJ Strauss,b68d14a9
info,registry,people,Aleem Dar,f02778d1
info,registry,people,Asad Rauf,861606b7
info,registry,people,BB McCullum,b8a55852
info,registry,people,DJ Harper,0ec08b27
info,registry,people,DL Vettori,d7c6af50
info,registry,people,EJG Morgan,d2a6c0e6
info,registry,people,GD Elliott,c03449e0
info,registry,people,GJ Hopkins,4d3097d8
info,registry,people,GP Swann,221ad9d9
info,registry,people,IG Butler,b68a30f0
info,registry,people,JEC Franklin,cf73ad76
info,registry,people,JL Denly,bdadf7da
info,registry,people,JM Anderson,d12143bf
info,registry,people,KD Mills,7fb32e5b
info,registry,people,LJ Wright,cca50cd6
info,registry,people,LRPL Taylor,b61a3e1a
info,registry,people,MJ Guptill,2be41edb
info,registry,people,NT Broom,a354c917
info,registry,people,OA Shah,7bf96684
info,registry,people,PD Collingwood,a386e91b
info,registry,people,RJ Sidebottom,9dca07d7
info,registry,people,RS Bopara,7ca5e05d
info,registry,people,RS Mahanama,57910393
info,registry,people,SCJ Broad,eba6a852
info,registry,people,SE Bond,4f629497
info,registry,people,SJ Davis,bc71b0b2
