match_id,season,start_date,venue,innings,ball,batting_team,bowling_team,striker,non_striker,bowler,runs_off_bat,extras,wides,noballs,byes,legbyes,penalty,wicket_type,player_dismissed,other_wicket_type,other_player_dismissed
416241,2009/10,2009-11-08,Nehru Stadium,1,0.1,India,Australia,V Sehwag,SR Tendulkar,MG Johnson,0,0,,,,,,,,,
416241,2009/10,2009-11-08,Nehru Stadium,1,0.2,India,Australia,V Sehwag,SR Tendulkar,MG Johnson,6,0,,,,,,,,,
416241,2009/10,2009-11-08,Nehru Stadium,1,0.3,India,Australia,V Sehwag,SR Tendulkar,MG Johnson,0,0,,,,,,,,,
416241,2009/10,2009-11-08,Nehru Stadium,1,0.4,India,Australia,V Sehwag,SR Tendulkar,MG Johnson,0,1,1,,,,,,,,
416241,2009/10,2009-11-08,Nehru Stadium,1,0.5,India,Australia,V Sehwag,SR Tendulkar,MG Johnson,0,0,,,,,,bowled,V Sehwag,,
416241,2009/10,2009-11-08,Nehru Stadium,1,0.6,India,Australia,G Gambhir,SR Tendulkar,MG Johnson,0,0,,,,,,,,,
416241,2009/10,2009-11-08,Nehru Stadium,1,0.7,India,Australia,G Gambhir,SR Tendulkar,MG Johnson,0,0,,,,,,bowled,G Gambhir,,
416241,2009/10,2009-11-08,Nehru Stadium,1,1.1,India,Australia,SR Tendulkar,Yuvraj Singh,DE Bollinger,0,0,,,,,,,,,
416241,2009/10,2009-11-08,Nehru Stadium,1,1.2,India,Australia,SR Tendulkar,Yuvraj Singh,DE Bollinger,0,0,,,,,,,,,
416241,2009/10,2009-11-08,Nehru Stadium,1,1.3,India,Australia,SR Tendulkar,Yuvraj Singh,DE Bollinger,0,0,,,,,,,,,
416241,2009/10,2009-11-08,Nehru Stadium,1,1.4,India,Australia,SR Tendulkar,Yuvraj Singh,DE Bollinger,0,0,,,,,,,,,
416241,2009/10,2009-11-08,Nehru Stadium,1,1.5,India,Australia,SR Tendulkar,Yuvraj Singh,DE Bollinger,0,0,,,,,,,,,
416241,2009/10,2009-11-08,Nehru Stadium,1,1.6,India,Australia,SR Tendulkar,Yuvraj Singh,DE Bollinger,0,0,,,,,,,,,
416241,2009/10,2009-11-08,Nehru Stadium,1,2.1,India,Australia,Yuvraj Singh,SR Tendulkar,MG Johnson,1,0,,,,,,,,,
416241,2009/10,2009-11-08,Nehru Stadium,1,2.2,India,Australia,SR Tendulkar,Yuvraj Singh,MG Johnson,4,0,,,,,,,,,
416241,2009/10,2009-11-08,Nehru Stadium,1,2.3,India,Australia,SR Tendulkar,Yuvraj Singh,MG Johnson,0,0,,,,,,,,,
416241,2009/10,2009-11-08,Nehru Stadium,1,2.4,India,Australia,SR Tendulkar,Yuvraj Singh,MG Johnson,0,0,,,,,,,,,
416241,2009/10,2009-11-08,Nehru Stadium,1,2.5,India,Australia,SR Tendulkar,Yuvraj Singh,MG Johnson,0,0,,,,,,,,,
416241,2009/10,2009-11-08,Nehru Stadium,1,2.6,India,Australia,SR Tendulkar,Yuvraj Singh,MG Johnson,0,0,,,,,,,,,
416241,2009/10,2009-11-08,Nehru Stadium,1,3.1,India,Australia,Yuvraj Singh,SR Tendulkar,DE Bollinger,0,0,,,,,,,,,
416241,2009/10,2009-11-08,Nehru Stadium,1,3.2,India,Australia,Yuvraj Singh,SR Tendulkar,DE Bollinger,0,0,,,,,,,,,
416241,2009/10,2009-11-08,Nehru Stadium,1,3.3,India,Australia,Yuvraj Singh,SR Tendulkar,DE Bollinger,1,0,,,,,,,,,
416241,2009/10,2009-11-08,Nehru Stadium,1,3.4,India,Australia,SR Tendulkar,Yuvraj Singh,DE Bollinger,1,0,,,,,,,,,
416241,2009/10,2009-11-08,Nehru Stadium,1,3.5,India,Australia,Yuvraj Singh,SR Tendulkar,DE Bollinger,0,0,,,,,,,,,
416241,2009/10,2009-11-08,Nehru Stadium,1,3.6,India,Australia,Yuvraj Singh,SR Tendulkar,DE Bollinger,4,0,,,,,,,,,
416241,2009/10,2009-11-08,Nehru Stadium,1,4.1,India,Australia,SR Tendulkar,Yuvraj Singh,MG Johnson,4,0,,,,,,,,,
416241,2009/10,2009-11-08,Nehru Stadium,1,4.2,India,Australia,SR Tendulkar,Yuvraj Singh,MG Johnson,0,0,,,,,,,,,
416241,2009/10,2009-11-08,Nehru Stadium,1,4.3,India,Australia,SR Tendulkar,Yuvraj Singh,MG Johnson,0,0,,,,,,,,,
416241,2009/10,2009-11-08,Nehru Stadium,1,4.4,India,Australia,SR Tendulkar,Yuvraj Singh,MG Johnson,1,0,,,,,,,,,
416241,2009/10,2009-11-08,Nehru Stadium,1,4.5,India,Australia,Yuvraj Singh,SR Tendulkar,MG Johnson,0,0,,,,,,,,,
416241,2009/10,2009-11-08,Nehru Stadium,1,4.6,India,Australia,Yuvraj Singh,SR Tendulkar,MG Johnson,0,0,,,,,,,,,
416241,2009/10,2009-11-08,Nehru Stadium,1,5.1,India,Australia,SR Tendulkar,Yuvraj Singh,DE Bollinger,0,0,,,,,,caught and bowled,SR Tendulkar,,
416241,2009/10,2009-11-08,Nehru Stadium,1,5.2,India,Australia,MS Dhoni,Yuvraj Singh,DE Bollinger,0,0,,,,,,,,,
416241,2009/10,2009-11-08,Nehru Stadium,1,5.3,India,Australia,MS Dhoni,Yuvraj Singh,DE Bollinger,0,0,,,,,,,,,
416241,2009/10,2009-11-08,Nehru Stadium,1,5.4,India,Australia,MS Dhoni,Yuvraj Singh,DE Bollinger,0,0,,,,,,,,,
416241,2009/10,2009-11-08,Nehru Stadium,1,5.5,India,Australia,MS Dhoni,Yuvraj Singh,DE Bollinger,0,0,,,,,,,,,
416241,2009/10,2009-11-08,Nehru Stadium,1,5.6,India,Australia,MS Dhoni,Yuvraj Singh,DE Bollinger,0,0,,,,,,,,,
416241,2009/10,2009-11-08,Nehru Stadium,1,6.1,India,Australia,Yuvraj Singh,MS Dhoni,MG Johnson,0,0,,,,,,,,,
416241,2009/10,2009-11-08,Nehru Stadium,1,6.2,India,Australia,Yuvraj Singh,MS Dhoni,MG Johnson,0,0,,,,,,,,,
416241,2009/10,2009-11-08,Nehru Stadium,1,6.3,India,Australia,Yuvraj Singh,MS Dhoni,MG Johnson,0,0,,,,,,,,,
416241,2009/10,2009-11-08,Nehru Stadium,1,6.4,India,Australia,Yuvraj Singh,MS Dhoni,MG Johnson,0,0,,,,,,,,,
416241,2009/10,2009-11-08,Nehru Stadium,1,6.5,India,Australia,Yuvraj Singh,MS Dhoni,MG Johnson,0,0,,,,,,,,,
416241,2009/10,2009-11-08,Nehru Stadium,1,6.6,India,Australia,Yuvraj Singh,MS Dhoni,MG Johnson,0,0,,,,,,,,,
416241,2009/10,2009-11-08,Nehru Stadium,1,7.1,India,Australia,MS Dhoni,Yuvraj Singh,DE Bollinger,0,0,,,,,,,,,
416241,2009/10,2009-11-08,Nehru Stadium,1,7.2,India,Australia,MS Dhoni,Yuvraj Singh,DE Bollinger,0,0,,,,,,,,,
416241,2009/10,2009-11-08,Nehru Stadium,1,7.3,India,Australia,MS Dhoni,Yuvraj Singh,DE Bollinger,0,0,,,,,,,,,
416241,2009/10,2009-11-08,Nehru Stadium,1,7.4,India,Australia,MS Dhoni,Yuvraj Singh,DE Bollinger,0,1,,,1,,,,,,
416241,2009/10,2009-11-08,Nehru Stadium,1,7.5,India,Australia,Yuvraj Singh,MS Dhoni,DE Bollinger,0,0,,,,,,,,,
416241,2009/10,2009-11-08,Nehru Stadium,1,7.6,India,Australia,Yuvraj Singh,MS Dhoni,DE Bollinger,0,0,,,,,,bowled,Yuvraj Singh,,
416241,2009/10,2009-11-08,Nehru Stadium,1,8.1,India,Australia,MS Dhoni,SK Raina,MG Johnson,0,1,1,,,,,,,,
416241,2009/10,2009-11-08,Nehru Stadium,1,8.2,India,Australia,MS Dhoni,SK Raina,MG Johnson,1,0,,,,,,,,,
416241,2009/10,2009-11-08,Nehru Stadium,1,8.3,India,Australia,SK Raina,MS Dhoni,MG Johnson,0,0,,,,,,,,,
416241,2009/10,2009-11-08,Nehru Stadium,1,8.4,India,Australia,SK Raina,MS Dhoni,MG Johnson,0,1,1,,,,,,,,
416241,2009/10,2009-11-08,Nehru Stadium,1,8.5,India,Australia,SK Raina,MS Dhoni,MG Johnson,0,0,,,,,,,,,
416241,2009/10,2009-11-08,Nehru Stadium,1,8.6,India,Australia,SK Raina,MS Dhoni,MG Johnson,0,0,,,,,,,,,
416241,2009/10,2009-11-08,Nehru Stadium,1,8.7,India,Australia,SK Raina,MS Dhoni,MG Johnson,0,0,,,,,,,,,
416241,2009/10,2009-11-08,Nehru Stadium,1,8.8,India,Australia,SK Raina,MS Dhoni,MG Johnson,0,0,,,,,,caught,SK Raina,,
416241,2009/10,2009-11-08,Nehru Stadium,1,9.1,India,Australia,MS Dhoni,RA Jadeja,DE Bollinger,0,0,,,,,,,,,
416241,2009/10,2009-11-08,Nehru Stadium,1,9.2,India,Australia,MS Dhoni,RA Jadeja,DE Bollinger,0,0,,,,,,,,,
416241,2009/10,2009-11-08,Nehru Stadium,1,9.3,India,Australia,MS Dhoni,RA Jadeja,DE Bollinger,0,0,,,,,,,,,
416241,2009/10,2009-11-08,Nehru Stadium,1,9.4,India,Australia,MS Dhoni,RA Jadeja,DE Bollinger,0,0,,,,,,,,,
416241,2009/10,2009-11-08,Nehru Stadium,1,9.5,India,Australia,MS Dhoni,RA Jadeja,DE Bollinger,0,0,,,,,,,,,
416241,2009/10,2009-11-08,Nehru Stadium,1,9.6,India,Australia,MS Dhoni,RA Jadeja,DE Bollinger,0,0,,,,,,,,,
416241,2009/10,2009-11-08,Nehru Stadium,1,10.1,India,Australia,RA Jadeja,MS Dhoni,MG Johnson,0,0,,,,,,,,,
416241,2009/10,2009-11-08,Nehru Stadium,1,10.2,India,Australia,RA Jadeja,MS Dhoni,MG Johnson,0,1,1,,,,,,,,
416241,2009/10,2009-11-08,Nehru Stadium,1,10.3,India,Australia,RA Jadeja,MS Dhoni,MG Johnson,0,0,,,,,,,,,
416241,2009/10,2009-11-08,Nehru Stadium,1,10.4,India,Australia,RA Jadeja,MS Dhoni,MG Johnson,0,0,,,,,,,,,
416241,2009/10,2009-11-08,Nehru Stadium,1,10.5,India,Australia,RA Jadeja,MS Dhoni,MG Johnson,4,0,,,,,,,,,
416241,2009/10,2009-11-08,Nehru Stadium,1,10.6,India,Australia,RA Jadeja,MS Dhoni,MG Johnson,0,0,,,,,,,,,
416241,2009/10,2009-11-08,Nehru Stadium,1,10.7,India,Australia,RA Jadeja,MS Dhoni,MG Johnson,1,0,,,,,,,,,
416241,2009/10,2009-11-08,Nehru Stadium,1,11.1,India,Australia,RA Jadeja,MS Dhoni,CJ McKay,0,0,,,,,,,,,
416241,2009/10,2009-11-08,Nehru Stadium,1,11.2,India,Australia,RA Jadeja,MS Dhoni,CJ McKay,0,0,,,,,,,,,
416241,2009/10,2009-11-08,Nehru Stadium,1,11.3,India,Australia,RA Jadeja,MS Dhoni,CJ McKay,0,0,,,,,,,,,
416241,2009/10,2009-11-08,Nehru Stadium,1,11.4,India,Australia,RA Jadeja,MS Dhoni,CJ McKay,0,0,,,,,,,,,
416241,2009/10,2009-11-08,Nehru Stadium,1,11.5,India,Australia,RA Jadeja,MS Dhoni,CJ McKay,1,0,,,,,,,,,
416241,2009/10,2009-11-08,Nehru Stadium,1,11.6,India,Australia,MS Dhoni,RA Jadeja,CJ McKay,0,0,,,,,,,,,
416241,2009/10,2009-11-08,Nehru Stadium,1,12.1,India,Australia,RA Jadeja,MS Dhoni,NM Hauritz,0,0,,,,,,,,,
416241,2009/10,2009-11-08,Nehru Stadium,1,12.2,India,Australia,RA Jadeja,MS Dhoni,NM Hauritz,0,0,,,,,,,,,
416241,2009/10,2009-11-08,Nehru Stadium,1,12.3,India,Australia,RA Jadeja,MS Dhoni,NM Hauritz,0,0,,,,,,,,,
416241,2009/10,2009-11-08,Nehru Stadium,1,12.4,India,Australia,RA Jadeja,MS Dhoni,NM Hauritz,1,0,,,,,,,,,
416241,2009/10,2009-11-08,Nehru Stadium,1,12.5,India,Australia,MS Dhoni,RA Jadeja,NM Hauritz,0,0,,,,,,,,,
416241,2009/10,2009-11-08,Nehru Stadium,1,12.6,India,Australia,MS Dhoni,RA Jadeja,NM Hauritz,0,0,,,,,,,,,
416241,2009/10,2009-11-08,Nehru Stadium,1,13.1,India,Australia,RA Jadeja,MS Dhoni,CJ McKay,0,0,,,,,,,,,
416241,2009/10,2009-11-08,Nehru Stadium,1,13.2,India,Australia,RA Jadeja,MS Dhoni,CJ McKay,0,0,,,,,,,,,
416241,2009/10,2009-11-08,Nehru Stadium,1,13.3,India,Australia,RA Jadeja,MS Dhoni,CJ McKay,0,0,,,,,,,,,
416241,2009/10,2009-11-08,Nehru Stadium,1,13.4,India,Australia,RA Jadeja,MS Dhoni,CJ McKay,0,0,,,,,,,,,
416241,2009/10,2009-11-08,Nehru Stadium,1,13.5,India,Australia,RA Jadeja,MS Dhoni,CJ McKay,0,0,,,,,,,,,
416241,2009/10,2009-11-08,Nehru Stadium,1,13.6,India,Australia,RA Jadeja,MS Dhoni,CJ McKay,0,0,,,,,,,,,
416241,2009/10,2009-11-08,Nehru Stadium,1,14.1,India,Australia,MS Dhoni,RA Jadeja,NM Hauritz,1,0,,,,,,,,,
416241,2009/10,2009-11-08,Nehru Stadium,1,14.2,India,Australia,RA Jadeja,MS Dhoni,NM Hauritz,0,0,,,,,,,,,
416241,2009/10,2009-11-08,Nehru Stadium,1,14.3,India,Australia,RA Jadeja,MS Dhoni,NM Hauritz,0,0,,,,,,,,,
416241,2009/10,2009-11-08,Nehru Stadium,1,14.4,India,Australia,RA Jadeja,MS Dhoni,NM Hauritz,0,0,,,,,,,,,
416241,2009/10,2009-11-08,Nehru Stadium,1,14.5,India,Australia,RA Jadeja,MS Dhoni,NM Hauritz,0,0,,,,,,,,,
416241,2009/10,2009-11-08,Nehru Stadium,1,14.6,India,Australia,RA Jadeja,MS Dhoni,NM Hauritz,0,0,,,,,,,,,
416241,2009/10,2009-11-08,Nehru Stadium,1,15.1,India,Australia,MS Dhoni,RA Jadeja,CJ McKay,0,0,,,,,,,,,
416241,2009/10,2009-11-08,Nehru Stadium,1,15.2,India,Australia,MS Dhoni,RA Jadeja,CJ McKay,0,0,,,,,,,,,
416241,2009/10,2009-11-08,Nehru Stadium,1,15.3,India,Australia,MS Dhoni,RA Jadeja,CJ McKay,0,0,,,,,,,,,
416241,2009/10,2009-11-08,Nehru Stadium,1,15.4,India,Australia,MS Dhoni,RA Jadeja,CJ McKay,1,0,,,,,,,,,
416241,2009/10,2009-11-08,Nehru Stadium,1,15.5,India,Australia,RA Jadeja,MS Dhoni,CJ McKay,1,0,,,,,,,,,
416241,2009/10,2009-11-08,Nehru Stadium,1,15.6,India,Australia,MS Dhoni,RA Jadeja,CJ McKay,1,0,,,,,,,,,
416241,2009/10,2009-11-08,Nehru Stadium,1,16.1,India,Australia,MS Dhoni,RA Jadeja,NM Hauritz,0,0,,,,,,,,,
416241,2009/10,2009-11-08,Nehru Stadium,1,16.2,India,Australia,MS Dhoni,RA Jadeja,NM Hauritz,0,0,,,,,,,,,
416241,2009/10,2009-11-08,Nehru Stadium,1,16.3,India,Australia,MS Dhoni,RA Jadeja,NM Hauritz,4,0,,,,,,,,,
416241,2009/10,2009-11-08,Nehru Stadium,1,16.4,India,Australia,MS Dhoni,RA Jadeja,NM Hauritz,0,0,,,,,,,,,
416241,2009/10,2009-11-08,Nehru Stadium,1,16.5,India,Australia,MS Dhoni,RA Jadeja,NM Hauritz,0,0,,,,,,,,,
416241,2009/10,2009-11-08,Nehru Stadium,1,16.6,India,Australia,MS Dhoni,RA Jadeja,NM Hauritz,1,0,,,,,,,,,
416241,2009/10,2009-11-08,Nehru Stadium,1,17.1,India,Australia,MS Dhoni,RA Jadeja,CJ McKay,0,0,,,,,,,,,
416241,2009/10,2009-11-08,Nehru Stadium,1,17.2,India,Australia,MS Dhoni,RA Jadeja,CJ McKay,0,0,,,,,,,,,
416241,2009/10,2009-11-08,Nehru Stadium,1,17.3,India,Australia,MS Dhoni,RA Jadeja,CJ McKay,1,0,,,,,,,,,
416241,2009/10,2009-11-08,Nehru Stadium,1,17.4,India,Australia,RA Jadeja,MS Dhoni,CJ McKay,0,0,,,,,,,,,
416241,2009/10,2009-11-08,Nehru Stadium,1,17.5,India,Australia,RA Jadeja,MS Dhoni,CJ McKay,0,0,,,,,,,,,
416241,2009/10,2009-11-08,Nehru Stadium,1,17.6,India,Australia,RA Jadeja,MS Dhoni,CJ McKay,4,0,,,,,,,,,
416241,2009/10,2009-11-08,Nehru Stadium,1,18.1,India,Australia,MS Dhoni,RA Jadeja,NM Hauritz,0,0,,,,,,,,,
416241,2009/10,2009-11-08,Nehru Stadium,1,18.2,India,Australia,MS Dhoni,RA Jadeja,NM Hauritz,0,0,,,,,,,,,
416241,2009/10,2009-11-08,Nehru Stadium,1,18.3,India,Australia,MS Dhoni,RA Jadeja,NM Hauritz,0,0,,,,,,,,,
416241,2009/10,2009-11-08,Nehru Stadium,1,18.4,India,Australia,MS Dhoni,RA Jadeja,NM Hauritz,0,0,,,,,,,,,
416241,2009/10,2009-11-08,Nehru Stadium,1,18.5,India,Australia,MS Dhoni,RA Jadeja,NM Hauritz,0,0,,,,,,,,,
416241,2009/10,2009-11-08,Nehru Stadium,1,18.6,India,Australia,MS Dhoni,RA Jadeja,NM Hauritz,0,0,,,,,,,,,
416241,2009/10,2009-11-08,Nehru Stadium,1,19.1,India,Australia,RA Jadeja,MS Dhoni,CJ McKay,0,0,,,,,,,,,
416241,2009/10,2009-11-08,Nehru Stadium,1,19.2,India,Australia,RA Jadeja,MS Dhoni,CJ McKay,0,0,,,,,,,,,
416241,2009/10,2009-11-08,Nehru Stadium,1,19.3,India,Australia,RA Jadeja,MS Dhoni,CJ McKay,1,0,,,,,,,,,
416241,2009/10,2009-11-08,Nehru Stadium,1,19.4,India,Australia,MS Dhoni,RA Jadeja,CJ McKay,0,0,,,,,,,,,
416241,2009/10,2009-11-08,Nehru Stadium,1,19.5,India,Australia,MS Dhoni,RA Jadeja,CJ McKay,0,0,,,,,,,,,
416241,2009/10,2009-11-08,Nehru Stadium,1,19.6,India,Australia,MS Dhoni,RA Jadeja,CJ McKay,0,0,,,,,,,,,
416241,2009/10,2009-11-08,Nehru Stadium,1,20.1,India,Australia,RA Jadeja,MS Dhoni,NM Hauritz,0,0,,,,,,,,,
416241,2009/10,2009-11-08,Nehru Stadium,1,20.2,India,Australia,RA Jadeja,MS Dhoni,NM Hauritz,1,0,,,,,,,,,
416241,2009/10,2009-11-08,Nehru Stadium,1,20.3,India,Australia,MS Dhoni,RA Jadeja,NM Hauritz,2,0,,,,,,,,,
416241,2009/10,2009-11-08,Nehru Stadium,1,20.4,India,Australia,MS Dhoni,RA Jadeja,NM Hauritz,0,0,,,,,,,,,
416241,2009/10,2009-11-08,Nehru Stadium,1,20.5,India,Australia,MS Dhoni,RA Jadeja,NM Hauritz,0,0,,,,,,,,,
416241,2009/10,2009-11-08,Nehru Stadium,1,20.6,India,Australia,MS Dhoni,RA Jadeja,NM Hauritz,0,0,,,,,,,,,
416241,2009/10,2009-11-08,Nehru Stadium,1,21.1,India,Australia,RA Jadeja,MS Dhoni,SR Watson,0,0,,,,,,,,,
416241,2009/10,2009-11-08,Nehru Stadium,1,21.2,India,Australia,RA Jadeja,MS Dhoni,SR Watson,0,0,,,,,,,,,
416241,2009/10,2009-11-08,Nehru Stadium,1,21.3,India,Australia,RA Jadeja,MS Dhoni,SR Watson,1,0,,,,,,,,,
416241,2009/10,2009-11-08,Nehru Stadium,1,21.4,India,Australia,MS Dhoni,RA Jadeja,SR Watson,0,0,,,,,,,,,
416241,2009/10,2009-11-08,Nehru Stadium,1,21.5,India,Australia,MS Dhoni,RA Jadeja,SR Watson,0,0,,,,,,,,,
416241,2009/10,2009-11-08,Nehru Stadium,1,21.6,India,Australia,MS Dhoni,RA Jadeja,SR Watson,0,0,,,,,,,,,
416241,2009/10,2009-11-08,Nehru Stadium,1,22.1,India,Australia,RA Jadeja,MS Dhoni,NM Hauritz,0,0,,,,,,,,,
416241,2009/10,2009-11-08,Nehru Stadium,1,22.2,India,Australia,RA Jadeja,MS Dhoni,NM Hauritz,0,0,,,,,,,,,
416241,2009/10,2009-11-08,Nehru Stadium,1,22.3,India,Australia,RA Jadeja,MS Dhoni,NM Hauritz,0,0,,,,,,,,,
416241,2009/10,2009-11-08,Nehru Stadium,1,22.4,India,Australia,RA Jadeja,MS Dhoni,NM Hauritz,0,0,,,,,,,,,
416241,2009/10,2009-11-08,Nehru Stadium,1,22.5,India,Australia,RA Jadeja,MS Dhoni,NM Hauritz,0,0,,,,,,,,,
416241,2009/10,2009-11-08,Nehru Stadium,1,22.6,India,Australia,RA Jadeja,MS Dhoni,NM Hauritz,0,0,,,,,,,,,
416241,2009/10,2009-11-08,Nehru Stadium,1,23.1,India,Australia,MS Dhoni,RA Jadeja,SR Watson,1,0,,,,,,,,,
416241,2009/10,2009-11-08,Nehru Stadium,1,23.2,India,Australia,RA Jadeja,MS Dhoni,SR Watson,0,0,,,,,,,,,
416241,2009/10,2009-11-08,Nehru Stadium,1,23.3,India,Australia,RA Jadeja,MS Dhoni,SR Watson,1,0,,,,,,,,,
416241,2009/10,2009-11-08,Nehru Stadium,1,23.4,India,Australia,MS Dhoni,RA Jadeja,SR Watson,0,0,,,,,,,,,
416241,2009/10,2009-11-08,Nehru Stadium,1,23.5,India,Australia,MS Dhoni,RA Jadeja,SR Watson,1,0,,,,,,,,,
416241,2009/10,2009-11-08,Nehru Stadium,1,23.6,India,Australia,RA Jadeja,MS Dhoni,SR Watson,2,0,,,,,,,,,
416241,2009/10,2009-11-08,Nehru Stadium,1,24.1,India,Australia,MS Dhoni,RA Jadeja,NM Hauritz,0,0,,,,,,,,,
416241,2009/10,2009-11-08,Nehru Stadium,1,24.2,India,Australia,MS Dhoni,RA Jadeja,NM Hauritz,1,0,,,,,,,,,
416241,2009/10,2009-11-08,Nehru Stadium,1,24.3,India,Australia,RA Jadeja,MS Dhoni,NM Hauritz,0,0,,,,,,,,,
416241,2009/10,2009-11-08,Nehru Stadium,1,24.4,India,Australia,RA Jadeja,MS Dhoni,NM Hauritz,1,0,,,,,,,,,
416241,2009/10,2009-11-08,Nehru Stadium,1,24.5,India,Australia,MS Dhoni,RA Jadeja,NM Hauritz,1,0,,,,,,,,,
416241,2009/10,2009-11-08,Nehru Stadium,1,24.6,India,Australia,RA Jadeja,MS Dhoni,NM Hauritz,0,0,,,,,,,,,
416241,2009/10,2009-11-08,Nehru Stadium,1,25.1,India,Australia,MS Dhoni,RA Jadeja,SR Watson,0,0,,,,,,,,,
416241,2009/10,2009-11-08,Nehru Stadium,1,25.2,India,Australia,MS Dhoni,RA Jadeja,SR Watson,1,0,,,,,,,,,
416241,2009/10,2009-11-08,Nehru Stadium,1,25.3,India,Australia,RA Jadeja,MS Dhoni,SR Watson,1,0,,,,,,,,,
416241,2009/10,2009-11-08,Nehru Stadium,1,25.4,India,Australia,MS Dhoni,RA Jadeja,SR Watson,0,0,,,,,,,,,
416241,2009/10,2009-11-08,Nehru Stadium,1,25.5,India,Australia,MS Dhoni,RA Jadeja,SR Watson,1,0,,,,,,,,,
416241,2009/10,2009-11-08,Nehru Stadium,1,25.6,India,Australia,RA Jadeja,MS Dhoni,SR Watson,0,0,,,,,,,,,
416241,2009/10,2009-11-08,Nehru Stadium,1,26.1,India,Australia,MS Dhoni,RA Jadeja,AC Voges,0,0,,,,,,,,,
416241,2009/10,2009-11-08,Nehru Stadium,1,26.2,India,Australia,MS Dhoni,RA Jadeja,AC Voges,1,0,,,,,,,,,
416241,2009/10,2009-11-08,Nehru Stadium,1,26.3,India,Australia,RA Jadeja,MS Dhoni,AC Voges,1,0,,,,,,,,,
416241,2009/10,2009-11-08,Nehru Stadium,1,26.4,India,Australia,MS Dhoni,RA Jadeja,AC Voges,0,0,,,,,,,,,
416241,2009/10,2009-11-08,Nehru Stadium,1,26.5,India,Australia,MS Dhoni,RA Jadeja,AC Voges,0,0,,,,,,,,,
416241,2009/10,2009-11-08,Nehru Stadium,1,26.6,India,Australia,MS Dhoni,RA Jadeja,AC Voges,1,0,,,,,,,,,
416241,2009/10,2009-11-08,Nehru Stadium,1,27.1,India,Australia,MS Dhoni,RA Jadeja,SR Watson,0,0,,,,,,,,,
416241,2009/10,2009-11-08,Nehru Stadium,1,27.2,India,Australia,MS Dhoni,RA Jadeja,SR Watson,0,0,,,,,,,,,
416241,2009/10,2009-11-08,Nehru Stadium,1,27.3,India,Australia,MS Dhoni,RA Jadeja,SR Watson,2,0,,,,,,,,,
416241,2009/10,2009-11-08,Nehru Stadium,1,27.4,India,Australia,MS Dhoni,RA Jadeja,SR Watson,1,0,,,,,,,,,
416241,2009/10,2009-11-08,Nehru Stadium,1,27.5,India,Australia,RA Jadeja,MS Dhoni,SR Watson,1,0,,,,,,,,,
416241,2009/10,2009-11-08,Nehru Stadium,1,27.6,India,Australia,MS Dhoni,RA Jadeja,SR Watson,0,0,,,,,,,,,
416241,2009/10,2009-11-08,Nehru Stadium,1,28.1,India,Australia,RA Jadeja,MS Dhoni,AC Voges,0,0,,,,,,,,,
416241,2009/10,2009-11-08,Nehru Stadium,1,28.2,India,Australia,RA Jadeja,MS Dhoni,AC Voges,0,0,,,,,,,,,
416241,2009/10,2009-11-08,Nehru Stadium,1,28.3,India,Australia,RA Jadeja,MS Dhoni,AC Voges,0,0,,,,,,,,,
416241,2009/10,2009-11-08,Nehru Stadium,1,28.4,India,Australia,RA Jadeja,MS Dhoni,AC Voges,1,0,,,,,,,,,
416241,2009/10,2009-11-08,Nehru Stadium,1,28.5,India,Australia,MS Dhoni,RA Jadeja,AC Voges,0,0,,,,,,,,,
416241,2009/10,2009-11-08,Nehru Stadium,1,28.6,India,Australia,MS Dhoni,RA Jadeja,AC Voges,0,0,,,,,,,,,
416241,2009/10,2009-11-08,Nehru Stadium,1,29.1,India,Australia,RA Jadeja,MS Dhoni,SR Watson,1,0,,,,,,,,,
416241,2009/10,2009-11-08,Nehru Stadium,1,29.2,India,Australia,MS Dhoni,RA Jadeja,SR Watson,0,0,,,,,,,,,
416241,2009/10,2009-11-08,Nehru Stadium,1,29.3,India,Australia,MS Dhoni,RA Jadeja,SR Watson,0,0,,,,,,,,,
416241,2009/10,2009-11-08,Nehru Stadium,1,29.4,India,Australia,MS Dhoni,RA Jadeja,SR Watson,0,0,,,,,,,,,
416241,2009/10,2009-11-08,Nehru Stadium,1,29.5,India,Australia,MS Dhoni,RA Jadeja,SR Watson,1,0,,,,,,,,,
416241,2009/10,2009-11-08,Nehru Stadium,1,29.6,India,Australia,RA Jadeja,MS Dhoni,SR Watson,0,0,,,,,,,,,
416241,2009/10,2009-11-08,Nehru Stadium,1,30.1,India,Australia,MS Dhoni,RA Jadeja,DE Bollinger,0,0,,,,,,lbw,MS Dhoni,,
416241,2009/10,2009-11-08,Nehru Stadium,1,30.2,India,Australia,Harbhajan Singh,RA Jadeja,DE Bollinger,0,0,,,,,,,,,
416241,2009/10,2009-11-08,Nehru Stadium,1,30.3,India,Australia,Harbhajan Singh,RA Jadeja,DE Bollinger,0,0,,,,,,bowled,Harbhajan Singh,,
416241,2009/10,2009-11-08,Nehru Stadium,1,30.4,India,Australia,P Kumar,RA Jadeja,DE Bollinger,4,0,,,,,,,,,
416241,2009/10,2009-11-08,Nehru Stadium,1,30.5,India,Australia,P Kumar,RA Jadeja,DE Bollinger,0,0,,,,,,,,,
416241,2009/10,2009-11-08,Nehru Stadium,1,30.6,India,Australia,P Kumar,RA Jadeja,DE Bollinger,0,1,,1,,,,,,,
416241,2009/10,2009-11-08,Nehru Stadium,1,30.7,India,Australia,P Kumar,RA Jadeja,DE Bollinger,0,0,,,,,,,,,
416241,2009/10,2009-11-08,Nehru Stadium,1,31.1,India,Australia,RA Jadeja,P Kumar,NM Hauritz,1,0,,,,,,,,,
416241,2009/10,2009-11-08,Nehru Stadium,1,31.2,India,Australia,P Kumar,RA Jadeja,NM Hauritz,0,0,,,,,,,,,
416241,2009/10,2009-11-08,Nehru Stadium,1,31.3,India,Australia,P Kumar,RA Jadeja,NM Hauritz,0,0,,,,,,,,,
416241,2009/10,2009-11-08,Nehru Stadium,1,31.4,India,Australia,P Kumar,RA Jadeja,NM Hauritz,0,0,,,,,,,,,
416241,2009/10,2009-11-08,Nehru Stadium,1,31.5,India,Australia,P Kumar,RA Jadeja,NM Hauritz,0,0,,,,,,,,,
416241,2009/10,2009-11-08,Nehru Stadium,1,31.6,India,Australia,P Kumar,RA Jadeja,NM Hauritz,0,0,,,,,,,,,
416241,2009/10,2009-11-08,Nehru Stadium,1,32.1,India,Australia,RA Jadeja,P Kumar,DE Bollinger,0,0,,,,,,,,,
416241,2009/10,2009-11-08,Nehru Stadium,1,32.2,India,Australia,RA Jadeja,P Kumar,DE Bollinger,0,0,,,,,,,,,
416241,2009/10,2009-11-08,Nehru Stadium,1,32.3,India,Australia,RA Jadeja,P Kumar,DE Bollinger,0,0,,,,,,,,,
416241,2009/10,2009-11-08,Nehru Stadium,1,32.4,India,Australia,RA Jadeja,P Kumar,DE Bollinger,0,0,,,,,,,,,
416241,2009/10,2009-11-08,Nehru Stadium,1,32.5,India,Australia,RA Jadeja,P Kumar,DE Bollinger,0,0,,,,,,,,,
416241,2009/10,2009-11-08,Nehru Stadium,1,32.6,India,Australia,RA Jadeja,P Kumar,DE Bollinger,4,0,,,,,,,,,
416241,2009/10,2009-11-08,Nehru Stadium,1,33.1,India,Australia,P Kumar,RA Jadeja,NM Hauritz,1,0,,,,,,,,,
416241,2009/10,2009-11-08,Nehru Stadium,1,33.2,India,Australia,RA Jadeja,P Kumar,NM Hauritz,1,0,,,,,,,,,
416241,2009/10,2009-11-08,Nehru Stadium,1,33.3,India,Australia,P Kumar,RA Jadeja,NM Hauritz,0,0,,,,,,,,,
416241,2009/10,2009-11-08,Nehru Stadium,1,33.4,India,Australia,P Kumar,RA Jadeja,NM Hauritz,1,0,,,,,,,,,
416241,2009/10,2009-11-08,Nehru Stadium,1,33.5,India,Australia,RA Jadeja,P Kumar,NM Hauritz,0,0,,,,,,,,,
416241,2009/10,2009-11-08,Nehru Stadium,1,33.6,India,Australia,RA Jadeja,P Kumar,NM Hauritz,2,0,,,,,,,,,
416241,2009/10,2009-11-08,Nehru Stadium,1,34.1,India,Australia,P Kumar,RA Jadeja,DE Bollinger,0,0,,,,,,,,,
416241,2009/10,2009-11-08,Nehru Stadium,1,34.2,India,Australia,P Kumar,RA Jadeja,DE Bollinger,1,0,,,,,,,,,
416241,2009/10,2009-11-08,Nehru Stadium,1,34.3,India,Australia,RA Jadeja,P Kumar,DE Bollinger,4,0,,,,,,,,,
416241,2009/10,2009-11-08,Nehru Stadium,1,34.4,India,Australia,RA Jadeja,P Kumar,DE Bollinger,0,0,,,,,,,,,
416241,2009/10,2009-11-08,Nehru Stadium,1,34.5,India,Australia,RA Jadeja,P Kumar,DE Bollinger,0,0,,,,,,,,,
416241,2009/10,2009-11-08,Nehru Stadium,1,34.6,India,Australia,RA Jadeja,P Kumar,DE Bollinger,1,0,,,,,,,,,
416241,2009/10,2009-11-08,Nehru Stadium,1,35.1,India,Australia,RA Jadeja,P Kumar,CJ McKay,0,0,,,,,,,,,
416241,2009/10,2009-11-08,Nehru Stadium,1,35.2,India,Australia,RA Jadeja,P Kumar,CJ McKay,0,0,,,,,,,,,
416241,2009/10,2009-11-08,Nehru Stadium,1,35.3,India,Australia,RA Jadeja,P Kumar,CJ McKay,0,0,,,,,,,,,
416241,2009/10,2009-11-08,Nehru Stadium,1,35.4,India,Australia,RA Jadeja,P Kumar,CJ McKay,0,0,,,,,,,,,
416241,2009/10,2009-11-08,Nehru Stadium,1,35.5,India,Australia,RA Jadeja,P Kumar,CJ McKay,0,0,,,,,,,,,
416241,2009/10,2009-11-08,Nehru Stadium,1,35.6,India,Australia,RA Jadeja,P Kumar,CJ McKay,1,0,,,,,,,,,
416241,2009/10,2009-11-08,Nehru Stadium,1,36.1,India,Australia,RA Jadeja,P Kumar,MG Johnson,0,0,,,,,,,,,
416241,2009/10,2009-11-08,Nehru Stadium,1,36.2,India,Australia,RA Jadeja,P Kumar,MG Johnson,1,0,,,,,,,,,
416241,2009/10,2009-11-08,Nehru Stadium,1,36.3,India,Australia,P Kumar,RA Jadeja,MG Johnson,0,0,,,,,,,,,
416241,2009/10,2009-11-08,Nehru Stadium,1,36.4,India,Australia,P Kumar,RA Jadeja,MG Johnson,1,0,,,,,,,,,
416241,2009/10,2009-11-08,Nehru Stadium,1,36.5,India,Australia,RA Jadeja,P Kumar,MG Johnson,1,0,,,,,,,,,
416241,2009/10,2009-11-08,Nehru Stadium,1,36.6,India,Australia,P Kumar,RA Jadeja,MG Johnson,0,0,,,,,,,,,
416241,2009/10,2009-11-08,Nehru Stadium,1,37.1,India,Australia,RA Jadeja,P Kumar,CJ McKay,0,0,,,,,,,,,
416241,2009/10,2009-11-08,Nehru Stadium,1,37.2,India,Australia,RA Jadeja,P Kumar,CJ McKay,1,0,,,,,,,,,
416241,2009/10,2009-11-08,Nehru Stadium,1,37.3,India,Australia,P Kumar,RA Jadeja,CJ McKay,0,0,,,,,,,,,
416241,2009/10,2009-11-08,Nehru Stadium,1,37.4,India,Australia,P Kumar,RA Jadeja,CJ McKay,0,0,,,,,,,,,
416241,2009/10,2009-11-08,Nehru Stadium,1,37.5,India,Australia,P Kumar,RA Jadeja,CJ McKay,0,0,,,,,,,,,
416241,2009/10,2009-11-08,Nehru Stadium,1,37.6,India,Australia,P Kumar,RA Jadeja,CJ McKay,0,0,,,,,,,,,
416241,2009/10,2009-11-08,Nehru Stadium,1,38.1,India,Australia,RA Jadeja,P Kumar,MG Johnson,1,0,,,,,,,,,
416241,2009/10,2009-11-08,Nehru Stadium,1,38.2,India,Australia,P Kumar,RA Jadeja,MG Johnson,3,0,,,,,,,,,
416241,2009/10,2009-11-08,Nehru Stadium,1,38.3,India,Australia,RA Jadeja,P Kumar,MG Johnson,0,0,,,,,,,,,
416241,2009/10,2009-11-08,Nehru Stadium,1,38.4,India,Australia,RA Jadeja,P Kumar,MG Johnson,1,0,,,,,,,,,
416241,2009/10,2009-11-08,Nehru Stadium,1,38.5,India,Australia,P Kumar,RA Jadeja,MG Johnson,0,0,,,,,,,,,
416241,2009/10,2009-11-08,Nehru Stadium,1,38.6,India,Australia,P Kumar,RA Jadeja,MG Johnson,0,0,,,,,,,,,
416241,2009/10,2009-11-08,Nehru Stadium,1,39.1,India,Australia,RA Jadeja,P Kumar,CJ McKay,1,0,,,,,,,,,
416241,2009/10,2009-11-08,Nehru Stadium,1,39.2,India,Australia,P Kumar,RA Jadeja,CJ McKay,4,0,,,,,,,,,
416241,2009/10,2009-11-08,Nehru Stadium,1,39.3,India,Australia,P Kumar,RA Jadeja,CJ McKay,0,0,,,,,,,,,
416241,2009/10,2009-11-08,Nehru Stadium,1,39.4,India,Australia,P Kumar,RA Jadeja,CJ McKay,1,0,,,,,,,,,
416241,2009/10,2009-11-08,Nehru Stadium,1,39.5,India,Australia,RA Jadeja,P Kumar,CJ McKay,1,0,,,,,,,,,
416241,2009/10,2009-11-08,Nehru Stadium,1,39.6,India,Australia,P Kumar,RA Jadeja,CJ McKay,4,0,,,,,,,,,
416241,2009/10,2009-11-08,Nehru Stadium,1,40.1,India,Australia,RA Jadeja,P Kumar,MG Johnson,0,0,,,,,,,,,
416241,2009/10,2009-11-08,Nehru Stadium,1,40.2,India,Australia,RA Jadeja,P Kumar,MG Johnson,0,0,,,,,,,,,
416241,2009/10,2009-11-08,Nehru Stadium,1,40.3,India,Australia,RA Jadeja,P Kumar,MG Johnson,0,0,,,,,,,,,
416241,2009/10,2009-11-08,Nehru Stadium,1,40.4,India,Australia,RA Jadeja,P Kumar,MG Johnson,0,0,,,,,,,,,
416241,2009/10,2009-11-08,Nehru Stadium,1,40.5,India,Australia,RA Jadeja,P Kumar,MG Johnson,4,0,,,,,,,,,
416241,2009/10,2009-11-08,Nehru Stadium,1,40.6,India,Australia,RA Jadeja,P Kumar,MG Johnson,1,0,,,,,,,,,
416241,2009/10,2009-11-08,Nehru Stadium,1,41.1,India,Australia,RA Jadeja,P Kumar,CJ McKay,1,0,,,,,,,,,
416241,2009/10,2009-11-08,Nehru Stadium,1,41.2,India,Australia,P Kumar,RA Jadeja,CJ McKay,0,0,,,,,,,,,
416241,2009/10,2009-11-08,Nehru Stadium,1,41.3,India,Australia,P Kumar,RA Jadeja,CJ McKay,4,0,,,,,,,,,
416241,2009/10,2009-11-08,Nehru Stadium,1,41.4,India,Australia,P Kumar,RA Jadeja,CJ McKay,1,0,,,,,,,,,
416241,2009/10,2009-11-08,Nehru Stadium,1,41.5,India,Australia,RA Jadeja,P Kumar,CJ McKay,1,0,,,,,,,,,
416241,2009/10,2009-11-08,Nehru Stadium,1,41.6,India,Australia,P Kumar,RA Jadeja,CJ McKay,0,0,,,,,,,,,
416241,2009/10,2009-11-08,Nehru Stadium,1,42.1,India,Australia,RA Jadeja,P Kumar,SR Watson,4,0,,,,,,,,,
416241,2009/10,2009-11-08,Nehru Stadium,1,42.2,India,Australia,RA Jadeja,P Kumar,SR Watson,0,0,,,,,,,,,
416241,2009/10,2009-11-08,Nehru Stadium,1,42.3,India,Australia,RA Jadeja,P Kumar,SR Watson,1,0,,,,,,,,,
416241,2009/10,2009-11-08,Nehru Stadium,1,42.4,India,Australia,P Kumar,RA Jadeja,SR Watson,0,0,,,,,,,,,
416241,2009/10,2009-11-08,Nehru Stadium,1,42.5,India,Australia,P Kumar,RA Jadeja,SR Watson,1,0,,,,,,,,,
416241,2009/10,2009-11-08,Nehru Stadium,1,42.6,India,Australia,RA Jadeja,P Kumar,SR Watson,0,0,,,,,,,,,
416241,2009/10,2009-11-08,Nehru Stadium,1,43.1,India,Australia,P Kumar,RA Jadeja,CJ McKay,6,0,,,,,,,,,
416241,2009/10,2009-11-08,Nehru Stadium,1,43.2,India,Australia,P Kumar,RA Jadeja,CJ McKay,0,0,,,,,,,,,
416241,2009/10,2009-11-08,Nehru Stadium,1,43.3,India,Australia,P Kumar,RA Jadeja,CJ McKay,0,0,,,,,,,,,
416241,2009/10,2009-11-08,Nehru Stadium,1,43.4,India,Australia,P Kumar,RA Jadeja,CJ McKay,2,0,,,,,,,,,
416241,2009/10,2009-11-08,Nehru Stadium,1,43.5,India,Australia,P Kumar,RA Jadeja,CJ McKay,4,0,,,,,,,,,
416241,2009/10,2009-11-08,Nehru Stadium,1,43.6,India,Australia,P Kumar,RA Jadeja,CJ McKay,2,0,,,,,,,,,
416241,2009/10,2009-11-08,Nehru Stadium,1,44.1,India,Australia,RA Jadeja,P Kumar,DE Bollinger,0,0,,,,,,caught,RA Jadeja,,
416241,2009/10,2009-11-08,Nehru Stadium,1,44.2,India,Australia,A Nehra,P Kumar,DE Bollinger,0,0,,,,,,,,,
416241,2009/10,2009-11-08,Nehru Stadium,1,44.3,India,Australia,A Nehra,P Kumar,DE Bollinger,0,0,,,,,,,,,
416241,2009/10,2009-11-08,Nehru Stadium,1,44.4,India,Australia,A Nehra,P Kumar,DE Bollinger,0,1,,1,,,,,,,
416241,2009/10,2009-11-08,Nehru Stadium,1,44.5,India,Australia,A Nehra,P Kumar,DE Bollinger,0,0,,,,,,,,,
416241,2009/10,2009-11-08,Nehru Stadium,1,44.6,India,Australia,A Nehra,P Kumar,DE Bollinger,0,0,,,,,,,,,
416241,2009/10,2009-11-08,Nehru Stadium,1,44.7,India,Australia,A Nehra,P Kumar,DE Bollinger,1,0,,,,,,,,,
416241,2009/10,2009-11-08,Nehru Stadium,1,45.1,India,Australia,A Nehra,P Kumar,SR Watson,0,0,,,,,,,,,
416241,2009/10,2009-11-08,Nehru Stadium,1,45.2,India,Australia,A Nehra,P Kumar,SR Watson,1,0,,,,,,,,,
416241,2009/10,2009-11-08,Nehru Stadium,1,45.3,India,Australia,P Kumar,A Nehra,SR Watson,0,0,,,,,,,,,
416241,2009/10,2009-11-08,Nehru Stadium,1,45.4,India,Australia,P Kumar,A Nehra,SR Watson,1,0,,,,,,,,,
416241,2009/10,2009-11-08,Nehru Stadium,1,45.5,India,Australia,A Nehra,P Kumar,SR Watson,1,0,,,,,,,,,
416241,2009/10,2009-11-08,Nehru Stadium,1,45.6,India,Australia,P Kumar,A Nehra,SR Watson,1,0,,,,,,,,,
416241,2009/10,2009-11-08,Nehru Stadium,1,46.1,India,Australia,P Kumar,A Nehra,DE Bollinger,0,0,,,,,,,,,
416241,2009/10,2009-11-08,Nehru Stadium,1,46.2,India,Australia,P Kumar,A Nehra,DE Bollinger,4,0,,,,,,,,,
416241,2009/10,2009-11-08,Nehru Stadium,1,46.3,India,Australia,P Kumar,A Nehra,DE Bollinger,0,0,,,,,,,,,
416241,2009/10,2009-11-08,Nehru Stadium,1,46.4,India,Australia,P Kumar,A Nehra,DE Bollinger,1,0,,,,,,,,,
416241,2009/10,2009-11-08,Nehru Stadium,1,46.5,India,Australia,A Nehra,P Kumar,DE Bollinger,1,0,,,,,,,,,
416241,2009/10,2009-11-08,Nehru Stadium,1,46.6,India,Australia,P Kumar,A Nehra,DE Bollinger,4,1,,1,,,,,,,
416241,2009/10,2009-11-08,Nehru Stadium,1,46.7,India,Australia,P Kumar,A Nehra,DE Bollinger,1,0,,,,,,,,,
416241,2009/10,2009-11-08,Nehru Stadium,1,47.1,India,Australia,P Kumar,A Nehra,SR Watson,1,0,,,,,,,,,
416241,2009/10,2009-11-08,Nehru Stadium,1,47.2,India,Australia,A Nehra,P Kumar,SR Watson,0,1,,,,1,,,,,
416241,2009/10,2009-11-08,Nehru Stadium,1,47.3,India,Australia,P Kumar,A Nehra,SR Watson,1,0,,,,,,,,,
416241,2009/10,2009-11-08,Nehru Stadium,1,47.4,India,Australia,A Nehra,P Kumar,SR Watson,0,0,,,,,,bowled,A Nehra,,
416241,2009/10,2009-11-08,Nehru Stadium,1,47.5,India,Australia,MM Patel,P Kumar,SR Watson,0,0,,,,,,,,,
416241,2009/10,2009-11-08,Nehru Stadium,1,47.6,India,Australia,MM Patel,P Kumar,SR Watson,0,0,,,,,,bowled,MM Patel,,
416241,2009/10,2009-11-08,Nehru Stadium,2,0.1,Australia,India,SR Watson,SE Marsh,P Kumar,4,0,,,,,,,,,
416241,2009/10,2009-11-08,Nehru Stadium,2,0.2,Australia,India,SR Watson,SE Marsh,P Kumar,0,0,,,,,,,,,
416241,2009/10,2009-11-08,Nehru Stadium,2,0.3,Australia,India,SR Watson,SE Marsh,P Kumar,0,0,,,,,,,,,
416241,2009/10,2009-11-08,Nehru Stadium,2,0.4,Australia,India,SR Watson,SE Marsh,P Kumar,1,0,,,,,,,,,
416241,2009/10,2009-11-08,Nehru Stadium,2,0.5,Australia,India,SE Marsh,SR Watson,P Kumar,0,0,,,,,,,,,
416241,2009/10,2009-11-08,Nehru Stadium,2,0.6,Australia,India,SE Marsh,SR Watson,P Kumar,0,0,,,,,,,,,
416241,2009/10,2009-11-08,Nehru Stadium,2,1.1,Australia,India,SR Watson,SE Marsh,A Nehra,0,0,,,,,,,,,
416241,2009/10,2009-11-08,Nehru Stadium,2,1.2,Australia,India,SR Watson,SE Marsh,A Nehra,0,0,,,,,,,,,
416241,2009/10,2009-11-08,Nehru Stadium,2,1.3,Australia,India,SR Watson,SE Marsh,A Nehra,0,0,,,,,,,,,
416241,2009/10,2009-11-08,Nehru Stadium,2,1.4,Australia,India,SR Watson,SE Marsh,A Nehra,0,1,1,,,,,,,,
416241,2009/10,2009-11-08,Nehru Stadium,2,1.5,Australia,India,SR Watson,SE Marsh,A Nehra,0,0,,,,,,,,,
416241,2009/10,2009-11-08,Nehru Stadium,2,1.6,Australia,India,SR Watson,SE Marsh,A Nehra,0,0,,,,,,,,,
416241,2009/10,2009-11-08,Nehru Stadium,2,1.7,Australia,India,SR Watson,SE Marsh,A Nehra,4,0,,,,,,,,,
416241,2009/10,2009-11-08,Nehru Stadium,2,2.1,Australia,India,SE Marsh,SR Watson,P Kumar,0,0,,,,,,,,,
416241,2009/10,2009-11-08,Nehru Stadium,2,2.2,Australia,India,SE Marsh,SR Watson,P Kumar,0,0,,,,,,,,,
416241,2009/10,2009-11-08,Nehru Stadium,2,2.3,Australia,India,SE Marsh,SR Watson,P Kumar,0,0,,,,,,,,,
416241,2009/10,2009-11-08,Nehru Stadium,2,2.4,Australia,India,SE Marsh,SR Watson,P Kumar,1,0,,,,,,,,,
416241,2009/10,2009-11-08,Nehru Stadium,2,2.5,Australia,India,SR Watson,SE Marsh,P Kumar,0,0,,,,,,,,,
416241,2009/10,2009-11-08,Nehru Stadium,2,2.6,Australia,India,SR Watson,SE Marsh,P Kumar,4,0,,,,,,,,,
416241,2009/10,2009-11-08,Nehru Stadium,2,3.1,Australia,India,SE Marsh,SR Watson,A Nehra,0,0,,,,,,,,,
416241,2009/10,2009-11-08,Nehru Stadium,2,3.2,Australia,India,SE Marsh,SR Watson,A Nehra,0,0,,,,,,,,,
416241,2009/10,2009-11-08,Nehru Stadium,2,3.3,Australia,India,SE Marsh,SR Watson,A Nehra,0,0,,,,,,,,,
416241,2009/10,2009-11-08,Nehru Stadium,2,3.4,Australia,India,SE Marsh,SR Watson,A Nehra,4,0,,,,,,,,,
416241,2009/10,2009-11-08,Nehru Stadium,2,3.5,Australia,India,SE Marsh,SR Watson,A Nehra,1,0,,,,,,,,,
416241,2009/10,2009-11-08,Nehru Stadium,2,3.6,Australia,India,SR Watson,SE Marsh,A Nehra,4,0,,,,,,,,,
416241,2009/10,2009-11-08,Nehru Stadium,2,4.1,Australia,India,SE Marsh,SR Watson,MM Patel,0,0,,,,,,,,,
416241,2009/10,2009-11-08,Nehru Stadium,2,4.2,Australia,India,SE Marsh,SR Watson,MM Patel,0,0,,,,,,,,,
416241,2009/10,2009-11-08,Nehru Stadium,2,4.3,Australia,India,SE Marsh,SR Watson,MM Patel,0,0,,,,,,lbw,SE Marsh,,
416241,2009/10,2009-11-08,Nehru Stadium,2,4.4,Australia,India,RT Ponting,SR Watson,MM Patel,4,0,,,,,,,,,
416241,2009/10,2009-11-08,Nehru Stadium,2,4.5,Australia,India,RT Ponting,SR Watson,MM Patel,0,0,,,,,,,,,
416241,2009/10,2009-11-08,Nehru Stadium,2,4.6,Australia,India,RT Ponting,SR Watson,MM Patel,0,0,,,,,,,,,
416241,2009/10,2009-11-08,Nehru Stadium,2,5.1,Australia,India,SR Watson,RT Ponting,RA Jadeja,0,0,,,,,,,,,
416241,2009/10,2009-11-08,Nehru Stadium,2,5.2,Australia,India,SR Watson,RT Ponting,RA Jadeja,1,0,,,,,,,,,
416241,2009/10,2009-11-08,Nehru Stadium,2,5.3,Australia,India,RT Ponting,SR Watson,RA Jadeja,0,0,,,,,,,,,
416241,2009/10,2009-11-08,Nehru Stadium,2,5.4,Australia,India,RT Ponting,SR Watson,RA Jadeja,1,0,,,,,,,,,
416241,2009/10,2009-11-08,Nehru Stadium,2,5.5,Australia,India,SR Watson,RT Ponting,RA Jadeja,0,0,,,,,,,,,
416241,2009/10,2009-11-08,Nehru Stadium,2,5.6,Australia,India,SR Watson,RT Ponting,RA Jadeja,0,0,,,,,,,,,
416241,2009/10,2009-11-08,Nehru Stadium,2,6.1,Australia,India,RT Ponting,SR Watson,MM Patel,4,0,,,,,,,,,
416241,2009/10,2009-11-08,Nehru Stadium,2,6.2,Australia,India,RT Ponting,SR Watson,MM Patel,0,0,,,,,,,,,
416241,2009/10,2009-11-08,Nehru Stadium,2,6.3,Australia,India,RT Ponting,SR Watson,MM Patel,0,0,,,,,,,,,
416241,2009/10,2009-11-08,Nehru Stadium,2,6.4,Australia,India,RT Ponting,SR Watson,MM Patel,0,0,,,,,,,,,
416241,2009/10,2009-11-08,Nehru Stadium,2,6.5,Australia,India,RT Ponting,SR Watson,MM Patel,0,0,,,,,,,,,
416241,2009/10,2009-11-08,Nehru Stadium,2,6.6,Australia,India,RT Ponting,SR Watson,MM Patel,0,0,,,,,,,,,
416241,2009/10,2009-11-08,Nehru Stadium,2,7.1,Australia,India,SR Watson,RT Ponting,RA Jadeja,0,0,,,,,,,,,
416241,2009/10,2009-11-08,Nehru Stadium,2,7.2,Australia,India,SR Watson,RT Ponting,RA Jadeja,0,0,,,,,,,,,
416241,2009/10,2009-11-08,Nehru Stadium,2,7.3,Australia,India,SR Watson,RT Ponting,RA Jadeja,0,0,,,,,,,,,
416241,2009/10,2009-11-08,Nehru Stadium,2,7.4,Australia,India,SR Watson,RT Ponting,RA Jadeja,4,0,,,,,,,,,
416241,2009/10,2009-11-08,Nehru Stadium,2,7.5,Australia,India,SR Watson,RT Ponting,RA Jadeja,1,0,,,,,,,,,
416241,2009/10,2009-11-08,Nehru Stadium,2,7.6,Australia,India,RT Ponting,SR Watson,RA Jadeja,1,0,,,,,,,,,
416241,2009/10,2009-11-08,Nehru Stadium,2,8.1,Australia,India,RT Ponting,SR Watson,MM Patel,0,0,,,,,,,,,
416241,2009/10,2009-11-08,Nehru Stadium,2,8.2,Australia,India,RT Ponting,SR Watson,MM Patel,0,0,,,,,,,,,
416241,2009/10,2009-11-08,Nehru Stadium,2,8.3,Australia,India,RT Ponting,SR Watson,MM Patel,0,0,,,,,,,,,
416241,2009/10,2009-11-08,Nehru Stadium,2,8.4,Australia,India,RT Ponting,SR Watson,MM Patel,0,0,,,,,,,,,
416241,2009/10,2009-11-08,Nehru Stadium,2,8.5,Australia,India,RT Ponting,SR Watson,MM Patel,0,0,,,,,,,,,
416241,2009/10,2009-11-08,Nehru Stadium,2,8.6,Australia,India,RT Ponting,SR Watson,MM Patel,0,0,,,,,,,,,
416241,2009/10,2009-11-08,Nehru Stadium,2,9.1,Australia,India,SR Watson,RT Ponting,RA Jadeja,0,0,,,,,,,,,
416241,2009/10,2009-11-08,Nehru Stadium,2,9.2,Australia,India,SR Watson,RT Ponting,RA Jadeja,0,0,,,,,,,,,
416241,2009/10,2009-11-08,Nehru Stadium,2,9.3,Australia,India,SR Watson,RT Ponting,RA Jadeja,1,0,,,,,,,,,
416241,2009/10,2009-11-08,Nehru Stadium,2,9.4,Australia,India,RT Ponting,SR Watson,RA Jadeja,0,0,,,,,,,,,
416241,2009/10,2009-11-08,Nehru Stadium,2,9.5,Australia,India,RT Ponting,SR Watson,RA Jadeja,0,0,,,,,,,,,
416241,2009/10,2009-11-08,Nehru Stadium,2,9.6,Australia,India,RT Ponting,SR Watson,RA Jadeja,0,0,,,,,,,,,
416241,2009/10,2009-11-08,Nehru Stadium,2,10.1,Australia,India,SR Watson,RT Ponting,MM Patel,0,0,,,,,,,,,
416241,2009/10,2009-11-08,Nehru Stadium,2,10.2,Australia,India,SR Watson,RT Ponting,MM Patel,4,0,,,,,,,,,
416241,2009/10,2009-11-08,Nehru Stadium,2,10.3,Australia,India,SR Watson,RT Ponting,MM Patel,1,0,,,,,,,,,
416241,2009/10,2009-11-08,Nehru Stadium,2,10.4,Australia,India,RT Ponting,SR Watson,MM Patel,0,0,,,,,,,,,
416241,2009/10,2009-11-08,Nehru Stadium,2,10.5,Australia,India,RT Ponting,SR Watson,MM Patel,0,0,,,,,,,,,
416241,2009/10,2009-11-08,Nehru Stadium,2,10.6,Australia,India,RT Ponting,SR Watson,MM Patel,0,0,,,,,,,,,
416241,2009/10,2009-11-08,Nehru Stadium,2,11.1,Australia,India,SR Watson,RT Ponting,RA Jadeja,0,0,,,,,,,,,
416241,2009/10,2009-11-08,Nehru Stadium,2,11.2,Australia,India,SR Watson,RT Ponting,RA Jadeja,1,0,,,,,,,,,
416241,2009/10,2009-11-08,Nehru Stadium,2,11.3,Australia,India,RT Ponting,SR Watson,RA Jadeja,4,0,,,,,,,,,
416241,2009/10,2009-11-08,Nehru Stadium,2,11.4,Australia,India,RT Ponting,SR Watson,RA Jadeja,0,0,,,,,,,,,
416241,2009/10,2009-11-08,Nehru Stadium,2,11.5,Australia,India,RT Ponting,SR Watson,RA Jadeja,0,0,,,,,,,,,
416241,2009/10,2009-11-08,Nehru Stadium,2,11.6,Australia,India,RT Ponting,SR Watson,RA Jadeja,1,0,,,,,,,,,
416241,2009/10,2009-11-08,Nehru Stadium,2,12.1,Australia,India,RT Ponting,SR Watson,Harbhajan Singh,0,0,,,,,,,,,
416241,2009/10,2009-11-08,Nehru Stadium,2,12.2,Australia,India,RT Ponting,SR Watson,Harbhajan Singh,1,0,,,,,,,,,
416241,2009/10,2009-11-08,Nehru Stadium,2,12.3,Australia,India,SR Watson,RT Ponting,Harbhajan Singh,1,0,,,,,,,,,
416241,2009/10,2009-11-08,Nehru Stadium,2,12.4,Australia,India,RT Ponting,SR Watson,Harbhajan Singh,0,0,,,,,,,,,
416241,2009/10,2009-11-08,Nehru Stadium,2,12.5,Australia,India,RT Ponting,SR Watson,Harbhajan Singh,2,0,,,,,,,,,
416241,2009/10,2009-11-08,Nehru Stadium,2,12.6,Australia,India,RT Ponting,SR Watson,Harbhajan Singh,0,0,,,,,,,,,
416241,2009/10,2009-11-08,Nehru Stadium,2,13.1,Australia,India,SR Watson,RT Ponting,RA Jadeja,0,0,,,,,,,,,
416241,2009/10,2009-11-08,Nehru Stadium,2,13.2,Australia,India,SR Watson,RT Ponting,RA Jadeja,0,0,,,,,,,,,
416241,2009/10,2009-11-08,Nehru Stadium,2,13.3,Australia,India,SR Watson,RT Ponting,RA Jadeja,0,0,,,,,,,,,
416241,2009/10,2009-11-08,Nehru Stadium,2,13.4,Australia,India,SR Watson,RT Ponting,RA Jadeja,0,0,,,,,,,,,
416241,2009/10,2009-11-08,Nehru Stadium,2,13.5,Australia,India,SR Watson,RT Ponting,RA Jadeja,0,0,,,,,,,,,
416241,2009/10,2009-11-08,Nehru Stadium,2,13.6,Australia,India,SR Watson,RT Ponting,RA Jadeja,4,0,,,,,,,,,
416241,2009/10,2009-11-08,Nehru Stadium,2,14.1,Australia,India,RT Ponting,SR Watson,Harbhajan Singh,0,0,,,,,,,,,
416241,2009/10,2009-11-08,Nehru Stadium,2,14.2,Australia,India,RT Ponting,SR Watson,Harbhajan Singh,0,0,,,,,,,,,
416241,2009/10,2009-11-08,Nehru Stadium,2,14.3,Australia,India,RT Ponting,SR Watson,Harbhajan Singh,0,4,,,4,,,,,,
416241,2009/10,2009-11-08,Nehru Stadium,2,14.4,Australia,India,RT Ponting,SR Watson,Harbhajan Singh,0,0,,,,,,,,,
416241,2009/10,2009-11-08,Nehru Stadium,2,14.5,Australia,India,RT Ponting,SR Watson,Harbhajan Singh,0,2,,,,2,,,,,
416241,2009/10,2009-11-08,Nehru Stadium,2,14.6,Australia,India,RT Ponting,SR Watson,Harbhajan Singh,1,0,,,,,,,,,
416241,2009/10,2009-11-08,Nehru Stadium,2,15.1,Australia,India,RT Ponting,SR Watson,RA Jadeja,0,0,,,,,,,,,
416241,2009/10,2009-11-08,Nehru Stadium,2,15.2,Australia,India,RT Ponting,SR Watson,RA Jadeja,0,0,,,,,,,,,
416241,2009/10,2009-11-08,Nehru Stadium,2,15.3,Australia,India,RT Ponting,SR Watson,RA Jadeja,0,0,,,,,,,,,
416241,2009/10,2009-11-08,Nehru Stadium,2,15.4,Australia,India,RT Ponting,SR Watson,RA Jadeja,0,0,,,,,,,,,
416241,2009/10,2009-11-08,Nehru Stadium,2,15.5,Australia,India,RT Ponting,SR Watson,RA Jadeja,0,0,,,,,,,,,
416241,2009/10,2009-11-08,Nehru Stadium,2,15.6,Australia,India,RT Ponting,SR Watson,RA Jadeja,0,0,,,,,,,,,
416241,2009/10,2009-11-08,Nehru Stadium,2,16.1,Australia,India,SR Watson,RT Ponting,Yuvraj Singh,4,0,,,,,,,,,
416241,2009/10,2009-11-08,Nehru Stadium,2,16.2,Australia,India,SR Watson,RT Ponting,Yuvraj Singh,0,0,,,,,,,,,
416241,2009/10,2009-11-08,Nehru Stadium,2,16.3,Australia,India,SR Watson,RT Ponting,Yuvraj Singh,0,0,,,,,,,,,
416241,2009/10,2009-11-08,Nehru Stadium,2,16.4,Australia,India,SR Watson,RT Ponting,Yuvraj Singh,0,0,,,,,,,,,
416241,2009/10,2009-11-08,Nehru Stadium,2,16.5,Australia,India,SR Watson,RT Ponting,Yuvraj Singh,4,0,,,,,,,,,
416241,2009/10,2009-11-08,Nehru Stadium,2,16.6,Australia,India,SR Watson,RT Ponting,Yuvraj Singh,0,0,,,,,,,,,
416241,2009/10,2009-11-08,Nehru Stadium,2,17.1,Australia,India,RT Ponting,SR Watson,RA Jadeja,0,0,,,,,,,,,
416241,2009/10,2009-11-08,Nehru Stadium,2,17.2,Australia,India,RT Ponting,SR Watson,RA Jadeja,1,0,,,,,,,,,
416241,2009/10,2009-11-08,Nehru Stadium,2,17.3,Australia,India,SR Watson,RT Ponting,RA Jadeja,0,0,,,,,,,,,
416241,2009/10,2009-11-08,Nehru Stadium,2,17.4,Australia,India,SR Watson,RT Ponting,RA Jadeja,4,0,,,,,,,,,
416241,2009/10,2009-11-08,Nehru Stadium,2,17.5,Australia,India,SR Watson,RT Ponting,RA Jadeja,0,0,,,,,,,,,
416241,2009/10,2009-11-08,Nehru Stadium,2,17.6,Australia,India,SR Watson,RT Ponting,RA Jadeja,1,0,,,,,,,,,
416241,2009/10,2009-11-08,Nehru Stadium,2,18.1,Australia,India,SR Watson,RT Ponting,Harbhajan Singh,1,0,,,,,,,,,
416241,2009/10,2009-11-08,Nehru Stadium,2,18.2,Australia,India,RT Ponting,SR Watson,Harbhajan Singh,0,0,,,,,,,,,
416241,2009/10,2009-11-08,Nehru Stadium,2,18.3,Australia,India,RT Ponting,SR Watson,Harbhajan Singh,0,0,,,,,,,,,
416241,2009/10,2009-11-08,Nehru Stadium,2,18.4,Australia,India,RT Ponting,SR Watson,Harbhajan Singh,2,0,,,,,,,,,
416241,2009/10,2009-11-08,Nehru Stadium,2,18.5,Australia,India,RT Ponting,SR Watson,Harbhajan Singh,1,0,,,,,,,,,
416241,2009/10,2009-11-08,Nehru Stadium,2,18.6,Australia,India,SR Watson,RT Ponting,Harbhajan Singh,0,0,,,,,,caught,SR Watson,,
416241,2009/10,2009-11-08,Nehru Stadium,2,19.1,Australia,India,RT Ponting,CL White,RA Jadeja,0,0,,,,,,,,,
416241,2009/10,2009-11-08,Nehru Stadium,2,19.2,Australia,India,RT Ponting,CL White,RA Jadeja,0,0,,,,,,,,,
416241,2009/10,2009-11-08,Nehru Stadium,2,19.3,Australia,India,RT Ponting,CL White,RA Jadeja,0,0,,,,,,,,,
416241,2009/10,2009-11-08,Nehru Stadium,2,19.4,Australia,India,RT Ponting,CL White,RA Jadeja,1,0,,,,,,,,,
416241,2009/10,2009-11-08,Nehru Stadium,2,19.5,Australia,India,CL White,RT Ponting,RA Jadeja,0,0,,,,,,,,,
416241,2009/10,2009-11-08,Nehru Stadium,2,19.6,Australia,India,CL White,RT Ponting,RA Jadeja,2,0,,,,,,,,,
416241,2009/10,2009-11-08,Nehru Stadium,2,20.1,Australia,India,RT Ponting,CL White,Harbhajan Singh,1,0,,,,,,,,,
416241,2009/10,2009-11-08,Nehru Stadium,2,20.2,Australia,India,CL White,RT Ponting,Harbhajan Singh,0,0,,,,,,,,,
416241,2009/10,2009-11-08,Nehru Stadium,2,20.3,Australia,India,CL White,RT Ponting,Harbhajan Singh,1,0,,,,,,,,,
416241,2009/10,2009-11-08,Nehru Stadium,2,20.4,Australia,India,RT Ponting,CL White,Harbhajan Singh,0,0,,,,,,caught,RT Ponting,,
416241,2009/10,2009-11-08,Nehru Stadium,2,20.5,Australia,India,MEK Hussey,CL White,Harbhajan Singh,0,2,,,2,,,,,,
416241,2009/10,2009-11-08,Nehru Stadium,2,20.6,Australia,India,MEK Hussey,CL White,Harbhajan Singh,0,0,,,,,,,,,
416241,2009/10,2009-11-08,Nehru Stadium,2,21.1,Australia,India,CL White,MEK Hussey,RA Jadeja,1,0,,,,,,,,,
416241,2009/10,2009-11-08,Nehru Stadium,2,21.2,Australia,India,MEK Hussey,CL White,RA Jadeja,0,0,,,,,,,,,
416241,2009/10,2009-11-08,Nehru Stadium,2,21.3,Australia,India,MEK Hussey,CL White,RA Jadeja,1,0,,,,,,,,,
416241,2009/10,2009-11-08,Nehru Stadium,2,21.4,Australia,India,CL White,MEK Hussey,RA Jadeja,1,0,,,,,,,,,
416241,2009/10,2009-11-08,Nehru Stadium,2,21.5,Australia,India,MEK Hussey,CL White,RA Jadeja,1,0,,,,,,,,,
416241,2009/10,2009-11-08,Nehru Stadium,2,21.6,Australia,India,CL White,MEK Hussey,RA Jadeja,1,0,,,,,,,,,
416241,2009/10,2009-11-08,Nehru Stadium,2,22.1,Australia,India,CL White,MEK Hussey,Harbhajan Singh,0,0,,,,,,,,,
416241,2009/10,2009-11-08,Nehru Stadium,2,22.2,Australia,India,CL White,MEK Hussey,Harbhajan Singh,1,0,,,,,,,,,
416241,2009/10,2009-11-08,Nehru Stadium,2,22.3,Australia,India,MEK Hussey,CL White,Harbhajan Singh,0,0,,,,,,,,,
416241,2009/10,2009-11-08,Nehru Stadium,2,22.4,Australia,India,MEK Hussey,CL White,Harbhajan Singh,0,0,,,,,,,,,
416241,2009/10,2009-11-08,Nehru Stadium,2,22.5,Australia,India,MEK Hussey,CL White,Harbhajan Singh,0,0,,,,,,,,,
416241,2009/10,2009-11-08,Nehru Stadium,2,22.6,Australia,India,MEK Hussey,CL White,Harbhajan Singh,0,0,,,,,,,,,
416241,2009/10,2009-11-08,Nehru Stadium,2,23.1,Australia,India,CL White,MEK Hussey,RA Jadeja,1,0,,,,,,,,,
416241,2009/10,2009-11-08,Nehru Stadium,2,23.2,Australia,India,MEK Hussey,CL White,RA Jadeja,1,0,,,,,,,,,
416241,2009/10,2009-11-08,Nehru Stadium,2,23.3,Australia,India,CL White,MEK Hussey,RA Jadeja,1,0,,,,,,,,,
416241,2009/10,2009-11-08,Nehru Stadium,2,23.4,Australia,India,MEK Hussey,CL White,RA Jadeja,0,0,,,,,,,,,
416241,2009/10,2009-11-08,Nehru Stadium,2,23.5,Australia,India,MEK Hussey,CL White,RA Jadeja,0,0,,,,,,,,,
416241,2009/10,2009-11-08,Nehru Stadium,2,23.6,Australia,India,MEK Hussey,CL White,RA Jadeja,0,0,,,,,,,,,
416241,2009/10,2009-11-08,Nehru Stadium,2,24.1,Australia,India,CL White,MEK Hussey,Harbhajan Singh,1,0,,,,,,,,,
416241,2009/10,2009-11-08,Nehru Stadium,2,24.2,Australia,India,MEK Hussey,CL White,Harbhajan Singh,1,0,,,,,,,,,
416241,2009/10,2009-11-08,Nehru Stadium,2,24.3,Australia,India,CL White,MEK Hussey,Harbhajan Singh,0,0,,,,,,,,,
416241,2009/10,2009-11-08,Nehru Stadium,2,24.4,Australia,India,CL White,MEK Hussey,Harbhajan Singh,0,0,,,,,,,,,
416241,2009/10,2009-11-08,Nehru Stadium,2,24.5,Australia,India,CL White,MEK Hussey,Harbhajan Singh,0,0,,,,,,,,,
416241,2009/10,2009-11-08,Nehru Stadium,2,24.6,Australia,India,CL White,MEK Hussey,Harbhajan Singh,0,0,,,,,,,,,
416241,2009/10,2009-11-08,Nehru Stadium,2,25.1,Australia,India,MEK Hussey,CL White,Yuvraj Singh,1,0,,,,,,,,,
416241,2009/10,2009-11-08,Nehru Stadium,2,25.2,Australia,India,CL White,MEK Hussey,Yuvraj Singh,0,0,,,,,,,,,
416241,2009/10,2009-11-08,Nehru Stadium,2,25.3,Australia,India,CL White,MEK Hussey,Yuvraj Singh,0,0,,,,,,,,,
416241,2009/10,2009-11-08,Nehru Stadium,2,25.4,Australia,India,CL White,MEK Hussey,Yuvraj Singh,0,0,,,,,,,,,
416241,2009/10,2009-11-08,Nehru Stadium,2,25.5,Australia,India,CL White,MEK Hussey,Yuvraj Singh,1,0,,,,,,,,,
416241,2009/10,2009-11-08,Nehru Stadium,2,25.6,Australia,India,MEK Hussey,CL White,Yuvraj Singh,1,0,,,,,,,,,
416241,2009/10,2009-11-08,Nehru Stadium,2,26.1,Australia,India,MEK Hussey,CL White,Harbhajan Singh,0,0,,,,,,,,,
416241,2009/10,2009-11-08,Nehru Stadium,2,26.2,Australia,India,MEK Hussey,CL White,Harbhajan Singh,0,0,,,,,,,,,
416241,2009/10,2009-11-08,Nehru Stadium,2,26.3,Australia,India,MEK Hussey,CL White,Harbhajan Singh,2,0,,,,,,,,,
416241,2009/10,2009-11-08,Nehru Stadium,2,26.4,Australia,India,MEK Hussey,CL White,Harbhajan Singh,0,0,,,,,,,,,
416241,2009/10,2009-11-08,Nehru Stadium,2,26.5,Australia,India,MEK Hussey,CL White,Harbhajan Singh,1,0,,,,,,,,,
416241,2009/10,2009-11-08,Nehru Stadium,2,26.6,Australia,India,CL White,MEK Hussey,Harbhajan Singh,1,0,,,,,,,,,
416241,2009/10,2009-11-08,Nehru Stadium,2,27.1,Australia,India,CL White,MEK Hussey,Yuvraj Singh,1,0,,,,,,,,,
416241,2009/10,2009-11-08,Nehru Stadium,2,27.2,Australia,India,MEK Hussey,CL White,Yuvraj Singh,0,0,,,,,,,,,
416241,2009/10,2009-11-08,Nehru Stadium,2,27.3,Australia,India,MEK Hussey,CL White,Yuvraj Singh,1,0,,,,,,,,,
416241,2009/10,2009-11-08,Nehru Stadium,2,27.4,Australia,India,CL White,MEK Hussey,Yuvraj Singh,0,0,,,,,,,,,
416241,2009/10,2009-11-08,Nehru Stadium,2,27.5,Australia,India,CL White,MEK Hussey,Yuvraj Singh,1,0,,,,,,,,,
416241,2009/10,2009-11-08,Nehru Stadium,2,27.6,Australia,India,MEK Hussey,CL White,Yuvraj Singh,0,0,,,,,,,,,
416241,2009/10,2009-11-08,Nehru Stadium,2,28.1,Australia,India,CL White,MEK Hussey,Harbhajan Singh,1,0,,,,,,,,,
416241,2009/10,2009-11-08,Nehru Stadium,2,28.2,Australia,India,MEK Hussey,CL White,Harbhajan Singh,0,0,,,,,,,,,
416241,2009/10,2009-11-08,Nehru Stadium,2,28.3,Australia,India,MEK Hussey,CL White,Harbhajan Singh,0,0,,,,,,,,,
416241,2009/10,2009-11-08,Nehru Stadium,2,28.4,Australia,India,MEK Hussey,CL White,Harbhajan Singh,1,0,,,,,,,,,
416241,2009/10,2009-11-08,Nehru Stadium,2,28.5,Australia,India,CL White,MEK Hussey,Harbhajan Singh,0,0,,,,,,,,,
416241,2009/10,2009-11-08,Nehru Stadium,2,28.6,Australia,India,CL White,MEK Hussey,Harbhajan Singh,0,0,,,,,,,,,
416241,2009/10,2009-11-08,Nehru Stadium,2,29.1,Australia,India,MEK Hussey,CL White,Yuvraj Singh,0,0,,,,,,,,,
416241,2009/10,2009-11-08,Nehru Stadium,2,29.2,Australia,India,MEK Hussey,CL White,Yuvraj Singh,0,0,,,,,,,,,
416241,2009/10,2009-11-08,Nehru Stadium,2,29.3,Australia,India,MEK Hussey,CL White,Yuvraj Singh,0,0,,,,,,,,,
416241,2009/10,2009-11-08,Nehru Stadium,2,29.4,Australia,India,MEK Hussey,CL White,Yuvraj Singh,1,0,,,,,,,,,
416241,2009/10,2009-11-08,Nehru Stadium,2,29.5,Australia,India,CL White,MEK Hussey,Yuvraj Singh,1,0,,,,,,,,,
416241,2009/10,2009-11-08,Nehru Stadium,2,29.6,Australia,India,MEK Hussey,CL White,Yuvraj Singh,0,0,,,,,,,,,
416241,2009/10,2009-11-08,Nehru Stadium,2,30.1,Australia,India,CL White,MEK Hussey,SK Raina,0,0,,,,,,,,,
416241,2009/10,2009-11-08,Nehru Stadium,2,30.2,Australia,India,CL White,MEK Hussey,SK Raina,0,0,,,,,,,,,
416241,2009/10,2009-11-08,Nehru Stadium,2,30.3,Australia,India,CL White,MEK Hussey,SK Raina,1,0,,,,,,,,,
416241,2009/10,2009-11-08,Nehru Stadium,2,30.4,Australia,India,MEK Hussey,CL White,SK Raina,1,0,,,,,,,,,
416241,2009/10,2009-11-08,Nehru Stadium,2,30.5,Australia,India,CL White,MEK Hussey,SK Raina,0,0,,,,,,,,,
416241,2009/10,2009-11-08,Nehru Stadium,2,30.6,Australia,India,CL White,MEK Hussey,SK Raina,2,0,,,,,,,,,
416241,2009/10,2009-11-08,Nehru Stadium,2,31.1,Australia,India,MEK Hussey,CL White,Yuvraj Singh,0,0,,,,,,,,,
416241,2009/10,2009-11-08,Nehru Stadium,2,31.2,Australia,India,MEK Hussey,CL White,Yuvraj Singh,0,0,,,,,,,,,
416241,2009/10,2009-11-08,Nehru Stadium,2,31.3,Australia,India,MEK Hussey,CL White,Yuvraj Singh,0,0,,,,,,,,,
416241,2009/10,2009-11-08,Nehru Stadium,2,31.4,Australia,India,MEK Hussey,CL White,Yuvraj Singh,0,0,,,,,,,,,
416241,2009/10,2009-11-08,Nehru Stadium,2,31.5,Australia,India,MEK Hussey,CL White,Yuvraj Singh,0,0,,,,,,,,,
416241,2009/10,2009-11-08,Nehru Stadium,2,31.6,Australia,India,MEK Hussey,CL White,Yuvraj Singh,0,0,,,,,,,,,
416241,2009/10,2009-11-08,Nehru Stadium,2,32.1,Australia,India,CL White,MEK Hussey,V Sehwag,0,0,,,,,,,,,
416241,2009/10,2009-11-08,Nehru Stadium,2,32.2,Australia,India,CL White,MEK Hussey,V Sehwag,1,0,,,,,,,,,
416241,2009/10,2009-11-08,Nehru Stadium,2,32.3,Australia,India,MEK Hussey,CL White,V Sehwag,1,0,,,,,,,,,
416241,2009/10,2009-11-08,Nehru Stadium,2,32.4,Australia,India,CL White,MEK Hussey,V Sehwag,1,0,,,,,,,,,
416241,2009/10,2009-11-08,Nehru Stadium,2,32.5,Australia,India,MEK Hussey,CL White,V Sehwag,1,0,,,,,,,,,
416241,2009/10,2009-11-08,Nehru Stadium,2,32.6,Australia,India,CL White,MEK Hussey,V Sehwag,1,0,,,,,,,,,
416241,2009/10,2009-11-08,Nehru Stadium,2,33.1,Australia,India,CL White,MEK Hussey,Yuvraj Singh,1,0,,,,,,,,,
416241,2009/10,2009-11-08,Nehru Stadium,2,33.2,Australia,India,MEK Hussey,CL White,Yuvraj Singh,0,0,,,,,,,,,
416241,2009/10,2009-11-08,Nehru Stadium,2,33.3,Australia,India,MEK Hussey,CL White,Yuvraj Singh,4,0,,,,,,,,,
416241,2009/10,2009-11-08,Nehru Stadium,2,33.4,Australia,India,MEK Hussey,CL White,Yuvraj Singh,1,0,,,,,,,,,
416241,2009/10,2009-11-08,Nehru Stadium,2,33.5,Australia,India,CL White,MEK Hussey,Yuvraj Singh,0,0,,,,,,,,,
416241,2009/10,2009-11-08,Nehru Stadium,2,33.6,Australia,India,CL White,MEK Hussey,Yuvraj Singh,0,0,,,,,,,,,
416241,2009/10,2009-11-08,Nehru Stadium,2,34.1,Australia,India,MEK Hussey,CL White,V Sehwag,1,0,,,,,,,,,
416241,2009/10,2009-11-08,Nehru Stadium,2,34.2,Australia,India,CL White,MEK Hussey,V Sehwag,1,0,,,,,,,,,
416241,2009/10,2009-11-08,Nehru Stadium,2,34.3,Australia,India,MEK Hussey,CL White,V Sehwag,0,0,,,,,,,,,
416241,2009/10,2009-11-08,Nehru Stadium,2,34.4,Australia,India,MEK Hussey,CL White,V Sehwag,1,0,,,,,,,,,
416241,2009/10,2009-11-08,Nehru Stadium,2,34.5,Australia,India,CL White,MEK Hussey,V Sehwag,0,0,,,,,,,,,
416241,2009/10,2009-11-08,Nehru Stadium,2,34.6,Australia,India,CL White,MEK Hussey,V Sehwag,0,0,,,,,,,,,
416241,2009/10,2009-11-08,Nehru Stadium,2,35.1,Australia,India,MEK Hussey,CL White,A Nehra,1,0,,,,,,,,,
416241,2009/10,2009-11-08,Nehru Stadium,2,35.2,Australia,India,CL White,MEK Hussey,A Nehra,0,0,,,,,,,,,
416241,2009/10,2009-11-08,Nehru Stadium,2,35.3,Australia,India,CL White,MEK Hussey,A Nehra,0,0,,,,,,,,,
416241,2009/10,2009-11-08,Nehru Stadium,2,35.4,Australia,India,CL White,MEK Hussey,A Nehra,1,0,,,,,,,,,
416241,2009/10,2009-11-08,Nehru Stadium,2,35.5,Australia,India,MEK Hussey,CL White,A Nehra,4,0,,,,,,,,,
416241,2009/10,2009-11-08,Nehru Stadium,2,35.6,Australia,India,MEK Hussey,CL White,A Nehra,1,0,,,,,,,,,
416241,2009/10,2009-11-08,Nehru Stadium,2,36.1,Australia,India,MEK Hussey,CL White,SK Raina,1,0,,,,,,,,,
416241,2009/10,2009-11-08,Nehru Stadium,2,36.2,Australia,India,CL White,MEK Hussey,SK Raina,0,0,,,,,,,,,
416241,2009/10,2009-11-08,Nehru Stadium,2,36.3,Australia,India,CL White,MEK Hussey,SK Raina,0,0,,,,,,lbw,CL White,,
416241,2009/10,2009-11-08,Nehru Stadium,2,36.4,Australia,India,AC Voges,MEK Hussey,SK Raina,0,0,,,,,,,,,
416241,2009/10,2009-11-08,Nehru Stadium,2,36.5,Australia,India,AC Voges,MEK Hussey,SK Raina,2,0,,,,,,,,,
416241,2009/10,2009-11-08,Nehru Stadium,2,36.6,Australia,India,AC Voges,MEK Hussey,SK Raina,1,0,,,,,,,,,
416241,2009/10,2009-11-08,Nehru Stadium,2,37.1,Australia,India,AC Voges,MEK Hussey,Harbhajan Singh,0,0,,,,,,,,,
416241,2009/10,2009-11-08,Nehru Stadium,2,37.2,Australia,India,AC Voges,MEK Hussey,Harbhajan Singh,0,0,,,,,,,,,
416241,2009/10,2009-11-08,Nehru Stadium,2,37.3,Australia,India,AC Voges,MEK Hussey,Harbhajan Singh,0,0,,,,,,,,,
416241,2009/10,2009-11-08,Nehru Stadium,2,37.4,Australia,India,AC Voges,MEK Hussey,Harbhajan Singh,0,0,,,,,,,,,
416241,2009/10,2009-11-08,Nehru Stadium,2,37.5,Australia,India,AC Voges,MEK Hussey,Harbhajan Singh,0,0,,,,,,,,,
416241,2009/10,2009-11-08,Nehru Stadium,2,37.6,Australia,India,AC Voges,MEK Hussey,Harbhajan Singh,0,0,,,,,,,,,
416241,2009/10,2009-11-08,Nehru Stadium,2,38.1,Australia,India,MEK Hussey,AC Voges,SK Raina,1,0,,,,,,,,,
416241,2009/10,2009-11-08,Nehru Stadium,2,38.2,Australia,India,AC Voges,MEK Hussey,SK Raina,0,0,,,,,,,,,
416241,2009/10,2009-11-08,Nehru Stadium,2,38.3,Australia,India,AC Voges,MEK Hussey,SK Raina,4,0,,,,,,,,,
416241,2009/10,2009-11-08,Nehru Stadium,2,38.4,Australia,India,AC Voges,MEK Hussey,SK Raina,0,0,,,,,,,,,
416241,2009/10,2009-11-08,Nehru Stadium,2,38.5,Australia,India,AC Voges,MEK Hussey,SK Raina,0,0,,,,,,,,,
416241,2009/10,2009-11-08,Nehru Stadium,2,38.6,Australia,India,AC Voges,MEK Hussey,SK Raina,0,0,,,,,,,,,
416241,2009/10,2009-11-08,Nehru Stadium,2,39.1,Australia,India,MEK Hussey,AC Voges,Yuvraj Singh,0,0,,,,,,,,,
416241,2009/10,2009-11-08,Nehru Stadium,2,39.2,Australia,India,MEK Hussey,AC Voges,Yuvraj Singh,1,0,,,,,,,,,
416241,2009/10,2009-11-08,Nehru Stadium,2,39.3,Australia,India,AC Voges,MEK Hussey,Yuvraj Singh,1,0,,,,,,,,,
416241,2009/10,2009-11-08,Nehru Stadium,2,39.4,Australia,India,MEK Hussey,AC Voges,Yuvraj Singh,1,0,,,,,,,,,
416241,2009/10,2009-11-08,Nehru Stadium,2,39.5,Australia,India,AC Voges,MEK Hussey,Yuvraj Singh,4,0,,,,,,,,,
416241,2009/10,2009-11-08,Nehru Stadium,2,39.6,Australia,India,AC Voges,MEK Hussey,Yuvraj Singh,0,0,,,,,,,,,
416241,2009/10,2009-11-08,Nehru Stadium,2,40.1,Australia,India,MEK Hussey,AC Voges,Harbhajan Singh,0,0,,,,,,,,,
416241,2009/10,2009-11-08,Nehru Stadium,2,40.2,Australia,India,MEK Hussey,AC Voges,Harbhajan Singh,0,0,,,,,,,,,
416241,2009/10,2009-11-08,Nehru Stadium,2,40.3,Australia,India,MEK Hussey,AC Voges,Harbhajan Singh,1,0,,,,,,,,,
416241,2009/10,2009-11-08,Nehru Stadium,2,40.4,Australia,India,AC Voges,MEK Hussey,Harbhajan Singh,1,0,,,,,,,,,
416241,2009/10,2009-11-08,Nehru Stadium,2,40.5,Australia,India,MEK Hussey,AC Voges,Harbhajan Singh,0,0,,,,,,,,,
416241,2009/10,2009-11-08,Nehru Stadium,2,40.6,Australia,India,MEK Hussey,AC Voges,Harbhajan Singh,1,0,,,,,,,,,
416241,2009/10,2009-11-08,Nehru Stadium,2,41.1,Australia,India,MEK Hussey,AC Voges,SR Tendulkar,0,0,,,,,,,,,
416241,2009/10,2009-11-08,Nehru Stadium,2,41.2,Australia,India,MEK Hussey,AC Voges,SR Tendulkar,1,0,,,,,,,,,
416241,2009/10,2009-11-08,Nehru Stadium,2,41.3,Australia,India,AC Voges,MEK Hussey,SR Tendulkar,2,0,,,,,,,,,
416241,2009/10,2009-11-08,Nehru Stadium,2,41.4,Australia,India,AC Voges,MEK Hussey,SR Tendulkar,4,0,,,,,,,,,
416241,2009/10,2009-11-08,Nehru Stadium,2,41.5,Australia,India,AC Voges,MEK Hussey,SR Tendulkar,4,0,,,,,,,,,
