match_id,season,start_date,venue,innings,ball,batting_team,bowling_team,striker,non_striker,bowler,runs_off_bat,extras,wides,noballs,byes,legbyes,penalty,wicket_type,player_dismissed,other_wicket_type,other_player_dismissed
423783,2009/10,2010-02-05,McLean Park,1,0.1,New Zealand,Bangladesh,BB McCullum,PJ Ingram,Shahadat Hossain,0,0,,,,,,,,,
423783,2009/10,2010-02-05,McLean Park,1,0.2,New Zealand,Bangladesh,BB McCullum,PJ Ingram,Shahadat Hossain,0,0,,,,,,,,,
423783,2009/10,2010-02-05,McLean Park,1,0.3,New Zealand,Bangladesh,BB McCullum,PJ Ingram,Shahadat Hossain,0,0,,,,,,,,,
423783,2009/10,2010-02-05,McLean Park,1,0.4,New Zealand,Bangladesh,BB McCullum,PJ Ingram,Shahadat Hossain,0,0,,,,,,,,,
423783,2009/10,2010-02-05,McLean Park,1,0.5,New Zealand,Bangladesh,BB McCullum,PJ Ingram,Shahadat Hossain,0,0,,,,,,,,,
423783,2009/10,2010-02-05,McLean Park,1,0.6,New Zealand,Bangladesh,BB McCullum,PJ Ingram,Shahadat Hossain,0,0,,,,,,,,,
423783,2009/10,2010-02-05,McLean Park,1,1.1,New Zealand,Bangladesh,PJ Ingram,BB McCullum,Nazmul Hossain,0,0,,,,,,,,,
423783,2009/10,2010-02-05,McLean Park,1,1.2,New Zealand,Bangladesh,PJ Ingram,BB McCullum,Nazmul Hossain,0,0,,,,,,,,,
423783,2009/10,2010-02-05,McLean Park,1,1.3,New Zealand,Bangladesh,PJ Ingram,BB McCullum,Nazmul Hossain,0,0,,,,,,,,,
423783,2009/10,2010-02-05,McLean Park,1,1.4,New Zealand,Bangladesh,PJ Ingram,BB McCullum,Nazmul Hossain,0,1,,,,1,,,,,
423783,2009/10,2010-02-05,McLean Park,1,1.5,New Zealand,Bangladesh,BB McCullum,PJ Ingram,Nazmul Hossain,0,0,,,,,,,,,
423783,2009/10,2010-02-05,McLean Park,1,1.6,New Zealand,Bangladesh,BB McCullum,PJ Ingram,Nazmul Hossain,0,0,,,,,,,,,
423783,2009/10,2010-02-05,McLean Park,1,2.1,New Zealand,Bangladesh,PJ Ingram,BB McCullum,Shahadat Hossain,0,0,,,,,,,,,
423783,2009/10,2010-02-05,McLean Park,1,2.2,New Zealand,Bangladesh,PJ Ingram,BB McCullum,Shahadat Hossain,0,0,,,,,,,,,
423783,2009/10,2010-02-05,McLean Park,1,2.3,New Zealand,Bangladesh,PJ Ingram,BB McCullum,Shahadat Hossain,0,0,,,,,,,,,
423783,2009/10,2010-02-05,McLean Park,1,2.4,New Zealand,Bangladesh,PJ Ingram,BB McCullum,Shahadat Hossain,0,0,,,,,,,,,
423783,2009/10,2010-02-05,McLean Park,1,2.5,New Zealand,Bangladesh,PJ Ingram,BB McCullum,Shahadat Hossain,0,0,,,,,,,,,
423783,2009/10,2010-02-05,McLean Park,1,2.6,New Zealand,Bangladesh,PJ Ingram,BB McCullum,Shahadat Hossain,0,0,,,,,,,,,
423783,2009/10,2010-02-05,McLean Park,1,3.1,New Zealand,Bangladesh,BB McCullum,PJ Ingram,Nazmul Hossain,0,0,,,,,,run out,BB McCullum,,
423783,2009/10,2010-02-05,McLean Park,1,3.2,New Zealand,Bangladesh,PJ Ingram,MJ Guptill,Nazmul Hossain,0,0,,,,,,,,,
423783,2009/10,2010-02-05,McLean Park,1,3.3,New Zealand,Bangladesh,PJ Ingram,MJ Guptill,Nazmul Hossain,0,0,,,,,,,,,
423783,2009/10,2010-02-05,McLean Park,1,3.4,New Zealand,Bangladesh,PJ Ingram,MJ Guptill,Nazmul Hossain,1,0,,,,,,,,,
423783,2009/10,2010-02-05,McLean Park,1,3.5,New Zealand,Bangladesh,MJ Guptill,PJ Ingram,Nazmul Hossain,0,0,,,,,,,,,
423783,2009/10,2010-02-05,McLean Park,1,3.6,New Zealand,Bangladesh,MJ Guptill,PJ Ingram,Nazmul Hossain,0,0,,,,,,,,,
423783,2009/10,2010-02-05,McLean Park,1,4.1,New Zealand,Bangladesh,PJ Ingram,MJ Guptill,Shahadat Hossain,3,0,,,,,,,,,
423783,2009/10,2010-02-05,McLean Park,1,4.2,New Zealand,Bangladesh,MJ Guptill,PJ Ingram,Shahadat Hossain,0,0,,,,,,,,,
423783,2009/10,2010-02-05,McLean Park,1,4.3,New Zealand,Bangladesh,MJ Guptill,PJ Ingram,Shahadat Hossain,1,0,,,,,,,,,
423783,2009/10,2010-02-05,McLean Park,1,4.4,New Zealand,Bangladesh,PJ Ingram,MJ Guptill,Shahadat Hossain,0,0,,,,,,,,,
423783,2009/10,2010-02-05,McLean Park,1,4.5,New Zealand,Bangladesh,PJ Ingram,MJ Guptill,Shahadat Hossain,0,0,,,,,,,,,
423783,2009/10,2010-02-05,McLean Park,1,4.6,New Zealand,Bangladesh,PJ Ingram,MJ Guptill,Shahadat Hossain,0,0,,,,,,,,,
423783,2009/10,2010-02-05,McLean Park,1,5.1,New Zealand,Bangladesh,MJ Guptill,PJ Ingram,Nazmul Hossain,1,0,,,,,,,,,
423783,2009/10,2010-02-05,McLean Park,1,5.2,New Zealand,Bangladesh,PJ Ingram,MJ Guptill,Nazmul Hossain,4,0,,,,,,,,,
423783,2009/10,2010-02-05,McLean Park,1,5.3,New Zealand,Bangladesh,PJ Ingram,MJ Guptill,Nazmul Hossain,4,0,,,,,,,,,
423783,2009/10,2010-02-05,McLean Park,1,5.4,New Zealand,Bangladesh,PJ Ingram,MJ Guptill,Nazmul Hossain,0,0,,,,,,,,,
423783,2009/10,2010-02-05,McLean Park,1,5.5,New Zealand,Bangladesh,PJ Ingram,MJ Guptill,Nazmul Hossain,4,0,,,,,,,,,
423783,2009/10,2010-02-05,McLean Park,1,5.6,New Zealand,Bangladesh,PJ Ingram,MJ Guptill,Nazmul Hossain,0,0,,,,,,,,,
423783,2009/10,2010-02-05,McLean Park,1,6.1,New Zealand,Bangladesh,MJ Guptill,PJ Ingram,Shahadat Hossain,0,0,,,,,,,,,
423783,2009/10,2010-02-05,McLean Park,1,6.2,New Zealand,Bangladesh,MJ Guptill,PJ Ingram,Shahadat Hossain,0,0,,,,,,,,,
423783,2009/10,2010-02-05,McLean Park,1,6.3,New Zealand,Bangladesh,MJ Guptill,PJ Ingram,Shahadat Hossain,0,0,,,,,,caught,MJ Guptill,,
423783,2009/10,2010-02-05,McLean Park,1,6.4,New Zealand,Bangladesh,LRPL Taylor,PJ Ingram,Shahadat Hossain,0,1,1,,,,,,,,
423783,2009/10,2010-02-05,McLean Park,1,6.5,New Zealand,Bangladesh,LRPL Taylor,PJ Ingram,Shahadat Hossain,0,0,,,,,,,,,
423783,2009/10,2010-02-05,McLean Park,1,6.6,New Zealand,Bangladesh,LRPL Taylor,PJ Ingram,Shahadat Hossain,4,0,,,,,,,,,
423783,2009/10,2010-02-05,McLean Park,1,6.7,New Zealand,Bangladesh,LRPL Taylor,PJ Ingram,Shahadat Hossain,0,0,,,,,,,,,
423783,2009/10,2010-02-05,McLean Park,1,7.1,New Zealand,Bangladesh,PJ Ingram,LRPL Taylor,Nazmul Hossain,0,0,,,,,,,,,
423783,2009/10,2010-02-05,McLean Park,1,7.2,New Zealand,Bangladesh,PJ Ingram,LRPL Taylor,Nazmul Hossain,0,0,,,,,,,,,
423783,2009/10,2010-02-05,McLean Park,1,7.3,New Zealand,Bangladesh,PJ Ingram,LRPL Taylor,Nazmul Hossain,1,0,,,,,,,,,
423783,2009/10,2010-02-05,McLean Park,1,7.4,New Zealand,Bangladesh,LRPL Taylor,PJ Ingram,Nazmul Hossain,0,0,,,,,,,,,
423783,2009/10,2010-02-05,McLean Park,1,7.5,New Zealand,Bangladesh,LRPL Taylor,PJ Ingram,Nazmul Hossain,0,0,,,,,,,,,
423783,2009/10,2010-02-05,McLean Park,1,7.6,New Zealand,Bangladesh,LRPL Taylor,PJ Ingram,Nazmul Hossain,0,0,,,,,,,,,
423783,2009/10,2010-02-05,McLean Park,1,8.1,New Zealand,Bangladesh,PJ Ingram,LRPL Taylor,Shahadat Hossain,4,0,,,,,,,,,
423783,2009/10,2010-02-05,McLean Park,1,8.2,New Zealand,Bangladesh,PJ Ingram,LRPL Taylor,Shahadat Hossain,0,0,,,,,,,,,
423783,2009/10,2010-02-05,McLean Park,1,8.3,New Zealand,Bangladesh,PJ Ingram,LRPL Taylor,Shahadat Hossain,1,0,,,,,,,,,
423783,2009/10,2010-02-05,McLean Park,1,8.4,New Zealand,Bangladesh,LRPL Taylor,PJ Ingram,Shahadat Hossain,0,0,,,,,,,,,
423783,2009/10,2010-02-05,McLean Park,1,8.5,New Zealand,Bangladesh,LRPL Taylor,PJ Ingram,Shahadat Hossain,0,0,,,,,,,,,
423783,2009/10,2010-02-05,McLean Park,1,8.6,New Zealand,Bangladesh,LRPL Taylor,PJ Ingram,Shahadat Hossain,0,1,1,,,,,,,,
423783,2009/10,2010-02-05,McLean Park,1,8.7,New Zealand,Bangladesh,LRPL Taylor,PJ Ingram,Shahadat Hossain,0,0,,,,,,,,,
423783,2009/10,2010-02-05,McLean Park,1,9.1,New Zealand,Bangladesh,PJ Ingram,LRPL Taylor,Nazmul Hossain,0,0,,,,,,,,,
423783,2009/10,2010-02-05,McLean Park,1,9.2,New Zealand,Bangladesh,PJ Ingram,LRPL Taylor,Nazmul Hossain,0,0,,,,,,,,,
423783,2009/10,2010-02-05,McLean Park,1,9.3,New Zealand,Bangladesh,PJ Ingram,LRPL Taylor,Nazmul Hossain,0,0,,,,,,,,,
423783,2009/10,2010-02-05,McLean Park,1,9.4,New Zealand,Bangladesh,PJ Ingram,LRPL Taylor,Nazmul Hossain,2,0,,,,,,,,,
423783,2009/10,2010-02-05,McLean Park,1,9.5,New Zealand,Bangladesh,PJ Ingram,LRPL Taylor,Nazmul Hossain,4,0,,,,,,,,,
423783,2009/10,2010-02-05,McLean Park,1,9.6,New Zealand,Bangladesh,PJ Ingram,LRPL Taylor,Nazmul Hossain,0,0,,,,,,,,,
423783,2009/10,2010-02-05,McLean Park,1,10.1,New Zealand,Bangladesh,LRPL Taylor,PJ Ingram,Shafiul Islam,0,0,,,,,,,,,
423783,2009/10,2010-02-05,McLean Park,1,10.2,New Zealand,Bangladesh,LRPL Taylor,PJ Ingram,Shafiul Islam,4,0,,,,,,,,,
423783,2009/10,2010-02-05,McLean Park,1,10.3,New Zealand,Bangladesh,LRPL Taylor,PJ Ingram,Shafiul Islam,4,0,,,,,,,,,
423783,2009/10,2010-02-05,McLean Park,1,10.4,New Zealand,Bangladesh,LRPL Taylor,PJ Ingram,Shafiul Islam,0,0,,,,,,,,,
423783,2009/10,2010-02-05,McLean Park,1,10.5,New Zealand,Bangladesh,LRPL Taylor,PJ Ingram,Shafiul Islam,0,0,,,,,,,,,
423783,2009/10,2010-02-05,McLean Park,1,10.6,New Zealand,Bangladesh,LRPL Taylor,PJ Ingram,Shafiul Islam,2,0,,,,,,,,,
423783,2009/10,2010-02-05,McLean Park,1,11.1,New Zealand,Bangladesh,PJ Ingram,LRPL Taylor,Shakib Al Hasan,4,0,,,,,,,,,
423783,2009/10,2010-02-05,McLean Park,1,11.2,New Zealand,Bangladesh,PJ Ingram,LRPL Taylor,Shakib Al Hasan,1,0,,,,,,,,,
423783,2009/10,2010-02-05,McLean Park,1,11.3,New Zealand,Bangladesh,LRPL Taylor,PJ Ingram,Shakib Al Hasan,0,0,,,,,,,,,
423783,2009/10,2010-02-05,McLean Park,1,11.4,New Zealand,Bangladesh,LRPL Taylor,PJ Ingram,Shakib Al Hasan,1,0,,,,,,,,,
423783,2009/10,2010-02-05,McLean Park,1,11.5,New Zealand,Bangladesh,PJ Ingram,LRPL Taylor,Shakib Al Hasan,1,0,,,,,,,,,
423783,2009/10,2010-02-05,McLean Park,1,11.6,New Zealand,Bangladesh,LRPL Taylor,PJ Ingram,Shakib Al Hasan,0,0,,,,,,,,,
423783,2009/10,2010-02-05,McLean Park,1,12.1,New Zealand,Bangladesh,PJ Ingram,LRPL Taylor,Shafiul Islam,2,0,,,,,,,,,
423783,2009/10,2010-02-05,McLean Park,1,12.2,New Zealand,Bangladesh,PJ Ingram,LRPL Taylor,Shafiul Islam,0,0,,,,,,,,,
423783,2009/10,2010-02-05,McLean Park,1,12.3,New Zealand,Bangladesh,PJ Ingram,LRPL Taylor,Shafiul Islam,4,0,,,,,,,,,
423783,2009/10,2010-02-05,McLean Park,1,12.4,New Zealand,Bangladesh,PJ Ingram,LRPL Taylor,Shafiul Islam,0,0,,,,,,,,,
423783,2009/10,2010-02-05,McLean Park,1,12.5,New Zealand,Bangladesh,PJ Ingram,LRPL Taylor,Shafiul Islam,1,0,,,,,,,,,
423783,2009/10,2010-02-05,McLean Park,1,12.6,New Zealand,Bangladesh,LRPL Taylor,PJ Ingram,Shafiul Islam,1,0,,,,,,,,,
423783,2009/10,2010-02-05,McLean Park,1,13.1,New Zealand,Bangladesh,LRPL Taylor,PJ Ingram,Shakib Al Hasan,6,0,,,,,,,,,
423783,2009/10,2010-02-05,McLean Park,1,13.2,New Zealand,Bangladesh,LRPL Taylor,PJ Ingram,Shakib Al Hasan,0,0,,,,,,,,,
423783,2009/10,2010-02-05,McLean Park,1,13.3,New Zealand,Bangladesh,LRPL Taylor,PJ Ingram,Shakib Al Hasan,0,0,,,,,,,,,
423783,2009/10,2010-02-05,McLean Park,1,13.4,New Zealand,Bangladesh,LRPL Taylor,PJ Ingram,Shakib Al Hasan,1,0,,,,,,,,,
423783,2009/10,2010-02-05,McLean Park,1,13.5,New Zealand,Bangladesh,PJ Ingram,LRPL Taylor,Shakib Al Hasan,0,0,,,,,,,,,
423783,2009/10,2010-02-05,McLean Park,1,13.6,New Zealand,Bangladesh,PJ Ingram,LRPL Taylor,Shakib Al Hasan,0,0,,,,,,,,,
423783,2009/10,2010-02-05,McLean Park,1,14.1,New Zealand,Bangladesh,LRPL Taylor,PJ Ingram,Nazmul Hossain,1,0,,,,,,,,,
423783,2009/10,2010-02-05,McLean Park,1,14.2,New Zealand,Bangladesh,PJ Ingram,LRPL Taylor,Nazmul Hossain,4,0,,,,,,,,,
423783,2009/10,2010-02-05,McLean Park,1,14.3,New Zealand,Bangladesh,PJ Ingram,LRPL Taylor,Nazmul Hossain,4,0,,,,,,,,,
423783,2009/10,2010-02-05,McLean Park,1,14.4,New Zealand,Bangladesh,PJ Ingram,LRPL Taylor,Nazmul Hossain,0,0,,,,,,,,,
423783,2009/10,2010-02-05,McLean Park,1,14.5,New Zealand,Bangladesh,PJ Ingram,LRPL Taylor,Nazmul Hossain,0,0,,,,,,,,,
423783,2009/10,2010-02-05,McLean Park,1,14.6,New Zealand,Bangladesh,PJ Ingram,LRPL Taylor,Nazmul Hossain,1,0,,,,,,,,,
423783,2009/10,2010-02-05,McLean Park,1,15.1,New Zealand,Bangladesh,PJ Ingram,LRPL Taylor,Shakib Al Hasan,0,0,,,,,,,,,
423783,2009/10,2010-02-05,McLean Park,1,15.2,New Zealand,Bangladesh,PJ Ingram,LRPL Taylor,Shakib Al Hasan,2,0,,,,,,,,,
423783,2009/10,2010-02-05,McLean Park,1,15.3,New Zealand,Bangladesh,PJ Ingram,LRPL Taylor,Shakib Al Hasan,1,0,,,,,,,,,
423783,2009/10,2010-02-05,McLean Park,1,15.4,New Zealand,Bangladesh,LRPL Taylor,PJ Ingram,Shakib Al Hasan,0,0,,,,,,,,,
423783,2009/10,2010-02-05,McLean Park,1,15.5,New Zealand,Bangladesh,LRPL Taylor,PJ Ingram,Shakib Al Hasan,0,0,,,,,,,,,
423783,2009/10,2010-02-05,McLean Park,1,15.6,New Zealand,Bangladesh,LRPL Taylor,PJ Ingram,Shakib Al Hasan,1,0,,,,,,,,,
423783,2009/10,2010-02-05,McLean Park,1,16.1,New Zealand,Bangladesh,LRPL Taylor,PJ Ingram,Naeem Islam,1,0,,,,,,,,,
423783,2009/10,2010-02-05,McLean Park,1,16.2,New Zealand,Bangladesh,PJ Ingram,LRPL Taylor,Naeem Islam,0,0,,,,,,,,,
423783,2009/10,2010-02-05,McLean Park,1,16.3,New Zealand,Bangladesh,PJ Ingram,LRPL Taylor,Naeem Islam,1,0,,,,,,,,,
423783,2009/10,2010-02-05,McLean Park,1,16.4,New Zealand,Bangladesh,LRPL Taylor,PJ Ingram,Naeem Islam,1,0,,,,,,,,,
423783,2009/10,2010-02-05,McLean Park,1,16.5,New Zealand,Bangladesh,PJ Ingram,LRPL Taylor,Naeem Islam,1,0,,,,,,,,,
423783,2009/10,2010-02-05,McLean Park,1,16.6,New Zealand,Bangladesh,LRPL Taylor,PJ Ingram,Naeem Islam,1,0,,,,,,,,,
423783,2009/10,2010-02-05,McLean Park,1,17.1,New Zealand,Bangladesh,LRPL Taylor,PJ Ingram,Shakib Al Hasan,6,0,,,,,,,,,
423783,2009/10,2010-02-05,McLean Park,1,17.2,New Zealand,Bangladesh,LRPL Taylor,PJ Ingram,Shakib Al Hasan,0,1,,,1,,,,,,
423783,2009/10,2010-02-05,McLean Park,1,17.3,New Zealand,Bangladesh,PJ Ingram,LRPL Taylor,Shakib Al Hasan,0,0,,,,,,,,,
423783,2009/10,2010-02-05,McLean Park,1,17.4,New Zealand,Bangladesh,PJ Ingram,LRPL Taylor,Shakib Al Hasan,1,0,,,,,,,,,
423783,2009/10,2010-02-05,McLean Park,1,17.5,New Zealand,Bangladesh,LRPL Taylor,PJ Ingram,Shakib Al Hasan,1,0,,,,,,,,,
423783,2009/10,2010-02-05,McLean Park,1,17.6,New Zealand,Bangladesh,PJ Ingram,LRPL Taylor,Shakib Al Hasan,0,0,,,,,,,,,
423783,2009/10,2010-02-05,McLean Park,1,18.1,New Zealand,Bangladesh,LRPL Taylor,PJ Ingram,Naeem Islam,1,0,,,,,,,,,
423783,2009/10,2010-02-05,McLean Park,1,18.2,New Zealand,Bangladesh,PJ Ingram,LRPL Taylor,Naeem Islam,0,0,,,,,,,,,
423783,2009/10,2010-02-05,McLean Park,1,18.3,New Zealand,Bangladesh,PJ Ingram,LRPL Taylor,Naeem Islam,1,0,,,,,,,,,
423783,2009/10,2010-02-05,McLean Park,1,18.4,New Zealand,Bangladesh,LRPL Taylor,PJ Ingram,Naeem Islam,0,0,,,,,,,,,
423783,2009/10,2010-02-05,McLean Park,1,18.5,New Zealand,Bangladesh,LRPL Taylor,PJ Ingram,Naeem Islam,1,0,,,,,,,,,
423783,2009/10,2010-02-05,McLean Park,1,18.6,New Zealand,Bangladesh,PJ Ingram,LRPL Taylor,Naeem Islam,1,0,,,,,,,,,
423783,2009/10,2010-02-05,McLean Park,1,19.1,New Zealand,Bangladesh,PJ Ingram,LRPL Taylor,Shafiul Islam,0,0,,,,,,,,,
423783,2009/10,2010-02-05,McLean Park,1,19.2,New Zealand,Bangladesh,PJ Ingram,LRPL Taylor,Shafiul Islam,1,0,,,,,,,,,
423783,2009/10,2010-02-05,McLean Park,1,19.3,New Zealand,Bangladesh,LRPL Taylor,PJ Ingram,Shafiul Islam,1,0,,,,,,,,,
423783,2009/10,2010-02-05,McLean Park,1,19.4,New Zealand,Bangladesh,PJ Ingram,LRPL Taylor,Shafiul Islam,0,0,,,,,,,,,
423783,2009/10,2010-02-05,McLean Park,1,19.5,New Zealand,Bangladesh,PJ Ingram,LRPL Taylor,Shafiul Islam,2,0,,,,,,,,,
423783,2009/10,2010-02-05,McLean Park,1,19.6,New Zealand,Bangladesh,PJ Ingram,LRPL Taylor,Shafiul Islam,1,0,,,,,,,,,
423783,2009/10,2010-02-05,McLean Park,1,20.1,New Zealand,Bangladesh,PJ Ingram,LRPL Taylor,Naeem Islam,1,0,,,,,,,,,
423783,2009/10,2010-02-05,McLean Park,1,20.2,New Zealand,Bangladesh,LRPL Taylor,PJ Ingram,Naeem Islam,2,0,,,,,,,,,
423783,2009/10,2010-02-05,McLean Park,1,20.3,New Zealand,Bangladesh,LRPL Taylor,PJ Ingram,Naeem Islam,1,0,,,,,,,,,
423783,2009/10,2010-02-05,McLean Park,1,20.4,New Zealand,Bangladesh,PJ Ingram,LRPL Taylor,Naeem Islam,0,0,,,,,,,,,
423783,2009/10,2010-02-05,McLean Park,1,20.5,New Zealand,Bangladesh,PJ Ingram,LRPL Taylor,Naeem Islam,1,0,,,,,,,,,
423783,2009/10,2010-02-05,McLean Park,1,20.6,New Zealand,Bangladesh,LRPL Taylor,PJ Ingram,Naeem Islam,0,0,,,,,,,,,
423783,2009/10,2010-02-05,McLean Park,1,21.1,New Zealand,Bangladesh,PJ Ingram,LRPL Taylor,Shafiul Islam,1,0,,,,,,,,,
423783,2009/10,2010-02-05,McLean Park,1,21.2,New Zealand,Bangladesh,LRPL Taylor,PJ Ingram,Shafiul Islam,1,0,,,,,,,,,
423783,2009/10,2010-02-05,McLean Park,1,21.3,New Zealand,Bangladesh,PJ Ingram,LRPL Taylor,Shafiul Islam,0,0,,,,,,,,,
423783,2009/10,2010-02-05,McLean Park,1,21.4,New Zealand,Bangladesh,PJ Ingram,LRPL Taylor,Shafiul Islam,2,0,,,,,,,,,
423783,2009/10,2010-02-05,McLean Park,1,21.5,New Zealand,Bangladesh,PJ Ingram,LRPL Taylor,Shafiul Islam,2,0,,,,,,,,,
423783,2009/10,2010-02-05,McLean Park,1,21.6,New Zealand,Bangladesh,PJ Ingram,LRPL Taylor,Shafiul Islam,0,0,,,,,,caught,PJ Ingram,,
423783,2009/10,2010-02-05,McLean Park,1,22.1,New Zealand,Bangladesh,JEC Franklin,LRPL Taylor,Naeem Islam,0,0,,,,,,,,,
423783,2009/10,2010-02-05,McLean Park,1,22.2,New Zealand,Bangladesh,JEC Franklin,LRPL Taylor,Naeem Islam,0,0,,,,,,,,,
423783,2009/10,2010-02-05,McLean Park,1,22.3,New Zealand,Bangladesh,JEC Franklin,LRPL Taylor,Naeem Islam,1,0,,,,,,,,,
423783,2009/10,2010-02-05,McLean Park,1,22.4,New Zealand,Bangladesh,LRPL Taylor,JEC Franklin,Naeem Islam,0,0,,,,,,,,,
423783,2009/10,2010-02-05,McLean Park,1,22.5,New Zealand,Bangladesh,LRPL Taylor,JEC Franklin,Naeem Islam,1,0,,,,,,,,,
423783,2009/10,2010-02-05,McLean Park,1,22.6,New Zealand,Bangladesh,JEC Franklin,LRPL Taylor,Naeem Islam,1,0,,,,,,,,,
423783,2009/10,2010-02-05,McLean Park,1,23.1,New Zealand,Bangladesh,JEC Franklin,LRPL Taylor,Shafiul Islam,0,0,,,,,,,,,
423783,2009/10,2010-02-05,McLean Park,1,23.2,New Zealand,Bangladesh,JEC Franklin,LRPL Taylor,Shafiul Islam,0,0,,,,,,caught,JEC Franklin,,
423783,2009/10,2010-02-05,McLean Park,1,23.3,New Zealand,Bangladesh,NT Broom,LRPL Taylor,Shafiul Islam,2,0,,,,,,,,,
423783,2009/10,2010-02-05,McLean Park,1,23.4,New Zealand,Bangladesh,NT Broom,LRPL Taylor,Shafiul Islam,0,0,,,,,,,,,
423783,2009/10,2010-02-05,McLean Park,1,23.5,New Zealand,Bangladesh,NT Broom,LRPL Taylor,Shafiul Islam,0,1,1,,,,,,,,
423783,2009/10,2010-02-05,McLean Park,1,23.6,New Zealand,Bangladesh,NT Broom,LRPL Taylor,Shafiul Islam,0,0,,,,,,,,,
423783,2009/10,2010-02-05,McLean Park,1,23.7,New Zealand,Bangladesh,NT Broom,LRPL Taylor,Shafiul Islam,0,0,,,,,,,,,
423783,2009/10,2010-02-05,McLean Park,1,24.1,New Zealand,Bangladesh,LRPL Taylor,NT Broom,Naeem Islam,1,0,,,,,,,,,
423783,2009/10,2010-02-05,McLean Park,1,24.2,New Zealand,Bangladesh,NT Broom,LRPL Taylor,Naeem Islam,1,0,,,,,,,,,
423783,2009/10,2010-02-05,McLean Park,1,24.3,New Zealand,Bangladesh,LRPL Taylor,NT Broom,Naeem Islam,1,0,,,,,,,,,
423783,2009/10,2010-02-05,McLean Park,1,24.4,New Zealand,Bangladesh,NT Broom,LRPL Taylor,Naeem Islam,1,0,,,,,,,,,
423783,2009/10,2010-02-05,McLean Park,1,24.5,New Zealand,Bangladesh,LRPL Taylor,NT Broom,Naeem Islam,1,0,,,,,,,,,
423783,2009/10,2010-02-05,McLean Park,1,24.6,New Zealand,Bangladesh,NT Broom,LRPL Taylor,Naeem Islam,1,0,,,,,,,,,
423783,2009/10,2010-02-05,McLean Park,1,25.1,New Zealand,Bangladesh,NT Broom,LRPL Taylor,Shafiul Islam,1,0,,,,,,,,,
423783,2009/10,2010-02-05,McLean Park,1,25.2,New Zealand,Bangladesh,LRPL Taylor,NT Broom,Shafiul Islam,0,0,,,,,,,,,
423783,2009/10,2010-02-05,McLean Park,1,25.3,New Zealand,Bangladesh,LRPL Taylor,NT Broom,Shafiul Islam,4,0,,,,,,,,,
423783,2009/10,2010-02-05,McLean Park,1,25.4,New Zealand,Bangladesh,LRPL Taylor,NT Broom,Shafiul Islam,0,0,,,,,,,,,
423783,2009/10,2010-02-05,McLean Park,1,25.5,New Zealand,Bangladesh,LRPL Taylor,NT Broom,Shafiul Islam,0,0,,,,,,,,,
423783,2009/10,2010-02-05,McLean Park,1,25.6,New Zealand,Bangladesh,LRPL Taylor,NT Broom,Shafiul Islam,1,0,,,,,,,,,
423783,2009/10,2010-02-05,McLean Park,1,26.1,New Zealand,Bangladesh,LRPL Taylor,NT Broom,Naeem Islam,0,0,,,,,,caught,LRPL Taylor,,
423783,2009/10,2010-02-05,McLean Park,1,26.2,New Zealand,Bangladesh,NT Broom,DL Vettori,Naeem Islam,0,0,,,,,,,,,
423783,2009/10,2010-02-05,McLean Park,1,26.3,New Zealand,Bangladesh,NT Broom,DL Vettori,Naeem Islam,1,0,,,,,,,,,
423783,2009/10,2010-02-05,McLean Park,1,26.4,New Zealand,Bangladesh,DL Vettori,NT Broom,Naeem Islam,1,0,,,,,,,,,
423783,2009/10,2010-02-05,McLean Park,1,26.5,New Zealand,Bangladesh,NT Broom,DL Vettori,Naeem Islam,4,0,,,,,,,,,
423783,2009/10,2010-02-05,McLean Park,1,26.6,New Zealand,Bangladesh,NT Broom,DL Vettori,Naeem Islam,0,0,,,,,,,,,
423783,2009/10,2010-02-05,McLean Park,1,27.1,New Zealand,Bangladesh,DL Vettori,NT Broom,Shafiul Islam,0,0,,,,,,,,,
423783,2009/10,2010-02-05,McLean Park,1,27.2,New Zealand,Bangladesh,DL Vettori,NT Broom,Shafiul Islam,1,0,,,,,,,,,
423783,2009/10,2010-02-05,McLean Park,1,27.3,New Zealand,Bangladesh,NT Broom,DL Vettori,Shafiul Islam,1,0,,,,,,,,,
423783,2009/10,2010-02-05,McLean Park,1,27.4,New Zealand,Bangladesh,DL Vettori,NT Broom,Shafiul Islam,1,0,,,,,,,,,
423783,2009/10,2010-02-05,McLean Park,1,27.5,New Zealand,Bangladesh,NT Broom,DL Vettori,Shafiul Islam,1,0,,,,,,,,,
423783,2009/10,2010-02-05,McLean Park,1,27.6,New Zealand,Bangladesh,DL Vettori,NT Broom,Shafiul Islam,0,0,,,,,,,,,
423783,2009/10,2010-02-05,McLean Park,1,28.1,New Zealand,Bangladesh,NT Broom,DL Vettori,Naeem Islam,0,0,,,,,,,,,
423783,2009/10,2010-02-05,McLean Park,1,28.2,New Zealand,Bangladesh,NT Broom,DL Vettori,Naeem Islam,0,0,,,,,,,,,
423783,2009/10,2010-02-05,McLean Park,1,28.3,New Zealand,Bangladesh,NT Broom,DL Vettori,Naeem Islam,1,0,,,,,,,,,
423783,2009/10,2010-02-05,McLean Park,1,28.4,New Zealand,Bangladesh,DL Vettori,NT Broom,Naeem Islam,6,0,,,,,,,,,
423783,2009/10,2010-02-05,McLean Park,1,28.5,New Zealand,Bangladesh,DL Vettori,NT Broom,Naeem Islam,1,0,,,,,,,,,
423783,2009/10,2010-02-05,McLean Park,1,28.6,New Zealand,Bangladesh,NT Broom,DL Vettori,Naeem Islam,0,0,,,,,,,,,
423783,2009/10,2010-02-05,McLean Park,1,29.1,New Zealand,Bangladesh,DL Vettori,NT Broom,Shahadat Hossain,0,0,,,,,,,,,
423783,2009/10,2010-02-05,McLean Park,1,29.2,New Zealand,Bangladesh,DL Vettori,NT Broom,Shahadat Hossain,2,0,,,,,,,,,
423783,2009/10,2010-02-05,McLean Park,1,29.3,New Zealand,Bangladesh,DL Vettori,NT Broom,Shahadat Hossain,1,0,,,,,,,,,
423783,2009/10,2010-02-05,McLean Park,1,29.4,New Zealand,Bangladesh,NT Broom,DL Vettori,Shahadat Hossain,1,0,,,,,,,,,
423783,2009/10,2010-02-05,McLean Park,1,29.5,New Zealand,Bangladesh,DL Vettori,NT Broom,Shahadat Hossain,1,0,,,,,,,,,
423783,2009/10,2010-02-05,McLean Park,1,29.6,New Zealand,Bangladesh,NT Broom,DL Vettori,Shahadat Hossain,0,0,,,,,,,,,
423783,2009/10,2010-02-05,McLean Park,1,30.1,New Zealand,Bangladesh,DL Vettori,NT Broom,Naeem Islam,1,0,,,,,,,,,
423783,2009/10,2010-02-05,McLean Park,1,30.2,New Zealand,Bangladesh,NT Broom,DL Vettori,Naeem Islam,0,0,,,,,,,,,
423783,2009/10,2010-02-05,McLean Park,1,30.3,New Zealand,Bangladesh,NT Broom,DL Vettori,Naeem Islam,2,0,,,,,,,,,
423783,2009/10,2010-02-05,McLean Park,1,30.4,New Zealand,Bangladesh,NT Broom,DL Vettori,Naeem Islam,1,0,,,,,,,,,
423783,2009/10,2010-02-05,McLean Park,1,30.5,New Zealand,Bangladesh,DL Vettori,NT Broom,Naeem Islam,0,0,,,,,,,,,
423783,2009/10,2010-02-05,McLean Park,1,30.6,New Zealand,Bangladesh,DL Vettori,NT Broom,Naeem Islam,4,0,,,,,,,,,
423783,2009/10,2010-02-05,McLean Park,1,31.1,New Zealand,Bangladesh,NT Broom,DL Vettori,Shahadat Hossain,1,0,,,,,,,,,
423783,2009/10,2010-02-05,McLean Park,1,31.2,New Zealand,Bangladesh,DL Vettori,NT Broom,Shahadat Hossain,1,0,,,,,,,,,
423783,2009/10,2010-02-05,McLean Park,1,31.3,New Zealand,Bangladesh,NT Broom,DL Vettori,Shahadat Hossain,0,0,,,,,,,,,
423783,2009/10,2010-02-05,McLean Park,1,31.4,New Zealand,Bangladesh,NT Broom,DL Vettori,Shahadat Hossain,0,0,,,,,,,,,
423783,2009/10,2010-02-05,McLean Park,1,31.5,New Zealand,Bangladesh,NT Broom,DL Vettori,Shahadat Hossain,1,0,,,,,,,,,
423783,2009/10,2010-02-05,McLean Park,1,31.6,New Zealand,Bangladesh,DL Vettori,NT Broom,Shahadat Hossain,1,0,,,,,,,,,
423783,2009/10,2010-02-05,McLean Park,1,32.1,New Zealand,Bangladesh,DL Vettori,NT Broom,Naeem Islam,1,0,,,,,,,,,
423783,2009/10,2010-02-05,McLean Park,1,32.2,New Zealand,Bangladesh,NT Broom,DL Vettori,Naeem Islam,1,0,,,,,,,,,
423783,2009/10,2010-02-05,McLean Park,1,32.3,New Zealand,Bangladesh,DL Vettori,NT Broom,Naeem Islam,1,0,,,,,,,,,
423783,2009/10,2010-02-05,McLean Park,1,32.4,New Zealand,Bangladesh,NT Broom,DL Vettori,Naeem Islam,0,0,,,,,,,,,
423783,2009/10,2010-02-05,McLean Park,1,32.5,New Zealand,Bangladesh,NT Broom,DL Vettori,Naeem Islam,0,0,,,,,,,,,
423783,2009/10,2010-02-05,McLean Park,1,32.6,New Zealand,Bangladesh,NT Broom,DL Vettori,Naeem Islam,1,0,,,,,,,,,
423783,2009/10,2010-02-05,McLean Park,1,33.1,New Zealand,Bangladesh,NT Broom,DL Vettori,Shakib Al Hasan,0,0,,,,,,,,,
423783,2009/10,2010-02-05,McLean Park,1,33.2,New Zealand,Bangladesh,NT Broom,DL Vettori,Shakib Al Hasan,0,0,,,,,,,,,
423783,2009/10,2010-02-05,McLean Park,1,33.3,New Zealand,Bangladesh,NT Broom,DL Vettori,Shakib Al Hasan,1,0,,,,,,,,,
423783,2009/10,2010-02-05,McLean Park,1,33.4,New Zealand,Bangladesh,DL Vettori,NT Broom,Shakib Al Hasan,2,0,,,,,,,,,
423783,2009/10,2010-02-05,McLean Park,1,33.5,New Zealand,Bangladesh,DL Vettori,NT Broom,Shakib Al Hasan,4,0,,,,,,,,,
423783,2009/10,2010-02-05,McLean Park,1,33.6,New Zealand,Bangladesh,DL Vettori,NT Broom,Shakib Al Hasan,1,0,,,,,,,,,
423783,2009/10,2010-02-05,McLean Park,1,34.1,New Zealand,Bangladesh,DL Vettori,NT Broom,Naeem Islam,0,0,,,,,,,,,
423783,2009/10,2010-02-05,McLean Park,1,34.2,New Zealand,Bangladesh,DL Vettori,NT Broom,Naeem Islam,0,0,,,,,,,,,
423783,2009/10,2010-02-05,McLean Park,1,34.3,New Zealand,Bangladesh,DL Vettori,NT Broom,Naeem Islam,1,0,,,,,,,,,
423783,2009/10,2010-02-05,McLean Park,1,34.4,New Zealand,Bangladesh,NT Broom,DL Vettori,Naeem Islam,0,0,,,,,,,,,
423783,2009/10,2010-02-05,McLean Park,1,34.5,New Zealand,Bangladesh,NT Broom,DL Vettori,Naeem Islam,1,0,,,,,,,,,
423783,2009/10,2010-02-05,McLean Park,1,34.6,New Zealand,Bangladesh,DL Vettori,NT Broom,Naeem Islam,0,0,,,,,,,,,
423783,2009/10,2010-02-05,McLean Park,1,35.1,New Zealand,Bangladesh,NT Broom,DL Vettori,Shakib Al Hasan,1,0,,,,,,,,,
423783,2009/10,2010-02-05,McLean Park,1,35.2,New Zealand,Bangladesh,DL Vettori,NT Broom,Shakib Al Hasan,1,0,,,,,,,,,
423783,2009/10,2010-02-05,McLean Park,1,35.3,New Zealand,Bangladesh,NT Broom,DL Vettori,Shakib Al Hasan,0,0,,,,,,,,,
423783,2009/10,2010-02-05,McLean Park,1,35.4,New Zealand,Bangladesh,NT Broom,DL Vettori,Shakib Al Hasan,0,0,,,,,,,,,
423783,2009/10,2010-02-05,McLean Park,1,35.5,New Zealand,Bangladesh,NT Broom,DL Vettori,Shakib Al Hasan,1,0,,,,,,,,,
423783,2009/10,2010-02-05,McLean Park,1,35.6,New Zealand,Bangladesh,DL Vettori,NT Broom,Shakib Al Hasan,0,0,,,,,,stumped,DL Vettori,,
423783,2009/10,2010-02-05,McLean Park,1,36.1,New Zealand,Bangladesh,NT Broom,JDP Oram,Mahmudullah,0,0,,,,,,,,,
423783,2009/10,2010-02-05,McLean Park,1,36.2,New Zealand,Bangladesh,NT Broom,JDP Oram,Mahmudullah,1,0,,,,,,,,,
423783,2009/10,2010-02-05,McLean Park,1,36.3,New Zealand,Bangladesh,JDP Oram,NT Broom,Mahmudullah,1,0,,,,,,,,,
423783,2009/10,2010-02-05,McLean Park,1,36.4,New Zealand,Bangladesh,NT Broom,JDP Oram,Mahmudullah,1,0,,,,,,,,,
423783,2009/10,2010-02-05,McLean Park,1,36.5,New Zealand,Bangladesh,JDP Oram,NT Broom,Mahmudullah,3,0,,,,,,,,,
423783,2009/10,2010-02-05,McLean Park,1,36.6,New Zealand,Bangladesh,NT Broom,JDP Oram,Mahmudullah,1,0,,,,,,,,,
423783,2009/10,2010-02-05,McLean Park,1,37.1,New Zealand,Bangladesh,NT Broom,JDP Oram,Shakib Al Hasan,1,0,,,,,,,,,
423783,2009/10,2010-02-05,McLean Park,1,37.2,New Zealand,Bangladesh,JDP Oram,NT Broom,Shakib Al Hasan,0,0,,,,,,,,,
423783,2009/10,2010-02-05,McLean Park,1,37.3,New Zealand,Bangladesh,JDP Oram,NT Broom,Shakib Al Hasan,1,0,,,,,,,,,
423783,2009/10,2010-02-05,McLean Park,1,37.4,New Zealand,Bangladesh,NT Broom,JDP Oram,Shakib Al Hasan,2,0,,,,,,,,,
423783,2009/10,2010-02-05,McLean Park,1,37.5,New Zealand,Bangladesh,NT Broom,JDP Oram,Shakib Al Hasan,0,0,,,,,,,,,
423783,2009/10,2010-02-05,McLean Park,1,37.6,New Zealand,Bangladesh,NT Broom,JDP Oram,Shakib Al Hasan,1,0,,,,,,,,,
423783,2009/10,2010-02-05,McLean Park,1,38.1,New Zealand,Bangladesh,NT Broom,JDP Oram,Mahmudullah,1,0,,,,,,,,,
423783,2009/10,2010-02-05,McLean Park,1,38.2,New Zealand,Bangladesh,JDP Oram,NT Broom,Mahmudullah,1,0,,,,,,,,,
423783,2009/10,2010-02-05,McLean Park,1,38.3,New Zealand,Bangladesh,NT Broom,JDP Oram,Mahmudullah,1,0,,,,,,,,,
423783,2009/10,2010-02-05,McLean Park,1,38.4,New Zealand,Bangladesh,JDP Oram,NT Broom,Mahmudullah,0,0,,,,,,,,,
423783,2009/10,2010-02-05,McLean Park,1,38.5,New Zealand,Bangladesh,JDP Oram,NT Broom,Mahmudullah,0,0,,,,,,,,,
423783,2009/10,2010-02-05,McLean Park,1,38.6,New Zealand,Bangladesh,JDP Oram,NT Broom,Mahmudullah,1,0,,,,,,,,,
423783,2009/10,2010-02-05,McLean Park,1,39.1,New Zealand,Bangladesh,JDP Oram,NT Broom,Shakib Al Hasan,0,0,,,,,,,,,
423783,2009/10,2010-02-05,McLean Park,1,39.2,New Zealand,Bangladesh,JDP Oram,NT Broom,Shakib Al Hasan,0,0,,,,,,,,,
423783,2009/10,2010-02-05,McLean Park,1,39.3,New Zealand,Bangladesh,JDP Oram,NT Broom,Shakib Al Hasan,1,0,,,,,,,,,
423783,2009/10,2010-02-05,McLean Park,1,39.4,New Zealand,Bangladesh,NT Broom,JDP Oram,Shakib Al Hasan,1,0,,,,,,,,,
423783,2009/10,2010-02-05,McLean Park,1,39.5,New Zealand,Bangladesh,JDP Oram,NT Broom,Shakib Al Hasan,1,0,,,,,,,,,
423783,2009/10,2010-02-05,McLean Park,1,39.6,New Zealand,Bangladesh,NT Broom,JDP Oram,Shakib Al Hasan,0,0,,,,,,,,,
423783,2009/10,2010-02-05,McLean Park,1,40.1,New Zealand,Bangladesh,JDP Oram,NT Broom,Mahmudullah,4,0,,,,,,,,,
423783,2009/10,2010-02-05,McLean Park,1,40.2,New Zealand,Bangladesh,JDP Oram,NT Broom,Mahmudullah,1,0,,,,,,,,,
423783,2009/10,2010-02-05,McLean Park,1,40.3,New Zealand,Bangladesh,NT Broom,JDP Oram,Mahmudullah,1,0,,,,,,,,,
423783,2009/10,2010-02-05,McLean Park,1,40.4,New Zealand,Bangladesh,JDP Oram,NT Broom,Mahmudullah,0,1,,,,1,,,,,
423783,2009/10,2010-02-05,McLean Park,1,40.5,New Zealand,Bangladesh,NT Broom,JDP Oram,Mahmudullah,1,0,,,,,,,,,
423783,2009/10,2010-02-05,McLean Park,1,40.6,New Zealand,Bangladesh,JDP Oram,NT Broom,Mahmudullah,0,0,,,,,,,,,
423783,2009/10,2010-02-05,McLean Park,1,41.1,New Zealand,Bangladesh,NT Broom,JDP Oram,Nazmul Hossain,1,0,,,,,,,,,
423783,2009/10,2010-02-05,McLean Park,1,41.2,New Zealand,Bangladesh,JDP Oram,NT Broom,Nazmul Hossain,4,0,,,,,,,,,
423783,2009/10,2010-02-05,McLean Park,1,41.3,New Zealand,Bangladesh,JDP Oram,NT Broom,Nazmul Hossain,0,0,,,,,,,,,
423783,2009/10,2010-02-05,McLean Park,1,41.4,New Zealand,Bangladesh,JDP Oram,NT Broom,Nazmul Hossain,1,0,,,,,,,,,
423783,2009/10,2010-02-05,McLean Park,1,41.5,New Zealand,Bangladesh,NT Broom,JDP Oram,Nazmul Hossain,4,0,,,,,,,,,
423783,2009/10,2010-02-05,McLean Park,1,41.6,New Zealand,Bangladesh,NT Broom,JDP Oram,Nazmul Hossain,1,0,,,,,,,,,
423783,2009/10,2010-02-05,McLean Park,1,42.1,New Zealand,Bangladesh,NT Broom,JDP Oram,Shahadat Hossain,0,0,,,,,,,,,
423783,2009/10,2010-02-05,McLean Park,1,42.2,New Zealand,Bangladesh,NT Broom,JDP Oram,Shahadat Hossain,0,0,,,,,,,,,
423783,2009/10,2010-02-05,McLean Park,1,42.3,New Zealand,Bangladesh,NT Broom,JDP Oram,Shahadat Hossain,4,0,,,,,,,,,
423783,2009/10,2010-02-05,McLean Park,1,42.4,New Zealand,Bangladesh,NT Broom,JDP Oram,Shahadat Hossain,1,0,,,,,,,,,
423783,2009/10,2010-02-05,McLean Park,1,42.5,New Zealand,Bangladesh,JDP Oram,NT Broom,Shahadat Hossain,1,0,,,,,,,,,
423783,2009/10,2010-02-05,McLean Park,1,42.6,New Zealand,Bangladesh,NT Broom,JDP Oram,Shahadat Hossain,1,0,,,,,,,,,
423783,2009/10,2010-02-05,McLean Park,1,43.1,New Zealand,Bangladesh,NT Broom,JDP Oram,Nazmul Hossain,1,0,,,,,,,,,
423783,2009/10,2010-02-05,McLean Park,1,43.2,New Zealand,Bangladesh,JDP Oram,NT Broom,Nazmul Hossain,4,0,,,,,,,,,
423783,2009/10,2010-02-05,McLean Park,1,43.3,New Zealand,Bangladesh,JDP Oram,NT Broom,Nazmul Hossain,0,1,1,,,,,,,,
423783,2009/10,2010-02-05,McLean Park,1,43.4,New Zealand,Bangladesh,JDP Oram,NT Broom,Nazmul Hossain,6,0,,,,,,,,,
423783,2009/10,2010-02-05,McLean Park,1,43.5,New Zealand,Bangladesh,JDP Oram,NT Broom,Nazmul Hossain,2,0,,,,,,,,,
423783,2009/10,2010-02-05,McLean Park,1,43.6,New Zealand,Bangladesh,JDP Oram,NT Broom,Nazmul Hossain,4,0,,,,,,,,,
423783,2009/10,2010-02-05,McLean Park,1,43.7,New Zealand,Bangladesh,JDP Oram,NT Broom,Nazmul Hossain,4,0,,,,,,,,,
423783,2009/10,2010-02-05,McLean Park,1,44.1,New Zealand,Bangladesh,NT Broom,JDP Oram,Shakib Al Hasan,0,0,,,,,,,,,
423783,2009/10,2010-02-05,McLean Park,1,44.2,New Zealand,Bangladesh,NT Broom,JDP Oram,Shakib Al Hasan,4,0,,,,,,,,,
423783,2009/10,2010-02-05,McLean Park,1,44.3,New Zealand,Bangladesh,NT Broom,JDP Oram,Shakib Al Hasan,1,0,,,,,,,,,
423783,2009/10,2010-02-05,McLean Park,1,44.4,New Zealand,Bangladesh,JDP Oram,NT Broom,Shakib Al Hasan,2,0,,,,,,,,,
423783,2009/10,2010-02-05,McLean Park,1,44.5,New Zealand,Bangladesh,JDP Oram,NT Broom,Shakib Al Hasan,6,0,,,,,,,,,
423783,2009/10,2010-02-05,McLean Park,1,44.6,New Zealand,Bangladesh,JDP Oram,NT Broom,Shakib Al Hasan,4,0,,,,,,,,,
423783,2009/10,2010-02-05,McLean Park,1,45.1,New Zealand,Bangladesh,NT Broom,JDP Oram,Shafiul Islam,4,0,,,,,,,,,
423783,2009/10,2010-02-05,McLean Park,1,45.2,New Zealand,Bangladesh,NT Broom,JDP Oram,Shafiul Islam,0,1,1,,,,,,,,
423783,2009/10,2010-02-05,McLean Park,1,45.3,New Zealand,Bangladesh,NT Broom,JDP Oram,Shafiul Islam,1,0,,,,,,,,,
423783,2009/10,2010-02-05,McLean Park,1,45.4,New Zealand,Bangladesh,JDP Oram,NT Broom,Shafiul Islam,1,0,,,,,,,,,
423783,2009/10,2010-02-05,McLean Park,1,45.5,New Zealand,Bangladesh,NT Broom,JDP Oram,Shafiul Islam,1,0,,,,,,,,,
423783,2009/10,2010-02-05,McLean Park,1,45.6,New Zealand,Bangladesh,JDP Oram,NT Broom,Shafiul Islam,0,1,1,,,,,,,,
423783,2009/10,2010-02-05,McLean Park,1,45.7,New Zealand,Bangladesh,JDP Oram,NT Broom,Shafiul Islam,1,0,,,,,,,,,
423783,2009/10,2010-02-05,McLean Park,1,45.8,New Zealand,Bangladesh,NT Broom,JDP Oram,Shafiul Islam,4,0,,,,,,,,,
423783,2009/10,2010-02-05,McLean Park,1,46.1,New Zealand,Bangladesh,JDP Oram,NT Broom,Shahadat Hossain,0,1,1,,,,,,,,
423783,2009/10,2010-02-05,McLean Park,1,46.2,New Zealand,Bangladesh,JDP Oram,NT Broom,Shahadat Hossain,0,1,1,,,,,,,,
423783,2009/10,2010-02-05,McLean Park,1,46.3,New Zealand,Bangladesh,JDP Oram,NT Broom,Shahadat Hossain,6,0,,,,,,,,,
423783,2009/10,2010-02-05,McLean Park,1,46.4,New Zealand,Bangladesh,JDP Oram,NT Broom,Shahadat Hossain,0,1,1,,,,,,,,
423783,2009/10,2010-02-05,McLean Park,1,46.5,New Zealand,Bangladesh,JDP Oram,NT Broom,Shahadat Hossain,6,0,,,,,,,,,
423783,2009/10,2010-02-05,McLean Park,1,46.6,New Zealand,Bangladesh,JDP Oram,NT Broom,Shahadat Hossain,1,0,,,,,,,,,
423783,2009/10,2010-02-05,McLean Park,1,46.7,New Zealand,Bangladesh,NT Broom,JDP Oram,Shahadat Hossain,4,0,,,,,,,,,
423783,2009/10,2010-02-05,McLean Park,1,46.8,New Zealand,Bangladesh,NT Broom,JDP Oram,Shahadat Hossain,1,0,,,,,,,,,
423783,2009/10,2010-02-05,McLean Park,1,46.9,New Zealand,Bangladesh,JDP Oram,NT Broom,Shahadat Hossain,4,0,,,,,,,,,
423783,2009/10,2010-02-05,McLean Park,1,47.1,New Zealand,Bangladesh,NT Broom,JDP Oram,Shafiul Islam,0,0,,,,,,run out,NT Broom,,
423783,2009/10,2010-02-05,McLean Park,1,47.2,New Zealand,Bangladesh,TG Southee,JDP Oram,Shafiul Islam,0,0,,,,,,,,,
423783,2009/10,2010-02-05,McLean Park,1,47.3,New Zealand,Bangladesh,TG Southee,JDP Oram,Shafiul Islam,0,0,,,,,,bowled,TG Southee,,
423783,2009/10,2010-02-05,McLean Park,1,47.4,New Zealand,Bangladesh,DR Tuffey,JDP Oram,Shafiul Islam,0,0,,,,,,,,,
423783,2009/10,2010-02-05,McLean Park,1,47.5,New Zealand,Bangladesh,DR Tuffey,JDP Oram,Shafiul Islam,0,0,,,,,,,,,
423783,2009/10,2010-02-05,McLean Park,1,47.6,New Zealand,Bangladesh,DR Tuffey,JDP Oram,Shafiul Islam,4,0,,,,,,,,,
423783,2009/10,2010-02-05,McLean Park,1,48.1,New Zealand,Bangladesh,JDP Oram,DR Tuffey,Nazmul Hossain,0,1,1,,,,,,,,
423783,2009/10,2010-02-05,McLean Park,1,48.2,New Zealand,Bangladesh,JDP Oram,DR Tuffey,Nazmul Hossain,0,0,,,,,,,,,
423783,2009/10,2010-02-05,McLean Park,1,48.3,New Zealand,Bangladesh,JDP Oram,DR Tuffey,Nazmul Hossain,1,0,,,,,,,,,
423783,2009/10,2010-02-05,McLean Park,1,48.4,New Zealand,Bangladesh,DR Tuffey,JDP Oram,Nazmul Hossain,1,0,,,,,,,,,
423783,2009/10,2010-02-05,McLean Park,1,48.5,New Zealand,Bangladesh,JDP Oram,DR Tuffey,Nazmul Hossain,4,0,,,,,,,,,
423783,2009/10,2010-02-05,McLean Park,1,48.6,New Zealand,Bangladesh,JDP Oram,DR Tuffey,Nazmul Hossain,6,0,,,,,,,,,
423783,2009/10,2010-02-05,McLean Park,1,48.7,New Zealand,Bangladesh,JDP Oram,DR Tuffey,Nazmul Hossain,1,0,,,,,,,,,
423783,2009/10,2010-02-05,McLean Park,1,49.1,New Zealand,Bangladesh,JDP Oram,DR Tuffey,Shafiul Islam,0,0,,,,,,bowled,JDP Oram,,
423783,2009/10,2010-02-05,McLean Park,1,49.2,New Zealand,Bangladesh,AJ McKay,DR Tuffey,Shafiul Islam,1,0,,,,,,,,,
423783,2009/10,2010-02-05,McLean Park,1,49.3,New Zealand,Bangladesh,DR Tuffey,AJ McKay,Shafiul Islam,2,0,,,,,,,,,
423783,2009/10,2010-02-05,McLean Park,1,49.4,New Zealand,Bangladesh,DR Tuffey,AJ McKay,Shafiul Islam,2,0,,,,,,,,,
423783,2009/10,2010-02-05,McLean Park,1,49.5,New Zealand,Bangladesh,DR Tuffey,AJ McKay,Shafiul Islam,1,0,,,,,,,,,
423783,2009/10,2010-02-05,McLean Park,1,49.6,New Zealand,Bangladesh,AJ McKay,DR Tuffey,Shafiul Islam,2,0,,,,,,,,,
423783,2009/10,2010-02-05,McLean Park,2,0.1,Bangladesh,New Zealand,Tamim Iqbal,Imrul Kayes,DR Tuffey,0,0,,,,,,,,,
423783,2009/10,2010-02-05,McLean Park,2,0.2,Bangladesh,New Zealand,Tamim Iqbal,Imrul Kayes,DR Tuffey,4,0,,,,,,,,,
423783,2009/10,2010-02-05,McLean Park,2,0.3,Bangladesh,New Zealand,Tamim Iqbal,Imrul Kayes,DR Tuffey,0,0,,,,,,,,,
423783,2009/10,2010-02-05,McLean Park,2,0.4,Bangladesh,New Zealand,Tamim Iqbal,Imrul Kayes,DR Tuffey,0,0,,,,,,,,,
423783,2009/10,2010-02-05,McLean Park,2,0.5,Bangladesh,New Zealand,Tamim Iqbal,Imrul Kayes,DR Tuffey,4,0,,,,,,,,,
423783,2009/10,2010-02-05,McLean Park,2,0.6,Bangladesh,New Zealand,Tamim Iqbal,Imrul Kayes,DR Tuffey,0,0,,,,,,,,,
423783,2009/10,2010-02-05,McLean Park,2,1.1,Bangladesh,New Zealand,Imrul Kayes,Tamim Iqbal,TG Southee,4,0,,,,,,,,,
423783,2009/10,2010-02-05,McLean Park,2,1.2,Bangladesh,New Zealand,Imrul Kayes,Tamim Iqbal,TG Southee,0,0,,,,,,,,,
423783,2009/10,2010-02-05,McLean Park,2,1.3,Bangladesh,New Zealand,Imrul Kayes,Tamim Iqbal,TG Southee,0,0,,,,,,,,,
423783,2009/10,2010-02-05,McLean Park,2,1.4,Bangladesh,New Zealand,Imrul Kayes,Tamim Iqbal,TG Southee,1,0,,,,,,,,,
423783,2009/10,2010-02-05,McLean Park,2,1.5,Bangladesh,New Zealand,Tamim Iqbal,Imrul Kayes,TG Southee,0,0,,,,,,,,,
423783,2009/10,2010-02-05,McLean Park,2,1.6,Bangladesh,New Zealand,Tamim Iqbal,Imrul Kayes,TG Southee,0,0,,,,,,,,,
423783,2009/10,2010-02-05,McLean Park,2,2.1,Bangladesh,New Zealand,Imrul Kayes,Tamim Iqbal,DR Tuffey,0,0,,,,,,,,,
423783,2009/10,2010-02-05,McLean Park,2,2.2,Bangladesh,New Zealand,Imrul Kayes,Tamim Iqbal,DR Tuffey,4,0,,,,,,,,,
423783,2009/10,2010-02-05,McLean Park,2,2.3,Bangladesh,New Zealand,Imrul Kayes,Tamim Iqbal,DR Tuffey,1,0,,,,,,,,,
423783,2009/10,2010-02-05,McLean Park,2,2.4,Bangladesh,New Zealand,Tamim Iqbal,Imrul Kayes,DR Tuffey,4,0,,,,,,,,,
423783,2009/10,2010-02-05,McLean Park,2,2.5,Bangladesh,New Zealand,Tamim Iqbal,Imrul Kayes,DR Tuffey,0,0,,,,,,,,,
423783,2009/10,2010-02-05,McLean Park,2,2.6,Bangladesh,New Zealand,Tamim Iqbal,Imrul Kayes,DR Tuffey,0,0,,,,,,,,,
423783,2009/10,2010-02-05,McLean Park,2,3.1,Bangladesh,New Zealand,Imrul Kayes,Tamim Iqbal,TG Southee,0,0,,,,,,,,,
423783,2009/10,2010-02-05,McLean Park,2,3.2,Bangladesh,New Zealand,Imrul Kayes,Tamim Iqbal,TG Southee,0,0,,,,,,,,,
423783,2009/10,2010-02-05,McLean Park,2,3.3,Bangladesh,New Zealand,Imrul Kayes,Tamim Iqbal,TG Southee,0,0,,,,,,,,,
423783,2009/10,2010-02-05,McLean Park,2,3.4,Bangladesh,New Zealand,Imrul Kayes,Tamim Iqbal,TG Southee,6,0,,,,,,,,,
423783,2009/10,2010-02-05,McLean Park,2,3.5,Bangladesh,New Zealand,Imrul Kayes,Tamim Iqbal,TG Southee,0,0,,,,,,,,,
423783,2009/10,2010-02-05,McLean Park,2,3.6,Bangladesh,New Zealand,Imrul Kayes,Tamim Iqbal,TG Southee,0,0,,,,,,,,,
423783,2009/10,2010-02-05,McLean Park,2,4.1,Bangladesh,New Zealand,Tamim Iqbal,Imrul Kayes,DR Tuffey,1,0,,,,,,,,,
423783,2009/10,2010-02-05,McLean Park,2,4.2,Bangladesh,New Zealand,Imrul Kayes,Tamim Iqbal,DR Tuffey,0,0,,,,,,,,,
423783,2009/10,2010-02-05,McLean Park,2,4.3,Bangladesh,New Zealand,Imrul Kayes,Tamim Iqbal,DR Tuffey,0,0,,,,,,,,,
423783,2009/10,2010-02-05,McLean Park,2,4.4,Bangladesh,New Zealand,Imrul Kayes,Tamim Iqbal,DR Tuffey,0,0,,,,,,,,,
423783,2009/10,2010-02-05,McLean Park,2,4.5,Bangladesh,New Zealand,Imrul Kayes,Tamim Iqbal,DR Tuffey,0,0,,,,,,,,,
423783,2009/10,2010-02-05,McLean Park,2,4.6,Bangladesh,New Zealand,Imrul Kayes,Tamim Iqbal,DR Tuffey,6,0,,,,,,,,,
423783,2009/10,2010-02-05,McLean Park,2,5.1,Bangladesh,New Zealand,Tamim Iqbal,Imrul Kayes,TG Southee,0,0,,,,,,,,,
423783,2009/10,2010-02-05,McLean Park,2,5.2,Bangladesh,New Zealand,Tamim Iqbal,Imrul Kayes,TG Southee,0,0,,,,,,,,,
423783,2009/10,2010-02-05,McLean Park,2,5.3,Bangladesh,New Zealand,Tamim Iqbal,Imrul Kayes,TG Southee,0,0,,,,,,,,,
423783,2009/10,2010-02-05,McLean Park,2,5.4,Bangladesh,New Zealand,Tamim Iqbal,Imrul Kayes,TG Southee,1,0,,,,,,,,,
423783,2009/10,2010-02-05,McLean Park,2,5.5,Bangladesh,New Zealand,Imrul Kayes,Tamim Iqbal,TG Southee,0,0,,,,,,,,,
423783,2009/10,2010-02-05,McLean Park,2,5.6,Bangladesh,New Zealand,Imrul Kayes,Tamim Iqbal,TG Southee,0,0,,,,,,,,,
423783,2009/10,2010-02-05,McLean Park,2,6.1,Bangladesh,New Zealand,Tamim Iqbal,Imrul Kayes,DR Tuffey,0,0,,,,,,,,,
423783,2009/10,2010-02-05,McLean Park,2,6.2,Bangladesh,New Zealand,Tamim Iqbal,Imrul Kayes,DR Tuffey,0,0,,,,,,,,,
423783,2009/10,2010-02-05,McLean Park,2,6.3,Bangladesh,New Zealand,Tamim Iqbal,Imrul Kayes,DR Tuffey,1,0,,,,,,,,,
423783,2009/10,2010-02-05,McLean Park,2,6.4,Bangladesh,New Zealand,Imrul Kayes,Tamim Iqbal,DR Tuffey,0,0,,,,,,,,,
423783,2009/10,2010-02-05,McLean Park,2,6.5,Bangladesh,New Zealand,Imrul Kayes,Tamim Iqbal,DR Tuffey,1,0,,,,,,,,,
423783,2009/10,2010-02-05,McLean Park,2,6.6,Bangladesh,New Zealand,Tamim Iqbal,Imrul Kayes,DR Tuffey,4,0,,,,,,,,,
423783,2009/10,2010-02-05,McLean Park,2,7.1,Bangladesh,New Zealand,Imrul Kayes,Tamim Iqbal,TG Southee,0,1,,,,1,,,,,
423783,2009/10,2010-02-05,McLean Park,2,7.2,Bangladesh,New Zealand,Tamim Iqbal,Imrul Kayes,TG Southee,0,0,,,,,,,,,
423783,2009/10,2010-02-05,McLean Park,2,7.3,Bangladesh,New Zealand,Tamim Iqbal,Imrul Kayes,TG Southee,0,5,5,,,,,,,,
423783,2009/10,2010-02-05,McLean Park,2,7.4,Bangladesh,New Zealand,Tamim Iqbal,Imrul Kayes,TG Southee,4,0,,,,,,,,,
423783,2009/10,2010-02-05,McLean Park,2,7.5,Bangladesh,New Zealand,Tamim Iqbal,Imrul Kayes,TG Southee,0,0,,,,,,,,,
423783,2009/10,2010-02-05,McLean Park,2,7.6,Bangladesh,New Zealand,Tamim Iqbal,Imrul Kayes,TG Southee,0,0,,,,,,,,,
423783,2009/10,2010-02-05,McLean Park,2,7.7,Bangladesh,New Zealand,Tamim Iqbal,Imrul Kayes,TG Southee,0,0,,,,,,,,,
423783,2009/10,2010-02-05,McLean Park,2,8.1,Bangladesh,New Zealand,Imrul Kayes,Tamim Iqbal,AJ McKay,0,0,,,,,,,,,
423783,2009/10,2010-02-05,McLean Park,2,8.2,Bangladesh,New Zealand,Imrul Kayes,Tamim Iqbal,AJ McKay,4,0,,,,,,,,,
423783,2009/10,2010-02-05,McLean Park,2,8.3,Bangladesh,New Zealand,Imrul Kayes,Tamim Iqbal,AJ McKay,1,0,,,,,,,,,
423783,2009/10,2010-02-05,McLean Park,2,8.4,Bangladesh,New Zealand,Tamim Iqbal,Imrul Kayes,AJ McKay,0,0,,,,,,,,,
423783,2009/10,2010-02-05,McLean Park,2,8.5,Bangladesh,New Zealand,Tamim Iqbal,Imrul Kayes,AJ McKay,1,0,,,,,,,,,
423783,2009/10,2010-02-05,McLean Park,2,8.6,Bangladesh,New Zealand,Imrul Kayes,Tamim Iqbal,AJ McKay,0,1,1,,,,,,,,
423783,2009/10,2010-02-05,McLean Park,2,8.7,Bangladesh,New Zealand,Imrul Kayes,Tamim Iqbal,AJ McKay,4,0,,,,,,,,,
423783,2009/10,2010-02-05,McLean Park,2,9.1,Bangladesh,New Zealand,Tamim Iqbal,Imrul Kayes,TG Southee,0,0,,,,,,,,,
423783,2009/10,2010-02-05,McLean Park,2,9.2,Bangladesh,New Zealand,Tamim Iqbal,Imrul Kayes,TG Southee,0,0,,,,,,,,,
423783,2009/10,2010-02-05,McLean Park,2,9.3,Bangladesh,New Zealand,Tamim Iqbal,Imrul Kayes,TG Southee,4,0,,,,,,,,,
423783,2009/10,2010-02-05,McLean Park,2,9.4,Bangladesh,New Zealand,Tamim Iqbal,Imrul Kayes,TG Southee,0,0,,,,,,,,,
423783,2009/10,2010-02-05,McLean Park,2,9.5,Bangladesh,New Zealand,Tamim Iqbal,Imrul Kayes,TG Southee,0,0,,,,,,,,,
423783,2009/10,2010-02-05,McLean Park,2,9.6,Bangladesh,New Zealand,Tamim Iqbal,Imrul Kayes,TG Southee,1,0,,,,,,,,,
423783,2009/10,2010-02-05,McLean Park,2,10.1,Bangladesh,New Zealand,Tamim Iqbal,Imrul Kayes,AJ McKay,1,0,,,,,,,,,
423783,2009/10,2010-02-05,McLean Park,2,10.2,Bangladesh,New Zealand,Imrul Kayes,Tamim Iqbal,AJ McKay,1,0,,,,,,,,,
423783,2009/10,2010-02-05,McLean Park,2,10.3,Bangladesh,New Zealand,Tamim Iqbal,Imrul Kayes,AJ McKay,1,0,,,,,,,,,
423783,2009/10,2010-02-05,McLean Park,2,10.4,Bangladesh,New Zealand,Imrul Kayes,Tamim Iqbal,AJ McKay,0,0,,,,,,caught,Imrul Kayes,,
423783,2009/10,2010-02-05,McLean Park,2,10.5,Bangladesh,New Zealand,Mohammad Ashraful,Tamim Iqbal,AJ McKay,0,0,,,,,,,,,
423783,2009/10,2010-02-05,McLean Park,2,10.6,Bangladesh,New Zealand,Mohammad Ashraful,Tamim Iqbal,AJ McKay,0,0,,,,,,,,,
423783,2009/10,2010-02-05,McLean Park,2,11.1,Bangladesh,New Zealand,Tamim Iqbal,Mohammad Ashraful,JDP Oram,0,0,,,,,,,,,
423783,2009/10,2010-02-05,McLean Park,2,11.2,Bangladesh,New Zealand,Tamim Iqbal,Mohammad Ashraful,JDP Oram,1,0,,,,,,,,,
423783,2009/10,2010-02-05,McLean Park,2,11.3,Bangladesh,New Zealand,Mohammad Ashraful,Tamim Iqbal,JDP Oram,0,0,,,,,,,,,
423783,2009/10,2010-02-05,McLean Park,2,11.4,Bangladesh,New Zealand,Mohammad Ashraful,Tamim Iqbal,JDP Oram,4,0,,,,,,,,,
423783,2009/10,2010-02-05,McLean Park,2,11.5,Bangladesh,New Zealand,Mohammad Ashraful,Tamim Iqbal,JDP Oram,0,0,,,,,,,,,
423783,2009/10,2010-02-05,McLean Park,2,11.6,Bangladesh,New Zealand,Mohammad Ashraful,Tamim Iqbal,JDP Oram,0,0,,,,,,,,,
423783,2009/10,2010-02-05,McLean Park,2,12.1,Bangladesh,New Zealand,Tamim Iqbal,Mohammad Ashraful,AJ McKay,0,0,,,,,,,,,
423783,2009/10,2010-02-05,McLean Park,2,12.2,Bangladesh,New Zealand,Tamim Iqbal,Mohammad Ashraful,AJ McKay,0,0,,,,,,,,,
423783,2009/10,2010-02-05,McLean Park,2,12.3,Bangladesh,New Zealand,Tamim Iqbal,Mohammad Ashraful,AJ McKay,0,0,,,,,,,,,
423783,2009/10,2010-02-05,McLean Park,2,12.4,Bangladesh,New Zealand,Tamim Iqbal,Mohammad Ashraful,AJ McKay,0,0,,,,,,,,,
423783,2009/10,2010-02-05,McLean Park,2,12.5,Bangladesh,New Zealand,Tamim Iqbal,Mohammad Ashraful,AJ McKay,0,1,1,,,,,,,,
423783,2009/10,2010-02-05,McLean Park,2,12.6,Bangladesh,New Zealand,Tamim Iqbal,Mohammad Ashraful,AJ McKay,0,0,,,,,,,,,
423783,2009/10,2010-02-05,McLean Park,2,12.7,Bangladesh,New Zealand,Tamim Iqbal,Mohammad Ashraful,AJ McKay,4,0,,,,,,,,,
423783,2009/10,2010-02-05,McLean Park,2,13.1,Bangladesh,New Zealand,Mohammad Ashraful,Tamim Iqbal,JDP Oram,0,0,,,,,,,,,
423783,2009/10,2010-02-05,McLean Park,2,13.2,Bangladesh,New Zealand,Mohammad Ashraful,Tamim Iqbal,JDP Oram,1,0,,,,,,,,,
423783,2009/10,2010-02-05,McLean Park,2,13.3,Bangladesh,New Zealand,Tamim Iqbal,Mohammad Ashraful,JDP Oram,0,0,,,,,,,,,
423783,2009/10,2010-02-05,McLean Park,2,13.4,Bangladesh,New Zealand,Tamim Iqbal,Mohammad Ashraful,JDP Oram,0,0,,,,,,,,,
423783,2009/10,2010-02-05,McLean Park,2,13.5,Bangladesh,New Zealand,Tamim Iqbal,Mohammad Ashraful,JDP Oram,1,0,,,,,,,,,
423783,2009/10,2010-02-05,McLean Park,2,13.6,Bangladesh,New Zealand,Mohammad Ashraful,Tamim Iqbal,JDP Oram,0,0,,,,,,,,,
423783,2009/10,2010-02-05,McLean Park,2,14.1,Bangladesh,New Zealand,Tamim Iqbal,Mohammad Ashraful,AJ McKay,0,0,,,,,,,,,
423783,2009/10,2010-02-05,McLean Park,2,14.2,Bangladesh,New Zealand,Tamim Iqbal,Mohammad Ashraful,AJ McKay,1,0,,,,,,,,,
423783,2009/10,2010-02-05,McLean Park,2,14.3,Bangladesh,New Zealand,Mohammad Ashraful,Tamim Iqbal,AJ McKay,0,0,,,,,,,,,
423783,2009/10,2010-02-05,McLean Park,2,14.4,Bangladesh,New Zealand,Mohammad Ashraful,Tamim Iqbal,AJ McKay,0,0,,,,,,caught,Mohammad Ashraful,,
423783,2009/10,2010-02-05,McLean Park,2,14.5,Bangladesh,New Zealand,Raqibul Hasan,Tamim Iqbal,AJ McKay,0,0,,,,,,,,,
423783,2009/10,2010-02-05,McLean Park,2,14.6,Bangladesh,New Zealand,Raqibul Hasan,Tamim Iqbal,AJ McKay,0,0,,,,,,,,,
423783,2009/10,2010-02-05,McLean Park,2,15.1,Bangladesh,New Zealand,Tamim Iqbal,Raqibul Hasan,DL Vettori,1,0,,,,,,,,,
423783,2009/10,2010-02-05,McLean Park,2,15.2,Bangladesh,New Zealand,Raqibul Hasan,Tamim Iqbal,DL Vettori,1,0,,,,,,,,,
423783,2009/10,2010-02-05,McLean Park,2,15.3,Bangladesh,New Zealand,Tamim Iqbal,Raqibul Hasan,DL Vettori,0,0,,,,,,,,,
423783,2009/10,2010-02-05,McLean Park,2,15.4,Bangladesh,New Zealand,Tamim Iqbal,Raqibul Hasan,DL Vettori,0,0,,,,,,,,,
423783,2009/10,2010-02-05,McLean Park,2,15.5,Bangladesh,New Zealand,Tamim Iqbal,Raqibul Hasan,DL Vettori,0,0,,,,,,,,,
423783,2009/10,2010-02-05,McLean Park,2,15.6,Bangladesh,New Zealand,Tamim Iqbal,Raqibul Hasan,DL Vettori,1,0,,,,,,,,,
423783,2009/10,2010-02-05,McLean Park,2,16.1,Bangladesh,New Zealand,Tamim Iqbal,Raqibul Hasan,AJ McKay,4,0,,,,,,,,,
423783,2009/10,2010-02-05,McLean Park,2,16.2,Bangladesh,New Zealand,Tamim Iqbal,Raqibul Hasan,AJ McKay,1,0,,,,,,,,,
423783,2009/10,2010-02-05,McLean Park,2,16.3,Bangladesh,New Zealand,Raqibul Hasan,Tamim Iqbal,AJ McKay,1,0,,,,,,,,,
423783,2009/10,2010-02-05,McLean Park,2,16.4,Bangladesh,New Zealand,Tamim Iqbal,Raqibul Hasan,AJ McKay,1,0,,,,,,,,,
423783,2009/10,2010-02-05,McLean Park,2,16.5,Bangladesh,New Zealand,Raqibul Hasan,Tamim Iqbal,AJ McKay,0,0,,,,,,,,,
423783,2009/10,2010-02-05,McLean Park,2,16.6,Bangladesh,New Zealand,Raqibul Hasan,Tamim Iqbal,AJ McKay,0,0,,,,,,,,,
423783,2009/10,2010-02-05,McLean Park,2,17.1,Bangladesh,New Zealand,Tamim Iqbal,Raqibul Hasan,DL Vettori,1,0,,,,,,,,,
423783,2009/10,2010-02-05,McLean Park,2,17.2,Bangladesh,New Zealand,Raqibul Hasan,Tamim Iqbal,DL Vettori,0,0,,,,,,,,,
423783,2009/10,2010-02-05,McLean Park,2,17.3,Bangladesh,New Zealand,Raqibul Hasan,Tamim Iqbal,DL Vettori,0,0,,,,,,,,,
423783,2009/10,2010-02-05,McLean Park,2,17.4,Bangladesh,New Zealand,Raqibul Hasan,Tamim Iqbal,DL Vettori,0,0,,,,,,,,,
423783,2009/10,2010-02-05,McLean Park,2,17.5,Bangladesh,New Zealand,Raqibul Hasan,Tamim Iqbal,DL Vettori,1,0,,,,,,,,,
423783,2009/10,2010-02-05,McLean Park,2,17.6,Bangladesh,New Zealand,Tamim Iqbal,Raqibul Hasan,DL Vettori,1,0,,,,,,,,,
423783,2009/10,2010-02-05,McLean Park,2,18.1,Bangladesh,New Zealand,Tamim Iqbal,Raqibul Hasan,JDP Oram,0,0,,,,,,,,,
423783,2009/10,2010-02-05,McLean Park,2,18.2,Bangladesh,New Zealand,Tamim Iqbal,Raqibul Hasan,JDP Oram,0,0,,,,,,,,,
423783,2009/10,2010-02-05,McLean Park,2,18.3,Bangladesh,New Zealand,Tamim Iqbal,Raqibul Hasan,JDP Oram,1,0,,,,,,,,,
423783,2009/10,2010-02-05,McLean Park,2,18.4,Bangladesh,New Zealand,Raqibul Hasan,Tamim Iqbal,JDP Oram,0,0,,,,,,,,,
423783,2009/10,2010-02-05,McLean Park,2,18.5,Bangladesh,New Zealand,Raqibul Hasan,Tamim Iqbal,JDP Oram,0,1,1,,,,,,,,
423783,2009/10,2010-02-05,McLean Park,2,18.6,Bangladesh,New Zealand,Raqibul Hasan,Tamim Iqbal,JDP Oram,1,0,,,,,,,,,
423783,2009/10,2010-02-05,McLean Park,2,18.7,Bangladesh,New Zealand,Tamim Iqbal,Raqibul Hasan,JDP Oram,1,0,,,,,,,,,
423783,2009/10,2010-02-05,McLean Park,2,19.1,Bangladesh,New Zealand,Tamim Iqbal,Raqibul Hasan,DL Vettori,4,0,,,,,,,,,
423783,2009/10,2010-02-05,McLean Park,2,19.2,Bangladesh,New Zealand,Tamim Iqbal,Raqibul Hasan,DL Vettori,1,0,,,,,,,,,
423783,2009/10,2010-02-05,McLean Park,2,19.3,Bangladesh,New Zealand,Raqibul Hasan,Tamim Iqbal,DL Vettori,0,0,,,,,,,,,
423783,2009/10,2010-02-05,McLean Park,2,19.4,Bangladesh,New Zealand,Raqibul Hasan,Tamim Iqbal,DL Vettori,0,0,,,,,,,,,
423783,2009/10,2010-02-05,McLean Park,2,19.5,Bangladesh,New Zealand,Raqibul Hasan,Tamim Iqbal,DL Vettori,3,0,,,,,,,,,
423783,2009/10,2010-02-05,McLean Park,2,19.6,Bangladesh,New Zealand,Tamim Iqbal,Raqibul Hasan,DL Vettori,1,0,,,,,,,,,
423783,2009/10,2010-02-05,McLean Park,2,20.1,Bangladesh,New Zealand,Tamim Iqbal,Raqibul Hasan,JDP Oram,1,0,,,,,,,,,
423783,2009/10,2010-02-05,McLean Park,2,20.2,Bangladesh,New Zealand,Raqibul Hasan,Tamim Iqbal,JDP Oram,1,0,,,,,,,,,
423783,2009/10,2010-02-05,McLean Park,2,20.3,Bangladesh,New Zealand,Tamim Iqbal,Raqibul Hasan,JDP Oram,4,0,,,,,,,,,
423783,2009/10,2010-02-05,McLean Park,2,20.4,Bangladesh,New Zealand,Tamim Iqbal,Raqibul Hasan,JDP Oram,1,0,,,,,,,,,
423783,2009/10,2010-02-05,McLean Park,2,20.5,Bangladesh,New Zealand,Raqibul Hasan,Tamim Iqbal,JDP Oram,0,0,,,,,,,,,
423783,2009/10,2010-02-05,McLean Park,2,20.6,Bangladesh,New Zealand,Raqibul Hasan,Tamim Iqbal,JDP Oram,1,0,,,,,,,,,
423783,2009/10,2010-02-05,McLean Park,2,21.1,Bangladesh,New Zealand,Raqibul Hasan,Tamim Iqbal,DL Vettori,0,0,,,,,,,,,
423783,2009/10,2010-02-05,McLean Park,2,21.2,Bangladesh,New Zealand,Raqibul Hasan,Tamim Iqbal,DL Vettori,0,0,,,,,,lbw,Raqibul Hasan,,
423783,2009/10,2010-02-05,McLean Park,2,21.3,Bangladesh,New Zealand,Shakib Al Hasan,Tamim Iqbal,DL Vettori,0,0,,,,,,,,,
423783,2009/10,2010-02-05,McLean Park,2,21.4,Bangladesh,New Zealand,Shakib Al Hasan,Tamim Iqbal,DL Vettori,1,0,,,,,,,,,
423783,2009/10,2010-02-05,McLean Park,2,21.5,Bangladesh,New Zealand,Tamim Iqbal,Shakib Al Hasan,DL Vettori,0,0,,,,,,caught,Tamim Iqbal,,
423783,2009/10,2010-02-05,McLean Park,2,21.6,Bangladesh,New Zealand,Mushfiqur Rahim,Shakib Al Hasan,DL Vettori,0,0,,,,,,,,,
423783,2009/10,2010-02-05,McLean Park,2,22.1,Bangladesh,New Zealand,Shakib Al Hasan,Mushfiqur Rahim,JDP Oram,0,0,,,,,,,,,
423783,2009/10,2010-02-05,McLean Park,2,22.2,Bangladesh,New Zealand,Shakib Al Hasan,Mushfiqur Rahim,JDP Oram,1,0,,,,,,,,,
423783,2009/10,2010-02-05,McLean Park,2,22.3,Bangladesh,New Zealand,Mushfiqur Rahim,Shakib Al Hasan,JDP Oram,1,0,,,,,,,,,
423783,2009/10,2010-02-05,McLean Park,2,22.4,Bangladesh,New Zealand,Shakib Al Hasan,Mushfiqur Rahim,JDP Oram,1,0,,,,,,,,,
423783,2009/10,2010-02-05,McLean Park,2,22.5,Bangladesh,New Zealand,Mushfiqur Rahim,Shakib Al Hasan,JDP Oram,0,0,,,,,,,,,
423783,2009/10,2010-02-05,McLean Park,2,22.6,Bangladesh,New Zealand,Mushfiqur Rahim,Shakib Al Hasan,JDP Oram,1,0,,,,,,,,,
423783,2009/10,2010-02-05,McLean Park,2,23.1,Bangladesh,New Zealand,Mushfiqur Rahim,Shakib Al Hasan,DL Vettori,2,0,,,,,,,,,
423783,2009/10,2010-02-05,McLean Park,2,23.2,Bangladesh,New Zealand,Mushfiqur Rahim,Shakib Al Hasan,DL Vettori,0,0,,,,,,,,,
423783,2009/10,2010-02-05,McLean Park,2,23.3,Bangladesh,New Zealand,Mushfiqur Rahim,Shakib Al Hasan,DL Vettori,0,0,,,,,,,,,
423783,2009/10,2010-02-05,McLean Park,2,23.4,Bangladesh,New Zealand,Mushfiqur Rahim,Shakib Al Hasan,DL Vettori,0,0,,,,,,,,,
423783,2009/10,2010-02-05,McLean Park,2,23.5,Bangladesh,New Zealand,Mushfiqur Rahim,Shakib Al Hasan,DL Vettori,0,0,,,,,,,,,
423783,2009/10,2010-02-05,McLean Park,2,23.6,Bangladesh,New Zealand,Mushfiqur Rahim,Shakib Al Hasan,DL Vettori,0,0,,,,,,,,,
423783,2009/10,2010-02-05,McLean Park,2,24.1,Bangladesh,New Zealand,Shakib Al Hasan,Mushfiqur Rahim,JDP Oram,0,0,,,,,,,,,
423783,2009/10,2010-02-05,McLean Park,2,24.2,Bangladesh,New Zealand,Shakib Al Hasan,Mushfiqur Rahim,JDP Oram,1,0,,,,,,,,,
423783,2009/10,2010-02-05,McLean Park,2,24.3,Bangladesh,New Zealand,Mushfiqur Rahim,Shakib Al Hasan,JDP Oram,0,0,,,,,,,,,
423783,2009/10,2010-02-05,McLean Park,2,24.4,Bangladesh,New Zealand,Mushfiqur Rahim,Shakib Al Hasan,JDP Oram,0,0,,,,,,,,,
423783,2009/10,2010-02-05,McLean Park,2,24.5,Bangladesh,New Zealand,Mushfiqur Rahim,Shakib Al Hasan,JDP Oram,0,1,,1,,,,,,,
423783,2009/10,2010-02-05,McLean Park,2,24.6,Bangladesh,New Zealand,Mushfiqur Rahim,Shakib Al Hasan,JDP Oram,1,0,,,,,,,,,
423783,2009/10,2010-02-05,McLean Park,2,24.7,Bangladesh,New Zealand,Shakib Al Hasan,Mushfiqur Rahim,JDP Oram,1,0,,,,,,,,,
423783,2009/10,2010-02-05,McLean Park,2,25.1,Bangladesh,New Zealand,Shakib Al Hasan,Mushfiqur Rahim,DL Vettori,1,0,,,,,,,,,
423783,2009/10,2010-02-05,McLean Park,2,25.2,Bangladesh,New Zealand,Mushfiqur Rahim,Shakib Al Hasan,DL Vettori,0,0,,,,,,,,,
423783,2009/10,2010-02-05,McLean Park,2,25.3,Bangladesh,New Zealand,Mushfiqur Rahim,Shakib Al Hasan,DL Vettori,0,0,,,,,,,,,
423783,2009/10,2010-02-05,McLean Park,2,25.4,Bangladesh,New Zealand,Mushfiqur Rahim,Shakib Al Hasan,DL Vettori,1,0,,,,,,,,,
423783,2009/10,2010-02-05,McLean Park,2,25.5,Bangladesh,New Zealand,Shakib Al Hasan,Mushfiqur Rahim,DL Vettori,1,0,,,,,,,,,
423783,2009/10,2010-02-05,McLean Park,2,25.6,Bangladesh,New Zealand,Mushfiqur Rahim,Shakib Al Hasan,DL Vettori,0,0,,,,,,,,,
423783,2009/10,2010-02-05,McLean Park,2,26.1,Bangladesh,New Zealand,Shakib Al Hasan,Mushfiqur Rahim,DR Tuffey,0,0,,,,,,,,,
423783,2009/10,2010-02-05,McLean Park,2,26.2,Bangladesh,New Zealand,Shakib Al Hasan,Mushfiqur Rahim,DR Tuffey,0,0,,,,,,,,,
423783,2009/10,2010-02-05,McLean Park,2,26.3,Bangladesh,New Zealand,Shakib Al Hasan,Mushfiqur Rahim,DR Tuffey,0,0,,,,,,,,,
423783,2009/10,2010-02-05,McLean Park,2,26.4,Bangladesh,New Zealand,Shakib Al Hasan,Mushfiqur Rahim,DR Tuffey,1,0,,,,,,,,,
423783,2009/10,2010-02-05,McLean Park,2,26.5,Bangladesh,New Zealand,Mushfiqur Rahim,Shakib Al Hasan,DR Tuffey,0,0,,,,,,,,,
423783,2009/10,2010-02-05,McLean Park,2,26.6,Bangladesh,New Zealand,Mushfiqur Rahim,Shakib Al Hasan,DR Tuffey,0,0,,,,,,,,,
423783,2009/10,2010-02-05,McLean Park,2,27.1,Bangladesh,New Zealand,Shakib Al Hasan,Mushfiqur Rahim,DL Vettori,0,0,,,,,,caught,Shakib Al Hasan,,
423783,2009/10,2010-02-05,McLean Park,2,27.2,Bangladesh,New Zealand,Mushfiqur Rahim,Mahmudullah,DL Vettori,1,0,,,,,,,,,
423783,2009/10,2010-02-05,McLean Park,2,27.3,Bangladesh,New Zealand,Mahmudullah,Mushfiqur Rahim,DL Vettori,0,0,,,,,,,,,
423783,2009/10,2010-02-05,McLean Park,2,27.4,Bangladesh,New Zealand,Mahmudullah,Mushfiqur Rahim,DL Vettori,2,0,,,,,,,,,
423783,2009/10,2010-02-05,McLean Park,2,27.5,Bangladesh,New Zealand,Mahmudullah,Mushfiqur Rahim,DL Vettori,0,0,,,,,,,,,
423783,2009/10,2010-02-05,McLean Park,2,27.6,Bangladesh,New Zealand,Mahmudullah,Mushfiqur Rahim,DL Vettori,0,0,,,,,,,,,
423783,2009/10,2010-02-05,McLean Park,2,28.1,Bangladesh,New Zealand,Mushfiqur Rahim,Mahmudullah,DR Tuffey,1,0,,,,,,,,,
423783,2009/10,2010-02-05,McLean Park,2,28.2,Bangladesh,New Zealand,Mahmudullah,Mushfiqur Rahim,DR Tuffey,6,0,,,,,,,,,
423783,2009/10,2010-02-05,McLean Park,2,28.3,Bangladesh,New Zealand,Mahmudullah,Mushfiqur Rahim,DR Tuffey,1,0,,,,,,,,,
423783,2009/10,2010-02-05,McLean Park,2,28.4,Bangladesh,New Zealand,Mushfiqur Rahim,Mahmudullah,DR Tuffey,0,0,,,,,,,,,
423783,2009/10,2010-02-05,McLean Park,2,28.5,Bangladesh,New Zealand,Mushfiqur Rahim,Mahmudullah,DR Tuffey,0,0,,,,,,caught,Mushfiqur Rahim,,
423783,2009/10,2010-02-05,McLean Park,2,28.6,Bangladesh,New Zealand,Mahmudullah,Naeem Islam,DR Tuffey,0,0,,,,,,,,,
423783,2009/10,2010-02-05,McLean Park,2,29.1,Bangladesh,New Zealand,Naeem Islam,Mahmudullah,DL Vettori,0,0,,,,,,,,,
423783,2009/10,2010-02-05,McLean Park,2,29.2,Bangladesh,New Zealand,Naeem Islam,Mahmudullah,DL Vettori,1,0,,,,,,,,,
423783,2009/10,2010-02-05,McLean Park,2,29.3,Bangladesh,New Zealand,Mahmudullah,Naeem Islam,DL Vettori,1,0,,,,,,,,,
423783,2009/10,2010-02-05,McLean Park,2,29.4,Bangladesh,New Zealand,Naeem Islam,Mahmudullah,DL Vettori,1,0,,,,,,,,,
423783,2009/10,2010-02-05,McLean Park,2,29.5,Bangladesh,New Zealand,Mahmudullah,Naeem Islam,DL Vettori,1,0,,,,,,,,,
423783,2009/10,2010-02-05,McLean Park,2,29.6,Bangladesh,New Zealand,Naeem Islam,Mahmudullah,DL Vettori,0,0,,,,,,,,,
423783,2009/10,2010-02-05,McLean Park,2,30.1,Bangladesh,New Zealand,Mahmudullah,Naeem Islam,DR Tuffey,0,0,,,,,,,,,
423783,2009/10,2010-02-05,McLean Park,2,30.2,Bangladesh,New Zealand,Mahmudullah,Naeem Islam,DR Tuffey,0,0,,,,,,,,,
423783,2009/10,2010-02-05,McLean Park,2,30.3,Bangladesh,New Zealand,Mahmudullah,Naeem Islam,DR Tuffey,0,1,,,,1,,,,,
423783,2009/10,2010-02-05,McLean Park,2,30.4,Bangladesh,New Zealand,Naeem Islam,Mahmudullah,DR Tuffey,0,0,,,,,,,,,
423783,2009/10,2010-02-05,McLean Park,2,30.5,Bangladesh,New Zealand,Naeem Islam,Mahmudullah,DR Tuffey,0,0,,,,,,,,,
423783,2009/10,2010-02-05,McLean Park,2,30.6,Bangladesh,New Zealand,Naeem Islam,Mahmudullah,DR Tuffey,0,0,,,,,,,,,
423783,2009/10,2010-02-05,McLean Park,2,31.1,Bangladesh,New Zealand,Mahmudullah,Naeem Islam,TG Southee,4,0,,,,,,,,,
423783,2009/10,2010-02-05,McLean Park,2,31.2,Bangladesh,New Zealand,Mahmudullah,Naeem Islam,TG Southee,1,0,,,,,,,,,
423783,2009/10,2010-02-05,McLean Park,2,31.3,Bangladesh,New Zealand,Naeem Islam,Mahmudullah,TG Southee,0,0,,,,,,,,,
423783,2009/10,2010-02-05,McLean Park,2,31.4,Bangladesh,New Zealand,Naeem Islam,Mahmudullah,TG Southee,0,0,,,,,,,,,
423783,2009/10,2010-02-05,McLean Park,2,31.5,Bangladesh,New Zealand,Naeem Islam,Mahmudullah,TG Southee,0,0,,,,,,,,,
423783,2009/10,2010-02-05,McLean Park,2,31.6,Bangladesh,New Zealand,Naeem Islam,Mahmudullah,TG Southee,0,0,,,,,,,,,
423783,2009/10,2010-02-05,McLean Park,2,32.1,Bangladesh,New Zealand,Mahmudullah,Naeem Islam,MJ Guptill,0,0,,,,,,,,,
423783,2009/10,2010-02-05,McLean Park,2,32.2,Bangladesh,New Zealand,Mahmudullah,Naeem Islam,MJ Guptill,1,0,,,,,,,,,
423783,2009/10,2010-02-05,McLean Park,2,32.3,Bangladesh,New Zealand,Naeem Islam,Mahmudullah,MJ Guptill,0,0,,,,,,,,,
423783,2009/10,2010-02-05,McLean Park,2,32.4,Bangladesh,New Zealand,Naeem Islam,Mahmudullah,MJ Guptill,1,0,,,,,,,,,
423783,2009/10,2010-02-05,McLean Park,2,32.5,Bangladesh,New Zealand,Mahmudullah,Naeem Islam,MJ Guptill,2,0,,,,,,,,,
423783,2009/10,2010-02-05,McLean Park,2,32.6,Bangladesh,New Zealand,Mahmudullah,Naeem Islam,MJ Guptill,0,0,,,,,,,,,
423783,2009/10,2010-02-05,McLean Park,2,33.1,Bangladesh,New Zealand,Naeem Islam,Mahmudullah,TG Southee,0,0,,,,,,,,,
423783,2009/10,2010-02-05,McLean Park,2,33.2,Bangladesh,New Zealand,Naeem Islam,Mahmudullah,TG Southee,0,0,,,,,,,,,
423783,2009/10,2010-02-05,McLean Park,2,33.3,Bangladesh,New Zealand,Naeem Islam,Mahmudullah,TG Southee,1,0,,,,,,,,,
423783,2009/10,2010-02-05,McLean Park,2,33.4,Bangladesh,New Zealand,Mahmudullah,Naeem Islam,TG Southee,1,0,,,,,,,,,
423783,2009/10,2010-02-05,McLean Park,2,33.5,Bangladesh,New Zealand,Naeem Islam,Mahmudullah,TG Southee,0,0,,,,,,,,,
423783,2009/10,2010-02-05,McLean Park,2,33.6,Bangladesh,New Zealand,Naeem Islam,Mahmudullah,TG Southee,1,0,,,,,,,,,
423783,2009/10,2010-02-05,McLean Park,2,34.1,Bangladesh,New Zealand,Naeem Islam,Mahmudullah,AJ McKay,1,0,,,,,,,,,
423783,2009/10,2010-02-05,McLean Park,2,34.2,Bangladesh,New Zealand,Mahmudullah,Naeem Islam,AJ McKay,3,0,,,,,,,,,
423783,2009/10,2010-02-05,McLean Park,2,34.3,Bangladesh,New Zealand,Naeem Islam,Mahmudullah,AJ McKay,0,0,,,,,,,,,
423783,2009/10,2010-02-05,McLean Park,2,34.4,Bangladesh,New Zealand,Naeem Islam,Mahmudullah,AJ McKay,1,0,,,,,,,,,
423783,2009/10,2010-02-05,McLean Park,2,34.5,Bangladesh,New Zealand,Mahmudullah,Naeem Islam,AJ McKay,0,0,,,,,,,,,
423783,2009/10,2010-02-05,McLean Park,2,34.6,Bangladesh,New Zealand,Mahmudullah,Naeem Islam,AJ McKay,0,0,,,,,,,,,
423783,2009/10,2010-02-05,McLean Park,2,35.1,Bangladesh,New Zealand,Naeem Islam,Mahmudullah,JDP Oram,1,0,,,,,,,,,
423783,2009/10,2010-02-05,McLean Park,2,35.2,Bangladesh,New Zealand,Mahmudullah,Naeem Islam,JDP Oram,0,0,,,,,,caught,Mahmudullah,,
423783,2009/10,2010-02-05,McLean Park,2,35.3,Bangladesh,New Zealand,Shahadat Hossain,Naeem Islam,JDP Oram,0,0,,,,,,,,,
423783,2009/10,2010-02-05,McLean Park,2,35.4,Bangladesh,New Zealand,Shahadat Hossain,Naeem Islam,JDP Oram,1,0,,,,,,,,,
423783,2009/10,2010-02-05,McLean Park,2,35.5,Bangladesh,New Zealand,Naeem Islam,Shahadat Hossain,JDP Oram,0,0,,,,,,,,,
423783,2009/10,2010-02-05,McLean Park,2,35.6,Bangladesh,New Zealand,Naeem Islam,Shahadat Hossain,JDP Oram,1,0,,,,,,,,,
423783,2009/10,2010-02-05,McLean Park,2,36.1,Bangladesh,New Zealand,Naeem Islam,Shahadat Hossain,AJ McKay,0,0,,,,,,,,,
423783,2009/10,2010-02-05,McLean Park,2,36.2,Bangladesh,New Zealand,Naeem Islam,Shahadat Hossain,AJ McKay,0,0,,,,,,,,,
423783,2009/10,2010-02-05,McLean Park,2,36.3,Bangladesh,New Zealand,Naeem Islam,Shahadat Hossain,AJ McKay,0,0,,,,,,,,,
423783,2009/10,2010-02-05,McLean Park,2,36.4,Bangladesh,New Zealand,Naeem Islam,Shahadat Hossain,AJ McKay,0,1,1,,,,,,,,
423783,2009/10,2010-02-05,McLean Park,2,36.5,Bangladesh,New Zealand,Naeem Islam,Shahadat Hossain,AJ McKay,0,0,,,,,,,,,
423783,2009/10,2010-02-05,McLean Park,2,36.6,Bangladesh,New Zealand,Naeem Islam,Shahadat Hossain,AJ McKay,0,0,,,,,,,,,
423783,2009/10,2010-02-05,McLean Park,2,36.7,Bangladesh,New Zealand,Naeem Islam,Shahadat Hossain,AJ McKay,1,0,,,,,,,,,
423783,2009/10,2010-02-05,McLean Park,2,37.1,Bangladesh,New Zealand,Naeem Islam,Shahadat Hossain,JDP Oram,0,0,,,,,,,,,
423783,2009/10,2010-02-05,McLean Park,2,37.2,Bangladesh,New Zealand,Naeem Islam,Shahadat Hossain,JDP Oram,0,0,,,,,,,,,
423783,2009/10,2010-02-05,McLean Park,2,37.3,Bangladesh,New Zealand,Naeem Islam,Shahadat Hossain,JDP Oram,1,0,,,,,,,,,
423783,2009/10,2010-02-05,McLean Park,2,37.4,Bangladesh,New Zealand,Shahadat Hossain,Naeem Islam,JDP Oram,0,1,,1,,,,,,,
423783,2009/10,2010-02-05,McLean Park,2,37.5,Bangladesh,New Zealand,Shahadat Hossain,Naeem Islam,JDP Oram,0,0,,,,,,,,,
423783,2009/10,2010-02-05,McLean Park,2,37.6,Bangladesh,New Zealand,Shahadat Hossain,Naeem Islam,JDP Oram,0,0,,,,,,caught,Shahadat Hossain,,
423783,2009/10,2010-02-05,McLean Park,2,37.7,Bangladesh,New Zealand,Shafiul Islam,Naeem Islam,JDP Oram,0,0,,,,,,,,,
423783,2009/10,2010-02-05,McLean Park,2,38.1,Bangladesh,New Zealand,Naeem Islam,Shafiul Islam,AJ McKay,1,0,,,,,,,,,
423783,2009/10,2010-02-05,McLean Park,2,38.2,Bangladesh,New Zealand,Shafiul Islam,Naeem Islam,AJ McKay,4,0,,,,,,,,,
423783,2009/10,2010-02-05,McLean Park,2,38.3,Bangladesh,New Zealand,Shafiul Islam,Naeem Islam,AJ McKay,1,0,,,,,,,,,
423783,2009/10,2010-02-05,McLean Park,2,38.4,Bangladesh,New Zealand,Naeem Islam,Shafiul Islam,AJ McKay,0,0,,,,,,,,,
423783,2009/10,2010-02-05,McLean Park,2,38.5,Bangladesh,New Zealand,Naeem Islam,Shafiul Islam,AJ McKay,0,0,,,,,,,,,
423783,2009/10,2010-02-05,McLean Park,2,38.6,Bangladesh,New Zealand,Naeem Islam,Shafiul Islam,AJ McKay,0,0,,,,,,,,,
423783,2009/10,2010-02-05,McLean Park,2,39.1,Bangladesh,New Zealand,Shafiul Islam,Naeem Islam,JDP Oram,0,0,,,,,,,,,
423783,2009/10,2010-02-05,McLean Park,2,39.2,Bangladesh,New Zealand,Shafiul Islam,Naeem Islam,JDP Oram,0,0,,,,,,,,,
423783,2009/10,2010-02-05,McLean Park,2,39.3,Bangladesh,New Zealand,Shafiul Islam,Naeem Islam,JDP Oram,0,0,,,,,,,,,
423783,2009/10,2010-02-05,McLean Park,2,39.4,Bangladesh,New Zealand,Shafiul Islam,Naeem Islam,JDP Oram,1,0,,,,,,,,,
423783,2009/10,2010-02-05,McLean Park,2,39.5,Bangladesh,New Zealand,Naeem Islam,Shafiul Islam,JDP Oram,0,2,,,2,,,,,,
423783,2009/10,2010-02-05,McLean Park,2,39.6,Bangladesh,New Zealand,Naeem Islam,Shafiul Islam,JDP Oram,0,0,,,,,,,,,
423783,2009/10,2010-02-05,McLean Park,2,40.1,Bangladesh,New Zealand,Shafiul Islam,Naeem Islam,DL Vettori,0,0,,,,,,,,,
423783,2009/10,2010-02-05,McLean Park,2,40.2,Bangladesh,New Zealand,Shafiul Islam,Naeem Islam,DL Vettori,0,0,,,,,,,,,
423783,2009/10,2010-02-05,McLean Park,2,40.3,Bangladesh,New Zealand,Shafiul Islam,Naeem Islam,DL Vettori,0,0,,,,,,,,,
423783,2009/10,2010-02-05,McLean Park,2,40.4,Bangladesh,New Zealand,Shafiul Islam,Naeem Islam,DL Vettori,0,0,,,,,,,,,
423783,2009/10,2010-02-05,McLean Park,2,40.5,Bangladesh,New Zealand,Shafiul Islam,Naeem Islam,DL Vettori,4,0,,,,,,,,,
423783,2009/10,2010-02-05,McLean Park,2,40.6,Bangladesh,New Zealand,Shafiul Islam,Naeem Islam,DL Vettori,0,0,,,,,,,,,
423783,2009/10,2010-02-05,McLean Park,2,41.1,Bangladesh,New Zealand,Naeem Islam,Shafiul Islam,MJ Guptill,1,0,,,,,,,,,
423783,2009/10,2010-02-05,McLean Park,2,41.2,Bangladesh,New Zealand,Shafiul Islam,Naeem Islam,MJ Guptill,1,0,,,,,,,,,
423783,2009/10,2010-02-05,McLean Park,2,41.3,Bangladesh,New Zealand,Naeem Islam,Shafiul Islam,MJ Guptill,1,0,,,,,,,,,
423783,2009/10,2010-02-05,McLean Park,2,41.4,Bangladesh,New Zealand,Shafiul Islam,Naeem Islam,MJ Guptill,0,0,,,,,,,,,
423783,2009/10,2010-02-05,McLean Park,2,41.5,Bangladesh,New Zealand,Shafiul Islam,Naeem Islam,MJ Guptill,0,0,,,,,,,,,
423783,2009/10,2010-02-05,McLean Park,2,41.6,Bangladesh,New Zealand,Shafiul Islam,Naeem Islam,MJ Guptill,0,0,,,,,,,,,
423783,2009/10,2010-02-05,McLean Park,2,42.1,Bangladesh,New Zealand,Naeem Islam,Shafiul Islam,DL Vettori,0,0,,,,,,,,,
423783,2009/10,2010-02-05,McLean Park,2,42.2,Bangladesh,New Zealand,Naeem Islam,Shafiul Islam,DL Vettori,0,0,,,,,,,,,
423783,2009/10,2010-02-05,McLean Park,2,42.3,Bangladesh,New Zealand,Naeem Islam,Shafiul Islam,DL Vettori,0,0,,,,,,,,,
423783,2009/10,2010-02-05,McLean Park,2,42.4,Bangladesh,New Zealand,Naeem Islam,Shafiul Islam,DL Vettori,1,0,,,,,,,,,
423783,2009/10,2010-02-05,McLean Park,2,42.5,Bangladesh,New Zealand,Shafiul Islam,Naeem Islam,DL Vettori,0,0,,,,,,,,,
423783,2009/10,2010-02-05,McLean Park,2,42.6,Bangladesh,New Zealand,Shafiul Islam,Naeem Islam,DL Vettori,0,0,,,,,,,,,
423783,2009/10,2010-02-05,McLean Park,2,43.1,Bangladesh,New Zealand,Naeem Islam,Shafiul Islam,MJ Guptill,0,0,,,,,,,,,
423783,2009/10,2010-02-05,McLean Park,2,43.2,Bangladesh,New Zealand,Naeem Islam,Shafiul Islam,MJ Guptill,0,0,,,,,,,,,
423783,2009/10,2010-02-05,McLean Park,2,43.3,Bangladesh,New Zealand,Naeem Islam,Shafiul Islam,MJ Guptill,0,0,,,,,,,,,
423783,2009/10,2010-02-05,McLean Park,2,43.4,Bangladesh,New Zealand,Naeem Islam,Shafiul Islam,MJ Guptill,0,0,,,,,,caught,Naeem Islam,,
423783,2009/10,2010-02-05,McLean Park,2,43.5,Bangladesh,New Zealand,Shafiul Islam,Nazmul Hossain,MJ Guptill,0,0,,,,,,caught,Shafiul Islam,,
