match_id,season,start_date,venue,innings,ball,batting_team,bowling_team,striker,non_striker,bowler,runs_off_bat,extras,wides,noballs,byes,legbyes,penalty,wicket_type,player_dismissed,other_wicket_type,other_player_dismissed
426428,2010,2010-09-10,Riverside Ground,1,0.1,England,Pakistan,AJ Strauss,SM Davies,Shoaib Akhtar,0,1,1,,,,,,,,
426428,2010,2010-09-10,Riverside Ground,1,0.2,England,Pakistan,AJ Strauss,SM Davies,Shoaib Akhtar,0,0,,,,,,,,,
426428,2010,2010-09-10,Riverside Ground,1,0.3,England,Pakistan,AJ Strauss,SM Davies,Shoaib Akhtar,0,0,,,,,,,,,
426428,2010,2010-09-10,Riverside Ground,1,0.4,England,Pakistan,AJ Strauss,SM Davies,Shoaib Akhtar,0,0,,,,,,,,,
426428,2010,2010-09-10,Riverside Ground,1,0.5,England,Pakistan,AJ Strauss,SM Davies,Shoaib Akhtar,0,0,,,,,,,,,
426428,2010,2010-09-10,Riverside Ground,1,0.6,England,Pakistan,AJ Strauss,SM Davies,Shoaib Akhtar,0,0,,,,,,,,,
426428,2010,2010-09-10,Riverside Ground,1,0.7,England,Pakistan,AJ Strauss,SM Davies,Shoaib Akhtar,0,0,,,,,,,,,
426428,2010,2010-09-10,Riverside Ground,1,1.1,England,Pakistan,SM Davies,AJ Strauss,Mohammad Irfan,3,0,,,,,,,,,
426428,2010,2010-09-10,Riverside Ground,1,1.2,England,Pakistan,AJ Strauss,SM Davies,Mohammad Irfan,0,0,,,,,,,,,
426428,2010,2010-09-10,Riverside Ground,1,1.3,England,Pakistan,AJ Strauss,SM Davies,Mohammad Irfan,4,0,,,,,,,,,
426428,2010,2010-09-10,Riverside Ground,1,1.4,England,Pakistan,AJ Strauss,SM Davies,Mohammad Irfan,0,0,,,,,,,,,
426428,2010,2010-09-10,Riverside Ground,1,1.5,England,Pakistan,AJ Strauss,SM Davies,Mohammad Irfan,4,0,,,,,,,,,
426428,2010,2010-09-10,Riverside Ground,1,1.6,England,Pakistan,AJ Strauss,SM Davies,Mohammad Irfan,4,0,,,,,,,,,
426428,2010,2010-09-10,Riverside Ground,1,2.1,England,Pakistan,SM Davies,AJ Strauss,Shoaib Akhtar,0,0,,,,,,,,,
426428,2010,2010-09-10,Riverside Ground,1,2.2,England,Pakistan,SM Davies,AJ Strauss,Shoaib Akhtar,0,0,,,,,,,,,
426428,2010,2010-09-10,Riverside Ground,1,2.3,England,Pakistan,SM Davies,AJ Strauss,Shoaib Akhtar,0,0,,,,,,,,,
426428,2010,2010-09-10,Riverside Ground,1,2.4,England,Pakistan,SM Davies,AJ Strauss,Shoaib Akhtar,0,0,,,,,,,,,
426428,2010,2010-09-10,Riverside Ground,1,2.5,England,Pakistan,SM Davies,AJ Strauss,Shoaib Akhtar,0,0,,,,,,,,,
426428,2010,2010-09-10,Riverside Ground,1,2.6,England,Pakistan,SM Davies,AJ Strauss,Shoaib Akhtar,0,0,,,,,,,,,
426428,2010,2010-09-10,Riverside Ground,1,3.1,England,Pakistan,AJ Strauss,SM Davies,Umar Gul,0,0,,,,,,,,,
426428,2010,2010-09-10,Riverside Ground,1,3.2,England,Pakistan,AJ Strauss,SM Davies,Umar Gul,0,0,,,,,,,,,
426428,2010,2010-09-10,Riverside Ground,1,3.3,England,Pakistan,AJ Strauss,SM Davies,Umar Gul,1,0,,,,,,,,,
426428,2010,2010-09-10,Riverside Ground,1,3.4,England,Pakistan,SM Davies,AJ Strauss,Umar Gul,4,0,,,,,,,,,
426428,2010,2010-09-10,Riverside Ground,1,3.5,England,Pakistan,SM Davies,AJ Strauss,Umar Gul,0,0,,,,,,,,,
426428,2010,2010-09-10,Riverside Ground,1,3.6,England,Pakistan,SM Davies,AJ Strauss,Umar Gul,0,0,,,,,,,,,
426428,2010,2010-09-10,Riverside Ground,1,4.1,England,Pakistan,AJ Strauss,SM Davies,Shoaib Akhtar,2,0,,,,,,,,,
426428,2010,2010-09-10,Riverside Ground,1,4.2,England,Pakistan,AJ Strauss,SM Davies,Shoaib Akhtar,0,0,,,,,,,,,
426428,2010,2010-09-10,Riverside Ground,1,4.3,England,Pakistan,AJ Strauss,SM Davies,Shoaib Akhtar,0,0,,,,,,,,,
426428,2010,2010-09-10,Riverside Ground,1,4.4,England,Pakistan,AJ Strauss,SM Davies,Shoaib Akhtar,0,0,,,,,,,,,
426428,2010,2010-09-10,Riverside Ground,1,4.5,England,Pakistan,AJ Strauss,SM Davies,Shoaib Akhtar,0,0,,,,,,,,,
426428,2010,2010-09-10,Riverside Ground,1,4.6,England,Pakistan,AJ Strauss,SM Davies,Shoaib Akhtar,1,0,,,,,,,,,
426428,2010,2010-09-10,Riverside Ground,1,5.1,England,Pakistan,AJ Strauss,SM Davies,Umar Gul,0,0,,,,,,,,,
426428,2010,2010-09-10,Riverside Ground,1,5.2,England,Pakistan,AJ Strauss,SM Davies,Umar Gul,6,0,,,,,,,,,
426428,2010,2010-09-10,Riverside Ground,1,5.3,England,Pakistan,AJ Strauss,SM Davies,Umar Gul,3,0,,,,,,,,,
426428,2010,2010-09-10,Riverside Ground,1,5.4,England,Pakistan,SM Davies,AJ Strauss,Umar Gul,4,0,,,,,,,,,
426428,2010,2010-09-10,Riverside Ground,1,5.5,England,Pakistan,SM Davies,AJ Strauss,Umar Gul,4,0,,,,,,,,,
426428,2010,2010-09-10,Riverside Ground,1,5.6,England,Pakistan,SM Davies,AJ Strauss,Umar Gul,0,0,,,,,,,,,
426428,2010,2010-09-10,Riverside Ground,1,6.1,England,Pakistan,AJ Strauss,SM Davies,Shoaib Akhtar,0,0,,,,,,,,,
426428,2010,2010-09-10,Riverside Ground,1,6.2,England,Pakistan,AJ Strauss,SM Davies,Shoaib Akhtar,0,0,,,,,,,,,
426428,2010,2010-09-10,Riverside Ground,1,6.3,England,Pakistan,AJ Strauss,SM Davies,Shoaib Akhtar,0,0,,,,,,,,,
426428,2010,2010-09-10,Riverside Ground,1,6.4,England,Pakistan,AJ Strauss,SM Davies,Shoaib Akhtar,2,0,,,,,,,,,
426428,2010,2010-09-10,Riverside Ground,1,6.5,England,Pakistan,AJ Strauss,SM Davies,Shoaib Akhtar,0,0,,,,,,,,,
426428,2010,2010-09-10,Riverside Ground,1,6.6,England,Pakistan,AJ Strauss,SM Davies,Shoaib Akhtar,1,0,,,,,,,,,
426428,2010,2010-09-10,Riverside Ground,1,7.1,England,Pakistan,AJ Strauss,SM Davies,Mohammad Hafeez,1,0,,,,,,,,,
426428,2010,2010-09-10,Riverside Ground,1,7.2,England,Pakistan,SM Davies,AJ Strauss,Mohammad Hafeez,0,0,,,,,,,,,
426428,2010,2010-09-10,Riverside Ground,1,7.3,England,Pakistan,SM Davies,AJ Strauss,Mohammad Hafeez,4,0,,,,,,,,,
426428,2010,2010-09-10,Riverside Ground,1,7.4,England,Pakistan,SM Davies,AJ Strauss,Mohammad Hafeez,0,0,,,,,,,,,
426428,2010,2010-09-10,Riverside Ground,1,7.5,England,Pakistan,SM Davies,AJ Strauss,Mohammad Hafeez,2,0,,,,,,,,,
426428,2010,2010-09-10,Riverside Ground,1,7.6,England,Pakistan,SM Davies,AJ Strauss,Mohammad Hafeez,0,0,,,,,,,,,
426428,2010,2010-09-10,Riverside Ground,1,8.1,England,Pakistan,AJ Strauss,SM Davies,Shoaib Akhtar,0,0,,,,,,,,,
426428,2010,2010-09-10,Riverside Ground,1,8.2,England,Pakistan,AJ Strauss,SM Davies,Shoaib Akhtar,0,0,,,,,,,,,
426428,2010,2010-09-10,Riverside Ground,1,8.3,England,Pakistan,AJ Strauss,SM Davies,Shoaib Akhtar,2,0,,,,,,,,,
426428,2010,2010-09-10,Riverside Ground,1,8.4,England,Pakistan,AJ Strauss,SM Davies,Shoaib Akhtar,0,0,,,,,,,,,
426428,2010,2010-09-10,Riverside Ground,1,8.5,England,Pakistan,AJ Strauss,SM Davies,Shoaib Akhtar,0,0,,,,,,,,,
426428,2010,2010-09-10,Riverside Ground,1,8.6,England,Pakistan,AJ Strauss,SM Davies,Shoaib Akhtar,0,0,,,,,,,,,
426428,2010,2010-09-10,Riverside Ground,1,9.1,England,Pakistan,SM Davies,AJ Strauss,Saeed Ajmal,0,0,,,,,,,,,
426428,2010,2010-09-10,Riverside Ground,1,9.2,England,Pakistan,SM Davies,AJ Strauss,Saeed Ajmal,1,0,,,,,,,,,
426428,2010,2010-09-10,Riverside Ground,1,9.3,England,Pakistan,AJ Strauss,SM Davies,Saeed Ajmal,0,0,,,,,,,,,
426428,2010,2010-09-10,Riverside Ground,1,9.4,England,Pakistan,AJ Strauss,SM Davies,Saeed Ajmal,6,0,,,,,,,,,
426428,2010,2010-09-10,Riverside Ground,1,9.5,England,Pakistan,AJ Strauss,SM Davies,Saeed Ajmal,1,0,,,,,,,,,
426428,2010,2010-09-10,Riverside Ground,1,9.6,England,Pakistan,SM Davies,AJ Strauss,Saeed Ajmal,2,0,,,,,,,,,
426428,2010,2010-09-10,Riverside Ground,1,10.1,England,Pakistan,AJ Strauss,SM Davies,Mohammad Irfan,0,0,,,,,,,,,
426428,2010,2010-09-10,Riverside Ground,1,10.2,England,Pakistan,AJ Strauss,SM Davies,Mohammad Irfan,0,0,,,,,,,,,
426428,2010,2010-09-10,Riverside Ground,1,10.3,England,Pakistan,AJ Strauss,SM Davies,Mohammad Irfan,0,0,,,,,,,,,
426428,2010,2010-09-10,Riverside Ground,1,10.4,England,Pakistan,AJ Strauss,SM Davies,Mohammad Irfan,3,0,,,,,,,,,
426428,2010,2010-09-10,Riverside Ground,1,10.5,England,Pakistan,SM Davies,AJ Strauss,Mohammad Irfan,1,0,,,,,,,,,
426428,2010,2010-09-10,Riverside Ground,1,10.6,England,Pakistan,AJ Strauss,SM Davies,Mohammad Irfan,0,0,,,,,,,,,
426428,2010,2010-09-10,Riverside Ground,1,11.1,England,Pakistan,SM Davies,AJ Strauss,Saeed Ajmal,4,0,,,,,,,,,
426428,2010,2010-09-10,Riverside Ground,1,11.2,England,Pakistan,SM Davies,AJ Strauss,Saeed Ajmal,4,0,,,,,,,,,
426428,2010,2010-09-10,Riverside Ground,1,11.3,England,Pakistan,SM Davies,AJ Strauss,Saeed Ajmal,0,0,,,,,,,,,
426428,2010,2010-09-10,Riverside Ground,1,11.4,England,Pakistan,SM Davies,AJ Strauss,Saeed Ajmal,3,0,,,,,,,,,
426428,2010,2010-09-10,Riverside Ground,1,11.5,England,Pakistan,AJ Strauss,SM Davies,Saeed Ajmal,0,0,,,,,,bowled,AJ Strauss,,
426428,2010,2010-09-10,Riverside Ground,1,11.6,England,Pakistan,IJL Trott,SM Davies,Saeed Ajmal,0,0,,,,,,,,,
426428,2010,2010-09-10,Riverside Ground,1,12.1,England,Pakistan,SM Davies,IJL Trott,Mohammad Irfan,0,0,,,,,,,,,
426428,2010,2010-09-10,Riverside Ground,1,12.2,England,Pakistan,SM Davies,IJL Trott,Mohammad Irfan,2,0,,,,,,,,,
426428,2010,2010-09-10,Riverside Ground,1,12.3,England,Pakistan,SM Davies,IJL Trott,Mohammad Irfan,2,0,,,,,,,,,
426428,2010,2010-09-10,Riverside Ground,1,12.4,England,Pakistan,SM Davies,IJL Trott,Mohammad Irfan,4,0,,,,,,,,,
426428,2010,2010-09-10,Riverside Ground,1,12.5,England,Pakistan,SM Davies,IJL Trott,Mohammad Irfan,0,0,,,,,,,,,
426428,2010,2010-09-10,Riverside Ground,1,12.6,England,Pakistan,SM Davies,IJL Trott,Mohammad Irfan,0,0,,,,,,,,,
426428,2010,2010-09-10,Riverside Ground,1,13.1,England,Pakistan,IJL Trott,SM Davies,Saeed Ajmal,0,0,,,,,,,,,
426428,2010,2010-09-10,Riverside Ground,1,13.2,England,Pakistan,IJL Trott,SM Davies,Saeed Ajmal,1,0,,,,,,,,,
426428,2010,2010-09-10,Riverside Ground,1,13.3,England,Pakistan,SM Davies,IJL Trott,Saeed Ajmal,0,0,,,,,,,,,
426428,2010,2010-09-10,Riverside Ground,1,13.4,England,Pakistan,SM Davies,IJL Trott,Saeed Ajmal,1,0,,,,,,,,,
426428,2010,2010-09-10,Riverside Ground,1,13.5,England,Pakistan,IJL Trott,SM Davies,Saeed Ajmal,0,0,,,,,,,,,
426428,2010,2010-09-10,Riverside Ground,1,13.6,England,Pakistan,IJL Trott,SM Davies,Saeed Ajmal,0,0,,,,,,,,,
426428,2010,2010-09-10,Riverside Ground,1,14.1,England,Pakistan,SM Davies,IJL Trott,Umar Gul,1,0,,,,,,,,,
426428,2010,2010-09-10,Riverside Ground,1,14.2,England,Pakistan,IJL Trott,SM Davies,Umar Gul,1,0,,,,,,,,,
426428,2010,2010-09-10,Riverside Ground,1,14.3,England,Pakistan,SM Davies,IJL Trott,Umar Gul,0,0,,,,,,,,,
426428,2010,2010-09-10,Riverside Ground,1,14.4,England,Pakistan,SM Davies,IJL Trott,Umar Gul,4,0,,,,,,,,,
426428,2010,2010-09-10,Riverside Ground,1,14.5,England,Pakistan,SM Davies,IJL Trott,Umar Gul,4,0,,,,,,,,,
426428,2010,2010-09-10,Riverside Ground,1,14.6,England,Pakistan,SM Davies,IJL Trott,Umar Gul,0,0,,,,,,,,,
426428,2010,2010-09-10,Riverside Ground,1,15.1,England,Pakistan,IJL Trott,SM Davies,Mohammad Hafeez,1,0,,,,,,,,,
426428,2010,2010-09-10,Riverside Ground,1,15.2,England,Pakistan,SM Davies,IJL Trott,Mohammad Hafeez,1,0,,,,,,,,,
426428,2010,2010-09-10,Riverside Ground,1,15.3,England,Pakistan,IJL Trott,SM Davies,Mohammad Hafeez,0,0,,,,,,,,,
426428,2010,2010-09-10,Riverside Ground,1,15.4,England,Pakistan,IJL Trott,SM Davies,Mohammad Hafeez,1,0,,,,,,,,,
426428,2010,2010-09-10,Riverside Ground,1,15.5,England,Pakistan,SM Davies,IJL Trott,Mohammad Hafeez,0,0,,,,,,,,,
426428,2010,2010-09-10,Riverside Ground,1,15.6,England,Pakistan,SM Davies,IJL Trott,Mohammad Hafeez,0,0,,,,,,,,,
426428,2010,2010-09-10,Riverside Ground,1,16.1,England,Pakistan,IJL Trott,SM Davies,Shahid Afridi,1,0,,,,,,,,,
426428,2010,2010-09-10,Riverside Ground,1,16.2,England,Pakistan,SM Davies,IJL Trott,Shahid Afridi,1,0,,,,,,,,,
426428,2010,2010-09-10,Riverside Ground,1,16.3,England,Pakistan,IJL Trott,SM Davies,Shahid Afridi,1,0,,,,,,,,,
426428,2010,2010-09-10,Riverside Ground,1,16.4,England,Pakistan,SM Davies,IJL Trott,Shahid Afridi,0,0,,,,,,,,,
426428,2010,2010-09-10,Riverside Ground,1,16.5,England,Pakistan,SM Davies,IJL Trott,Shahid Afridi,0,0,,,,,,,,,
426428,2010,2010-09-10,Riverside Ground,1,16.6,England,Pakistan,SM Davies,IJL Trott,Shahid Afridi,1,0,,,,,,,,,
426428,2010,2010-09-10,Riverside Ground,1,17.1,England,Pakistan,SM Davies,IJL Trott,Mohammad Hafeez,0,0,,,,,,,,,
426428,2010,2010-09-10,Riverside Ground,1,17.2,England,Pakistan,SM Davies,IJL Trott,Mohammad Hafeez,4,0,,,,,,,,,
426428,2010,2010-09-10,Riverside Ground,1,17.3,England,Pakistan,SM Davies,IJL Trott,Mohammad Hafeez,1,0,,,,,,,,,
426428,2010,2010-09-10,Riverside Ground,1,17.4,England,Pakistan,IJL Trott,SM Davies,Mohammad Hafeez,0,0,,,,,,,,,
426428,2010,2010-09-10,Riverside Ground,1,17.5,England,Pakistan,IJL Trott,SM Davies,Mohammad Hafeez,0,0,,,,,,,,,
426428,2010,2010-09-10,Riverside Ground,1,17.6,England,Pakistan,IJL Trott,SM Davies,Mohammad Hafeez,0,0,,,,,,,,,
426428,2010,2010-09-10,Riverside Ground,1,18.1,England,Pakistan,SM Davies,IJL Trott,Shahid Afridi,1,0,,,,,,,,,
426428,2010,2010-09-10,Riverside Ground,1,18.2,England,Pakistan,IJL Trott,SM Davies,Shahid Afridi,2,0,,,,,,,,,
426428,2010,2010-09-10,Riverside Ground,1,18.3,England,Pakistan,IJL Trott,SM Davies,Shahid Afridi,0,0,,,,,,,,,
426428,2010,2010-09-10,Riverside Ground,1,18.4,England,Pakistan,IJL Trott,SM Davies,Shahid Afridi,1,0,,,,,,,,,
426428,2010,2010-09-10,Riverside Ground,1,18.5,England,Pakistan,SM Davies,IJL Trott,Shahid Afridi,0,1,1,,,,,,,,
426428,2010,2010-09-10,Riverside Ground,1,18.6,England,Pakistan,SM Davies,IJL Trott,Shahid Afridi,4,0,,,,,,,,,
426428,2010,2010-09-10,Riverside Ground,1,18.7,England,Pakistan,SM Davies,IJL Trott,Shahid Afridi,1,0,,,,,,,,,
426428,2010,2010-09-10,Riverside Ground,1,19.1,England,Pakistan,SM Davies,IJL Trott,Mohammad Hafeez,1,0,,,,,,,,,
426428,2010,2010-09-10,Riverside Ground,1,19.2,England,Pakistan,IJL Trott,SM Davies,Mohammad Hafeez,0,0,,,,,,,,,
426428,2010,2010-09-10,Riverside Ground,1,19.3,England,Pakistan,IJL Trott,SM Davies,Mohammad Hafeez,1,0,,,,,,,,,
426428,2010,2010-09-10,Riverside Ground,1,19.4,England,Pakistan,SM Davies,IJL Trott,Mohammad Hafeez,0,0,,,,,,,,,
426428,2010,2010-09-10,Riverside Ground,1,19.5,England,Pakistan,SM Davies,IJL Trott,Mohammad Hafeez,1,0,,,,,,,,,
426428,2010,2010-09-10,Riverside Ground,1,19.6,England,Pakistan,IJL Trott,SM Davies,Mohammad Hafeez,1,0,,,,,,,,,
426428,2010,2010-09-10,Riverside Ground,1,20.1,England,Pakistan,IJL Trott,SM Davies,Shahid Afridi,1,0,,,,,,,,,
426428,2010,2010-09-10,Riverside Ground,1,20.2,England,Pakistan,SM Davies,IJL Trott,Shahid Afridi,1,0,,,,,,,,,
426428,2010,2010-09-10,Riverside Ground,1,20.3,England,Pakistan,IJL Trott,SM Davies,Shahid Afridi,1,0,,,,,,,,,
426428,2010,2010-09-10,Riverside Ground,1,20.4,England,Pakistan,SM Davies,IJL Trott,Shahid Afridi,4,0,,,,,,,,,
426428,2010,2010-09-10,Riverside Ground,1,20.5,England,Pakistan,SM Davies,IJL Trott,Shahid Afridi,1,0,,,,,,,,,
426428,2010,2010-09-10,Riverside Ground,1,20.6,England,Pakistan,IJL Trott,SM Davies,Shahid Afridi,1,0,,,,,,,,,
426428,2010,2010-09-10,Riverside Ground,1,21.1,England,Pakistan,IJL Trott,SM Davies,Mohammad Hafeez,1,0,,,,,,,,,
426428,2010,2010-09-10,Riverside Ground,1,21.2,England,Pakistan,SM Davies,IJL Trott,Mohammad Hafeez,1,0,,,,,,,,,
426428,2010,2010-09-10,Riverside Ground,1,21.3,England,Pakistan,IJL Trott,SM Davies,Mohammad Hafeez,1,0,,,,,,,,,
426428,2010,2010-09-10,Riverside Ground,1,21.4,England,Pakistan,SM Davies,IJL Trott,Mohammad Hafeez,4,0,,,,,,,,,
426428,2010,2010-09-10,Riverside Ground,1,21.5,England,Pakistan,SM Davies,IJL Trott,Mohammad Hafeez,1,0,,,,,,,,,
426428,2010,2010-09-10,Riverside Ground,1,21.6,England,Pakistan,IJL Trott,SM Davies,Mohammad Hafeez,1,0,,,,,,,,,
426428,2010,2010-09-10,Riverside Ground,1,22.1,England,Pakistan,IJL Trott,SM Davies,Shahid Afridi,1,0,,,,,,,,,
426428,2010,2010-09-10,Riverside Ground,1,22.2,England,Pakistan,SM Davies,IJL Trott,Shahid Afridi,1,0,,,,,,,,,
426428,2010,2010-09-10,Riverside Ground,1,22.3,England,Pakistan,IJL Trott,SM Davies,Shahid Afridi,1,0,,,,,,,,,
426428,2010,2010-09-10,Riverside Ground,1,22.4,England,Pakistan,SM Davies,IJL Trott,Shahid Afridi,2,0,,,,,,,,,
426428,2010,2010-09-10,Riverside Ground,1,22.5,England,Pakistan,SM Davies,IJL Trott,Shahid Afridi,1,0,,,,,,,,,
426428,2010,2010-09-10,Riverside Ground,1,22.6,England,Pakistan,IJL Trott,SM Davies,Shahid Afridi,1,0,,,,,,,,,
426428,2010,2010-09-10,Riverside Ground,1,23.1,England,Pakistan,IJL Trott,SM Davies,Mohammad Irfan,0,0,,,,,,,,,
426428,2010,2010-09-10,Riverside Ground,1,23.2,England,Pakistan,IJL Trott,SM Davies,Mohammad Irfan,1,0,,,,,,,,,
426428,2010,2010-09-10,Riverside Ground,1,23.3,England,Pakistan,SM Davies,IJL Trott,Mohammad Irfan,1,0,,,,,,,,,
426428,2010,2010-09-10,Riverside Ground,1,23.4,England,Pakistan,IJL Trott,SM Davies,Mohammad Irfan,0,0,,,,,,,,,
426428,2010,2010-09-10,Riverside Ground,1,23.5,England,Pakistan,IJL Trott,SM Davies,Mohammad Irfan,1,0,,,,,,,,,
426428,2010,2010-09-10,Riverside Ground,1,23.6,England,Pakistan,SM Davies,IJL Trott,Mohammad Irfan,0,0,,,,,,,,,
426428,2010,2010-09-10,Riverside Ground,1,24.1,England,Pakistan,IJL Trott,SM Davies,Saeed Ajmal,0,0,,,,,,,,,
426428,2010,2010-09-10,Riverside Ground,1,24.2,England,Pakistan,IJL Trott,SM Davies,Saeed Ajmal,1,0,,,,,,,,,
426428,2010,2010-09-10,Riverside Ground,1,24.3,England,Pakistan,SM Davies,IJL Trott,Saeed Ajmal,0,0,,,,,,caught,SM Davies,,
426428,2010,2010-09-10,Riverside Ground,1,24.4,England,Pakistan,PD Collingwood,IJL Trott,Saeed Ajmal,0,0,,,,,,,,,
426428,2010,2010-09-10,Riverside Ground,1,24.5,England,Pakistan,PD Collingwood,IJL Trott,Saeed Ajmal,0,0,,,,,,,,,
426428,2010,2010-09-10,Riverside Ground,1,24.6,England,Pakistan,PD Collingwood,IJL Trott,Saeed Ajmal,0,0,,,,,,,,,
426428,2010,2010-09-10,Riverside Ground,1,25.1,England,Pakistan,IJL Trott,PD Collingwood,Mohammad Irfan,1,0,,,,,,,,,
426428,2010,2010-09-10,Riverside Ground,1,25.2,England,Pakistan,PD Collingwood,IJL Trott,Mohammad Irfan,0,0,,,,,,,,,
426428,2010,2010-09-10,Riverside Ground,1,25.3,England,Pakistan,PD Collingwood,IJL Trott,Mohammad Irfan,1,0,,,,,,,,,
426428,2010,2010-09-10,Riverside Ground,1,25.4,England,Pakistan,IJL Trott,PD Collingwood,Mohammad Irfan,1,0,,,,,,,,,
426428,2010,2010-09-10,Riverside Ground,1,25.5,England,Pakistan,PD Collingwood,IJL Trott,Mohammad Irfan,1,0,,,,,,,,,
426428,2010,2010-09-10,Riverside Ground,1,25.6,England,Pakistan,IJL Trott,PD Collingwood,Mohammad Irfan,1,0,,,,,,,,,
426428,2010,2010-09-10,Riverside Ground,1,26.1,England,Pakistan,IJL Trott,PD Collingwood,Saeed Ajmal,0,0,,,,,,,,,
426428,2010,2010-09-10,Riverside Ground,1,26.2,England,Pakistan,IJL Trott,PD Collingwood,Saeed Ajmal,0,0,,,,,,,,,
426428,2010,2010-09-10,Riverside Ground,1,26.3,England,Pakistan,IJL Trott,PD Collingwood,Saeed Ajmal,0,0,,,,,,,,,
426428,2010,2010-09-10,Riverside Ground,1,26.4,England,Pakistan,IJL Trott,PD Collingwood,Saeed Ajmal,0,0,,,,,,,,,
426428,2010,2010-09-10,Riverside Ground,1,26.5,England,Pakistan,IJL Trott,PD Collingwood,Saeed Ajmal,1,0,,,,,,,,,
426428,2010,2010-09-10,Riverside Ground,1,26.6,England,Pakistan,PD Collingwood,IJL Trott,Saeed Ajmal,0,0,,,,,,,,,
426428,2010,2010-09-10,Riverside Ground,1,27.1,England,Pakistan,IJL Trott,PD Collingwood,Mohammad Irfan,1,0,,,,,,,,,
426428,2010,2010-09-10,Riverside Ground,1,27.2,England,Pakistan,PD Collingwood,IJL Trott,Mohammad Irfan,1,0,,,,,,,,,
426428,2010,2010-09-10,Riverside Ground,1,27.3,England,Pakistan,IJL Trott,PD Collingwood,Mohammad Irfan,0,0,,,,,,,,,
426428,2010,2010-09-10,Riverside Ground,1,27.4,England,Pakistan,IJL Trott,PD Collingwood,Shahid Afridi,0,0,,,,,,,,,
426428,2010,2010-09-10,Riverside Ground,1,27.5,England,Pakistan,IJL Trott,PD Collingwood,Shahid Afridi,0,0,,,,,,,,,
426428,2010,2010-09-10,Riverside Ground,1,27.6,England,Pakistan,IJL Trott,PD Collingwood,Shahid Afridi,1,0,,,,,,,,,
426428,2010,2010-09-10,Riverside Ground,1,28.1,England,Pakistan,IJL Trott,PD Collingwood,Umar Gul,1,0,,,,,,,,,
426428,2010,2010-09-10,Riverside Ground,1,28.2,England,Pakistan,PD Collingwood,IJL Trott,Umar Gul,4,0,,,,,,,,,
426428,2010,2010-09-10,Riverside Ground,1,28.3,England,Pakistan,PD Collingwood,IJL Trott,Umar Gul,1,0,,,,,,,,,
426428,2010,2010-09-10,Riverside Ground,1,28.4,England,Pakistan,IJL Trott,PD Collingwood,Umar Gul,1,0,,,,,,,,,
426428,2010,2010-09-10,Riverside Ground,1,28.5,England,Pakistan,PD Collingwood,IJL Trott,Umar Gul,6,0,,,,,,,,,
426428,2010,2010-09-10,Riverside Ground,1,28.6,England,Pakistan,PD Collingwood,IJL Trott,Umar Gul,0,0,,,,,,,,,
426428,2010,2010-09-10,Riverside Ground,1,29.1,England,Pakistan,IJL Trott,PD Collingwood,Saeed Ajmal,2,0,,,,,,,,,
426428,2010,2010-09-10,Riverside Ground,1,29.2,England,Pakistan,IJL Trott,PD Collingwood,Saeed Ajmal,0,1,1,,,,,,,,
426428,2010,2010-09-10,Riverside Ground,1,29.3,England,Pakistan,IJL Trott,PD Collingwood,Saeed Ajmal,1,0,,,,,,,,,
426428,2010,2010-09-10,Riverside Ground,1,29.4,England,Pakistan,PD Collingwood,IJL Trott,Saeed Ajmal,0,0,,,,,,,,,
426428,2010,2010-09-10,Riverside Ground,1,29.5,England,Pakistan,PD Collingwood,IJL Trott,Saeed Ajmal,0,0,,,,,,,,,
426428,2010,2010-09-10,Riverside Ground,1,29.6,England,Pakistan,PD Collingwood,IJL Trott,Saeed Ajmal,0,0,,,,,,caught,PD Collingwood,,
426428,2010,2010-09-10,Riverside Ground,1,29.7,England,Pakistan,IJL Trott,EJG Morgan,Saeed Ajmal,2,0,,,,,,,,,
426428,2010,2010-09-10,Riverside Ground,1,30.1,England,Pakistan,EJG Morgan,IJL Trott,Shoaib Akhtar,1,0,,,,,,,,,
426428,2010,2010-09-10,Riverside Ground,1,30.2,England,Pakistan,IJL Trott,EJG Morgan,Shoaib Akhtar,1,0,,,,,,,,,
426428,2010,2010-09-10,Riverside Ground,1,30.3,England,Pakistan,EJG Morgan,IJL Trott,Shoaib Akhtar,1,0,,,,,,,,,
426428,2010,2010-09-10,Riverside Ground,1,30.4,England,Pakistan,IJL Trott,EJG Morgan,Shoaib Akhtar,4,0,,,,,,,,,
426428,2010,2010-09-10,Riverside Ground,1,30.5,England,Pakistan,IJL Trott,EJG Morgan,Shoaib Akhtar,1,0,,,,,,,,,
426428,2010,2010-09-10,Riverside Ground,1,30.6,England,Pakistan,EJG Morgan,IJL Trott,Shoaib Akhtar,0,0,,,,,,,,,
426428,2010,2010-09-10,Riverside Ground,1,31.1,England,Pakistan,IJL Trott,EJG Morgan,Saeed Ajmal,1,0,,,,,,,,,
426428,2010,2010-09-10,Riverside Ground,1,31.2,England,Pakistan,EJG Morgan,IJL Trott,Saeed Ajmal,4,0,,,,,,,,,
426428,2010,2010-09-10,Riverside Ground,1,31.3,England,Pakistan,EJG Morgan,IJL Trott,Saeed Ajmal,1,0,,,,,,,,,
426428,2010,2010-09-10,Riverside Ground,1,31.4,England,Pakistan,IJL Trott,EJG Morgan,Saeed Ajmal,0,0,,,,,,,,,
426428,2010,2010-09-10,Riverside Ground,1,31.5,England,Pakistan,IJL Trott,EJG Morgan,Saeed Ajmal,1,0,,,,,,,,,
426428,2010,2010-09-10,Riverside Ground,1,31.6,England,Pakistan,EJG Morgan,IJL Trott,Saeed Ajmal,0,0,,,,,,,,,
426428,2010,2010-09-10,Riverside Ground,1,32.1,England,Pakistan,IJL Trott,EJG Morgan,Shoaib Akhtar,1,0,,,,,,,,,
426428,2010,2010-09-10,Riverside Ground,1,32.2,England,Pakistan,EJG Morgan,IJL Trott,Shoaib Akhtar,0,0,,,,,,,,,
426428,2010,2010-09-10,Riverside Ground,1,32.3,England,Pakistan,EJG Morgan,IJL Trott,Shoaib Akhtar,1,0,,,,,,,,,
426428,2010,2010-09-10,Riverside Ground,1,32.4,England,Pakistan,IJL Trott,EJG Morgan,Shoaib Akhtar,1,0,,,,,,,,,
426428,2010,2010-09-10,Riverside Ground,1,32.5,England,Pakistan,EJG Morgan,IJL Trott,Shoaib Akhtar,0,1,1,,,,,,,,
426428,2010,2010-09-10,Riverside Ground,1,32.6,England,Pakistan,EJG Morgan,IJL Trott,Shoaib Akhtar,4,0,,,,,,,,,
426428,2010,2010-09-10,Riverside Ground,1,32.7,England,Pakistan,EJG Morgan,IJL Trott,Shoaib Akhtar,1,0,,,,,,,,,
426428,2010,2010-09-10,Riverside Ground,1,33.1,England,Pakistan,EJG Morgan,IJL Trott,Shahid Afridi,0,0,,,,,,caught,EJG Morgan,,
426428,2010,2010-09-10,Riverside Ground,1,33.2,England,Pakistan,RS Bopara,IJL Trott,Shahid Afridi,0,5,5,,,,,,,,
426428,2010,2010-09-10,Riverside Ground,1,33.3,England,Pakistan,RS Bopara,IJL Trott,Shahid Afridi,0,0,,,,,,,,,
426428,2010,2010-09-10,Riverside Ground,1,33.4,England,Pakistan,RS Bopara,IJL Trott,Shahid Afridi,1,0,,,,,,,,,
426428,2010,2010-09-10,Riverside Ground,1,33.5,England,Pakistan,IJL Trott,RS Bopara,Shahid Afridi,1,0,,,,,,,,,
426428,2010,2010-09-10,Riverside Ground,1,33.6,England,Pakistan,RS Bopara,IJL Trott,Shahid Afridi,1,0,,,,,,,,,
426428,2010,2010-09-10,Riverside Ground,1,33.7,England,Pakistan,IJL Trott,RS Bopara,Shahid Afridi,2,0,,,,,,,,,
426428,2010,2010-09-10,Riverside Ground,1,34.1,England,Pakistan,RS Bopara,IJL Trott,Shoaib Akhtar,0,0,,,,,,,,,
426428,2010,2010-09-10,Riverside Ground,1,34.2,England,Pakistan,RS Bopara,IJL Trott,Shoaib Akhtar,0,0,,,,,,,,,
426428,2010,2010-09-10,Riverside Ground,1,34.3,England,Pakistan,RS Bopara,IJL Trott,Shoaib Akhtar,0,0,,,,,,,,,
426428,2010,2010-09-10,Riverside Ground,1,34.4,England,Pakistan,RS Bopara,IJL Trott,Shoaib Akhtar,0,0,,,,,,,,,
426428,2010,2010-09-10,Riverside Ground,1,34.5,England,Pakistan,RS Bopara,IJL Trott,Shoaib Akhtar,1,0,,,,,,,,,
426428,2010,2010-09-10,Riverside Ground,1,34.6,England,Pakistan,IJL Trott,RS Bopara,Shoaib Akhtar,1,0,,,,,,,,,
426428,2010,2010-09-10,Riverside Ground,1,35.1,England,Pakistan,IJL Trott,RS Bopara,Shahid Afridi,0,0,,,,,,,,,
426428,2010,2010-09-10,Riverside Ground,1,35.2,England,Pakistan,IJL Trott,RS Bopara,Shahid Afridi,4,0,,,,,,,,,
426428,2010,2010-09-10,Riverside Ground,1,35.3,England,Pakistan,IJL Trott,RS Bopara,Shahid Afridi,1,0,,,,,,,,,
426428,2010,2010-09-10,Riverside Ground,1,35.4,England,Pakistan,RS Bopara,IJL Trott,Shahid Afridi,1,0,,,,,,,,,
426428,2010,2010-09-10,Riverside Ground,1,35.5,England,Pakistan,IJL Trott,RS Bopara,Shahid Afridi,1,0,,,,,,,,,
426428,2010,2010-09-10,Riverside Ground,1,35.6,England,Pakistan,RS Bopara,IJL Trott,Shahid Afridi,2,0,,,,,,,,,
426428,2010,2010-09-10,Riverside Ground,1,36.1,England,Pakistan,IJL Trott,RS Bopara,Umar Gul,4,0,,,,,,,,,
426428,2010,2010-09-10,Riverside Ground,1,36.2,England,Pakistan,IJL Trott,RS Bopara,Umar Gul,1,0,,,,,,,,,
426428,2010,2010-09-10,Riverside Ground,1,36.3,England,Pakistan,RS Bopara,IJL Trott,Umar Gul,0,0,,,,,,,,,
426428,2010,2010-09-10,Riverside Ground,1,36.4,England,Pakistan,RS Bopara,IJL Trott,Umar Gul,0,0,,,,,,,,,
426428,2010,2010-09-10,Riverside Ground,1,36.5,England,Pakistan,RS Bopara,IJL Trott,Umar Gul,6,0,,,,,,,,,
426428,2010,2010-09-10,Riverside Ground,1,36.6,England,Pakistan,RS Bopara,IJL Trott,Umar Gul,1,0,,,,,,,,,
426428,2010,2010-09-10,Riverside Ground,1,37.1,England,Pakistan,RS Bopara,IJL Trott,Saeed Ajmal,1,0,,,,,,,,,
426428,2010,2010-09-10,Riverside Ground,1,37.2,England,Pakistan,IJL Trott,RS Bopara,Saeed Ajmal,4,0,,,,,,,,,
426428,2010,2010-09-10,Riverside Ground,1,37.3,England,Pakistan,IJL Trott,RS Bopara,Saeed Ajmal,2,0,,,,,,,,,
426428,2010,2010-09-10,Riverside Ground,1,37.4,England,Pakistan,IJL Trott,RS Bopara,Saeed Ajmal,0,0,,,,,,,,,
426428,2010,2010-09-10,Riverside Ground,1,37.5,England,Pakistan,IJL Trott,RS Bopara,Saeed Ajmal,1,0,,,,,,,,,
426428,2010,2010-09-10,Riverside Ground,1,37.6,England,Pakistan,RS Bopara,IJL Trott,Saeed Ajmal,1,0,,,,,,,,,
426428,2010,2010-09-10,Riverside Ground,1,38.1,England,Pakistan,RS Bopara,IJL Trott,Shahid Afridi,0,1,,,,1,,,,,
426428,2010,2010-09-10,Riverside Ground,1,38.2,England,Pakistan,IJL Trott,RS Bopara,Shahid Afridi,1,0,,,,,,,,,
426428,2010,2010-09-10,Riverside Ground,1,38.3,England,Pakistan,RS Bopara,IJL Trott,Shahid Afridi,0,0,,,,,,,,,
426428,2010,2010-09-10,Riverside Ground,1,38.4,England,Pakistan,RS Bopara,IJL Trott,Shahid Afridi,1,0,,,,,,,,,
426428,2010,2010-09-10,Riverside Ground,1,38.5,England,Pakistan,IJL Trott,RS Bopara,Shahid Afridi,0,0,,,,,,,,,
426428,2010,2010-09-10,Riverside Ground,1,38.6,England,Pakistan,IJL Trott,RS Bopara,Shahid Afridi,0,0,,,,,,,,,
426428,2010,2010-09-10,Riverside Ground,1,39.1,England,Pakistan,RS Bopara,IJL Trott,Saeed Ajmal,2,0,,,,,,,,,
426428,2010,2010-09-10,Riverside Ground,1,39.2,England,Pakistan,RS Bopara,IJL Trott,Saeed Ajmal,1,0,,,,,,,,,
426428,2010,2010-09-10,Riverside Ground,1,39.3,England,Pakistan,IJL Trott,RS Bopara,Saeed Ajmal,0,0,,,,,,bowled,IJL Trott,,
426428,2010,2010-09-10,Riverside Ground,1,39.4,England,Pakistan,TT Bresnan,RS Bopara,Saeed Ajmal,1,0,,,,,,,,,
426428,2010,2010-09-10,Riverside Ground,1,39.5,England,Pakistan,RS Bopara,TT Bresnan,Saeed Ajmal,1,0,,,,,,run out,TT Bresnan,,
426428,2010,2010-09-10,Riverside Ground,1,39.6,England,Pakistan,RS Bopara,MH Yardy,Saeed Ajmal,6,0,,,,,,,,,
426428,2010,2010-09-10,Riverside Ground,1,40.1,England,Pakistan,MH Yardy,RS Bopara,Umar Gul,0,1,,,,1,,,,,
426428,2010,2010-09-10,Riverside Ground,1,40.2,England,Pakistan,RS Bopara,MH Yardy,Umar Gul,1,0,,,,,,,,,
426428,2010,2010-09-10,Riverside Ground,1,40.3,England,Pakistan,MH Yardy,RS Bopara,Umar Gul,1,0,,,,,,,,,
426428,2010,2010-09-10,Riverside Ground,1,40.4,England,Pakistan,RS Bopara,MH Yardy,Umar Gul,2,0,,,,,,,,,
426428,2010,2010-09-10,Riverside Ground,1,40.5,England,Pakistan,RS Bopara,MH Yardy,Umar Gul,6,0,,,,,,,,,
426428,2010,2010-09-10,Riverside Ground,1,40.6,England,Pakistan,RS Bopara,MH Yardy,Umar Gul,0,2,,,2,,,,,,
426428,2010,2010-09-10,Riverside Ground,2,0.1,Pakistan,England,Kamran Akmal,Mohammad Hafeez,JM Anderson,0,1,1,,,,,,,,
426428,2010,2010-09-10,Riverside Ground,2,0.2,Pakistan,England,Kamran Akmal,Mohammad Hafeez,JM Anderson,0,0,,,,,,,,,
426428,2010,2010-09-10,Riverside Ground,2,0.3,Pakistan,England,Kamran Akmal,Mohammad Hafeez,JM Anderson,0,0,,,,,,,,,
426428,2010,2010-09-10,Riverside Ground,2,0.4,Pakistan,England,Kamran Akmal,Mohammad Hafeez,JM Anderson,0,0,,,,,,,,,
426428,2010,2010-09-10,Riverside Ground,2,0.5,Pakistan,England,Kamran Akmal,Mohammad Hafeez,JM Anderson,0,0,,,,,,,,,
426428,2010,2010-09-10,Riverside Ground,2,0.6,Pakistan,England,Kamran Akmal,Mohammad Hafeez,JM Anderson,0,0,,,,,,,,,
426428,2010,2010-09-10,Riverside Ground,2,0.7,Pakistan,England,Kamran Akmal,Mohammad Hafeez,JM Anderson,4,0,,,,,,,,,
426428,2010,2010-09-10,Riverside Ground,2,1.1,Pakistan,England,Mohammad Hafeez,Kamran Akmal,TT Bresnan,0,0,,,,,,,,,
426428,2010,2010-09-10,Riverside Ground,2,1.2,Pakistan,England,Mohammad Hafeez,Kamran Akmal,TT Bresnan,0,0,,,,,,,,,
426428,2010,2010-09-10,Riverside Ground,2,1.3,Pakistan,England,Mohammad Hafeez,Kamran Akmal,TT Bresnan,0,0,,,,,,,,,
426428,2010,2010-09-10,Riverside Ground,2,1.4,Pakistan,England,Mohammad Hafeez,Kamran Akmal,TT Bresnan,0,0,,,,,,,,,
426428,2010,2010-09-10,Riverside Ground,2,1.5,Pakistan,England,Mohammad Hafeez,Kamran Akmal,TT Bresnan,0,0,,,,,,,,,
426428,2010,2010-09-10,Riverside Ground,2,1.6,Pakistan,England,Mohammad Hafeez,Kamran Akmal,TT Bresnan,1,0,,,,,,,,,
426428,2010,2010-09-10,Riverside Ground,2,2.1,Pakistan,England,Mohammad Hafeez,Kamran Akmal,JM Anderson,2,0,,,,,,,,,
426428,2010,2010-09-10,Riverside Ground,2,2.2,Pakistan,England,Mohammad Hafeez,Kamran Akmal,JM Anderson,0,0,,,,,,,,,
426428,2010,2010-09-10,Riverside Ground,2,2.3,Pakistan,England,Mohammad Hafeez,Kamran Akmal,JM Anderson,0,0,,,,,,,,,
426428,2010,2010-09-10,Riverside Ground,2,2.4,Pakistan,England,Mohammad Hafeez,Kamran Akmal,JM Anderson,0,0,,,,,,,,,
426428,2010,2010-09-10,Riverside Ground,2,2.5,Pakistan,England,Mohammad Hafeez,Kamran Akmal,JM Anderson,1,0,,,,,,,,,
426428,2010,2010-09-10,Riverside Ground,2,2.6,Pakistan,England,Kamran Akmal,Mohammad Hafeez,JM Anderson,1,0,,,,,,,,,
426428,2010,2010-09-10,Riverside Ground,2,3.1,Pakistan,England,Kamran Akmal,Mohammad Hafeez,TT Bresnan,4,0,,,,,,,,,
426428,2010,2010-09-10,Riverside Ground,2,3.2,Pakistan,England,Kamran Akmal,Mohammad Hafeez,TT Bresnan,0,0,,,,,,,,,
426428,2010,2010-09-10,Riverside Ground,2,3.3,Pakistan,England,Kamran Akmal,Mohammad Hafeez,TT Bresnan,0,0,,,,,,,,,
426428,2010,2010-09-10,Riverside Ground,2,3.4,Pakistan,England,Kamran Akmal,Mohammad Hafeez,TT Bresnan,2,0,,,,,,,,,
426428,2010,2010-09-10,Riverside Ground,2,3.5,Pakistan,England,Kamran Akmal,Mohammad Hafeez,TT Bresnan,0,0,,,,,,,,,
426428,2010,2010-09-10,Riverside Ground,2,3.6,Pakistan,England,Kamran Akmal,Mohammad Hafeez,TT Bresnan,0,0,,,,,,,,,
426428,2010,2010-09-10,Riverside Ground,2,4.1,Pakistan,England,Mohammad Hafeez,Kamran Akmal,JM Anderson,1,0,,,,,,,,,
426428,2010,2010-09-10,Riverside Ground,2,4.2,Pakistan,England,Kamran Akmal,Mohammad Hafeez,JM Anderson,0,0,,,,,,,,,
426428,2010,2010-09-10,Riverside Ground,2,4.3,Pakistan,England,Kamran Akmal,Mohammad Hafeez,JM Anderson,0,0,,,,,,,,,
426428,2010,2010-09-10,Riverside Ground,2,4.4,Pakistan,England,Kamran Akmal,Mohammad Hafeez,JM Anderson,0,0,,,,,,,,,
426428,2010,2010-09-10,Riverside Ground,2,4.5,Pakistan,England,Kamran Akmal,Mohammad Hafeez,JM Anderson,0,0,,,,,,,,,
426428,2010,2010-09-10,Riverside Ground,2,4.6,Pakistan,England,Kamran Akmal,Mohammad Hafeez,JM Anderson,0,0,,,,,,,,,
426428,2010,2010-09-10,Riverside Ground,2,5.1,Pakistan,England,Mohammad Hafeez,Kamran Akmal,TT Bresnan,0,0,,,,,,,,,
426428,2010,2010-09-10,Riverside Ground,2,5.2,Pakistan,England,Mohammad Hafeez,Kamran Akmal,TT Bresnan,4,0,,,,,,,,,
426428,2010,2010-09-10,Riverside Ground,2,5.3,Pakistan,England,Mohammad Hafeez,Kamran Akmal,TT Bresnan,0,0,,,,,,,,,
426428,2010,2010-09-10,Riverside Ground,2,5.4,Pakistan,England,Mohammad Hafeez,Kamran Akmal,TT Bresnan,4,0,,,,,,,,,
426428,2010,2010-09-10,Riverside Ground,2,5.5,Pakistan,England,Mohammad Hafeez,Kamran Akmal,TT Bresnan,0,0,,,,,,,,,
426428,2010,2010-09-10,Riverside Ground,2,5.6,Pakistan,England,Mohammad Hafeez,Kamran Akmal,TT Bresnan,0,0,,,,,,,,,
426428,2010,2010-09-10,Riverside Ground,2,6.1,Pakistan,England,Kamran Akmal,Mohammad Hafeez,SCJ Broad,0,0,,,,,,,,,
426428,2010,2010-09-10,Riverside Ground,2,6.2,Pakistan,England,Kamran Akmal,Mohammad Hafeez,SCJ Broad,0,1,,1,,,,,,,
426428,2010,2010-09-10,Riverside Ground,2,6.3,Pakistan,England,Kamran Akmal,Mohammad Hafeez,SCJ Broad,1,0,,,,,,,,,
426428,2010,2010-09-10,Riverside Ground,2,6.4,Pakistan,England,Mohammad Hafeez,Kamran Akmal,SCJ Broad,0,0,,,,,,,,,
426428,2010,2010-09-10,Riverside Ground,2,6.5,Pakistan,England,Mohammad Hafeez,Kamran Akmal,SCJ Broad,1,0,,,,,,,,,
426428,2010,2010-09-10,Riverside Ground,2,6.6,Pakistan,England,Kamran Akmal,Mohammad Hafeez,SCJ Broad,4,0,,,,,,,,,
426428,2010,2010-09-10,Riverside Ground,2,6.7,Pakistan,England,Kamran Akmal,Mohammad Hafeez,SCJ Broad,0,0,,,,,,,,,
426428,2010,2010-09-10,Riverside Ground,2,7.1,Pakistan,England,Mohammad Hafeez,Kamran Akmal,TT Bresnan,4,0,,,,,,,,,
426428,2010,2010-09-10,Riverside Ground,2,7.2,Pakistan,England,Mohammad Hafeez,Kamran Akmal,TT Bresnan,1,0,,,,,,,,,
426428,2010,2010-09-10,Riverside Ground,2,7.3,Pakistan,England,Kamran Akmal,Mohammad Hafeez,TT Bresnan,4,0,,,,,,,,,
426428,2010,2010-09-10,Riverside Ground,2,7.4,Pakistan,England,Kamran Akmal,Mohammad Hafeez,TT Bresnan,0,0,,,,,,,,,
426428,2010,2010-09-10,Riverside Ground,2,7.5,Pakistan,England,Kamran Akmal,Mohammad Hafeez,TT Bresnan,0,0,,,,,,,,,
426428,2010,2010-09-10,Riverside Ground,2,7.6,Pakistan,England,Kamran Akmal,Mohammad Hafeez,TT Bresnan,0,0,,,,,,,,,
426428,2010,2010-09-10,Riverside Ground,2,8.1,Pakistan,England,Mohammad Hafeez,Kamran Akmal,SCJ Broad,1,0,,,,,,,,,
426428,2010,2010-09-10,Riverside Ground,2,8.2,Pakistan,England,Kamran Akmal,Mohammad Hafeez,SCJ Broad,0,0,,,,,,,,,
426428,2010,2010-09-10,Riverside Ground,2,8.3,Pakistan,England,Kamran Akmal,Mohammad Hafeez,SCJ Broad,1,0,,,,,,,,,
426428,2010,2010-09-10,Riverside Ground,2,8.4,Pakistan,England,Mohammad Hafeez,Kamran Akmal,SCJ Broad,0,0,,,,,,,,,
426428,2010,2010-09-10,Riverside Ground,2,8.5,Pakistan,England,Mohammad Hafeez,Kamran Akmal,SCJ Broad,0,0,,,,,,,,,
426428,2010,2010-09-10,Riverside Ground,2,8.6,Pakistan,England,Mohammad Hafeez,Kamran Akmal,SCJ Broad,0,0,,,,,,,,,
426428,2010,2010-09-10,Riverside Ground,2,9.1,Pakistan,England,Kamran Akmal,Mohammad Hafeez,JM Anderson,0,0,,,,,,,,,
426428,2010,2010-09-10,Riverside Ground,2,9.2,Pakistan,England,Kamran Akmal,Mohammad Hafeez,JM Anderson,0,0,,,,,,,,,
426428,2010,2010-09-10,Riverside Ground,2,9.3,Pakistan,England,Kamran Akmal,Mohammad Hafeez,JM Anderson,0,0,,,,,,,,,
426428,2010,2010-09-10,Riverside Ground,2,9.4,Pakistan,England,Kamran Akmal,Mohammad Hafeez,JM Anderson,1,0,,,,,,,,,
426428,2010,2010-09-10,Riverside Ground,2,9.5,Pakistan,England,Mohammad Hafeez,Kamran Akmal,JM Anderson,0,0,,,,,,,,,
426428,2010,2010-09-10,Riverside Ground,2,9.6,Pakistan,England,Mohammad Hafeez,Kamran Akmal,JM Anderson,1,0,,,,,,,,,
426428,2010,2010-09-10,Riverside Ground,2,10.1,Pakistan,England,Mohammad Hafeez,Kamran Akmal,SCJ Broad,0,0,,,,,,,,,
426428,2010,2010-09-10,Riverside Ground,2,10.2,Pakistan,England,Mohammad Hafeez,Kamran Akmal,SCJ Broad,0,0,,,,,,,,,
426428,2010,2010-09-10,Riverside Ground,2,10.3,Pakistan,England,Mohammad Hafeez,Kamran Akmal,SCJ Broad,0,0,,,,,,,,,
426428,2010,2010-09-10,Riverside Ground,2,10.4,Pakistan,England,Mohammad Hafeez,Kamran Akmal,SCJ Broad,0,0,,,,,,,,,
426428,2010,2010-09-10,Riverside Ground,2,10.5,Pakistan,England,Mohammad Hafeez,Kamran Akmal,SCJ Broad,2,1,,1,,,,,,,
426428,2010,2010-09-10,Riverside Ground,2,10.6,Pakistan,England,Mohammad Hafeez,Kamran Akmal,SCJ Broad,1,0,,,,,,,,,
426428,2010,2010-09-10,Riverside Ground,2,10.7,Pakistan,England,Kamran Akmal,Mohammad Hafeez,SCJ Broad,4,0,,,,,,,,,
426428,2010,2010-09-10,Riverside Ground,2,11.1,Pakistan,England,Mohammad Hafeez,Kamran Akmal,JM Anderson,0,0,,,,,,,,,
426428,2010,2010-09-10,Riverside Ground,2,11.2,Pakistan,England,Mohammad Hafeez,Kamran Akmal,JM Anderson,1,0,,,,,,,,,
426428,2010,2010-09-10,Riverside Ground,2,11.3,Pakistan,England,Kamran Akmal,Mohammad Hafeez,JM Anderson,3,0,,,,,,,,,
426428,2010,2010-09-10,Riverside Ground,2,11.4,Pakistan,England,Mohammad Hafeez,Kamran Akmal,JM Anderson,1,0,,,,,,,,,
426428,2010,2010-09-10,Riverside Ground,2,11.5,Pakistan,England,Kamran Akmal,Mohammad Hafeez,JM Anderson,0,0,,,,,,,,,
426428,2010,2010-09-10,Riverside Ground,2,11.6,Pakistan,England,Kamran Akmal,Mohammad Hafeez,JM Anderson,0,0,,,,,,,,,
426428,2010,2010-09-10,Riverside Ground,2,12.1,Pakistan,England,Mohammad Hafeez,Kamran Akmal,GP Swann,0,0,,,,,,,,,
426428,2010,2010-09-10,Riverside Ground,2,12.2,Pakistan,England,Mohammad Hafeez,Kamran Akmal,GP Swann,4,0,,,,,,,,,
426428,2010,2010-09-10,Riverside Ground,2,12.3,Pakistan,England,Mohammad Hafeez,Kamran Akmal,GP Swann,0,0,,,,,,,,,
426428,2010,2010-09-10,Riverside Ground,2,12.4,Pakistan,England,Mohammad Hafeez,Kamran Akmal,GP Swann,0,0,,,,,,,,,
426428,2010,2010-09-10,Riverside Ground,2,12.5,Pakistan,England,Mohammad Hafeez,Kamran Akmal,GP Swann,0,0,,,,,,caught,Mohammad Hafeez,,
426428,2010,2010-09-10,Riverside Ground,2,12.6,Pakistan,England,Kamran Akmal,Mohammad Yousuf,GP Swann,4,0,,,,,,,,,
426428,2010,2010-09-10,Riverside Ground,2,13.1,Pakistan,England,Mohammad Yousuf,Kamran Akmal,MH Yardy,0,0,,,,,,,,,
426428,2010,2010-09-10,Riverside Ground,2,13.2,Pakistan,England,Mohammad Yousuf,Kamran Akmal,MH Yardy,0,0,,,,,,,,,
426428,2010,2010-09-10,Riverside Ground,2,13.3,Pakistan,England,Mohammad Yousuf,Kamran Akmal,MH Yardy,0,0,,,,,,,,,
426428,2010,2010-09-10,Riverside Ground,2,13.4,Pakistan,England,Mohammad Yousuf,Kamran Akmal,MH Yardy,1,0,,,,,,,,,
426428,2010,2010-09-10,Riverside Ground,2,13.5,Pakistan,England,Kamran Akmal,Mohammad Yousuf,MH Yardy,0,0,,,,,,,,,
426428,2010,2010-09-10,Riverside Ground,2,13.6,Pakistan,England,Kamran Akmal,Mohammad Yousuf,MH Yardy,1,0,,,,,,,,,
426428,2010,2010-09-10,Riverside Ground,2,14.1,Pakistan,England,Kamran Akmal,Mohammad Yousuf,GP Swann,0,0,,,,,,,,,
426428,2010,2010-09-10,Riverside Ground,2,14.2,Pakistan,England,Kamran Akmal,Mohammad Yousuf,GP Swann,1,0,,,,,,,,,
426428,2010,2010-09-10,Riverside Ground,2,14.3,Pakistan,England,Mohammad Yousuf,Kamran Akmal,GP Swann,0,0,,,,,,,,,
426428,2010,2010-09-10,Riverside Ground,2,14.4,Pakistan,England,Mohammad Yousuf,Kamran Akmal,GP Swann,1,0,,,,,,,,,
426428,2010,2010-09-10,Riverside Ground,2,14.5,Pakistan,England,Kamran Akmal,Mohammad Yousuf,GP Swann,1,0,,,,,,,,,
426428,2010,2010-09-10,Riverside Ground,2,14.6,Pakistan,England,Mohammad Yousuf,Kamran Akmal,GP Swann,0,0,,,,,,,,,
426428,2010,2010-09-10,Riverside Ground,2,15.1,Pakistan,England,Kamran Akmal,Mohammad Yousuf,MH Yardy,0,0,,,,,,,,,
426428,2010,2010-09-10,Riverside Ground,2,15.2,Pakistan,England,Kamran Akmal,Mohammad Yousuf,MH Yardy,1,0,,,,,,,,,
426428,2010,2010-09-10,Riverside Ground,2,15.3,Pakistan,England,Mohammad Yousuf,Kamran Akmal,MH Yardy,4,0,,,,,,,,,
426428,2010,2010-09-10,Riverside Ground,2,15.4,Pakistan,England,Mohammad Yousuf,Kamran Akmal,MH Yardy,1,0,,,,,,,,,
426428,2010,2010-09-10,Riverside Ground,2,15.5,Pakistan,England,Kamran Akmal,Mohammad Yousuf,MH Yardy,1,0,,,,,,,,,
426428,2010,2010-09-10,Riverside Ground,2,15.6,Pakistan,England,Mohammad Yousuf,Kamran Akmal,MH Yardy,0,0,,,,,,,,,
426428,2010,2010-09-10,Riverside Ground,2,16.1,Pakistan,England,Kamran Akmal,Mohammad Yousuf,GP Swann,0,0,,,,,,,,,
426428,2010,2010-09-10,Riverside Ground,2,16.2,Pakistan,England,Kamran Akmal,Mohammad Yousuf,GP Swann,0,0,,,,,,,,,
426428,2010,2010-09-10,Riverside Ground,2,16.3,Pakistan,England,Kamran Akmal,Mohammad Yousuf,GP Swann,1,0,,,,,,,,,
426428,2010,2010-09-10,Riverside Ground,2,16.4,Pakistan,England,Mohammad Yousuf,Kamran Akmal,GP Swann,0,0,,,,,,,,,
426428,2010,2010-09-10,Riverside Ground,2,16.5,Pakistan,England,Mohammad Yousuf,Kamran Akmal,GP Swann,1,0,,,,,,,,,
426428,2010,2010-09-10,Riverside Ground,2,16.6,Pakistan,England,Kamran Akmal,Mohammad Yousuf,GP Swann,2,0,,,,,,,,,
426428,2010,2010-09-10,Riverside Ground,2,17.1,Pakistan,England,Mohammad Yousuf,Kamran Akmal,MH Yardy,0,0,,,,,,lbw,Mohammad Yousuf,,
426428,2010,2010-09-10,Riverside Ground,2,17.2,Pakistan,England,Fawad Alam,Kamran Akmal,MH Yardy,1,0,,,,,,,,,
426428,2010,2010-09-10,Riverside Ground,2,17.3,Pakistan,England,Kamran Akmal,Fawad Alam,MH Yardy,1,0,,,,,,,,,
426428,2010,2010-09-10,Riverside Ground,2,17.4,Pakistan,England,Fawad Alam,Kamran Akmal,MH Yardy,2,0,,,,,,,,,
426428,2010,2010-09-10,Riverside Ground,2,17.5,Pakistan,England,Fawad Alam,Kamran Akmal,MH Yardy,1,0,,,,,,,,,
426428,2010,2010-09-10,Riverside Ground,2,17.6,Pakistan,England,Kamran Akmal,Fawad Alam,MH Yardy,2,0,,,,,,,,,
426428,2010,2010-09-10,Riverside Ground,2,18.1,Pakistan,England,Fawad Alam,Kamran Akmal,GP Swann,0,0,,,,,,,,,
426428,2010,2010-09-10,Riverside Ground,2,18.2,Pakistan,England,Fawad Alam,Kamran Akmal,GP Swann,0,0,,,,,,,,,
426428,2010,2010-09-10,Riverside Ground,2,18.3,Pakistan,England,Fawad Alam,Kamran Akmal,GP Swann,1,0,,,,,,,,,
426428,2010,2010-09-10,Riverside Ground,2,18.4,Pakistan,England,Kamran Akmal,Fawad Alam,GP Swann,1,0,,,,,,,,,
426428,2010,2010-09-10,Riverside Ground,2,18.5,Pakistan,England,Fawad Alam,Kamran Akmal,GP Swann,1,0,,,,,,,,,
426428,2010,2010-09-10,Riverside Ground,2,18.6,Pakistan,England,Kamran Akmal,Fawad Alam,GP Swann,0,0,,,,,,,,,
426428,2010,2010-09-10,Riverside Ground,2,19.1,Pakistan,England,Fawad Alam,Kamran Akmal,MH Yardy,0,0,,,,,,,,,
426428,2010,2010-09-10,Riverside Ground,2,19.2,Pakistan,England,Fawad Alam,Kamran Akmal,MH Yardy,1,0,,,,,,,,,
426428,2010,2010-09-10,Riverside Ground,2,19.3,Pakistan,England,Kamran Akmal,Fawad Alam,MH Yardy,4,0,,,,,,,,,
426428,2010,2010-09-10,Riverside Ground,2,19.4,Pakistan,England,Kamran Akmal,Fawad Alam,MH Yardy,1,0,,,,,,,,,
426428,2010,2010-09-10,Riverside Ground,2,19.5,Pakistan,England,Fawad Alam,Kamran Akmal,MH Yardy,1,0,,,,,,,,,
426428,2010,2010-09-10,Riverside Ground,2,19.6,Pakistan,England,Kamran Akmal,Fawad Alam,MH Yardy,0,0,,,,,,,,,
426428,2010,2010-09-10,Riverside Ground,2,20.1,Pakistan,England,Fawad Alam,Kamran Akmal,GP Swann,4,0,,,,,,,,,
426428,2010,2010-09-10,Riverside Ground,2,20.2,Pakistan,England,Fawad Alam,Kamran Akmal,GP Swann,0,0,,,,,,,,,
426428,2010,2010-09-10,Riverside Ground,2,20.3,Pakistan,England,Fawad Alam,Kamran Akmal,GP Swann,0,0,,,,,,,,,
426428,2010,2010-09-10,Riverside Ground,2,20.4,Pakistan,England,Fawad Alam,Kamran Akmal,GP Swann,4,0,,,,,,,,,
426428,2010,2010-09-10,Riverside Ground,2,20.5,Pakistan,England,Fawad Alam,Kamran Akmal,GP Swann,0,0,,,,,,,,,
426428,2010,2010-09-10,Riverside Ground,2,20.6,Pakistan,England,Fawad Alam,Kamran Akmal,GP Swann,1,0,,,,,,,,,
426428,2010,2010-09-10,Riverside Ground,2,21.1,Pakistan,England,Fawad Alam,Kamran Akmal,SCJ Broad,0,0,,,,,,,,,
426428,2010,2010-09-10,Riverside Ground,2,21.2,Pakistan,England,Fawad Alam,Kamran Akmal,SCJ Broad,0,0,,,,,,,,,
426428,2010,2010-09-10,Riverside Ground,2,21.3,Pakistan,England,Fawad Alam,Kamran Akmal,SCJ Broad,1,0,,,,,,,,,
426428,2010,2010-09-10,Riverside Ground,2,21.4,Pakistan,England,Kamran Akmal,Fawad Alam,SCJ Broad,0,1,,,,1,,,,,
426428,2010,2010-09-10,Riverside Ground,2,21.5,Pakistan,England,Fawad Alam,Kamran Akmal,SCJ Broad,2,0,,,,,,,,,
426428,2010,2010-09-10,Riverside Ground,2,21.6,Pakistan,England,Fawad Alam,Kamran Akmal,SCJ Broad,0,1,1,,,,,,,,
426428,2010,2010-09-10,Riverside Ground,2,21.7,Pakistan,England,Fawad Alam,Kamran Akmal,SCJ Broad,1,0,,,,,,,,,
426428,2010,2010-09-10,Riverside Ground,2,22.1,Pakistan,England,Fawad Alam,Kamran Akmal,GP Swann,1,0,,,,,,,,,
426428,2010,2010-09-10,Riverside Ground,2,22.2,Pakistan,England,Kamran Akmal,Fawad Alam,GP Swann,1,0,,,,,,,,,
426428,2010,2010-09-10,Riverside Ground,2,22.3,Pakistan,England,Fawad Alam,Kamran Akmal,GP Swann,5,0,,,,,,,,,
426428,2010,2010-09-10,Riverside Ground,2,22.4,Pakistan,England,Kamran Akmal,Fawad Alam,GP Swann,2,0,,,,,,,,,
426428,2010,2010-09-10,Riverside Ground,2,22.5,Pakistan,England,Kamran Akmal,Fawad Alam,GP Swann,0,0,,,,,,caught,Kamran Akmal,,
426428,2010,2010-09-10,Riverside Ground,2,22.6,Pakistan,England,Umar Akmal,Fawad Alam,GP Swann,0,0,,,,,,,,,
426428,2010,2010-09-10,Riverside Ground,2,23.1,Pakistan,England,Fawad Alam,Umar Akmal,SCJ Broad,0,0,,,,,,,,,
426428,2010,2010-09-10,Riverside Ground,2,23.2,Pakistan,England,Fawad Alam,Umar Akmal,SCJ Broad,1,0,,,,,,,,,
426428,2010,2010-09-10,Riverside Ground,2,23.3,Pakistan,England,Umar Akmal,Fawad Alam,SCJ Broad,0,0,,,,,,,,,
426428,2010,2010-09-10,Riverside Ground,2,23.4,Pakistan,England,Umar Akmal,Fawad Alam,SCJ Broad,1,0,,,,,,,,,
426428,2010,2010-09-10,Riverside Ground,2,23.5,Pakistan,England,Fawad Alam,Umar Akmal,SCJ Broad,2,0,,,,,,,,,
426428,2010,2010-09-10,Riverside Ground,2,23.6,Pakistan,England,Fawad Alam,Umar Akmal,SCJ Broad,0,1,1,,,,,,,,
426428,2010,2010-09-10,Riverside Ground,2,23.7,Pakistan,England,Fawad Alam,Umar Akmal,SCJ Broad,1,0,,,,,,,,,
426428,2010,2010-09-10,Riverside Ground,2,24.1,Pakistan,England,Fawad Alam,Umar Akmal,GP Swann,0,0,,,,,,,,,
426428,2010,2010-09-10,Riverside Ground,2,24.2,Pakistan,England,Fawad Alam,Umar Akmal,GP Swann,0,0,,,,,,,,,
426428,2010,2010-09-10,Riverside Ground,2,24.3,Pakistan,England,Fawad Alam,Umar Akmal,GP Swann,1,0,,,,,,,,,
426428,2010,2010-09-10,Riverside Ground,2,24.4,Pakistan,England,Umar Akmal,Fawad Alam,GP Swann,0,0,,,,,,,,,
426428,2010,2010-09-10,Riverside Ground,2,24.5,Pakistan,England,Umar Akmal,Fawad Alam,GP Swann,0,0,,,,,,,,,
426428,2010,2010-09-10,Riverside Ground,2,24.6,Pakistan,England,Umar Akmal,Fawad Alam,GP Swann,1,0,,,,,,,,,
426428,2010,2010-09-10,Riverside Ground,2,25.1,Pakistan,England,Umar Akmal,Fawad Alam,MH Yardy,2,0,,,,,,,,,
426428,2010,2010-09-10,Riverside Ground,2,25.2,Pakistan,England,Umar Akmal,Fawad Alam,MH Yardy,1,0,,,,,,,,,
426428,2010,2010-09-10,Riverside Ground,2,25.3,Pakistan,England,Fawad Alam,Umar Akmal,MH Yardy,0,0,,,,,,,,,
426428,2010,2010-09-10,Riverside Ground,2,25.4,Pakistan,England,Fawad Alam,Umar Akmal,MH Yardy,1,0,,,,,,,,,
426428,2010,2010-09-10,Riverside Ground,2,25.5,Pakistan,England,Umar Akmal,Fawad Alam,MH Yardy,2,0,,,,,,,,,
426428,2010,2010-09-10,Riverside Ground,2,25.6,Pakistan,England,Umar Akmal,Fawad Alam,MH Yardy,1,1,,1,,,,,,,
426428,2010,2010-09-10,Riverside Ground,2,25.7,Pakistan,England,Fawad Alam,Umar Akmal,MH Yardy,2,0,,,,,,,,,
426428,2010,2010-09-10,Riverside Ground,2,26.1,Pakistan,England,Umar Akmal,Fawad Alam,GP Swann,2,0,,,,,,,,,
426428,2010,2010-09-10,Riverside Ground,2,26.2,Pakistan,England,Umar Akmal,Fawad Alam,GP Swann,1,0,,,,,,,,,
426428,2010,2010-09-10,Riverside Ground,2,26.3,Pakistan,England,Fawad Alam,Umar Akmal,GP Swann,1,0,,,,,,,,,
426428,2010,2010-09-10,Riverside Ground,2,26.4,Pakistan,England,Umar Akmal,Fawad Alam,GP Swann,4,0,,,,,,,,,
426428,2010,2010-09-10,Riverside Ground,2,26.5,Pakistan,England,Umar Akmal,Fawad Alam,GP Swann,4,0,,,,,,,,,
426428,2010,2010-09-10,Riverside Ground,2,26.6,Pakistan,England,Umar Akmal,Fawad Alam,GP Swann,0,0,,,,,,,,,
426428,2010,2010-09-10,Riverside Ground,2,27.1,Pakistan,England,Fawad Alam,Umar Akmal,MH Yardy,1,0,,,,,,,,,
426428,2010,2010-09-10,Riverside Ground,2,27.2,Pakistan,England,Umar Akmal,Fawad Alam,MH Yardy,1,0,,,,,,,,,
426428,2010,2010-09-10,Riverside Ground,2,27.3,Pakistan,England,Fawad Alam,Umar Akmal,MH Yardy,0,0,,,,,,,,,
426428,2010,2010-09-10,Riverside Ground,2,27.4,Pakistan,England,Fawad Alam,Umar Akmal,MH Yardy,1,0,,,,,,,,,
426428,2010,2010-09-10,Riverside Ground,2,27.5,Pakistan,England,Umar Akmal,Fawad Alam,MH Yardy,1,0,,,,,,,,,
426428,2010,2010-09-10,Riverside Ground,2,27.6,Pakistan,England,Fawad Alam,Umar Akmal,MH Yardy,1,0,,,,,,,,,
426428,2010,2010-09-10,Riverside Ground,2,28.1,Pakistan,England,Fawad Alam,Umar Akmal,TT Bresnan,0,0,,,,,,caught,Fawad Alam,,
426428,2010,2010-09-10,Riverside Ground,2,28.2,Pakistan,England,Shahid Afridi,Umar Akmal,TT Bresnan,1,0,,,,,,,,,
426428,2010,2010-09-10,Riverside Ground,2,28.3,Pakistan,England,Umar Akmal,Shahid Afridi,TT Bresnan,0,0,,,,,,,,,
426428,2010,2010-09-10,Riverside Ground,2,28.4,Pakistan,England,Umar Akmal,Shahid Afridi,TT Bresnan,0,0,,,,,,,,,
426428,2010,2010-09-10,Riverside Ground,2,28.5,Pakistan,England,Umar Akmal,Shahid Afridi,TT Bresnan,0,0,,,,,,,,,
426428,2010,2010-09-10,Riverside Ground,2,28.6,Pakistan,England,Umar Akmal,Shahid Afridi,TT Bresnan,1,0,,,,,,,,,
426428,2010,2010-09-10,Riverside Ground,2,29.1,Pakistan,England,Umar Akmal,Shahid Afridi,MH Yardy,0,0,,,,,,,,,
426428,2010,2010-09-10,Riverside Ground,2,29.2,Pakistan,England,Umar Akmal,Shahid Afridi,MH Yardy,1,0,,,,,,,,,
426428,2010,2010-09-10,Riverside Ground,2,29.3,Pakistan,England,Shahid Afridi,Umar Akmal,MH Yardy,1,0,,,,,,,,,
426428,2010,2010-09-10,Riverside Ground,2,29.4,Pakistan,England,Umar Akmal,Shahid Afridi,MH Yardy,0,0,,,,,,,,,
426428,2010,2010-09-10,Riverside Ground,2,29.5,Pakistan,England,Umar Akmal,Shahid Afridi,MH Yardy,1,0,,,,,,,,,
426428,2010,2010-09-10,Riverside Ground,2,29.6,Pakistan,England,Shahid Afridi,Umar Akmal,MH Yardy,1,0,,,,,,,,,
426428,2010,2010-09-10,Riverside Ground,2,30.1,Pakistan,England,Shahid Afridi,Umar Akmal,SCJ Broad,0,0,,,,,,,,,
426428,2010,2010-09-10,Riverside Ground,2,30.2,Pakistan,England,Shahid Afridi,Umar Akmal,SCJ Broad,2,0,,,,,,,,,
426428,2010,2010-09-10,Riverside Ground,2,30.3,Pakistan,England,Shahid Afridi,Umar Akmal,SCJ Broad,0,0,,,,,,,,,
426428,2010,2010-09-10,Riverside Ground,2,30.4,Pakistan,England,Shahid Afridi,Umar Akmal,SCJ Broad,0,0,,,,,,,,,
426428,2010,2010-09-10,Riverside Ground,2,30.5,Pakistan,England,Shahid Afridi,Umar Akmal,SCJ Broad,1,0,,,,,,,,,
426428,2010,2010-09-10,Riverside Ground,2,30.6,Pakistan,England,Umar Akmal,Shahid Afridi,SCJ Broad,4,0,,,,,,,,,
426428,2010,2010-09-10,Riverside Ground,2,31.1,Pakistan,England,Shahid Afridi,Umar Akmal,JM Anderson,1,0,,,,,,,,,
426428,2010,2010-09-10,Riverside Ground,2,31.2,Pakistan,England,Umar Akmal,Shahid Afridi,JM Anderson,1,0,,,,,,,,,
426428,2010,2010-09-10,Riverside Ground,2,31.3,Pakistan,England,Shahid Afridi,Umar Akmal,JM Anderson,0,1,1,,,,,,,,
426428,2010,2010-09-10,Riverside Ground,2,31.4,Pakistan,England,Shahid Afridi,Umar Akmal,JM Anderson,0,0,,,,,,,,,
426428,2010,2010-09-10,Riverside Ground,2,31.5,Pakistan,England,Shahid Afridi,Umar Akmal,JM Anderson,1,0,,,,,,,,,
426428,2010,2010-09-10,Riverside Ground,2,31.6,Pakistan,England,Umar Akmal,Shahid Afridi,JM Anderson,1,0,,,,,,,,,
426428,2010,2010-09-10,Riverside Ground,2,31.7,Pakistan,England,Shahid Afridi,Umar Akmal,JM Anderson,0,0,,,,,,,,,
426428,2010,2010-09-10,Riverside Ground,2,32.1,Pakistan,England,Umar Akmal,Shahid Afridi,SCJ Broad,4,0,,,,,,,,,
426428,2010,2010-09-10,Riverside Ground,2,32.2,Pakistan,England,Umar Akmal,Shahid Afridi,SCJ Broad,0,1,1,,,,,,,,
426428,2010,2010-09-10,Riverside Ground,2,32.3,Pakistan,England,Umar Akmal,Shahid Afridi,SCJ Broad,4,0,,,,,,,,,
426428,2010,2010-09-10,Riverside Ground,2,32.4,Pakistan,England,Umar Akmal,Shahid Afridi,SCJ Broad,1,0,,,,,,,,,
426428,2010,2010-09-10,Riverside Ground,2,32.5,Pakistan,England,Shahid Afridi,Umar Akmal,SCJ Broad,1,0,,,,,,,,,
426428,2010,2010-09-10,Riverside Ground,2,32.6,Pakistan,England,Umar Akmal,Shahid Afridi,SCJ Broad,4,0,,,,,,,,,
426428,2010,2010-09-10,Riverside Ground,2,32.7,Pakistan,England,Umar Akmal,Shahid Afridi,SCJ Broad,0,0,,,,,,caught,Umar Akmal,,
426428,2010,2010-09-10,Riverside Ground,2,33.1,Pakistan,England,Shahid Afridi,Asad Shafiq,JM Anderson,1,0,,,,,,,,,
426428,2010,2010-09-10,Riverside Ground,2,33.2,Pakistan,England,Asad Shafiq,Shahid Afridi,JM Anderson,0,0,,,,,,,,,
426428,2010,2010-09-10,Riverside Ground,2,33.3,Pakistan,England,Asad Shafiq,Shahid Afridi,JM Anderson,0,0,,,,,,,,,
426428,2010,2010-09-10,Riverside Ground,2,33.4,Pakistan,England,Asad Shafiq,Shahid Afridi,JM Anderson,1,0,,,,,,,,,
426428,2010,2010-09-10,Riverside Ground,2,33.5,Pakistan,England,Shahid Afridi,Asad Shafiq,JM Anderson,0,0,,,,,,,,,
426428,2010,2010-09-10,Riverside Ground,2,33.6,Pakistan,England,Shahid Afridi,Asad Shafiq,JM Anderson,0,0,,,,,,,,,
426428,2010,2010-09-10,Riverside Ground,2,34.1,Pakistan,England,Asad Shafiq,Shahid Afridi,TT Bresnan,4,0,,,,,,,,,
426428,2010,2010-09-10,Riverside Ground,2,34.2,Pakistan,England,Asad Shafiq,Shahid Afridi,TT Bresnan,4,0,,,,,,,,,
426428,2010,2010-09-10,Riverside Ground,2,34.3,Pakistan,England,Asad Shafiq,Shahid Afridi,TT Bresnan,4,0,,,,,,,,,
426428,2010,2010-09-10,Riverside Ground,2,34.4,Pakistan,England,Asad Shafiq,Shahid Afridi,TT Bresnan,4,0,,,,,,,,,
426428,2010,2010-09-10,Riverside Ground,2,34.5,Pakistan,England,Asad Shafiq,Shahid Afridi,TT Bresnan,1,0,,,,,,,,,
426428,2010,2010-09-10,Riverside Ground,2,34.6,Pakistan,England,Shahid Afridi,Asad Shafiq,TT Bresnan,1,0,,,,,,,,,
426428,2010,2010-09-10,Riverside Ground,2,35.1,Pakistan,England,Shahid Afridi,Asad Shafiq,MH Yardy,4,0,,,,,,,,,
426428,2010,2010-09-10,Riverside Ground,2,35.2,Pakistan,England,Shahid Afridi,Asad Shafiq,MH Yardy,0,0,,,,,,,,,
426428,2010,2010-09-10,Riverside Ground,2,35.3,Pakistan,England,Shahid Afridi,Asad Shafiq,MH Yardy,1,0,,,,,,,,,
426428,2010,2010-09-10,Riverside Ground,2,35.4,Pakistan,England,Asad Shafiq,Shahid Afridi,MH Yardy,1,0,,,,,,,,,
426428,2010,2010-09-10,Riverside Ground,2,35.5,Pakistan,England,Shahid Afridi,Asad Shafiq,MH Yardy,1,0,,,,,,,,,
426428,2010,2010-09-10,Riverside Ground,2,35.6,Pakistan,England,Asad Shafiq,Shahid Afridi,MH Yardy,0,0,,,,,,bowled,Asad Shafiq,,
426428,2010,2010-09-10,Riverside Ground,2,36.1,Pakistan,England,Shahid Afridi,Umar Gul,TT Bresnan,1,0,,,,,,,,,
426428,2010,2010-09-10,Riverside Ground,2,36.2,Pakistan,England,Umar Gul,Shahid Afridi,TT Bresnan,1,0,,,,,,,,,
426428,2010,2010-09-10,Riverside Ground,2,36.3,Pakistan,England,Shahid Afridi,Umar Gul,TT Bresnan,1,0,,,,,,,,,
426428,2010,2010-09-10,Riverside Ground,2,36.4,Pakistan,England,Umar Gul,Shahid Afridi,TT Bresnan,2,0,,,,,,,,,
426428,2010,2010-09-10,Riverside Ground,2,36.5,Pakistan,England,Umar Gul,Shahid Afridi,TT Bresnan,1,0,,,,,,,,,
426428,2010,2010-09-10,Riverside Ground,2,36.6,Pakistan,England,Shahid Afridi,Umar Gul,TT Bresnan,0,0,,,,,,,,,
426428,2010,2010-09-10,Riverside Ground,2,37.1,Pakistan,England,Umar Gul,Shahid Afridi,JM Anderson,6,0,,,,,,,,,
426428,2010,2010-09-10,Riverside Ground,2,37.2,Pakistan,England,Umar Gul,Shahid Afridi,JM Anderson,0,0,,,,,,,,,
426428,2010,2010-09-10,Riverside Ground,2,37.3,Pakistan,England,Umar Gul,Shahid Afridi,JM Anderson,2,0,,,,,,,,,
426428,2010,2010-09-10,Riverside Ground,2,37.4,Pakistan,England,Umar Gul,Shahid Afridi,JM Anderson,0,0,,,,,,,,,
426428,2010,2010-09-10,Riverside Ground,2,37.5,Pakistan,England,Umar Gul,Shahid Afridi,JM Anderson,1,0,,,,,,,,,
426428,2010,2010-09-10,Riverside Ground,2,37.6,Pakistan,England,Shahid Afridi,Umar Gul,JM Anderson,0,0,,,,,,caught,Shahid Afridi,,
426428,2010,2010-09-10,Riverside Ground,2,38.1,Pakistan,England,Umar Gul,Shoaib Akhtar,TT Bresnan,4,0,,,,,,,,,
426428,2010,2010-09-10,Riverside Ground,2,38.2,Pakistan,England,Umar Gul,Shoaib Akhtar,TT Bresnan,1,0,,,,,,,,,
426428,2010,2010-09-10,Riverside Ground,2,38.3,Pakistan,England,Shoaib Akhtar,Umar Gul,TT Bresnan,0,0,,,,,,bowled,Shoaib Akhtar,,
426428,2010,2010-09-10,Riverside Ground,2,38.4,Pakistan,England,Saeed Ajmal,Umar Gul,TT Bresnan,4,0,,,,,,,,,
426428,2010,2010-09-10,Riverside Ground,2,38.5,Pakistan,England,Saeed Ajmal,Umar Gul,TT Bresnan,0,0,,,,,,,,,
426428,2010,2010-09-10,Riverside Ground,2,38.6,Pakistan,England,Saeed Ajmal,Umar Gul,TT Bresnan,2,0,,,,,,,,,
426428,2010,2010-09-10,Riverside Ground,2,39.1,Pakistan,England,Umar Gul,Saeed Ajmal,JM Anderson,0,0,,,,,,,,,
426428,2010,2010-09-10,Riverside Ground,2,39.2,Pakistan,England,Umar Gul,Saeed Ajmal,JM Anderson,0,0,,,,,,caught,Umar Gul,,
426428,2010,2010-09-10,Riverside Ground,2,39.3,Pakistan,England,Saeed Ajmal,Mohammad Irfan,JM Anderson,0,0,,,,,,,,,
426428,2010,2010-09-10,Riverside Ground,2,39.4,Pakistan,England,Saeed Ajmal,Mohammad Irfan,JM Anderson,0,0,,,,,,,,,
426428,2010,2010-09-10,Riverside Ground,2,39.5,Pakistan,England,Saeed Ajmal,Mohammad Irfan,JM Anderson,1,0,,,,,,,,,
426428,2010,2010-09-10,Riverside Ground,2,39.6,Pakistan,England,Mohammad Irfan,Saeed Ajmal,JM Anderson,1,0,,,,,,,,,
426428,2010,2010-09-10,Riverside Ground,2,40.1,Pakistan,England,Mohammad Irfan,Saeed Ajmal,SCJ Broad,0,0,,,,,,,,,
426428,2010,2010-09-10,Riverside Ground,2,40.2,Pakistan,England,Mohammad Irfan,Saeed Ajmal,SCJ Broad,1,0,,,,,,,,,
426428,2010,2010-09-10,Riverside Ground,2,40.3,Pakistan,England,Saeed Ajmal,Mohammad Irfan,SCJ Broad,1,0,,,,,,,,,
426428,2010,2010-09-10,Riverside Ground,2,40.4,Pakistan,England,Mohammad Irfan,Saeed Ajmal,SCJ Broad,0,0,,,,,,,,,
426428,2010,2010-09-10,Riverside Ground,2,40.5,Pakistan,England,Mohammad Irfan,Saeed Ajmal,SCJ Broad,1,0,,,,,,,,,
426428,2010,2010-09-10,Riverside Ground,2,40.6,Pakistan,England,Saeed Ajmal,Mohammad Irfan,SCJ Broad,1,0,,,,,,,,,
