version,2.1.0
info,balls_per_over,6
info,team,Bangladesh
info,team,England
info,gender,male
info,season,2009/10
info,date,2010/03/05
info,event,England in Bangladesh ODI Series
info,match_number,3
info,venue,Zohur Ahmed Chowdhury Stadium
info,city,Chittagong
info,toss_winner,Bangladesh
info,toss_decision,field
info,player_of_match,C Kieswetter
info,umpire,Enamul Haque
info,umpire,RJ Tucker
info,reserve_umpire,Masudur Rahman
info,tv_umpire,Sharfuddoula
info,match_referee,JJ Crowe
info,winner,England
info,winner_runs,45
info,player,Bangladesh,Tamim Iqbal
info,player,Bangladesh,Imrul Kayes
info,player,Bangladesh,Aftab Ahmed
info,player,Bangladesh,Mushfiqur Rahim
info,player,Bangladesh,Shakib Al Hasan
info,player,Bangladesh,Mahmudullah
info,player,Bangladesh,Naeem Islam
info,player,Bangladesh,Suhrawadi Shuvo
info,player,Bangladesh,Abdur Razzak
info,player,Bangladesh,Shafiul Islam
info,player,Bangladesh,Rubel Hossain
info,player,England,AN Cook
info,player,England,C Kieswetter
info,player,England,KP Pietersen
info,player,England,PD Collingwood
info,player,England,EJG Morgan
info,player,England,LJ Wright
info,player,England,TT Bresnan
info,player,England,MJ Prior
info,player,England,A Shahzad
info,player,England,GP Swann
info,player,England,LE Plunkett
info,registry,people,A Shahzad,a73321d3
info,registry,people,AN Cook,f41598c1
info,registry,people,Abdur Razzak,888e32bf
info,registry,people,Aftab Ahmed,53bc7b84
info,registry,people,C Kieswetter,1e960f2a
info,registry,people,EJG Morgan,d2a6c0e6
info,registry,people,Enamul Haque,2ae9be7f
info,registry,people,GP Swann,221ad9d9
info,registry,people,Imrul Kayes,5fbe14fc
info,registry,people,JJ Crowe,2e760301
info,registry,people,KP Pietersen,39f01cdb
info,registry,people,LE Plunkett,9a963804
info,registry,people,LJ Wright,cca50cd6
info,registry,people,MJ Prior,1200550f
info,registry,people,Mahmudullah,bf1d7d3e
info,registry,people,Masudur Rahman,9581ac6b
info,registry,people,Mushfiqur Rahim,a94e08ea
info,registry,people,Naeem Islam,02e83ac5
info,registry,people,PD Collingwood,a386e91b
info,registry,people,RJ Tucker,38810cfc
info,registry,people,Rubel Hossain,f56cd097
info,registry,people,Shafiul Islam,1a8eebbe
info,registry,people,Shakib Al Hasan,7dc35884
info,registry,people,Sharfuddoula,63896abb
info,registry,people,Suhrawadi Shuvo,8fb49ef8
info,registry,people,TT Bresnan,58043739
info,registry,people,Tamim Iqbal,3b041a12
