match_id,season,start_date,venue,innings,ball,batting_team,bowling_team,striker,non_striker,bowler,runs_off_bat,extras,wides,noballs,byes,legbyes,penalty,wicket_type,player_dismissed,other_wicket_type,other_player_dismissed
426430,2010,2010-09-17,Kennington Oval,1,0.1,Pakistan,England,Kamran Akmal,Mohammad Hafeez,TT Bresnan,0,0,,,,,,,,,
426430,2010,2010-09-17,Kennington Oval,1,0.2,Pakistan,England,Kamran Akmal,Mohammad Hafeez,TT Bresnan,0,0,,,,,,,,,
426430,2010,2010-09-17,Kennington Oval,1,0.3,Pakistan,England,Kamran Akmal,Mohammad Hafeez,TT Bresnan,0,2,,,,2,,,,,
426430,2010,2010-09-17,Kennington Oval,1,0.4,Pakistan,England,Kamran Akmal,Mohammad Hafeez,TT Bresnan,0,0,,,,,,,,,
426430,2010,2010-09-17,Kennington Oval,1,0.5,Pakistan,England,Kamran Akmal,Mohammad Hafeez,TT Bresnan,0,0,,,,,,,,,
426430,2010,2010-09-17,Kennington Oval,1,0.6,Pakistan,England,Kamran Akmal,Mohammad Hafeez,TT Bresnan,4,0,,,,,,,,,
426430,2010,2010-09-17,Kennington Oval,1,1.1,Pakistan,England,Mohammad Hafeez,Kamran Akmal,JM Anderson,1,0,,,,,,,,,
426430,2010,2010-09-17,Kennington Oval,1,1.2,Pakistan,England,Kamran Akmal,Mohammad Hafeez,JM Anderson,0,0,,,,,,,,,
426430,2010,2010-09-17,Kennington Oval,1,1.3,Pakistan,England,Kamran Akmal,Mohammad Hafeez,JM Anderson,0,0,,,,,,,,,
426430,2010,2010-09-17,Kennington Oval,1,1.4,Pakistan,England,Kamran Akmal,Mohammad Hafeez,JM Anderson,1,0,,,,,,,,,
426430,2010,2010-09-17,Kennington Oval,1,1.5,Pakistan,England,Mohammad Hafeez,Kamran Akmal,JM Anderson,0,0,,,,,,,,,
426430,2010,2010-09-17,Kennington Oval,1,1.6,Pakistan,England,Mohammad Hafeez,Kamran Akmal,JM Anderson,0,0,,,,,,caught,Mohammad Hafeez,,
426430,2010,2010-09-17,Kennington Oval,1,2.1,Pakistan,England,Kamran Akmal,Asad Shafiq,TT Bresnan,0,0,,,,,,,,,
426430,2010,2010-09-17,Kennington Oval,1,2.2,Pakistan,England,Kamran Akmal,Asad Shafiq,TT Bresnan,0,0,,,,,,,,,
426430,2010,2010-09-17,Kennington Oval,1,2.3,Pakistan,England,Kamran Akmal,Asad Shafiq,TT Bresnan,0,0,,,,,,,,,
426430,2010,2010-09-17,Kennington Oval,1,2.4,Pakistan,England,Kamran Akmal,Asad Shafiq,TT Bresnan,0,0,,,,,,bowled,Kamran Akmal,,
426430,2010,2010-09-17,Kennington Oval,1,2.5,Pakistan,England,Mohammad Yousuf,Asad Shafiq,TT Bresnan,0,0,,,,,,,,,
426430,2010,2010-09-17,Kennington Oval,1,2.6,Pakistan,England,Mohammad Yousuf,Asad Shafiq,TT Bresnan,0,0,,,,,,,,,
426430,2010,2010-09-17,Kennington Oval,1,3.1,Pakistan,England,Asad Shafiq,Mohammad Yousuf,JM Anderson,1,0,,,,,,,,,
426430,2010,2010-09-17,Kennington Oval,1,3.2,Pakistan,England,Mohammad Yousuf,Asad Shafiq,JM Anderson,0,0,,,,,,,,,
426430,2010,2010-09-17,Kennington Oval,1,3.3,Pakistan,England,Mohammad Yousuf,Asad Shafiq,JM Anderson,0,0,,,,,,,,,
426430,2010,2010-09-17,Kennington Oval,1,3.4,Pakistan,England,Mohammad Yousuf,Asad Shafiq,JM Anderson,1,0,,,,,,,,,
426430,2010,2010-09-17,Kennington Oval,1,3.5,Pakistan,England,Asad Shafiq,Mohammad Yousuf,JM Anderson,0,0,,,,,,,,,
426430,2010,2010-09-17,Kennington Oval,1,3.6,Pakistan,England,Asad Shafiq,Mohammad Yousuf,JM Anderson,0,0,,,,,,,,,
426430,2010,2010-09-17,Kennington Oval,1,4.1,Pakistan,England,Mohammad Yousuf,Asad Shafiq,TT Bresnan,0,0,,,,,,,,,
426430,2010,2010-09-17,Kennington Oval,1,4.2,Pakistan,England,Mohammad Yousuf,Asad Shafiq,TT Bresnan,0,0,,,,,,,,,
426430,2010,2010-09-17,Kennington Oval,1,4.3,Pakistan,England,Mohammad Yousuf,Asad Shafiq,TT Bresnan,0,0,,,,,,,,,
426430,2010,2010-09-17,Kennington Oval,1,4.4,Pakistan,England,Mohammad Yousuf,Asad Shafiq,TT Bresnan,0,0,,,,,,,,,
426430,2010,2010-09-17,Kennington Oval,1,4.5,Pakistan,England,Mohammad Yousuf,Asad Shafiq,TT Bresnan,2,0,,,,,,,,,
426430,2010,2010-09-17,Kennington Oval,1,4.6,Pakistan,England,Mohammad Yousuf,Asad Shafiq,TT Bresnan,1,0,,,,,,,,,
426430,2010,2010-09-17,Kennington Oval,1,5.1,Pakistan,England,Mohammad Yousuf,Asad Shafiq,JM Anderson,0,0,,,,,,,,,
426430,2010,2010-09-17,Kennington Oval,1,5.2,Pakistan,England,Mohammad Yousuf,Asad Shafiq,JM Anderson,0,0,,,,,,,,,
426430,2010,2010-09-17,Kennington Oval,1,5.3,Pakistan,England,Mohammad Yousuf,Asad Shafiq,JM Anderson,1,0,,,,,,,,,
426430,2010,2010-09-17,Kennington Oval,1,5.4,Pakistan,England,Asad Shafiq,Mohammad Yousuf,JM Anderson,0,0,,,,,,,,,
426430,2010,2010-09-17,Kennington Oval,1,5.5,Pakistan,England,Asad Shafiq,Mohammad Yousuf,JM Anderson,0,0,,,,,,,,,
426430,2010,2010-09-17,Kennington Oval,1,5.6,Pakistan,England,Asad Shafiq,Mohammad Yousuf,JM Anderson,0,0,,,,,,,,,
426430,2010,2010-09-17,Kennington Oval,1,6.1,Pakistan,England,Mohammad Yousuf,Asad Shafiq,TT Bresnan,1,0,,,,,,,,,
426430,2010,2010-09-17,Kennington Oval,1,6.2,Pakistan,England,Asad Shafiq,Mohammad Yousuf,TT Bresnan,0,0,,,,,,,,,
426430,2010,2010-09-17,Kennington Oval,1,6.3,Pakistan,England,Asad Shafiq,Mohammad Yousuf,TT Bresnan,0,0,,,,,,,,,
426430,2010,2010-09-17,Kennington Oval,1,6.4,Pakistan,England,Asad Shafiq,Mohammad Yousuf,TT Bresnan,4,0,,,,,,,,,
426430,2010,2010-09-17,Kennington Oval,1,6.5,Pakistan,England,Asad Shafiq,Mohammad Yousuf,TT Bresnan,0,0,,,,,,,,,
426430,2010,2010-09-17,Kennington Oval,1,6.6,Pakistan,England,Asad Shafiq,Mohammad Yousuf,TT Bresnan,0,0,,,,,,,,,
426430,2010,2010-09-17,Kennington Oval,1,7.1,Pakistan,England,Mohammad Yousuf,Asad Shafiq,JM Anderson,4,0,,,,,,,,,
426430,2010,2010-09-17,Kennington Oval,1,7.2,Pakistan,England,Mohammad Yousuf,Asad Shafiq,JM Anderson,3,0,,,,,,,,,
426430,2010,2010-09-17,Kennington Oval,1,7.3,Pakistan,England,Asad Shafiq,Mohammad Yousuf,JM Anderson,1,0,,,,,,,,,
426430,2010,2010-09-17,Kennington Oval,1,7.4,Pakistan,England,Mohammad Yousuf,Asad Shafiq,JM Anderson,0,0,,,,,,,,,
426430,2010,2010-09-17,Kennington Oval,1,7.5,Pakistan,England,Mohammad Yousuf,Asad Shafiq,JM Anderson,1,0,,,,,,,,,
426430,2010,2010-09-17,Kennington Oval,1,7.6,Pakistan,England,Asad Shafiq,Mohammad Yousuf,JM Anderson,0,0,,,,,,,,,
426430,2010,2010-09-17,Kennington Oval,1,8.1,Pakistan,England,Mohammad Yousuf,Asad Shafiq,SCJ Broad,1,0,,,,,,,,,
426430,2010,2010-09-17,Kennington Oval,1,8.2,Pakistan,England,Asad Shafiq,Mohammad Yousuf,SCJ Broad,0,0,,,,,,,,,
426430,2010,2010-09-17,Kennington Oval,1,8.3,Pakistan,England,Asad Shafiq,Mohammad Yousuf,SCJ Broad,1,0,,,,,,,,,
426430,2010,2010-09-17,Kennington Oval,1,8.4,Pakistan,England,Mohammad Yousuf,Asad Shafiq,SCJ Broad,1,0,,,,,,,,,
426430,2010,2010-09-17,Kennington Oval,1,8.5,Pakistan,England,Asad Shafiq,Mohammad Yousuf,SCJ Broad,0,0,,,,,,,,,
426430,2010,2010-09-17,Kennington Oval,1,8.6,Pakistan,England,Asad Shafiq,Mohammad Yousuf,SCJ Broad,0,0,,,,,,,,,
426430,2010,2010-09-17,Kennington Oval,1,9.1,Pakistan,England,Mohammad Yousuf,Asad Shafiq,JM Anderson,0,0,,,,,,lbw,Mohammad Yousuf,,
426430,2010,2010-09-17,Kennington Oval,1,9.2,Pakistan,England,Fawad Alam,Asad Shafiq,JM Anderson,0,0,,,,,,,,,
426430,2010,2010-09-17,Kennington Oval,1,9.3,Pakistan,England,Fawad Alam,Asad Shafiq,JM Anderson,0,0,,,,,,,,,
426430,2010,2010-09-17,Kennington Oval,1,9.4,Pakistan,England,Fawad Alam,Asad Shafiq,JM Anderson,0,0,,,,,,,,,
426430,2010,2010-09-17,Kennington Oval,1,9.5,Pakistan,England,Fawad Alam,Asad Shafiq,JM Anderson,0,0,,,,,,,,,
426430,2010,2010-09-17,Kennington Oval,1,9.6,Pakistan,England,Fawad Alam,Asad Shafiq,JM Anderson,0,0,,,,,,,,,
426430,2010,2010-09-17,Kennington Oval,1,10.1,Pakistan,England,Asad Shafiq,Fawad Alam,SCJ Broad,0,0,,,,,,,,,
426430,2010,2010-09-17,Kennington Oval,1,10.2,Pakistan,England,Asad Shafiq,Fawad Alam,SCJ Broad,0,0,,,,,,,,,
426430,2010,2010-09-17,Kennington Oval,1,10.3,Pakistan,England,Asad Shafiq,Fawad Alam,SCJ Broad,0,0,,,,,,,,,
426430,2010,2010-09-17,Kennington Oval,1,10.4,Pakistan,England,Asad Shafiq,Fawad Alam,SCJ Broad,1,0,,,,,,,,,
426430,2010,2010-09-17,Kennington Oval,1,10.5,Pakistan,England,Fawad Alam,Asad Shafiq,SCJ Broad,1,0,,,,,,,,,
426430,2010,2010-09-17,Kennington Oval,1,10.6,Pakistan,England,Asad Shafiq,Fawad Alam,SCJ Broad,1,0,,,,,,,,,
426430,2010,2010-09-17,Kennington Oval,1,11.1,Pakistan,England,Asad Shafiq,Fawad Alam,JM Anderson,0,0,,,,,,,,,
426430,2010,2010-09-17,Kennington Oval,1,11.2,Pakistan,England,Asad Shafiq,Fawad Alam,JM Anderson,1,0,,,,,,,,,
426430,2010,2010-09-17,Kennington Oval,1,11.3,Pakistan,England,Fawad Alam,Asad Shafiq,JM Anderson,0,0,,,,,,,,,
426430,2010,2010-09-17,Kennington Oval,1,11.4,Pakistan,England,Fawad Alam,Asad Shafiq,JM Anderson,1,0,,,,,,,,,
426430,2010,2010-09-17,Kennington Oval,1,11.5,Pakistan,England,Asad Shafiq,Fawad Alam,JM Anderson,0,0,,,,,,,,,
426430,2010,2010-09-17,Kennington Oval,1,11.6,Pakistan,England,Asad Shafiq,Fawad Alam,JM Anderson,1,0,,,,,,,,,
426430,2010,2010-09-17,Kennington Oval,1,12.1,Pakistan,England,Asad Shafiq,Fawad Alam,SCJ Broad,0,0,,,,,,,,,
426430,2010,2010-09-17,Kennington Oval,1,12.2,Pakistan,England,Asad Shafiq,Fawad Alam,SCJ Broad,4,0,,,,,,,,,
426430,2010,2010-09-17,Kennington Oval,1,12.3,Pakistan,England,Asad Shafiq,Fawad Alam,SCJ Broad,1,0,,,,,,,,,
426430,2010,2010-09-17,Kennington Oval,1,12.4,Pakistan,England,Fawad Alam,Asad Shafiq,SCJ Broad,0,0,,,,,,,,,
426430,2010,2010-09-17,Kennington Oval,1,12.5,Pakistan,England,Fawad Alam,Asad Shafiq,SCJ Broad,0,0,,,,,,,,,
426430,2010,2010-09-17,Kennington Oval,1,12.6,Pakistan,England,Fawad Alam,Asad Shafiq,SCJ Broad,5,0,,,,,,,,,
426430,2010,2010-09-17,Kennington Oval,1,13.1,Pakistan,England,Fawad Alam,Asad Shafiq,GP Swann,0,0,,,,,,,,,
426430,2010,2010-09-17,Kennington Oval,1,13.2,Pakistan,England,Fawad Alam,Asad Shafiq,GP Swann,0,0,,,,,,,,,
426430,2010,2010-09-17,Kennington Oval,1,13.3,Pakistan,England,Fawad Alam,Asad Shafiq,GP Swann,0,0,,,,,,,,,
426430,2010,2010-09-17,Kennington Oval,1,13.4,Pakistan,England,Fawad Alam,Asad Shafiq,GP Swann,1,0,,,,,,,,,
426430,2010,2010-09-17,Kennington Oval,1,13.5,Pakistan,England,Asad Shafiq,Fawad Alam,GP Swann,0,0,,,,,,,,,
426430,2010,2010-09-17,Kennington Oval,1,13.6,Pakistan,England,Asad Shafiq,Fawad Alam,GP Swann,1,0,,,,,,,,,
426430,2010,2010-09-17,Kennington Oval,1,14.1,Pakistan,England,Asad Shafiq,Fawad Alam,SCJ Broad,1,0,,,,,,,,,
426430,2010,2010-09-17,Kennington Oval,1,14.2,Pakistan,England,Fawad Alam,Asad Shafiq,SCJ Broad,0,0,,,,,,,,,
426430,2010,2010-09-17,Kennington Oval,1,14.3,Pakistan,England,Fawad Alam,Asad Shafiq,SCJ Broad,0,0,,,,,,,,,
426430,2010,2010-09-17,Kennington Oval,1,14.4,Pakistan,England,Fawad Alam,Asad Shafiq,SCJ Broad,0,0,,,,,,,,,
426430,2010,2010-09-17,Kennington Oval,1,14.5,Pakistan,England,Fawad Alam,Asad Shafiq,SCJ Broad,0,0,,,,,,,,,
426430,2010,2010-09-17,Kennington Oval,1,14.6,Pakistan,England,Fawad Alam,Asad Shafiq,SCJ Broad,0,0,,,,,,,,,
426430,2010,2010-09-17,Kennington Oval,1,15.1,Pakistan,England,Asad Shafiq,Fawad Alam,GP Swann,1,0,,,,,,,,,
426430,2010,2010-09-17,Kennington Oval,1,15.2,Pakistan,England,Fawad Alam,Asad Shafiq,GP Swann,0,0,,,,,,,,,
426430,2010,2010-09-17,Kennington Oval,1,15.3,Pakistan,England,Fawad Alam,Asad Shafiq,GP Swann,1,0,,,,,,,,,
426430,2010,2010-09-17,Kennington Oval,1,15.4,Pakistan,England,Asad Shafiq,Fawad Alam,GP Swann,1,0,,,,,,,,,
426430,2010,2010-09-17,Kennington Oval,1,15.5,Pakistan,England,Fawad Alam,Asad Shafiq,GP Swann,0,0,,,,,,,,,
426430,2010,2010-09-17,Kennington Oval,1,15.6,Pakistan,England,Fawad Alam,Asad Shafiq,GP Swann,1,0,,,,,,,,,
426430,2010,2010-09-17,Kennington Oval,1,16.1,Pakistan,England,Fawad Alam,Asad Shafiq,SCJ Broad,0,0,,,,,,,,,
426430,2010,2010-09-17,Kennington Oval,1,16.2,Pakistan,England,Fawad Alam,Asad Shafiq,SCJ Broad,1,0,,,,,,,,,
426430,2010,2010-09-17,Kennington Oval,1,16.3,Pakistan,England,Asad Shafiq,Fawad Alam,SCJ Broad,0,0,,,,,,,,,
426430,2010,2010-09-17,Kennington Oval,1,16.4,Pakistan,England,Asad Shafiq,Fawad Alam,SCJ Broad,0,0,,,,,,,,,
426430,2010,2010-09-17,Kennington Oval,1,16.5,Pakistan,England,Asad Shafiq,Fawad Alam,SCJ Broad,1,0,,,,,,,,,
426430,2010,2010-09-17,Kennington Oval,1,16.6,Pakistan,England,Fawad Alam,Asad Shafiq,SCJ Broad,0,0,,,,,,,,,
426430,2010,2010-09-17,Kennington Oval,1,17.1,Pakistan,England,Asad Shafiq,Fawad Alam,LJ Wright,0,0,,,,,,,,,
426430,2010,2010-09-17,Kennington Oval,1,17.2,Pakistan,England,Asad Shafiq,Fawad Alam,LJ Wright,2,0,,,,,,,,,
426430,2010,2010-09-17,Kennington Oval,1,17.3,Pakistan,England,Asad Shafiq,Fawad Alam,LJ Wright,1,0,,,,,,,,,
426430,2010,2010-09-17,Kennington Oval,1,17.4,Pakistan,England,Fawad Alam,Asad Shafiq,LJ Wright,0,0,,,,,,,,,
426430,2010,2010-09-17,Kennington Oval,1,17.5,Pakistan,England,Fawad Alam,Asad Shafiq,LJ Wright,4,0,,,,,,,,,
426430,2010,2010-09-17,Kennington Oval,1,17.6,Pakistan,England,Fawad Alam,Asad Shafiq,LJ Wright,0,0,,,,,,,,,
426430,2010,2010-09-17,Kennington Oval,1,18.1,Pakistan,England,Asad Shafiq,Fawad Alam,SCJ Broad,1,0,,,,,,,,,
426430,2010,2010-09-17,Kennington Oval,1,18.2,Pakistan,England,Fawad Alam,Asad Shafiq,SCJ Broad,0,0,,,,,,,,,
426430,2010,2010-09-17,Kennington Oval,1,18.3,Pakistan,England,Fawad Alam,Asad Shafiq,SCJ Broad,0,0,,,,,,,,,
426430,2010,2010-09-17,Kennington Oval,1,18.4,Pakistan,England,Fawad Alam,Asad Shafiq,SCJ Broad,0,0,,,,,,,,,
426430,2010,2010-09-17,Kennington Oval,1,18.5,Pakistan,England,Fawad Alam,Asad Shafiq,SCJ Broad,0,1,1,,,,,,,,
426430,2010,2010-09-17,Kennington Oval,1,18.6,Pakistan,England,Fawad Alam,Asad Shafiq,SCJ Broad,1,0,,,,,,,,,
426430,2010,2010-09-17,Kennington Oval,1,18.7,Pakistan,England,Asad Shafiq,Fawad Alam,SCJ Broad,1,0,,,,,,,,,
426430,2010,2010-09-17,Kennington Oval,1,19.1,Pakistan,England,Asad Shafiq,Fawad Alam,LJ Wright,0,2,,,,2,,,,,
426430,2010,2010-09-17,Kennington Oval,1,19.2,Pakistan,England,Asad Shafiq,Fawad Alam,LJ Wright,4,0,,,,,,,,,
426430,2010,2010-09-17,Kennington Oval,1,19.3,Pakistan,England,Asad Shafiq,Fawad Alam,LJ Wright,0,1,1,,,,,,,,
426430,2010,2010-09-17,Kennington Oval,1,19.4,Pakistan,England,Asad Shafiq,Fawad Alam,LJ Wright,4,0,,,,,,,,,
426430,2010,2010-09-17,Kennington Oval,1,19.5,Pakistan,England,Asad Shafiq,Fawad Alam,LJ Wright,1,0,,,,,,,,,
426430,2010,2010-09-17,Kennington Oval,1,19.6,Pakistan,England,Fawad Alam,Asad Shafiq,LJ Wright,0,0,,,,,,,,,
426430,2010,2010-09-17,Kennington Oval,1,19.7,Pakistan,England,Fawad Alam,Asad Shafiq,LJ Wright,1,0,,,,,,,,,
426430,2010,2010-09-17,Kennington Oval,1,20.1,Pakistan,England,Fawad Alam,Asad Shafiq,GP Swann,1,0,,,,,,,,,
426430,2010,2010-09-17,Kennington Oval,1,20.2,Pakistan,England,Asad Shafiq,Fawad Alam,GP Swann,1,0,,,,,,,,,
426430,2010,2010-09-17,Kennington Oval,1,20.3,Pakistan,England,Fawad Alam,Asad Shafiq,GP Swann,1,0,,,,,,,,,
426430,2010,2010-09-17,Kennington Oval,1,20.4,Pakistan,England,Asad Shafiq,Fawad Alam,GP Swann,0,0,,,,,,,,,
426430,2010,2010-09-17,Kennington Oval,1,20.5,Pakistan,England,Asad Shafiq,Fawad Alam,GP Swann,1,0,,,,,,,,,
426430,2010,2010-09-17,Kennington Oval,1,20.6,Pakistan,England,Fawad Alam,Asad Shafiq,GP Swann,1,0,,,,,,,,,
426430,2010,2010-09-17,Kennington Oval,1,21.1,Pakistan,England,Fawad Alam,Asad Shafiq,MH Yardy,1,0,,,,,,,,,
426430,2010,2010-09-17,Kennington Oval,1,21.2,Pakistan,England,Asad Shafiq,Fawad Alam,MH Yardy,0,0,,,,,,,,,
426430,2010,2010-09-17,Kennington Oval,1,21.3,Pakistan,England,Asad Shafiq,Fawad Alam,MH Yardy,0,0,,,,,,,,,
426430,2010,2010-09-17,Kennington Oval,1,21.4,Pakistan,England,Asad Shafiq,Fawad Alam,MH Yardy,1,0,,,,,,,,,
426430,2010,2010-09-17,Kennington Oval,1,21.5,Pakistan,England,Fawad Alam,Asad Shafiq,MH Yardy,0,0,,,,,,,,,
426430,2010,2010-09-17,Kennington Oval,1,21.6,Pakistan,England,Fawad Alam,Asad Shafiq,MH Yardy,1,0,,,,,,,,,
426430,2010,2010-09-17,Kennington Oval,1,22.1,Pakistan,England,Fawad Alam,Asad Shafiq,GP Swann,0,0,,,,,,,,,
426430,2010,2010-09-17,Kennington Oval,1,22.2,Pakistan,England,Fawad Alam,Asad Shafiq,GP Swann,0,0,,,,,,,,,
426430,2010,2010-09-17,Kennington Oval,1,22.3,Pakistan,England,Fawad Alam,Asad Shafiq,GP Swann,1,0,,,,,,,,,
426430,2010,2010-09-17,Kennington Oval,1,22.4,Pakistan,England,Asad Shafiq,Fawad Alam,GP Swann,0,0,,,,,,,,,
426430,2010,2010-09-17,Kennington Oval,1,22.5,Pakistan,England,Asad Shafiq,Fawad Alam,GP Swann,0,0,,,,,,,,,
426430,2010,2010-09-17,Kennington Oval,1,22.6,Pakistan,England,Asad Shafiq,Fawad Alam,GP Swann,0,0,,,,,,,,,
426430,2010,2010-09-17,Kennington Oval,1,23.1,Pakistan,England,Fawad Alam,Asad Shafiq,MH Yardy,1,0,,,,,,,,,
426430,2010,2010-09-17,Kennington Oval,1,23.2,Pakistan,England,Asad Shafiq,Fawad Alam,MH Yardy,1,0,,,,,,,,,
426430,2010,2010-09-17,Kennington Oval,1,23.3,Pakistan,England,Fawad Alam,Asad Shafiq,MH Yardy,2,0,,,,,,,,,
426430,2010,2010-09-17,Kennington Oval,1,23.4,Pakistan,England,Fawad Alam,Asad Shafiq,MH Yardy,0,0,,,,,,,,,
426430,2010,2010-09-17,Kennington Oval,1,23.5,Pakistan,England,Fawad Alam,Asad Shafiq,MH Yardy,1,0,,,,,,,,,
426430,2010,2010-09-17,Kennington Oval,1,23.6,Pakistan,England,Asad Shafiq,Fawad Alam,MH Yardy,1,0,,,,,,,,,
426430,2010,2010-09-17,Kennington Oval,1,24.1,Pakistan,England,Asad Shafiq,Fawad Alam,GP Swann,0,0,,,,,,,,,
426430,2010,2010-09-17,Kennington Oval,1,24.2,Pakistan,England,Asad Shafiq,Fawad Alam,GP Swann,0,0,,,,,,caught,Asad Shafiq,,
426430,2010,2010-09-17,Kennington Oval,1,24.3,Pakistan,England,Fawad Alam,Umar Akmal,GP Swann,1,0,,,,,,,,,
426430,2010,2010-09-17,Kennington Oval,1,24.4,Pakistan,England,Umar Akmal,Fawad Alam,GP Swann,0,0,,,,,,,,,
426430,2010,2010-09-17,Kennington Oval,1,24.5,Pakistan,England,Umar Akmal,Fawad Alam,GP Swann,1,0,,,,,,,,,
426430,2010,2010-09-17,Kennington Oval,1,24.6,Pakistan,England,Fawad Alam,Umar Akmal,GP Swann,0,0,,,,,,,,,
426430,2010,2010-09-17,Kennington Oval,1,25.1,Pakistan,England,Umar Akmal,Fawad Alam,MH Yardy,0,0,,,,,,,,,
426430,2010,2010-09-17,Kennington Oval,1,25.2,Pakistan,England,Umar Akmal,Fawad Alam,MH Yardy,0,0,,,,,,,,,
426430,2010,2010-09-17,Kennington Oval,1,25.3,Pakistan,England,Umar Akmal,Fawad Alam,MH Yardy,0,0,,,,,,,,,
426430,2010,2010-09-17,Kennington Oval,1,25.4,Pakistan,England,Umar Akmal,Fawad Alam,MH Yardy,0,0,,,,,,,,,
426430,2010,2010-09-17,Kennington Oval,1,25.5,Pakistan,England,Umar Akmal,Fawad Alam,MH Yardy,1,0,,,,,,,,,
426430,2010,2010-09-17,Kennington Oval,1,25.6,Pakistan,England,Fawad Alam,Umar Akmal,MH Yardy,1,0,,,,,,,,,
426430,2010,2010-09-17,Kennington Oval,1,26.1,Pakistan,England,Fawad Alam,Umar Akmal,GP Swann,0,0,,,,,,,,,
426430,2010,2010-09-17,Kennington Oval,1,26.2,Pakistan,England,Fawad Alam,Umar Akmal,GP Swann,1,0,,,,,,,,,
426430,2010,2010-09-17,Kennington Oval,1,26.3,Pakistan,England,Umar Akmal,Fawad Alam,GP Swann,2,0,,,,,,,,,
426430,2010,2010-09-17,Kennington Oval,1,26.4,Pakistan,England,Umar Akmal,Fawad Alam,GP Swann,0,0,,,,,,,,,
426430,2010,2010-09-17,Kennington Oval,1,26.5,Pakistan,England,Umar Akmal,Fawad Alam,GP Swann,1,0,,,,,,,,,
426430,2010,2010-09-17,Kennington Oval,1,26.6,Pakistan,England,Fawad Alam,Umar Akmal,GP Swann,0,0,,,,,,,,,
426430,2010,2010-09-17,Kennington Oval,1,27.1,Pakistan,England,Umar Akmal,Fawad Alam,MH Yardy,1,0,,,,,,,,,
426430,2010,2010-09-17,Kennington Oval,1,27.2,Pakistan,England,Fawad Alam,Umar Akmal,MH Yardy,1,0,,,,,,,,,
426430,2010,2010-09-17,Kennington Oval,1,27.3,Pakistan,England,Umar Akmal,Fawad Alam,MH Yardy,1,0,,,,,,,,,
426430,2010,2010-09-17,Kennington Oval,1,27.4,Pakistan,England,Fawad Alam,Umar Akmal,MH Yardy,1,0,,,,,,,,,
426430,2010,2010-09-17,Kennington Oval,1,27.5,Pakistan,England,Umar Akmal,Fawad Alam,MH Yardy,1,0,,,,,,,,,
426430,2010,2010-09-17,Kennington Oval,1,27.6,Pakistan,England,Fawad Alam,Umar Akmal,MH Yardy,4,0,,,,,,,,,
426430,2010,2010-09-17,Kennington Oval,1,28.1,Pakistan,England,Umar Akmal,Fawad Alam,GP Swann,1,0,,,,,,,,,
426430,2010,2010-09-17,Kennington Oval,1,28.2,Pakistan,England,Fawad Alam,Umar Akmal,GP Swann,1,0,,,,,,,,,
426430,2010,2010-09-17,Kennington Oval,1,28.3,Pakistan,England,Umar Akmal,Fawad Alam,GP Swann,1,0,,,,,,,,,
426430,2010,2010-09-17,Kennington Oval,1,28.4,Pakistan,England,Fawad Alam,Umar Akmal,GP Swann,1,0,,,,,,,,,
426430,2010,2010-09-17,Kennington Oval,1,28.5,Pakistan,England,Umar Akmal,Fawad Alam,GP Swann,2,0,,,,,,,,,
426430,2010,2010-09-17,Kennington Oval,1,28.6,Pakistan,England,Umar Akmal,Fawad Alam,GP Swann,1,0,,,,,,,,,
426430,2010,2010-09-17,Kennington Oval,1,29.1,Pakistan,England,Umar Akmal,Fawad Alam,TT Bresnan,0,0,,,,,,,,,
426430,2010,2010-09-17,Kennington Oval,1,29.2,Pakistan,England,Umar Akmal,Fawad Alam,TT Bresnan,1,0,,,,,,,,,
426430,2010,2010-09-17,Kennington Oval,1,29.3,Pakistan,England,Fawad Alam,Umar Akmal,TT Bresnan,0,0,,,,,,,,,
426430,2010,2010-09-17,Kennington Oval,1,29.4,Pakistan,England,Fawad Alam,Umar Akmal,TT Bresnan,1,0,,,,,,,,,
426430,2010,2010-09-17,Kennington Oval,1,29.5,Pakistan,England,Umar Akmal,Fawad Alam,TT Bresnan,0,0,,,,,,caught,Umar Akmal,,
426430,2010,2010-09-17,Kennington Oval,1,29.6,Pakistan,England,Shahid Afridi,Fawad Alam,TT Bresnan,0,0,,,,,,,,,
426430,2010,2010-09-17,Kennington Oval,1,30.1,Pakistan,England,Fawad Alam,Shahid Afridi,GP Swann,1,0,,,,,,,,,
426430,2010,2010-09-17,Kennington Oval,1,30.2,Pakistan,England,Shahid Afridi,Fawad Alam,GP Swann,1,0,,,,,,,,,
426430,2010,2010-09-17,Kennington Oval,1,30.3,Pakistan,England,Fawad Alam,Shahid Afridi,GP Swann,1,0,,,,,,,,,
426430,2010,2010-09-17,Kennington Oval,1,30.4,Pakistan,England,Shahid Afridi,Fawad Alam,GP Swann,1,0,,,,,,,,,
426430,2010,2010-09-17,Kennington Oval,1,30.5,Pakistan,England,Fawad Alam,Shahid Afridi,GP Swann,0,0,,,,,,,,,
426430,2010,2010-09-17,Kennington Oval,1,30.6,Pakistan,England,Fawad Alam,Shahid Afridi,GP Swann,1,0,,,,,,,,,
426430,2010,2010-09-17,Kennington Oval,1,31.1,Pakistan,England,Fawad Alam,Shahid Afridi,TT Bresnan,0,0,,,,,,,,,
426430,2010,2010-09-17,Kennington Oval,1,31.2,Pakistan,England,Fawad Alam,Shahid Afridi,TT Bresnan,2,0,,,,,,,,,
426430,2010,2010-09-17,Kennington Oval,1,31.3,Pakistan,England,Fawad Alam,Shahid Afridi,TT Bresnan,0,0,,,,,,,,,
426430,2010,2010-09-17,Kennington Oval,1,31.4,Pakistan,England,Fawad Alam,Shahid Afridi,TT Bresnan,1,0,,,,,,,,,
426430,2010,2010-09-17,Kennington Oval,1,31.5,Pakistan,England,Shahid Afridi,Fawad Alam,TT Bresnan,4,0,,,,,,,,,
426430,2010,2010-09-17,Kennington Oval,1,31.6,Pakistan,England,Shahid Afridi,Fawad Alam,TT Bresnan,0,0,,,,,,,,,
426430,2010,2010-09-17,Kennington Oval,1,32.1,Pakistan,England,Fawad Alam,Shahid Afridi,MH Yardy,1,0,,,,,,,,,
426430,2010,2010-09-17,Kennington Oval,1,32.2,Pakistan,England,Shahid Afridi,Fawad Alam,MH Yardy,0,0,,,,,,,,,
426430,2010,2010-09-17,Kennington Oval,1,32.3,Pakistan,England,Shahid Afridi,Fawad Alam,MH Yardy,0,0,,,,,,,,,
426430,2010,2010-09-17,Kennington Oval,1,32.4,Pakistan,England,Shahid Afridi,Fawad Alam,MH Yardy,0,0,,,,,,,,,
426430,2010,2010-09-17,Kennington Oval,1,32.5,Pakistan,England,Shahid Afridi,Fawad Alam,MH Yardy,2,0,,,,,,,,,
426430,2010,2010-09-17,Kennington Oval,1,32.6,Pakistan,England,Shahid Afridi,Fawad Alam,MH Yardy,0,0,,,,,,,,,
426430,2010,2010-09-17,Kennington Oval,1,33.1,Pakistan,England,Fawad Alam,Shahid Afridi,TT Bresnan,1,0,,,,,,,,,
426430,2010,2010-09-17,Kennington Oval,1,33.2,Pakistan,England,Shahid Afridi,Fawad Alam,TT Bresnan,0,0,,,,,,,,,
426430,2010,2010-09-17,Kennington Oval,1,33.3,Pakistan,England,Shahid Afridi,Fawad Alam,TT Bresnan,2,0,,,,,,,,,
426430,2010,2010-09-17,Kennington Oval,1,33.4,Pakistan,England,Shahid Afridi,Fawad Alam,TT Bresnan,0,0,,,,,,,,,
426430,2010,2010-09-17,Kennington Oval,1,33.5,Pakistan,England,Shahid Afridi,Fawad Alam,TT Bresnan,0,1,,,,1,,,,,
426430,2010,2010-09-17,Kennington Oval,1,33.6,Pakistan,England,Fawad Alam,Shahid Afridi,TT Bresnan,1,0,,,,,,,,,
426430,2010,2010-09-17,Kennington Oval,1,34.1,Pakistan,England,Fawad Alam,Shahid Afridi,MH Yardy,3,0,,,,,,,,,
426430,2010,2010-09-17,Kennington Oval,1,34.2,Pakistan,England,Shahid Afridi,Fawad Alam,MH Yardy,1,0,,,,,,,,,
426430,2010,2010-09-17,Kennington Oval,1,34.3,Pakistan,England,Fawad Alam,Shahid Afridi,MH Yardy,0,0,,,,,,,,,
426430,2010,2010-09-17,Kennington Oval,1,34.4,Pakistan,England,Fawad Alam,Shahid Afridi,MH Yardy,1,0,,,,,,,,,
426430,2010,2010-09-17,Kennington Oval,1,34.5,Pakistan,England,Shahid Afridi,Fawad Alam,MH Yardy,1,0,,,,,,,,,
426430,2010,2010-09-17,Kennington Oval,1,34.6,Pakistan,England,Fawad Alam,Shahid Afridi,MH Yardy,1,0,,,,,,,,,
426430,2010,2010-09-17,Kennington Oval,1,35.1,Pakistan,England,Fawad Alam,Shahid Afridi,GP Swann,1,0,,,,,,,,,
426430,2010,2010-09-17,Kennington Oval,1,35.2,Pakistan,England,Shahid Afridi,Fawad Alam,GP Swann,1,0,,,,,,,,,
426430,2010,2010-09-17,Kennington Oval,1,35.3,Pakistan,England,Fawad Alam,Shahid Afridi,GP Swann,1,0,,,,,,,,,
426430,2010,2010-09-17,Kennington Oval,1,35.4,Pakistan,England,Shahid Afridi,Fawad Alam,GP Swann,4,0,,,,,,,,,
426430,2010,2010-09-17,Kennington Oval,1,35.5,Pakistan,England,Shahid Afridi,Fawad Alam,GP Swann,2,0,,,,,,,,,
426430,2010,2010-09-17,Kennington Oval,1,35.6,Pakistan,England,Shahid Afridi,Fawad Alam,GP Swann,1,0,,,,,,,,,
426430,2010,2010-09-17,Kennington Oval,1,36.1,Pakistan,England,Shahid Afridi,Fawad Alam,MH Yardy,0,0,,,,,,,,,
426430,2010,2010-09-17,Kennington Oval,1,36.2,Pakistan,England,Shahid Afridi,Fawad Alam,MH Yardy,1,0,,,,,,,,,
426430,2010,2010-09-17,Kennington Oval,1,36.3,Pakistan,England,Fawad Alam,Shahid Afridi,MH Yardy,0,0,,,,,,,,,
426430,2010,2010-09-17,Kennington Oval,1,36.4,Pakistan,England,Fawad Alam,Shahid Afridi,MH Yardy,0,0,,,,,,,,,
426430,2010,2010-09-17,Kennington Oval,1,36.5,Pakistan,England,Fawad Alam,Shahid Afridi,MH Yardy,2,0,,,,,,,,,
426430,2010,2010-09-17,Kennington Oval,1,36.6,Pakistan,England,Fawad Alam,Shahid Afridi,MH Yardy,4,0,,,,,,,,,
426430,2010,2010-09-17,Kennington Oval,1,37.1,Pakistan,England,Shahid Afridi,Fawad Alam,GP Swann,6,0,,,,,,,,,
426430,2010,2010-09-17,Kennington Oval,1,37.2,Pakistan,England,Shahid Afridi,Fawad Alam,GP Swann,2,0,,,,,,,,,
426430,2010,2010-09-17,Kennington Oval,1,37.3,Pakistan,England,Shahid Afridi,Fawad Alam,GP Swann,0,1,,,,1,,,,,
426430,2010,2010-09-17,Kennington Oval,1,37.4,Pakistan,England,Fawad Alam,Shahid Afridi,GP Swann,1,0,,,,,,,,,
426430,2010,2010-09-17,Kennington Oval,1,37.5,Pakistan,England,Shahid Afridi,Fawad Alam,GP Swann,0,0,,,,,,,,,
426430,2010,2010-09-17,Kennington Oval,1,37.6,Pakistan,England,Shahid Afridi,Fawad Alam,GP Swann,4,0,,,,,,,,,
426430,2010,2010-09-17,Kennington Oval,1,38.1,Pakistan,England,Fawad Alam,Shahid Afridi,MH Yardy,2,0,,,,,,,,,
426430,2010,2010-09-17,Kennington Oval,1,38.2,Pakistan,England,Fawad Alam,Shahid Afridi,MH Yardy,0,0,,,,,,caught,Fawad Alam,,
426430,2010,2010-09-17,Kennington Oval,1,38.3,Pakistan,England,Abdul Razzaq,Shahid Afridi,MH Yardy,1,0,,,,,,,,,
426430,2010,2010-09-17,Kennington Oval,1,38.4,Pakistan,England,Shahid Afridi,Abdul Razzaq,MH Yardy,1,0,,,,,,,,,
426430,2010,2010-09-17,Kennington Oval,1,38.5,Pakistan,England,Abdul Razzaq,Shahid Afridi,MH Yardy,1,0,,,,,,,,,
426430,2010,2010-09-17,Kennington Oval,1,38.6,Pakistan,England,Shahid Afridi,Abdul Razzaq,MH Yardy,0,0,,,,,,,,,
426430,2010,2010-09-17,Kennington Oval,1,39.1,Pakistan,England,Abdul Razzaq,Shahid Afridi,SCJ Broad,1,0,,,,,,run out,Shahid Afridi,,
426430,2010,2010-09-17,Kennington Oval,1,39.2,Pakistan,England,Abdul Razzaq,Umar Gul,SCJ Broad,0,0,,,,,,,,,
426430,2010,2010-09-17,Kennington Oval,1,39.3,Pakistan,England,Abdul Razzaq,Umar Gul,SCJ Broad,0,0,,,,,,,,,
426430,2010,2010-09-17,Kennington Oval,1,39.4,Pakistan,England,Abdul Razzaq,Umar Gul,SCJ Broad,0,0,,,,,,,,,
426430,2010,2010-09-17,Kennington Oval,1,39.5,Pakistan,England,Abdul Razzaq,Umar Gul,SCJ Broad,1,0,,,,,,,,,
426430,2010,2010-09-17,Kennington Oval,1,39.6,Pakistan,England,Umar Gul,Abdul Razzaq,SCJ Broad,0,0,,,,,,,,,
426430,2010,2010-09-17,Kennington Oval,1,40.1,Pakistan,England,Abdul Razzaq,Umar Gul,JM Anderson,0,1,1,,,,,,,,
426430,2010,2010-09-17,Kennington Oval,1,40.2,Pakistan,England,Abdul Razzaq,Umar Gul,JM Anderson,0,0,,,,,,,,,
426430,2010,2010-09-17,Kennington Oval,1,40.3,Pakistan,England,Abdul Razzaq,Umar Gul,JM Anderson,1,0,,,,,,,,,
426430,2010,2010-09-17,Kennington Oval,1,40.4,Pakistan,England,Umar Gul,Abdul Razzaq,JM Anderson,0,0,,,,,,,,,
426430,2010,2010-09-17,Kennington Oval,1,40.5,Pakistan,England,Umar Gul,Abdul Razzaq,JM Anderson,0,0,,,,,,,,,
426430,2010,2010-09-17,Kennington Oval,1,40.6,Pakistan,England,Umar Gul,Abdul Razzaq,JM Anderson,0,0,,,,,,,,,
426430,2010,2010-09-17,Kennington Oval,1,40.7,Pakistan,England,Umar Gul,Abdul Razzaq,JM Anderson,1,0,,,,,,,,,
426430,2010,2010-09-17,Kennington Oval,1,41.1,Pakistan,England,Umar Gul,Abdul Razzaq,SCJ Broad,0,1,1,,,,,,,,
426430,2010,2010-09-17,Kennington Oval,1,41.2,Pakistan,England,Umar Gul,Abdul Razzaq,SCJ Broad,0,0,,,,,,,,,
426430,2010,2010-09-17,Kennington Oval,1,41.3,Pakistan,England,Umar Gul,Abdul Razzaq,SCJ Broad,0,0,,,,,,,,,
426430,2010,2010-09-17,Kennington Oval,1,41.4,Pakistan,England,Umar Gul,Abdul Razzaq,SCJ Broad,1,0,,,,,,,,,
426430,2010,2010-09-17,Kennington Oval,1,41.5,Pakistan,England,Abdul Razzaq,Umar Gul,SCJ Broad,0,0,,,,,,,,,
426430,2010,2010-09-17,Kennington Oval,1,41.6,Pakistan,England,Abdul Razzaq,Umar Gul,SCJ Broad,6,0,,,,,,,,,
426430,2010,2010-09-17,Kennington Oval,1,41.7,Pakistan,England,Abdul Razzaq,Umar Gul,SCJ Broad,0,0,,,,,,,,,
426430,2010,2010-09-17,Kennington Oval,1,42.1,Pakistan,England,Umar Gul,Abdul Razzaq,JM Anderson,0,0,,,,,,,,,
426430,2010,2010-09-17,Kennington Oval,1,42.2,Pakistan,England,Umar Gul,Abdul Razzaq,JM Anderson,0,0,,,,,,,,,
426430,2010,2010-09-17,Kennington Oval,1,42.3,Pakistan,England,Umar Gul,Abdul Razzaq,JM Anderson,0,0,,,,,,,,,
426430,2010,2010-09-17,Kennington Oval,1,42.4,Pakistan,England,Umar Gul,Abdul Razzaq,JM Anderson,0,0,,,,,,,,,
426430,2010,2010-09-17,Kennington Oval,1,42.5,Pakistan,England,Umar Gul,Abdul Razzaq,JM Anderson,0,0,,,,,,,,,
426430,2010,2010-09-17,Kennington Oval,1,42.6,Pakistan,England,Umar Gul,Abdul Razzaq,JM Anderson,0,0,,,,,,,,,
426430,2010,2010-09-17,Kennington Oval,1,43.1,Pakistan,England,Abdul Razzaq,Umar Gul,TT Bresnan,1,0,,,,,,,,,
426430,2010,2010-09-17,Kennington Oval,1,43.2,Pakistan,England,Umar Gul,Abdul Razzaq,TT Bresnan,0,0,,,,,,,,,
426430,2010,2010-09-17,Kennington Oval,1,43.3,Pakistan,England,Umar Gul,Abdul Razzaq,TT Bresnan,1,0,,,,,,,,,
426430,2010,2010-09-17,Kennington Oval,1,43.4,Pakistan,England,Abdul Razzaq,Umar Gul,TT Bresnan,4,0,,,,,,,,,
426430,2010,2010-09-17,Kennington Oval,1,43.5,Pakistan,England,Abdul Razzaq,Umar Gul,TT Bresnan,3,0,,,,,,,,,
426430,2010,2010-09-17,Kennington Oval,1,43.6,Pakistan,England,Umar Gul,Abdul Razzaq,TT Bresnan,0,1,1,,,,,,,,
426430,2010,2010-09-17,Kennington Oval,1,43.7,Pakistan,England,Umar Gul,Abdul Razzaq,TT Bresnan,0,0,,,,,,,,,
426430,2010,2010-09-17,Kennington Oval,1,44.1,Pakistan,England,Abdul Razzaq,Umar Gul,JM Anderson,0,0,,,,,,,,,
426430,2010,2010-09-17,Kennington Oval,1,44.2,Pakistan,England,Abdul Razzaq,Umar Gul,JM Anderson,1,0,,,,,,,,,
426430,2010,2010-09-17,Kennington Oval,1,44.3,Pakistan,England,Umar Gul,Abdul Razzaq,JM Anderson,1,0,,,,,,,,,
426430,2010,2010-09-17,Kennington Oval,1,44.4,Pakistan,England,Abdul Razzaq,Umar Gul,JM Anderson,1,0,,,,,,,,,
426430,2010,2010-09-17,Kennington Oval,1,44.5,Pakistan,England,Umar Gul,Abdul Razzaq,JM Anderson,0,0,,,,,,,,,
426430,2010,2010-09-17,Kennington Oval,1,44.6,Pakistan,England,Umar Gul,Abdul Razzaq,JM Anderson,1,0,,,,,,,,,
426430,2010,2010-09-17,Kennington Oval,1,45.1,Pakistan,England,Umar Gul,Abdul Razzaq,TT Bresnan,0,2,2,,,,,,,,
426430,2010,2010-09-17,Kennington Oval,1,45.2,Pakistan,England,Abdul Razzaq,Umar Gul,TT Bresnan,0,0,,,,,,,,,
426430,2010,2010-09-17,Kennington Oval,1,45.3,Pakistan,England,Abdul Razzaq,Umar Gul,TT Bresnan,1,0,,,,,,,,,
426430,2010,2010-09-17,Kennington Oval,1,45.4,Pakistan,England,Umar Gul,Abdul Razzaq,TT Bresnan,1,0,,,,,,,,,
426430,2010,2010-09-17,Kennington Oval,1,45.5,Pakistan,England,Abdul Razzaq,Umar Gul,TT Bresnan,1,0,,,,,,,,,
426430,2010,2010-09-17,Kennington Oval,1,45.6,Pakistan,England,Umar Gul,Abdul Razzaq,TT Bresnan,1,0,,,,,,,,,
426430,2010,2010-09-17,Kennington Oval,1,45.7,Pakistan,England,Abdul Razzaq,Umar Gul,TT Bresnan,0,1,1,,,,,,,,
426430,2010,2010-09-17,Kennington Oval,1,45.8,Pakistan,England,Abdul Razzaq,Umar Gul,TT Bresnan,4,0,,,,,,,,,
426430,2010,2010-09-17,Kennington Oval,1,46.1,Pakistan,England,Umar Gul,Abdul Razzaq,SCJ Broad,1,0,,,,,,,,,
426430,2010,2010-09-17,Kennington Oval,1,46.2,Pakistan,England,Abdul Razzaq,Umar Gul,SCJ Broad,4,0,,,,,,,,,
426430,2010,2010-09-17,Kennington Oval,1,46.3,Pakistan,England,Abdul Razzaq,Umar Gul,SCJ Broad,0,0,,,,,,caught,Abdul Razzaq,,
426430,2010,2010-09-17,Kennington Oval,1,46.4,Pakistan,England,Saeed Ajmal,Umar Gul,SCJ Broad,1,0,,,,,,,,,
426430,2010,2010-09-17,Kennington Oval,1,46.5,Pakistan,England,Umar Gul,Saeed Ajmal,SCJ Broad,4,0,,,,,,,,,
426430,2010,2010-09-17,Kennington Oval,1,46.6,Pakistan,England,Umar Gul,Saeed Ajmal,SCJ Broad,0,0,,,,,,,,,
426430,2010,2010-09-17,Kennington Oval,1,47.1,Pakistan,England,Saeed Ajmal,Umar Gul,JM Anderson,1,0,,,,,,,,,
426430,2010,2010-09-17,Kennington Oval,1,47.2,Pakistan,England,Umar Gul,Saeed Ajmal,JM Anderson,1,0,,,,,,,,,
426430,2010,2010-09-17,Kennington Oval,1,47.3,Pakistan,England,Saeed Ajmal,Umar Gul,JM Anderson,0,0,,,,,,lbw,Saeed Ajmal,,
426430,2010,2010-09-17,Kennington Oval,1,47.4,Pakistan,England,Shoaib Akhtar,Umar Gul,JM Anderson,0,0,,,,,,,,,
426430,2010,2010-09-17,Kennington Oval,1,47.5,Pakistan,England,Shoaib Akhtar,Umar Gul,JM Anderson,0,0,,,,,,,,,
426430,2010,2010-09-17,Kennington Oval,1,47.6,Pakistan,England,Shoaib Akhtar,Umar Gul,JM Anderson,0,0,,,,,,,,,
426430,2010,2010-09-17,Kennington Oval,1,48.1,Pakistan,England,Umar Gul,Shoaib Akhtar,SCJ Broad,1,0,,,,,,,,,
426430,2010,2010-09-17,Kennington Oval,1,48.2,Pakistan,England,Shoaib Akhtar,Umar Gul,SCJ Broad,1,0,,,,,,,,,
426430,2010,2010-09-17,Kennington Oval,1,48.3,Pakistan,England,Umar Gul,Shoaib Akhtar,SCJ Broad,0,0,,,,,,,,,
426430,2010,2010-09-17,Kennington Oval,1,48.4,Pakistan,England,Umar Gul,Shoaib Akhtar,SCJ Broad,0,0,,,,,,,,,
426430,2010,2010-09-17,Kennington Oval,1,48.5,Pakistan,England,Umar Gul,Shoaib Akhtar,SCJ Broad,0,0,,,,,,,,,
426430,2010,2010-09-17,Kennington Oval,1,48.6,Pakistan,England,Umar Gul,Shoaib Akhtar,SCJ Broad,0,0,,,,,,,,,
426430,2010,2010-09-17,Kennington Oval,1,49.1,Pakistan,England,Shoaib Akhtar,Umar Gul,TT Bresnan,4,0,,,,,,,,,
426430,2010,2010-09-17,Kennington Oval,1,49.2,Pakistan,England,Shoaib Akhtar,Umar Gul,TT Bresnan,0,0,,,,,,,,,
426430,2010,2010-09-17,Kennington Oval,1,49.3,Pakistan,England,Shoaib Akhtar,Umar Gul,TT Bresnan,1,0,,,,,,,,,
426430,2010,2010-09-17,Kennington Oval,1,49.4,Pakistan,England,Umar Gul,Shoaib Akhtar,TT Bresnan,0,0,,,,,,bowled,Umar Gul,,
426430,2010,2010-09-17,Kennington Oval,2,0.1,England,Pakistan,AJ Strauss,SM Davies,Shoaib Akhtar,1,0,,,,,,,,,
426430,2010,2010-09-17,Kennington Oval,2,0.2,England,Pakistan,SM Davies,AJ Strauss,Shoaib Akhtar,0,0,,,,,,,,,
426430,2010,2010-09-17,Kennington Oval,2,0.3,England,Pakistan,SM Davies,AJ Strauss,Shoaib Akhtar,0,0,,,,,,,,,
426430,2010,2010-09-17,Kennington Oval,2,0.4,England,Pakistan,SM Davies,AJ Strauss,Shoaib Akhtar,4,0,,,,,,,,,
426430,2010,2010-09-17,Kennington Oval,2,0.5,England,Pakistan,SM Davies,AJ Strauss,Shoaib Akhtar,4,0,,,,,,,,,
426430,2010,2010-09-17,Kennington Oval,2,0.6,England,Pakistan,SM Davies,AJ Strauss,Shoaib Akhtar,0,0,,,,,,,,,
426430,2010,2010-09-17,Kennington Oval,2,1.1,England,Pakistan,AJ Strauss,SM Davies,Abdul Razzaq,0,0,,,,,,,,,
426430,2010,2010-09-17,Kennington Oval,2,1.2,England,Pakistan,AJ Strauss,SM Davies,Abdul Razzaq,1,0,,,,,,,,,
426430,2010,2010-09-17,Kennington Oval,2,1.3,England,Pakistan,SM Davies,AJ Strauss,Abdul Razzaq,0,0,,,,,,,,,
426430,2010,2010-09-17,Kennington Oval,2,1.4,England,Pakistan,SM Davies,AJ Strauss,Abdul Razzaq,0,0,,,,,,,,,
426430,2010,2010-09-17,Kennington Oval,2,1.5,England,Pakistan,SM Davies,AJ Strauss,Abdul Razzaq,2,0,,,,,,,,,
426430,2010,2010-09-17,Kennington Oval,2,1.6,England,Pakistan,SM Davies,AJ Strauss,Abdul Razzaq,0,0,,,,,,,,,
426430,2010,2010-09-17,Kennington Oval,2,2.1,England,Pakistan,AJ Strauss,SM Davies,Shoaib Akhtar,0,0,,,,,,,,,
426430,2010,2010-09-17,Kennington Oval,2,2.2,England,Pakistan,AJ Strauss,SM Davies,Shoaib Akhtar,0,0,,,,,,,,,
426430,2010,2010-09-17,Kennington Oval,2,2.3,England,Pakistan,AJ Strauss,SM Davies,Shoaib Akhtar,4,0,,,,,,,,,
426430,2010,2010-09-17,Kennington Oval,2,2.4,England,Pakistan,AJ Strauss,SM Davies,Shoaib Akhtar,0,0,,,,,,,,,
426430,2010,2010-09-17,Kennington Oval,2,2.5,England,Pakistan,AJ Strauss,SM Davies,Shoaib Akhtar,0,0,,,,,,,,,
426430,2010,2010-09-17,Kennington Oval,2,2.6,England,Pakistan,AJ Strauss,SM Davies,Shoaib Akhtar,4,0,,,,,,,,,
426430,2010,2010-09-17,Kennington Oval,2,3.1,England,Pakistan,SM Davies,AJ Strauss,Abdul Razzaq,1,0,,,,,,,,,
426430,2010,2010-09-17,Kennington Oval,2,3.2,England,Pakistan,AJ Strauss,SM Davies,Abdul Razzaq,0,0,,,,,,,,,
426430,2010,2010-09-17,Kennington Oval,2,3.3,England,Pakistan,AJ Strauss,SM Davies,Abdul Razzaq,0,0,,,,,,,,,
426430,2010,2010-09-17,Kennington Oval,2,3.4,England,Pakistan,AJ Strauss,SM Davies,Abdul Razzaq,4,0,,,,,,,,,
426430,2010,2010-09-17,Kennington Oval,2,3.5,England,Pakistan,AJ Strauss,SM Davies,Abdul Razzaq,1,0,,,,,,,,,
426430,2010,2010-09-17,Kennington Oval,2,3.6,England,Pakistan,SM Davies,AJ Strauss,Abdul Razzaq,0,0,,,,,,,,,
426430,2010,2010-09-17,Kennington Oval,2,4.1,England,Pakistan,AJ Strauss,SM Davies,Shoaib Akhtar,0,0,,,,,,,,,
426430,2010,2010-09-17,Kennington Oval,2,4.2,England,Pakistan,AJ Strauss,SM Davies,Shoaib Akhtar,0,0,,,,,,,,,
426430,2010,2010-09-17,Kennington Oval,2,4.3,England,Pakistan,AJ Strauss,SM Davies,Shoaib Akhtar,0,0,,,,,,,,,
426430,2010,2010-09-17,Kennington Oval,2,4.4,England,Pakistan,AJ Strauss,SM Davies,Shoaib Akhtar,0,0,,,,,,,,,
426430,2010,2010-09-17,Kennington Oval,2,4.5,England,Pakistan,AJ Strauss,SM Davies,Shoaib Akhtar,1,0,,,,,,,,,
426430,2010,2010-09-17,Kennington Oval,2,4.6,England,Pakistan,SM Davies,AJ Strauss,Shoaib Akhtar,1,0,,,,,,,,,
426430,2010,2010-09-17,Kennington Oval,2,5.1,England,Pakistan,SM Davies,AJ Strauss,Abdul Razzaq,2,0,,,,,,,,,
426430,2010,2010-09-17,Kennington Oval,2,5.2,England,Pakistan,SM Davies,AJ Strauss,Abdul Razzaq,0,1,1,,,,,,,,
426430,2010,2010-09-17,Kennington Oval,2,5.3,England,Pakistan,SM Davies,AJ Strauss,Abdul Razzaq,0,0,,,,,,,,,
426430,2010,2010-09-17,Kennington Oval,2,5.4,England,Pakistan,SM Davies,AJ Strauss,Abdul Razzaq,0,0,,,,,,,,,
426430,2010,2010-09-17,Kennington Oval,2,5.5,England,Pakistan,SM Davies,AJ Strauss,Abdul Razzaq,4,0,,,,,,,,,
426430,2010,2010-09-17,Kennington Oval,2,5.6,England,Pakistan,SM Davies,AJ Strauss,Abdul Razzaq,0,0,,,,,,,,,
426430,2010,2010-09-17,Kennington Oval,2,5.7,England,Pakistan,SM Davies,AJ Strauss,Abdul Razzaq,0,0,,,,,,bowled,SM Davies,,
426430,2010,2010-09-17,Kennington Oval,2,6.1,England,Pakistan,AJ Strauss,IJL Trott,Shoaib Akhtar,0,0,,,,,,,,,
426430,2010,2010-09-17,Kennington Oval,2,6.2,England,Pakistan,AJ Strauss,IJL Trott,Shoaib Akhtar,0,0,,,,,,,,,
426430,2010,2010-09-17,Kennington Oval,2,6.3,England,Pakistan,AJ Strauss,IJL Trott,Shoaib Akhtar,0,0,,,,,,,,,
426430,2010,2010-09-17,Kennington Oval,2,6.4,England,Pakistan,AJ Strauss,IJL Trott,Shoaib Akhtar,2,0,,,,,,,,,
426430,2010,2010-09-17,Kennington Oval,2,6.5,England,Pakistan,AJ Strauss,IJL Trott,Shoaib Akhtar,0,0,,,,,,,,,
426430,2010,2010-09-17,Kennington Oval,2,6.6,England,Pakistan,AJ Strauss,IJL Trott,Shoaib Akhtar,1,0,,,,,,,,,
426430,2010,2010-09-17,Kennington Oval,2,7.1,England,Pakistan,AJ Strauss,IJL Trott,Abdul Razzaq,1,0,,,,,,,,,
426430,2010,2010-09-17,Kennington Oval,2,7.2,England,Pakistan,IJL Trott,AJ Strauss,Abdul Razzaq,0,0,,,,,,,,,
426430,2010,2010-09-17,Kennington Oval,2,7.3,England,Pakistan,IJL Trott,AJ Strauss,Abdul Razzaq,0,0,,,,,,,,,
426430,2010,2010-09-17,Kennington Oval,2,7.4,England,Pakistan,IJL Trott,AJ Strauss,Abdul Razzaq,0,0,,,,,,,,,
426430,2010,2010-09-17,Kennington Oval,2,7.5,England,Pakistan,IJL Trott,AJ Strauss,Abdul Razzaq,0,0,,,,,,,,,
426430,2010,2010-09-17,Kennington Oval,2,7.6,England,Pakistan,IJL Trott,AJ Strauss,Abdul Razzaq,1,0,,,,,,,,,
426430,2010,2010-09-17,Kennington Oval,2,8.1,England,Pakistan,IJL Trott,AJ Strauss,Shoaib Akhtar,0,0,,,,,,,,,
426430,2010,2010-09-17,Kennington Oval,2,8.2,England,Pakistan,IJL Trott,AJ Strauss,Shoaib Akhtar,1,0,,,,,,,,,
426430,2010,2010-09-17,Kennington Oval,2,8.3,England,Pakistan,AJ Strauss,IJL Trott,Shoaib Akhtar,1,0,,,,,,,,,
426430,2010,2010-09-17,Kennington Oval,2,8.4,England,Pakistan,IJL Trott,AJ Strauss,Shoaib Akhtar,0,0,,,,,,,,,
426430,2010,2010-09-17,Kennington Oval,2,8.5,England,Pakistan,IJL Trott,AJ Strauss,Shoaib Akhtar,0,0,,,,,,,,,
426430,2010,2010-09-17,Kennington Oval,2,8.6,England,Pakistan,IJL Trott,AJ Strauss,Shoaib Akhtar,0,0,,,,,,bowled,IJL Trott,,
426430,2010,2010-09-17,Kennington Oval,2,9.1,England,Pakistan,AJ Strauss,RS Bopara,Abdul Razzaq,0,0,,,,,,,,,
426430,2010,2010-09-17,Kennington Oval,2,9.2,England,Pakistan,AJ Strauss,RS Bopara,Abdul Razzaq,3,0,,,,,,,,,
426430,2010,2010-09-17,Kennington Oval,2,9.3,England,Pakistan,RS Bopara,AJ Strauss,Abdul Razzaq,0,0,,,,,,,,,
426430,2010,2010-09-17,Kennington Oval,2,9.4,England,Pakistan,RS Bopara,AJ Strauss,Abdul Razzaq,1,0,,,,,,,,,
426430,2010,2010-09-17,Kennington Oval,2,9.5,England,Pakistan,AJ Strauss,RS Bopara,Abdul Razzaq,4,0,,,,,,,,,
426430,2010,2010-09-17,Kennington Oval,2,9.6,England,Pakistan,AJ Strauss,RS Bopara,Abdul Razzaq,1,0,,,,,,,,,
426430,2010,2010-09-17,Kennington Oval,2,10.1,England,Pakistan,AJ Strauss,RS Bopara,Shoaib Akhtar,2,0,,,,,,,,,
426430,2010,2010-09-17,Kennington Oval,2,10.2,England,Pakistan,AJ Strauss,RS Bopara,Shoaib Akhtar,0,0,,,,,,,,,
426430,2010,2010-09-17,Kennington Oval,2,10.3,England,Pakistan,AJ Strauss,RS Bopara,Shoaib Akhtar,4,0,,,,,,,,,
426430,2010,2010-09-17,Kennington Oval,2,10.4,England,Pakistan,AJ Strauss,RS Bopara,Shoaib Akhtar,0,0,,,,,,,,,
426430,2010,2010-09-17,Kennington Oval,2,10.5,England,Pakistan,AJ Strauss,RS Bopara,Shoaib Akhtar,1,0,,,,,,,,,
426430,2010,2010-09-17,Kennington Oval,2,10.6,England,Pakistan,RS Bopara,AJ Strauss,Shoaib Akhtar,0,0,,,,,,,,,
426430,2010,2010-09-17,Kennington Oval,2,11.1,England,Pakistan,AJ Strauss,RS Bopara,Umar Gul,4,0,,,,,,,,,
426430,2010,2010-09-17,Kennington Oval,2,11.2,England,Pakistan,AJ Strauss,RS Bopara,Umar Gul,1,0,,,,,,,,,
426430,2010,2010-09-17,Kennington Oval,2,11.3,England,Pakistan,RS Bopara,AJ Strauss,Umar Gul,0,0,,,,,,,,,
426430,2010,2010-09-17,Kennington Oval,2,11.4,England,Pakistan,RS Bopara,AJ Strauss,Umar Gul,0,0,,,,,,,,,
426430,2010,2010-09-17,Kennington Oval,2,11.5,England,Pakistan,RS Bopara,AJ Strauss,Umar Gul,1,0,,,,,,,,,
426430,2010,2010-09-17,Kennington Oval,2,11.6,England,Pakistan,AJ Strauss,RS Bopara,Umar Gul,4,0,,,,,,,,,
426430,2010,2010-09-17,Kennington Oval,2,12.1,England,Pakistan,RS Bopara,AJ Strauss,Shoaib Akhtar,0,1,,,,1,,,,,
426430,2010,2010-09-17,Kennington Oval,2,12.2,England,Pakistan,AJ Strauss,RS Bopara,Shoaib Akhtar,0,1,,,,1,,,,,
426430,2010,2010-09-17,Kennington Oval,2,12.3,England,Pakistan,RS Bopara,AJ Strauss,Shoaib Akhtar,0,0,,,,,,,,,
426430,2010,2010-09-17,Kennington Oval,2,12.4,England,Pakistan,RS Bopara,AJ Strauss,Shoaib Akhtar,0,0,,,,,,,,,
426430,2010,2010-09-17,Kennington Oval,2,12.5,England,Pakistan,RS Bopara,AJ Strauss,Shoaib Akhtar,0,0,,,,,,,,,
426430,2010,2010-09-17,Kennington Oval,2,12.6,England,Pakistan,RS Bopara,AJ Strauss,Shoaib Akhtar,4,0,,,,,,,,,
426430,2010,2010-09-17,Kennington Oval,2,13.1,England,Pakistan,AJ Strauss,RS Bopara,Saeed Ajmal,1,0,,,,,,,,,
426430,2010,2010-09-17,Kennington Oval,2,13.2,England,Pakistan,RS Bopara,AJ Strauss,Saeed Ajmal,0,0,,,,,,,,,
426430,2010,2010-09-17,Kennington Oval,2,13.3,England,Pakistan,RS Bopara,AJ Strauss,Saeed Ajmal,0,0,,,,,,,,,
426430,2010,2010-09-17,Kennington Oval,2,13.4,England,Pakistan,RS Bopara,AJ Strauss,Saeed Ajmal,1,0,,,,,,,,,
426430,2010,2010-09-17,Kennington Oval,2,13.5,England,Pakistan,AJ Strauss,RS Bopara,Saeed Ajmal,1,0,,,,,,,,,
426430,2010,2010-09-17,Kennington Oval,2,13.6,England,Pakistan,RS Bopara,AJ Strauss,Saeed Ajmal,0,0,,,,,,caught,RS Bopara,,
426430,2010,2010-09-17,Kennington Oval,2,14.1,England,Pakistan,AJ Strauss,EJG Morgan,Shoaib Akhtar,1,0,,,,,,,,,
426430,2010,2010-09-17,Kennington Oval,2,14.2,England,Pakistan,EJG Morgan,AJ Strauss,Shoaib Akhtar,0,0,,,,,,,,,
426430,2010,2010-09-17,Kennington Oval,2,14.3,England,Pakistan,EJG Morgan,AJ Strauss,Shoaib Akhtar,1,0,,,,,,,,,
426430,2010,2010-09-17,Kennington Oval,2,14.4,England,Pakistan,AJ Strauss,EJG Morgan,Shoaib Akhtar,0,0,,,,,,,,,
426430,2010,2010-09-17,Kennington Oval,2,14.5,England,Pakistan,AJ Strauss,EJG Morgan,Shoaib Akhtar,1,0,,,,,,,,,
426430,2010,2010-09-17,Kennington Oval,2,14.6,England,Pakistan,EJG Morgan,AJ Strauss,Shoaib Akhtar,0,0,,,,,,,,,
426430,2010,2010-09-17,Kennington Oval,2,15.1,England,Pakistan,AJ Strauss,EJG Morgan,Saeed Ajmal,0,0,,,,,,,,,
426430,2010,2010-09-17,Kennington Oval,2,15.2,England,Pakistan,AJ Strauss,EJG Morgan,Saeed Ajmal,0,0,,,,,,,,,
426430,2010,2010-09-17,Kennington Oval,2,15.3,England,Pakistan,AJ Strauss,EJG Morgan,Saeed Ajmal,0,0,,,,,,,,,
426430,2010,2010-09-17,Kennington Oval,2,15.4,England,Pakistan,AJ Strauss,EJG Morgan,Saeed Ajmal,1,0,,,,,,,,,
426430,2010,2010-09-17,Kennington Oval,2,15.5,England,Pakistan,EJG Morgan,AJ Strauss,Saeed Ajmal,2,0,,,,,,,,,
426430,2010,2010-09-17,Kennington Oval,2,15.6,England,Pakistan,EJG Morgan,AJ Strauss,Saeed Ajmal,1,0,,,,,,,,,
426430,2010,2010-09-17,Kennington Oval,2,16.1,England,Pakistan,EJG Morgan,AJ Strauss,Umar Gul,0,0,,,,,,,,,
426430,2010,2010-09-17,Kennington Oval,2,16.2,England,Pakistan,EJG Morgan,AJ Strauss,Umar Gul,1,0,,,,,,,,,
426430,2010,2010-09-17,Kennington Oval,2,16.3,England,Pakistan,AJ Strauss,EJG Morgan,Umar Gul,1,0,,,,,,,,,
426430,2010,2010-09-17,Kennington Oval,2,16.4,England,Pakistan,EJG Morgan,AJ Strauss,Umar Gul,0,0,,,,,,,,,
426430,2010,2010-09-17,Kennington Oval,2,16.5,England,Pakistan,EJG Morgan,AJ Strauss,Umar Gul,0,0,,,,,,,,,
426430,2010,2010-09-17,Kennington Oval,2,16.6,England,Pakistan,EJG Morgan,AJ Strauss,Umar Gul,1,0,,,,,,,,,
426430,2010,2010-09-17,Kennington Oval,2,17.1,England,Pakistan,EJG Morgan,AJ Strauss,Saeed Ajmal,1,0,,,,,,,,,
426430,2010,2010-09-17,Kennington Oval,2,17.2,England,Pakistan,AJ Strauss,EJG Morgan,Saeed Ajmal,1,0,,,,,,,,,
426430,2010,2010-09-17,Kennington Oval,2,17.3,England,Pakistan,EJG Morgan,AJ Strauss,Saeed Ajmal,1,0,,,,,,,,,
426430,2010,2010-09-17,Kennington Oval,2,17.4,England,Pakistan,AJ Strauss,EJG Morgan,Saeed Ajmal,0,0,,,,,,,,,
426430,2010,2010-09-17,Kennington Oval,2,17.5,England,Pakistan,AJ Strauss,EJG Morgan,Saeed Ajmal,1,0,,,,,,,,,
426430,2010,2010-09-17,Kennington Oval,2,17.6,England,Pakistan,EJG Morgan,AJ Strauss,Saeed Ajmal,0,0,,,,,,,,,
426430,2010,2010-09-17,Kennington Oval,2,18.1,England,Pakistan,AJ Strauss,EJG Morgan,Umar Gul,4,0,,,,,,,,,
426430,2010,2010-09-17,Kennington Oval,2,18.2,England,Pakistan,AJ Strauss,EJG Morgan,Umar Gul,0,0,,,,,,bowled,AJ Strauss,,
426430,2010,2010-09-17,Kennington Oval,2,18.3,England,Pakistan,MH Yardy,EJG Morgan,Umar Gul,0,0,,,,,,,,,
426430,2010,2010-09-17,Kennington Oval,2,18.4,England,Pakistan,MH Yardy,EJG Morgan,Umar Gul,0,0,,,,,,,,,
426430,2010,2010-09-17,Kennington Oval,2,18.5,England,Pakistan,MH Yardy,EJG Morgan,Umar Gul,1,0,,,,,,,,,
426430,2010,2010-09-17,Kennington Oval,2,18.6,England,Pakistan,EJG Morgan,MH Yardy,Umar Gul,0,0,,,,,,,,,
426430,2010,2010-09-17,Kennington Oval,2,19.1,England,Pakistan,MH Yardy,EJG Morgan,Abdul Razzaq,1,0,,,,,,,,,
426430,2010,2010-09-17,Kennington Oval,2,19.2,England,Pakistan,EJG Morgan,MH Yardy,Abdul Razzaq,0,0,,,,,,,,,
426430,2010,2010-09-17,Kennington Oval,2,19.3,England,Pakistan,EJG Morgan,MH Yardy,Abdul Razzaq,0,0,,,,,,,,,
426430,2010,2010-09-17,Kennington Oval,2,19.4,England,Pakistan,EJG Morgan,MH Yardy,Abdul Razzaq,2,0,,,,,,,,,
426430,2010,2010-09-17,Kennington Oval,2,19.5,England,Pakistan,EJG Morgan,MH Yardy,Abdul Razzaq,1,0,,,,,,,,,
426430,2010,2010-09-17,Kennington Oval,2,19.6,England,Pakistan,MH Yardy,EJG Morgan,Abdul Razzaq,1,0,,,,,,,,,
426430,2010,2010-09-17,Kennington Oval,2,20.1,England,Pakistan,MH Yardy,EJG Morgan,Umar Gul,0,0,,,,,,,,,
426430,2010,2010-09-17,Kennington Oval,2,20.2,England,Pakistan,MH Yardy,EJG Morgan,Umar Gul,1,0,,,,,,,,,
426430,2010,2010-09-17,Kennington Oval,2,20.3,England,Pakistan,EJG Morgan,MH Yardy,Umar Gul,1,0,,,,,,,,,
426430,2010,2010-09-17,Kennington Oval,2,20.4,England,Pakistan,MH Yardy,EJG Morgan,Umar Gul,0,0,,,,,,,,,
426430,2010,2010-09-17,Kennington Oval,2,20.5,England,Pakistan,MH Yardy,EJG Morgan,Umar Gul,0,0,,,,,,lbw,MH Yardy,,
426430,2010,2010-09-17,Kennington Oval,2,20.6,England,Pakistan,LJ Wright,EJG Morgan,Umar Gul,0,0,,,,,,,,,
426430,2010,2010-09-17,Kennington Oval,2,21.1,England,Pakistan,EJG Morgan,LJ Wright,Shahid Afridi,0,0,,,,,,,,,
426430,2010,2010-09-17,Kennington Oval,2,21.2,England,Pakistan,EJG Morgan,LJ Wright,Shahid Afridi,4,0,,,,,,,,,
426430,2010,2010-09-17,Kennington Oval,2,21.3,England,Pakistan,EJG Morgan,LJ Wright,Shahid Afridi,0,0,,,,,,,,,
426430,2010,2010-09-17,Kennington Oval,2,21.4,England,Pakistan,EJG Morgan,LJ Wright,Shahid Afridi,0,0,,,,,,,,,
426430,2010,2010-09-17,Kennington Oval,2,21.5,England,Pakistan,EJG Morgan,LJ Wright,Shahid Afridi,4,0,,,,,,,,,
426430,2010,2010-09-17,Kennington Oval,2,21.6,England,Pakistan,EJG Morgan,LJ Wright,Shahid Afridi,0,0,,,,,,,,,
426430,2010,2010-09-17,Kennington Oval,2,22.1,England,Pakistan,LJ Wright,EJG Morgan,Umar Gul,1,0,,,,,,,,,
426430,2010,2010-09-17,Kennington Oval,2,22.2,England,Pakistan,EJG Morgan,LJ Wright,Umar Gul,0,0,,,,,,,,,
426430,2010,2010-09-17,Kennington Oval,2,22.3,England,Pakistan,EJG Morgan,LJ Wright,Umar Gul,0,0,,,,,,,,,
426430,2010,2010-09-17,Kennington Oval,2,22.4,England,Pakistan,EJG Morgan,LJ Wright,Umar Gul,0,0,,,,,,,,,
426430,2010,2010-09-17,Kennington Oval,2,22.5,England,Pakistan,EJG Morgan,LJ Wright,Umar Gul,0,0,,,,,,,,,
426430,2010,2010-09-17,Kennington Oval,2,22.6,England,Pakistan,EJG Morgan,LJ Wright,Umar Gul,2,0,,,,,,,,,
426430,2010,2010-09-17,Kennington Oval,2,23.1,England,Pakistan,LJ Wright,EJG Morgan,Shahid Afridi,1,0,,,,,,,,,
426430,2010,2010-09-17,Kennington Oval,2,23.2,England,Pakistan,EJG Morgan,LJ Wright,Shahid Afridi,0,0,,,,,,,,,
426430,2010,2010-09-17,Kennington Oval,2,23.3,England,Pakistan,EJG Morgan,LJ Wright,Shahid Afridi,0,0,,,,,,,,,
426430,2010,2010-09-17,Kennington Oval,2,23.4,England,Pakistan,EJG Morgan,LJ Wright,Shahid Afridi,4,0,,,,,,,,,
426430,2010,2010-09-17,Kennington Oval,2,23.5,England,Pakistan,EJG Morgan,LJ Wright,Shahid Afridi,1,0,,,,,,,,,
426430,2010,2010-09-17,Kennington Oval,2,23.6,England,Pakistan,LJ Wright,EJG Morgan,Shahid Afridi,1,0,,,,,,,,,
426430,2010,2010-09-17,Kennington Oval,2,24.1,England,Pakistan,LJ Wright,EJG Morgan,Umar Gul,0,5,5,,,,,,,,
426430,2010,2010-09-17,Kennington Oval,2,24.2,England,Pakistan,LJ Wright,EJG Morgan,Umar Gul,0,0,,,,,,,,,
426430,2010,2010-09-17,Kennington Oval,2,24.3,England,Pakistan,LJ Wright,EJG Morgan,Umar Gul,0,0,,,,,,,,,
426430,2010,2010-09-17,Kennington Oval,2,24.4,England,Pakistan,LJ Wright,EJG Morgan,Umar Gul,0,0,,,,,,,,,
426430,2010,2010-09-17,Kennington Oval,2,24.5,England,Pakistan,LJ Wright,EJG Morgan,Umar Gul,0,0,,,,,,,,,
426430,2010,2010-09-17,Kennington Oval,2,24.6,England,Pakistan,LJ Wright,EJG Morgan,Umar Gul,1,0,,,,,,,,,
426430,2010,2010-09-17,Kennington Oval,2,24.7,England,Pakistan,EJG Morgan,LJ Wright,Umar Gul,0,1,1,,,,,,,,
426430,2010,2010-09-17,Kennington Oval,2,24.8,England,Pakistan,EJG Morgan,LJ Wright,Umar Gul,0,0,,,,,,,,,
426430,2010,2010-09-17,Kennington Oval,2,25.1,England,Pakistan,LJ Wright,EJG Morgan,Shahid Afridi,0,0,,,,,,,,,
426430,2010,2010-09-17,Kennington Oval,2,25.2,England,Pakistan,LJ Wright,EJG Morgan,Shahid Afridi,1,0,,,,,,,,,
426430,2010,2010-09-17,Kennington Oval,2,25.3,England,Pakistan,EJG Morgan,LJ Wright,Shahid Afridi,1,0,,,,,,,,,
426430,2010,2010-09-17,Kennington Oval,2,25.4,England,Pakistan,LJ Wright,EJG Morgan,Shahid Afridi,0,0,,,,,,,,,
426430,2010,2010-09-17,Kennington Oval,2,25.5,England,Pakistan,LJ Wright,EJG Morgan,Shahid Afridi,0,1,,,,1,,,,,
426430,2010,2010-09-17,Kennington Oval,2,25.6,England,Pakistan,EJG Morgan,LJ Wright,Shahid Afridi,0,0,,,,,,,,,
426430,2010,2010-09-17,Kennington Oval,2,26.1,England,Pakistan,LJ Wright,EJG Morgan,Umar Gul,1,0,,,,,,,,,
426430,2010,2010-09-17,Kennington Oval,2,26.2,England,Pakistan,EJG Morgan,LJ Wright,Umar Gul,0,0,,,,,,,,,
426430,2010,2010-09-17,Kennington Oval,2,26.3,England,Pakistan,EJG Morgan,LJ Wright,Umar Gul,0,0,,,,,,,,,
426430,2010,2010-09-17,Kennington Oval,2,26.4,England,Pakistan,EJG Morgan,LJ Wright,Umar Gul,1,0,,,,,,,,,
426430,2010,2010-09-17,Kennington Oval,2,26.5,England,Pakistan,LJ Wright,EJG Morgan,Umar Gul,4,0,,,,,,,,,
426430,2010,2010-09-17,Kennington Oval,2,26.6,England,Pakistan,LJ Wright,EJG Morgan,Umar Gul,0,0,,,,,,,,,
426430,2010,2010-09-17,Kennington Oval,2,27.1,England,Pakistan,EJG Morgan,LJ Wright,Shahid Afridi,4,0,,,,,,,,,
426430,2010,2010-09-17,Kennington Oval,2,27.2,England,Pakistan,EJG Morgan,LJ Wright,Shahid Afridi,1,0,,,,,,,,,
426430,2010,2010-09-17,Kennington Oval,2,27.3,England,Pakistan,LJ Wright,EJG Morgan,Shahid Afridi,4,0,,,,,,,,,
426430,2010,2010-09-17,Kennington Oval,2,27.4,England,Pakistan,LJ Wright,EJG Morgan,Shahid Afridi,1,0,,,,,,,,,
426430,2010,2010-09-17,Kennington Oval,2,27.5,England,Pakistan,EJG Morgan,LJ Wright,Shahid Afridi,1,0,,,,,,,,,
426430,2010,2010-09-17,Kennington Oval,2,27.6,England,Pakistan,LJ Wright,EJG Morgan,Shahid Afridi,0,0,,,,,,,,,
426430,2010,2010-09-17,Kennington Oval,2,28.1,England,Pakistan,EJG Morgan,LJ Wright,Saeed Ajmal,0,0,,,,,,,,,
426430,2010,2010-09-17,Kennington Oval,2,28.2,England,Pakistan,EJG Morgan,LJ Wright,Saeed Ajmal,1,0,,,,,,,,,
426430,2010,2010-09-17,Kennington Oval,2,28.3,England,Pakistan,LJ Wright,EJG Morgan,Saeed Ajmal,1,0,,,,,,,,,
426430,2010,2010-09-17,Kennington Oval,2,28.4,England,Pakistan,EJG Morgan,LJ Wright,Saeed Ajmal,3,0,,,,,,,,,
426430,2010,2010-09-17,Kennington Oval,2,28.5,England,Pakistan,LJ Wright,EJG Morgan,Saeed Ajmal,0,0,,,,,,,,,
426430,2010,2010-09-17,Kennington Oval,2,28.6,England,Pakistan,LJ Wright,EJG Morgan,Saeed Ajmal,1,0,,,,,,,,,
426430,2010,2010-09-17,Kennington Oval,2,29.1,England,Pakistan,LJ Wright,EJG Morgan,Shahid Afridi,1,0,,,,,,,,,
426430,2010,2010-09-17,Kennington Oval,2,29.2,England,Pakistan,EJG Morgan,LJ Wright,Shahid Afridi,4,0,,,,,,,,,
426430,2010,2010-09-17,Kennington Oval,2,29.3,England,Pakistan,EJG Morgan,LJ Wright,Shahid Afridi,1,0,,,,,,,,,
426430,2010,2010-09-17,Kennington Oval,2,29.4,England,Pakistan,LJ Wright,EJG Morgan,Shahid Afridi,0,0,,,,,,,,,
426430,2010,2010-09-17,Kennington Oval,2,29.5,England,Pakistan,LJ Wright,EJG Morgan,Shahid Afridi,0,0,,,,,,,,,
426430,2010,2010-09-17,Kennington Oval,2,29.6,England,Pakistan,LJ Wright,EJG Morgan,Shahid Afridi,1,0,,,,,,,,,
426430,2010,2010-09-17,Kennington Oval,2,30.1,England,Pakistan,LJ Wright,EJG Morgan,Saeed Ajmal,1,0,,,,,,,,,
426430,2010,2010-09-17,Kennington Oval,2,30.2,England,Pakistan,EJG Morgan,LJ Wright,Saeed Ajmal,0,0,,,,,,,,,
426430,2010,2010-09-17,Kennington Oval,2,30.3,England,Pakistan,EJG Morgan,LJ Wright,Saeed Ajmal,2,0,,,,,,,,,
426430,2010,2010-09-17,Kennington Oval,2,30.4,England,Pakistan,EJG Morgan,LJ Wright,Saeed Ajmal,0,0,,,,,,,,,
426430,2010,2010-09-17,Kennington Oval,2,30.5,England,Pakistan,EJG Morgan,LJ Wright,Saeed Ajmal,1,0,,,,,,,,,
426430,2010,2010-09-17,Kennington Oval,2,30.6,England,Pakistan,LJ Wright,EJG Morgan,Saeed Ajmal,0,1,1,,,,,,,,
426430,2010,2010-09-17,Kennington Oval,2,30.7,England,Pakistan,LJ Wright,EJG Morgan,Saeed Ajmal,1,0,,,,,,,,,
426430,2010,2010-09-17,Kennington Oval,2,31.1,England,Pakistan,LJ Wright,EJG Morgan,Shoaib Akhtar,1,0,,,,,,,,,
426430,2010,2010-09-17,Kennington Oval,2,31.2,England,Pakistan,EJG Morgan,LJ Wright,Shoaib Akhtar,0,0,,,,,,,,,
426430,2010,2010-09-17,Kennington Oval,2,31.3,England,Pakistan,EJG Morgan,LJ Wright,Shoaib Akhtar,0,0,,,,,,,,,
426430,2010,2010-09-17,Kennington Oval,2,31.4,England,Pakistan,EJG Morgan,LJ Wright,Shoaib Akhtar,0,0,,,,,,,,,
426430,2010,2010-09-17,Kennington Oval,2,31.5,England,Pakistan,EJG Morgan,LJ Wright,Shoaib Akhtar,2,0,,,,,,,,,
426430,2010,2010-09-17,Kennington Oval,2,31.6,England,Pakistan,EJG Morgan,LJ Wright,Shoaib Akhtar,0,0,,,,,,,,,
426430,2010,2010-09-17,Kennington Oval,2,32.1,England,Pakistan,LJ Wright,EJG Morgan,Saeed Ajmal,0,0,,,,,,,,,
426430,2010,2010-09-17,Kennington Oval,2,32.2,England,Pakistan,LJ Wright,EJG Morgan,Saeed Ajmal,4,0,,,,,,,,,
426430,2010,2010-09-17,Kennington Oval,2,32.3,England,Pakistan,LJ Wright,EJG Morgan,Saeed Ajmal,1,0,,,,,,,,,
426430,2010,2010-09-17,Kennington Oval,2,32.4,England,Pakistan,EJG Morgan,LJ Wright,Saeed Ajmal,1,0,,,,,,,,,
426430,2010,2010-09-17,Kennington Oval,2,32.5,England,Pakistan,LJ Wright,EJG Morgan,Saeed Ajmal,0,0,,,,,,,,,
426430,2010,2010-09-17,Kennington Oval,2,32.6,England,Pakistan,LJ Wright,EJG Morgan,Saeed Ajmal,0,0,,,,,,,,,
426430,2010,2010-09-17,Kennington Oval,2,33.1,England,Pakistan,EJG Morgan,LJ Wright,Shoaib Akhtar,2,0,,,,,,,,,
426430,2010,2010-09-17,Kennington Oval,2,33.2,England,Pakistan,EJG Morgan,LJ Wright,Shoaib Akhtar,0,0,,,,,,,,,
426430,2010,2010-09-17,Kennington Oval,2,33.3,England,Pakistan,EJG Morgan,LJ Wright,Shoaib Akhtar,0,0,,,,,,,,,
426430,2010,2010-09-17,Kennington Oval,2,33.4,England,Pakistan,EJG Morgan,LJ Wright,Shoaib Akhtar,0,0,,,,,,,,,
426430,2010,2010-09-17,Kennington Oval,2,33.5,England,Pakistan,EJG Morgan,LJ Wright,Shoaib Akhtar,0,0,,,,,,,,,
426430,2010,2010-09-17,Kennington Oval,2,33.6,England,Pakistan,EJG Morgan,LJ Wright,Shoaib Akhtar,0,0,,,,,,,,,
426430,2010,2010-09-17,Kennington Oval,2,34.1,England,Pakistan,LJ Wright,EJG Morgan,Saeed Ajmal,0,0,,,,,,,,,
426430,2010,2010-09-17,Kennington Oval,2,34.2,England,Pakistan,LJ Wright,EJG Morgan,Saeed Ajmal,0,0,,,,,,,,,
426430,2010,2010-09-17,Kennington Oval,2,34.3,England,Pakistan,LJ Wright,EJG Morgan,Saeed Ajmal,1,0,,,,,,,,,
426430,2010,2010-09-17,Kennington Oval,2,34.4,England,Pakistan,EJG Morgan,LJ Wright,Saeed Ajmal,1,0,,,,,,,,,
426430,2010,2010-09-17,Kennington Oval,2,34.5,England,Pakistan,LJ Wright,EJG Morgan,Saeed Ajmal,3,0,,,,,,,,,
426430,2010,2010-09-17,Kennington Oval,2,34.6,England,Pakistan,EJG Morgan,LJ Wright,Saeed Ajmal,0,0,,,,,,,,,
426430,2010,2010-09-17,Kennington Oval,2,35.1,England,Pakistan,LJ Wright,EJG Morgan,Shahid Afridi,2,0,,,,,,,,,
426430,2010,2010-09-17,Kennington Oval,2,35.2,England,Pakistan,LJ Wright,EJG Morgan,Shahid Afridi,0,1,,,,1,,,,,
426430,2010,2010-09-17,Kennington Oval,2,35.3,England,Pakistan,EJG Morgan,LJ Wright,Shahid Afridi,0,0,,,,,,,,,
426430,2010,2010-09-17,Kennington Oval,2,35.4,England,Pakistan,EJG Morgan,LJ Wright,Shahid Afridi,0,0,,,,,,,,,
426430,2010,2010-09-17,Kennington Oval,2,35.5,England,Pakistan,EJG Morgan,LJ Wright,Shahid Afridi,1,0,,,,,,,,,
426430,2010,2010-09-17,Kennington Oval,2,35.6,England,Pakistan,LJ Wright,EJG Morgan,Shahid Afridi,2,0,,,,,,,,,
426430,2010,2010-09-17,Kennington Oval,2,36.1,England,Pakistan,EJG Morgan,LJ Wright,Saeed Ajmal,4,0,,,,,,,,,
426430,2010,2010-09-17,Kennington Oval,2,36.2,England,Pakistan,EJG Morgan,LJ Wright,Saeed Ajmal,1,0,,,,,,,,,
426430,2010,2010-09-17,Kennington Oval,2,36.3,England,Pakistan,LJ Wright,EJG Morgan,Saeed Ajmal,0,0,,,,,,,,,
426430,2010,2010-09-17,Kennington Oval,2,36.4,England,Pakistan,LJ Wright,EJG Morgan,Saeed Ajmal,0,0,,,,,,,,,
426430,2010,2010-09-17,Kennington Oval,2,36.5,England,Pakistan,LJ Wright,EJG Morgan,Saeed Ajmal,0,0,,,,,,,,,
426430,2010,2010-09-17,Kennington Oval,2,36.6,England,Pakistan,LJ Wright,EJG Morgan,Saeed Ajmal,0,0,,,,,,,,,
426430,2010,2010-09-17,Kennington Oval,2,37.1,England,Pakistan,EJG Morgan,LJ Wright,Abdul Razzaq,1,0,,,,,,,,,
426430,2010,2010-09-17,Kennington Oval,2,37.2,England,Pakistan,LJ Wright,EJG Morgan,Abdul Razzaq,0,0,,,,,,,,,
426430,2010,2010-09-17,Kennington Oval,2,37.3,England,Pakistan,LJ Wright,EJG Morgan,Abdul Razzaq,0,1,,,,1,,,,,
426430,2010,2010-09-17,Kennington Oval,2,37.4,England,Pakistan,EJG Morgan,LJ Wright,Abdul Razzaq,1,0,,,,,,,,,
426430,2010,2010-09-17,Kennington Oval,2,37.5,England,Pakistan,LJ Wright,EJG Morgan,Abdul Razzaq,0,0,,,,,,,,,
426430,2010,2010-09-17,Kennington Oval,2,37.6,England,Pakistan,LJ Wright,EJG Morgan,Abdul Razzaq,4,0,,,,,,,,,
426430,2010,2010-09-17,Kennington Oval,2,38.1,England,Pakistan,EJG Morgan,LJ Wright,Umar Gul,0,0,,,,,,caught,EJG Morgan,,
426430,2010,2010-09-17,Kennington Oval,2,38.2,England,Pakistan,TT Bresnan,LJ Wright,Umar Gul,0,0,,,,,,,,,
426430,2010,2010-09-17,Kennington Oval,2,38.3,England,Pakistan,TT Bresnan,LJ Wright,Umar Gul,0,0,,,,,,,,,
426430,2010,2010-09-17,Kennington Oval,2,38.4,England,Pakistan,TT Bresnan,LJ Wright,Umar Gul,0,0,,,,,,bowled,TT Bresnan,,
426430,2010,2010-09-17,Kennington Oval,2,38.5,England,Pakistan,SCJ Broad,LJ Wright,Umar Gul,0,0,,,,,,,,,
426430,2010,2010-09-17,Kennington Oval,2,38.6,England,Pakistan,SCJ Broad,LJ Wright,Umar Gul,1,0,,,,,,,,,
426430,2010,2010-09-17,Kennington Oval,2,39.1,England,Pakistan,SCJ Broad,LJ Wright,Shahid Afridi,0,0,,,,,,,,,
426430,2010,2010-09-17,Kennington Oval,2,39.2,England,Pakistan,SCJ Broad,LJ Wright,Shahid Afridi,1,0,,,,,,,,,
426430,2010,2010-09-17,Kennington Oval,2,39.3,England,Pakistan,LJ Wright,SCJ Broad,Shahid Afridi,1,0,,,,,,,,,
426430,2010,2010-09-17,Kennington Oval,2,39.4,England,Pakistan,SCJ Broad,LJ Wright,Shahid Afridi,1,0,,,,,,,,,
426430,2010,2010-09-17,Kennington Oval,2,39.5,England,Pakistan,LJ Wright,SCJ Broad,Shahid Afridi,0,0,,,,,,,,,
426430,2010,2010-09-17,Kennington Oval,2,39.6,England,Pakistan,LJ Wright,SCJ Broad,Shahid Afridi,0,0,,,,,,,,,
426430,2010,2010-09-17,Kennington Oval,2,40.1,England,Pakistan,SCJ Broad,LJ Wright,Umar Gul,1,0,,,,,,,,,
426430,2010,2010-09-17,Kennington Oval,2,40.2,England,Pakistan,LJ Wright,SCJ Broad,Umar Gul,0,0,,,,,,,,,
426430,2010,2010-09-17,Kennington Oval,2,40.3,England,Pakistan,LJ Wright,SCJ Broad,Umar Gul,0,0,,,,,,,,,
426430,2010,2010-09-17,Kennington Oval,2,40.4,England,Pakistan,LJ Wright,SCJ Broad,Umar Gul,1,0,,,,,,,,,
426430,2010,2010-09-17,Kennington Oval,2,40.5,England,Pakistan,SCJ Broad,LJ Wright,Umar Gul,0,0,,,,,,bowled,SCJ Broad,,
426430,2010,2010-09-17,Kennington Oval,2,40.6,England,Pakistan,GP Swann,LJ Wright,Umar Gul,0,0,,,,,,,,,
426430,2010,2010-09-17,Kennington Oval,2,41.1,England,Pakistan,LJ Wright,GP Swann,Shahid Afridi,1,0,,,,,,,,,
426430,2010,2010-09-17,Kennington Oval,2,41.2,England,Pakistan,GP Swann,LJ Wright,Shahid Afridi,0,0,,,,,,,,,
426430,2010,2010-09-17,Kennington Oval,2,41.3,England,Pakistan,GP Swann,LJ Wright,Shahid Afridi,0,0,,,,,,,,,
426430,2010,2010-09-17,Kennington Oval,2,41.4,England,Pakistan,GP Swann,LJ Wright,Shahid Afridi,0,0,,,,,,,,,
426430,2010,2010-09-17,Kennington Oval,2,41.5,England,Pakistan,GP Swann,LJ Wright,Shahid Afridi,0,0,,,,,,,,,
426430,2010,2010-09-17,Kennington Oval,2,41.6,England,Pakistan,GP Swann,LJ Wright,Shahid Afridi,0,0,,,,,,,,,
426430,2010,2010-09-17,Kennington Oval,2,42.1,England,Pakistan,LJ Wright,GP Swann,Umar Gul,0,0,,,,,,,,,
426430,2010,2010-09-17,Kennington Oval,2,42.2,England,Pakistan,LJ Wright,GP Swann,Umar Gul,2,0,,,,,,,,,
426430,2010,2010-09-17,Kennington Oval,2,42.3,England,Pakistan,LJ Wright,GP Swann,Umar Gul,0,0,,,,,,,,,
426430,2010,2010-09-17,Kennington Oval,2,42.4,England,Pakistan,LJ Wright,GP Swann,Umar Gul,1,0,,,,,,,,,
426430,2010,2010-09-17,Kennington Oval,2,42.5,England,Pakistan,GP Swann,LJ Wright,Umar Gul,0,0,,,,,,,,,
426430,2010,2010-09-17,Kennington Oval,2,42.6,England,Pakistan,GP Swann,LJ Wright,Umar Gul,0,0,,,,,,caught,GP Swann,,
426430,2010,2010-09-17,Kennington Oval,2,43.1,England,Pakistan,LJ Wright,JM Anderson,Shahid Afridi,1,0,,,,,,,,,
426430,2010,2010-09-17,Kennington Oval,2,43.2,England,Pakistan,JM Anderson,LJ Wright,Shahid Afridi,0,0,,,,,,,,,
426430,2010,2010-09-17,Kennington Oval,2,43.3,England,Pakistan,JM Anderson,LJ Wright,Shahid Afridi,0,0,,,,,,,,,
426430,2010,2010-09-17,Kennington Oval,2,43.4,England,Pakistan,JM Anderson,LJ Wright,Shahid Afridi,0,0,,,,,,,,,
426430,2010,2010-09-17,Kennington Oval,2,43.5,England,Pakistan,JM Anderson,LJ Wright,Shahid Afridi,1,0,,,,,,,,,
426430,2010,2010-09-17,Kennington Oval,2,43.6,England,Pakistan,LJ Wright,JM Anderson,Shahid Afridi,1,0,,,,,,,,,
426430,2010,2010-09-17,Kennington Oval,2,44.1,England,Pakistan,LJ Wright,JM Anderson,Saeed Ajmal,0,0,,,,,,,,,
426430,2010,2010-09-17,Kennington Oval,2,44.2,England,Pakistan,LJ Wright,JM Anderson,Saeed Ajmal,1,0,,,,,,,,,
426430,2010,2010-09-17,Kennington Oval,2,44.3,England,Pakistan,JM Anderson,LJ Wright,Saeed Ajmal,0,0,,,,,,,,,
426430,2010,2010-09-17,Kennington Oval,2,44.4,England,Pakistan,JM Anderson,LJ Wright,Saeed Ajmal,0,0,,,,,,,,,
426430,2010,2010-09-17,Kennington Oval,2,44.5,England,Pakistan,JM Anderson,LJ Wright,Saeed Ajmal,2,0,,,,,,,,,
426430,2010,2010-09-17,Kennington Oval,2,44.6,England,Pakistan,JM Anderson,LJ Wright,Saeed Ajmal,0,0,,,,,,,,,
426430,2010,2010-09-17,Kennington Oval,2,45.1,England,Pakistan,LJ Wright,JM Anderson,Abdul Razzaq,0,0,,,,,,,,,
426430,2010,2010-09-17,Kennington Oval,2,45.2,England,Pakistan,LJ Wright,JM Anderson,Abdul Razzaq,0,1,,,,1,,,,,
426430,2010,2010-09-17,Kennington Oval,2,45.3,England,Pakistan,JM Anderson,LJ Wright,Abdul Razzaq,0,0,,,,,,,,,
426430,2010,2010-09-17,Kennington Oval,2,45.4,England,Pakistan,JM Anderson,LJ Wright,Abdul Razzaq,0,0,,,,,,bowled,JM Anderson,,
