match_id,season,start_date,venue,innings,ball,batting_team,bowling_team,striker,non_striker,bowler,runs_off_bat,extras,wides,noballs,byes,legbyes,penalty,wicket_type,player_dismissed,other_wicket_type,other_player_dismissed
426432,2010,2010-09-22,The Rose Bowl,1,0.1,England,Pakistan,AJ Strauss,SM Davies,Shoaib Akhtar,0,0,,,,,,,,,
426432,2010,2010-09-22,The Rose Bowl,1,0.2,England,Pakistan,AJ Strauss,SM Davies,Shoaib Akhtar,0,1,1,,,,,,,,
426432,2010,2010-09-22,The Rose Bowl,1,0.3,England,Pakistan,AJ Strauss,SM Davies,Shoaib Akhtar,0,0,,,,,,,,,
426432,2010,2010-09-22,The Rose Bowl,1,0.4,England,Pakistan,AJ Strauss,SM Davies,Shoaib Akhtar,0,0,,,,,,,,,
426432,2010,2010-09-22,The Rose Bowl,1,0.5,England,Pakistan,AJ Strauss,SM Davies,Shoaib Akhtar,1,0,,,,,,,,,
426432,2010,2010-09-22,The Rose Bowl,1,0.6,England,Pakistan,SM Davies,AJ Strauss,Shoaib Akhtar,0,0,,,,,,,,,
426432,2010,2010-09-22,The Rose Bowl,1,0.7,England,Pakistan,SM Davies,AJ Strauss,Shoaib Akhtar,0,0,,,,,,,,,
426432,2010,2010-09-22,The Rose Bowl,1,1.1,England,Pakistan,AJ Strauss,SM Davies,Abdul Razzaq,4,0,,,,,,,,,
426432,2010,2010-09-22,The Rose Bowl,1,1.2,England,Pakistan,AJ Strauss,SM Davies,Abdul Razzaq,0,0,,,,,,,,,
426432,2010,2010-09-22,The Rose Bowl,1,1.3,England,Pakistan,AJ Strauss,SM Davies,Abdul Razzaq,0,0,,,,,,,,,
426432,2010,2010-09-22,The Rose Bowl,1,1.4,England,Pakistan,AJ Strauss,SM Davies,Abdul Razzaq,0,0,,,,,,,,,
426432,2010,2010-09-22,The Rose Bowl,1,1.5,England,Pakistan,AJ Strauss,SM Davies,Abdul Razzaq,0,0,,,,,,,,,
426432,2010,2010-09-22,The Rose Bowl,1,1.6,England,Pakistan,AJ Strauss,SM Davies,Abdul Razzaq,4,0,,,,,,,,,
426432,2010,2010-09-22,The Rose Bowl,1,2.1,England,Pakistan,SM Davies,AJ Strauss,Shoaib Akhtar,0,0,,,,,,,,,
426432,2010,2010-09-22,The Rose Bowl,1,2.2,England,Pakistan,SM Davies,AJ Strauss,Shoaib Akhtar,2,0,,,,,,,,,
426432,2010,2010-09-22,The Rose Bowl,1,2.3,England,Pakistan,SM Davies,AJ Strauss,Shoaib Akhtar,4,0,,,,,,,,,
426432,2010,2010-09-22,The Rose Bowl,1,2.4,England,Pakistan,SM Davies,AJ Strauss,Shoaib Akhtar,0,0,,,,,,,,,
426432,2010,2010-09-22,The Rose Bowl,1,2.5,England,Pakistan,SM Davies,AJ Strauss,Shoaib Akhtar,0,0,,,,,,,,,
426432,2010,2010-09-22,The Rose Bowl,1,2.6,England,Pakistan,SM Davies,AJ Strauss,Shoaib Akhtar,0,0,,,,,,,,,
426432,2010,2010-09-22,The Rose Bowl,1,3.1,England,Pakistan,AJ Strauss,SM Davies,Abdul Razzaq,0,0,,,,,,,,,
426432,2010,2010-09-22,The Rose Bowl,1,3.2,England,Pakistan,AJ Strauss,SM Davies,Abdul Razzaq,1,0,,,,,,,,,
426432,2010,2010-09-22,The Rose Bowl,1,3.3,England,Pakistan,SM Davies,AJ Strauss,Abdul Razzaq,4,0,,,,,,,,,
426432,2010,2010-09-22,The Rose Bowl,1,3.4,England,Pakistan,SM Davies,AJ Strauss,Abdul Razzaq,0,0,,,,,,,,,
426432,2010,2010-09-22,The Rose Bowl,1,3.5,England,Pakistan,SM Davies,AJ Strauss,Abdul Razzaq,4,0,,,,,,,,,
426432,2010,2010-09-22,The Rose Bowl,1,3.6,England,Pakistan,SM Davies,AJ Strauss,Abdul Razzaq,1,0,,,,,,,,,
426432,2010,2010-09-22,The Rose Bowl,1,4.1,England,Pakistan,SM Davies,AJ Strauss,Shoaib Akhtar,0,0,,,,,,,,,
426432,2010,2010-09-22,The Rose Bowl,1,4.2,England,Pakistan,SM Davies,AJ Strauss,Shoaib Akhtar,0,0,,,,,,,,,
426432,2010,2010-09-22,The Rose Bowl,1,4.3,England,Pakistan,SM Davies,AJ Strauss,Shoaib Akhtar,0,0,,,,,,,,,
426432,2010,2010-09-22,The Rose Bowl,1,4.4,England,Pakistan,SM Davies,AJ Strauss,Shoaib Akhtar,1,0,,,,,,,,,
426432,2010,2010-09-22,The Rose Bowl,1,4.5,England,Pakistan,AJ Strauss,SM Davies,Shoaib Akhtar,2,0,,,,,,,,,
426432,2010,2010-09-22,The Rose Bowl,1,4.6,England,Pakistan,AJ Strauss,SM Davies,Shoaib Akhtar,0,0,,,,,,,,,
426432,2010,2010-09-22,The Rose Bowl,1,5.1,England,Pakistan,SM Davies,AJ Strauss,Mohammad Hafeez,0,0,,,,,,,,,
426432,2010,2010-09-22,The Rose Bowl,1,5.2,England,Pakistan,SM Davies,AJ Strauss,Mohammad Hafeez,1,0,,,,,,,,,
426432,2010,2010-09-22,The Rose Bowl,1,5.3,England,Pakistan,AJ Strauss,SM Davies,Mohammad Hafeez,1,0,,,,,,,,,
426432,2010,2010-09-22,The Rose Bowl,1,5.4,England,Pakistan,SM Davies,AJ Strauss,Mohammad Hafeez,0,0,,,,,,stumped,SM Davies,,
426432,2010,2010-09-22,The Rose Bowl,1,5.5,England,Pakistan,IJL Trott,AJ Strauss,Mohammad Hafeez,1,0,,,,,,,,,
426432,2010,2010-09-22,The Rose Bowl,1,5.6,England,Pakistan,AJ Strauss,IJL Trott,Mohammad Hafeez,1,0,,,,,,,,,
426432,2010,2010-09-22,The Rose Bowl,1,6.1,England,Pakistan,AJ Strauss,IJL Trott,Shoaib Akhtar,0,0,,,,,,,,,
426432,2010,2010-09-22,The Rose Bowl,1,6.2,England,Pakistan,AJ Strauss,IJL Trott,Shoaib Akhtar,2,0,,,,,,,,,
426432,2010,2010-09-22,The Rose Bowl,1,6.3,England,Pakistan,AJ Strauss,IJL Trott,Shoaib Akhtar,0,0,,,,,,,,,
426432,2010,2010-09-22,The Rose Bowl,1,6.4,England,Pakistan,AJ Strauss,IJL Trott,Shoaib Akhtar,0,0,,,,,,,,,
426432,2010,2010-09-22,The Rose Bowl,1,6.5,England,Pakistan,AJ Strauss,IJL Trott,Shoaib Akhtar,0,0,,,,,,,,,
426432,2010,2010-09-22,The Rose Bowl,1,6.6,England,Pakistan,AJ Strauss,IJL Trott,Shoaib Akhtar,0,0,,,,,,,,,
426432,2010,2010-09-22,The Rose Bowl,1,7.1,England,Pakistan,IJL Trott,AJ Strauss,Abdul Razzaq,1,0,,,,,,,,,
426432,2010,2010-09-22,The Rose Bowl,1,7.2,England,Pakistan,AJ Strauss,IJL Trott,Abdul Razzaq,0,0,,,,,,,,,
426432,2010,2010-09-22,The Rose Bowl,1,7.3,England,Pakistan,AJ Strauss,IJL Trott,Abdul Razzaq,6,0,,,,,,,,,
426432,2010,2010-09-22,The Rose Bowl,1,7.4,England,Pakistan,AJ Strauss,IJL Trott,Abdul Razzaq,1,0,,,,,,,,,
426432,2010,2010-09-22,The Rose Bowl,1,7.5,England,Pakistan,IJL Trott,AJ Strauss,Abdul Razzaq,0,0,,,,,,,,,
426432,2010,2010-09-22,The Rose Bowl,1,7.6,England,Pakistan,IJL Trott,AJ Strauss,Abdul Razzaq,0,0,,,,,,,,,
426432,2010,2010-09-22,The Rose Bowl,1,8.1,England,Pakistan,AJ Strauss,IJL Trott,Shoaib Akhtar,0,0,,,,,,,,,
426432,2010,2010-09-22,The Rose Bowl,1,8.2,England,Pakistan,AJ Strauss,IJL Trott,Shoaib Akhtar,1,0,,,,,,,,,
426432,2010,2010-09-22,The Rose Bowl,1,8.3,England,Pakistan,IJL Trott,AJ Strauss,Shoaib Akhtar,1,0,,,,,,,,,
426432,2010,2010-09-22,The Rose Bowl,1,8.4,England,Pakistan,AJ Strauss,IJL Trott,Shoaib Akhtar,1,0,,,,,,,,,
426432,2010,2010-09-22,The Rose Bowl,1,8.5,England,Pakistan,IJL Trott,AJ Strauss,Shoaib Akhtar,0,0,,,,,,bowled,IJL Trott,,
426432,2010,2010-09-22,The Rose Bowl,1,8.6,England,Pakistan,IR Bell,AJ Strauss,Shoaib Akhtar,0,0,,,,,,,,,
426432,2010,2010-09-22,The Rose Bowl,1,9.1,England,Pakistan,AJ Strauss,IR Bell,Mohammad Hafeez,0,0,,,,,,,,,
426432,2010,2010-09-22,The Rose Bowl,1,9.2,England,Pakistan,AJ Strauss,IR Bell,Mohammad Hafeez,0,0,,,,,,,,,
426432,2010,2010-09-22,The Rose Bowl,1,9.3,England,Pakistan,AJ Strauss,IR Bell,Mohammad Hafeez,0,0,,,,,,,,,
426432,2010,2010-09-22,The Rose Bowl,1,9.4,England,Pakistan,AJ Strauss,IR Bell,Mohammad Hafeez,0,0,,,,,,,,,
426432,2010,2010-09-22,The Rose Bowl,1,9.5,England,Pakistan,AJ Strauss,IR Bell,Mohammad Hafeez,0,0,,,,,,,,,
426432,2010,2010-09-22,The Rose Bowl,1,9.6,England,Pakistan,AJ Strauss,IR Bell,Mohammad Hafeez,0,0,,,,,,,,,
426432,2010,2010-09-22,The Rose Bowl,1,10.1,England,Pakistan,IR Bell,AJ Strauss,Shoaib Akhtar,1,0,,,,,,,,,
426432,2010,2010-09-22,The Rose Bowl,1,10.2,England,Pakistan,AJ Strauss,IR Bell,Shoaib Akhtar,0,0,,,,,,caught,AJ Strauss,,
426432,2010,2010-09-22,The Rose Bowl,1,10.3,England,Pakistan,PD Collingwood,IR Bell,Shoaib Akhtar,0,0,,,,,,,,,
426432,2010,2010-09-22,The Rose Bowl,1,10.4,England,Pakistan,PD Collingwood,IR Bell,Shoaib Akhtar,0,0,,,,,,,,,
426432,2010,2010-09-22,The Rose Bowl,1,10.5,England,Pakistan,PD Collingwood,IR Bell,Shoaib Akhtar,0,0,,,,,,,,,
426432,2010,2010-09-22,The Rose Bowl,1,10.6,England,Pakistan,PD Collingwood,IR Bell,Shoaib Akhtar,0,0,,,,,,,,,
426432,2010,2010-09-22,The Rose Bowl,1,11.1,England,Pakistan,IR Bell,PD Collingwood,Mohammad Hafeez,0,0,,,,,,,,,
426432,2010,2010-09-22,The Rose Bowl,1,11.2,England,Pakistan,IR Bell,PD Collingwood,Mohammad Hafeez,1,0,,,,,,,,,
426432,2010,2010-09-22,The Rose Bowl,1,11.3,England,Pakistan,PD Collingwood,IR Bell,Mohammad Hafeez,0,0,,,,,,,,,
426432,2010,2010-09-22,The Rose Bowl,1,11.4,England,Pakistan,PD Collingwood,IR Bell,Mohammad Hafeez,0,0,,,,,,,,,
426432,2010,2010-09-22,The Rose Bowl,1,11.5,England,Pakistan,PD Collingwood,IR Bell,Mohammad Hafeez,0,0,,,,,,,,,
426432,2010,2010-09-22,The Rose Bowl,1,11.6,England,Pakistan,PD Collingwood,IR Bell,Mohammad Hafeez,0,0,,,,,,,,,
426432,2010,2010-09-22,The Rose Bowl,1,12.1,England,Pakistan,IR Bell,PD Collingwood,Umar Gul,0,0,,,,,,,,,
426432,2010,2010-09-22,The Rose Bowl,1,12.2,England,Pakistan,IR Bell,PD Collingwood,Umar Gul,0,0,,,,,,,,,
426432,2010,2010-09-22,The Rose Bowl,1,12.3,England,Pakistan,IR Bell,PD Collingwood,Umar Gul,0,0,,,,,,,,,
426432,2010,2010-09-22,The Rose Bowl,1,12.4,England,Pakistan,IR Bell,PD Collingwood,Umar Gul,0,0,,,,,,,,,
426432,2010,2010-09-22,The Rose Bowl,1,12.5,England,Pakistan,IR Bell,PD Collingwood,Umar Gul,0,0,,,,,,,,,
426432,2010,2010-09-22,The Rose Bowl,1,12.6,England,Pakistan,IR Bell,PD Collingwood,Umar Gul,0,0,,,,,,,,,
426432,2010,2010-09-22,The Rose Bowl,1,13.1,England,Pakistan,PD Collingwood,IR Bell,Saeed Ajmal,2,0,,,,,,,,,
426432,2010,2010-09-22,The Rose Bowl,1,13.2,England,Pakistan,PD Collingwood,IR Bell,Saeed Ajmal,1,0,,,,,,,,,
426432,2010,2010-09-22,The Rose Bowl,1,13.3,England,Pakistan,IR Bell,PD Collingwood,Saeed Ajmal,1,0,,,,,,,,,
426432,2010,2010-09-22,The Rose Bowl,1,13.4,England,Pakistan,PD Collingwood,IR Bell,Saeed Ajmal,2,0,,,,,,,,,
426432,2010,2010-09-22,The Rose Bowl,1,13.5,England,Pakistan,PD Collingwood,IR Bell,Saeed Ajmal,0,0,,,,,,,,,
426432,2010,2010-09-22,The Rose Bowl,1,13.6,England,Pakistan,PD Collingwood,IR Bell,Saeed Ajmal,0,0,,,,,,,,,
426432,2010,2010-09-22,The Rose Bowl,1,14.1,England,Pakistan,IR Bell,PD Collingwood,Umar Gul,0,0,,,,,,,,,
426432,2010,2010-09-22,The Rose Bowl,1,14.2,England,Pakistan,IR Bell,PD Collingwood,Umar Gul,0,0,,,,,,,,,
426432,2010,2010-09-22,The Rose Bowl,1,14.3,England,Pakistan,IR Bell,PD Collingwood,Umar Gul,4,0,,,,,,,,,
426432,2010,2010-09-22,The Rose Bowl,1,14.4,England,Pakistan,IR Bell,PD Collingwood,Umar Gul,1,0,,,,,,,,,
426432,2010,2010-09-22,The Rose Bowl,1,14.5,England,Pakistan,PD Collingwood,IR Bell,Umar Gul,0,0,,,,,,,,,
426432,2010,2010-09-22,The Rose Bowl,1,14.6,England,Pakistan,PD Collingwood,IR Bell,Umar Gul,0,0,,,,,,,,,
426432,2010,2010-09-22,The Rose Bowl,1,15.1,England,Pakistan,IR Bell,EJG Morgan,Saeed Ajmal,0,0,,,,,,,,,
426432,2010,2010-09-22,The Rose Bowl,1,15.2,England,Pakistan,IR Bell,EJG Morgan,Saeed Ajmal,0,0,,,,,,,,,
426432,2010,2010-09-22,The Rose Bowl,1,15.3,England,Pakistan,IR Bell,EJG Morgan,Saeed Ajmal,1,0,,,,,,,,,
426432,2010,2010-09-22,The Rose Bowl,1,15.4,England,Pakistan,EJG Morgan,IR Bell,Saeed Ajmal,0,0,,,,,,,,,
426432,2010,2010-09-22,The Rose Bowl,1,15.5,England,Pakistan,EJG Morgan,IR Bell,Saeed Ajmal,0,0,,,,,,,,,
426432,2010,2010-09-22,The Rose Bowl,1,15.6,England,Pakistan,EJG Morgan,IR Bell,Saeed Ajmal,0,0,,,,,,,,,
426432,2010,2010-09-22,The Rose Bowl,1,16.1,England,Pakistan,IR Bell,EJG Morgan,Umar Gul,0,0,,,,,,,,,
426432,2010,2010-09-22,The Rose Bowl,1,16.2,England,Pakistan,IR Bell,EJG Morgan,Umar Gul,0,0,,,,,,,,,
426432,2010,2010-09-22,The Rose Bowl,1,16.3,England,Pakistan,IR Bell,EJG Morgan,Umar Gul,0,0,,,,,,,,,
426432,2010,2010-09-22,The Rose Bowl,1,16.4,England,Pakistan,IR Bell,EJG Morgan,Umar Gul,4,0,,,,,,,,,
426432,2010,2010-09-22,The Rose Bowl,1,16.5,England,Pakistan,IR Bell,EJG Morgan,Umar Gul,0,0,,,,,,,,,
426432,2010,2010-09-22,The Rose Bowl,1,16.6,England,Pakistan,IR Bell,EJG Morgan,Umar Gul,0,0,,,,,,,,,
426432,2010,2010-09-22,The Rose Bowl,1,17.1,England,Pakistan,EJG Morgan,IR Bell,Saeed Ajmal,0,0,,,,,,,,,
426432,2010,2010-09-22,The Rose Bowl,1,17.2,England,Pakistan,EJG Morgan,IR Bell,Saeed Ajmal,1,0,,,,,,,,,
426432,2010,2010-09-22,The Rose Bowl,1,17.3,England,Pakistan,IR Bell,EJG Morgan,Saeed Ajmal,0,0,,,,,,,,,
426432,2010,2010-09-22,The Rose Bowl,1,17.4,England,Pakistan,IR Bell,EJG Morgan,Saeed Ajmal,1,0,,,,,,,,,
426432,2010,2010-09-22,The Rose Bowl,1,17.5,England,Pakistan,EJG Morgan,IR Bell,Saeed Ajmal,2,0,,,,,,,,,
426432,2010,2010-09-22,The Rose Bowl,1,17.6,England,Pakistan,EJG Morgan,IR Bell,Saeed Ajmal,0,0,,,,,,,,,
426432,2010,2010-09-22,The Rose Bowl,1,18.1,England,Pakistan,IR Bell,EJG Morgan,Shahid Afridi,0,0,,,,,,,,,
426432,2010,2010-09-22,The Rose Bowl,1,18.2,England,Pakistan,IR Bell,EJG Morgan,Shahid Afridi,0,0,,,,,,,,,
426432,2010,2010-09-22,The Rose Bowl,1,18.3,England,Pakistan,IR Bell,EJG Morgan,Shahid Afridi,0,0,,,,,,,,,
426432,2010,2010-09-22,The Rose Bowl,1,18.4,England,Pakistan,IR Bell,EJG Morgan,Shahid Afridi,0,0,,,,,,,,,
426432,2010,2010-09-22,The Rose Bowl,1,18.5,England,Pakistan,IR Bell,EJG Morgan,Shahid Afridi,0,0,,,,,,,,,
426432,2010,2010-09-22,The Rose Bowl,1,18.6,England,Pakistan,IR Bell,EJG Morgan,Shahid Afridi,1,0,,,,,,,,,
426432,2010,2010-09-22,The Rose Bowl,1,19.1,England,Pakistan,IR Bell,EJG Morgan,Saeed Ajmal,1,0,,,,,,,,,
426432,2010,2010-09-22,The Rose Bowl,1,19.2,England,Pakistan,EJG Morgan,IR Bell,Saeed Ajmal,0,0,,,,,,,,,
426432,2010,2010-09-22,The Rose Bowl,1,19.3,England,Pakistan,EJG Morgan,IR Bell,Saeed Ajmal,0,0,,,,,,,,,
426432,2010,2010-09-22,The Rose Bowl,1,19.4,England,Pakistan,EJG Morgan,IR Bell,Saeed Ajmal,0,0,,,,,,,,,
426432,2010,2010-09-22,The Rose Bowl,1,19.5,England,Pakistan,EJG Morgan,IR Bell,Saeed Ajmal,4,0,,,,,,,,,
426432,2010,2010-09-22,The Rose Bowl,1,19.6,England,Pakistan,EJG Morgan,IR Bell,Saeed Ajmal,0,0,,,,,,,,,
426432,2010,2010-09-22,The Rose Bowl,1,20.1,England,Pakistan,IR Bell,EJG Morgan,Shahid Afridi,1,0,,,,,,,,,
426432,2010,2010-09-22,The Rose Bowl,1,20.2,England,Pakistan,EJG Morgan,IR Bell,Shahid Afridi,2,0,,,,,,,,,
426432,2010,2010-09-22,The Rose Bowl,1,20.3,England,Pakistan,EJG Morgan,IR Bell,Shahid Afridi,0,0,,,,,,,,,
426432,2010,2010-09-22,The Rose Bowl,1,20.4,England,Pakistan,EJG Morgan,IR Bell,Shahid Afridi,0,0,,,,,,,,,
426432,2010,2010-09-22,The Rose Bowl,1,20.5,England,Pakistan,EJG Morgan,IR Bell,Shahid Afridi,1,0,,,,,,,,,
426432,2010,2010-09-22,The Rose Bowl,1,20.6,England,Pakistan,IR Bell,EJG Morgan,Shahid Afridi,0,0,,,,,,,,,
426432,2010,2010-09-22,The Rose Bowl,1,21.1,England,Pakistan,EJG Morgan,IR Bell,Saeed Ajmal,1,0,,,,,,,,,
426432,2010,2010-09-22,The Rose Bowl,1,21.2,England,Pakistan,IR Bell,EJG Morgan,Saeed Ajmal,0,0,,,,,,,,,
426432,2010,2010-09-22,The Rose Bowl,1,21.3,England,Pakistan,IR Bell,EJG Morgan,Saeed Ajmal,1,0,,,,,,,,,
426432,2010,2010-09-22,The Rose Bowl,1,21.4,England,Pakistan,EJG Morgan,IR Bell,Saeed Ajmal,2,0,,,,,,,,,
426432,2010,2010-09-22,The Rose Bowl,1,21.5,England,Pakistan,EJG Morgan,IR Bell,Saeed Ajmal,1,0,,,,,,,,,
426432,2010,2010-09-22,The Rose Bowl,1,21.6,England,Pakistan,IR Bell,EJG Morgan,Saeed Ajmal,1,0,,,,,,,,,
426432,2010,2010-09-22,The Rose Bowl,1,22.1,England,Pakistan,IR Bell,EJG Morgan,Shahid Afridi,1,0,,,,,,,,,
426432,2010,2010-09-22,The Rose Bowl,1,22.2,England,Pakistan,EJG Morgan,IR Bell,Shahid Afridi,0,0,,,,,,,,,
426432,2010,2010-09-22,The Rose Bowl,1,22.3,England,Pakistan,EJG Morgan,IR Bell,Shahid Afridi,1,0,,,,,,,,,
426432,2010,2010-09-22,The Rose Bowl,1,22.4,England,Pakistan,IR Bell,EJG Morgan,Shahid Afridi,1,0,,,,,,,,,
426432,2010,2010-09-22,The Rose Bowl,1,22.5,England,Pakistan,EJG Morgan,IR Bell,Shahid Afridi,1,0,,,,,,,,,
426432,2010,2010-09-22,The Rose Bowl,1,22.6,England,Pakistan,IR Bell,EJG Morgan,Shahid Afridi,1,0,,,,,,,,,
426432,2010,2010-09-22,The Rose Bowl,1,23.1,England,Pakistan,IR Bell,EJG Morgan,Mohammad Hafeez,1,0,,,,,,,,,
426432,2010,2010-09-22,The Rose Bowl,1,23.2,England,Pakistan,EJG Morgan,IR Bell,Mohammad Hafeez,0,0,,,,,,,,,
426432,2010,2010-09-22,The Rose Bowl,1,23.3,England,Pakistan,EJG Morgan,IR Bell,Mohammad Hafeez,1,0,,,,,,,,,
426432,2010,2010-09-22,The Rose Bowl,1,23.4,England,Pakistan,IR Bell,EJG Morgan,Mohammad Hafeez,1,0,,,,,,,,,
426432,2010,2010-09-22,The Rose Bowl,1,23.5,England,Pakistan,EJG Morgan,IR Bell,Mohammad Hafeez,1,0,,,,,,,,,
426432,2010,2010-09-22,The Rose Bowl,1,23.6,England,Pakistan,IR Bell,EJG Morgan,Mohammad Hafeez,0,0,,,,,,,,,
426432,2010,2010-09-22,The Rose Bowl,1,24.1,England,Pakistan,EJG Morgan,IR Bell,Shahid Afridi,0,0,,,,,,,,,
426432,2010,2010-09-22,The Rose Bowl,1,24.2,England,Pakistan,EJG Morgan,IR Bell,Shahid Afridi,0,0,,,,,,,,,
426432,2010,2010-09-22,The Rose Bowl,1,24.3,England,Pakistan,EJG Morgan,IR Bell,Shahid Afridi,0,0,,,,,,,,,
426432,2010,2010-09-22,The Rose Bowl,1,24.4,England,Pakistan,EJG Morgan,IR Bell,Shahid Afridi,1,0,,,,,,,,,
426432,2010,2010-09-22,The Rose Bowl,1,24.5,England,Pakistan,IR Bell,EJG Morgan,Shahid Afridi,1,0,,,,,,,,,
426432,2010,2010-09-22,The Rose Bowl,1,24.6,England,Pakistan,EJG Morgan,IR Bell,Shahid Afridi,1,0,,,,,,,,,
426432,2010,2010-09-22,The Rose Bowl,1,25.1,England,Pakistan,EJG Morgan,IR Bell,Mohammad Hafeez,4,0,,,,,,,,,
426432,2010,2010-09-22,The Rose Bowl,1,25.2,England,Pakistan,EJG Morgan,IR Bell,Mohammad Hafeez,1,0,,,,,,,,,
426432,2010,2010-09-22,The Rose Bowl,1,25.3,England,Pakistan,IR Bell,EJG Morgan,Mohammad Hafeez,1,0,,,,,,,,,
426432,2010,2010-09-22,The Rose Bowl,1,25.4,England,Pakistan,EJG Morgan,IR Bell,Mohammad Hafeez,0,0,,,,,,,,,
426432,2010,2010-09-22,The Rose Bowl,1,25.5,England,Pakistan,EJG Morgan,IR Bell,Mohammad Hafeez,0,0,,,,,,,,,
426432,2010,2010-09-22,The Rose Bowl,1,25.6,England,Pakistan,EJG Morgan,IR Bell,Mohammad Hafeez,2,0,,,,,,,,,
426432,2010,2010-09-22,The Rose Bowl,1,26.1,England,Pakistan,IR Bell,EJG Morgan,Shahid Afridi,2,0,,,,,,,,,
426432,2010,2010-09-22,The Rose Bowl,1,26.2,England,Pakistan,IR Bell,EJG Morgan,Shahid Afridi,0,0,,,,,,,,,
426432,2010,2010-09-22,The Rose Bowl,1,26.3,England,Pakistan,IR Bell,EJG Morgan,Shahid Afridi,0,0,,,,,,,,,
426432,2010,2010-09-22,The Rose Bowl,1,26.4,England,Pakistan,IR Bell,EJG Morgan,Shahid Afridi,0,0,,,,,,,,,
426432,2010,2010-09-22,The Rose Bowl,1,26.5,England,Pakistan,IR Bell,EJG Morgan,Shahid Afridi,0,0,,,,,,,,,
426432,2010,2010-09-22,The Rose Bowl,1,26.6,England,Pakistan,IR Bell,EJG Morgan,Shahid Afridi,0,0,,,,,,bowled,IR Bell,,
426432,2010,2010-09-22,The Rose Bowl,1,27.1,England,Pakistan,EJG Morgan,PD Collingwood,Mohammad Hafeez,1,0,,,,,,,,,
426432,2010,2010-09-22,The Rose Bowl,1,27.2,England,Pakistan,PD Collingwood,EJG Morgan,Mohammad Hafeez,0,0,,,,,,,,,
426432,2010,2010-09-22,The Rose Bowl,1,27.3,England,Pakistan,PD Collingwood,EJG Morgan,Mohammad Hafeez,0,0,,,,,,,,,
426432,2010,2010-09-22,The Rose Bowl,1,27.4,England,Pakistan,PD Collingwood,EJG Morgan,Mohammad Hafeez,0,0,,,,,,,,,
426432,2010,2010-09-22,The Rose Bowl,1,27.5,England,Pakistan,PD Collingwood,EJG Morgan,Mohammad Hafeez,1,0,,,,,,,,,
426432,2010,2010-09-22,The Rose Bowl,1,27.6,England,Pakistan,EJG Morgan,PD Collingwood,Mohammad Hafeez,1,0,,,,,,,,,
426432,2010,2010-09-22,The Rose Bowl,1,28.1,England,Pakistan,EJG Morgan,PD Collingwood,Shahid Afridi,1,0,,,,,,,,,
426432,2010,2010-09-22,The Rose Bowl,1,28.2,England,Pakistan,PD Collingwood,EJG Morgan,Shahid Afridi,1,0,,,,,,,,,
426432,2010,2010-09-22,The Rose Bowl,1,28.3,England,Pakistan,EJG Morgan,PD Collingwood,Shahid Afridi,0,0,,,,,,,,,
426432,2010,2010-09-22,The Rose Bowl,1,28.4,England,Pakistan,EJG Morgan,PD Collingwood,Shahid Afridi,1,0,,,,,,,,,
426432,2010,2010-09-22,The Rose Bowl,1,28.5,England,Pakistan,PD Collingwood,EJG Morgan,Shahid Afridi,0,0,,,,,,,,,
426432,2010,2010-09-22,The Rose Bowl,1,28.6,England,Pakistan,PD Collingwood,EJG Morgan,Shahid Afridi,1,0,,,,,,,,,
426432,2010,2010-09-22,The Rose Bowl,1,29.1,England,Pakistan,PD Collingwood,EJG Morgan,Mohammad Hafeez,2,0,,,,,,,,,
426432,2010,2010-09-22,The Rose Bowl,1,29.2,England,Pakistan,PD Collingwood,EJG Morgan,Mohammad Hafeez,0,0,,,,,,,,,
426432,2010,2010-09-22,The Rose Bowl,1,29.3,England,Pakistan,PD Collingwood,EJG Morgan,Mohammad Hafeez,1,0,,,,,,,,,
426432,2010,2010-09-22,The Rose Bowl,1,29.4,England,Pakistan,EJG Morgan,PD Collingwood,Mohammad Hafeez,0,0,,,,,,,,,
426432,2010,2010-09-22,The Rose Bowl,1,29.5,England,Pakistan,EJG Morgan,PD Collingwood,Mohammad Hafeez,3,0,,,,,,,,,
426432,2010,2010-09-22,The Rose Bowl,1,29.6,England,Pakistan,PD Collingwood,EJG Morgan,Mohammad Hafeez,1,0,,,,,,,,,
426432,2010,2010-09-22,The Rose Bowl,1,30.1,England,Pakistan,PD Collingwood,EJG Morgan,Shahid Afridi,2,0,,,,,,,,,
426432,2010,2010-09-22,The Rose Bowl,1,30.2,England,Pakistan,PD Collingwood,EJG Morgan,Shahid Afridi,0,0,,,,,,,,,
426432,2010,2010-09-22,The Rose Bowl,1,30.3,England,Pakistan,PD Collingwood,EJG Morgan,Shahid Afridi,2,0,,,,,,,,,
426432,2010,2010-09-22,The Rose Bowl,1,30.4,England,Pakistan,PD Collingwood,EJG Morgan,Shahid Afridi,0,0,,,,,,,,,
426432,2010,2010-09-22,The Rose Bowl,1,30.5,England,Pakistan,PD Collingwood,EJG Morgan,Shahid Afridi,0,0,,,,,,,,,
426432,2010,2010-09-22,The Rose Bowl,1,30.6,England,Pakistan,PD Collingwood,EJG Morgan,Shahid Afridi,2,0,,,,,,,,,
426432,2010,2010-09-22,The Rose Bowl,1,31.1,England,Pakistan,EJG Morgan,PD Collingwood,Mohammad Hafeez,0,0,,,,,,,,,
426432,2010,2010-09-22,The Rose Bowl,1,31.2,England,Pakistan,EJG Morgan,PD Collingwood,Mohammad Hafeez,0,0,,,,,,,,,
426432,2010,2010-09-22,The Rose Bowl,1,31.3,England,Pakistan,EJG Morgan,PD Collingwood,Mohammad Hafeez,1,0,,,,,,,,,
426432,2010,2010-09-22,The Rose Bowl,1,31.4,England,Pakistan,PD Collingwood,EJG Morgan,Mohammad Hafeez,1,0,,,,,,,,,
426432,2010,2010-09-22,The Rose Bowl,1,31.5,England,Pakistan,EJG Morgan,PD Collingwood,Mohammad Hafeez,1,0,,,,,,,,,
426432,2010,2010-09-22,The Rose Bowl,1,31.6,England,Pakistan,PD Collingwood,EJG Morgan,Mohammad Hafeez,1,0,,,,,,,,,
426432,2010,2010-09-22,The Rose Bowl,1,32.1,England,Pakistan,PD Collingwood,EJG Morgan,Umar Gul,2,0,,,,,,,,,
426432,2010,2010-09-22,The Rose Bowl,1,32.2,England,Pakistan,PD Collingwood,EJG Morgan,Umar Gul,0,0,,,,,,,,,
426432,2010,2010-09-22,The Rose Bowl,1,32.3,England,Pakistan,PD Collingwood,EJG Morgan,Umar Gul,1,0,,,,,,,,,
426432,2010,2010-09-22,The Rose Bowl,1,32.4,England,Pakistan,EJG Morgan,PD Collingwood,Umar Gul,0,0,,,,,,,,,
426432,2010,2010-09-22,The Rose Bowl,1,32.5,England,Pakistan,EJG Morgan,PD Collingwood,Umar Gul,1,0,,,,,,,,,
426432,2010,2010-09-22,The Rose Bowl,1,32.6,England,Pakistan,PD Collingwood,EJG Morgan,Umar Gul,1,0,,,,,,,,,
426432,2010,2010-09-22,The Rose Bowl,1,33.1,England,Pakistan,PD Collingwood,EJG Morgan,Mohammad Hafeez,1,0,,,,,,,,,
426432,2010,2010-09-22,The Rose Bowl,1,33.2,England,Pakistan,EJG Morgan,PD Collingwood,Mohammad Hafeez,1,0,,,,,,,,,
426432,2010,2010-09-22,The Rose Bowl,1,33.3,England,Pakistan,PD Collingwood,EJG Morgan,Mohammad Hafeez,2,0,,,,,,,,,
426432,2010,2010-09-22,The Rose Bowl,1,33.4,England,Pakistan,PD Collingwood,EJG Morgan,Mohammad Hafeez,1,0,,,,,,,,,
426432,2010,2010-09-22,The Rose Bowl,1,33.5,England,Pakistan,EJG Morgan,PD Collingwood,Mohammad Hafeez,4,0,,,,,,,,,
426432,2010,2010-09-22,The Rose Bowl,1,33.6,England,Pakistan,EJG Morgan,PD Collingwood,Mohammad Hafeez,0,1,,,,1,,,,,
426432,2010,2010-09-22,The Rose Bowl,1,34.1,England,Pakistan,EJG Morgan,PD Collingwood,Umar Gul,0,0,,,,,,,,,
426432,2010,2010-09-22,The Rose Bowl,1,34.2,England,Pakistan,EJG Morgan,PD Collingwood,Umar Gul,2,0,,,,,,,,,
426432,2010,2010-09-22,The Rose Bowl,1,34.3,England,Pakistan,EJG Morgan,PD Collingwood,Umar Gul,2,0,,,,,,,,,
426432,2010,2010-09-22,The Rose Bowl,1,34.4,England,Pakistan,EJG Morgan,PD Collingwood,Umar Gul,1,0,,,,,,,,,
426432,2010,2010-09-22,The Rose Bowl,1,34.5,England,Pakistan,PD Collingwood,EJG Morgan,Umar Gul,0,0,,,,,,,,,
426432,2010,2010-09-22,The Rose Bowl,1,34.6,England,Pakistan,PD Collingwood,EJG Morgan,Umar Gul,1,0,,,,,,,,,
426432,2010,2010-09-22,The Rose Bowl,1,35.1,England,Pakistan,PD Collingwood,EJG Morgan,Saeed Ajmal,1,0,,,,,,,,,
426432,2010,2010-09-22,The Rose Bowl,1,35.2,England,Pakistan,EJG Morgan,PD Collingwood,Saeed Ajmal,1,0,,,,,,,,,
426432,2010,2010-09-22,The Rose Bowl,1,35.3,England,Pakistan,PD Collingwood,EJG Morgan,Saeed Ajmal,1,0,,,,,,,,,
426432,2010,2010-09-22,The Rose Bowl,1,35.4,England,Pakistan,EJG Morgan,PD Collingwood,Saeed Ajmal,1,0,,,,,,,,,
426432,2010,2010-09-22,The Rose Bowl,1,35.5,England,Pakistan,PD Collingwood,EJG Morgan,Saeed Ajmal,0,0,,,,,,,,,
426432,2010,2010-09-22,The Rose Bowl,1,35.6,England,Pakistan,PD Collingwood,EJG Morgan,Saeed Ajmal,1,0,,,,,,,,,
426432,2010,2010-09-22,The Rose Bowl,1,36.1,England,Pakistan,PD Collingwood,EJG Morgan,Umar Gul,1,0,,,,,,,,,
426432,2010,2010-09-22,The Rose Bowl,1,36.2,England,Pakistan,EJG Morgan,PD Collingwood,Umar Gul,4,0,,,,,,,,,
426432,2010,2010-09-22,The Rose Bowl,1,36.3,England,Pakistan,EJG Morgan,PD Collingwood,Umar Gul,0,0,,,,,,,,,
426432,2010,2010-09-22,The Rose Bowl,1,36.4,England,Pakistan,EJG Morgan,PD Collingwood,Umar Gul,4,0,,,,,,,,,
426432,2010,2010-09-22,The Rose Bowl,1,36.5,England,Pakistan,EJG Morgan,PD Collingwood,Umar Gul,0,0,,,,,,,,,
426432,2010,2010-09-22,The Rose Bowl,1,36.6,England,Pakistan,EJG Morgan,PD Collingwood,Umar Gul,0,0,,,,,,,,,
426432,2010,2010-09-22,The Rose Bowl,1,37.1,England,Pakistan,PD Collingwood,EJG Morgan,Saeed Ajmal,0,0,,,,,,,,,
426432,2010,2010-09-22,The Rose Bowl,1,37.2,England,Pakistan,PD Collingwood,EJG Morgan,Saeed Ajmal,1,0,,,,,,,,,
426432,2010,2010-09-22,The Rose Bowl,1,37.3,England,Pakistan,EJG Morgan,PD Collingwood,Saeed Ajmal,1,0,,,,,,,,,
426432,2010,2010-09-22,The Rose Bowl,1,37.4,England,Pakistan,PD Collingwood,EJG Morgan,Saeed Ajmal,1,0,,,,,,,,,
426432,2010,2010-09-22,The Rose Bowl,1,37.5,England,Pakistan,EJG Morgan,PD Collingwood,Saeed Ajmal,0,0,,,,,,,,,
426432,2010,2010-09-22,The Rose Bowl,1,37.6,England,Pakistan,EJG Morgan,PD Collingwood,Saeed Ajmal,1,0,,,,,,,,,
426432,2010,2010-09-22,The Rose Bowl,1,38.1,England,Pakistan,EJG Morgan,PD Collingwood,Shoaib Akhtar,0,1,1,,,,,,,,
426432,2010,2010-09-22,The Rose Bowl,1,38.2,England,Pakistan,EJG Morgan,PD Collingwood,Shoaib Akhtar,0,0,,,,,,,,,
426432,2010,2010-09-22,The Rose Bowl,1,38.3,England,Pakistan,EJG Morgan,PD Collingwood,Shoaib Akhtar,0,2,,,,2,,,,,
426432,2010,2010-09-22,The Rose Bowl,1,38.4,England,Pakistan,EJG Morgan,PD Collingwood,Shoaib Akhtar,0,0,,,,,,,,,
426432,2010,2010-09-22,The Rose Bowl,1,38.5,England,Pakistan,EJG Morgan,PD Collingwood,Shoaib Akhtar,1,0,,,,,,,,,
426432,2010,2010-09-22,The Rose Bowl,1,38.6,England,Pakistan,PD Collingwood,EJG Morgan,Shoaib Akhtar,1,0,,,,,,,,,
426432,2010,2010-09-22,The Rose Bowl,1,38.7,England,Pakistan,EJG Morgan,PD Collingwood,Shoaib Akhtar,0,0,,,,,,,,,
426432,2010,2010-09-22,The Rose Bowl,1,39.1,England,Pakistan,PD Collingwood,EJG Morgan,Shahid Afridi,0,0,,,,,,,,,
426432,2010,2010-09-22,The Rose Bowl,1,39.2,England,Pakistan,PD Collingwood,EJG Morgan,Shahid Afridi,1,0,,,,,,,,,
426432,2010,2010-09-22,The Rose Bowl,1,39.3,England,Pakistan,EJG Morgan,PD Collingwood,Shahid Afridi,1,0,,,,,,,,,
426432,2010,2010-09-22,The Rose Bowl,1,39.4,England,Pakistan,PD Collingwood,EJG Morgan,Shahid Afridi,1,0,,,,,,,,,
426432,2010,2010-09-22,The Rose Bowl,1,39.5,England,Pakistan,EJG Morgan,PD Collingwood,Shahid Afridi,1,0,,,,,,,,,
426432,2010,2010-09-22,The Rose Bowl,1,39.6,England,Pakistan,PD Collingwood,EJG Morgan,Shahid Afridi,0,0,,,,,,,,,
426432,2010,2010-09-22,The Rose Bowl,1,40.1,England,Pakistan,EJG Morgan,PD Collingwood,Shoaib Akhtar,1,0,,,,,,,,,
426432,2010,2010-09-22,The Rose Bowl,1,40.2,England,Pakistan,PD Collingwood,EJG Morgan,Shoaib Akhtar,0,0,,,,,,,,,
426432,2010,2010-09-22,The Rose Bowl,1,40.3,England,Pakistan,PD Collingwood,EJG Morgan,Shoaib Akhtar,1,0,,,,,,,,,
426432,2010,2010-09-22,The Rose Bowl,1,40.4,England,Pakistan,EJG Morgan,PD Collingwood,Shoaib Akhtar,1,0,,,,,,,,,
426432,2010,2010-09-22,The Rose Bowl,1,40.5,England,Pakistan,PD Collingwood,EJG Morgan,Shoaib Akhtar,0,0,,,,,,,,,
426432,2010,2010-09-22,The Rose Bowl,1,40.6,England,Pakistan,PD Collingwood,EJG Morgan,Shoaib Akhtar,1,0,,,,,,,,,
426432,2010,2010-09-22,The Rose Bowl,1,41.1,England,Pakistan,PD Collingwood,EJG Morgan,Shahid Afridi,1,0,,,,,,,,,
426432,2010,2010-09-22,The Rose Bowl,1,41.2,England,Pakistan,EJG Morgan,PD Collingwood,Shahid Afridi,1,0,,,,,,,,,
426432,2010,2010-09-22,The Rose Bowl,1,41.3,England,Pakistan,PD Collingwood,EJG Morgan,Shahid Afridi,0,0,,,,,,,,,
426432,2010,2010-09-22,The Rose Bowl,1,41.4,England,Pakistan,PD Collingwood,EJG Morgan,Shahid Afridi,0,0,,,,,,,,,
426432,2010,2010-09-22,The Rose Bowl,1,41.5,England,Pakistan,PD Collingwood,EJG Morgan,Shahid Afridi,0,0,,,,,,,,,
426432,2010,2010-09-22,The Rose Bowl,1,41.6,England,Pakistan,PD Collingwood,EJG Morgan,Shahid Afridi,1,0,,,,,,,,,
426432,2010,2010-09-22,The Rose Bowl,1,42.1,England,Pakistan,PD Collingwood,EJG Morgan,Umar Gul,1,0,,,,,,,,,
426432,2010,2010-09-22,The Rose Bowl,1,42.2,England,Pakistan,EJG Morgan,PD Collingwood,Umar Gul,1,0,,,,,,,,,
426432,2010,2010-09-22,The Rose Bowl,1,42.3,England,Pakistan,PD Collingwood,EJG Morgan,Umar Gul,1,0,,,,,,,,,
426432,2010,2010-09-22,The Rose Bowl,1,42.4,England,Pakistan,EJG Morgan,PD Collingwood,Umar Gul,1,0,,,,,,,,,
426432,2010,2010-09-22,The Rose Bowl,1,42.5,England,Pakistan,PD Collingwood,EJG Morgan,Umar Gul,1,0,,,,,,,,,
426432,2010,2010-09-22,The Rose Bowl,1,42.6,England,Pakistan,EJG Morgan,PD Collingwood,Umar Gul,1,0,,,,,,,,,
426432,2010,2010-09-22,The Rose Bowl,1,43.1,England,Pakistan,EJG Morgan,PD Collingwood,Shahid Afridi,4,0,,,,,,,,,
426432,2010,2010-09-22,The Rose Bowl,1,43.2,England,Pakistan,EJG Morgan,PD Collingwood,Shahid Afridi,1,0,,,,,,,,,
426432,2010,2010-09-22,The Rose Bowl,1,43.3,England,Pakistan,PD Collingwood,EJG Morgan,Shahid Afridi,1,0,,,,,,,,,
426432,2010,2010-09-22,The Rose Bowl,1,43.4,England,Pakistan,EJG Morgan,PD Collingwood,Shahid Afridi,0,0,,,,,,,,,
426432,2010,2010-09-22,The Rose Bowl,1,43.5,England,Pakistan,EJG Morgan,PD Collingwood,Shahid Afridi,1,0,,,,,,,,,
426432,2010,2010-09-22,The Rose Bowl,1,43.6,England,Pakistan,PD Collingwood,EJG Morgan,Shahid Afridi,1,0,,,,,,,,,
426432,2010,2010-09-22,The Rose Bowl,1,44.1,England,Pakistan,PD Collingwood,EJG Morgan,Umar Gul,0,0,,,,,,bowled,PD Collingwood,,
426432,2010,2010-09-22,The Rose Bowl,1,44.2,England,Pakistan,LJ Wright,EJG Morgan,Umar Gul,0,1,,,,1,,,,,
426432,2010,2010-09-22,The Rose Bowl,1,44.3,England,Pakistan,EJG Morgan,LJ Wright,Umar Gul,0,0,,,,,,,,,
426432,2010,2010-09-22,The Rose Bowl,1,44.4,England,Pakistan,EJG Morgan,LJ Wright,Umar Gul,0,0,,,,,,,,,
426432,2010,2010-09-22,The Rose Bowl,1,44.5,England,Pakistan,EJG Morgan,LJ Wright,Umar Gul,0,1,,,,1,,,,,
426432,2010,2010-09-22,The Rose Bowl,1,44.6,England,Pakistan,LJ Wright,EJG Morgan,Umar Gul,1,0,,,,,,,,,
426432,2010,2010-09-22,The Rose Bowl,1,45.1,England,Pakistan,LJ Wright,EJG Morgan,Shoaib Akhtar,0,0,,,,,,,,,
426432,2010,2010-09-22,The Rose Bowl,1,45.2,England,Pakistan,LJ Wright,EJG Morgan,Shoaib Akhtar,0,0,,,,,,bowled,LJ Wright,,
426432,2010,2010-09-22,The Rose Bowl,1,45.3,England,Pakistan,TT Bresnan,EJG Morgan,Shoaib Akhtar,1,0,,,,,,,,,
426432,2010,2010-09-22,The Rose Bowl,1,45.4,England,Pakistan,EJG Morgan,TT Bresnan,Shoaib Akhtar,4,0,,,,,,,,,
426432,2010,2010-09-22,The Rose Bowl,1,45.5,England,Pakistan,EJG Morgan,TT Bresnan,Shoaib Akhtar,1,0,,,,,,,,,
426432,2010,2010-09-22,The Rose Bowl,1,45.6,England,Pakistan,TT Bresnan,EJG Morgan,Shoaib Akhtar,0,0,,,,,,,,,
426432,2010,2010-09-22,The Rose Bowl,1,46.1,England,Pakistan,EJG Morgan,TT Bresnan,Umar Gul,1,0,,,,,,,,,
426432,2010,2010-09-22,The Rose Bowl,1,46.2,England,Pakistan,TT Bresnan,EJG Morgan,Umar Gul,1,0,,,,,,,,,
426432,2010,2010-09-22,The Rose Bowl,1,46.3,England,Pakistan,EJG Morgan,TT Bresnan,Umar Gul,3,0,,,,,,,,,
426432,2010,2010-09-22,The Rose Bowl,1,46.4,England,Pakistan,TT Bresnan,EJG Morgan,Umar Gul,1,0,,,,,,,,,
426432,2010,2010-09-22,The Rose Bowl,1,46.5,England,Pakistan,EJG Morgan,TT Bresnan,Umar Gul,1,0,,,,,,,,,
426432,2010,2010-09-22,The Rose Bowl,1,46.6,England,Pakistan,TT Bresnan,EJG Morgan,Umar Gul,4,0,,,,,,,,,
426432,2010,2010-09-22,The Rose Bowl,1,47.1,England,Pakistan,EJG Morgan,TT Bresnan,Shoaib Akhtar,1,0,,,,,,,,,
426432,2010,2010-09-22,The Rose Bowl,1,47.2,England,Pakistan,TT Bresnan,EJG Morgan,Shoaib Akhtar,4,0,,,,,,,,,
426432,2010,2010-09-22,The Rose Bowl,1,47.3,England,Pakistan,TT Bresnan,EJG Morgan,Shoaib Akhtar,1,0,,,,,,,,,
426432,2010,2010-09-22,The Rose Bowl,1,47.4,England,Pakistan,EJG Morgan,TT Bresnan,Shoaib Akhtar,1,0,,,,,,,,,
426432,2010,2010-09-22,The Rose Bowl,1,47.5,England,Pakistan,TT Bresnan,EJG Morgan,Shoaib Akhtar,2,0,,,,,,,,,
426432,2010,2010-09-22,The Rose Bowl,1,47.6,England,Pakistan,TT Bresnan,EJG Morgan,Shoaib Akhtar,1,0,,,,,,,,,
426432,2010,2010-09-22,The Rose Bowl,1,48.1,England,Pakistan,TT Bresnan,EJG Morgan,Umar Gul,0,0,,,,,,,,,
426432,2010,2010-09-22,The Rose Bowl,1,48.2,England,Pakistan,TT Bresnan,EJG Morgan,Umar Gul,2,0,,,,,,,,,
426432,2010,2010-09-22,The Rose Bowl,1,48.3,England,Pakistan,TT Bresnan,EJG Morgan,Umar Gul,1,0,,,,,,,,,
426432,2010,2010-09-22,The Rose Bowl,1,48.4,England,Pakistan,EJG Morgan,TT Bresnan,Umar Gul,0,0,,,,,,,,,
426432,2010,2010-09-22,The Rose Bowl,1,48.5,England,Pakistan,EJG Morgan,TT Bresnan,Umar Gul,2,0,,,,,,,,,
426432,2010,2010-09-22,The Rose Bowl,1,48.6,England,Pakistan,EJG Morgan,TT Bresnan,Umar Gul,3,0,,,,,,,,,
426432,2010,2010-09-22,The Rose Bowl,1,49.1,England,Pakistan,EJG Morgan,TT Bresnan,Saeed Ajmal,0,3,3,,,,,,,,
426432,2010,2010-09-22,The Rose Bowl,1,49.2,England,Pakistan,EJG Morgan,TT Bresnan,Saeed Ajmal,6,0,,,,,,,,,
426432,2010,2010-09-22,The Rose Bowl,1,49.3,England,Pakistan,EJG Morgan,TT Bresnan,Saeed Ajmal,4,0,,,,,,,,,
426432,2010,2010-09-22,The Rose Bowl,1,49.4,England,Pakistan,EJG Morgan,TT Bresnan,Saeed Ajmal,2,0,,,,,,,,,
426432,2010,2010-09-22,The Rose Bowl,1,49.5,England,Pakistan,EJG Morgan,TT Bresnan,Saeed Ajmal,2,0,,,,,,,,,
426432,2010,2010-09-22,The Rose Bowl,1,49.6,England,Pakistan,EJG Morgan,TT Bresnan,Saeed Ajmal,0,0,,,,,,,,,
426432,2010,2010-09-22,The Rose Bowl,1,49.7,England,Pakistan,EJG Morgan,TT Bresnan,Saeed Ajmal,2,0,,,,,,,,,
426432,2010,2010-09-22,The Rose Bowl,2,0.1,Pakistan,England,Kamran Akmal,Mohammad Hafeez,TT Bresnan,4,0,,,,,,,,,
426432,2010,2010-09-22,The Rose Bowl,2,0.2,Pakistan,England,Kamran Akmal,Mohammad Hafeez,TT Bresnan,4,0,,,,,,,,,
426432,2010,2010-09-22,The Rose Bowl,2,0.3,Pakistan,England,Kamran Akmal,Mohammad Hafeez,TT Bresnan,0,0,,,,,,,,,
426432,2010,2010-09-22,The Rose Bowl,2,0.4,Pakistan,England,Kamran Akmal,Mohammad Hafeez,TT Bresnan,0,0,,,,,,,,,
426432,2010,2010-09-22,The Rose Bowl,2,0.5,Pakistan,England,Kamran Akmal,Mohammad Hafeez,TT Bresnan,0,0,,,,,,,,,
426432,2010,2010-09-22,The Rose Bowl,2,0.6,Pakistan,England,Kamran Akmal,Mohammad Hafeez,TT Bresnan,1,0,,,,,,,,,
426432,2010,2010-09-22,The Rose Bowl,2,1.1,Pakistan,England,Kamran Akmal,Mohammad Hafeez,JM Anderson,1,0,,,,,,,,,
426432,2010,2010-09-22,The Rose Bowl,2,1.2,Pakistan,England,Mohammad Hafeez,Kamran Akmal,JM Anderson,1,0,,,,,,,,,
426432,2010,2010-09-22,The Rose Bowl,2,1.3,Pakistan,England,Kamran Akmal,Mohammad Hafeez,JM Anderson,1,0,,,,,,,,,
426432,2010,2010-09-22,The Rose Bowl,2,1.4,Pakistan,England,Mohammad Hafeez,Kamran Akmal,JM Anderson,2,0,,,,,,,,,
426432,2010,2010-09-22,The Rose Bowl,2,1.5,Pakistan,England,Mohammad Hafeez,Kamran Akmal,JM Anderson,0,0,,,,,,,,,
426432,2010,2010-09-22,The Rose Bowl,2,1.6,Pakistan,England,Mohammad Hafeez,Kamran Akmal,JM Anderson,1,0,,,,,,,,,
426432,2010,2010-09-22,The Rose Bowl,2,2.1,Pakistan,England,Mohammad Hafeez,Kamran Akmal,TT Bresnan,4,0,,,,,,,,,
426432,2010,2010-09-22,The Rose Bowl,2,2.2,Pakistan,England,Mohammad Hafeez,Kamran Akmal,TT Bresnan,0,0,,,,,,,,,
426432,2010,2010-09-22,The Rose Bowl,2,2.3,Pakistan,England,Mohammad Hafeez,Kamran Akmal,TT Bresnan,0,0,,,,,,,,,
426432,2010,2010-09-22,The Rose Bowl,2,2.4,Pakistan,England,Mohammad Hafeez,Kamran Akmal,TT Bresnan,0,0,,,,,,,,,
426432,2010,2010-09-22,The Rose Bowl,2,2.5,Pakistan,England,Mohammad Hafeez,Kamran Akmal,TT Bresnan,4,0,,,,,,,,,
426432,2010,2010-09-22,The Rose Bowl,2,2.6,Pakistan,England,Mohammad Hafeez,Kamran Akmal,TT Bresnan,0,0,,,,,,,,,
426432,2010,2010-09-22,The Rose Bowl,2,3.1,Pakistan,England,Kamran Akmal,Mohammad Hafeez,JM Anderson,0,0,,,,,,,,,
426432,2010,2010-09-22,The Rose Bowl,2,3.2,Pakistan,England,Kamran Akmal,Mohammad Hafeez,JM Anderson,0,0,,,,,,,,,
426432,2010,2010-09-22,The Rose Bowl,2,3.3,Pakistan,England,Kamran Akmal,Mohammad Hafeez,JM Anderson,0,0,,,,,,,,,
426432,2010,2010-09-22,The Rose Bowl,2,3.4,Pakistan,England,Kamran Akmal,Mohammad Hafeez,JM Anderson,1,0,,,,,,,,,
426432,2010,2010-09-22,The Rose Bowl,2,3.5,Pakistan,England,Mohammad Hafeez,Kamran Akmal,JM Anderson,0,0,,,,,,,,,
426432,2010,2010-09-22,The Rose Bowl,2,3.6,Pakistan,England,Mohammad Hafeez,Kamran Akmal,JM Anderson,0,0,,,,,,,,,
426432,2010,2010-09-22,The Rose Bowl,2,4.1,Pakistan,England,Kamran Akmal,Mohammad Hafeez,SCJ Broad,0,0,,,,,,,,,
426432,2010,2010-09-22,The Rose Bowl,2,4.2,Pakistan,England,Kamran Akmal,Mohammad Hafeez,SCJ Broad,0,0,,,,,,,,,
426432,2010,2010-09-22,The Rose Bowl,2,4.3,Pakistan,England,Kamran Akmal,Mohammad Hafeez,SCJ Broad,0,0,,,,,,,,,
426432,2010,2010-09-22,The Rose Bowl,2,4.4,Pakistan,England,Kamran Akmal,Mohammad Hafeez,SCJ Broad,0,0,,,,,,,,,
426432,2010,2010-09-22,The Rose Bowl,2,4.5,Pakistan,England,Kamran Akmal,Mohammad Hafeez,SCJ Broad,0,1,,,,1,,,,,
426432,2010,2010-09-22,The Rose Bowl,2,4.6,Pakistan,England,Mohammad Hafeez,Kamran Akmal,SCJ Broad,0,0,,,,,,,,,
426432,2010,2010-09-22,The Rose Bowl,2,5.1,Pakistan,England,Kamran Akmal,Mohammad Hafeez,JM Anderson,0,0,,,,,,,,,
426432,2010,2010-09-22,The Rose Bowl,2,5.2,Pakistan,England,Kamran Akmal,Mohammad Hafeez,JM Anderson,4,0,,,,,,,,,
426432,2010,2010-09-22,The Rose Bowl,2,5.3,Pakistan,England,Kamran Akmal,Mohammad Hafeez,JM Anderson,0,0,,,,,,,,,
426432,2010,2010-09-22,The Rose Bowl,2,5.4,Pakistan,England,Kamran Akmal,Mohammad Hafeez,JM Anderson,0,0,,,,,,,,,
426432,2010,2010-09-22,The Rose Bowl,2,5.5,Pakistan,England,Kamran Akmal,Mohammad Hafeez,JM Anderson,4,0,,,,,,,,,
426432,2010,2010-09-22,The Rose Bowl,2,5.6,Pakistan,England,Kamran Akmal,Mohammad Hafeez,JM Anderson,0,0,,,,,,,,,
426432,2010,2010-09-22,The Rose Bowl,2,6.1,Pakistan,England,Mohammad Hafeez,Kamran Akmal,SCJ Broad,0,0,,,,,,,,,
426432,2010,2010-09-22,The Rose Bowl,2,6.2,Pakistan,England,Mohammad Hafeez,Kamran Akmal,SCJ Broad,0,0,,,,,,,,,
426432,2010,2010-09-22,The Rose Bowl,2,6.3,Pakistan,England,Mohammad Hafeez,Kamran Akmal,SCJ Broad,0,0,,,,,,,,,
426432,2010,2010-09-22,The Rose Bowl,2,6.4,Pakistan,England,Mohammad Hafeez,Kamran Akmal,SCJ Broad,4,0,,,,,,,,,
426432,2010,2010-09-22,The Rose Bowl,2,6.5,Pakistan,England,Mohammad Hafeez,Kamran Akmal,SCJ Broad,2,0,,,,,,,,,
426432,2010,2010-09-22,The Rose Bowl,2,6.6,Pakistan,England,Mohammad Hafeez,Kamran Akmal,SCJ Broad,4,0,,,,,,,,,
426432,2010,2010-09-22,The Rose Bowl,2,7.1,Pakistan,England,Kamran Akmal,Mohammad Hafeez,JM Anderson,0,0,,,,,,,,,
426432,2010,2010-09-22,The Rose Bowl,2,7.2,Pakistan,England,Kamran Akmal,Mohammad Hafeez,JM Anderson,4,0,,,,,,,,,
426432,2010,2010-09-22,The Rose Bowl,2,7.3,Pakistan,England,Kamran Akmal,Mohammad Hafeez,JM Anderson,4,0,,,,,,,,,
426432,2010,2010-09-22,The Rose Bowl,2,7.4,Pakistan,England,Kamran Akmal,Mohammad Hafeez,JM Anderson,0,1,1,,,,,,,,
426432,2010,2010-09-22,The Rose Bowl,2,7.5,Pakistan,England,Kamran Akmal,Mohammad Hafeez,JM Anderson,0,0,,,,,,,,,
426432,2010,2010-09-22,The Rose Bowl,2,7.6,Pakistan,England,Kamran Akmal,Mohammad Hafeez,JM Anderson,0,0,,,,,,,,,
426432,2010,2010-09-22,The Rose Bowl,2,7.7,Pakistan,England,Kamran Akmal,Mohammad Hafeez,JM Anderson,0,0,,,,,,,,,
426432,2010,2010-09-22,The Rose Bowl,2,8.1,Pakistan,England,Mohammad Hafeez,Kamran Akmal,SCJ Broad,0,0,,,,,,,,,
426432,2010,2010-09-22,The Rose Bowl,2,8.2,Pakistan,England,Mohammad Hafeez,Kamran Akmal,SCJ Broad,0,0,,,,,,,,,
426432,2010,2010-09-22,The Rose Bowl,2,8.3,Pakistan,England,Mohammad Hafeez,Kamran Akmal,SCJ Broad,0,0,,,,,,,,,
426432,2010,2010-09-22,The Rose Bowl,2,8.4,Pakistan,England,Mohammad Hafeez,Kamran Akmal,SCJ Broad,0,0,,,,,,,,,
426432,2010,2010-09-22,The Rose Bowl,2,8.5,Pakistan,England,Mohammad Hafeez,Kamran Akmal,SCJ Broad,4,0,,,,,,,,,
426432,2010,2010-09-22,The Rose Bowl,2,8.6,Pakistan,England,Mohammad Hafeez,Kamran Akmal,SCJ Broad,1,0,,,,,,,,,
426432,2010,2010-09-22,The Rose Bowl,2,9.1,Pakistan,England,Mohammad Hafeez,Kamran Akmal,JM Anderson,0,0,,,,,,,,,
426432,2010,2010-09-22,The Rose Bowl,2,9.2,Pakistan,England,Mohammad Hafeez,Kamran Akmal,JM Anderson,0,0,,,,,,,,,
426432,2010,2010-09-22,The Rose Bowl,2,9.3,Pakistan,England,Mohammad Hafeez,Kamran Akmal,JM Anderson,0,0,,,,,,,,,
426432,2010,2010-09-22,The Rose Bowl,2,9.4,Pakistan,England,Mohammad Hafeez,Kamran Akmal,JM Anderson,0,0,,,,,,,,,
426432,2010,2010-09-22,The Rose Bowl,2,9.5,Pakistan,England,Mohammad Hafeez,Kamran Akmal,JM Anderson,0,0,,,,,,,,,
426432,2010,2010-09-22,The Rose Bowl,2,9.6,Pakistan,England,Mohammad Hafeez,Kamran Akmal,JM Anderson,0,0,,,,,,,,,
426432,2010,2010-09-22,The Rose Bowl,2,10.1,Pakistan,England,Kamran Akmal,Mohammad Hafeez,SCJ Broad,0,0,,,,,,,,,
426432,2010,2010-09-22,The Rose Bowl,2,10.2,Pakistan,England,Kamran Akmal,Mohammad Hafeez,SCJ Broad,1,0,,,,,,,,,
426432,2010,2010-09-22,The Rose Bowl,2,10.3,Pakistan,England,Mohammad Hafeez,Kamran Akmal,SCJ Broad,0,0,,,,,,,,,
426432,2010,2010-09-22,The Rose Bowl,2,10.4,Pakistan,England,Mohammad Hafeez,Kamran Akmal,SCJ Broad,0,1,1,,,,,,,,
426432,2010,2010-09-22,The Rose Bowl,2,10.5,Pakistan,England,Mohammad Hafeez,Kamran Akmal,SCJ Broad,0,0,,,,,,,,,
426432,2010,2010-09-22,The Rose Bowl,2,10.6,Pakistan,England,Mohammad Hafeez,Kamran Akmal,SCJ Broad,1,0,,,,,,,,,
426432,2010,2010-09-22,The Rose Bowl,2,10.7,Pakistan,England,Kamran Akmal,Mohammad Hafeez,SCJ Broad,0,0,,,,,,,,,
426432,2010,2010-09-22,The Rose Bowl,2,11.1,Pakistan,England,Mohammad Hafeez,Kamran Akmal,JM Anderson,1,0,,,,,,,,,
426432,2010,2010-09-22,The Rose Bowl,2,11.2,Pakistan,England,Kamran Akmal,Mohammad Hafeez,JM Anderson,1,0,,,,,,,,,
426432,2010,2010-09-22,The Rose Bowl,2,11.3,Pakistan,England,Mohammad Hafeez,Kamran Akmal,JM Anderson,0,0,,,,,,,,,
426432,2010,2010-09-22,The Rose Bowl,2,11.4,Pakistan,England,Mohammad Hafeez,Kamran Akmal,JM Anderson,0,0,,,,,,,,,
426432,2010,2010-09-22,The Rose Bowl,2,11.5,Pakistan,England,Mohammad Hafeez,Kamran Akmal,JM Anderson,0,0,,,,,,,,,
426432,2010,2010-09-22,The Rose Bowl,2,11.6,Pakistan,England,Mohammad Hafeez,Kamran Akmal,JM Anderson,0,0,,,,,,,,,
426432,2010,2010-09-22,The Rose Bowl,2,12.1,Pakistan,England,Kamran Akmal,Mohammad Hafeez,SCJ Broad,0,1,,,,1,,,,,
426432,2010,2010-09-22,The Rose Bowl,2,12.2,Pakistan,England,Mohammad Hafeez,Kamran Akmal,SCJ Broad,0,0,,,,,,,,,
426432,2010,2010-09-22,The Rose Bowl,2,12.3,Pakistan,England,Mohammad Hafeez,Kamran Akmal,SCJ Broad,0,0,,,,,,,,,
426432,2010,2010-09-22,The Rose Bowl,2,12.4,Pakistan,England,Mohammad Hafeez,Kamran Akmal,SCJ Broad,0,0,,,,,,caught,Mohammad Hafeez,,
426432,2010,2010-09-22,The Rose Bowl,2,12.5,Pakistan,England,Asad Shafiq,Kamran Akmal,SCJ Broad,0,0,,,,,,caught,Asad Shafiq,,
426432,2010,2010-09-22,The Rose Bowl,2,12.6,Pakistan,England,Mohammad Yousuf,Kamran Akmal,SCJ Broad,1,0,,,,,,,,,
426432,2010,2010-09-22,The Rose Bowl,2,13.1,Pakistan,England,Mohammad Yousuf,Kamran Akmal,TT Bresnan,1,0,,,,,,,,,
426432,2010,2010-09-22,The Rose Bowl,2,13.2,Pakistan,England,Kamran Akmal,Mohammad Yousuf,TT Bresnan,0,0,,,,,,,,,
426432,2010,2010-09-22,The Rose Bowl,2,13.3,Pakistan,England,Kamran Akmal,Mohammad Yousuf,TT Bresnan,0,0,,,,,,,,,
426432,2010,2010-09-22,The Rose Bowl,2,13.4,Pakistan,England,Kamran Akmal,Mohammad Yousuf,TT Bresnan,0,0,,,,,,,,,
426432,2010,2010-09-22,The Rose Bowl,2,13.5,Pakistan,England,Kamran Akmal,Mohammad Yousuf,TT Bresnan,0,0,,,,,,,,,
426432,2010,2010-09-22,The Rose Bowl,2,13.6,Pakistan,England,Kamran Akmal,Mohammad Yousuf,TT Bresnan,0,0,,,,,,,,,
426432,2010,2010-09-22,The Rose Bowl,2,14.1,Pakistan,England,Mohammad Yousuf,Kamran Akmal,SCJ Broad,0,0,,,,,,,,,
426432,2010,2010-09-22,The Rose Bowl,2,14.2,Pakistan,England,Mohammad Yousuf,Kamran Akmal,SCJ Broad,0,0,,,,,,,,,
426432,2010,2010-09-22,The Rose Bowl,2,14.3,Pakistan,England,Mohammad Yousuf,Kamran Akmal,SCJ Broad,1,0,,,,,,,,,
426432,2010,2010-09-22,The Rose Bowl,2,14.4,Pakistan,England,Kamran Akmal,Mohammad Yousuf,SCJ Broad,1,0,,,,,,,,,
426432,2010,2010-09-22,The Rose Bowl,2,14.5,Pakistan,England,Mohammad Yousuf,Kamran Akmal,SCJ Broad,0,0,,,,,,,,,
426432,2010,2010-09-22,The Rose Bowl,2,14.6,Pakistan,England,Mohammad Yousuf,Kamran Akmal,SCJ Broad,0,0,,,,,,,,,
426432,2010,2010-09-22,The Rose Bowl,2,15.1,Pakistan,England,Kamran Akmal,Mohammad Yousuf,TT Bresnan,2,0,,,,,,,,,
426432,2010,2010-09-22,The Rose Bowl,2,15.2,Pakistan,England,Kamran Akmal,Mohammad Yousuf,TT Bresnan,0,0,,,,,,,,,
426432,2010,2010-09-22,The Rose Bowl,2,15.3,Pakistan,England,Kamran Akmal,Mohammad Yousuf,TT Bresnan,2,0,,,,,,,,,
426432,2010,2010-09-22,The Rose Bowl,2,15.4,Pakistan,England,Kamran Akmal,Mohammad Yousuf,TT Bresnan,0,0,,,,,,,,,
426432,2010,2010-09-22,The Rose Bowl,2,15.5,Pakistan,England,Kamran Akmal,Mohammad Yousuf,TT Bresnan,1,0,,,,,,,,,
426432,2010,2010-09-22,The Rose Bowl,2,15.6,Pakistan,England,Mohammad Yousuf,Kamran Akmal,TT Bresnan,0,0,,,,,,,,,
426432,2010,2010-09-22,The Rose Bowl,2,16.1,Pakistan,England,Kamran Akmal,Mohammad Yousuf,LJ Wright,1,0,,,,,,,,,
426432,2010,2010-09-22,The Rose Bowl,2,16.2,Pakistan,England,Mohammad Yousuf,Kamran Akmal,LJ Wright,0,0,,,,,,,,,
426432,2010,2010-09-22,The Rose Bowl,2,16.3,Pakistan,England,Mohammad Yousuf,Kamran Akmal,LJ Wright,1,0,,,,,,,,,
426432,2010,2010-09-22,The Rose Bowl,2,16.4,Pakistan,England,Kamran Akmal,Mohammad Yousuf,LJ Wright,0,0,,,,,,,,,
426432,2010,2010-09-22,The Rose Bowl,2,16.5,Pakistan,England,Kamran Akmal,Mohammad Yousuf,LJ Wright,1,0,,,,,,,,,
426432,2010,2010-09-22,The Rose Bowl,2,16.6,Pakistan,England,Mohammad Yousuf,Kamran Akmal,LJ Wright,1,0,,,,,,,,,
426432,2010,2010-09-22,The Rose Bowl,2,17.1,Pakistan,England,Mohammad Yousuf,Kamran Akmal,TT Bresnan,0,0,,,,,,,,,
426432,2010,2010-09-22,The Rose Bowl,2,17.2,Pakistan,England,Mohammad Yousuf,Kamran Akmal,TT Bresnan,1,0,,,,,,,,,
426432,2010,2010-09-22,The Rose Bowl,2,17.3,Pakistan,England,Kamran Akmal,Mohammad Yousuf,TT Bresnan,2,0,,,,,,,,,
426432,2010,2010-09-22,The Rose Bowl,2,17.4,Pakistan,England,Kamran Akmal,Mohammad Yousuf,TT Bresnan,0,0,,,,,,,,,
426432,2010,2010-09-22,The Rose Bowl,2,17.5,Pakistan,England,Kamran Akmal,Mohammad Yousuf,TT Bresnan,0,0,,,,,,,,,
426432,2010,2010-09-22,The Rose Bowl,2,17.6,Pakistan,England,Kamran Akmal,Mohammad Yousuf,TT Bresnan,1,0,,,,,,,,,
426432,2010,2010-09-22,The Rose Bowl,2,18.1,Pakistan,England,Kamran Akmal,Mohammad Yousuf,LJ Wright,0,0,,,,,,lbw,Kamran Akmal,,
426432,2010,2010-09-22,The Rose Bowl,2,18.2,Pakistan,England,Fawad Alam,Mohammad Yousuf,LJ Wright,1,0,,,,,,,,,
426432,2010,2010-09-22,The Rose Bowl,2,18.3,Pakistan,England,Mohammad Yousuf,Fawad Alam,LJ Wright,0,0,,,,,,,,,
426432,2010,2010-09-22,The Rose Bowl,2,18.4,Pakistan,England,Mohammad Yousuf,Fawad Alam,LJ Wright,0,0,,,,,,,,,
426432,2010,2010-09-22,The Rose Bowl,2,18.5,Pakistan,England,Mohammad Yousuf,Fawad Alam,LJ Wright,1,0,,,,,,,,,
426432,2010,2010-09-22,The Rose Bowl,2,18.6,Pakistan,England,Fawad Alam,Mohammad Yousuf,LJ Wright,0,0,,,,,,,,,
426432,2010,2010-09-22,The Rose Bowl,2,19.1,Pakistan,England,Mohammad Yousuf,Fawad Alam,GP Swann,0,0,,,,,,,,,
426432,2010,2010-09-22,The Rose Bowl,2,19.2,Pakistan,England,Mohammad Yousuf,Fawad Alam,GP Swann,1,0,,,,,,,,,
426432,2010,2010-09-22,The Rose Bowl,2,19.3,Pakistan,England,Fawad Alam,Mohammad Yousuf,GP Swann,0,0,,,,,,,,,
426432,2010,2010-09-22,The Rose Bowl,2,19.4,Pakistan,England,Fawad Alam,Mohammad Yousuf,GP Swann,0,0,,,,,,,,,
426432,2010,2010-09-22,The Rose Bowl,2,19.5,Pakistan,England,Fawad Alam,Mohammad Yousuf,GP Swann,0,0,,,,,,bowled,Fawad Alam,,
426432,2010,2010-09-22,The Rose Bowl,2,19.6,Pakistan,England,Umar Akmal,Mohammad Yousuf,GP Swann,0,0,,,,,,,,,
426432,2010,2010-09-22,The Rose Bowl,2,20.1,Pakistan,England,Mohammad Yousuf,Umar Akmal,LJ Wright,0,0,,,,,,,,,
426432,2010,2010-09-22,The Rose Bowl,2,20.2,Pakistan,England,Mohammad Yousuf,Umar Akmal,LJ Wright,1,0,,,,,,,,,
426432,2010,2010-09-22,The Rose Bowl,2,20.3,Pakistan,England,Umar Akmal,Mohammad Yousuf,LJ Wright,0,0,,,,,,,,,
426432,2010,2010-09-22,The Rose Bowl,2,20.4,Pakistan,England,Umar Akmal,Mohammad Yousuf,LJ Wright,0,0,,,,,,,,,
426432,2010,2010-09-22,The Rose Bowl,2,20.5,Pakistan,England,Umar Akmal,Mohammad Yousuf,LJ Wright,1,0,,,,,,,,,
426432,2010,2010-09-22,The Rose Bowl,2,20.6,Pakistan,England,Mohammad Yousuf,Umar Akmal,LJ Wright,1,0,,,,,,,,,
426432,2010,2010-09-22,The Rose Bowl,2,21.1,Pakistan,England,Mohammad Yousuf,Umar Akmal,GP Swann,0,0,,,,,,,,,
426432,2010,2010-09-22,The Rose Bowl,2,21.2,Pakistan,England,Mohammad Yousuf,Umar Akmal,GP Swann,0,0,,,,,,,,,
426432,2010,2010-09-22,The Rose Bowl,2,21.3,Pakistan,England,Mohammad Yousuf,Umar Akmal,GP Swann,1,0,,,,,,,,,
426432,2010,2010-09-22,The Rose Bowl,2,21.4,Pakistan,England,Umar Akmal,Mohammad Yousuf,GP Swann,0,0,,,,,,,,,
426432,2010,2010-09-22,The Rose Bowl,2,21.5,Pakistan,England,Umar Akmal,Mohammad Yousuf,GP Swann,0,0,,,,,,,,,
426432,2010,2010-09-22,The Rose Bowl,2,21.6,Pakistan,England,Umar Akmal,Mohammad Yousuf,GP Swann,0,0,,,,,,,,,
426432,2010,2010-09-22,The Rose Bowl,2,22.1,Pakistan,England,Mohammad Yousuf,Umar Akmal,LJ Wright,0,0,,,,,,,,,
426432,2010,2010-09-22,The Rose Bowl,2,22.2,Pakistan,England,Mohammad Yousuf,Umar Akmal,LJ Wright,0,0,,,,,,,,,
426432,2010,2010-09-22,The Rose Bowl,2,22.3,Pakistan,England,Mohammad Yousuf,Umar Akmal,LJ Wright,1,0,,,,,,,,,
426432,2010,2010-09-22,The Rose Bowl,2,22.4,Pakistan,England,Umar Akmal,Mohammad Yousuf,LJ Wright,0,0,,,,,,,,,
426432,2010,2010-09-22,The Rose Bowl,2,22.5,Pakistan,England,Umar Akmal,Mohammad Yousuf,LJ Wright,0,0,,,,,,,,,
426432,2010,2010-09-22,The Rose Bowl,2,22.6,Pakistan,England,Umar Akmal,Mohammad Yousuf,LJ Wright,0,0,,,,,,,,,
426432,2010,2010-09-22,The Rose Bowl,2,23.1,Pakistan,England,Mohammad Yousuf,Umar Akmal,GP Swann,1,0,,,,,,,,,
426432,2010,2010-09-22,The Rose Bowl,2,23.2,Pakistan,England,Umar Akmal,Mohammad Yousuf,GP Swann,3,0,,,,,,,,,
426432,2010,2010-09-22,The Rose Bowl,2,23.3,Pakistan,England,Mohammad Yousuf,Umar Akmal,GP Swann,1,0,,,,,,,,,
426432,2010,2010-09-22,The Rose Bowl,2,23.4,Pakistan,England,Umar Akmal,Mohammad Yousuf,GP Swann,0,0,,,,,,,,,
426432,2010,2010-09-22,The Rose Bowl,2,23.5,Pakistan,England,Umar Akmal,Mohammad Yousuf,GP Swann,1,0,,,,,,,,,
426432,2010,2010-09-22,The Rose Bowl,2,23.6,Pakistan,England,Mohammad Yousuf,Umar Akmal,GP Swann,0,0,,,,,,,,,
426432,2010,2010-09-22,The Rose Bowl,2,24.1,Pakistan,England,Umar Akmal,Mohammad Yousuf,LJ Wright,1,0,,,,,,,,,
426432,2010,2010-09-22,The Rose Bowl,2,24.2,Pakistan,England,Mohammad Yousuf,Umar Akmal,LJ Wright,2,0,,,,,,,,,
426432,2010,2010-09-22,The Rose Bowl,2,24.3,Pakistan,England,Mohammad Yousuf,Umar Akmal,LJ Wright,1,0,,,,,,,,,
426432,2010,2010-09-22,The Rose Bowl,2,24.4,Pakistan,England,Umar Akmal,Mohammad Yousuf,LJ Wright,0,0,,,,,,,,,
426432,2010,2010-09-22,The Rose Bowl,2,24.5,Pakistan,England,Umar Akmal,Mohammad Yousuf,LJ Wright,0,0,,,,,,,,,
426432,2010,2010-09-22,The Rose Bowl,2,24.6,Pakistan,England,Umar Akmal,Mohammad Yousuf,LJ Wright,0,0,,,,,,,,,
426432,2010,2010-09-22,The Rose Bowl,2,25.1,Pakistan,England,Mohammad Yousuf,Umar Akmal,GP Swann,0,0,,,,,,,,,
426432,2010,2010-09-22,The Rose Bowl,2,25.2,Pakistan,England,Mohammad Yousuf,Umar Akmal,GP Swann,1,0,,,,,,,,,
426432,2010,2010-09-22,The Rose Bowl,2,25.3,Pakistan,England,Umar Akmal,Mohammad Yousuf,GP Swann,1,0,,,,,,,,,
426432,2010,2010-09-22,The Rose Bowl,2,25.4,Pakistan,England,Mohammad Yousuf,Umar Akmal,GP Swann,0,0,,,,,,,,,
426432,2010,2010-09-22,The Rose Bowl,2,25.5,Pakistan,England,Mohammad Yousuf,Umar Akmal,GP Swann,1,0,,,,,,,,,
426432,2010,2010-09-22,The Rose Bowl,2,25.6,Pakistan,England,Umar Akmal,Mohammad Yousuf,GP Swann,0,0,,,,,,,,,
426432,2010,2010-09-22,The Rose Bowl,2,26.1,Pakistan,England,Mohammad Yousuf,Umar Akmal,LJ Wright,0,0,,,,,,,,,
426432,2010,2010-09-22,The Rose Bowl,2,26.2,Pakistan,England,Mohammad Yousuf,Umar Akmal,LJ Wright,1,0,,,,,,,,,
426432,2010,2010-09-22,The Rose Bowl,2,26.3,Pakistan,England,Umar Akmal,Mohammad Yousuf,LJ Wright,0,0,,,,,,,,,
426432,2010,2010-09-22,The Rose Bowl,2,26.4,Pakistan,England,Umar Akmal,Mohammad Yousuf,LJ Wright,1,0,,,,,,,,,
426432,2010,2010-09-22,The Rose Bowl,2,26.5,Pakistan,England,Mohammad Yousuf,Umar Akmal,LJ Wright,0,0,,,,,,,,,
426432,2010,2010-09-22,The Rose Bowl,2,26.6,Pakistan,England,Mohammad Yousuf,Umar Akmal,LJ Wright,0,0,,,,,,,,,
426432,2010,2010-09-22,The Rose Bowl,2,27.1,Pakistan,England,Umar Akmal,Mohammad Yousuf,GP Swann,1,0,,,,,,,,,
426432,2010,2010-09-22,The Rose Bowl,2,27.2,Pakistan,England,Mohammad Yousuf,Umar Akmal,GP Swann,0,0,,,,,,,,,
426432,2010,2010-09-22,The Rose Bowl,2,27.3,Pakistan,England,Mohammad Yousuf,Umar Akmal,GP Swann,0,0,,,,,,,,,
426432,2010,2010-09-22,The Rose Bowl,2,27.4,Pakistan,England,Mohammad Yousuf,Umar Akmal,GP Swann,0,0,,,,,,bowled,Mohammad Yousuf,,
426432,2010,2010-09-22,The Rose Bowl,2,27.5,Pakistan,England,Shahid Afridi,Umar Akmal,GP Swann,0,0,,,,,,bowled,Shahid Afridi,,
426432,2010,2010-09-22,The Rose Bowl,2,27.6,Pakistan,England,Abdul Razzaq,Umar Akmal,GP Swann,0,0,,,,,,,,,
426432,2010,2010-09-22,The Rose Bowl,2,28.1,Pakistan,England,Umar Akmal,Abdul Razzaq,TT Bresnan,0,0,,,,,,,,,
426432,2010,2010-09-22,The Rose Bowl,2,28.2,Pakistan,England,Umar Akmal,Abdul Razzaq,TT Bresnan,1,0,,,,,,,,,
426432,2010,2010-09-22,The Rose Bowl,2,28.3,Pakistan,England,Abdul Razzaq,Umar Akmal,TT Bresnan,0,0,,,,,,,,,
426432,2010,2010-09-22,The Rose Bowl,2,28.4,Pakistan,England,Abdul Razzaq,Umar Akmal,TT Bresnan,0,0,,,,,,,,,
426432,2010,2010-09-22,The Rose Bowl,2,28.5,Pakistan,England,Abdul Razzaq,Umar Akmal,TT Bresnan,0,0,,,,,,,,,
426432,2010,2010-09-22,The Rose Bowl,2,28.6,Pakistan,England,Abdul Razzaq,Umar Akmal,TT Bresnan,1,0,,,,,,,,,
426432,2010,2010-09-22,The Rose Bowl,2,29.1,Pakistan,England,Abdul Razzaq,Umar Akmal,GP Swann,0,1,,1,,,,,,,
426432,2010,2010-09-22,The Rose Bowl,2,29.2,Pakistan,England,Abdul Razzaq,Umar Akmal,GP Swann,1,0,,,,,,,,,
426432,2010,2010-09-22,The Rose Bowl,2,29.3,Pakistan,England,Umar Akmal,Abdul Razzaq,GP Swann,1,0,,,,,,,,,
426432,2010,2010-09-22,The Rose Bowl,2,29.4,Pakistan,England,Abdul Razzaq,Umar Akmal,GP Swann,0,1,,,,1,,,,,
426432,2010,2010-09-22,The Rose Bowl,2,29.5,Pakistan,England,Umar Akmal,Abdul Razzaq,GP Swann,1,0,,,,,,,,,
426432,2010,2010-09-22,The Rose Bowl,2,29.6,Pakistan,England,Abdul Razzaq,Umar Akmal,GP Swann,1,0,,,,,,,,,
426432,2010,2010-09-22,The Rose Bowl,2,29.7,Pakistan,England,Umar Akmal,Abdul Razzaq,GP Swann,1,0,,,,,,,,,
426432,2010,2010-09-22,The Rose Bowl,2,30.1,Pakistan,England,Umar Akmal,Abdul Razzaq,TT Bresnan,1,0,,,,,,,,,
426432,2010,2010-09-22,The Rose Bowl,2,30.2,Pakistan,England,Abdul Razzaq,Umar Akmal,TT Bresnan,0,0,,,,,,,,,
426432,2010,2010-09-22,The Rose Bowl,2,30.3,Pakistan,England,Abdul Razzaq,Umar Akmal,TT Bresnan,0,0,,,,,,,,,
426432,2010,2010-09-22,The Rose Bowl,2,30.4,Pakistan,England,Abdul Razzaq,Umar Akmal,TT Bresnan,0,0,,,,,,,,,
426432,2010,2010-09-22,The Rose Bowl,2,30.5,Pakistan,England,Abdul Razzaq,Umar Akmal,TT Bresnan,1,0,,,,,,,,,
426432,2010,2010-09-22,The Rose Bowl,2,30.6,Pakistan,England,Umar Akmal,Abdul Razzaq,TT Bresnan,0,0,,,,,,,,,
426432,2010,2010-09-22,The Rose Bowl,2,31.1,Pakistan,England,Abdul Razzaq,Umar Akmal,GP Swann,0,0,,,,,,,,,
426432,2010,2010-09-22,The Rose Bowl,2,31.2,Pakistan,England,Abdul Razzaq,Umar Akmal,GP Swann,0,0,,,,,,,,,
426432,2010,2010-09-22,The Rose Bowl,2,31.3,Pakistan,England,Abdul Razzaq,Umar Akmal,GP Swann,1,0,,,,,,,,,
426432,2010,2010-09-22,The Rose Bowl,2,31.4,Pakistan,England,Umar Akmal,Abdul Razzaq,GP Swann,0,0,,,,,,,,,
426432,2010,2010-09-22,The Rose Bowl,2,31.5,Pakistan,England,Umar Akmal,Abdul Razzaq,GP Swann,1,0,,,,,,,,,
426432,2010,2010-09-22,The Rose Bowl,2,31.6,Pakistan,England,Abdul Razzaq,Umar Akmal,GP Swann,0,0,,,,,,,,,
426432,2010,2010-09-22,The Rose Bowl,2,32.1,Pakistan,England,Umar Akmal,Abdul Razzaq,PD Collingwood,4,0,,,,,,,,,
426432,2010,2010-09-22,The Rose Bowl,2,32.2,Pakistan,England,Umar Akmal,Abdul Razzaq,PD Collingwood,0,0,,,,,,,,,
426432,2010,2010-09-22,The Rose Bowl,2,32.3,Pakistan,England,Umar Akmal,Abdul Razzaq,PD Collingwood,0,0,,,,,,caught and bowled,Umar Akmal,,
426432,2010,2010-09-22,The Rose Bowl,2,32.4,Pakistan,England,Umar Gul,Abdul Razzaq,PD Collingwood,0,0,,,,,,,,,
426432,2010,2010-09-22,The Rose Bowl,2,32.5,Pakistan,England,Umar Gul,Abdul Razzaq,PD Collingwood,0,0,,,,,,,,,
426432,2010,2010-09-22,The Rose Bowl,2,32.6,Pakistan,England,Umar Gul,Abdul Razzaq,PD Collingwood,4,0,,,,,,,,,
426432,2010,2010-09-22,The Rose Bowl,2,33.1,Pakistan,England,Abdul Razzaq,Umar Gul,GP Swann,1,0,,,,,,,,,
426432,2010,2010-09-22,The Rose Bowl,2,33.2,Pakistan,England,Umar Gul,Abdul Razzaq,GP Swann,0,0,,,,,,,,,
426432,2010,2010-09-22,The Rose Bowl,2,33.3,Pakistan,England,Umar Gul,Abdul Razzaq,GP Swann,0,0,,,,,,,,,
426432,2010,2010-09-22,The Rose Bowl,2,33.4,Pakistan,England,Umar Gul,Abdul Razzaq,GP Swann,0,0,,,,,,,,,
426432,2010,2010-09-22,The Rose Bowl,2,33.5,Pakistan,England,Umar Gul,Abdul Razzaq,GP Swann,1,0,,,,,,,,,
426432,2010,2010-09-22,The Rose Bowl,2,33.6,Pakistan,England,Abdul Razzaq,Umar Gul,GP Swann,0,0,,,,,,,,,
426432,2010,2010-09-22,The Rose Bowl,2,34.1,Pakistan,England,Umar Gul,Abdul Razzaq,SCJ Broad,0,0,,,,,,,,,
426432,2010,2010-09-22,The Rose Bowl,2,34.2,Pakistan,England,Umar Gul,Abdul Razzaq,SCJ Broad,1,0,,,,,,,,,
426432,2010,2010-09-22,The Rose Bowl,2,34.3,Pakistan,England,Abdul Razzaq,Umar Gul,SCJ Broad,1,0,,,,,,,,,
426432,2010,2010-09-22,The Rose Bowl,2,34.4,Pakistan,England,Umar Gul,Abdul Razzaq,SCJ Broad,0,0,,,,,,,,,
426432,2010,2010-09-22,The Rose Bowl,2,34.5,Pakistan,England,Umar Gul,Abdul Razzaq,SCJ Broad,0,0,,,,,,,,,
426432,2010,2010-09-22,The Rose Bowl,2,34.6,Pakistan,England,Umar Gul,Abdul Razzaq,SCJ Broad,0,0,,,,,,,,,
426432,2010,2010-09-22,The Rose Bowl,2,35.1,Pakistan,England,Abdul Razzaq,Umar Gul,GP Swann,1,0,,,,,,,,,
426432,2010,2010-09-22,The Rose Bowl,2,35.2,Pakistan,England,Umar Gul,Abdul Razzaq,GP Swann,0,0,,,,,,run out,Umar Gul,,
426432,2010,2010-09-22,The Rose Bowl,2,35.3,Pakistan,England,Abdul Razzaq,Saeed Ajmal,GP Swann,1,0,,,,,,,,,
426432,2010,2010-09-22,The Rose Bowl,2,35.4,Pakistan,England,Saeed Ajmal,Abdul Razzaq,GP Swann,1,0,,,,,,,,,
426432,2010,2010-09-22,The Rose Bowl,2,35.5,Pakistan,England,Abdul Razzaq,Saeed Ajmal,GP Swann,0,0,,,,,,,,,
426432,2010,2010-09-22,The Rose Bowl,2,35.6,Pakistan,England,Abdul Razzaq,Saeed Ajmal,GP Swann,1,0,,,,,,,,,
426432,2010,2010-09-22,The Rose Bowl,2,36.1,Pakistan,England,Abdul Razzaq,Saeed Ajmal,SCJ Broad,1,0,,,,,,,,,
426432,2010,2010-09-22,The Rose Bowl,2,36.2,Pakistan,England,Saeed Ajmal,Abdul Razzaq,SCJ Broad,1,0,,,,,,,,,
426432,2010,2010-09-22,The Rose Bowl,2,36.3,Pakistan,England,Abdul Razzaq,Saeed Ajmal,SCJ Broad,0,0,,,,,,,,,
426432,2010,2010-09-22,The Rose Bowl,2,36.4,Pakistan,England,Abdul Razzaq,Saeed Ajmal,SCJ Broad,0,0,,,,,,run out,Saeed Ajmal,,
426432,2010,2010-09-22,The Rose Bowl,2,36.5,Pakistan,England,Shoaib Akhtar,Abdul Razzaq,SCJ Broad,0,0,,,,,,,,,
426432,2010,2010-09-22,The Rose Bowl,2,36.6,Pakistan,England,Shoaib Akhtar,Abdul Razzaq,SCJ Broad,0,0,,,,,,caught,Shoaib Akhtar,,
