match_id,season,start_date,venue,innings,ball,batting_team,bowling_team,striker,non_striker,bowler,runs_off_bat,extras,wides,noballs,byes,legbyes,penalty,wicket_type,player_dismissed,other_wicket_type,other_player_dismissed
426720,2009/10,2009-11-03,Sheikh Zayed Stadium,1,0.1,Pakistan,New Zealand,Salman Butt,Khalid Latif,SE Bond,0,0,,,,,,,,,
426720,2009/10,2009-11-03,Sheikh Zayed Stadium,1,0.2,Pakistan,New Zealand,Salman Butt,Khalid Latif,SE Bond,0,0,,,,,,,,,
426720,2009/10,2009-11-03,Sheikh Zayed Stadium,1,0.3,Pakistan,New Zealand,Salman Butt,Khalid Latif,SE Bond,0,0,,,,,,,,,
426720,2009/10,2009-11-03,Sheikh Zayed Stadium,1,0.4,Pakistan,New Zealand,Salman Butt,Khalid Latif,SE Bond,0,0,,,,,,caught,Salman Butt,,
426720,2009/10,2009-11-03,Sheikh Zayed Stadium,1,0.5,Pakistan,New Zealand,Younis Khan,Khalid Latif,SE Bond,0,0,,,,,,,,,
426720,2009/10,2009-11-03,Sheikh Zayed Stadium,1,0.6,Pakistan,New Zealand,Younis Khan,Khalid Latif,SE Bond,0,0,,,,,,,,,
426720,2009/10,2009-11-03,Sheikh Zayed Stadium,1,1.1,Pakistan,New Zealand,Khalid Latif,Younis Khan,TG Southee,0,0,,,,,,,,,
426720,2009/10,2009-11-03,Sheikh Zayed Stadium,1,1.2,Pakistan,New Zealand,Khalid Latif,Younis Khan,TG Southee,0,0,,,,,,,,,
426720,2009/10,2009-11-03,Sheikh Zayed Stadium,1,1.3,Pakistan,New Zealand,Khalid Latif,Younis Khan,TG Southee,0,0,,,,,,,,,
426720,2009/10,2009-11-03,Sheikh Zayed Stadium,1,1.4,Pakistan,New Zealand,Khalid Latif,Younis Khan,TG Southee,0,0,,,,,,,,,
426720,2009/10,2009-11-03,Sheikh Zayed Stadium,1,1.5,Pakistan,New Zealand,Khalid Latif,Younis Khan,TG Southee,0,0,,,,,,,,,
426720,2009/10,2009-11-03,Sheikh Zayed Stadium,1,1.6,Pakistan,New Zealand,Khalid Latif,Younis Khan,TG Southee,0,0,,,,,,,,,
426720,2009/10,2009-11-03,Sheikh Zayed Stadium,1,2.1,Pakistan,New Zealand,Younis Khan,Khalid Latif,SE Bond,0,0,,,,,,caught,Younis Khan,,
426720,2009/10,2009-11-03,Sheikh Zayed Stadium,1,2.2,Pakistan,New Zealand,Mohammad Yousuf,Khalid Latif,SE Bond,0,0,,,,,,,,,
426720,2009/10,2009-11-03,Sheikh Zayed Stadium,1,2.3,Pakistan,New Zealand,Mohammad Yousuf,Khalid Latif,SE Bond,0,0,,,,,,,,,
426720,2009/10,2009-11-03,Sheikh Zayed Stadium,1,2.4,Pakistan,New Zealand,Mohammad Yousuf,Khalid Latif,SE Bond,1,0,,,,,,,,,
426720,2009/10,2009-11-03,Sheikh Zayed Stadium,1,2.5,Pakistan,New Zealand,Khalid Latif,Mohammad Yousuf,SE Bond,2,0,,,,,,,,,
426720,2009/10,2009-11-03,Sheikh Zayed Stadium,1,2.6,Pakistan,New Zealand,Khalid Latif,Mohammad Yousuf,SE Bond,4,0,,,,,,,,,
426720,2009/10,2009-11-03,Sheikh Zayed Stadium,1,3.1,Pakistan,New Zealand,Mohammad Yousuf,Khalid Latif,TG Southee,1,0,,,,,,,,,
426720,2009/10,2009-11-03,Sheikh Zayed Stadium,1,3.2,Pakistan,New Zealand,Khalid Latif,Mohammad Yousuf,TG Southee,0,0,,,,,,,,,
426720,2009/10,2009-11-03,Sheikh Zayed Stadium,1,3.3,Pakistan,New Zealand,Khalid Latif,Mohammad Yousuf,TG Southee,0,0,,,,,,,,,
426720,2009/10,2009-11-03,Sheikh Zayed Stadium,1,3.4,Pakistan,New Zealand,Khalid Latif,Mohammad Yousuf,TG Southee,0,0,,,,,,,,,
426720,2009/10,2009-11-03,Sheikh Zayed Stadium,1,3.5,Pakistan,New Zealand,Khalid Latif,Mohammad Yousuf,TG Southee,0,0,,,,,,,,,
426720,2009/10,2009-11-03,Sheikh Zayed Stadium,1,3.6,Pakistan,New Zealand,Khalid Latif,Mohammad Yousuf,TG Southee,3,0,,,,,,,,,
426720,2009/10,2009-11-03,Sheikh Zayed Stadium,1,4.1,Pakistan,New Zealand,Khalid Latif,Mohammad Yousuf,SE Bond,1,0,,,,,,,,,
426720,2009/10,2009-11-03,Sheikh Zayed Stadium,1,4.2,Pakistan,New Zealand,Mohammad Yousuf,Khalid Latif,SE Bond,0,0,,,,,,,,,
426720,2009/10,2009-11-03,Sheikh Zayed Stadium,1,4.3,Pakistan,New Zealand,Mohammad Yousuf,Khalid Latif,SE Bond,0,0,,,,,,,,,
426720,2009/10,2009-11-03,Sheikh Zayed Stadium,1,4.4,Pakistan,New Zealand,Mohammad Yousuf,Khalid Latif,SE Bond,1,0,,,,,,,,,
426720,2009/10,2009-11-03,Sheikh Zayed Stadium,1,4.5,Pakistan,New Zealand,Khalid Latif,Mohammad Yousuf,SE Bond,0,2,,,,2,,,,,
426720,2009/10,2009-11-03,Sheikh Zayed Stadium,1,4.6,Pakistan,New Zealand,Khalid Latif,Mohammad Yousuf,SE Bond,0,0,,,,,,,,,
426720,2009/10,2009-11-03,Sheikh Zayed Stadium,1,5.1,Pakistan,New Zealand,Mohammad Yousuf,Khalid Latif,TG Southee,0,0,,,,,,,,,
426720,2009/10,2009-11-03,Sheikh Zayed Stadium,1,5.2,Pakistan,New Zealand,Mohammad Yousuf,Khalid Latif,TG Southee,0,0,,,,,,,,,
426720,2009/10,2009-11-03,Sheikh Zayed Stadium,1,5.3,Pakistan,New Zealand,Mohammad Yousuf,Khalid Latif,TG Southee,0,0,,,,,,,,,
426720,2009/10,2009-11-03,Sheikh Zayed Stadium,1,5.4,Pakistan,New Zealand,Mohammad Yousuf,Khalid Latif,TG Southee,0,0,,,,,,,,,
426720,2009/10,2009-11-03,Sheikh Zayed Stadium,1,5.5,Pakistan,New Zealand,Mohammad Yousuf,Khalid Latif,TG Southee,0,0,,,,,,,,,
426720,2009/10,2009-11-03,Sheikh Zayed Stadium,1,5.6,Pakistan,New Zealand,Mohammad Yousuf,Khalid Latif,TG Southee,0,0,,,,,,,,,
426720,2009/10,2009-11-03,Sheikh Zayed Stadium,1,6.1,Pakistan,New Zealand,Khalid Latif,Mohammad Yousuf,SE Bond,0,0,,,,,,,,,
426720,2009/10,2009-11-03,Sheikh Zayed Stadium,1,6.2,Pakistan,New Zealand,Khalid Latif,Mohammad Yousuf,SE Bond,0,0,,,,,,,,,
426720,2009/10,2009-11-03,Sheikh Zayed Stadium,1,6.3,Pakistan,New Zealand,Khalid Latif,Mohammad Yousuf,SE Bond,0,0,,,,,,,,,
426720,2009/10,2009-11-03,Sheikh Zayed Stadium,1,6.4,Pakistan,New Zealand,Khalid Latif,Mohammad Yousuf,SE Bond,0,0,,,,,,,,,
426720,2009/10,2009-11-03,Sheikh Zayed Stadium,1,6.5,Pakistan,New Zealand,Khalid Latif,Mohammad Yousuf,SE Bond,0,0,,,,,,,,,
426720,2009/10,2009-11-03,Sheikh Zayed Stadium,1,6.6,Pakistan,New Zealand,Khalid Latif,Mohammad Yousuf,SE Bond,0,0,,,,,,,,,
426720,2009/10,2009-11-03,Sheikh Zayed Stadium,1,7.1,Pakistan,New Zealand,Mohammad Yousuf,Khalid Latif,TG Southee,0,0,,,,,,,,,
426720,2009/10,2009-11-03,Sheikh Zayed Stadium,1,7.2,Pakistan,New Zealand,Mohammad Yousuf,Khalid Latif,TG Southee,0,0,,,,,,,,,
426720,2009/10,2009-11-03,Sheikh Zayed Stadium,1,7.3,Pakistan,New Zealand,Mohammad Yousuf,Khalid Latif,TG Southee,1,0,,,,,,,,,
426720,2009/10,2009-11-03,Sheikh Zayed Stadium,1,7.4,Pakistan,New Zealand,Khalid Latif,Mohammad Yousuf,TG Southee,1,0,,,,,,,,,
426720,2009/10,2009-11-03,Sheikh Zayed Stadium,1,7.5,Pakistan,New Zealand,Mohammad Yousuf,Khalid Latif,TG Southee,0,0,,,,,,,,,
426720,2009/10,2009-11-03,Sheikh Zayed Stadium,1,7.6,Pakistan,New Zealand,Mohammad Yousuf,Khalid Latif,TG Southee,1,0,,,,,,,,,
426720,2009/10,2009-11-03,Sheikh Zayed Stadium,1,8.1,Pakistan,New Zealand,Mohammad Yousuf,Khalid Latif,SE Bond,0,0,,,,,,,,,
426720,2009/10,2009-11-03,Sheikh Zayed Stadium,1,8.2,Pakistan,New Zealand,Mohammad Yousuf,Khalid Latif,SE Bond,0,0,,,,,,,,,
426720,2009/10,2009-11-03,Sheikh Zayed Stadium,1,8.3,Pakistan,New Zealand,Mohammad Yousuf,Khalid Latif,SE Bond,1,0,,,,,,,,,
426720,2009/10,2009-11-03,Sheikh Zayed Stadium,1,8.4,Pakistan,New Zealand,Khalid Latif,Mohammad Yousuf,SE Bond,0,0,,,,,,,,,
426720,2009/10,2009-11-03,Sheikh Zayed Stadium,1,8.5,Pakistan,New Zealand,Khalid Latif,Mohammad Yousuf,SE Bond,0,0,,,,,,,,,
426720,2009/10,2009-11-03,Sheikh Zayed Stadium,1,8.6,Pakistan,New Zealand,Khalid Latif,Mohammad Yousuf,SE Bond,1,0,,,,,,,,,
426720,2009/10,2009-11-03,Sheikh Zayed Stadium,1,9.1,Pakistan,New Zealand,Khalid Latif,Mohammad Yousuf,TG Southee,0,0,,,,,,,,,
426720,2009/10,2009-11-03,Sheikh Zayed Stadium,1,9.2,Pakistan,New Zealand,Khalid Latif,Mohammad Yousuf,TG Southee,0,0,,,,,,,,,
426720,2009/10,2009-11-03,Sheikh Zayed Stadium,1,9.3,Pakistan,New Zealand,Khalid Latif,Mohammad Yousuf,TG Southee,1,0,,,,,,,,,
426720,2009/10,2009-11-03,Sheikh Zayed Stadium,1,9.4,Pakistan,New Zealand,Mohammad Yousuf,Khalid Latif,TG Southee,0,0,,,,,,,,,
426720,2009/10,2009-11-03,Sheikh Zayed Stadium,1,9.5,Pakistan,New Zealand,Mohammad Yousuf,Khalid Latif,TG Southee,4,0,,,,,,,,,
426720,2009/10,2009-11-03,Sheikh Zayed Stadium,1,9.6,Pakistan,New Zealand,Mohammad Yousuf,Khalid Latif,TG Southee,0,0,,,,,,,,,
426720,2009/10,2009-11-03,Sheikh Zayed Stadium,1,10.1,Pakistan,New Zealand,Khalid Latif,Mohammad Yousuf,IG Butler,1,0,,,,,,,,,
426720,2009/10,2009-11-03,Sheikh Zayed Stadium,1,10.2,Pakistan,New Zealand,Mohammad Yousuf,Khalid Latif,IG Butler,0,0,,,,,,,,,
426720,2009/10,2009-11-03,Sheikh Zayed Stadium,1,10.3,Pakistan,New Zealand,Mohammad Yousuf,Khalid Latif,IG Butler,1,0,,,,,,,,,
426720,2009/10,2009-11-03,Sheikh Zayed Stadium,1,10.4,Pakistan,New Zealand,Khalid Latif,Mohammad Yousuf,IG Butler,0,1,,1,,,,,,,
426720,2009/10,2009-11-03,Sheikh Zayed Stadium,1,10.5,Pakistan,New Zealand,Khalid Latif,Mohammad Yousuf,IG Butler,0,0,,,,,,,,,
426720,2009/10,2009-11-03,Sheikh Zayed Stadium,1,10.6,Pakistan,New Zealand,Khalid Latif,Mohammad Yousuf,IG Butler,0,0,,,,,,,,,
426720,2009/10,2009-11-03,Sheikh Zayed Stadium,1,10.7,Pakistan,New Zealand,Khalid Latif,Mohammad Yousuf,IG Butler,0,0,,,,,,,,,
426720,2009/10,2009-11-03,Sheikh Zayed Stadium,1,11.1,Pakistan,New Zealand,Mohammad Yousuf,Khalid Latif,TG Southee,1,0,,,,,,,,,
426720,2009/10,2009-11-03,Sheikh Zayed Stadium,1,11.2,Pakistan,New Zealand,Khalid Latif,Mohammad Yousuf,TG Southee,0,0,,,,,,,,,
426720,2009/10,2009-11-03,Sheikh Zayed Stadium,1,11.3,Pakistan,New Zealand,Khalid Latif,Mohammad Yousuf,TG Southee,0,0,,,,,,,,,
426720,2009/10,2009-11-03,Sheikh Zayed Stadium,1,11.4,Pakistan,New Zealand,Khalid Latif,Mohammad Yousuf,TG Southee,1,0,,,,,,,,,
426720,2009/10,2009-11-03,Sheikh Zayed Stadium,1,11.5,Pakistan,New Zealand,Mohammad Yousuf,Khalid Latif,TG Southee,1,0,,,,,,,,,
426720,2009/10,2009-11-03,Sheikh Zayed Stadium,1,11.6,Pakistan,New Zealand,Khalid Latif,Mohammad Yousuf,TG Southee,1,0,,,,,,,,,
426720,2009/10,2009-11-03,Sheikh Zayed Stadium,1,12.1,Pakistan,New Zealand,Khalid Latif,Mohammad Yousuf,IG Butler,1,0,,,,,,,,,
426720,2009/10,2009-11-03,Sheikh Zayed Stadium,1,12.2,Pakistan,New Zealand,Mohammad Yousuf,Khalid Latif,IG Butler,4,0,,,,,,,,,
426720,2009/10,2009-11-03,Sheikh Zayed Stadium,1,12.3,Pakistan,New Zealand,Mohammad Yousuf,Khalid Latif,IG Butler,1,0,,,,,,,,,
426720,2009/10,2009-11-03,Sheikh Zayed Stadium,1,12.4,Pakistan,New Zealand,Khalid Latif,Mohammad Yousuf,IG Butler,1,0,,,,,,,,,
426720,2009/10,2009-11-03,Sheikh Zayed Stadium,1,12.5,Pakistan,New Zealand,Mohammad Yousuf,Khalid Latif,IG Butler,0,0,,,,,,,,,
426720,2009/10,2009-11-03,Sheikh Zayed Stadium,1,12.6,Pakistan,New Zealand,Mohammad Yousuf,Khalid Latif,IG Butler,0,1,1,,,,,,,,
426720,2009/10,2009-11-03,Sheikh Zayed Stadium,1,12.7,Pakistan,New Zealand,Mohammad Yousuf,Khalid Latif,IG Butler,1,0,,,,,,,,,
426720,2009/10,2009-11-03,Sheikh Zayed Stadium,1,13.1,Pakistan,New Zealand,Mohammad Yousuf,Khalid Latif,JDP Oram,0,0,,,,,,,,,
426720,2009/10,2009-11-03,Sheikh Zayed Stadium,1,13.2,Pakistan,New Zealand,Mohammad Yousuf,Khalid Latif,JDP Oram,0,0,,,,,,,,,
426720,2009/10,2009-11-03,Sheikh Zayed Stadium,1,13.3,Pakistan,New Zealand,Mohammad Yousuf,Khalid Latif,JDP Oram,1,0,,,,,,,,,
426720,2009/10,2009-11-03,Sheikh Zayed Stadium,1,13.4,Pakistan,New Zealand,Khalid Latif,Mohammad Yousuf,JDP Oram,0,0,,,,,,,,,
426720,2009/10,2009-11-03,Sheikh Zayed Stadium,1,13.5,Pakistan,New Zealand,Khalid Latif,Mohammad Yousuf,JDP Oram,1,0,,,,,,,,,
426720,2009/10,2009-11-03,Sheikh Zayed Stadium,1,13.6,Pakistan,New Zealand,Mohammad Yousuf,Khalid Latif,JDP Oram,0,0,,,,,,,,,
426720,2009/10,2009-11-03,Sheikh Zayed Stadium,1,14.1,Pakistan,New Zealand,Khalid Latif,Mohammad Yousuf,IG Butler,0,1,1,,,,,,,,
426720,2009/10,2009-11-03,Sheikh Zayed Stadium,1,14.2,Pakistan,New Zealand,Khalid Latif,Mohammad Yousuf,IG Butler,1,0,,,,,,,,,
426720,2009/10,2009-11-03,Sheikh Zayed Stadium,1,14.3,Pakistan,New Zealand,Mohammad Yousuf,Khalid Latif,IG Butler,0,0,,,,,,,,,
426720,2009/10,2009-11-03,Sheikh Zayed Stadium,1,14.4,Pakistan,New Zealand,Mohammad Yousuf,Khalid Latif,IG Butler,1,0,,,,,,,,,
426720,2009/10,2009-11-03,Sheikh Zayed Stadium,1,14.5,Pakistan,New Zealand,Khalid Latif,Mohammad Yousuf,IG Butler,1,0,,,,,,,,,
426720,2009/10,2009-11-03,Sheikh Zayed Stadium,1,14.6,Pakistan,New Zealand,Mohammad Yousuf,Khalid Latif,IG Butler,1,0,,,,,,,,,
426720,2009/10,2009-11-03,Sheikh Zayed Stadium,1,14.7,Pakistan,New Zealand,Khalid Latif,Mohammad Yousuf,IG Butler,0,0,,,,,,,,,
426720,2009/10,2009-11-03,Sheikh Zayed Stadium,1,15.1,Pakistan,New Zealand,Mohammad Yousuf,Khalid Latif,DL Vettori,0,0,,,,,,,,,
426720,2009/10,2009-11-03,Sheikh Zayed Stadium,1,15.2,Pakistan,New Zealand,Mohammad Yousuf,Khalid Latif,DL Vettori,0,0,,,,,,,,,
426720,2009/10,2009-11-03,Sheikh Zayed Stadium,1,15.3,Pakistan,New Zealand,Mohammad Yousuf,Khalid Latif,DL Vettori,0,0,,,,,,,,,
426720,2009/10,2009-11-03,Sheikh Zayed Stadium,1,15.4,Pakistan,New Zealand,Mohammad Yousuf,Khalid Latif,DL Vettori,0,0,,,,,,,,,
426720,2009/10,2009-11-03,Sheikh Zayed Stadium,1,15.5,Pakistan,New Zealand,Mohammad Yousuf,Khalid Latif,DL Vettori,0,0,,,,,,,,,
426720,2009/10,2009-11-03,Sheikh Zayed Stadium,1,15.6,Pakistan,New Zealand,Mohammad Yousuf,Khalid Latif,DL Vettori,0,0,,,,,,,,,
426720,2009/10,2009-11-03,Sheikh Zayed Stadium,1,16.1,Pakistan,New Zealand,Khalid Latif,Mohammad Yousuf,JDP Oram,0,0,,,,,,,,,
426720,2009/10,2009-11-03,Sheikh Zayed Stadium,1,16.2,Pakistan,New Zealand,Khalid Latif,Mohammad Yousuf,JDP Oram,1,0,,,,,,,,,
426720,2009/10,2009-11-03,Sheikh Zayed Stadium,1,16.3,Pakistan,New Zealand,Mohammad Yousuf,Khalid Latif,JDP Oram,4,0,,,,,,,,,
426720,2009/10,2009-11-03,Sheikh Zayed Stadium,1,16.4,Pakistan,New Zealand,Mohammad Yousuf,Khalid Latif,JDP Oram,4,0,,,,,,,,,
426720,2009/10,2009-11-03,Sheikh Zayed Stadium,1,16.5,Pakistan,New Zealand,Mohammad Yousuf,Khalid Latif,JDP Oram,0,0,,,,,,,,,
426720,2009/10,2009-11-03,Sheikh Zayed Stadium,1,16.6,Pakistan,New Zealand,Mohammad Yousuf,Khalid Latif,JDP Oram,0,0,,,,,,run out,Mohammad Yousuf,,
426720,2009/10,2009-11-03,Sheikh Zayed Stadium,1,17.1,Pakistan,New Zealand,Umar Akmal,Khalid Latif,DL Vettori,0,0,,,,,,,,,
426720,2009/10,2009-11-03,Sheikh Zayed Stadium,1,17.2,Pakistan,New Zealand,Umar Akmal,Khalid Latif,DL Vettori,1,0,,,,,,,,,
426720,2009/10,2009-11-03,Sheikh Zayed Stadium,1,17.3,Pakistan,New Zealand,Khalid Latif,Umar Akmal,DL Vettori,0,0,,,,,,,,,
426720,2009/10,2009-11-03,Sheikh Zayed Stadium,1,17.4,Pakistan,New Zealand,Khalid Latif,Umar Akmal,DL Vettori,0,0,,,,,,,,,
426720,2009/10,2009-11-03,Sheikh Zayed Stadium,1,17.5,Pakistan,New Zealand,Khalid Latif,Umar Akmal,DL Vettori,0,0,,,,,,,,,
426720,2009/10,2009-11-03,Sheikh Zayed Stadium,1,17.6,Pakistan,New Zealand,Khalid Latif,Umar Akmal,DL Vettori,1,0,,,,,,,,,
426720,2009/10,2009-11-03,Sheikh Zayed Stadium,1,18.1,Pakistan,New Zealand,Khalid Latif,Umar Akmal,JDP Oram,0,0,,,,,,,,,
426720,2009/10,2009-11-03,Sheikh Zayed Stadium,1,18.2,Pakistan,New Zealand,Khalid Latif,Umar Akmal,JDP Oram,0,0,,,,,,,,,
426720,2009/10,2009-11-03,Sheikh Zayed Stadium,1,18.3,Pakistan,New Zealand,Khalid Latif,Umar Akmal,JDP Oram,0,0,,,,,,,,,
426720,2009/10,2009-11-03,Sheikh Zayed Stadium,1,18.4,Pakistan,New Zealand,Khalid Latif,Umar Akmal,JDP Oram,1,0,,,,,,,,,
426720,2009/10,2009-11-03,Sheikh Zayed Stadium,1,18.5,Pakistan,New Zealand,Umar Akmal,Khalid Latif,JDP Oram,1,0,,,,,,,,,
426720,2009/10,2009-11-03,Sheikh Zayed Stadium,1,18.6,Pakistan,New Zealand,Khalid Latif,Umar Akmal,JDP Oram,0,0,,,,,,,,,
426720,2009/10,2009-11-03,Sheikh Zayed Stadium,1,19.1,Pakistan,New Zealand,Umar Akmal,Khalid Latif,DL Vettori,0,0,,,,,,,,,
426720,2009/10,2009-11-03,Sheikh Zayed Stadium,1,19.2,Pakistan,New Zealand,Umar Akmal,Khalid Latif,DL Vettori,0,0,,,,,,,,,
426720,2009/10,2009-11-03,Sheikh Zayed Stadium,1,19.3,Pakistan,New Zealand,Umar Akmal,Khalid Latif,DL Vettori,0,0,,,,,,,,,
426720,2009/10,2009-11-03,Sheikh Zayed Stadium,1,19.4,Pakistan,New Zealand,Umar Akmal,Khalid Latif,DL Vettori,0,0,,,,,,,,,
426720,2009/10,2009-11-03,Sheikh Zayed Stadium,1,19.5,Pakistan,New Zealand,Umar Akmal,Khalid Latif,DL Vettori,1,0,,,,,,,,,
426720,2009/10,2009-11-03,Sheikh Zayed Stadium,1,19.6,Pakistan,New Zealand,Khalid Latif,Umar Akmal,DL Vettori,0,0,,,,,,,,,
426720,2009/10,2009-11-03,Sheikh Zayed Stadium,1,20.1,Pakistan,New Zealand,Umar Akmal,Khalid Latif,JDP Oram,0,0,,,,,,,,,
426720,2009/10,2009-11-03,Sheikh Zayed Stadium,1,20.2,Pakistan,New Zealand,Umar Akmal,Khalid Latif,JDP Oram,1,0,,,,,,,,,
426720,2009/10,2009-11-03,Sheikh Zayed Stadium,1,20.3,Pakistan,New Zealand,Khalid Latif,Umar Akmal,JDP Oram,0,0,,,,,,,,,
426720,2009/10,2009-11-03,Sheikh Zayed Stadium,1,20.4,Pakistan,New Zealand,Khalid Latif,Umar Akmal,JDP Oram,0,0,,,,,,,,,
426720,2009/10,2009-11-03,Sheikh Zayed Stadium,1,20.5,Pakistan,New Zealand,Khalid Latif,Umar Akmal,JDP Oram,0,0,,,,,,,,,
426720,2009/10,2009-11-03,Sheikh Zayed Stadium,1,20.6,Pakistan,New Zealand,Khalid Latif,Umar Akmal,JDP Oram,2,0,,,,,,,,,
426720,2009/10,2009-11-03,Sheikh Zayed Stadium,1,21.1,Pakistan,New Zealand,Umar Akmal,Khalid Latif,DL Vettori,2,0,,,,,,,,,
426720,2009/10,2009-11-03,Sheikh Zayed Stadium,1,21.2,Pakistan,New Zealand,Umar Akmal,Khalid Latif,DL Vettori,0,0,,,,,,,,,
426720,2009/10,2009-11-03,Sheikh Zayed Stadium,1,21.3,Pakistan,New Zealand,Umar Akmal,Khalid Latif,DL Vettori,0,0,,,,,,,,,
426720,2009/10,2009-11-03,Sheikh Zayed Stadium,1,21.4,Pakistan,New Zealand,Umar Akmal,Khalid Latif,DL Vettori,1,0,,,,,,,,,
426720,2009/10,2009-11-03,Sheikh Zayed Stadium,1,21.5,Pakistan,New Zealand,Khalid Latif,Umar Akmal,DL Vettori,0,0,,,,,,,,,
426720,2009/10,2009-11-03,Sheikh Zayed Stadium,1,21.6,Pakistan,New Zealand,Khalid Latif,Umar Akmal,DL Vettori,1,0,,,,,,,,,
426720,2009/10,2009-11-03,Sheikh Zayed Stadium,1,22.1,Pakistan,New Zealand,Khalid Latif,Umar Akmal,JDP Oram,1,0,,,,,,,,,
426720,2009/10,2009-11-03,Sheikh Zayed Stadium,1,22.2,Pakistan,New Zealand,Umar Akmal,Khalid Latif,JDP Oram,0,0,,,,,,,,,
426720,2009/10,2009-11-03,Sheikh Zayed Stadium,1,22.3,Pakistan,New Zealand,Umar Akmal,Khalid Latif,JDP Oram,1,0,,,,,,,,,
426720,2009/10,2009-11-03,Sheikh Zayed Stadium,1,22.4,Pakistan,New Zealand,Khalid Latif,Umar Akmal,JDP Oram,1,0,,,,,,,,,
426720,2009/10,2009-11-03,Sheikh Zayed Stadium,1,22.5,Pakistan,New Zealand,Umar Akmal,Khalid Latif,JDP Oram,1,0,,,,,,,,,
426720,2009/10,2009-11-03,Sheikh Zayed Stadium,1,22.6,Pakistan,New Zealand,Khalid Latif,Umar Akmal,JDP Oram,1,0,,,,,,,,,
426720,2009/10,2009-11-03,Sheikh Zayed Stadium,1,23.1,Pakistan,New Zealand,Khalid Latif,Umar Akmal,DL Vettori,0,0,,,,,,,,,
426720,2009/10,2009-11-03,Sheikh Zayed Stadium,1,23.2,Pakistan,New Zealand,Khalid Latif,Umar Akmal,DL Vettori,1,0,,,,,,,,,
426720,2009/10,2009-11-03,Sheikh Zayed Stadium,1,23.3,Pakistan,New Zealand,Umar Akmal,Khalid Latif,DL Vettori,0,0,,,,,,bowled,Umar Akmal,,
426720,2009/10,2009-11-03,Sheikh Zayed Stadium,1,23.4,Pakistan,New Zealand,Shahid Afridi,Khalid Latif,DL Vettori,1,0,,,,,,,,,
426720,2009/10,2009-11-03,Sheikh Zayed Stadium,1,23.5,Pakistan,New Zealand,Khalid Latif,Shahid Afridi,DL Vettori,0,0,,,,,,,,,
426720,2009/10,2009-11-03,Sheikh Zayed Stadium,1,23.6,Pakistan,New Zealand,Khalid Latif,Shahid Afridi,DL Vettori,1,0,,,,,,,,,
426720,2009/10,2009-11-03,Sheikh Zayed Stadium,1,24.1,Pakistan,New Zealand,Khalid Latif,Shahid Afridi,JDP Oram,0,1,1,,,,,,,,
426720,2009/10,2009-11-03,Sheikh Zayed Stadium,1,24.2,Pakistan,New Zealand,Khalid Latif,Shahid Afridi,JDP Oram,0,0,,,,,,,,,
426720,2009/10,2009-11-03,Sheikh Zayed Stadium,1,24.3,Pakistan,New Zealand,Khalid Latif,Shahid Afridi,JDP Oram,1,0,,,,,,,,,
426720,2009/10,2009-11-03,Sheikh Zayed Stadium,1,24.4,Pakistan,New Zealand,Shahid Afridi,Khalid Latif,JDP Oram,0,0,,,,,,,,,
426720,2009/10,2009-11-03,Sheikh Zayed Stadium,1,24.5,Pakistan,New Zealand,Shahid Afridi,Khalid Latif,JDP Oram,0,0,,,,,,,,,
426720,2009/10,2009-11-03,Sheikh Zayed Stadium,1,24.6,Pakistan,New Zealand,Shahid Afridi,Khalid Latif,JDP Oram,0,0,,,,,,,,,
426720,2009/10,2009-11-03,Sheikh Zayed Stadium,1,24.7,Pakistan,New Zealand,Shahid Afridi,Khalid Latif,JDP Oram,2,0,,,,,,,,,
426720,2009/10,2009-11-03,Sheikh Zayed Stadium,1,25.1,Pakistan,New Zealand,Khalid Latif,Shahid Afridi,DL Vettori,1,0,,,,,,,,,
426720,2009/10,2009-11-03,Sheikh Zayed Stadium,1,25.2,Pakistan,New Zealand,Shahid Afridi,Khalid Latif,DL Vettori,1,0,,,,,,,,,
426720,2009/10,2009-11-03,Sheikh Zayed Stadium,1,25.3,Pakistan,New Zealand,Khalid Latif,Shahid Afridi,DL Vettori,0,0,,,,,,,,,
426720,2009/10,2009-11-03,Sheikh Zayed Stadium,1,25.4,Pakistan,New Zealand,Khalid Latif,Shahid Afridi,DL Vettori,0,0,,,,,,,,,
426720,2009/10,2009-11-03,Sheikh Zayed Stadium,1,25.5,Pakistan,New Zealand,Khalid Latif,Shahid Afridi,DL Vettori,0,0,,,,,,,,,
426720,2009/10,2009-11-03,Sheikh Zayed Stadium,1,25.6,Pakistan,New Zealand,Khalid Latif,Shahid Afridi,DL Vettori,0,0,,,,,,,,,
426720,2009/10,2009-11-03,Sheikh Zayed Stadium,1,26.1,Pakistan,New Zealand,Shahid Afridi,Khalid Latif,NL McCullum,1,0,,,,,,,,,
426720,2009/10,2009-11-03,Sheikh Zayed Stadium,1,26.2,Pakistan,New Zealand,Khalid Latif,Shahid Afridi,NL McCullum,1,0,,,,,,,,,
426720,2009/10,2009-11-03,Sheikh Zayed Stadium,1,26.3,Pakistan,New Zealand,Shahid Afridi,Khalid Latif,NL McCullum,0,0,,,,,,,,,
426720,2009/10,2009-11-03,Sheikh Zayed Stadium,1,26.4,Pakistan,New Zealand,Shahid Afridi,Khalid Latif,NL McCullum,1,0,,,,,,,,,
426720,2009/10,2009-11-03,Sheikh Zayed Stadium,1,26.5,Pakistan,New Zealand,Khalid Latif,Shahid Afridi,NL McCullum,1,0,,,,,,,,,
426720,2009/10,2009-11-03,Sheikh Zayed Stadium,1,26.6,Pakistan,New Zealand,Shahid Afridi,Khalid Latif,NL McCullum,2,0,,,,,,,,,
426720,2009/10,2009-11-03,Sheikh Zayed Stadium,1,27.1,Pakistan,New Zealand,Khalid Latif,Shahid Afridi,DL Vettori,1,0,,,,,,,,,
426720,2009/10,2009-11-03,Sheikh Zayed Stadium,1,27.2,Pakistan,New Zealand,Shahid Afridi,Khalid Latif,DL Vettori,1,0,,,,,,,,,
426720,2009/10,2009-11-03,Sheikh Zayed Stadium,1,27.3,Pakistan,New Zealand,Khalid Latif,Shahid Afridi,DL Vettori,1,0,,,,,,,,,
426720,2009/10,2009-11-03,Sheikh Zayed Stadium,1,27.4,Pakistan,New Zealand,Shahid Afridi,Khalid Latif,DL Vettori,0,0,,,,,,,,,
426720,2009/10,2009-11-03,Sheikh Zayed Stadium,1,27.5,Pakistan,New Zealand,Shahid Afridi,Khalid Latif,DL Vettori,0,0,,,,,,,,,
426720,2009/10,2009-11-03,Sheikh Zayed Stadium,1,27.6,Pakistan,New Zealand,Shahid Afridi,Khalid Latif,DL Vettori,1,0,,,,,,,,,
426720,2009/10,2009-11-03,Sheikh Zayed Stadium,1,28.1,Pakistan,New Zealand,Shahid Afridi,Khalid Latif,NL McCullum,0,0,,,,,,,,,
426720,2009/10,2009-11-03,Sheikh Zayed Stadium,1,28.2,Pakistan,New Zealand,Shahid Afridi,Khalid Latif,NL McCullum,2,0,,,,,,,,,
426720,2009/10,2009-11-03,Sheikh Zayed Stadium,1,28.3,Pakistan,New Zealand,Shahid Afridi,Khalid Latif,NL McCullum,1,0,,,,,,,,,
426720,2009/10,2009-11-03,Sheikh Zayed Stadium,1,28.4,Pakistan,New Zealand,Khalid Latif,Shahid Afridi,NL McCullum,0,0,,,,,,,,,
426720,2009/10,2009-11-03,Sheikh Zayed Stadium,1,28.5,Pakistan,New Zealand,Khalid Latif,Shahid Afridi,NL McCullum,4,0,,,,,,,,,
426720,2009/10,2009-11-03,Sheikh Zayed Stadium,1,28.6,Pakistan,New Zealand,Khalid Latif,Shahid Afridi,NL McCullum,1,0,,,,,,,,,
426720,2009/10,2009-11-03,Sheikh Zayed Stadium,1,29.1,Pakistan,New Zealand,Khalid Latif,Shahid Afridi,DL Vettori,0,0,,,,,,,,,
426720,2009/10,2009-11-03,Sheikh Zayed Stadium,1,29.2,Pakistan,New Zealand,Khalid Latif,Shahid Afridi,DL Vettori,1,0,,,,,,,,,
426720,2009/10,2009-11-03,Sheikh Zayed Stadium,1,29.3,Pakistan,New Zealand,Shahid Afridi,Khalid Latif,DL Vettori,6,0,,,,,,,,,
426720,2009/10,2009-11-03,Sheikh Zayed Stadium,1,29.4,Pakistan,New Zealand,Shahid Afridi,Khalid Latif,DL Vettori,1,0,,,,,,,,,
426720,2009/10,2009-11-03,Sheikh Zayed Stadium,1,29.5,Pakistan,New Zealand,Khalid Latif,Shahid Afridi,DL Vettori,1,0,,,,,,,,,
426720,2009/10,2009-11-03,Sheikh Zayed Stadium,1,29.6,Pakistan,New Zealand,Shahid Afridi,Khalid Latif,DL Vettori,1,0,,,,,,,,,
426720,2009/10,2009-11-03,Sheikh Zayed Stadium,1,30.1,Pakistan,New Zealand,Shahid Afridi,Khalid Latif,NL McCullum,6,0,,,,,,,,,
426720,2009/10,2009-11-03,Sheikh Zayed Stadium,1,30.2,Pakistan,New Zealand,Shahid Afridi,Khalid Latif,NL McCullum,0,0,,,,,,,,,
426720,2009/10,2009-11-03,Sheikh Zayed Stadium,1,30.3,Pakistan,New Zealand,Shahid Afridi,Khalid Latif,NL McCullum,6,0,,,,,,,,,
426720,2009/10,2009-11-03,Sheikh Zayed Stadium,1,30.4,Pakistan,New Zealand,Shahid Afridi,Khalid Latif,NL McCullum,1,0,,,,,,,,,
426720,2009/10,2009-11-03,Sheikh Zayed Stadium,1,30.5,Pakistan,New Zealand,Khalid Latif,Shahid Afridi,NL McCullum,1,0,,,,,,,,,
426720,2009/10,2009-11-03,Sheikh Zayed Stadium,1,30.6,Pakistan,New Zealand,Shahid Afridi,Khalid Latif,NL McCullum,1,0,,,,,,,,,
426720,2009/10,2009-11-03,Sheikh Zayed Stadium,1,31.1,Pakistan,New Zealand,Shahid Afridi,Khalid Latif,JDP Oram,1,0,,,,,,,,,
426720,2009/10,2009-11-03,Sheikh Zayed Stadium,1,31.2,Pakistan,New Zealand,Khalid Latif,Shahid Afridi,JDP Oram,0,0,,,,,,,,,
426720,2009/10,2009-11-03,Sheikh Zayed Stadium,1,31.3,Pakistan,New Zealand,Khalid Latif,Shahid Afridi,JDP Oram,1,0,,,,,,,,,
426720,2009/10,2009-11-03,Sheikh Zayed Stadium,1,31.4,Pakistan,New Zealand,Shahid Afridi,Khalid Latif,JDP Oram,1,0,,,,,,,,,
426720,2009/10,2009-11-03,Sheikh Zayed Stadium,1,31.5,Pakistan,New Zealand,Khalid Latif,Shahid Afridi,JDP Oram,1,0,,,,,,,,,
426720,2009/10,2009-11-03,Sheikh Zayed Stadium,1,31.6,Pakistan,New Zealand,Shahid Afridi,Khalid Latif,JDP Oram,1,0,,,,,,,,,
426720,2009/10,2009-11-03,Sheikh Zayed Stadium,1,32.1,Pakistan,New Zealand,Shahid Afridi,Khalid Latif,SE Bond,1,0,,,,,,,,,
426720,2009/10,2009-11-03,Sheikh Zayed Stadium,1,32.2,Pakistan,New Zealand,Khalid Latif,Shahid Afridi,SE Bond,0,0,,,,,,,,,
426720,2009/10,2009-11-03,Sheikh Zayed Stadium,1,32.3,Pakistan,New Zealand,Khalid Latif,Shahid Afridi,SE Bond,2,0,,,,,,,,,
426720,2009/10,2009-11-03,Sheikh Zayed Stadium,1,32.4,Pakistan,New Zealand,Khalid Latif,Shahid Afridi,SE Bond,2,0,,,,,,,,,
426720,2009/10,2009-11-03,Sheikh Zayed Stadium,1,32.5,Pakistan,New Zealand,Khalid Latif,Shahid Afridi,SE Bond,1,0,,,,,,,,,
426720,2009/10,2009-11-03,Sheikh Zayed Stadium,1,32.6,Pakistan,New Zealand,Shahid Afridi,Khalid Latif,SE Bond,0,0,,,,,,,,,
426720,2009/10,2009-11-03,Sheikh Zayed Stadium,1,33.1,Pakistan,New Zealand,Khalid Latif,Shahid Afridi,JDP Oram,0,0,,,,,,,,,
426720,2009/10,2009-11-03,Sheikh Zayed Stadium,1,33.2,Pakistan,New Zealand,Khalid Latif,Shahid Afridi,JDP Oram,1,0,,,,,,,,,
426720,2009/10,2009-11-03,Sheikh Zayed Stadium,1,33.3,Pakistan,New Zealand,Shahid Afridi,Khalid Latif,JDP Oram,2,0,,,,,,,,,
426720,2009/10,2009-11-03,Sheikh Zayed Stadium,1,33.4,Pakistan,New Zealand,Shahid Afridi,Khalid Latif,JDP Oram,0,0,,,,,,,,,
426720,2009/10,2009-11-03,Sheikh Zayed Stadium,1,33.5,Pakistan,New Zealand,Shahid Afridi,Khalid Latif,JDP Oram,4,0,,,,,,,,,
426720,2009/10,2009-11-03,Sheikh Zayed Stadium,1,33.6,Pakistan,New Zealand,Shahid Afridi,Khalid Latif,JDP Oram,1,0,,,,,,,,,
426720,2009/10,2009-11-03,Sheikh Zayed Stadium,1,34.1,Pakistan,New Zealand,Shahid Afridi,Khalid Latif,SE Bond,0,0,,,,,,,,,
426720,2009/10,2009-11-03,Sheikh Zayed Stadium,1,34.2,Pakistan,New Zealand,Shahid Afridi,Khalid Latif,SE Bond,4,0,,,,,,,,,
426720,2009/10,2009-11-03,Sheikh Zayed Stadium,1,34.3,Pakistan,New Zealand,Shahid Afridi,Khalid Latif,SE Bond,0,0,,,,,,,,,
426720,2009/10,2009-11-03,Sheikh Zayed Stadium,1,34.4,Pakistan,New Zealand,Shahid Afridi,Khalid Latif,SE Bond,1,0,,,,,,,,,
426720,2009/10,2009-11-03,Sheikh Zayed Stadium,1,34.5,Pakistan,New Zealand,Khalid Latif,Shahid Afridi,SE Bond,0,0,,,,,,,,,
426720,2009/10,2009-11-03,Sheikh Zayed Stadium,1,34.6,Pakistan,New Zealand,Khalid Latif,Shahid Afridi,SE Bond,0,0,,,,,,,,,
426720,2009/10,2009-11-03,Sheikh Zayed Stadium,1,35.1,Pakistan,New Zealand,Shahid Afridi,Khalid Latif,IG Butler,1,0,,,,,,,,,
426720,2009/10,2009-11-03,Sheikh Zayed Stadium,1,35.2,Pakistan,New Zealand,Khalid Latif,Shahid Afridi,IG Butler,0,0,,,,,,,,,
426720,2009/10,2009-11-03,Sheikh Zayed Stadium,1,35.3,Pakistan,New Zealand,Khalid Latif,Shahid Afridi,IG Butler,1,0,,,,,,,,,
426720,2009/10,2009-11-03,Sheikh Zayed Stadium,1,35.4,Pakistan,New Zealand,Shahid Afridi,Khalid Latif,IG Butler,1,0,,,,,,,,,
426720,2009/10,2009-11-03,Sheikh Zayed Stadium,1,35.5,Pakistan,New Zealand,Khalid Latif,Shahid Afridi,IG Butler,1,0,,,,,,,,,
426720,2009/10,2009-11-03,Sheikh Zayed Stadium,1,35.6,Pakistan,New Zealand,Shahid Afridi,Khalid Latif,IG Butler,2,0,,,,,,,,,
426720,2009/10,2009-11-03,Sheikh Zayed Stadium,1,36.1,Pakistan,New Zealand,Khalid Latif,Shahid Afridi,SE Bond,0,0,,,,,,,,,
426720,2009/10,2009-11-03,Sheikh Zayed Stadium,1,36.2,Pakistan,New Zealand,Khalid Latif,Shahid Afridi,SE Bond,1,0,,,,,,,,,
426720,2009/10,2009-11-03,Sheikh Zayed Stadium,1,36.3,Pakistan,New Zealand,Shahid Afridi,Khalid Latif,SE Bond,0,1,1,,,,,,,,
426720,2009/10,2009-11-03,Sheikh Zayed Stadium,1,36.4,Pakistan,New Zealand,Shahid Afridi,Khalid Latif,SE Bond,2,0,,,,,,,,,
426720,2009/10,2009-11-03,Sheikh Zayed Stadium,1,36.5,Pakistan,New Zealand,Shahid Afridi,Khalid Latif,SE Bond,2,0,,,,,,,,,
426720,2009/10,2009-11-03,Sheikh Zayed Stadium,1,36.6,Pakistan,New Zealand,Shahid Afridi,Khalid Latif,SE Bond,4,0,,,,,,,,,
426720,2009/10,2009-11-03,Sheikh Zayed Stadium,1,36.7,Pakistan,New Zealand,Shahid Afridi,Khalid Latif,SE Bond,1,0,,,,,,,,,
426720,2009/10,2009-11-03,Sheikh Zayed Stadium,1,37.1,Pakistan,New Zealand,Shahid Afridi,Khalid Latif,IG Butler,0,0,,,,,,,,,
426720,2009/10,2009-11-03,Sheikh Zayed Stadium,1,37.2,Pakistan,New Zealand,Shahid Afridi,Khalid Latif,IG Butler,1,0,,,,,,,,,
426720,2009/10,2009-11-03,Sheikh Zayed Stadium,1,37.3,Pakistan,New Zealand,Khalid Latif,Shahid Afridi,IG Butler,2,0,,,,,,,,,
426720,2009/10,2009-11-03,Sheikh Zayed Stadium,1,37.4,Pakistan,New Zealand,Khalid Latif,Shahid Afridi,IG Butler,0,0,,,,,,,,,
426720,2009/10,2009-11-03,Sheikh Zayed Stadium,1,37.5,Pakistan,New Zealand,Khalid Latif,Shahid Afridi,IG Butler,1,0,,,,,,,,,
426720,2009/10,2009-11-03,Sheikh Zayed Stadium,1,37.6,Pakistan,New Zealand,Shahid Afridi,Khalid Latif,IG Butler,1,0,,,,,,,,,
426720,2009/10,2009-11-03,Sheikh Zayed Stadium,1,38.1,Pakistan,New Zealand,Shahid Afridi,Khalid Latif,JDP Oram,4,0,,,,,,,,,
426720,2009/10,2009-11-03,Sheikh Zayed Stadium,1,38.2,Pakistan,New Zealand,Shahid Afridi,Khalid Latif,JDP Oram,0,0,,,,,,caught,Shahid Afridi,,
426720,2009/10,2009-11-03,Sheikh Zayed Stadium,1,38.3,Pakistan,New Zealand,Kamran Akmal,Khalid Latif,JDP Oram,0,0,,,,,,,,,
426720,2009/10,2009-11-03,Sheikh Zayed Stadium,1,38.4,Pakistan,New Zealand,Kamran Akmal,Khalid Latif,JDP Oram,0,0,,,,,,,,,
426720,2009/10,2009-11-03,Sheikh Zayed Stadium,1,38.5,Pakistan,New Zealand,Kamran Akmal,Khalid Latif,JDP Oram,0,0,,,,,,,,,
426720,2009/10,2009-11-03,Sheikh Zayed Stadium,1,38.6,Pakistan,New Zealand,Kamran Akmal,Khalid Latif,JDP Oram,1,0,,,,,,,,,
426720,2009/10,2009-11-03,Sheikh Zayed Stadium,1,39.1,Pakistan,New Zealand,Kamran Akmal,Khalid Latif,DL Vettori,0,0,,,,,,,,,
426720,2009/10,2009-11-03,Sheikh Zayed Stadium,1,39.2,Pakistan,New Zealand,Kamran Akmal,Khalid Latif,DL Vettori,0,0,,,,,,,,,
426720,2009/10,2009-11-03,Sheikh Zayed Stadium,1,39.3,Pakistan,New Zealand,Kamran Akmal,Khalid Latif,DL Vettori,0,0,,,,,,,,,
426720,2009/10,2009-11-03,Sheikh Zayed Stadium,1,39.4,Pakistan,New Zealand,Kamran Akmal,Khalid Latif,DL Vettori,1,0,,,,,,,,,
426720,2009/10,2009-11-03,Sheikh Zayed Stadium,1,39.5,Pakistan,New Zealand,Khalid Latif,Kamran Akmal,DL Vettori,1,0,,,,,,,,,
426720,2009/10,2009-11-03,Sheikh Zayed Stadium,1,39.6,Pakistan,New Zealand,Kamran Akmal,Khalid Latif,DL Vettori,1,0,,,,,,,,,
426720,2009/10,2009-11-03,Sheikh Zayed Stadium,1,40.1,Pakistan,New Zealand,Kamran Akmal,Khalid Latif,JDP Oram,1,0,,,,,,,,,
426720,2009/10,2009-11-03,Sheikh Zayed Stadium,1,40.2,Pakistan,New Zealand,Khalid Latif,Kamran Akmal,JDP Oram,0,0,,,,,,,,,
426720,2009/10,2009-11-03,Sheikh Zayed Stadium,1,40.3,Pakistan,New Zealand,Khalid Latif,Kamran Akmal,JDP Oram,2,0,,,,,,,,,
426720,2009/10,2009-11-03,Sheikh Zayed Stadium,1,40.4,Pakistan,New Zealand,Khalid Latif,Kamran Akmal,JDP Oram,1,0,,,,,,,,,
426720,2009/10,2009-11-03,Sheikh Zayed Stadium,1,40.5,Pakistan,New Zealand,Kamran Akmal,Khalid Latif,JDP Oram,0,0,,,,,,,,,
426720,2009/10,2009-11-03,Sheikh Zayed Stadium,1,40.6,Pakistan,New Zealand,Kamran Akmal,Khalid Latif,JDP Oram,0,0,,,,,,,,,
426720,2009/10,2009-11-03,Sheikh Zayed Stadium,1,41.1,Pakistan,New Zealand,Khalid Latif,Kamran Akmal,DL Vettori,0,0,,,,,,bowled,Khalid Latif,,
426720,2009/10,2009-11-03,Sheikh Zayed Stadium,1,41.2,Pakistan,New Zealand,Abdul Razzaq,Kamran Akmal,DL Vettori,0,0,,,,,,,,,
426720,2009/10,2009-11-03,Sheikh Zayed Stadium,1,41.3,Pakistan,New Zealand,Abdul Razzaq,Kamran Akmal,DL Vettori,0,0,,,,,,,,,
426720,2009/10,2009-11-03,Sheikh Zayed Stadium,1,41.4,Pakistan,New Zealand,Abdul Razzaq,Kamran Akmal,DL Vettori,1,0,,,,,,,,,
426720,2009/10,2009-11-03,Sheikh Zayed Stadium,1,41.5,Pakistan,New Zealand,Kamran Akmal,Abdul Razzaq,DL Vettori,0,0,,,,,,,,,
426720,2009/10,2009-11-03,Sheikh Zayed Stadium,1,41.6,Pakistan,New Zealand,Kamran Akmal,Abdul Razzaq,DL Vettori,4,0,,,,,,,,,
426720,2009/10,2009-11-03,Sheikh Zayed Stadium,1,42.1,Pakistan,New Zealand,Abdul Razzaq,Kamran Akmal,TG Southee,1,0,,,,,,,,,
426720,2009/10,2009-11-03,Sheikh Zayed Stadium,1,42.2,Pakistan,New Zealand,Kamran Akmal,Abdul Razzaq,TG Southee,2,0,,,,,,,,,
426720,2009/10,2009-11-03,Sheikh Zayed Stadium,1,42.3,Pakistan,New Zealand,Kamran Akmal,Abdul Razzaq,TG Southee,0,0,,,,,,,,,
426720,2009/10,2009-11-03,Sheikh Zayed Stadium,1,42.4,Pakistan,New Zealand,Kamran Akmal,Abdul Razzaq,TG Southee,1,0,,,,,,,,,
426720,2009/10,2009-11-03,Sheikh Zayed Stadium,1,42.5,Pakistan,New Zealand,Abdul Razzaq,Kamran Akmal,TG Southee,1,0,,,,,,,,,
426720,2009/10,2009-11-03,Sheikh Zayed Stadium,1,42.6,Pakistan,New Zealand,Kamran Akmal,Abdul Razzaq,TG Southee,1,0,,,,,,,,,
426720,2009/10,2009-11-03,Sheikh Zayed Stadium,1,43.1,Pakistan,New Zealand,Kamran Akmal,Abdul Razzaq,IG Butler,6,0,,,,,,,,,
426720,2009/10,2009-11-03,Sheikh Zayed Stadium,1,43.2,Pakistan,New Zealand,Kamran Akmal,Abdul Razzaq,IG Butler,4,0,,,,,,,,,
426720,2009/10,2009-11-03,Sheikh Zayed Stadium,1,43.3,Pakistan,New Zealand,Kamran Akmal,Abdul Razzaq,IG Butler,0,0,,,,,,,,,
426720,2009/10,2009-11-03,Sheikh Zayed Stadium,1,43.4,Pakistan,New Zealand,Kamran Akmal,Abdul Razzaq,IG Butler,1,0,,,,,,,,,
426720,2009/10,2009-11-03,Sheikh Zayed Stadium,1,43.5,Pakistan,New Zealand,Abdul Razzaq,Kamran Akmal,IG Butler,4,0,,,,,,,,,
426720,2009/10,2009-11-03,Sheikh Zayed Stadium,1,43.6,Pakistan,New Zealand,Abdul Razzaq,Kamran Akmal,IG Butler,2,0,,,,,,,,,
426720,2009/10,2009-11-03,Sheikh Zayed Stadium,1,44.1,Pakistan,New Zealand,Kamran Akmal,Abdul Razzaq,SE Bond,1,0,,,,,,,,,
426720,2009/10,2009-11-03,Sheikh Zayed Stadium,1,44.2,Pakistan,New Zealand,Abdul Razzaq,Kamran Akmal,SE Bond,0,1,,,,1,,,,,
426720,2009/10,2009-11-03,Sheikh Zayed Stadium,1,44.3,Pakistan,New Zealand,Kamran Akmal,Abdul Razzaq,SE Bond,0,5,5,,,,,,,,
426720,2009/10,2009-11-03,Sheikh Zayed Stadium,1,44.4,Pakistan,New Zealand,Kamran Akmal,Abdul Razzaq,SE Bond,1,0,,,,,,,,,
426720,2009/10,2009-11-03,Sheikh Zayed Stadium,1,44.5,Pakistan,New Zealand,Abdul Razzaq,Kamran Akmal,SE Bond,1,0,,,,,,,,,
426720,2009/10,2009-11-03,Sheikh Zayed Stadium,1,44.6,Pakistan,New Zealand,Kamran Akmal,Abdul Razzaq,SE Bond,4,0,,,,,,,,,
426720,2009/10,2009-11-03,Sheikh Zayed Stadium,1,44.7,Pakistan,New Zealand,Kamran Akmal,Abdul Razzaq,SE Bond,0,0,,,,,,,,,
426720,2009/10,2009-11-03,Sheikh Zayed Stadium,1,45.1,Pakistan,New Zealand,Abdul Razzaq,Kamran Akmal,TG Southee,0,0,,,,,,,,,
426720,2009/10,2009-11-03,Sheikh Zayed Stadium,1,45.2,Pakistan,New Zealand,Abdul Razzaq,Kamran Akmal,TG Southee,1,0,,,,,,,,,
426720,2009/10,2009-11-03,Sheikh Zayed Stadium,1,45.3,Pakistan,New Zealand,Kamran Akmal,Abdul Razzaq,TG Southee,0,0,,,,,,,,,
426720,2009/10,2009-11-03,Sheikh Zayed Stadium,1,45.4,Pakistan,New Zealand,Kamran Akmal,Abdul Razzaq,TG Southee,1,0,,,,,,,,,
426720,2009/10,2009-11-03,Sheikh Zayed Stadium,1,45.5,Pakistan,New Zealand,Abdul Razzaq,Kamran Akmal,TG Southee,0,0,,,,,,,,,
426720,2009/10,2009-11-03,Sheikh Zayed Stadium,1,45.6,Pakistan,New Zealand,Abdul Razzaq,Kamran Akmal,TG Southee,1,0,,,,,,,,,
426720,2009/10,2009-11-03,Sheikh Zayed Stadium,1,46.1,Pakistan,New Zealand,Abdul Razzaq,Kamran Akmal,SE Bond,0,0,,,,,,,,,
426720,2009/10,2009-11-03,Sheikh Zayed Stadium,1,46.2,Pakistan,New Zealand,Abdul Razzaq,Kamran Akmal,SE Bond,0,2,2,,,,,,,,
426720,2009/10,2009-11-03,Sheikh Zayed Stadium,1,46.3,Pakistan,New Zealand,Kamran Akmal,Abdul Razzaq,SE Bond,6,0,,,,,,,,,
426720,2009/10,2009-11-03,Sheikh Zayed Stadium,1,46.4,Pakistan,New Zealand,Kamran Akmal,Abdul Razzaq,SE Bond,4,0,,,,,,,,,
426720,2009/10,2009-11-03,Sheikh Zayed Stadium,1,46.5,Pakistan,New Zealand,Kamran Akmal,Abdul Razzaq,SE Bond,2,0,,,,,,,,,
426720,2009/10,2009-11-03,Sheikh Zayed Stadium,1,46.6,Pakistan,New Zealand,Kamran Akmal,Abdul Razzaq,SE Bond,1,0,,,,,,,,,
426720,2009/10,2009-11-03,Sheikh Zayed Stadium,1,46.7,Pakistan,New Zealand,Abdul Razzaq,Kamran Akmal,SE Bond,1,0,,,,,,,,,
426720,2009/10,2009-11-03,Sheikh Zayed Stadium,1,47.1,Pakistan,New Zealand,Abdul Razzaq,Kamran Akmal,TG Southee,1,0,,,,,,,,,
426720,2009/10,2009-11-03,Sheikh Zayed Stadium,1,47.2,Pakistan,New Zealand,Kamran Akmal,Abdul Razzaq,TG Southee,4,0,,,,,,,,,
426720,2009/10,2009-11-03,Sheikh Zayed Stadium,1,47.3,Pakistan,New Zealand,Kamran Akmal,Abdul Razzaq,TG Southee,2,0,,,,,,,,,
426720,2009/10,2009-11-03,Sheikh Zayed Stadium,1,47.4,Pakistan,New Zealand,Kamran Akmal,Abdul Razzaq,TG Southee,1,0,,,,,,,,,
426720,2009/10,2009-11-03,Sheikh Zayed Stadium,1,47.5,Pakistan,New Zealand,Abdul Razzaq,Kamran Akmal,TG Southee,6,0,,,,,,,,,
426720,2009/10,2009-11-03,Sheikh Zayed Stadium,1,47.6,Pakistan,New Zealand,Abdul Razzaq,Kamran Akmal,TG Southee,6,0,,,,,,,,,
426720,2009/10,2009-11-03,Sheikh Zayed Stadium,1,48.1,Pakistan,New Zealand,Kamran Akmal,Abdul Razzaq,IG Butler,1,1,,1,,,,,,,
426720,2009/10,2009-11-03,Sheikh Zayed Stadium,1,48.2,Pakistan,New Zealand,Abdul Razzaq,Kamran Akmal,IG Butler,0,4,,,,4,,,,,
426720,2009/10,2009-11-03,Sheikh Zayed Stadium,1,48.3,Pakistan,New Zealand,Abdul Razzaq,Kamran Akmal,IG Butler,0,0,,,,,,caught,Abdul Razzaq,,
426720,2009/10,2009-11-03,Sheikh Zayed Stadium,1,48.4,Pakistan,New Zealand,Kamran Akmal,Umar Gul,IG Butler,1,0,,,,,,,,,
426720,2009/10,2009-11-03,Sheikh Zayed Stadium,1,48.5,Pakistan,New Zealand,Umar Gul,Kamran Akmal,IG Butler,0,0,,,,,,run out,Umar Gul,,
426720,2009/10,2009-11-03,Sheikh Zayed Stadium,1,48.6,Pakistan,New Zealand,Kamran Akmal,Mohammad Amir,IG Butler,6,0,,,,,,,,,
426720,2009/10,2009-11-03,Sheikh Zayed Stadium,1,48.7,Pakistan,New Zealand,Kamran Akmal,Mohammad Amir,IG Butler,0,0,,,,,,,,,
426720,2009/10,2009-11-03,Sheikh Zayed Stadium,1,49.1,Pakistan,New Zealand,Mohammad Amir,Kamran Akmal,TG Southee,0,0,,,,,,caught,Mohammad Amir,,
426720,2009/10,2009-11-03,Sheikh Zayed Stadium,1,49.2,Pakistan,New Zealand,Saeed Ajmal,Kamran Akmal,TG Southee,0,1,,,,1,,,,,
426720,2009/10,2009-11-03,Sheikh Zayed Stadium,1,49.3,Pakistan,New Zealand,Kamran Akmal,Saeed Ajmal,TG Southee,0,0,,,,,,,,,
426720,2009/10,2009-11-03,Sheikh Zayed Stadium,1,49.4,Pakistan,New Zealand,Kamran Akmal,Saeed Ajmal,TG Southee,2,0,,,,,,,,,
426720,2009/10,2009-11-03,Sheikh Zayed Stadium,1,49.5,Pakistan,New Zealand,Kamran Akmal,Saeed Ajmal,TG Southee,6,0,,,,,,,,,
426720,2009/10,2009-11-03,Sheikh Zayed Stadium,1,49.6,Pakistan,New Zealand,Kamran Akmal,Saeed Ajmal,TG Southee,1,0,,,,,,,,,
426720,2009/10,2009-11-03,Sheikh Zayed Stadium,2,0.1,New Zealand,Pakistan,BB McCullum,AJ Redmond,Mohammad Amir,0,0,,,,,,,,,
426720,2009/10,2009-11-03,Sheikh Zayed Stadium,2,0.2,New Zealand,Pakistan,BB McCullum,AJ Redmond,Mohammad Amir,0,0,,,,,,,,,
426720,2009/10,2009-11-03,Sheikh Zayed Stadium,2,0.3,New Zealand,Pakistan,BB McCullum,AJ Redmond,Mohammad Amir,0,2,,,,2,,,,,
426720,2009/10,2009-11-03,Sheikh Zayed Stadium,2,0.4,New Zealand,Pakistan,BB McCullum,AJ Redmond,Mohammad Amir,0,0,,,,,,,,,
426720,2009/10,2009-11-03,Sheikh Zayed Stadium,2,0.5,New Zealand,Pakistan,BB McCullum,AJ Redmond,Mohammad Amir,0,0,,,,,,,,,
426720,2009/10,2009-11-03,Sheikh Zayed Stadium,2,0.6,New Zealand,Pakistan,BB McCullum,AJ Redmond,Mohammad Amir,0,0,,,,,,,,,
426720,2009/10,2009-11-03,Sheikh Zayed Stadium,2,1.1,New Zealand,Pakistan,AJ Redmond,BB McCullum,Umar Gul,0,0,,,,,,,,,
426720,2009/10,2009-11-03,Sheikh Zayed Stadium,2,1.2,New Zealand,Pakistan,AJ Redmond,BB McCullum,Umar Gul,0,0,,,,,,,,,
426720,2009/10,2009-11-03,Sheikh Zayed Stadium,2,1.3,New Zealand,Pakistan,AJ Redmond,BB McCullum,Umar Gul,0,0,,,,,,,,,
426720,2009/10,2009-11-03,Sheikh Zayed Stadium,2,1.4,New Zealand,Pakistan,AJ Redmond,BB McCullum,Umar Gul,0,0,,,,,,,,,
426720,2009/10,2009-11-03,Sheikh Zayed Stadium,2,1.5,New Zealand,Pakistan,AJ Redmond,BB McCullum,Umar Gul,0,0,,,,,,,,,
426720,2009/10,2009-11-03,Sheikh Zayed Stadium,2,1.6,New Zealand,Pakistan,AJ Redmond,BB McCullum,Umar Gul,0,0,,,,,,,,,
426720,2009/10,2009-11-03,Sheikh Zayed Stadium,2,2.1,New Zealand,Pakistan,BB McCullum,AJ Redmond,Mohammad Amir,0,0,,,,,,,,,
426720,2009/10,2009-11-03,Sheikh Zayed Stadium,2,2.2,New Zealand,Pakistan,BB McCullum,AJ Redmond,Mohammad Amir,1,0,,,,,,,,,
426720,2009/10,2009-11-03,Sheikh Zayed Stadium,2,2.3,New Zealand,Pakistan,AJ Redmond,BB McCullum,Mohammad Amir,1,0,,,,,,,,,
426720,2009/10,2009-11-03,Sheikh Zayed Stadium,2,2.4,New Zealand,Pakistan,BB McCullum,AJ Redmond,Mohammad Amir,0,1,,,,1,,,,,
426720,2009/10,2009-11-03,Sheikh Zayed Stadium,2,2.5,New Zealand,Pakistan,AJ Redmond,BB McCullum,Mohammad Amir,0,0,,,,,,,,,
426720,2009/10,2009-11-03,Sheikh Zayed Stadium,2,2.6,New Zealand,Pakistan,AJ Redmond,BB McCullum,Mohammad Amir,0,0,,,,,,,,,
426720,2009/10,2009-11-03,Sheikh Zayed Stadium,2,3.1,New Zealand,Pakistan,BB McCullum,AJ Redmond,Umar Gul,4,0,,,,,,,,,
426720,2009/10,2009-11-03,Sheikh Zayed Stadium,2,3.2,New Zealand,Pakistan,BB McCullum,AJ Redmond,Umar Gul,0,1,,1,,,,,,,
426720,2009/10,2009-11-03,Sheikh Zayed Stadium,2,3.3,New Zealand,Pakistan,BB McCullum,AJ Redmond,Umar Gul,4,0,,,,,,,,,
426720,2009/10,2009-11-03,Sheikh Zayed Stadium,2,3.4,New Zealand,Pakistan,BB McCullum,AJ Redmond,Umar Gul,0,0,,,,,,,,,
426720,2009/10,2009-11-03,Sheikh Zayed Stadium,2,3.5,New Zealand,Pakistan,BB McCullum,AJ Redmond,Umar Gul,0,0,,,,,,,,,
426720,2009/10,2009-11-03,Sheikh Zayed Stadium,2,3.6,New Zealand,Pakistan,BB McCullum,AJ Redmond,Umar Gul,0,0,,,,,,,,,
426720,2009/10,2009-11-03,Sheikh Zayed Stadium,2,3.7,New Zealand,Pakistan,BB McCullum,AJ Redmond,Umar Gul,1,0,,,,,,,,,
426720,2009/10,2009-11-03,Sheikh Zayed Stadium,2,4.1,New Zealand,Pakistan,BB McCullum,AJ Redmond,Mohammad Amir,0,0,,,,,,,,,
426720,2009/10,2009-11-03,Sheikh Zayed Stadium,2,4.2,New Zealand,Pakistan,BB McCullum,AJ Redmond,Mohammad Amir,1,0,,,,,,,,,
426720,2009/10,2009-11-03,Sheikh Zayed Stadium,2,4.3,New Zealand,Pakistan,AJ Redmond,BB McCullum,Mohammad Amir,0,0,,,,,,,,,
426720,2009/10,2009-11-03,Sheikh Zayed Stadium,2,4.4,New Zealand,Pakistan,AJ Redmond,BB McCullum,Mohammad Amir,0,0,,,,,,,,,
426720,2009/10,2009-11-03,Sheikh Zayed Stadium,2,4.5,New Zealand,Pakistan,AJ Redmond,BB McCullum,Mohammad Amir,0,0,,,,,,,,,
426720,2009/10,2009-11-03,Sheikh Zayed Stadium,2,4.6,New Zealand,Pakistan,AJ Redmond,BB McCullum,Mohammad Amir,0,0,,,,,,,,,
426720,2009/10,2009-11-03,Sheikh Zayed Stadium,2,5.1,New Zealand,Pakistan,BB McCullum,AJ Redmond,Umar Gul,0,0,,,,,,,,,
426720,2009/10,2009-11-03,Sheikh Zayed Stadium,2,5.2,New Zealand,Pakistan,BB McCullum,AJ Redmond,Umar Gul,4,0,,,,,,,,,
426720,2009/10,2009-11-03,Sheikh Zayed Stadium,2,5.3,New Zealand,Pakistan,BB McCullum,AJ Redmond,Umar Gul,4,0,,,,,,,,,
426720,2009/10,2009-11-03,Sheikh Zayed Stadium,2,5.4,New Zealand,Pakistan,BB McCullum,AJ Redmond,Umar Gul,1,0,,,,,,,,,
426720,2009/10,2009-11-03,Sheikh Zayed Stadium,2,5.5,New Zealand,Pakistan,AJ Redmond,BB McCullum,Umar Gul,4,0,,,,,,,,,
426720,2009/10,2009-11-03,Sheikh Zayed Stadium,2,5.6,New Zealand,Pakistan,AJ Redmond,BB McCullum,Umar Gul,0,0,,,,,,,,,
426720,2009/10,2009-11-03,Sheikh Zayed Stadium,2,6.1,New Zealand,Pakistan,BB McCullum,AJ Redmond,Mohammad Amir,1,0,,,,,,,,,
426720,2009/10,2009-11-03,Sheikh Zayed Stadium,2,6.2,New Zealand,Pakistan,AJ Redmond,BB McCullum,Mohammad Amir,0,0,,,,,,,,,
426720,2009/10,2009-11-03,Sheikh Zayed Stadium,2,6.3,New Zealand,Pakistan,AJ Redmond,BB McCullum,Mohammad Amir,0,0,,,,,,,,,
426720,2009/10,2009-11-03,Sheikh Zayed Stadium,2,6.4,New Zealand,Pakistan,AJ Redmond,BB McCullum,Mohammad Amir,0,0,,,,,,,,,
426720,2009/10,2009-11-03,Sheikh Zayed Stadium,2,6.5,New Zealand,Pakistan,AJ Redmond,BB McCullum,Mohammad Amir,0,0,,,,,,,,,
426720,2009/10,2009-11-03,Sheikh Zayed Stadium,2,6.6,New Zealand,Pakistan,AJ Redmond,BB McCullum,Mohammad Amir,0,0,,,,,,,,,
426720,2009/10,2009-11-03,Sheikh Zayed Stadium,2,7.1,New Zealand,Pakistan,BB McCullum,AJ Redmond,Umar Gul,0,0,,,,,,,,,
426720,2009/10,2009-11-03,Sheikh Zayed Stadium,2,7.2,New Zealand,Pakistan,BB McCullum,AJ Redmond,Umar Gul,0,0,,,,,,,,,
426720,2009/10,2009-11-03,Sheikh Zayed Stadium,2,7.3,New Zealand,Pakistan,BB McCullum,AJ Redmond,Umar Gul,0,0,,,,,,,,,
426720,2009/10,2009-11-03,Sheikh Zayed Stadium,2,7.4,New Zealand,Pakistan,BB McCullum,AJ Redmond,Umar Gul,0,0,,,,,,bowled,BB McCullum,,
426720,2009/10,2009-11-03,Sheikh Zayed Stadium,2,7.5,New Zealand,Pakistan,MJ Guptill,AJ Redmond,Umar Gul,0,0,,,,,,,,,
426720,2009/10,2009-11-03,Sheikh Zayed Stadium,2,7.6,New Zealand,Pakistan,MJ Guptill,AJ Redmond,Umar Gul,1,0,,,,,,,,,
426720,2009/10,2009-11-03,Sheikh Zayed Stadium,2,8.1,New Zealand,Pakistan,MJ Guptill,AJ Redmond,Mohammad Amir,2,0,,,,,,,,,
426720,2009/10,2009-11-03,Sheikh Zayed Stadium,2,8.2,New Zealand,Pakistan,MJ Guptill,AJ Redmond,Mohammad Amir,0,0,,,,,,,,,
426720,2009/10,2009-11-03,Sheikh Zayed Stadium,2,8.3,New Zealand,Pakistan,MJ Guptill,AJ Redmond,Mohammad Amir,0,0,,,,,,,,,
426720,2009/10,2009-11-03,Sheikh Zayed Stadium,2,8.4,New Zealand,Pakistan,MJ Guptill,AJ Redmond,Mohammad Amir,0,0,,,,,,,,,
426720,2009/10,2009-11-03,Sheikh Zayed Stadium,2,8.5,New Zealand,Pakistan,MJ Guptill,AJ Redmond,Mohammad Amir,1,0,,,,,,,,,
426720,2009/10,2009-11-03,Sheikh Zayed Stadium,2,8.6,New Zealand,Pakistan,AJ Redmond,MJ Guptill,Mohammad Amir,0,0,,,,,,,,,
426720,2009/10,2009-11-03,Sheikh Zayed Stadium,2,9.1,New Zealand,Pakistan,MJ Guptill,AJ Redmond,Umar Gul,0,0,,,,,,,,,
426720,2009/10,2009-11-03,Sheikh Zayed Stadium,2,9.2,New Zealand,Pakistan,MJ Guptill,AJ Redmond,Umar Gul,0,0,,,,,,bowled,MJ Guptill,,
426720,2009/10,2009-11-03,Sheikh Zayed Stadium,2,9.3,New Zealand,Pakistan,LRPL Taylor,AJ Redmond,Umar Gul,0,0,,,,,,,,,
426720,2009/10,2009-11-03,Sheikh Zayed Stadium,2,9.4,New Zealand,Pakistan,LRPL Taylor,AJ Redmond,Umar Gul,0,0,,,,,,,,,
426720,2009/10,2009-11-03,Sheikh Zayed Stadium,2,9.5,New Zealand,Pakistan,LRPL Taylor,AJ Redmond,Umar Gul,0,0,,,,,,,,,
426720,2009/10,2009-11-03,Sheikh Zayed Stadium,2,9.6,New Zealand,Pakistan,LRPL Taylor,AJ Redmond,Umar Gul,0,0,,,,,,,,,
426720,2009/10,2009-11-03,Sheikh Zayed Stadium,2,10.1,New Zealand,Pakistan,AJ Redmond,LRPL Taylor,Mohammad Amir,1,0,,,,,,,,,
426720,2009/10,2009-11-03,Sheikh Zayed Stadium,2,10.2,New Zealand,Pakistan,LRPL Taylor,AJ Redmond,Mohammad Amir,0,0,,,,,,caught,LRPL Taylor,,
426720,2009/10,2009-11-03,Sheikh Zayed Stadium,2,10.3,New Zealand,Pakistan,SB Styris,AJ Redmond,Mohammad Amir,2,0,,,,,,,,,
426720,2009/10,2009-11-03,Sheikh Zayed Stadium,2,10.4,New Zealand,Pakistan,SB Styris,AJ Redmond,Mohammad Amir,0,0,,,,,,,,,
426720,2009/10,2009-11-03,Sheikh Zayed Stadium,2,10.5,New Zealand,Pakistan,SB Styris,AJ Redmond,Mohammad Amir,0,0,,,,,,,,,
426720,2009/10,2009-11-03,Sheikh Zayed Stadium,2,10.6,New Zealand,Pakistan,SB Styris,AJ Redmond,Mohammad Amir,1,0,,,,,,,,,
426720,2009/10,2009-11-03,Sheikh Zayed Stadium,2,11.1,New Zealand,Pakistan,SB Styris,AJ Redmond,Umar Gul,0,0,,,,,,,,,
426720,2009/10,2009-11-03,Sheikh Zayed Stadium,2,11.2,New Zealand,Pakistan,SB Styris,AJ Redmond,Umar Gul,0,0,,,,,,,,,
426720,2009/10,2009-11-03,Sheikh Zayed Stadium,2,11.3,New Zealand,Pakistan,SB Styris,AJ Redmond,Umar Gul,0,0,,,,,,,,,
426720,2009/10,2009-11-03,Sheikh Zayed Stadium,2,11.4,New Zealand,Pakistan,SB Styris,AJ Redmond,Umar Gul,0,0,,,,,,,,,
426720,2009/10,2009-11-03,Sheikh Zayed Stadium,2,11.5,New Zealand,Pakistan,SB Styris,AJ Redmond,Umar Gul,0,0,,,,,,,,,
426720,2009/10,2009-11-03,Sheikh Zayed Stadium,2,11.6,New Zealand,Pakistan,SB Styris,AJ Redmond,Umar Gul,0,0,,,,,,,,,
426720,2009/10,2009-11-03,Sheikh Zayed Stadium,2,12.1,New Zealand,Pakistan,AJ Redmond,SB Styris,Mohammad Amir,0,0,,,,,,,,,
426720,2009/10,2009-11-03,Sheikh Zayed Stadium,2,12.2,New Zealand,Pakistan,AJ Redmond,SB Styris,Mohammad Amir,0,0,,,,,,,,,
426720,2009/10,2009-11-03,Sheikh Zayed Stadium,2,12.3,New Zealand,Pakistan,AJ Redmond,SB Styris,Mohammad Amir,0,0,,,,,,,,,
426720,2009/10,2009-11-03,Sheikh Zayed Stadium,2,12.4,New Zealand,Pakistan,AJ Redmond,SB Styris,Mohammad Amir,0,0,,,,,,,,,
426720,2009/10,2009-11-03,Sheikh Zayed Stadium,2,12.5,New Zealand,Pakistan,AJ Redmond,SB Styris,Mohammad Amir,0,0,,,,,,,,,
426720,2009/10,2009-11-03,Sheikh Zayed Stadium,2,12.6,New Zealand,Pakistan,AJ Redmond,SB Styris,Mohammad Amir,4,0,,,,,,,,,
426720,2009/10,2009-11-03,Sheikh Zayed Stadium,2,13.1,New Zealand,Pakistan,SB Styris,AJ Redmond,Abdul Razzaq,0,0,,,,,,,,,
426720,2009/10,2009-11-03,Sheikh Zayed Stadium,2,13.2,New Zealand,Pakistan,SB Styris,AJ Redmond,Abdul Razzaq,0,0,,,,,,,,,
426720,2009/10,2009-11-03,Sheikh Zayed Stadium,2,13.3,New Zealand,Pakistan,SB Styris,AJ Redmond,Abdul Razzaq,1,0,,,,,,,,,
426720,2009/10,2009-11-03,Sheikh Zayed Stadium,2,13.4,New Zealand,Pakistan,AJ Redmond,SB Styris,Abdul Razzaq,1,0,,,,,,,,,
426720,2009/10,2009-11-03,Sheikh Zayed Stadium,2,13.5,New Zealand,Pakistan,SB Styris,AJ Redmond,Abdul Razzaq,0,0,,,,,,,,,
426720,2009/10,2009-11-03,Sheikh Zayed Stadium,2,13.6,New Zealand,Pakistan,SB Styris,AJ Redmond,Abdul Razzaq,0,0,,,,,,,,,
426720,2009/10,2009-11-03,Sheikh Zayed Stadium,2,14.1,New Zealand,Pakistan,AJ Redmond,SB Styris,Shahid Afridi,0,0,,,,,,,,,
426720,2009/10,2009-11-03,Sheikh Zayed Stadium,2,14.2,New Zealand,Pakistan,AJ Redmond,SB Styris,Shahid Afridi,0,0,,,,,,,,,
426720,2009/10,2009-11-03,Sheikh Zayed Stadium,2,14.3,New Zealand,Pakistan,AJ Redmond,SB Styris,Shahid Afridi,1,0,,,,,,,,,
426720,2009/10,2009-11-03,Sheikh Zayed Stadium,2,14.4,New Zealand,Pakistan,SB Styris,AJ Redmond,Shahid Afridi,1,0,,,,,,,,,
426720,2009/10,2009-11-03,Sheikh Zayed Stadium,2,14.5,New Zealand,Pakistan,AJ Redmond,SB Styris,Shahid Afridi,0,0,,,,,,,,,
426720,2009/10,2009-11-03,Sheikh Zayed Stadium,2,14.6,New Zealand,Pakistan,AJ Redmond,SB Styris,Shahid Afridi,4,0,,,,,,,,,
426720,2009/10,2009-11-03,Sheikh Zayed Stadium,2,15.1,New Zealand,Pakistan,SB Styris,AJ Redmond,Abdul Razzaq,0,0,,,,,,caught,SB Styris,,
426720,2009/10,2009-11-03,Sheikh Zayed Stadium,2,15.2,New Zealand,Pakistan,DL Vettori,AJ Redmond,Abdul Razzaq,3,0,,,,,,,,,
426720,2009/10,2009-11-03,Sheikh Zayed Stadium,2,15.3,New Zealand,Pakistan,AJ Redmond,DL Vettori,Abdul Razzaq,0,0,,,,,,,,,
426720,2009/10,2009-11-03,Sheikh Zayed Stadium,2,15.4,New Zealand,Pakistan,AJ Redmond,DL Vettori,Abdul Razzaq,0,0,,,,,,,,,
426720,2009/10,2009-11-03,Sheikh Zayed Stadium,2,15.5,New Zealand,Pakistan,AJ Redmond,DL Vettori,Abdul Razzaq,1,0,,,,,,,,,
426720,2009/10,2009-11-03,Sheikh Zayed Stadium,2,15.6,New Zealand,Pakistan,DL Vettori,AJ Redmond,Abdul Razzaq,1,0,,,,,,,,,
426720,2009/10,2009-11-03,Sheikh Zayed Stadium,2,16.1,New Zealand,Pakistan,DL Vettori,AJ Redmond,Shahid Afridi,1,0,,,,,,,,,
426720,2009/10,2009-11-03,Sheikh Zayed Stadium,2,16.2,New Zealand,Pakistan,AJ Redmond,DL Vettori,Shahid Afridi,0,0,,,,,,,,,
426720,2009/10,2009-11-03,Sheikh Zayed Stadium,2,16.3,New Zealand,Pakistan,AJ Redmond,DL Vettori,Shahid Afridi,1,0,,,,,,,,,
426720,2009/10,2009-11-03,Sheikh Zayed Stadium,2,16.4,New Zealand,Pakistan,DL Vettori,AJ Redmond,Shahid Afridi,0,0,,,,,,,,,
426720,2009/10,2009-11-03,Sheikh Zayed Stadium,2,16.5,New Zealand,Pakistan,DL Vettori,AJ Redmond,Shahid Afridi,1,0,,,,,,,,,
426720,2009/10,2009-11-03,Sheikh Zayed Stadium,2,16.6,New Zealand,Pakistan,AJ Redmond,DL Vettori,Shahid Afridi,1,0,,,,,,,,,
426720,2009/10,2009-11-03,Sheikh Zayed Stadium,2,17.1,New Zealand,Pakistan,AJ Redmond,DL Vettori,Abdul Razzaq,1,0,,,,,,,,,
426720,2009/10,2009-11-03,Sheikh Zayed Stadium,2,17.2,New Zealand,Pakistan,DL Vettori,AJ Redmond,Abdul Razzaq,1,0,,,,,,,,,
426720,2009/10,2009-11-03,Sheikh Zayed Stadium,2,17.3,New Zealand,Pakistan,AJ Redmond,DL Vettori,Abdul Razzaq,1,0,,,,,,,,,
426720,2009/10,2009-11-03,Sheikh Zayed Stadium,2,17.4,New Zealand,Pakistan,DL Vettori,AJ Redmond,Abdul Razzaq,1,0,,,,,,,,,
426720,2009/10,2009-11-03,Sheikh Zayed Stadium,2,17.5,New Zealand,Pakistan,AJ Redmond,DL Vettori,Abdul Razzaq,0,0,,,,,,,,,
426720,2009/10,2009-11-03,Sheikh Zayed Stadium,2,17.6,New Zealand,Pakistan,AJ Redmond,DL Vettori,Abdul Razzaq,4,0,,,,,,,,,
426720,2009/10,2009-11-03,Sheikh Zayed Stadium,2,18.1,New Zealand,Pakistan,DL Vettori,AJ Redmond,Shahid Afridi,0,0,,,,,,,,,
426720,2009/10,2009-11-03,Sheikh Zayed Stadium,2,18.2,New Zealand,Pakistan,DL Vettori,AJ Redmond,Shahid Afridi,1,0,,,,,,,,,
426720,2009/10,2009-11-03,Sheikh Zayed Stadium,2,18.3,New Zealand,Pakistan,AJ Redmond,DL Vettori,Shahid Afridi,0,0,,,,,,,,,
426720,2009/10,2009-11-03,Sheikh Zayed Stadium,2,18.4,New Zealand,Pakistan,AJ Redmond,DL Vettori,Shahid Afridi,2,0,,,,,,,,,
426720,2009/10,2009-11-03,Sheikh Zayed Stadium,2,18.5,New Zealand,Pakistan,AJ Redmond,DL Vettori,Shahid Afridi,0,0,,,,,,,,,
426720,2009/10,2009-11-03,Sheikh Zayed Stadium,2,18.6,New Zealand,Pakistan,AJ Redmond,DL Vettori,Shahid Afridi,4,0,,,,,,,,,
426720,2009/10,2009-11-03,Sheikh Zayed Stadium,2,19.1,New Zealand,Pakistan,DL Vettori,AJ Redmond,Abdul Razzaq,1,0,,,,,,,,,
426720,2009/10,2009-11-03,Sheikh Zayed Stadium,2,19.2,New Zealand,Pakistan,AJ Redmond,DL Vettori,Abdul Razzaq,1,0,,,,,,,,,
426720,2009/10,2009-11-03,Sheikh Zayed Stadium,2,19.3,New Zealand,Pakistan,DL Vettori,AJ Redmond,Abdul Razzaq,2,0,,,,,,,,,
426720,2009/10,2009-11-03,Sheikh Zayed Stadium,2,19.4,New Zealand,Pakistan,DL Vettori,AJ Redmond,Abdul Razzaq,0,0,,,,,,,,,
426720,2009/10,2009-11-03,Sheikh Zayed Stadium,2,19.5,New Zealand,Pakistan,DL Vettori,AJ Redmond,Abdul Razzaq,4,0,,,,,,,,,
426720,2009/10,2009-11-03,Sheikh Zayed Stadium,2,19.6,New Zealand,Pakistan,DL Vettori,AJ Redmond,Abdul Razzaq,0,0,,,,,,,,,
426720,2009/10,2009-11-03,Sheikh Zayed Stadium,2,20.1,New Zealand,Pakistan,AJ Redmond,DL Vettori,Shahid Afridi,0,0,,,,,,,,,
426720,2009/10,2009-11-03,Sheikh Zayed Stadium,2,20.2,New Zealand,Pakistan,AJ Redmond,DL Vettori,Shahid Afridi,1,0,,,,,,,,,
426720,2009/10,2009-11-03,Sheikh Zayed Stadium,2,20.3,New Zealand,Pakistan,DL Vettori,AJ Redmond,Shahid Afridi,1,0,,,,,,,,,
426720,2009/10,2009-11-03,Sheikh Zayed Stadium,2,20.4,New Zealand,Pakistan,AJ Redmond,DL Vettori,Shahid Afridi,2,0,,,,,,,,,
426720,2009/10,2009-11-03,Sheikh Zayed Stadium,2,20.5,New Zealand,Pakistan,AJ Redmond,DL Vettori,Shahid Afridi,4,0,,,,,,,,,
426720,2009/10,2009-11-03,Sheikh Zayed Stadium,2,20.6,New Zealand,Pakistan,AJ Redmond,DL Vettori,Shahid Afridi,0,0,,,,,,,,,
426720,2009/10,2009-11-03,Sheikh Zayed Stadium,2,21.1,New Zealand,Pakistan,DL Vettori,AJ Redmond,Saeed Ajmal,1,0,,,,,,,,,
426720,2009/10,2009-11-03,Sheikh Zayed Stadium,2,21.2,New Zealand,Pakistan,AJ Redmond,DL Vettori,Saeed Ajmal,0,0,,,,,,,,,
426720,2009/10,2009-11-03,Sheikh Zayed Stadium,2,21.3,New Zealand,Pakistan,AJ Redmond,DL Vettori,Saeed Ajmal,0,0,,,,,,,,,
426720,2009/10,2009-11-03,Sheikh Zayed Stadium,2,21.4,New Zealand,Pakistan,AJ Redmond,DL Vettori,Saeed Ajmal,0,0,,,,,,,,,
426720,2009/10,2009-11-03,Sheikh Zayed Stadium,2,21.5,New Zealand,Pakistan,AJ Redmond,DL Vettori,Saeed Ajmal,0,0,,,,,,,,,
426720,2009/10,2009-11-03,Sheikh Zayed Stadium,2,21.6,New Zealand,Pakistan,AJ Redmond,DL Vettori,Saeed Ajmal,0,0,,,,,,,,,
426720,2009/10,2009-11-03,Sheikh Zayed Stadium,2,22.1,New Zealand,Pakistan,DL Vettori,AJ Redmond,Shahid Afridi,1,0,,,,,,,,,
426720,2009/10,2009-11-03,Sheikh Zayed Stadium,2,22.2,New Zealand,Pakistan,AJ Redmond,DL Vettori,Shahid Afridi,0,1,1,,,,,,,,
426720,2009/10,2009-11-03,Sheikh Zayed Stadium,2,22.3,New Zealand,Pakistan,AJ Redmond,DL Vettori,Shahid Afridi,0,0,,,,,,,,,
426720,2009/10,2009-11-03,Sheikh Zayed Stadium,2,22.4,New Zealand,Pakistan,AJ Redmond,DL Vettori,Shahid Afridi,2,0,,,,,,,,,
426720,2009/10,2009-11-03,Sheikh Zayed Stadium,2,22.5,New Zealand,Pakistan,AJ Redmond,DL Vettori,Shahid Afridi,1,0,,,,,,,,,
426720,2009/10,2009-11-03,Sheikh Zayed Stadium,2,22.6,New Zealand,Pakistan,DL Vettori,AJ Redmond,Shahid Afridi,1,0,,,,,,,,,
426720,2009/10,2009-11-03,Sheikh Zayed Stadium,2,22.7,New Zealand,Pakistan,AJ Redmond,DL Vettori,Shahid Afridi,0,0,,,,,,,,,
426720,2009/10,2009-11-03,Sheikh Zayed Stadium,2,23.1,New Zealand,Pakistan,DL Vettori,AJ Redmond,Saeed Ajmal,1,0,,,,,,,,,
426720,2009/10,2009-11-03,Sheikh Zayed Stadium,2,23.2,New Zealand,Pakistan,AJ Redmond,DL Vettori,Saeed Ajmal,0,0,,,,,,,,,
426720,2009/10,2009-11-03,Sheikh Zayed Stadium,2,23.3,New Zealand,Pakistan,AJ Redmond,DL Vettori,Saeed Ajmal,0,0,,,,,,,,,
426720,2009/10,2009-11-03,Sheikh Zayed Stadium,2,23.4,New Zealand,Pakistan,AJ Redmond,DL Vettori,Saeed Ajmal,0,0,,,,,,,,,
426720,2009/10,2009-11-03,Sheikh Zayed Stadium,2,23.5,New Zealand,Pakistan,AJ Redmond,DL Vettori,Saeed Ajmal,0,2,,,,2,,,,,
426720,2009/10,2009-11-03,Sheikh Zayed Stadium,2,23.6,New Zealand,Pakistan,AJ Redmond,DL Vettori,Saeed Ajmal,1,0,,,,,,,,,
426720,2009/10,2009-11-03,Sheikh Zayed Stadium,2,24.1,New Zealand,Pakistan,AJ Redmond,DL Vettori,Shahid Afridi,0,1,1,,,,,,,,
426720,2009/10,2009-11-03,Sheikh Zayed Stadium,2,24.2,New Zealand,Pakistan,AJ Redmond,DL Vettori,Shahid Afridi,0,0,,,,,,,,,
426720,2009/10,2009-11-03,Sheikh Zayed Stadium,2,24.3,New Zealand,Pakistan,AJ Redmond,DL Vettori,Shahid Afridi,0,1,,,,1,,,,,
426720,2009/10,2009-11-03,Sheikh Zayed Stadium,2,24.4,New Zealand,Pakistan,DL Vettori,AJ Redmond,Shahid Afridi,1,0,,,,,,,,,
426720,2009/10,2009-11-03,Sheikh Zayed Stadium,2,24.5,New Zealand,Pakistan,AJ Redmond,DL Vettori,Shahid Afridi,0,0,,,,,,,,,
426720,2009/10,2009-11-03,Sheikh Zayed Stadium,2,24.6,New Zealand,Pakistan,AJ Redmond,DL Vettori,Shahid Afridi,0,0,,,,,,,,,
426720,2009/10,2009-11-03,Sheikh Zayed Stadium,2,24.7,New Zealand,Pakistan,AJ Redmond,DL Vettori,Shahid Afridi,0,0,,,,,,,,,
426720,2009/10,2009-11-03,Sheikh Zayed Stadium,2,25.1,New Zealand,Pakistan,DL Vettori,AJ Redmond,Saeed Ajmal,0,0,,,,,,,,,
426720,2009/10,2009-11-03,Sheikh Zayed Stadium,2,25.2,New Zealand,Pakistan,DL Vettori,AJ Redmond,Saeed Ajmal,1,0,,,,,,,,,
426720,2009/10,2009-11-03,Sheikh Zayed Stadium,2,25.3,New Zealand,Pakistan,AJ Redmond,DL Vettori,Saeed Ajmal,0,0,,,,,,,,,
426720,2009/10,2009-11-03,Sheikh Zayed Stadium,2,25.4,New Zealand,Pakistan,AJ Redmond,DL Vettori,Saeed Ajmal,0,0,,,,,,,,,
426720,2009/10,2009-11-03,Sheikh Zayed Stadium,2,25.5,New Zealand,Pakistan,AJ Redmond,DL Vettori,Saeed Ajmal,0,0,,,,,,,,,
426720,2009/10,2009-11-03,Sheikh Zayed Stadium,2,25.6,New Zealand,Pakistan,AJ Redmond,DL Vettori,Saeed Ajmal,1,0,,,,,,,,,
426720,2009/10,2009-11-03,Sheikh Zayed Stadium,2,26.1,New Zealand,Pakistan,AJ Redmond,DL Vettori,Shahid Afridi,2,0,,,,,,,,,
426720,2009/10,2009-11-03,Sheikh Zayed Stadium,2,26.2,New Zealand,Pakistan,AJ Redmond,DL Vettori,Shahid Afridi,0,0,,,,,,,,,
426720,2009/10,2009-11-03,Sheikh Zayed Stadium,2,26.3,New Zealand,Pakistan,AJ Redmond,DL Vettori,Shahid Afridi,1,0,,,,,,,,,
426720,2009/10,2009-11-03,Sheikh Zayed Stadium,2,26.4,New Zealand,Pakistan,DL Vettori,AJ Redmond,Shahid Afridi,2,0,,,,,,,,,
426720,2009/10,2009-11-03,Sheikh Zayed Stadium,2,26.5,New Zealand,Pakistan,DL Vettori,AJ Redmond,Shahid Afridi,0,0,,,,,,,,,
426720,2009/10,2009-11-03,Sheikh Zayed Stadium,2,26.6,New Zealand,Pakistan,DL Vettori,AJ Redmond,Shahid Afridi,0,0,,,,,,,,,
426720,2009/10,2009-11-03,Sheikh Zayed Stadium,2,27.1,New Zealand,Pakistan,AJ Redmond,DL Vettori,Saeed Ajmal,2,0,,,,,,,,,
426720,2009/10,2009-11-03,Sheikh Zayed Stadium,2,27.2,New Zealand,Pakistan,AJ Redmond,DL Vettori,Saeed Ajmal,1,0,,,,,,,,,
426720,2009/10,2009-11-03,Sheikh Zayed Stadium,2,27.3,New Zealand,Pakistan,DL Vettori,AJ Redmond,Saeed Ajmal,1,0,,,,,,,,,
426720,2009/10,2009-11-03,Sheikh Zayed Stadium,2,27.4,New Zealand,Pakistan,AJ Redmond,DL Vettori,Saeed Ajmal,0,0,,,,,,,,,
426720,2009/10,2009-11-03,Sheikh Zayed Stadium,2,27.5,New Zealand,Pakistan,AJ Redmond,DL Vettori,Saeed Ajmal,2,0,,,,,,,,,
426720,2009/10,2009-11-03,Sheikh Zayed Stadium,2,27.6,New Zealand,Pakistan,AJ Redmond,DL Vettori,Saeed Ajmal,0,0,,,,,,,,,
426720,2009/10,2009-11-03,Sheikh Zayed Stadium,2,28.1,New Zealand,Pakistan,DL Vettori,AJ Redmond,Abdul Razzaq,0,0,,,,,,,,,
426720,2009/10,2009-11-03,Sheikh Zayed Stadium,2,28.2,New Zealand,Pakistan,DL Vettori,AJ Redmond,Abdul Razzaq,1,0,,,,,,,,,
426720,2009/10,2009-11-03,Sheikh Zayed Stadium,2,28.3,New Zealand,Pakistan,AJ Redmond,DL Vettori,Abdul Razzaq,0,0,,,,,,,,,
426720,2009/10,2009-11-03,Sheikh Zayed Stadium,2,28.4,New Zealand,Pakistan,AJ Redmond,DL Vettori,Abdul Razzaq,0,0,,,,,,,,,
426720,2009/10,2009-11-03,Sheikh Zayed Stadium,2,28.5,New Zealand,Pakistan,AJ Redmond,DL Vettori,Abdul Razzaq,0,0,,,,,,,,,
426720,2009/10,2009-11-03,Sheikh Zayed Stadium,2,28.6,New Zealand,Pakistan,AJ Redmond,DL Vettori,Abdul Razzaq,0,0,,,,,,,,,
426720,2009/10,2009-11-03,Sheikh Zayed Stadium,2,29.1,New Zealand,Pakistan,DL Vettori,AJ Redmond,Saeed Ajmal,1,0,,,,,,,,,
426720,2009/10,2009-11-03,Sheikh Zayed Stadium,2,29.2,New Zealand,Pakistan,AJ Redmond,DL Vettori,Saeed Ajmal,0,0,,,,,,,,,
426720,2009/10,2009-11-03,Sheikh Zayed Stadium,2,29.3,New Zealand,Pakistan,AJ Redmond,DL Vettori,Saeed Ajmal,0,0,,,,,,lbw,AJ Redmond,,
426720,2009/10,2009-11-03,Sheikh Zayed Stadium,2,29.4,New Zealand,Pakistan,JDP Oram,DL Vettori,Saeed Ajmal,0,0,,,,,,,,,
426720,2009/10,2009-11-03,Sheikh Zayed Stadium,2,29.5,New Zealand,Pakistan,JDP Oram,DL Vettori,Saeed Ajmal,0,0,,,,,,,,,
426720,2009/10,2009-11-03,Sheikh Zayed Stadium,2,29.6,New Zealand,Pakistan,JDP Oram,DL Vettori,Saeed Ajmal,0,0,,,,,,,,,
426720,2009/10,2009-11-03,Sheikh Zayed Stadium,2,30.1,New Zealand,Pakistan,DL Vettori,JDP Oram,Abdul Razzaq,0,0,,,,,,,,,
426720,2009/10,2009-11-03,Sheikh Zayed Stadium,2,30.2,New Zealand,Pakistan,DL Vettori,JDP Oram,Abdul Razzaq,4,0,,,,,,,,,
426720,2009/10,2009-11-03,Sheikh Zayed Stadium,2,30.3,New Zealand,Pakistan,DL Vettori,JDP Oram,Abdul Razzaq,1,0,,,,,,,,,
426720,2009/10,2009-11-03,Sheikh Zayed Stadium,2,30.4,New Zealand,Pakistan,JDP Oram,DL Vettori,Abdul Razzaq,0,0,,,,,,,,,
426720,2009/10,2009-11-03,Sheikh Zayed Stadium,2,30.5,New Zealand,Pakistan,JDP Oram,DL Vettori,Abdul Razzaq,0,0,,,,,,,,,
426720,2009/10,2009-11-03,Sheikh Zayed Stadium,2,30.6,New Zealand,Pakistan,JDP Oram,DL Vettori,Abdul Razzaq,0,0,,,,,,,,,
426720,2009/10,2009-11-03,Sheikh Zayed Stadium,2,31.1,New Zealand,Pakistan,DL Vettori,JDP Oram,Saeed Ajmal,0,0,,,,,,,,,
426720,2009/10,2009-11-03,Sheikh Zayed Stadium,2,31.2,New Zealand,Pakistan,DL Vettori,JDP Oram,Saeed Ajmal,1,0,,,,,,,,,
426720,2009/10,2009-11-03,Sheikh Zayed Stadium,2,31.3,New Zealand,Pakistan,JDP Oram,DL Vettori,Saeed Ajmal,0,0,,,,,,,,,
426720,2009/10,2009-11-03,Sheikh Zayed Stadium,2,31.4,New Zealand,Pakistan,JDP Oram,DL Vettori,Saeed Ajmal,0,0,,,,,,,,,
426720,2009/10,2009-11-03,Sheikh Zayed Stadium,2,31.5,New Zealand,Pakistan,JDP Oram,DL Vettori,Saeed Ajmal,0,1,,,,1,,,,,
426720,2009/10,2009-11-03,Sheikh Zayed Stadium,2,31.6,New Zealand,Pakistan,DL Vettori,JDP Oram,Saeed Ajmal,0,0,,,,,,,,,
426720,2009/10,2009-11-03,Sheikh Zayed Stadium,2,32.1,New Zealand,Pakistan,JDP Oram,DL Vettori,Abdul Razzaq,0,0,,,,,,,,,
426720,2009/10,2009-11-03,Sheikh Zayed Stadium,2,32.2,New Zealand,Pakistan,JDP Oram,DL Vettori,Abdul Razzaq,0,0,,,,,,,,,
426720,2009/10,2009-11-03,Sheikh Zayed Stadium,2,32.3,New Zealand,Pakistan,JDP Oram,DL Vettori,Abdul Razzaq,4,0,,,,,,,,,
426720,2009/10,2009-11-03,Sheikh Zayed Stadium,2,32.4,New Zealand,Pakistan,JDP Oram,DL Vettori,Abdul Razzaq,2,0,,,,,,,,,
426720,2009/10,2009-11-03,Sheikh Zayed Stadium,2,32.5,New Zealand,Pakistan,JDP Oram,DL Vettori,Abdul Razzaq,1,0,,,,,,,,,
426720,2009/10,2009-11-03,Sheikh Zayed Stadium,2,32.6,New Zealand,Pakistan,DL Vettori,JDP Oram,Abdul Razzaq,0,0,,,,,,,,,
426720,2009/10,2009-11-03,Sheikh Zayed Stadium,2,33.1,New Zealand,Pakistan,JDP Oram,DL Vettori,Saeed Ajmal,0,0,,,,,,,,,
426720,2009/10,2009-11-03,Sheikh Zayed Stadium,2,33.2,New Zealand,Pakistan,JDP Oram,DL Vettori,Saeed Ajmal,0,0,,,,,,,,,
426720,2009/10,2009-11-03,Sheikh Zayed Stadium,2,33.3,New Zealand,Pakistan,JDP Oram,DL Vettori,Saeed Ajmal,1,0,,,,,,,,,
426720,2009/10,2009-11-03,Sheikh Zayed Stadium,2,33.4,New Zealand,Pakistan,DL Vettori,JDP Oram,Saeed Ajmal,0,0,,,,,,,,,
426720,2009/10,2009-11-03,Sheikh Zayed Stadium,2,33.5,New Zealand,Pakistan,DL Vettori,JDP Oram,Saeed Ajmal,2,0,,,,,,,,,
426720,2009/10,2009-11-03,Sheikh Zayed Stadium,2,33.6,New Zealand,Pakistan,DL Vettori,JDP Oram,Saeed Ajmal,1,0,,,,,,,,,
426720,2009/10,2009-11-03,Sheikh Zayed Stadium,2,34.1,New Zealand,Pakistan,DL Vettori,JDP Oram,Shahid Afridi,1,0,,,,,,,,,
426720,2009/10,2009-11-03,Sheikh Zayed Stadium,2,34.2,New Zealand,Pakistan,JDP Oram,DL Vettori,Shahid Afridi,0,0,,,,,,,,,
426720,2009/10,2009-11-03,Sheikh Zayed Stadium,2,34.3,New Zealand,Pakistan,JDP Oram,DL Vettori,Shahid Afridi,0,0,,,,,,,,,
426720,2009/10,2009-11-03,Sheikh Zayed Stadium,2,34.4,New Zealand,Pakistan,JDP Oram,DL Vettori,Shahid Afridi,1,0,,,,,,,,,
426720,2009/10,2009-11-03,Sheikh Zayed Stadium,2,34.5,New Zealand,Pakistan,DL Vettori,JDP Oram,Shahid Afridi,0,0,,,,,,bowled,DL Vettori,,
426720,2009/10,2009-11-03,Sheikh Zayed Stadium,2,34.6,New Zealand,Pakistan,NL McCullum,JDP Oram,Shahid Afridi,0,0,,,,,,lbw,NL McCullum,,
426720,2009/10,2009-11-03,Sheikh Zayed Stadium,2,35.1,New Zealand,Pakistan,JDP Oram,IG Butler,Abdul Razzaq,0,0,,,,,,,,,
426720,2009/10,2009-11-03,Sheikh Zayed Stadium,2,35.2,New Zealand,Pakistan,JDP Oram,IG Butler,Abdul Razzaq,0,0,,,,,,,,,
426720,2009/10,2009-11-03,Sheikh Zayed Stadium,2,35.3,New Zealand,Pakistan,JDP Oram,IG Butler,Abdul Razzaq,0,0,,,,,,bowled,JDP Oram,,
426720,2009/10,2009-11-03,Sheikh Zayed Stadium,2,35.4,New Zealand,Pakistan,SE Bond,IG Butler,Abdul Razzaq,0,0,,,,,,,,,
426720,2009/10,2009-11-03,Sheikh Zayed Stadium,2,35.5,New Zealand,Pakistan,SE Bond,IG Butler,Abdul Razzaq,0,0,,,,,,,,,
426720,2009/10,2009-11-03,Sheikh Zayed Stadium,2,35.6,New Zealand,Pakistan,SE Bond,IG Butler,Abdul Razzaq,0,0,,,,,,,,,
426720,2009/10,2009-11-03,Sheikh Zayed Stadium,2,36.1,New Zealand,Pakistan,IG Butler,SE Bond,Shahid Afridi,0,0,,,,,,,,,
426720,2009/10,2009-11-03,Sheikh Zayed Stadium,2,36.2,New Zealand,Pakistan,IG Butler,SE Bond,Shahid Afridi,0,0,,,,,,,,,
426720,2009/10,2009-11-03,Sheikh Zayed Stadium,2,36.3,New Zealand,Pakistan,IG Butler,SE Bond,Shahid Afridi,0,0,,,,,,,,,
426720,2009/10,2009-11-03,Sheikh Zayed Stadium,2,36.4,New Zealand,Pakistan,IG Butler,SE Bond,Shahid Afridi,0,0,,,,,,,,,
426720,2009/10,2009-11-03,Sheikh Zayed Stadium,2,36.5,New Zealand,Pakistan,IG Butler,SE Bond,Shahid Afridi,0,0,,,,,,,,,
426720,2009/10,2009-11-03,Sheikh Zayed Stadium,2,36.6,New Zealand,Pakistan,IG Butler,SE Bond,Shahid Afridi,4,0,,,,,,,,,
426720,2009/10,2009-11-03,Sheikh Zayed Stadium,2,37.1,New Zealand,Pakistan,SE Bond,IG Butler,Abdul Razzaq,1,0,,,,,,,,,
426720,2009/10,2009-11-03,Sheikh Zayed Stadium,2,37.2,New Zealand,Pakistan,IG Butler,SE Bond,Abdul Razzaq,0,0,,,,,,run out,IG Butler,,
426720,2009/10,2009-11-03,Sheikh Zayed Stadium,2,37.3,New Zealand,Pakistan,SE Bond,TG Southee,Abdul Razzaq,1,0,,,,,,,,,
426720,2009/10,2009-11-03,Sheikh Zayed Stadium,2,37.4,New Zealand,Pakistan,TG Southee,SE Bond,Abdul Razzaq,0,0,,,,,,,,,
426720,2009/10,2009-11-03,Sheikh Zayed Stadium,2,37.5,New Zealand,Pakistan,TG Southee,SE Bond,Abdul Razzaq,0,0,,,,,,,,,
426720,2009/10,2009-11-03,Sheikh Zayed Stadium,2,37.6,New Zealand,Pakistan,TG Southee,SE Bond,Abdul Razzaq,0,0,,,,,,,,,
426720,2009/10,2009-11-03,Sheikh Zayed Stadium,2,38.1,New Zealand,Pakistan,SE Bond,TG Southee,Shahid Afridi,1,0,,,,,,,,,
426720,2009/10,2009-11-03,Sheikh Zayed Stadium,2,38.2,New Zealand,Pakistan,TG Southee,SE Bond,Shahid Afridi,0,0,,,,,,,,,
426720,2009/10,2009-11-03,Sheikh Zayed Stadium,2,38.3,New Zealand,Pakistan,TG Southee,SE Bond,Shahid Afridi,0,0,,,,,,,,,
426720,2009/10,2009-11-03,Sheikh Zayed Stadium,2,38.4,New Zealand,Pakistan,TG Southee,SE Bond,Shahid Afridi,1,0,,,,,,,,,
426720,2009/10,2009-11-03,Sheikh Zayed Stadium,2,38.5,New Zealand,Pakistan,SE Bond,TG Southee,Shahid Afridi,0,0,,,,,,,,,
426720,2009/10,2009-11-03,Sheikh Zayed Stadium,2,38.6,New Zealand,Pakistan,SE Bond,TG Southee,Shahid Afridi,0,1,,,,1,,,,,
426720,2009/10,2009-11-03,Sheikh Zayed Stadium,2,39.1,New Zealand,Pakistan,SE Bond,TG Southee,Saeed Ajmal,1,0,,,,,,,,,
426720,2009/10,2009-11-03,Sheikh Zayed Stadium,2,39.2,New Zealand,Pakistan,TG Southee,SE Bond,Saeed Ajmal,0,0,,,,,,lbw,TG Southee,,
