match_id,season,start_date,venue,innings,ball,batting_team,bowling_team,striker,non_striker,bowler,runs_off_bat,extras,wides,noballs,byes,legbyes,penalty,wicket_type,player_dismissed,other_wicket_type,other_player_dismissed
430886,2009/10,2009-12-15,Madhavrao Scindia Cricket Ground,1,0.1,India,Sri Lanka,V Sehwag,SR Tendulkar,KMDN Kulasekara,0,0,,,,,,,,,
430886,2009/10,2009-12-15,Madhavrao Scindia Cricket Ground,1,0.2,India,Sri Lanka,V Sehwag,SR Tendulkar,KMDN Kulasekara,0,0,,,,,,,,,
430886,2009/10,2009-12-15,Madhavrao Scindia Cricket Ground,1,0.3,India,Sri Lanka,V Sehwag,SR Tendulkar,KMDN Kulasekara,4,0,,,,,,,,,
430886,2009/10,2009-12-15,Madhavrao Scindia Cricket Ground,1,0.4,India,Sri Lanka,V Sehwag,SR Tendulkar,KMDN Kulasekara,0,0,,,,,,,,,
430886,2009/10,2009-12-15,Madhavrao Scindia Cricket Ground,1,0.5,India,Sri Lanka,V Sehwag,SR Tendulkar,KMDN Kulasekara,0,0,,,,,,,,,
430886,2009/10,2009-12-15,Madhavrao Scindia Cricket Ground,1,0.6,India,Sri Lanka,V Sehwag,SR Tendulkar,KMDN Kulasekara,0,0,,,,,,,,,
430886,2009/10,2009-12-15,Madhavrao Scindia Cricket Ground,1,1.1,India,Sri Lanka,SR Tendulkar,V Sehwag,UWMBCA Welegedara,2,0,,,,,,,,,
430886,2009/10,2009-12-15,Madhavrao Scindia Cricket Ground,1,1.2,India,Sri Lanka,SR Tendulkar,V Sehwag,UWMBCA Welegedara,0,0,,,,,,,,,
430886,2009/10,2009-12-15,Madhavrao Scindia Cricket Ground,1,1.3,India,Sri Lanka,SR Tendulkar,V Sehwag,UWMBCA Welegedara,0,0,,,,,,,,,
430886,2009/10,2009-12-15,Madhavrao Scindia Cricket Ground,1,1.4,India,Sri Lanka,SR Tendulkar,V Sehwag,UWMBCA Welegedara,0,0,,,,,,,,,
430886,2009/10,2009-12-15,Madhavrao Scindia Cricket Ground,1,1.5,India,Sri Lanka,SR Tendulkar,V Sehwag,UWMBCA Welegedara,0,0,,,,,,,,,
430886,2009/10,2009-12-15,Madhavrao Scindia Cricket Ground,1,1.6,India,Sri Lanka,SR Tendulkar,V Sehwag,UWMBCA Welegedara,0,0,,,,,,,,,
430886,2009/10,2009-12-15,Madhavrao Scindia Cricket Ground,1,2.1,India,Sri Lanka,V Sehwag,SR Tendulkar,KMDN Kulasekara,0,0,,,,,,,,,
430886,2009/10,2009-12-15,Madhavrao Scindia Cricket Ground,1,2.2,India,Sri Lanka,V Sehwag,SR Tendulkar,KMDN Kulasekara,0,0,,,,,,,,,
430886,2009/10,2009-12-15,Madhavrao Scindia Cricket Ground,1,2.3,India,Sri Lanka,V Sehwag,SR Tendulkar,KMDN Kulasekara,4,0,,,,,,,,,
430886,2009/10,2009-12-15,Madhavrao Scindia Cricket Ground,1,2.4,India,Sri Lanka,V Sehwag,SR Tendulkar,KMDN Kulasekara,0,0,,,,,,,,,
430886,2009/10,2009-12-15,Madhavrao Scindia Cricket Ground,1,2.5,India,Sri Lanka,V Sehwag,SR Tendulkar,KMDN Kulasekara,0,0,,,,,,,,,
430886,2009/10,2009-12-15,Madhavrao Scindia Cricket Ground,1,2.6,India,Sri Lanka,V Sehwag,SR Tendulkar,KMDN Kulasekara,0,0,,,,,,,,,
430886,2009/10,2009-12-15,Madhavrao Scindia Cricket Ground,1,3.1,India,Sri Lanka,SR Tendulkar,V Sehwag,UWMBCA Welegedara,0,0,,,,,,,,,
430886,2009/10,2009-12-15,Madhavrao Scindia Cricket Ground,1,3.2,India,Sri Lanka,SR Tendulkar,V Sehwag,UWMBCA Welegedara,0,0,,,,,,,,,
430886,2009/10,2009-12-15,Madhavrao Scindia Cricket Ground,1,3.3,India,Sri Lanka,SR Tendulkar,V Sehwag,UWMBCA Welegedara,0,0,,,,,,,,,
430886,2009/10,2009-12-15,Madhavrao Scindia Cricket Ground,1,3.4,India,Sri Lanka,SR Tendulkar,V Sehwag,UWMBCA Welegedara,0,0,,,,,,,,,
430886,2009/10,2009-12-15,Madhavrao Scindia Cricket Ground,1,3.5,India,Sri Lanka,SR Tendulkar,V Sehwag,UWMBCA Welegedara,0,0,,,,,,,,,
430886,2009/10,2009-12-15,Madhavrao Scindia Cricket Ground,1,3.6,India,Sri Lanka,SR Tendulkar,V Sehwag,UWMBCA Welegedara,4,0,,,,,,,,,
430886,2009/10,2009-12-15,Madhavrao Scindia Cricket Ground,1,4.1,India,Sri Lanka,V Sehwag,SR Tendulkar,KMDN Kulasekara,0,0,,,,,,,,,
430886,2009/10,2009-12-15,Madhavrao Scindia Cricket Ground,1,4.2,India,Sri Lanka,V Sehwag,SR Tendulkar,KMDN Kulasekara,1,0,,,,,,,,,
430886,2009/10,2009-12-15,Madhavrao Scindia Cricket Ground,1,4.3,India,Sri Lanka,SR Tendulkar,V Sehwag,KMDN Kulasekara,0,0,,,,,,,,,
430886,2009/10,2009-12-15,Madhavrao Scindia Cricket Ground,1,4.4,India,Sri Lanka,SR Tendulkar,V Sehwag,KMDN Kulasekara,0,0,,,,,,,,,
430886,2009/10,2009-12-15,Madhavrao Scindia Cricket Ground,1,4.5,India,Sri Lanka,SR Tendulkar,V Sehwag,KMDN Kulasekara,4,0,,,,,,,,,
430886,2009/10,2009-12-15,Madhavrao Scindia Cricket Ground,1,4.6,India,Sri Lanka,SR Tendulkar,V Sehwag,KMDN Kulasekara,0,0,,,,,,,,,
430886,2009/10,2009-12-15,Madhavrao Scindia Cricket Ground,1,5.1,India,Sri Lanka,V Sehwag,SR Tendulkar,UWMBCA Welegedara,0,0,,,,,,,,,
430886,2009/10,2009-12-15,Madhavrao Scindia Cricket Ground,1,5.2,India,Sri Lanka,V Sehwag,SR Tendulkar,UWMBCA Welegedara,4,0,,,,,,,,,
430886,2009/10,2009-12-15,Madhavrao Scindia Cricket Ground,1,5.3,India,Sri Lanka,V Sehwag,SR Tendulkar,UWMBCA Welegedara,0,0,,,,,,,,,
430886,2009/10,2009-12-15,Madhavrao Scindia Cricket Ground,1,5.4,India,Sri Lanka,V Sehwag,SR Tendulkar,UWMBCA Welegedara,0,0,,,,,,,,,
430886,2009/10,2009-12-15,Madhavrao Scindia Cricket Ground,1,5.5,India,Sri Lanka,V Sehwag,SR Tendulkar,UWMBCA Welegedara,4,0,,,,,,,,,
430886,2009/10,2009-12-15,Madhavrao Scindia Cricket Ground,1,5.6,India,Sri Lanka,V Sehwag,SR Tendulkar,UWMBCA Welegedara,4,0,,,,,,,,,
430886,2009/10,2009-12-15,Madhavrao Scindia Cricket Ground,1,6.1,India,Sri Lanka,SR Tendulkar,V Sehwag,KMDN Kulasekara,0,0,,,,,,,,,
430886,2009/10,2009-12-15,Madhavrao Scindia Cricket Ground,1,6.2,India,Sri Lanka,SR Tendulkar,V Sehwag,KMDN Kulasekara,0,0,,,,,,,,,
430886,2009/10,2009-12-15,Madhavrao Scindia Cricket Ground,1,6.3,India,Sri Lanka,SR Tendulkar,V Sehwag,KMDN Kulasekara,4,0,,,,,,,,,
430886,2009/10,2009-12-15,Madhavrao Scindia Cricket Ground,1,6.4,India,Sri Lanka,SR Tendulkar,V Sehwag,KMDN Kulasekara,0,0,,,,,,,,,
430886,2009/10,2009-12-15,Madhavrao Scindia Cricket Ground,1,6.5,India,Sri Lanka,SR Tendulkar,V Sehwag,KMDN Kulasekara,1,0,,,,,,,,,
430886,2009/10,2009-12-15,Madhavrao Scindia Cricket Ground,1,6.6,India,Sri Lanka,V Sehwag,SR Tendulkar,KMDN Kulasekara,0,0,,,,,,,,,
430886,2009/10,2009-12-15,Madhavrao Scindia Cricket Ground,1,7.1,India,Sri Lanka,SR Tendulkar,V Sehwag,UWMBCA Welegedara,4,0,,,,,,,,,
430886,2009/10,2009-12-15,Madhavrao Scindia Cricket Ground,1,7.2,India,Sri Lanka,SR Tendulkar,V Sehwag,UWMBCA Welegedara,1,0,,,,,,,,,
430886,2009/10,2009-12-15,Madhavrao Scindia Cricket Ground,1,7.3,India,Sri Lanka,V Sehwag,SR Tendulkar,UWMBCA Welegedara,0,0,,,,,,,,,
430886,2009/10,2009-12-15,Madhavrao Scindia Cricket Ground,1,7.4,India,Sri Lanka,V Sehwag,SR Tendulkar,UWMBCA Welegedara,2,0,,,,,,,,,
430886,2009/10,2009-12-15,Madhavrao Scindia Cricket Ground,1,7.5,India,Sri Lanka,V Sehwag,SR Tendulkar,UWMBCA Welegedara,1,0,,,,,,,,,
430886,2009/10,2009-12-15,Madhavrao Scindia Cricket Ground,1,7.6,India,Sri Lanka,SR Tendulkar,V Sehwag,UWMBCA Welegedara,0,0,,,,,,,,,
430886,2009/10,2009-12-15,Madhavrao Scindia Cricket Ground,1,8.1,India,Sri Lanka,V Sehwag,SR Tendulkar,KMDN Kulasekara,4,0,,,,,,,,,
430886,2009/10,2009-12-15,Madhavrao Scindia Cricket Ground,1,8.2,India,Sri Lanka,V Sehwag,SR Tendulkar,KMDN Kulasekara,0,0,,,,,,,,,
430886,2009/10,2009-12-15,Madhavrao Scindia Cricket Ground,1,8.3,India,Sri Lanka,V Sehwag,SR Tendulkar,KMDN Kulasekara,6,0,,,,,,,,,
430886,2009/10,2009-12-15,Madhavrao Scindia Cricket Ground,1,8.4,India,Sri Lanka,V Sehwag,SR Tendulkar,KMDN Kulasekara,0,0,,,,,,,,,
430886,2009/10,2009-12-15,Madhavrao Scindia Cricket Ground,1,8.5,India,Sri Lanka,V Sehwag,SR Tendulkar,KMDN Kulasekara,6,0,,,,,,,,,
430886,2009/10,2009-12-15,Madhavrao Scindia Cricket Ground,1,8.6,India,Sri Lanka,V Sehwag,SR Tendulkar,KMDN Kulasekara,0,0,,,,,,,,,
430886,2009/10,2009-12-15,Madhavrao Scindia Cricket Ground,1,9.1,India,Sri Lanka,SR Tendulkar,V Sehwag,UWMBCA Welegedara,0,0,,,,,,,,,
430886,2009/10,2009-12-15,Madhavrao Scindia Cricket Ground,1,9.2,India,Sri Lanka,SR Tendulkar,V Sehwag,UWMBCA Welegedara,1,0,,,,,,,,,
430886,2009/10,2009-12-15,Madhavrao Scindia Cricket Ground,1,9.3,India,Sri Lanka,V Sehwag,SR Tendulkar,UWMBCA Welegedara,0,0,,,,,,,,,
430886,2009/10,2009-12-15,Madhavrao Scindia Cricket Ground,1,9.4,India,Sri Lanka,V Sehwag,SR Tendulkar,UWMBCA Welegedara,4,0,,,,,,,,,
430886,2009/10,2009-12-15,Madhavrao Scindia Cricket Ground,1,9.5,India,Sri Lanka,V Sehwag,SR Tendulkar,UWMBCA Welegedara,2,0,,,,,,,,,
430886,2009/10,2009-12-15,Madhavrao Scindia Cricket Ground,1,9.6,India,Sri Lanka,V Sehwag,SR Tendulkar,UWMBCA Welegedara,4,0,,,,,,,,,
430886,2009/10,2009-12-15,Madhavrao Scindia Cricket Ground,1,10.1,India,Sri Lanka,SR Tendulkar,V Sehwag,CRD Fernando,1,0,,,,,,,,,
430886,2009/10,2009-12-15,Madhavrao Scindia Cricket Ground,1,10.2,India,Sri Lanka,V Sehwag,SR Tendulkar,CRD Fernando,2,0,,,,,,,,,
430886,2009/10,2009-12-15,Madhavrao Scindia Cricket Ground,1,10.3,India,Sri Lanka,V Sehwag,SR Tendulkar,CRD Fernando,0,0,,,,,,,,,
430886,2009/10,2009-12-15,Madhavrao Scindia Cricket Ground,1,10.4,India,Sri Lanka,V Sehwag,SR Tendulkar,CRD Fernando,0,0,,,,,,,,,
430886,2009/10,2009-12-15,Madhavrao Scindia Cricket Ground,1,10.5,India,Sri Lanka,V Sehwag,SR Tendulkar,CRD Fernando,0,1,,,,1,,,,,
430886,2009/10,2009-12-15,Madhavrao Scindia Cricket Ground,1,10.6,India,Sri Lanka,SR Tendulkar,V Sehwag,CRD Fernando,1,0,,,,,,,,,
430886,2009/10,2009-12-15,Madhavrao Scindia Cricket Ground,1,11.1,India,Sri Lanka,SR Tendulkar,V Sehwag,UWMBCA Welegedara,2,0,,,,,,,,,
430886,2009/10,2009-12-15,Madhavrao Scindia Cricket Ground,1,11.2,India,Sri Lanka,SR Tendulkar,V Sehwag,UWMBCA Welegedara,0,0,,,,,,,,,
430886,2009/10,2009-12-15,Madhavrao Scindia Cricket Ground,1,11.3,India,Sri Lanka,SR Tendulkar,V Sehwag,UWMBCA Welegedara,0,0,,,,,,,,,
430886,2009/10,2009-12-15,Madhavrao Scindia Cricket Ground,1,11.4,India,Sri Lanka,SR Tendulkar,V Sehwag,UWMBCA Welegedara,0,0,,,,,,,,,
430886,2009/10,2009-12-15,Madhavrao Scindia Cricket Ground,1,11.5,India,Sri Lanka,SR Tendulkar,V Sehwag,UWMBCA Welegedara,2,0,,,,,,,,,
430886,2009/10,2009-12-15,Madhavrao Scindia Cricket Ground,1,11.6,India,Sri Lanka,SR Tendulkar,V Sehwag,UWMBCA Welegedara,4,0,,,,,,,,,
430886,2009/10,2009-12-15,Madhavrao Scindia Cricket Ground,1,12.1,India,Sri Lanka,V Sehwag,SR Tendulkar,CRD Fernando,1,0,,,,,,,,,
430886,2009/10,2009-12-15,Madhavrao Scindia Cricket Ground,1,12.2,India,Sri Lanka,SR Tendulkar,V Sehwag,CRD Fernando,4,0,,,,,,,,,
430886,2009/10,2009-12-15,Madhavrao Scindia Cricket Ground,1,12.3,India,Sri Lanka,SR Tendulkar,V Sehwag,CRD Fernando,0,0,,,,,,,,,
430886,2009/10,2009-12-15,Madhavrao Scindia Cricket Ground,1,12.4,India,Sri Lanka,SR Tendulkar,V Sehwag,CRD Fernando,0,0,,,,,,,,,
430886,2009/10,2009-12-15,Madhavrao Scindia Cricket Ground,1,12.5,India,Sri Lanka,SR Tendulkar,V Sehwag,CRD Fernando,0,0,,,,,,,,,
430886,2009/10,2009-12-15,Madhavrao Scindia Cricket Ground,1,12.6,India,Sri Lanka,SR Tendulkar,V Sehwag,CRD Fernando,1,0,,,,,,,,,
430886,2009/10,2009-12-15,Madhavrao Scindia Cricket Ground,1,13.1,India,Sri Lanka,SR Tendulkar,V Sehwag,UWMBCA Welegedara,1,0,,,,,,,,,
430886,2009/10,2009-12-15,Madhavrao Scindia Cricket Ground,1,13.2,India,Sri Lanka,V Sehwag,SR Tendulkar,UWMBCA Welegedara,1,0,,,,,,,,,
430886,2009/10,2009-12-15,Madhavrao Scindia Cricket Ground,1,13.3,India,Sri Lanka,SR Tendulkar,V Sehwag,UWMBCA Welegedara,0,0,,,,,,,,,
430886,2009/10,2009-12-15,Madhavrao Scindia Cricket Ground,1,13.4,India,Sri Lanka,SR Tendulkar,V Sehwag,UWMBCA Welegedara,4,0,,,,,,,,,
430886,2009/10,2009-12-15,Madhavrao Scindia Cricket Ground,1,13.5,India,Sri Lanka,SR Tendulkar,V Sehwag,UWMBCA Welegedara,1,0,,,,,,,,,
430886,2009/10,2009-12-15,Madhavrao Scindia Cricket Ground,1,13.6,India,Sri Lanka,V Sehwag,SR Tendulkar,UWMBCA Welegedara,0,0,,,,,,,,,
430886,2009/10,2009-12-15,Madhavrao Scindia Cricket Ground,1,14.1,India,Sri Lanka,SR Tendulkar,V Sehwag,CRD Fernando,0,0,,,,,,,,,
430886,2009/10,2009-12-15,Madhavrao Scindia Cricket Ground,1,14.2,India,Sri Lanka,SR Tendulkar,V Sehwag,CRD Fernando,2,0,,,,,,,,,
430886,2009/10,2009-12-15,Madhavrao Scindia Cricket Ground,1,14.3,India,Sri Lanka,SR Tendulkar,V Sehwag,CRD Fernando,4,0,,,,,,,,,
430886,2009/10,2009-12-15,Madhavrao Scindia Cricket Ground,1,14.4,India,Sri Lanka,SR Tendulkar,V Sehwag,CRD Fernando,0,0,,,,,,,,,
430886,2009/10,2009-12-15,Madhavrao Scindia Cricket Ground,1,14.5,India,Sri Lanka,SR Tendulkar,V Sehwag,CRD Fernando,4,0,,,,,,,,,
430886,2009/10,2009-12-15,Madhavrao Scindia Cricket Ground,1,14.6,India,Sri Lanka,SR Tendulkar,V Sehwag,CRD Fernando,0,0,,,,,,,,,
430886,2009/10,2009-12-15,Madhavrao Scindia Cricket Ground,1,15.1,India,Sri Lanka,V Sehwag,SR Tendulkar,AD Mathews,4,0,,,,,,,,,
430886,2009/10,2009-12-15,Madhavrao Scindia Cricket Ground,1,15.2,India,Sri Lanka,V Sehwag,SR Tendulkar,AD Mathews,1,0,,,,,,,,,
430886,2009/10,2009-12-15,Madhavrao Scindia Cricket Ground,1,15.3,India,Sri Lanka,SR Tendulkar,V Sehwag,AD Mathews,1,0,,,,,,,,,
430886,2009/10,2009-12-15,Madhavrao Scindia Cricket Ground,1,15.4,India,Sri Lanka,V Sehwag,SR Tendulkar,AD Mathews,6,0,,,,,,,,,
430886,2009/10,2009-12-15,Madhavrao Scindia Cricket Ground,1,15.5,India,Sri Lanka,V Sehwag,SR Tendulkar,AD Mathews,0,0,,,,,,,,,
430886,2009/10,2009-12-15,Madhavrao Scindia Cricket Ground,1,15.6,India,Sri Lanka,V Sehwag,SR Tendulkar,AD Mathews,6,0,,,,,,,,,
430886,2009/10,2009-12-15,Madhavrao Scindia Cricket Ground,1,16.1,India,Sri Lanka,SR Tendulkar,V Sehwag,ST Jayasuriya,0,1,1,,,,,,,,
430886,2009/10,2009-12-15,Madhavrao Scindia Cricket Ground,1,16.2,India,Sri Lanka,SR Tendulkar,V Sehwag,ST Jayasuriya,0,1,,,,1,,,,,
430886,2009/10,2009-12-15,Madhavrao Scindia Cricket Ground,1,16.3,India,Sri Lanka,V Sehwag,SR Tendulkar,ST Jayasuriya,1,0,,,,,,,,,
430886,2009/10,2009-12-15,Madhavrao Scindia Cricket Ground,1,16.4,India,Sri Lanka,SR Tendulkar,V Sehwag,ST Jayasuriya,6,0,,,,,,,,,
430886,2009/10,2009-12-15,Madhavrao Scindia Cricket Ground,1,16.5,India,Sri Lanka,SR Tendulkar,V Sehwag,ST Jayasuriya,1,0,,,,,,,,,
430886,2009/10,2009-12-15,Madhavrao Scindia Cricket Ground,1,16.6,India,Sri Lanka,V Sehwag,SR Tendulkar,ST Jayasuriya,1,0,,,,,,,,,
430886,2009/10,2009-12-15,Madhavrao Scindia Cricket Ground,1,16.7,India,Sri Lanka,SR Tendulkar,V Sehwag,ST Jayasuriya,1,0,,,,,,,,,
430886,2009/10,2009-12-15,Madhavrao Scindia Cricket Ground,1,17.1,India,Sri Lanka,SR Tendulkar,V Sehwag,CRD Fernando,4,0,,,,,,,,,
430886,2009/10,2009-12-15,Madhavrao Scindia Cricket Ground,1,17.2,India,Sri Lanka,SR Tendulkar,V Sehwag,CRD Fernando,0,0,,,,,,,,,
430886,2009/10,2009-12-15,Madhavrao Scindia Cricket Ground,1,17.3,India,Sri Lanka,SR Tendulkar,V Sehwag,CRD Fernando,1,0,,,,,,,,,
430886,2009/10,2009-12-15,Madhavrao Scindia Cricket Ground,1,17.4,India,Sri Lanka,V Sehwag,SR Tendulkar,CRD Fernando,1,0,,,,,,,,,
430886,2009/10,2009-12-15,Madhavrao Scindia Cricket Ground,1,17.5,India,Sri Lanka,SR Tendulkar,V Sehwag,CRD Fernando,1,0,,,,,,,,,
430886,2009/10,2009-12-15,Madhavrao Scindia Cricket Ground,1,17.6,India,Sri Lanka,V Sehwag,SR Tendulkar,CRD Fernando,1,0,,,,,,,,,
430886,2009/10,2009-12-15,Madhavrao Scindia Cricket Ground,1,18.1,India,Sri Lanka,V Sehwag,SR Tendulkar,ST Jayasuriya,0,0,,,,,,,,,
430886,2009/10,2009-12-15,Madhavrao Scindia Cricket Ground,1,18.2,India,Sri Lanka,V Sehwag,SR Tendulkar,ST Jayasuriya,1,0,,,,,,,,,
430886,2009/10,2009-12-15,Madhavrao Scindia Cricket Ground,1,18.3,India,Sri Lanka,SR Tendulkar,V Sehwag,ST Jayasuriya,1,0,,,,,,,,,
430886,2009/10,2009-12-15,Madhavrao Scindia Cricket Ground,1,18.4,India,Sri Lanka,V Sehwag,SR Tendulkar,ST Jayasuriya,1,0,,,,,,,,,
430886,2009/10,2009-12-15,Madhavrao Scindia Cricket Ground,1,18.5,India,Sri Lanka,SR Tendulkar,V Sehwag,ST Jayasuriya,1,0,,,,,,,,,
430886,2009/10,2009-12-15,Madhavrao Scindia Cricket Ground,1,18.6,India,Sri Lanka,V Sehwag,SR Tendulkar,ST Jayasuriya,4,0,,,,,,,,,
430886,2009/10,2009-12-15,Madhavrao Scindia Cricket Ground,1,19.1,India,Sri Lanka,SR Tendulkar,V Sehwag,CRD Fernando,0,0,,,,,,,,,
430886,2009/10,2009-12-15,Madhavrao Scindia Cricket Ground,1,19.2,India,Sri Lanka,SR Tendulkar,V Sehwag,CRD Fernando,0,0,,,,,,,,,
430886,2009/10,2009-12-15,Madhavrao Scindia Cricket Ground,1,19.3,India,Sri Lanka,SR Tendulkar,V Sehwag,CRD Fernando,0,0,,,,,,bowled,SR Tendulkar,,
430886,2009/10,2009-12-15,Madhavrao Scindia Cricket Ground,1,19.4,India,Sri Lanka,MS Dhoni,V Sehwag,CRD Fernando,0,5,,5,,,,,,,
430886,2009/10,2009-12-15,Madhavrao Scindia Cricket Ground,1,19.5,India,Sri Lanka,MS Dhoni,V Sehwag,CRD Fernando,0,1,1,,,,,,,,
430886,2009/10,2009-12-15,Madhavrao Scindia Cricket Ground,1,19.6,India,Sri Lanka,MS Dhoni,V Sehwag,CRD Fernando,1,0,,,,,,,,,
430886,2009/10,2009-12-15,Madhavrao Scindia Cricket Ground,1,19.7,India,Sri Lanka,V Sehwag,MS Dhoni,CRD Fernando,1,0,,,,,,,,,
430886,2009/10,2009-12-15,Madhavrao Scindia Cricket Ground,1,19.8,India,Sri Lanka,MS Dhoni,V Sehwag,CRD Fernando,0,0,,,,,,,,,
430886,2009/10,2009-12-15,Madhavrao Scindia Cricket Ground,1,20.1,India,Sri Lanka,V Sehwag,MS Dhoni,ST Jayasuriya,0,1,1,,,,,,,,
430886,2009/10,2009-12-15,Madhavrao Scindia Cricket Ground,1,20.2,India,Sri Lanka,V Sehwag,MS Dhoni,ST Jayasuriya,1,0,,,,,,,,,
430886,2009/10,2009-12-15,Madhavrao Scindia Cricket Ground,1,20.3,India,Sri Lanka,MS Dhoni,V Sehwag,ST Jayasuriya,1,0,,,,,,,,,
430886,2009/10,2009-12-15,Madhavrao Scindia Cricket Ground,1,20.4,India,Sri Lanka,V Sehwag,MS Dhoni,ST Jayasuriya,1,0,,,,,,,,,
430886,2009/10,2009-12-15,Madhavrao Scindia Cricket Ground,1,20.5,India,Sri Lanka,MS Dhoni,V Sehwag,ST Jayasuriya,0,0,,,,,,,,,
430886,2009/10,2009-12-15,Madhavrao Scindia Cricket Ground,1,20.6,India,Sri Lanka,MS Dhoni,V Sehwag,ST Jayasuriya,0,0,,,,,,,,,
430886,2009/10,2009-12-15,Madhavrao Scindia Cricket Ground,1,20.7,India,Sri Lanka,MS Dhoni,V Sehwag,ST Jayasuriya,1,0,,,,,,,,,
430886,2009/10,2009-12-15,Madhavrao Scindia Cricket Ground,1,21.1,India,Sri Lanka,MS Dhoni,V Sehwag,CRD Fernando,1,0,,,,,,,,,
430886,2009/10,2009-12-15,Madhavrao Scindia Cricket Ground,1,21.2,India,Sri Lanka,V Sehwag,MS Dhoni,CRD Fernando,1,0,,,,,,,,,
430886,2009/10,2009-12-15,Madhavrao Scindia Cricket Ground,1,21.3,India,Sri Lanka,MS Dhoni,V Sehwag,CRD Fernando,0,0,,,,,,,,,
430886,2009/10,2009-12-15,Madhavrao Scindia Cricket Ground,1,21.4,India,Sri Lanka,MS Dhoni,V Sehwag,CRD Fernando,0,0,,,,,,,,,
430886,2009/10,2009-12-15,Madhavrao Scindia Cricket Ground,1,21.5,India,Sri Lanka,MS Dhoni,V Sehwag,CRD Fernando,1,0,,,,,,,,,
430886,2009/10,2009-12-15,Madhavrao Scindia Cricket Ground,1,21.6,India,Sri Lanka,V Sehwag,MS Dhoni,CRD Fernando,0,0,,,,,,,,,
430886,2009/10,2009-12-15,Madhavrao Scindia Cricket Ground,1,22.1,India,Sri Lanka,MS Dhoni,V Sehwag,ST Jayasuriya,0,1,,,,1,,,,,
430886,2009/10,2009-12-15,Madhavrao Scindia Cricket Ground,1,22.2,India,Sri Lanka,V Sehwag,MS Dhoni,ST Jayasuriya,1,0,,,,,,,,,
430886,2009/10,2009-12-15,Madhavrao Scindia Cricket Ground,1,22.3,India,Sri Lanka,MS Dhoni,V Sehwag,ST Jayasuriya,1,0,,,,,,,,,
430886,2009/10,2009-12-15,Madhavrao Scindia Cricket Ground,1,22.4,India,Sri Lanka,V Sehwag,MS Dhoni,ST Jayasuriya,0,0,,,,,,,,,
430886,2009/10,2009-12-15,Madhavrao Scindia Cricket Ground,1,22.5,India,Sri Lanka,V Sehwag,MS Dhoni,ST Jayasuriya,6,0,,,,,,,,,
430886,2009/10,2009-12-15,Madhavrao Scindia Cricket Ground,1,22.6,India,Sri Lanka,V Sehwag,MS Dhoni,ST Jayasuriya,1,0,,,,,,,,,
430886,2009/10,2009-12-15,Madhavrao Scindia Cricket Ground,1,23.1,India,Sri Lanka,V Sehwag,MS Dhoni,AD Mathews,1,0,,,,,,,,,
430886,2009/10,2009-12-15,Madhavrao Scindia Cricket Ground,1,23.2,India,Sri Lanka,MS Dhoni,V Sehwag,AD Mathews,1,0,,,,,,,,,
430886,2009/10,2009-12-15,Madhavrao Scindia Cricket Ground,1,23.3,India,Sri Lanka,V Sehwag,MS Dhoni,AD Mathews,0,1,1,,,,,,,,
430886,2009/10,2009-12-15,Madhavrao Scindia Cricket Ground,1,23.4,India,Sri Lanka,V Sehwag,MS Dhoni,AD Mathews,4,0,,,,,,,,,
430886,2009/10,2009-12-15,Madhavrao Scindia Cricket Ground,1,23.5,India,Sri Lanka,V Sehwag,MS Dhoni,AD Mathews,4,0,,,,,,,,,
430886,2009/10,2009-12-15,Madhavrao Scindia Cricket Ground,1,23.6,India,Sri Lanka,V Sehwag,MS Dhoni,AD Mathews,0,0,,,,,,,,,
430886,2009/10,2009-12-15,Madhavrao Scindia Cricket Ground,1,23.7,India,Sri Lanka,V Sehwag,MS Dhoni,AD Mathews,1,0,,,,,,,,,
430886,2009/10,2009-12-15,Madhavrao Scindia Cricket Ground,1,24.1,India,Sri Lanka,V Sehwag,MS Dhoni,ST Jayasuriya,0,2,2,,,,,,,,
430886,2009/10,2009-12-15,Madhavrao Scindia Cricket Ground,1,24.2,India,Sri Lanka,MS Dhoni,V Sehwag,ST Jayasuriya,6,0,,,,,,,,,
430886,2009/10,2009-12-15,Madhavrao Scindia Cricket Ground,1,24.3,India,Sri Lanka,MS Dhoni,V Sehwag,ST Jayasuriya,4,0,,,,,,,,,
430886,2009/10,2009-12-15,Madhavrao Scindia Cricket Ground,1,24.4,India,Sri Lanka,MS Dhoni,V Sehwag,ST Jayasuriya,0,0,,,,,,,,,
430886,2009/10,2009-12-15,Madhavrao Scindia Cricket Ground,1,24.5,India,Sri Lanka,MS Dhoni,V Sehwag,ST Jayasuriya,1,0,,,,,,,,,
430886,2009/10,2009-12-15,Madhavrao Scindia Cricket Ground,1,24.6,India,Sri Lanka,V Sehwag,MS Dhoni,ST Jayasuriya,1,0,,,,,,,,,
430886,2009/10,2009-12-15,Madhavrao Scindia Cricket Ground,1,24.7,India,Sri Lanka,MS Dhoni,V Sehwag,ST Jayasuriya,4,0,,,,,,,,,
430886,2009/10,2009-12-15,Madhavrao Scindia Cricket Ground,1,25.1,India,Sri Lanka,V Sehwag,MS Dhoni,SHT Kandamby,1,0,,,,,,,,,
430886,2009/10,2009-12-15,Madhavrao Scindia Cricket Ground,1,25.2,India,Sri Lanka,MS Dhoni,V Sehwag,SHT Kandamby,1,0,,,,,,,,,
430886,2009/10,2009-12-15,Madhavrao Scindia Cricket Ground,1,25.3,India,Sri Lanka,V Sehwag,MS Dhoni,SHT Kandamby,1,0,,,,,,,,,
430886,2009/10,2009-12-15,Madhavrao Scindia Cricket Ground,1,25.4,India,Sri Lanka,MS Dhoni,V Sehwag,SHT Kandamby,1,0,,,,,,,,,
430886,2009/10,2009-12-15,Madhavrao Scindia Cricket Ground,1,25.5,India,Sri Lanka,V Sehwag,MS Dhoni,SHT Kandamby,0,1,1,,,,,,,,
430886,2009/10,2009-12-15,Madhavrao Scindia Cricket Ground,1,25.6,India,Sri Lanka,V Sehwag,MS Dhoni,SHT Kandamby,1,0,,,,,,,,,
430886,2009/10,2009-12-15,Madhavrao Scindia Cricket Ground,1,25.7,India,Sri Lanka,MS Dhoni,V Sehwag,SHT Kandamby,1,0,,,,,,,,,
430886,2009/10,2009-12-15,Madhavrao Scindia Cricket Ground,1,26.1,India,Sri Lanka,MS Dhoni,V Sehwag,TM Dilshan,1,0,,,,,,,,,
430886,2009/10,2009-12-15,Madhavrao Scindia Cricket Ground,1,26.2,India,Sri Lanka,V Sehwag,MS Dhoni,TM Dilshan,0,0,,,,,,,,,
430886,2009/10,2009-12-15,Madhavrao Scindia Cricket Ground,1,26.3,India,Sri Lanka,V Sehwag,MS Dhoni,TM Dilshan,4,0,,,,,,,,,
430886,2009/10,2009-12-15,Madhavrao Scindia Cricket Ground,1,26.4,India,Sri Lanka,V Sehwag,MS Dhoni,TM Dilshan,1,0,,,,,,,,,
430886,2009/10,2009-12-15,Madhavrao Scindia Cricket Ground,1,26.5,India,Sri Lanka,MS Dhoni,V Sehwag,TM Dilshan,4,0,,,,,,,,,
430886,2009/10,2009-12-15,Madhavrao Scindia Cricket Ground,1,26.6,India,Sri Lanka,MS Dhoni,V Sehwag,TM Dilshan,1,0,,,,,,,,,
430886,2009/10,2009-12-15,Madhavrao Scindia Cricket Ground,1,27.1,India,Sri Lanka,MS Dhoni,V Sehwag,SHT Kandamby,0,1,,,1,,,,,,
430886,2009/10,2009-12-15,Madhavrao Scindia Cricket Ground,1,27.2,India,Sri Lanka,V Sehwag,MS Dhoni,SHT Kandamby,1,0,,,,,,,,,
430886,2009/10,2009-12-15,Madhavrao Scindia Cricket Ground,1,27.3,India,Sri Lanka,MS Dhoni,V Sehwag,SHT Kandamby,1,0,,,,,,,,,
430886,2009/10,2009-12-15,Madhavrao Scindia Cricket Ground,1,27.4,India,Sri Lanka,V Sehwag,MS Dhoni,SHT Kandamby,1,0,,,,,,,,,
430886,2009/10,2009-12-15,Madhavrao Scindia Cricket Ground,1,27.5,India,Sri Lanka,MS Dhoni,V Sehwag,SHT Kandamby,0,0,,,,,,,,,
430886,2009/10,2009-12-15,Madhavrao Scindia Cricket Ground,1,27.6,India,Sri Lanka,MS Dhoni,V Sehwag,SHT Kandamby,1,0,,,,,,,,,
430886,2009/10,2009-12-15,Madhavrao Scindia Cricket Ground,1,28.1,India,Sri Lanka,MS Dhoni,V Sehwag,TM Dilshan,0,0,,,,,,,,,
430886,2009/10,2009-12-15,Madhavrao Scindia Cricket Ground,1,28.2,India,Sri Lanka,MS Dhoni,V Sehwag,TM Dilshan,6,0,,,,,,,,,
430886,2009/10,2009-12-15,Madhavrao Scindia Cricket Ground,1,28.3,India,Sri Lanka,MS Dhoni,V Sehwag,TM Dilshan,4,0,,,,,,,,,
430886,2009/10,2009-12-15,Madhavrao Scindia Cricket Ground,1,28.4,India,Sri Lanka,MS Dhoni,V Sehwag,TM Dilshan,1,0,,,,,,,,,
430886,2009/10,2009-12-15,Madhavrao Scindia Cricket Ground,1,28.5,India,Sri Lanka,V Sehwag,MS Dhoni,TM Dilshan,4,0,,,,,,,,,
430886,2009/10,2009-12-15,Madhavrao Scindia Cricket Ground,1,28.6,India,Sri Lanka,V Sehwag,MS Dhoni,TM Dilshan,0,0,,,,,,,,,
430886,2009/10,2009-12-15,Madhavrao Scindia Cricket Ground,1,29.1,India,Sri Lanka,MS Dhoni,V Sehwag,SHT Kandamby,6,0,,,,,,,,,
430886,2009/10,2009-12-15,Madhavrao Scindia Cricket Ground,1,29.2,India,Sri Lanka,MS Dhoni,V Sehwag,SHT Kandamby,0,1,1,,,,,,,,
430886,2009/10,2009-12-15,Madhavrao Scindia Cricket Ground,1,29.3,India,Sri Lanka,MS Dhoni,V Sehwag,SHT Kandamby,1,0,,,,,,,,,
430886,2009/10,2009-12-15,Madhavrao Scindia Cricket Ground,1,29.4,India,Sri Lanka,V Sehwag,MS Dhoni,SHT Kandamby,1,0,,,,,,,,,
430886,2009/10,2009-12-15,Madhavrao Scindia Cricket Ground,1,29.5,India,Sri Lanka,MS Dhoni,V Sehwag,SHT Kandamby,2,0,,,,,,,,,
430886,2009/10,2009-12-15,Madhavrao Scindia Cricket Ground,1,29.6,India,Sri Lanka,MS Dhoni,V Sehwag,SHT Kandamby,1,0,,,,,,,,,
430886,2009/10,2009-12-15,Madhavrao Scindia Cricket Ground,1,29.7,India,Sri Lanka,V Sehwag,MS Dhoni,SHT Kandamby,2,0,,,,,,,,,
430886,2009/10,2009-12-15,Madhavrao Scindia Cricket Ground,1,30.1,India,Sri Lanka,MS Dhoni,V Sehwag,KMDN Kulasekara,1,0,,,,,,,,,
430886,2009/10,2009-12-15,Madhavrao Scindia Cricket Ground,1,30.2,India,Sri Lanka,V Sehwag,MS Dhoni,KMDN Kulasekara,2,0,,,,,,,,,
430886,2009/10,2009-12-15,Madhavrao Scindia Cricket Ground,1,30.3,India,Sri Lanka,V Sehwag,MS Dhoni,KMDN Kulasekara,0,1,,,,1,,,,,
430886,2009/10,2009-12-15,Madhavrao Scindia Cricket Ground,1,30.4,India,Sri Lanka,MS Dhoni,V Sehwag,KMDN Kulasekara,0,1,,,1,,,,,,
430886,2009/10,2009-12-15,Madhavrao Scindia Cricket Ground,1,30.5,India,Sri Lanka,V Sehwag,MS Dhoni,KMDN Kulasekara,0,0,,,,,,,,,
430886,2009/10,2009-12-15,Madhavrao Scindia Cricket Ground,1,30.6,India,Sri Lanka,V Sehwag,MS Dhoni,KMDN Kulasekara,1,0,,,,,,,,,
430886,2009/10,2009-12-15,Madhavrao Scindia Cricket Ground,1,31.1,India,Sri Lanka,V Sehwag,MS Dhoni,SHT Kandamby,6,0,,,,,,,,,
430886,2009/10,2009-12-15,Madhavrao Scindia Cricket Ground,1,31.2,India,Sri Lanka,V Sehwag,MS Dhoni,SHT Kandamby,0,0,,,,,,,,,
430886,2009/10,2009-12-15,Madhavrao Scindia Cricket Ground,1,31.3,India,Sri Lanka,V Sehwag,MS Dhoni,SHT Kandamby,4,0,,,,,,,,,
430886,2009/10,2009-12-15,Madhavrao Scindia Cricket Ground,1,31.4,India,Sri Lanka,V Sehwag,MS Dhoni,SHT Kandamby,1,0,,,,,,,,,
430886,2009/10,2009-12-15,Madhavrao Scindia Cricket Ground,1,31.5,India,Sri Lanka,MS Dhoni,V Sehwag,SHT Kandamby,1,0,,,,,,,,,
430886,2009/10,2009-12-15,Madhavrao Scindia Cricket Ground,1,31.6,India,Sri Lanka,V Sehwag,MS Dhoni,SHT Kandamby,1,0,,,,,,,,,
430886,2009/10,2009-12-15,Madhavrao Scindia Cricket Ground,1,32.1,India,Sri Lanka,V Sehwag,MS Dhoni,KMDN Kulasekara,1,0,,,,,,,,,
430886,2009/10,2009-12-15,Madhavrao Scindia Cricket Ground,1,32.2,India,Sri Lanka,MS Dhoni,V Sehwag,KMDN Kulasekara,0,0,,,,,,,,,
430886,2009/10,2009-12-15,Madhavrao Scindia Cricket Ground,1,32.3,India,Sri Lanka,MS Dhoni,V Sehwag,KMDN Kulasekara,1,0,,,,,,,,,
430886,2009/10,2009-12-15,Madhavrao Scindia Cricket Ground,1,32.4,India,Sri Lanka,V Sehwag,MS Dhoni,KMDN Kulasekara,0,2,,,2,,,,,,
430886,2009/10,2009-12-15,Madhavrao Scindia Cricket Ground,1,32.5,India,Sri Lanka,V Sehwag,MS Dhoni,KMDN Kulasekara,0,0,,,,,,,,,
430886,2009/10,2009-12-15,Madhavrao Scindia Cricket Ground,1,32.6,India,Sri Lanka,V Sehwag,MS Dhoni,KMDN Kulasekara,4,0,,,,,,,,,
430886,2009/10,2009-12-15,Madhavrao Scindia Cricket Ground,1,33.1,India,Sri Lanka,MS Dhoni,V Sehwag,ST Jayasuriya,1,0,,,,,,,,,
430886,2009/10,2009-12-15,Madhavrao Scindia Cricket Ground,1,33.2,India,Sri Lanka,V Sehwag,MS Dhoni,ST Jayasuriya,0,0,,,,,,,,,
430886,2009/10,2009-12-15,Madhavrao Scindia Cricket Ground,1,33.3,India,Sri Lanka,V Sehwag,MS Dhoni,ST Jayasuriya,1,0,,,,,,,,,
430886,2009/10,2009-12-15,Madhavrao Scindia Cricket Ground,1,33.4,India,Sri Lanka,MS Dhoni,V Sehwag,ST Jayasuriya,0,1,1,,,,,,,,
430886,2009/10,2009-12-15,Madhavrao Scindia Cricket Ground,1,33.5,India,Sri Lanka,MS Dhoni,V Sehwag,ST Jayasuriya,1,0,,,,,,,,,
430886,2009/10,2009-12-15,Madhavrao Scindia Cricket Ground,1,33.6,India,Sri Lanka,V Sehwag,MS Dhoni,ST Jayasuriya,0,0,,,,,,,,,
430886,2009/10,2009-12-15,Madhavrao Scindia Cricket Ground,1,33.7,India,Sri Lanka,V Sehwag,MS Dhoni,ST Jayasuriya,4,0,,,,,,,,,
430886,2009/10,2009-12-15,Madhavrao Scindia Cricket Ground,1,34.1,India,Sri Lanka,MS Dhoni,V Sehwag,CRD Fernando,4,0,,,,,,,,,
430886,2009/10,2009-12-15,Madhavrao Scindia Cricket Ground,1,34.2,India,Sri Lanka,MS Dhoni,V Sehwag,CRD Fernando,4,0,,,,,,,,,
430886,2009/10,2009-12-15,Madhavrao Scindia Cricket Ground,1,34.3,India,Sri Lanka,MS Dhoni,V Sehwag,CRD Fernando,4,0,,,,,,,,,
430886,2009/10,2009-12-15,Madhavrao Scindia Cricket Ground,1,34.4,India,Sri Lanka,MS Dhoni,V Sehwag,CRD Fernando,0,0,,,,,,,,,
430886,2009/10,2009-12-15,Madhavrao Scindia Cricket Ground,1,34.5,India,Sri Lanka,MS Dhoni,V Sehwag,CRD Fernando,0,0,,,,,,,,,
430886,2009/10,2009-12-15,Madhavrao Scindia Cricket Ground,1,34.6,India,Sri Lanka,MS Dhoni,V Sehwag,CRD Fernando,0,0,,,,,,,,,
430886,2009/10,2009-12-15,Madhavrao Scindia Cricket Ground,1,35.1,India,Sri Lanka,V Sehwag,MS Dhoni,UWMBCA Welegedara,0,0,,,,,,,,,
430886,2009/10,2009-12-15,Madhavrao Scindia Cricket Ground,1,35.2,India,Sri Lanka,V Sehwag,MS Dhoni,UWMBCA Welegedara,0,1,,1,,,,,,,
430886,2009/10,2009-12-15,Madhavrao Scindia Cricket Ground,1,35.3,India,Sri Lanka,V Sehwag,MS Dhoni,UWMBCA Welegedara,0,0,,,,,,,,,
430886,2009/10,2009-12-15,Madhavrao Scindia Cricket Ground,1,35.4,India,Sri Lanka,V Sehwag,MS Dhoni,UWMBCA Welegedara,0,0,,,,,,caught,V Sehwag,,
430886,2009/10,2009-12-15,Madhavrao Scindia Cricket Ground,1,35.5,India,Sri Lanka,SK Raina,MS Dhoni,UWMBCA Welegedara,1,0,,,,,,,,,
430886,2009/10,2009-12-15,Madhavrao Scindia Cricket Ground,1,35.6,India,Sri Lanka,MS Dhoni,SK Raina,UWMBCA Welegedara,0,0,,,,,,,,,
430886,2009/10,2009-12-15,Madhavrao Scindia Cricket Ground,1,35.7,India,Sri Lanka,MS Dhoni,SK Raina,UWMBCA Welegedara,1,0,,,,,,,,,
430886,2009/10,2009-12-15,Madhavrao Scindia Cricket Ground,1,36.1,India,Sri Lanka,MS Dhoni,SK Raina,CRD Fernando,0,0,,,,,,caught,MS Dhoni,,
430886,2009/10,2009-12-15,Madhavrao Scindia Cricket Ground,1,36.2,India,Sri Lanka,G Gambhir,SK Raina,CRD Fernando,1,0,,,,,,,,,
430886,2009/10,2009-12-15,Madhavrao Scindia Cricket Ground,1,36.3,India,Sri Lanka,SK Raina,G Gambhir,CRD Fernando,0,0,,,,,,,,,
430886,2009/10,2009-12-15,Madhavrao Scindia Cricket Ground,1,36.4,India,Sri Lanka,SK Raina,G Gambhir,CRD Fernando,0,0,,,,,,,,,
430886,2009/10,2009-12-15,Madhavrao Scindia Cricket Ground,1,36.5,India,Sri Lanka,SK Raina,G Gambhir,CRD Fernando,1,0,,,,,,,,,
430886,2009/10,2009-12-15,Madhavrao Scindia Cricket Ground,1,36.6,India,Sri Lanka,G Gambhir,SK Raina,CRD Fernando,0,0,,,,,,,,,
430886,2009/10,2009-12-15,Madhavrao Scindia Cricket Ground,1,37.1,India,Sri Lanka,SK Raina,G Gambhir,UWMBCA Welegedara,1,0,,,,,,,,,
430886,2009/10,2009-12-15,Madhavrao Scindia Cricket Ground,1,37.2,India,Sri Lanka,G Gambhir,SK Raina,UWMBCA Welegedara,2,0,,,,,,,,,
430886,2009/10,2009-12-15,Madhavrao Scindia Cricket Ground,1,37.3,India,Sri Lanka,G Gambhir,SK Raina,UWMBCA Welegedara,1,0,,,,,,,,,
430886,2009/10,2009-12-15,Madhavrao Scindia Cricket Ground,1,37.4,India,Sri Lanka,SK Raina,G Gambhir,UWMBCA Welegedara,1,0,,,,,,,,,
430886,2009/10,2009-12-15,Madhavrao Scindia Cricket Ground,1,37.5,India,Sri Lanka,G Gambhir,SK Raina,UWMBCA Welegedara,1,0,,,,,,,,,
430886,2009/10,2009-12-15,Madhavrao Scindia Cricket Ground,1,37.6,India,Sri Lanka,SK Raina,G Gambhir,UWMBCA Welegedara,0,0,,,,,,,,,
430886,2009/10,2009-12-15,Madhavrao Scindia Cricket Ground,1,38.1,India,Sri Lanka,G Gambhir,SK Raina,KMDN Kulasekara,4,0,,,,,,,,,
430886,2009/10,2009-12-15,Madhavrao Scindia Cricket Ground,1,38.2,India,Sri Lanka,G Gambhir,SK Raina,KMDN Kulasekara,2,0,,,,,,,,,
430886,2009/10,2009-12-15,Madhavrao Scindia Cricket Ground,1,38.3,India,Sri Lanka,G Gambhir,SK Raina,KMDN Kulasekara,0,0,,,,,,caught,G Gambhir,,
430886,2009/10,2009-12-15,Madhavrao Scindia Cricket Ground,1,38.4,India,Sri Lanka,Harbhajan Singh,SK Raina,KMDN Kulasekara,1,0,,,,,,,,,
430886,2009/10,2009-12-15,Madhavrao Scindia Cricket Ground,1,38.5,India,Sri Lanka,SK Raina,Harbhajan Singh,KMDN Kulasekara,1,0,,,,,,,,,
430886,2009/10,2009-12-15,Madhavrao Scindia Cricket Ground,1,38.6,India,Sri Lanka,Harbhajan Singh,SK Raina,KMDN Kulasekara,2,0,,,,,,,,,
430886,2009/10,2009-12-15,Madhavrao Scindia Cricket Ground,1,39.1,India,Sri Lanka,SK Raina,Harbhajan Singh,AD Mathews,0,0,,,,,,,,,
430886,2009/10,2009-12-15,Madhavrao Scindia Cricket Ground,1,39.2,India,Sri Lanka,SK Raina,Harbhajan Singh,AD Mathews,0,0,,,,,,,,,
430886,2009/10,2009-12-15,Madhavrao Scindia Cricket Ground,1,39.3,India,Sri Lanka,SK Raina,Harbhajan Singh,AD Mathews,4,0,,,,,,,,,
430886,2009/10,2009-12-15,Madhavrao Scindia Cricket Ground,1,39.4,India,Sri Lanka,SK Raina,Harbhajan Singh,AD Mathews,1,0,,,,,,,,,
430886,2009/10,2009-12-15,Madhavrao Scindia Cricket Ground,1,39.5,India,Sri Lanka,Harbhajan Singh,SK Raina,AD Mathews,0,0,,,,,,,,,
430886,2009/10,2009-12-15,Madhavrao Scindia Cricket Ground,1,39.6,India,Sri Lanka,Harbhajan Singh,SK Raina,AD Mathews,1,0,,,,,,,,,
430886,2009/10,2009-12-15,Madhavrao Scindia Cricket Ground,1,40.1,India,Sri Lanka,Harbhajan Singh,SK Raina,KMDN Kulasekara,1,0,,,,,,,,,
430886,2009/10,2009-12-15,Madhavrao Scindia Cricket Ground,1,40.2,India,Sri Lanka,SK Raina,Harbhajan Singh,KMDN Kulasekara,4,0,,,,,,,,,
430886,2009/10,2009-12-15,Madhavrao Scindia Cricket Ground,1,40.3,India,Sri Lanka,SK Raina,Harbhajan Singh,KMDN Kulasekara,0,0,,,,,,,,,
430886,2009/10,2009-12-15,Madhavrao Scindia Cricket Ground,1,40.4,India,Sri Lanka,SK Raina,Harbhajan Singh,KMDN Kulasekara,0,0,,,,,,,,,
430886,2009/10,2009-12-15,Madhavrao Scindia Cricket Ground,1,40.5,India,Sri Lanka,SK Raina,Harbhajan Singh,KMDN Kulasekara,0,1,1,,,,,,,,
430886,2009/10,2009-12-15,Madhavrao Scindia Cricket Ground,1,40.6,India,Sri Lanka,SK Raina,Harbhajan Singh,KMDN Kulasekara,1,0,,,,,,,,,
430886,2009/10,2009-12-15,Madhavrao Scindia Cricket Ground,1,40.7,India,Sri Lanka,Harbhajan Singh,SK Raina,KMDN Kulasekara,0,0,,,,,,,,,
430886,2009/10,2009-12-15,Madhavrao Scindia Cricket Ground,1,41.1,India,Sri Lanka,SK Raina,Harbhajan Singh,AD Mathews,0,0,,,,,,,,,
430886,2009/10,2009-12-15,Madhavrao Scindia Cricket Ground,1,41.2,India,Sri Lanka,SK Raina,Harbhajan Singh,AD Mathews,0,0,,,,,,,,,
430886,2009/10,2009-12-15,Madhavrao Scindia Cricket Ground,1,41.3,India,Sri Lanka,SK Raina,Harbhajan Singh,AD Mathews,1,0,,,,,,,,,
430886,2009/10,2009-12-15,Madhavrao Scindia Cricket Ground,1,41.4,India,Sri Lanka,Harbhajan Singh,SK Raina,AD Mathews,0,0,,,,,,,,,
430886,2009/10,2009-12-15,Madhavrao Scindia Cricket Ground,1,41.5,India,Sri Lanka,Harbhajan Singh,SK Raina,AD Mathews,4,0,,,,,,,,,
430886,2009/10,2009-12-15,Madhavrao Scindia Cricket Ground,1,41.6,India,Sri Lanka,Harbhajan Singh,SK Raina,AD Mathews,0,0,,,,,,,,,
430886,2009/10,2009-12-15,Madhavrao Scindia Cricket Ground,1,42.1,India,Sri Lanka,SK Raina,Harbhajan Singh,KMDN Kulasekara,0,0,,,,,,caught,SK Raina,,
430886,2009/10,2009-12-15,Madhavrao Scindia Cricket Ground,1,42.2,India,Sri Lanka,Harbhajan Singh,V Kohli,KMDN Kulasekara,1,0,,,,,,,,,
430886,2009/10,2009-12-15,Madhavrao Scindia Cricket Ground,1,42.3,India,Sri Lanka,V Kohli,Harbhajan Singh,KMDN Kulasekara,0,1,,,1,,,,,,
430886,2009/10,2009-12-15,Madhavrao Scindia Cricket Ground,1,42.4,India,Sri Lanka,Harbhajan Singh,V Kohli,KMDN Kulasekara,0,0,,,,,,,,,
430886,2009/10,2009-12-15,Madhavrao Scindia Cricket Ground,1,42.5,India,Sri Lanka,Harbhajan Singh,V Kohli,KMDN Kulasekara,1,0,,,,,,,,,
430886,2009/10,2009-12-15,Madhavrao Scindia Cricket Ground,1,42.6,India,Sri Lanka,V Kohli,Harbhajan Singh,KMDN Kulasekara,2,0,,,,,,,,,
430886,2009/10,2009-12-15,Madhavrao Scindia Cricket Ground,1,43.1,India,Sri Lanka,Harbhajan Singh,V Kohli,AD Mathews,0,0,,,,,,caught,Harbhajan Singh,,
430886,2009/10,2009-12-15,Madhavrao Scindia Cricket Ground,1,43.2,India,Sri Lanka,RA Jadeja,V Kohli,AD Mathews,0,0,,,,,,,,,
430886,2009/10,2009-12-15,Madhavrao Scindia Cricket Ground,1,43.3,India,Sri Lanka,RA Jadeja,V Kohli,AD Mathews,1,0,,,,,,,,,
430886,2009/10,2009-12-15,Madhavrao Scindia Cricket Ground,1,43.4,India,Sri Lanka,V Kohli,RA Jadeja,AD Mathews,2,0,,,,,,,,,
430886,2009/10,2009-12-15,Madhavrao Scindia Cricket Ground,1,43.5,India,Sri Lanka,V Kohli,RA Jadeja,AD Mathews,0,0,,,,,,,,,
430886,2009/10,2009-12-15,Madhavrao Scindia Cricket Ground,1,43.6,India,Sri Lanka,V Kohli,RA Jadeja,AD Mathews,0,0,,,,,,,,,
430886,2009/10,2009-12-15,Madhavrao Scindia Cricket Ground,1,44.1,India,Sri Lanka,RA Jadeja,V Kohli,SHT Kandamby,1,0,,,,,,,,,
430886,2009/10,2009-12-15,Madhavrao Scindia Cricket Ground,1,44.2,India,Sri Lanka,V Kohli,RA Jadeja,SHT Kandamby,4,0,,,,,,,,,
430886,2009/10,2009-12-15,Madhavrao Scindia Cricket Ground,1,44.3,India,Sri Lanka,V Kohli,RA Jadeja,SHT Kandamby,4,0,,,,,,,,,
430886,2009/10,2009-12-15,Madhavrao Scindia Cricket Ground,1,44.4,India,Sri Lanka,V Kohli,RA Jadeja,SHT Kandamby,0,0,,,,,,,,,
430886,2009/10,2009-12-15,Madhavrao Scindia Cricket Ground,1,44.5,India,Sri Lanka,V Kohli,RA Jadeja,SHT Kandamby,1,0,,,,,,,,,
430886,2009/10,2009-12-15,Madhavrao Scindia Cricket Ground,1,44.6,India,Sri Lanka,RA Jadeja,V Kohli,SHT Kandamby,1,0,,,,,,,,,
430886,2009/10,2009-12-15,Madhavrao Scindia Cricket Ground,1,45.1,India,Sri Lanka,RA Jadeja,V Kohli,AD Mathews,1,0,,,,,,,,,
430886,2009/10,2009-12-15,Madhavrao Scindia Cricket Ground,1,45.2,India,Sri Lanka,V Kohli,RA Jadeja,AD Mathews,0,0,,,,,,,,,
430886,2009/10,2009-12-15,Madhavrao Scindia Cricket Ground,1,45.3,India,Sri Lanka,V Kohli,RA Jadeja,AD Mathews,1,0,,,,,,,,,
430886,2009/10,2009-12-15,Madhavrao Scindia Cricket Ground,1,45.4,India,Sri Lanka,RA Jadeja,V Kohli,AD Mathews,2,0,,,,,,,,,
430886,2009/10,2009-12-15,Madhavrao Scindia Cricket Ground,1,45.5,India,Sri Lanka,RA Jadeja,V Kohli,AD Mathews,0,1,1,,,,,,,,
430886,2009/10,2009-12-15,Madhavrao Scindia Cricket Ground,1,45.6,India,Sri Lanka,RA Jadeja,V Kohli,AD Mathews,1,0,,,,,,,,,
430886,2009/10,2009-12-15,Madhavrao Scindia Cricket Ground,1,45.7,India,Sri Lanka,V Kohli,RA Jadeja,AD Mathews,1,0,,,,,,,,,
430886,2009/10,2009-12-15,Madhavrao Scindia Cricket Ground,1,46.1,India,Sri Lanka,V Kohli,RA Jadeja,CRD Fernando,1,0,,,,,,,,,
430886,2009/10,2009-12-15,Madhavrao Scindia Cricket Ground,1,46.2,India,Sri Lanka,RA Jadeja,V Kohli,CRD Fernando,1,0,,,,,,,,,
430886,2009/10,2009-12-15,Madhavrao Scindia Cricket Ground,1,46.3,India,Sri Lanka,V Kohli,RA Jadeja,CRD Fernando,4,0,,,,,,,,,
430886,2009/10,2009-12-15,Madhavrao Scindia Cricket Ground,1,46.4,India,Sri Lanka,V Kohli,RA Jadeja,CRD Fernando,4,0,,,,,,,,,
430886,2009/10,2009-12-15,Madhavrao Scindia Cricket Ground,1,46.5,India,Sri Lanka,V Kohli,RA Jadeja,CRD Fernando,2,0,,,,,,,,,
430886,2009/10,2009-12-15,Madhavrao Scindia Cricket Ground,1,46.6,India,Sri Lanka,V Kohli,RA Jadeja,CRD Fernando,1,0,,,,,,,,,
430886,2009/10,2009-12-15,Madhavrao Scindia Cricket Ground,1,47.1,India,Sri Lanka,V Kohli,RA Jadeja,UWMBCA Welegedara,0,0,,,,,,,,,
430886,2009/10,2009-12-15,Madhavrao Scindia Cricket Ground,1,47.2,India,Sri Lanka,V Kohli,RA Jadeja,UWMBCA Welegedara,0,0,,,,,,bowled,V Kohli,,
430886,2009/10,2009-12-15,Madhavrao Scindia Cricket Ground,1,47.3,India,Sri Lanka,P Kumar,RA Jadeja,UWMBCA Welegedara,0,0,,,,,,,,,
430886,2009/10,2009-12-15,Madhavrao Scindia Cricket Ground,1,47.4,India,Sri Lanka,P Kumar,RA Jadeja,UWMBCA Welegedara,1,0,,,,,,,,,
430886,2009/10,2009-12-15,Madhavrao Scindia Cricket Ground,1,47.5,India,Sri Lanka,RA Jadeja,P Kumar,UWMBCA Welegedara,1,0,,,,,,,,,
430886,2009/10,2009-12-15,Madhavrao Scindia Cricket Ground,1,47.6,India,Sri Lanka,P Kumar,RA Jadeja,UWMBCA Welegedara,0,0,,,,,,,,,
430886,2009/10,2009-12-15,Madhavrao Scindia Cricket Ground,1,48.1,India,Sri Lanka,RA Jadeja,P Kumar,ST Jayasuriya,0,0,,,,,,,,,
430886,2009/10,2009-12-15,Madhavrao Scindia Cricket Ground,1,48.2,India,Sri Lanka,RA Jadeja,P Kumar,ST Jayasuriya,0,1,1,,,,,,,,
430886,2009/10,2009-12-15,Madhavrao Scindia Cricket Ground,1,48.3,India,Sri Lanka,RA Jadeja,P Kumar,ST Jayasuriya,6,0,,,,,,,,,
430886,2009/10,2009-12-15,Madhavrao Scindia Cricket Ground,1,48.4,India,Sri Lanka,RA Jadeja,P Kumar,ST Jayasuriya,1,0,,,,,,,,,
430886,2009/10,2009-12-15,Madhavrao Scindia Cricket Ground,1,48.5,India,Sri Lanka,P Kumar,RA Jadeja,ST Jayasuriya,1,0,,,,,,,,,
430886,2009/10,2009-12-15,Madhavrao Scindia Cricket Ground,1,48.6,India,Sri Lanka,RA Jadeja,P Kumar,ST Jayasuriya,2,0,,,,,,,,,
430886,2009/10,2009-12-15,Madhavrao Scindia Cricket Ground,1,48.7,India,Sri Lanka,RA Jadeja,P Kumar,ST Jayasuriya,6,0,,,,,,,,,
430886,2009/10,2009-12-15,Madhavrao Scindia Cricket Ground,1,49.1,India,Sri Lanka,P Kumar,RA Jadeja,AD Mathews,1,0,,,,,,,,,
430886,2009/10,2009-12-15,Madhavrao Scindia Cricket Ground,1,49.2,India,Sri Lanka,RA Jadeja,P Kumar,AD Mathews,1,0,,,,,,,,,
430886,2009/10,2009-12-15,Madhavrao Scindia Cricket Ground,1,49.3,India,Sri Lanka,P Kumar,RA Jadeja,AD Mathews,1,0,,,,,,,,,
430886,2009/10,2009-12-15,Madhavrao Scindia Cricket Ground,1,49.4,India,Sri Lanka,RA Jadeja,P Kumar,AD Mathews,4,0,,,,,,,,,
430886,2009/10,2009-12-15,Madhavrao Scindia Cricket Ground,1,49.5,India,Sri Lanka,RA Jadeja,P Kumar,AD Mathews,1,0,,,,,,,,,
430886,2009/10,2009-12-15,Madhavrao Scindia Cricket Ground,1,49.6,India,Sri Lanka,P Kumar,RA Jadeja,AD Mathews,1,0,,,,,,,,,
430886,2009/10,2009-12-15,Madhavrao Scindia Cricket Ground,2,0.1,Sri Lanka,India,WU Tharanga,TM Dilshan,P Kumar,0,0,,,,,,,,,
430886,2009/10,2009-12-15,Madhavrao Scindia Cricket Ground,2,0.2,Sri Lanka,India,WU Tharanga,TM Dilshan,P Kumar,0,0,,,,,,,,,
430886,2009/10,2009-12-15,Madhavrao Scindia Cricket Ground,2,0.3,Sri Lanka,India,WU Tharanga,TM Dilshan,P Kumar,4,0,,,,,,,,,
430886,2009/10,2009-12-15,Madhavrao Scindia Cricket Ground,2,0.4,Sri Lanka,India,WU Tharanga,TM Dilshan,P Kumar,1,0,,,,,,,,,
430886,2009/10,2009-12-15,Madhavrao Scindia Cricket Ground,2,0.5,Sri Lanka,India,TM Dilshan,WU Tharanga,P Kumar,0,0,,,,,,,,,
430886,2009/10,2009-12-15,Madhavrao Scindia Cricket Ground,2,0.6,Sri Lanka,India,TM Dilshan,WU Tharanga,P Kumar,0,0,,,,,,,,,
430886,2009/10,2009-12-15,Madhavrao Scindia Cricket Ground,2,1.1,Sri Lanka,India,WU Tharanga,TM Dilshan,A Nehra,1,0,,,,,,,,,
430886,2009/10,2009-12-15,Madhavrao Scindia Cricket Ground,2,1.2,Sri Lanka,India,TM Dilshan,WU Tharanga,A Nehra,0,0,,,,,,,,,
430886,2009/10,2009-12-15,Madhavrao Scindia Cricket Ground,2,1.3,Sri Lanka,India,TM Dilshan,WU Tharanga,A Nehra,0,0,,,,,,,,,
430886,2009/10,2009-12-15,Madhavrao Scindia Cricket Ground,2,1.4,Sri Lanka,India,TM Dilshan,WU Tharanga,A Nehra,0,1,1,,,,,,,,
430886,2009/10,2009-12-15,Madhavrao Scindia Cricket Ground,2,1.5,Sri Lanka,India,TM Dilshan,WU Tharanga,A Nehra,0,0,,,,,,,,,
430886,2009/10,2009-12-15,Madhavrao Scindia Cricket Ground,2,1.6,Sri Lanka,India,TM Dilshan,WU Tharanga,A Nehra,0,0,,,,,,,,,
430886,2009/10,2009-12-15,Madhavrao Scindia Cricket Ground,2,1.7,Sri Lanka,India,TM Dilshan,WU Tharanga,A Nehra,1,0,,,,,,,,,
430886,2009/10,2009-12-15,Madhavrao Scindia Cricket Ground,2,2.1,Sri Lanka,India,TM Dilshan,WU Tharanga,P Kumar,4,0,,,,,,,,,
430886,2009/10,2009-12-15,Madhavrao Scindia Cricket Ground,2,2.2,Sri Lanka,India,TM Dilshan,WU Tharanga,P Kumar,0,0,,,,,,,,,
430886,2009/10,2009-12-15,Madhavrao Scindia Cricket Ground,2,2.3,Sri Lanka,India,TM Dilshan,WU Tharanga,P Kumar,1,0,,,,,,,,,
430886,2009/10,2009-12-15,Madhavrao Scindia Cricket Ground,2,2.4,Sri Lanka,India,WU Tharanga,TM Dilshan,P Kumar,0,0,,,,,,,,,
430886,2009/10,2009-12-15,Madhavrao Scindia Cricket Ground,2,2.5,Sri Lanka,India,WU Tharanga,TM Dilshan,P Kumar,0,0,,,,,,,,,
430886,2009/10,2009-12-15,Madhavrao Scindia Cricket Ground,2,2.6,Sri Lanka,India,WU Tharanga,TM Dilshan,P Kumar,0,0,,,,,,,,,
430886,2009/10,2009-12-15,Madhavrao Scindia Cricket Ground,2,3.1,Sri Lanka,India,TM Dilshan,WU Tharanga,A Nehra,0,0,,,,,,,,,
430886,2009/10,2009-12-15,Madhavrao Scindia Cricket Ground,2,3.2,Sri Lanka,India,TM Dilshan,WU Tharanga,A Nehra,0,0,,,,,,,,,
430886,2009/10,2009-12-15,Madhavrao Scindia Cricket Ground,2,3.3,Sri Lanka,India,TM Dilshan,WU Tharanga,A Nehra,1,0,,,,,,,,,
430886,2009/10,2009-12-15,Madhavrao Scindia Cricket Ground,2,3.4,Sri Lanka,India,WU Tharanga,TM Dilshan,A Nehra,0,1,1,,,,,,,,
430886,2009/10,2009-12-15,Madhavrao Scindia Cricket Ground,2,3.5,Sri Lanka,India,WU Tharanga,TM Dilshan,A Nehra,0,0,,,,,,,,,
430886,2009/10,2009-12-15,Madhavrao Scindia Cricket Ground,2,3.6,Sri Lanka,India,WU Tharanga,TM Dilshan,A Nehra,4,0,,,,,,,,,
430886,2009/10,2009-12-15,Madhavrao Scindia Cricket Ground,2,3.7,Sri Lanka,India,WU Tharanga,TM Dilshan,A Nehra,0,0,,,,,,,,,
430886,2009/10,2009-12-15,Madhavrao Scindia Cricket Ground,2,4.1,Sri Lanka,India,TM Dilshan,WU Tharanga,P Kumar,0,0,,,,,,,,,
430886,2009/10,2009-12-15,Madhavrao Scindia Cricket Ground,2,4.2,Sri Lanka,India,TM Dilshan,WU Tharanga,P Kumar,4,0,,,,,,,,,
430886,2009/10,2009-12-15,Madhavrao Scindia Cricket Ground,2,4.3,Sri Lanka,India,TM Dilshan,WU Tharanga,P Kumar,0,0,,,,,,,,,
430886,2009/10,2009-12-15,Madhavrao Scindia Cricket Ground,2,4.4,Sri Lanka,India,TM Dilshan,WU Tharanga,P Kumar,1,0,,,,,,,,,
430886,2009/10,2009-12-15,Madhavrao Scindia Cricket Ground,2,4.5,Sri Lanka,India,WU Tharanga,TM Dilshan,P Kumar,0,0,,,,,,,,,
430886,2009/10,2009-12-15,Madhavrao Scindia Cricket Ground,2,4.6,Sri Lanka,India,WU Tharanga,TM Dilshan,P Kumar,1,0,,,,,,,,,
430886,2009/10,2009-12-15,Madhavrao Scindia Cricket Ground,2,5.1,Sri Lanka,India,WU Tharanga,TM Dilshan,A Nehra,6,0,,,,,,,,,
430886,2009/10,2009-12-15,Madhavrao Scindia Cricket Ground,2,5.2,Sri Lanka,India,WU Tharanga,TM Dilshan,A Nehra,0,1,1,,,,,,,,
430886,2009/10,2009-12-15,Madhavrao Scindia Cricket Ground,2,5.3,Sri Lanka,India,WU Tharanga,TM Dilshan,A Nehra,1,0,,,,,,,,,
430886,2009/10,2009-12-15,Madhavrao Scindia Cricket Ground,2,5.4,Sri Lanka,India,TM Dilshan,WU Tharanga,A Nehra,0,0,,,,,,,,,
430886,2009/10,2009-12-15,Madhavrao Scindia Cricket Ground,2,5.5,Sri Lanka,India,TM Dilshan,WU Tharanga,A Nehra,0,0,,,,,,,,,
430886,2009/10,2009-12-15,Madhavrao Scindia Cricket Ground,2,5.6,Sri Lanka,India,TM Dilshan,WU Tharanga,A Nehra,4,0,,,,,,,,,
430886,2009/10,2009-12-15,Madhavrao Scindia Cricket Ground,2,5.7,Sri Lanka,India,TM Dilshan,WU Tharanga,A Nehra,1,0,,,,,,,,,
430886,2009/10,2009-12-15,Madhavrao Scindia Cricket Ground,2,6.1,Sri Lanka,India,TM Dilshan,WU Tharanga,P Kumar,0,0,,,,,,,,,
430886,2009/10,2009-12-15,Madhavrao Scindia Cricket Ground,2,6.2,Sri Lanka,India,TM Dilshan,WU Tharanga,P Kumar,4,0,,,,,,,,,
430886,2009/10,2009-12-15,Madhavrao Scindia Cricket Ground,2,6.3,Sri Lanka,India,TM Dilshan,WU Tharanga,P Kumar,0,0,,,,,,,,,
430886,2009/10,2009-12-15,Madhavrao Scindia Cricket Ground,2,6.4,Sri Lanka,India,TM Dilshan,WU Tharanga,P Kumar,4,0,,,,,,,,,
430886,2009/10,2009-12-15,Madhavrao Scindia Cricket Ground,2,6.5,Sri Lanka,India,TM Dilshan,WU Tharanga,P Kumar,0,1,,,,1,,,,,
430886,2009/10,2009-12-15,Madhavrao Scindia Cricket Ground,2,6.6,Sri Lanka,India,WU Tharanga,TM Dilshan,P Kumar,0,0,,,,,,,,,
430886,2009/10,2009-12-15,Madhavrao Scindia Cricket Ground,2,7.1,Sri Lanka,India,TM Dilshan,WU Tharanga,A Nehra,2,0,,,,,,,,,
430886,2009/10,2009-12-15,Madhavrao Scindia Cricket Ground,2,7.2,Sri Lanka,India,TM Dilshan,WU Tharanga,A Nehra,4,0,,,,,,,,,
430886,2009/10,2009-12-15,Madhavrao Scindia Cricket Ground,2,7.3,Sri Lanka,India,TM Dilshan,WU Tharanga,A Nehra,4,0,,,,,,,,,
430886,2009/10,2009-12-15,Madhavrao Scindia Cricket Ground,2,7.4,Sri Lanka,India,TM Dilshan,WU Tharanga,A Nehra,4,0,,,,,,,,,
430886,2009/10,2009-12-15,Madhavrao Scindia Cricket Ground,2,7.5,Sri Lanka,India,TM Dilshan,WU Tharanga,A Nehra,0,0,,,,,,,,,
430886,2009/10,2009-12-15,Madhavrao Scindia Cricket Ground,2,7.6,Sri Lanka,India,TM Dilshan,WU Tharanga,A Nehra,1,0,,,,,,,,,
430886,2009/10,2009-12-15,Madhavrao Scindia Cricket Ground,2,8.1,Sri Lanka,India,TM Dilshan,WU Tharanga,P Kumar,0,0,,,,,,,,,
430886,2009/10,2009-12-15,Madhavrao Scindia Cricket Ground,2,8.2,Sri Lanka,India,TM Dilshan,WU Tharanga,P Kumar,4,0,,,,,,,,,
430886,2009/10,2009-12-15,Madhavrao Scindia Cricket Ground,2,8.3,Sri Lanka,India,TM Dilshan,WU Tharanga,P Kumar,1,0,,,,,,,,,
430886,2009/10,2009-12-15,Madhavrao Scindia Cricket Ground,2,8.4,Sri Lanka,India,WU Tharanga,TM Dilshan,P Kumar,4,0,,,,,,,,,
430886,2009/10,2009-12-15,Madhavrao Scindia Cricket Ground,2,8.5,Sri Lanka,India,WU Tharanga,TM Dilshan,P Kumar,0,0,,,,,,,,,
430886,2009/10,2009-12-15,Madhavrao Scindia Cricket Ground,2,8.6,Sri Lanka,India,WU Tharanga,TM Dilshan,P Kumar,0,0,,,,,,,,,
430886,2009/10,2009-12-15,Madhavrao Scindia Cricket Ground,2,9.1,Sri Lanka,India,TM Dilshan,WU Tharanga,Z Khan,1,0,,,,,,,,,
430886,2009/10,2009-12-15,Madhavrao Scindia Cricket Ground,2,9.2,Sri Lanka,India,WU Tharanga,TM Dilshan,Z Khan,1,0,,,,,,,,,
430886,2009/10,2009-12-15,Madhavrao Scindia Cricket Ground,2,9.3,Sri Lanka,India,TM Dilshan,WU Tharanga,Z Khan,1,0,,,,,,,,,
430886,2009/10,2009-12-15,Madhavrao Scindia Cricket Ground,2,9.4,Sri Lanka,India,WU Tharanga,TM Dilshan,Z Khan,1,0,,,,,,,,,
430886,2009/10,2009-12-15,Madhavrao Scindia Cricket Ground,2,9.5,Sri Lanka,India,TM Dilshan,WU Tharanga,Z Khan,4,0,,,,,,,,,
430886,2009/10,2009-12-15,Madhavrao Scindia Cricket Ground,2,9.6,Sri Lanka,India,TM Dilshan,WU Tharanga,Z Khan,0,1,1,,,,,,,,
430886,2009/10,2009-12-15,Madhavrao Scindia Cricket Ground,2,9.7,Sri Lanka,India,TM Dilshan,WU Tharanga,Z Khan,1,0,,,,,,,,,
430886,2009/10,2009-12-15,Madhavrao Scindia Cricket Ground,2,10.1,Sri Lanka,India,TM Dilshan,WU Tharanga,P Kumar,1,0,,,,,,,,,
430886,2009/10,2009-12-15,Madhavrao Scindia Cricket Ground,2,10.2,Sri Lanka,India,WU Tharanga,TM Dilshan,P Kumar,1,0,,,,,,,,,
430886,2009/10,2009-12-15,Madhavrao Scindia Cricket Ground,2,10.3,Sri Lanka,India,TM Dilshan,WU Tharanga,P Kumar,1,0,,,,,,,,,
430886,2009/10,2009-12-15,Madhavrao Scindia Cricket Ground,2,10.4,Sri Lanka,India,WU Tharanga,TM Dilshan,P Kumar,1,0,,,,,,,,,
430886,2009/10,2009-12-15,Madhavrao Scindia Cricket Ground,2,10.5,Sri Lanka,India,TM Dilshan,WU Tharanga,P Kumar,0,1,1,,,,,,,,
430886,2009/10,2009-12-15,Madhavrao Scindia Cricket Ground,2,10.6,Sri Lanka,India,TM Dilshan,WU Tharanga,P Kumar,4,0,,,,,,,,,
430886,2009/10,2009-12-15,Madhavrao Scindia Cricket Ground,2,10.7,Sri Lanka,India,TM Dilshan,WU Tharanga,P Kumar,1,0,,,,,,,,,
430886,2009/10,2009-12-15,Madhavrao Scindia Cricket Ground,2,11.1,Sri Lanka,India,TM Dilshan,WU Tharanga,Z Khan,4,0,,,,,,,,,
430886,2009/10,2009-12-15,Madhavrao Scindia Cricket Ground,2,11.2,Sri Lanka,India,TM Dilshan,WU Tharanga,Z Khan,0,0,,,,,,,,,
430886,2009/10,2009-12-15,Madhavrao Scindia Cricket Ground,2,11.3,Sri Lanka,India,TM Dilshan,WU Tharanga,Z Khan,1,0,,,,,,,,,
430886,2009/10,2009-12-15,Madhavrao Scindia Cricket Ground,2,11.4,Sri Lanka,India,WU Tharanga,TM Dilshan,Z Khan,0,0,,,,,,,,,
430886,2009/10,2009-12-15,Madhavrao Scindia Cricket Ground,2,11.5,Sri Lanka,India,WU Tharanga,TM Dilshan,Z Khan,2,0,,,,,,,,,
430886,2009/10,2009-12-15,Madhavrao Scindia Cricket Ground,2,11.6,Sri Lanka,India,WU Tharanga,TM Dilshan,Z Khan,2,0,,,,,,,,,
430886,2009/10,2009-12-15,Madhavrao Scindia Cricket Ground,2,12.1,Sri Lanka,India,TM Dilshan,WU Tharanga,RA Jadeja,1,0,,,,,,,,,
430886,2009/10,2009-12-15,Madhavrao Scindia Cricket Ground,2,12.2,Sri Lanka,India,WU Tharanga,TM Dilshan,RA Jadeja,1,0,,,,,,,,,
430886,2009/10,2009-12-15,Madhavrao Scindia Cricket Ground,2,12.3,Sri Lanka,India,TM Dilshan,WU Tharanga,RA Jadeja,6,0,,,,,,,,,
430886,2009/10,2009-12-15,Madhavrao Scindia Cricket Ground,2,12.4,Sri Lanka,India,TM Dilshan,WU Tharanga,RA Jadeja,4,0,,,,,,,,,
430886,2009/10,2009-12-15,Madhavrao Scindia Cricket Ground,2,12.5,Sri Lanka,India,TM Dilshan,WU Tharanga,RA Jadeja,4,0,,,,,,,,,
430886,2009/10,2009-12-15,Madhavrao Scindia Cricket Ground,2,12.6,Sri Lanka,India,TM Dilshan,WU Tharanga,RA Jadeja,0,1,1,,,,,,,,
430886,2009/10,2009-12-15,Madhavrao Scindia Cricket Ground,2,12.7,Sri Lanka,India,TM Dilshan,WU Tharanga,RA Jadeja,0,0,,,,,,,,,
430886,2009/10,2009-12-15,Madhavrao Scindia Cricket Ground,2,13.1,Sri Lanka,India,WU Tharanga,TM Dilshan,Z Khan,0,0,,,,,,,,,
430886,2009/10,2009-12-15,Madhavrao Scindia Cricket Ground,2,13.2,Sri Lanka,India,WU Tharanga,TM Dilshan,Z Khan,0,1,1,,,,,,,,
430886,2009/10,2009-12-15,Madhavrao Scindia Cricket Ground,2,13.3,Sri Lanka,India,WU Tharanga,TM Dilshan,Z Khan,0,0,,,,,,,,,
430886,2009/10,2009-12-15,Madhavrao Scindia Cricket Ground,2,13.4,Sri Lanka,India,WU Tharanga,TM Dilshan,Z Khan,1,0,,,,,,,,,
430886,2009/10,2009-12-15,Madhavrao Scindia Cricket Ground,2,13.5,Sri Lanka,India,TM Dilshan,WU Tharanga,Z Khan,1,0,,,,,,,,,
430886,2009/10,2009-12-15,Madhavrao Scindia Cricket Ground,2,13.6,Sri Lanka,India,WU Tharanga,TM Dilshan,Z Khan,0,0,,,,,,,,,
430886,2009/10,2009-12-15,Madhavrao Scindia Cricket Ground,2,13.7,Sri Lanka,India,WU Tharanga,TM Dilshan,Z Khan,1,0,,,,,,,,,
430886,2009/10,2009-12-15,Madhavrao Scindia Cricket Ground,2,14.1,Sri Lanka,India,WU Tharanga,TM Dilshan,A Nehra,1,0,,,,,,,,,
430886,2009/10,2009-12-15,Madhavrao Scindia Cricket Ground,2,14.2,Sri Lanka,India,TM Dilshan,WU Tharanga,A Nehra,0,0,,,,,,,,,
430886,2009/10,2009-12-15,Madhavrao Scindia Cricket Ground,2,14.3,Sri Lanka,India,TM Dilshan,WU Tharanga,A Nehra,2,0,,,,,,,,,
430886,2009/10,2009-12-15,Madhavrao Scindia Cricket Ground,2,14.4,Sri Lanka,India,TM Dilshan,WU Tharanga,A Nehra,4,0,,,,,,,,,
430886,2009/10,2009-12-15,Madhavrao Scindia Cricket Ground,2,14.5,Sri Lanka,India,TM Dilshan,WU Tharanga,A Nehra,1,0,,,,,,,,,
430886,2009/10,2009-12-15,Madhavrao Scindia Cricket Ground,2,14.6,Sri Lanka,India,WU Tharanga,TM Dilshan,A Nehra,1,0,,,,,,,,,
430886,2009/10,2009-12-15,Madhavrao Scindia Cricket Ground,2,15.1,Sri Lanka,India,WU Tharanga,TM Dilshan,RA Jadeja,1,0,,,,,,,,,
430886,2009/10,2009-12-15,Madhavrao Scindia Cricket Ground,2,15.2,Sri Lanka,India,TM Dilshan,WU Tharanga,RA Jadeja,4,0,,,,,,,,,
430886,2009/10,2009-12-15,Madhavrao Scindia Cricket Ground,2,15.3,Sri Lanka,India,TM Dilshan,WU Tharanga,RA Jadeja,0,0,,,,,,,,,
430886,2009/10,2009-12-15,Madhavrao Scindia Cricket Ground,2,15.4,Sri Lanka,India,TM Dilshan,WU Tharanga,RA Jadeja,0,0,,,,,,,,,
430886,2009/10,2009-12-15,Madhavrao Scindia Cricket Ground,2,15.5,Sri Lanka,India,TM Dilshan,WU Tharanga,RA Jadeja,1,0,,,,,,,,,
430886,2009/10,2009-12-15,Madhavrao Scindia Cricket Ground,2,15.6,Sri Lanka,India,WU Tharanga,TM Dilshan,RA Jadeja,0,0,,,,,,,,,
430886,2009/10,2009-12-15,Madhavrao Scindia Cricket Ground,2,16.1,Sri Lanka,India,TM Dilshan,WU Tharanga,Harbhajan Singh,1,0,,,,,,,,,
430886,2009/10,2009-12-15,Madhavrao Scindia Cricket Ground,2,16.2,Sri Lanka,India,WU Tharanga,TM Dilshan,Harbhajan Singh,0,0,,,,,,,,,
430886,2009/10,2009-12-15,Madhavrao Scindia Cricket Ground,2,16.3,Sri Lanka,India,WU Tharanga,TM Dilshan,Harbhajan Singh,0,0,,,,,,,,,
430886,2009/10,2009-12-15,Madhavrao Scindia Cricket Ground,2,16.4,Sri Lanka,India,WU Tharanga,TM Dilshan,Harbhajan Singh,1,0,,,,,,,,,
430886,2009/10,2009-12-15,Madhavrao Scindia Cricket Ground,2,16.5,Sri Lanka,India,TM Dilshan,WU Tharanga,Harbhajan Singh,0,0,,,,,,,,,
430886,2009/10,2009-12-15,Madhavrao Scindia Cricket Ground,2,16.6,Sri Lanka,India,TM Dilshan,WU Tharanga,Harbhajan Singh,0,0,,,,,,,,,
430886,2009/10,2009-12-15,Madhavrao Scindia Cricket Ground,2,17.1,Sri Lanka,India,WU Tharanga,TM Dilshan,RA Jadeja,1,0,,,,,,,,,
430886,2009/10,2009-12-15,Madhavrao Scindia Cricket Ground,2,17.2,Sri Lanka,India,TM Dilshan,WU Tharanga,RA Jadeja,0,0,,,,,,,,,
430886,2009/10,2009-12-15,Madhavrao Scindia Cricket Ground,2,17.3,Sri Lanka,India,TM Dilshan,WU Tharanga,RA Jadeja,0,0,,,,,,,,,
430886,2009/10,2009-12-15,Madhavrao Scindia Cricket Ground,2,17.4,Sri Lanka,India,TM Dilshan,WU Tharanga,RA Jadeja,0,0,,,,,,,,,
430886,2009/10,2009-12-15,Madhavrao Scindia Cricket Ground,2,17.5,Sri Lanka,India,TM Dilshan,WU Tharanga,RA Jadeja,1,0,,,,,,,,,
430886,2009/10,2009-12-15,Madhavrao Scindia Cricket Ground,2,17.6,Sri Lanka,India,WU Tharanga,TM Dilshan,RA Jadeja,0,1,1,,,,,,,,
430886,2009/10,2009-12-15,Madhavrao Scindia Cricket Ground,2,17.7,Sri Lanka,India,WU Tharanga,TM Dilshan,RA Jadeja,1,0,,,,,,,,,
430886,2009/10,2009-12-15,Madhavrao Scindia Cricket Ground,2,18.1,Sri Lanka,India,WU Tharanga,TM Dilshan,Harbhajan Singh,1,0,,,,,,,,,
430886,2009/10,2009-12-15,Madhavrao Scindia Cricket Ground,2,18.2,Sri Lanka,India,TM Dilshan,WU Tharanga,Harbhajan Singh,1,0,,,,,,,,,
430886,2009/10,2009-12-15,Madhavrao Scindia Cricket Ground,2,18.3,Sri Lanka,India,WU Tharanga,TM Dilshan,Harbhajan Singh,1,0,,,,,,,,,
430886,2009/10,2009-12-15,Madhavrao Scindia Cricket Ground,2,18.4,Sri Lanka,India,TM Dilshan,WU Tharanga,Harbhajan Singh,0,0,,,,,,,,,
430886,2009/10,2009-12-15,Madhavrao Scindia Cricket Ground,2,18.5,Sri Lanka,India,TM Dilshan,WU Tharanga,Harbhajan Singh,1,0,,,,,,,,,
430886,2009/10,2009-12-15,Madhavrao Scindia Cricket Ground,2,18.6,Sri Lanka,India,WU Tharanga,TM Dilshan,Harbhajan Singh,0,0,,,,,,,,,
430886,2009/10,2009-12-15,Madhavrao Scindia Cricket Ground,2,19.1,Sri Lanka,India,TM Dilshan,WU Tharanga,RA Jadeja,2,0,,,,,,,,,
430886,2009/10,2009-12-15,Madhavrao Scindia Cricket Ground,2,19.2,Sri Lanka,India,TM Dilshan,WU Tharanga,RA Jadeja,1,0,,,,,,,,,
430886,2009/10,2009-12-15,Madhavrao Scindia Cricket Ground,2,19.3,Sri Lanka,India,WU Tharanga,TM Dilshan,RA Jadeja,0,1,1,,,,,,,,
430886,2009/10,2009-12-15,Madhavrao Scindia Cricket Ground,2,19.4,Sri Lanka,India,WU Tharanga,TM Dilshan,RA Jadeja,1,0,,,,,,,,,
430886,2009/10,2009-12-15,Madhavrao Scindia Cricket Ground,2,19.5,Sri Lanka,India,TM Dilshan,WU Tharanga,RA Jadeja,1,0,,,,,,,,,
430886,2009/10,2009-12-15,Madhavrao Scindia Cricket Ground,2,19.6,Sri Lanka,India,WU Tharanga,TM Dilshan,RA Jadeja,6,0,,,,,,,,,
430886,2009/10,2009-12-15,Madhavrao Scindia Cricket Ground,2,19.7,Sri Lanka,India,WU Tharanga,TM Dilshan,RA Jadeja,0,0,,,,,,,,,
430886,2009/10,2009-12-15,Madhavrao Scindia Cricket Ground,2,20.1,Sri Lanka,India,TM Dilshan,WU Tharanga,Harbhajan Singh,1,0,,,,,,,,,
430886,2009/10,2009-12-15,Madhavrao Scindia Cricket Ground,2,20.2,Sri Lanka,India,WU Tharanga,TM Dilshan,Harbhajan Singh,1,0,,,,,,,,,
430886,2009/10,2009-12-15,Madhavrao Scindia Cricket Ground,2,20.3,Sri Lanka,India,TM Dilshan,WU Tharanga,Harbhajan Singh,1,0,,,,,,,,,
430886,2009/10,2009-12-15,Madhavrao Scindia Cricket Ground,2,20.4,Sri Lanka,India,WU Tharanga,TM Dilshan,Harbhajan Singh,0,0,,,,,,,,,
430886,2009/10,2009-12-15,Madhavrao Scindia Cricket Ground,2,20.5,Sri Lanka,India,WU Tharanga,TM Dilshan,Harbhajan Singh,0,0,,,,,,,,,
430886,2009/10,2009-12-15,Madhavrao Scindia Cricket Ground,2,20.6,Sri Lanka,India,WU Tharanga,TM Dilshan,Harbhajan Singh,1,0,,,,,,,,,
430886,2009/10,2009-12-15,Madhavrao Scindia Cricket Ground,2,21.1,Sri Lanka,India,WU Tharanga,TM Dilshan,RA Jadeja,6,0,,,,,,,,,
430886,2009/10,2009-12-15,Madhavrao Scindia Cricket Ground,2,21.2,Sri Lanka,India,WU Tharanga,TM Dilshan,RA Jadeja,1,0,,,,,,,,,
430886,2009/10,2009-12-15,Madhavrao Scindia Cricket Ground,2,21.3,Sri Lanka,India,TM Dilshan,WU Tharanga,RA Jadeja,0,0,,,,,,,,,
430886,2009/10,2009-12-15,Madhavrao Scindia Cricket Ground,2,21.4,Sri Lanka,India,TM Dilshan,WU Tharanga,RA Jadeja,1,0,,,,,,,,,
430886,2009/10,2009-12-15,Madhavrao Scindia Cricket Ground,2,21.5,Sri Lanka,India,WU Tharanga,TM Dilshan,RA Jadeja,1,0,,,,,,,,,
430886,2009/10,2009-12-15,Madhavrao Scindia Cricket Ground,2,21.6,Sri Lanka,India,TM Dilshan,WU Tharanga,RA Jadeja,4,0,,,,,,,,,
430886,2009/10,2009-12-15,Madhavrao Scindia Cricket Ground,2,22.1,Sri Lanka,India,WU Tharanga,TM Dilshan,Harbhajan Singh,1,0,,,,,,,,,
430886,2009/10,2009-12-15,Madhavrao Scindia Cricket Ground,2,22.2,Sri Lanka,India,TM Dilshan,WU Tharanga,Harbhajan Singh,2,0,,,,,,,,,
430886,2009/10,2009-12-15,Madhavrao Scindia Cricket Ground,2,22.3,Sri Lanka,India,TM Dilshan,WU Tharanga,Harbhajan Singh,0,0,,,,,,,,,
430886,2009/10,2009-12-15,Madhavrao Scindia Cricket Ground,2,22.4,Sri Lanka,India,TM Dilshan,WU Tharanga,Harbhajan Singh,0,0,,,,,,,,,
430886,2009/10,2009-12-15,Madhavrao Scindia Cricket Ground,2,22.5,Sri Lanka,India,TM Dilshan,WU Tharanga,Harbhajan Singh,1,0,,,,,,,,,
430886,2009/10,2009-12-15,Madhavrao Scindia Cricket Ground,2,22.6,Sri Lanka,India,WU Tharanga,TM Dilshan,Harbhajan Singh,0,0,,,,,,,,,
430886,2009/10,2009-12-15,Madhavrao Scindia Cricket Ground,2,23.1,Sri Lanka,India,TM Dilshan,WU Tharanga,SK Raina,0,0,,,,,,,,,
430886,2009/10,2009-12-15,Madhavrao Scindia Cricket Ground,2,23.2,Sri Lanka,India,TM Dilshan,WU Tharanga,SK Raina,1,0,,,,,,,,,
430886,2009/10,2009-12-15,Madhavrao Scindia Cricket Ground,2,23.3,Sri Lanka,India,WU Tharanga,TM Dilshan,SK Raina,0,0,,,,,,,,,
430886,2009/10,2009-12-15,Madhavrao Scindia Cricket Ground,2,23.4,Sri Lanka,India,WU Tharanga,TM Dilshan,SK Raina,2,0,,,,,,,,,
430886,2009/10,2009-12-15,Madhavrao Scindia Cricket Ground,2,23.5,Sri Lanka,India,WU Tharanga,TM Dilshan,SK Raina,6,0,,,,,,,,,
430886,2009/10,2009-12-15,Madhavrao Scindia Cricket Ground,2,23.6,Sri Lanka,India,WU Tharanga,TM Dilshan,SK Raina,0,0,,,,,,stumped,WU Tharanga,,
430886,2009/10,2009-12-15,Madhavrao Scindia Cricket Ground,2,24.1,Sri Lanka,India,TM Dilshan,KC Sangakkara,Harbhajan Singh,0,0,,,,,,,,,
430886,2009/10,2009-12-15,Madhavrao Scindia Cricket Ground,2,24.2,Sri Lanka,India,TM Dilshan,KC Sangakkara,Harbhajan Singh,1,0,,,,,,,,,
430886,2009/10,2009-12-15,Madhavrao Scindia Cricket Ground,2,24.3,Sri Lanka,India,KC Sangakkara,TM Dilshan,Harbhajan Singh,1,0,,,,,,,,,
430886,2009/10,2009-12-15,Madhavrao Scindia Cricket Ground,2,24.4,Sri Lanka,India,TM Dilshan,KC Sangakkara,Harbhajan Singh,0,0,,,,,,,,,
430886,2009/10,2009-12-15,Madhavrao Scindia Cricket Ground,2,24.5,Sri Lanka,India,TM Dilshan,KC Sangakkara,Harbhajan Singh,1,0,,,,,,,,,
430886,2009/10,2009-12-15,Madhavrao Scindia Cricket Ground,2,24.6,Sri Lanka,India,KC Sangakkara,TM Dilshan,Harbhajan Singh,1,0,,,,,,,,,
430886,2009/10,2009-12-15,Madhavrao Scindia Cricket Ground,2,25.1,Sri Lanka,India,KC Sangakkara,TM Dilshan,SK Raina,1,0,,,,,,,,,
430886,2009/10,2009-12-15,Madhavrao Scindia Cricket Ground,2,25.2,Sri Lanka,India,TM Dilshan,KC Sangakkara,SK Raina,1,0,,,,,,,,,
430886,2009/10,2009-12-15,Madhavrao Scindia Cricket Ground,2,25.3,Sri Lanka,India,KC Sangakkara,TM Dilshan,SK Raina,1,0,,,,,,,,,
430886,2009/10,2009-12-15,Madhavrao Scindia Cricket Ground,2,25.4,Sri Lanka,India,TM Dilshan,KC Sangakkara,SK Raina,1,0,,,,,,,,,
430886,2009/10,2009-12-15,Madhavrao Scindia Cricket Ground,2,25.5,Sri Lanka,India,KC Sangakkara,TM Dilshan,SK Raina,6,0,,,,,,,,,
430886,2009/10,2009-12-15,Madhavrao Scindia Cricket Ground,2,25.6,Sri Lanka,India,KC Sangakkara,TM Dilshan,SK Raina,1,0,,,,,,,,,
430886,2009/10,2009-12-15,Madhavrao Scindia Cricket Ground,2,26.1,Sri Lanka,India,KC Sangakkara,TM Dilshan,Z Khan,0,0,,,,,,,,,
430886,2009/10,2009-12-15,Madhavrao Scindia Cricket Ground,2,26.2,Sri Lanka,India,KC Sangakkara,TM Dilshan,Z Khan,0,0,,,,,,,,,
430886,2009/10,2009-12-15,Madhavrao Scindia Cricket Ground,2,26.3,Sri Lanka,India,KC Sangakkara,TM Dilshan,Z Khan,1,0,,,,,,,,,
430886,2009/10,2009-12-15,Madhavrao Scindia Cricket Ground,2,26.4,Sri Lanka,India,TM Dilshan,KC Sangakkara,Z Khan,1,0,,,,,,,,,
430886,2009/10,2009-12-15,Madhavrao Scindia Cricket Ground,2,26.5,Sri Lanka,India,KC Sangakkara,TM Dilshan,Z Khan,4,0,,,,,,,,,
430886,2009/10,2009-12-15,Madhavrao Scindia Cricket Ground,2,26.6,Sri Lanka,India,KC Sangakkara,TM Dilshan,Z Khan,1,0,,,,,,,,,
430886,2009/10,2009-12-15,Madhavrao Scindia Cricket Ground,2,27.1,Sri Lanka,India,KC Sangakkara,TM Dilshan,SK Raina,6,0,,,,,,,,,
430886,2009/10,2009-12-15,Madhavrao Scindia Cricket Ground,2,27.2,Sri Lanka,India,KC Sangakkara,TM Dilshan,SK Raina,0,1,1,,,,,,,,
430886,2009/10,2009-12-15,Madhavrao Scindia Cricket Ground,2,27.3,Sri Lanka,India,KC Sangakkara,TM Dilshan,SK Raina,1,0,,,,,,,,,
430886,2009/10,2009-12-15,Madhavrao Scindia Cricket Ground,2,27.4,Sri Lanka,India,TM Dilshan,KC Sangakkara,SK Raina,1,0,,,,,,,,,
430886,2009/10,2009-12-15,Madhavrao Scindia Cricket Ground,2,27.5,Sri Lanka,India,KC Sangakkara,TM Dilshan,SK Raina,1,0,,,,,,,,,
430886,2009/10,2009-12-15,Madhavrao Scindia Cricket Ground,2,27.6,Sri Lanka,India,TM Dilshan,KC Sangakkara,SK Raina,1,0,,,,,,,,,
430886,2009/10,2009-12-15,Madhavrao Scindia Cricket Ground,2,27.7,Sri Lanka,India,KC Sangakkara,TM Dilshan,SK Raina,6,0,,,,,,,,,
430886,2009/10,2009-12-15,Madhavrao Scindia Cricket Ground,2,28.1,Sri Lanka,India,TM Dilshan,KC Sangakkara,Z Khan,2,0,,,,,,,,,
430886,2009/10,2009-12-15,Madhavrao Scindia Cricket Ground,2,28.2,Sri Lanka,India,TM Dilshan,KC Sangakkara,Z Khan,4,0,,,,,,,,,
430886,2009/10,2009-12-15,Madhavrao Scindia Cricket Ground,2,28.3,Sri Lanka,India,TM Dilshan,KC Sangakkara,Z Khan,0,0,,,,,,,,,
430886,2009/10,2009-12-15,Madhavrao Scindia Cricket Ground,2,28.4,Sri Lanka,India,TM Dilshan,KC Sangakkara,Z Khan,6,0,,,,,,,,,
430886,2009/10,2009-12-15,Madhavrao Scindia Cricket Ground,2,28.5,Sri Lanka,India,TM Dilshan,KC Sangakkara,Z Khan,0,0,,,,,,,,,
430886,2009/10,2009-12-15,Madhavrao Scindia Cricket Ground,2,28.6,Sri Lanka,India,TM Dilshan,KC Sangakkara,Z Khan,0,0,,,,,,,,,
430886,2009/10,2009-12-15,Madhavrao Scindia Cricket Ground,2,29.1,Sri Lanka,India,KC Sangakkara,TM Dilshan,Harbhajan Singh,1,0,,,,,,,,,
430886,2009/10,2009-12-15,Madhavrao Scindia Cricket Ground,2,29.2,Sri Lanka,India,TM Dilshan,KC Sangakkara,Harbhajan Singh,1,0,,,,,,,,,
430886,2009/10,2009-12-15,Madhavrao Scindia Cricket Ground,2,29.3,Sri Lanka,India,KC Sangakkara,TM Dilshan,Harbhajan Singh,4,0,,,,,,,,,
430886,2009/10,2009-12-15,Madhavrao Scindia Cricket Ground,2,29.4,Sri Lanka,India,KC Sangakkara,TM Dilshan,Harbhajan Singh,0,1,,,,1,,,,,
430886,2009/10,2009-12-15,Madhavrao Scindia Cricket Ground,2,29.5,Sri Lanka,India,TM Dilshan,KC Sangakkara,Harbhajan Singh,1,0,,,,,,,,,
430886,2009/10,2009-12-15,Madhavrao Scindia Cricket Ground,2,29.6,Sri Lanka,India,KC Sangakkara,TM Dilshan,Harbhajan Singh,4,0,,,,,,,,,
430886,2009/10,2009-12-15,Madhavrao Scindia Cricket Ground,2,30.1,Sri Lanka,India,TM Dilshan,KC Sangakkara,Z Khan,0,0,,,,,,,,,
430886,2009/10,2009-12-15,Madhavrao Scindia Cricket Ground,2,30.2,Sri Lanka,India,TM Dilshan,KC Sangakkara,Z Khan,2,0,,,,,,,,,
430886,2009/10,2009-12-15,Madhavrao Scindia Cricket Ground,2,30.3,Sri Lanka,India,TM Dilshan,KC Sangakkara,Z Khan,4,0,,,,,,,,,
430886,2009/10,2009-12-15,Madhavrao Scindia Cricket Ground,2,30.4,Sri Lanka,India,TM Dilshan,KC Sangakkara,Z Khan,1,0,,,,,,,,,
430886,2009/10,2009-12-15,Madhavrao Scindia Cricket Ground,2,30.5,Sri Lanka,India,KC Sangakkara,TM Dilshan,Z Khan,2,0,,,,,,,,,
430886,2009/10,2009-12-15,Madhavrao Scindia Cricket Ground,2,30.6,Sri Lanka,India,KC Sangakkara,TM Dilshan,Z Khan,0,0,,,,,,,,,
430886,2009/10,2009-12-15,Madhavrao Scindia Cricket Ground,2,31.1,Sri Lanka,India,TM Dilshan,KC Sangakkara,Harbhajan Singh,1,0,,,,,,,,,
430886,2009/10,2009-12-15,Madhavrao Scindia Cricket Ground,2,31.2,Sri Lanka,India,KC Sangakkara,TM Dilshan,Harbhajan Singh,4,0,,,,,,,,,
430886,2009/10,2009-12-15,Madhavrao Scindia Cricket Ground,2,31.3,Sri Lanka,India,KC Sangakkara,TM Dilshan,Harbhajan Singh,1,0,,,,,,,,,
430886,2009/10,2009-12-15,Madhavrao Scindia Cricket Ground,2,31.4,Sri Lanka,India,TM Dilshan,KC Sangakkara,Harbhajan Singh,1,0,,,,,,,,,
430886,2009/10,2009-12-15,Madhavrao Scindia Cricket Ground,2,31.5,Sri Lanka,India,KC Sangakkara,TM Dilshan,Harbhajan Singh,6,0,,,,,,,,,
430886,2009/10,2009-12-15,Madhavrao Scindia Cricket Ground,2,31.6,Sri Lanka,India,KC Sangakkara,TM Dilshan,Harbhajan Singh,1,0,,,,,,,,,
430886,2009/10,2009-12-15,Madhavrao Scindia Cricket Ground,2,32.1,Sri Lanka,India,KC Sangakkara,TM Dilshan,P Kumar,0,0,,,,,,,,,
430886,2009/10,2009-12-15,Madhavrao Scindia Cricket Ground,2,32.2,Sri Lanka,India,KC Sangakkara,TM Dilshan,P Kumar,0,0,,,,,,,,,
430886,2009/10,2009-12-15,Madhavrao Scindia Cricket Ground,2,32.3,Sri Lanka,India,KC Sangakkara,TM Dilshan,P Kumar,4,0,,,,,,,,,
430886,2009/10,2009-12-15,Madhavrao Scindia Cricket Ground,2,32.4,Sri Lanka,India,KC Sangakkara,TM Dilshan,P Kumar,0,0,,,,,,,,,
430886,2009/10,2009-12-15,Madhavrao Scindia Cricket Ground,2,32.5,Sri Lanka,India,KC Sangakkara,TM Dilshan,P Kumar,1,0,,,,,,,,,
430886,2009/10,2009-12-15,Madhavrao Scindia Cricket Ground,2,32.6,Sri Lanka,India,TM Dilshan,KC Sangakkara,P Kumar,1,0,,,,,,,,,
430886,2009/10,2009-12-15,Madhavrao Scindia Cricket Ground,2,33.1,Sri Lanka,India,TM Dilshan,KC Sangakkara,Harbhajan Singh,0,0,,,,,,,,,
430886,2009/10,2009-12-15,Madhavrao Scindia Cricket Ground,2,33.2,Sri Lanka,India,TM Dilshan,KC Sangakkara,Harbhajan Singh,0,0,,,,,,,,,
430886,2009/10,2009-12-15,Madhavrao Scindia Cricket Ground,2,33.3,Sri Lanka,India,TM Dilshan,KC Sangakkara,Harbhajan Singh,1,0,,,,,,,,,
430886,2009/10,2009-12-15,Madhavrao Scindia Cricket Ground,2,33.4,Sri Lanka,India,KC Sangakkara,TM Dilshan,Harbhajan Singh,1,0,,,,,,,,,
430886,2009/10,2009-12-15,Madhavrao Scindia Cricket Ground,2,33.5,Sri Lanka,India,TM Dilshan,KC Sangakkara,Harbhajan Singh,1,0,,,,,,,,,
430886,2009/10,2009-12-15,Madhavrao Scindia Cricket Ground,2,33.6,Sri Lanka,India,KC Sangakkara,TM Dilshan,Harbhajan Singh,4,0,,,,,,,,,
430886,2009/10,2009-12-15,Madhavrao Scindia Cricket Ground,2,34.1,Sri Lanka,India,TM Dilshan,KC Sangakkara,P Kumar,0,0,,,,,,,,,
430886,2009/10,2009-12-15,Madhavrao Scindia Cricket Ground,2,34.2,Sri Lanka,India,TM Dilshan,KC Sangakkara,P Kumar,1,0,,,,,,,,,
430886,2009/10,2009-12-15,Madhavrao Scindia Cricket Ground,2,34.3,Sri Lanka,India,KC Sangakkara,TM Dilshan,P Kumar,1,0,,,,,,,,,
430886,2009/10,2009-12-15,Madhavrao Scindia Cricket Ground,2,34.4,Sri Lanka,India,TM Dilshan,KC Sangakkara,P Kumar,1,0,,,,,,,,,
430886,2009/10,2009-12-15,Madhavrao Scindia Cricket Ground,2,34.5,Sri Lanka,India,KC Sangakkara,TM Dilshan,P Kumar,1,0,,,,,,,,,
430886,2009/10,2009-12-15,Madhavrao Scindia Cricket Ground,2,34.6,Sri Lanka,India,TM Dilshan,KC Sangakkara,P Kumar,0,0,,,,,,,,,
430886,2009/10,2009-12-15,Madhavrao Scindia Cricket Ground,2,35.1,Sri Lanka,India,KC Sangakkara,TM Dilshan,Z Khan,2,0,,,,,,,,,
430886,2009/10,2009-12-15,Madhavrao Scindia Cricket Ground,2,35.2,Sri Lanka,India,KC Sangakkara,TM Dilshan,Z Khan,4,0,,,,,,,,,
430886,2009/10,2009-12-15,Madhavrao Scindia Cricket Ground,2,35.3,Sri Lanka,India,KC Sangakkara,TM Dilshan,Z Khan,6,0,,,,,,,,,
430886,2009/10,2009-12-15,Madhavrao Scindia Cricket Ground,2,35.4,Sri Lanka,India,KC Sangakkara,TM Dilshan,Z Khan,4,0,,,,,,,,,
430886,2009/10,2009-12-15,Madhavrao Scindia Cricket Ground,2,35.5,Sri Lanka,India,KC Sangakkara,TM Dilshan,Z Khan,4,0,,,,,,,,,
430886,2009/10,2009-12-15,Madhavrao Scindia Cricket Ground,2,35.6,Sri Lanka,India,KC Sangakkara,TM Dilshan,Z Khan,0,1,,,,1,,,,,
430886,2009/10,2009-12-15,Madhavrao Scindia Cricket Ground,2,36.1,Sri Lanka,India,KC Sangakkara,TM Dilshan,P Kumar,4,0,,,,,,,,,
430886,2009/10,2009-12-15,Madhavrao Scindia Cricket Ground,2,36.2,Sri Lanka,India,KC Sangakkara,TM Dilshan,P Kumar,0,0,,,,,,,,,
430886,2009/10,2009-12-15,Madhavrao Scindia Cricket Ground,2,36.3,Sri Lanka,India,KC Sangakkara,TM Dilshan,P Kumar,0,0,,,,,,caught,KC Sangakkara,,
430886,2009/10,2009-12-15,Madhavrao Scindia Cricket Ground,2,36.4,Sri Lanka,India,TM Dilshan,ST Jayasuriya,P Kumar,1,0,,,,,,,,,
430886,2009/10,2009-12-15,Madhavrao Scindia Cricket Ground,2,36.5,Sri Lanka,India,ST Jayasuriya,TM Dilshan,P Kumar,3,0,,,,,,,,,
430886,2009/10,2009-12-15,Madhavrao Scindia Cricket Ground,2,36.6,Sri Lanka,India,TM Dilshan,ST Jayasuriya,P Kumar,6,0,,,,,,,,,
430886,2009/10,2009-12-15,Madhavrao Scindia Cricket Ground,2,37.1,Sri Lanka,India,ST Jayasuriya,TM Dilshan,Harbhajan Singh,0,0,,,,,,,,,
430886,2009/10,2009-12-15,Madhavrao Scindia Cricket Ground,2,37.2,Sri Lanka,India,ST Jayasuriya,TM Dilshan,Harbhajan Singh,2,0,,,,,,,,,
430886,2009/10,2009-12-15,Madhavrao Scindia Cricket Ground,2,37.3,Sri Lanka,India,ST Jayasuriya,TM Dilshan,Harbhajan Singh,0,0,,,,,,stumped,ST Jayasuriya,,
430886,2009/10,2009-12-15,Madhavrao Scindia Cricket Ground,2,37.4,Sri Lanka,India,DPMD Jayawardene,TM Dilshan,Harbhajan Singh,1,0,,,,,,,,,
430886,2009/10,2009-12-15,Madhavrao Scindia Cricket Ground,2,37.5,Sri Lanka,India,TM Dilshan,DPMD Jayawardene,Harbhajan Singh,1,0,,,,,,,,,
430886,2009/10,2009-12-15,Madhavrao Scindia Cricket Ground,2,37.6,Sri Lanka,India,DPMD Jayawardene,TM Dilshan,Harbhajan Singh,0,0,,,,,,,,,
430886,2009/10,2009-12-15,Madhavrao Scindia Cricket Ground,2,38.1,Sri Lanka,India,TM Dilshan,DPMD Jayawardene,RA Jadeja,1,0,,,,,,,,,
430886,2009/10,2009-12-15,Madhavrao Scindia Cricket Ground,2,38.2,Sri Lanka,India,DPMD Jayawardene,TM Dilshan,RA Jadeja,0,1,1,,,,,,,,
430886,2009/10,2009-12-15,Madhavrao Scindia Cricket Ground,2,38.3,Sri Lanka,India,DPMD Jayawardene,TM Dilshan,RA Jadeja,0,1,1,,,,,,,,
430886,2009/10,2009-12-15,Madhavrao Scindia Cricket Ground,2,38.4,Sri Lanka,India,DPMD Jayawardene,TM Dilshan,RA Jadeja,0,1,,,,1,,,,,
430886,2009/10,2009-12-15,Madhavrao Scindia Cricket Ground,2,38.5,Sri Lanka,India,TM Dilshan,DPMD Jayawardene,RA Jadeja,0,0,,,,,,,,,
430886,2009/10,2009-12-15,Madhavrao Scindia Cricket Ground,2,38.6,Sri Lanka,India,TM Dilshan,DPMD Jayawardene,RA Jadeja,4,0,,,,,,,,,
430886,2009/10,2009-12-15,Madhavrao Scindia Cricket Ground,2,38.7,Sri Lanka,India,TM Dilshan,DPMD Jayawardene,RA Jadeja,1,0,,,,,,,,,
430886,2009/10,2009-12-15,Madhavrao Scindia Cricket Ground,2,38.8,Sri Lanka,India,DPMD Jayawardene,TM Dilshan,RA Jadeja,0,0,,,,,,,,,
430886,2009/10,2009-12-15,Madhavrao Scindia Cricket Ground,2,39.1,Sri Lanka,India,TM Dilshan,DPMD Jayawardene,Harbhajan Singh,0,0,,,,,,bowled,TM Dilshan,,
430886,2009/10,2009-12-15,Madhavrao Scindia Cricket Ground,2,39.2,Sri Lanka,India,SHT Kandamby,DPMD Jayawardene,Harbhajan Singh,2,0,,,,,,,,,
430886,2009/10,2009-12-15,Madhavrao Scindia Cricket Ground,2,39.3,Sri Lanka,India,SHT Kandamby,DPMD Jayawardene,Harbhajan Singh,1,0,,,,,,,,,
430886,2009/10,2009-12-15,Madhavrao Scindia Cricket Ground,2,39.4,Sri Lanka,India,DPMD Jayawardene,SHT Kandamby,Harbhajan Singh,0,0,,,,,,,,,
430886,2009/10,2009-12-15,Madhavrao Scindia Cricket Ground,2,39.5,Sri Lanka,India,DPMD Jayawardene,SHT Kandamby,Harbhajan Singh,1,0,,,,,,,,,
430886,2009/10,2009-12-15,Madhavrao Scindia Cricket Ground,2,39.6,Sri Lanka,India,SHT Kandamby,DPMD Jayawardene,Harbhajan Singh,0,0,,,,,,,,,
430886,2009/10,2009-12-15,Madhavrao Scindia Cricket Ground,2,40.1,Sri Lanka,India,DPMD Jayawardene,SHT Kandamby,RA Jadeja,0,1,1,,,,,,,,
430886,2009/10,2009-12-15,Madhavrao Scindia Cricket Ground,2,40.2,Sri Lanka,India,DPMD Jayawardene,SHT Kandamby,RA Jadeja,0,0,,,,,,,,,
430886,2009/10,2009-12-15,Madhavrao Scindia Cricket Ground,2,40.3,Sri Lanka,India,DPMD Jayawardene,SHT Kandamby,RA Jadeja,1,0,,,,,,run out,DPMD Jayawardene,,
430886,2009/10,2009-12-15,Madhavrao Scindia Cricket Ground,2,40.4,Sri Lanka,India,AD Mathews,SHT Kandamby,RA Jadeja,0,0,,,,,,,,,
430886,2009/10,2009-12-15,Madhavrao Scindia Cricket Ground,2,40.5,Sri Lanka,India,AD Mathews,SHT Kandamby,RA Jadeja,1,0,,,,,,,,,
430886,2009/10,2009-12-15,Madhavrao Scindia Cricket Ground,2,40.6,Sri Lanka,India,SHT Kandamby,AD Mathews,RA Jadeja,0,0,,,,,,,,,
430886,2009/10,2009-12-15,Madhavrao Scindia Cricket Ground,2,40.7,Sri Lanka,India,SHT Kandamby,AD Mathews,RA Jadeja,1,0,,,,,,,,,
430886,2009/10,2009-12-15,Madhavrao Scindia Cricket Ground,2,41.1,Sri Lanka,India,SHT Kandamby,AD Mathews,A Nehra,1,0,,,,,,,,,
430886,2009/10,2009-12-15,Madhavrao Scindia Cricket Ground,2,41.2,Sri Lanka,India,AD Mathews,SHT Kandamby,A Nehra,1,0,,,,,,,,,
430886,2009/10,2009-12-15,Madhavrao Scindia Cricket Ground,2,41.3,Sri Lanka,India,SHT Kandamby,AD Mathews,A Nehra,4,0,,,,,,,,,
430886,2009/10,2009-12-15,Madhavrao Scindia Cricket Ground,2,41.4,Sri Lanka,India,SHT Kandamby,AD Mathews,A Nehra,0,0,,,,,,,,,
430886,2009/10,2009-12-15,Madhavrao Scindia Cricket Ground,2,41.5,Sri Lanka,India,SHT Kandamby,AD Mathews,A Nehra,1,0,,,,,,,,,
430886,2009/10,2009-12-15,Madhavrao Scindia Cricket Ground,2,41.6,Sri Lanka,India,AD Mathews,SHT Kandamby,A Nehra,1,0,,,,,,,,,
430886,2009/10,2009-12-15,Madhavrao Scindia Cricket Ground,2,42.1,Sri Lanka,India,AD Mathews,SHT Kandamby,RA Jadeja,1,0,,,,,,,,,
430886,2009/10,2009-12-15,Madhavrao Scindia Cricket Ground,2,42.2,Sri Lanka,India,SHT Kandamby,AD Mathews,RA Jadeja,1,0,,,,,,,,,
430886,2009/10,2009-12-15,Madhavrao Scindia Cricket Ground,2,42.3,Sri Lanka,India,AD Mathews,SHT Kandamby,RA Jadeja,1,0,,,,,,,,,
430886,2009/10,2009-12-15,Madhavrao Scindia Cricket Ground,2,42.4,Sri Lanka,India,SHT Kandamby,AD Mathews,RA Jadeja,1,0,,,,,,,,,
430886,2009/10,2009-12-15,Madhavrao Scindia Cricket Ground,2,42.5,Sri Lanka,India,AD Mathews,SHT Kandamby,RA Jadeja,1,0,,,,,,,,,
430886,2009/10,2009-12-15,Madhavrao Scindia Cricket Ground,2,42.6,Sri Lanka,India,SHT Kandamby,AD Mathews,RA Jadeja,4,0,,,,,,,,,
430886,2009/10,2009-12-15,Madhavrao Scindia Cricket Ground,2,43.1,Sri Lanka,India,AD Mathews,SHT Kandamby,A Nehra,1,0,,,,,,,,,
430886,2009/10,2009-12-15,Madhavrao Scindia Cricket Ground,2,43.2,Sri Lanka,India,SHT Kandamby,AD Mathews,A Nehra,1,0,,,,,,,,,
430886,2009/10,2009-12-15,Madhavrao Scindia Cricket Ground,2,43.3,Sri Lanka,India,AD Mathews,SHT Kandamby,A Nehra,1,0,,,,,,,,,
430886,2009/10,2009-12-15,Madhavrao Scindia Cricket Ground,2,43.4,Sri Lanka,India,SHT Kandamby,AD Mathews,A Nehra,1,0,,,,,,,,,
430886,2009/10,2009-12-15,Madhavrao Scindia Cricket Ground,2,43.5,Sri Lanka,India,AD Mathews,SHT Kandamby,A Nehra,1,1,,1,,,,,,,
430886,2009/10,2009-12-15,Madhavrao Scindia Cricket Ground,2,43.6,Sri Lanka,India,SHT Kandamby,AD Mathews,A Nehra,1,0,,,,,,,,,
430886,2009/10,2009-12-15,Madhavrao Scindia Cricket Ground,2,43.7,Sri Lanka,India,AD Mathews,SHT Kandamby,A Nehra,4,0,,,,,,,,,
430886,2009/10,2009-12-15,Madhavrao Scindia Cricket Ground,2,44.1,Sri Lanka,India,SHT Kandamby,AD Mathews,Z Khan,1,0,,,,,,,,,
430886,2009/10,2009-12-15,Madhavrao Scindia Cricket Ground,2,44.2,Sri Lanka,India,AD Mathews,SHT Kandamby,Z Khan,1,0,,,,,,,,,
430886,2009/10,2009-12-15,Madhavrao Scindia Cricket Ground,2,44.3,Sri Lanka,India,SHT Kandamby,AD Mathews,Z Khan,1,0,,,,,,,,,
430886,2009/10,2009-12-15,Madhavrao Scindia Cricket Ground,2,44.4,Sri Lanka,India,AD Mathews,SHT Kandamby,Z Khan,4,0,,,,,,,,,
430886,2009/10,2009-12-15,Madhavrao Scindia Cricket Ground,2,44.5,Sri Lanka,India,AD Mathews,SHT Kandamby,Z Khan,1,0,,,,,,,,,
430886,2009/10,2009-12-15,Madhavrao Scindia Cricket Ground,2,44.6,Sri Lanka,India,SHT Kandamby,AD Mathews,Z Khan,0,0,,,,,,,,,
430886,2009/10,2009-12-15,Madhavrao Scindia Cricket Ground,2,45.1,Sri Lanka,India,AD Mathews,SHT Kandamby,A Nehra,0,0,,,,,,,,,
430886,2009/10,2009-12-15,Madhavrao Scindia Cricket Ground,2,45.2,Sri Lanka,India,AD Mathews,SHT Kandamby,A Nehra,1,0,,,,,,,,,
430886,2009/10,2009-12-15,Madhavrao Scindia Cricket Ground,2,45.3,Sri Lanka,India,SHT Kandamby,AD Mathews,A Nehra,0,1,,,,1,,,,,
430886,2009/10,2009-12-15,Madhavrao Scindia Cricket Ground,2,45.4,Sri Lanka,India,AD Mathews,SHT Kandamby,A Nehra,1,0,,,,,,,,,
430886,2009/10,2009-12-15,Madhavrao Scindia Cricket Ground,2,45.5,Sri Lanka,India,SHT Kandamby,AD Mathews,A Nehra,0,1,,,,1,,,,,
430886,2009/10,2009-12-15,Madhavrao Scindia Cricket Ground,2,45.6,Sri Lanka,India,AD Mathews,SHT Kandamby,A Nehra,1,0,,,,,,,,,
430886,2009/10,2009-12-15,Madhavrao Scindia Cricket Ground,2,46.1,Sri Lanka,India,AD Mathews,SHT Kandamby,Z Khan,0,0,,,,,,,,,
430886,2009/10,2009-12-15,Madhavrao Scindia Cricket Ground,2,46.2,Sri Lanka,India,AD Mathews,SHT Kandamby,Z Khan,2,0,,,,,,,,,
430886,2009/10,2009-12-15,Madhavrao Scindia Cricket Ground,2,46.3,Sri Lanka,India,AD Mathews,SHT Kandamby,Z Khan,1,0,,,,,,,,,
430886,2009/10,2009-12-15,Madhavrao Scindia Cricket Ground,2,46.4,Sri Lanka,India,SHT Kandamby,AD Mathews,Z Khan,1,0,,,,,,,,,
430886,2009/10,2009-12-15,Madhavrao Scindia Cricket Ground,2,46.5,Sri Lanka,India,AD Mathews,SHT Kandamby,Z Khan,1,0,,,,,,,,,
430886,2009/10,2009-12-15,Madhavrao Scindia Cricket Ground,2,46.6,Sri Lanka,India,SHT Kandamby,AD Mathews,Z Khan,0,0,,,,,,,,,
430886,2009/10,2009-12-15,Madhavrao Scindia Cricket Ground,2,47.1,Sri Lanka,India,AD Mathews,SHT Kandamby,A Nehra,1,0,,,,,,,,,
430886,2009/10,2009-12-15,Madhavrao Scindia Cricket Ground,2,47.2,Sri Lanka,India,SHT Kandamby,AD Mathews,A Nehra,1,0,,,,,,,,,
430886,2009/10,2009-12-15,Madhavrao Scindia Cricket Ground,2,47.3,Sri Lanka,India,AD Mathews,SHT Kandamby,A Nehra,2,0,,,,,,,,,
430886,2009/10,2009-12-15,Madhavrao Scindia Cricket Ground,2,47.4,Sri Lanka,India,AD Mathews,SHT Kandamby,A Nehra,0,1,,,,1,,,,,
430886,2009/10,2009-12-15,Madhavrao Scindia Cricket Ground,2,47.5,Sri Lanka,India,SHT Kandamby,AD Mathews,A Nehra,1,0,,,,,,,,,
430886,2009/10,2009-12-15,Madhavrao Scindia Cricket Ground,2,47.6,Sri Lanka,India,AD Mathews,SHT Kandamby,A Nehra,1,0,,,,,,,,,
430886,2009/10,2009-12-15,Madhavrao Scindia Cricket Ground,2,48.1,Sri Lanka,India,AD Mathews,SHT Kandamby,Z Khan,1,0,,,,,,,,,
430886,2009/10,2009-12-15,Madhavrao Scindia Cricket Ground,2,48.2,Sri Lanka,India,SHT Kandamby,AD Mathews,Z Khan,0,0,,,,,,run out,SHT Kandamby,,
430886,2009/10,2009-12-15,Madhavrao Scindia Cricket Ground,2,48.3,Sri Lanka,India,AD Mathews,TT Samaraweera,Z Khan,0,0,,,,,,,,,
430886,2009/10,2009-12-15,Madhavrao Scindia Cricket Ground,2,48.4,Sri Lanka,India,AD Mathews,TT Samaraweera,Z Khan,2,0,,,,,,,,,
430886,2009/10,2009-12-15,Madhavrao Scindia Cricket Ground,2,48.5,Sri Lanka,India,AD Mathews,TT Samaraweera,Z Khan,1,0,,,,,,,,,
430886,2009/10,2009-12-15,Madhavrao Scindia Cricket Ground,2,48.6,Sri Lanka,India,TT Samaraweera,AD Mathews,Z Khan,0,0,,,,,,run out,TT Samaraweera,,
430886,2009/10,2009-12-15,Madhavrao Scindia Cricket Ground,2,49.1,Sri Lanka,India,KMDN Kulasekara,AD Mathews,A Nehra,1,0,,,,,,,,,
430886,2009/10,2009-12-15,Madhavrao Scindia Cricket Ground,2,49.2,Sri Lanka,India,AD Mathews,KMDN Kulasekara,A Nehra,2,0,,,,,,,,,
430886,2009/10,2009-12-15,Madhavrao Scindia Cricket Ground,2,49.3,Sri Lanka,India,AD Mathews,KMDN Kulasekara,A Nehra,2,0,,,,,,,,,
430886,2009/10,2009-12-15,Madhavrao Scindia Cricket Ground,2,49.4,Sri Lanka,India,AD Mathews,KMDN Kulasekara,A Nehra,0,0,,,,,,caught,AD Mathews,,
430886,2009/10,2009-12-15,Madhavrao Scindia Cricket Ground,2,49.5,Sri Lanka,India,UWMBCA Welegedara,KMDN Kulasekara,A Nehra,1,0,,,,,,,,,
430886,2009/10,2009-12-15,Madhavrao Scindia Cricket Ground,2,49.6,Sri Lanka,India,KMDN Kulasekara,UWMBCA Welegedara,A Nehra,1,0,,,,,,,,,
