match_id,season,start_date,venue,innings,ball,batting_team,bowling_team,striker,non_striker,bowler,runs_off_bat,extras,wides,noballs,byes,legbyes,penalty,wicket_type,player_dismissed,other_wicket_type,other_player_dismissed
433560,2010/11,2011-02-20,"Mahinda Rajapaksa International Cricket Stadium, Sooriyawewa",1,0.1,Sri Lanka,Canada,WU Tharanga,TM Dilshan,Khurram Chohan,0,0,,,,,,,,,
433560,2010/11,2011-02-20,"Mahinda Rajapaksa International Cricket Stadium, Sooriyawewa",1,0.2,Sri Lanka,Canada,WU Tharanga,TM Dilshan,Khurram Chohan,2,0,,,,,,,,,
433560,2010/11,2011-02-20,"Mahinda Rajapaksa International Cricket Stadium, Sooriyawewa",1,0.3,Sri Lanka,Canada,WU Tharanga,TM Dilshan,Khurram Chohan,0,0,,,,,,,,,
433560,2010/11,2011-02-20,"Mahinda Rajapaksa International Cricket Stadium, Sooriyawewa",1,0.4,Sri Lanka,Canada,WU Tharanga,TM Dilshan,Khurram Chohan,0,0,,,,,,,,,
433560,2010/11,2011-02-20,"Mahinda Rajapaksa International Cricket Stadium, Sooriyawewa",1,0.5,Sri Lanka,Canada,WU Tharanga,TM Dilshan,Khurram Chohan,0,0,,,,,,,,,
433560,2010/11,2011-02-20,"Mahinda Rajapaksa International Cricket Stadium, Sooriyawewa",1,0.6,Sri Lanka,Canada,WU Tharanga,TM Dilshan,Khurram Chohan,1,0,,,,,,,,,
433560,2010/11,2011-02-20,"Mahinda Rajapaksa International Cricket Stadium, Sooriyawewa",1,1.1,Sri Lanka,Canada,WU Tharanga,TM Dilshan,H Osinde,0,0,,,,,,,,,
433560,2010/11,2011-02-20,"Mahinda Rajapaksa International Cricket Stadium, Sooriyawewa",1,1.2,Sri Lanka,Canada,WU Tharanga,TM Dilshan,H Osinde,1,0,,,,,,,,,
433560,2010/11,2011-02-20,"Mahinda Rajapaksa International Cricket Stadium, Sooriyawewa",1,1.3,Sri Lanka,Canada,TM Dilshan,WU Tharanga,H Osinde,0,0,,,,,,,,,
433560,2010/11,2011-02-20,"Mahinda Rajapaksa International Cricket Stadium, Sooriyawewa",1,1.4,Sri Lanka,Canada,TM Dilshan,WU Tharanga,H Osinde,4,0,,,,,,,,,
433560,2010/11,2011-02-20,"Mahinda Rajapaksa International Cricket Stadium, Sooriyawewa",1,1.5,Sri Lanka,Canada,TM Dilshan,WU Tharanga,H Osinde,0,0,,,,,,,,,
433560,2010/11,2011-02-20,"Mahinda Rajapaksa International Cricket Stadium, Sooriyawewa",1,1.6,Sri Lanka,Canada,TM Dilshan,WU Tharanga,H Osinde,0,1,,1,,,,,,,
433560,2010/11,2011-02-20,"Mahinda Rajapaksa International Cricket Stadium, Sooriyawewa",1,1.7,Sri Lanka,Canada,TM Dilshan,WU Tharanga,H Osinde,1,0,,,,,,,,,
433560,2010/11,2011-02-20,"Mahinda Rajapaksa International Cricket Stadium, Sooriyawewa",1,2.1,Sri Lanka,Canada,TM Dilshan,WU Tharanga,Khurram Chohan,4,0,,,,,,,,,
433560,2010/11,2011-02-20,"Mahinda Rajapaksa International Cricket Stadium, Sooriyawewa",1,2.2,Sri Lanka,Canada,TM Dilshan,WU Tharanga,Khurram Chohan,0,0,,,,,,,,,
433560,2010/11,2011-02-20,"Mahinda Rajapaksa International Cricket Stadium, Sooriyawewa",1,2.3,Sri Lanka,Canada,TM Dilshan,WU Tharanga,Khurram Chohan,0,0,,,,,,,,,
433560,2010/11,2011-02-20,"Mahinda Rajapaksa International Cricket Stadium, Sooriyawewa",1,2.4,Sri Lanka,Canada,TM Dilshan,WU Tharanga,Khurram Chohan,0,0,,,,,,,,,
433560,2010/11,2011-02-20,"Mahinda Rajapaksa International Cricket Stadium, Sooriyawewa",1,2.5,Sri Lanka,Canada,TM Dilshan,WU Tharanga,Khurram Chohan,0,0,,,,,,,,,
433560,2010/11,2011-02-20,"Mahinda Rajapaksa International Cricket Stadium, Sooriyawewa",1,2.6,Sri Lanka,Canada,TM Dilshan,WU Tharanga,Khurram Chohan,0,0,,,,,,,,,
433560,2010/11,2011-02-20,"Mahinda Rajapaksa International Cricket Stadium, Sooriyawewa",1,3.1,Sri Lanka,Canada,WU Tharanga,TM Dilshan,H Osinde,0,1,,,,1,,,,,
433560,2010/11,2011-02-20,"Mahinda Rajapaksa International Cricket Stadium, Sooriyawewa",1,3.2,Sri Lanka,Canada,TM Dilshan,WU Tharanga,H Osinde,0,1,1,,,,,,,,
433560,2010/11,2011-02-20,"Mahinda Rajapaksa International Cricket Stadium, Sooriyawewa",1,3.3,Sri Lanka,Canada,TM Dilshan,WU Tharanga,H Osinde,0,0,,,,,,,,,
433560,2010/11,2011-02-20,"Mahinda Rajapaksa International Cricket Stadium, Sooriyawewa",1,3.4,Sri Lanka,Canada,TM Dilshan,WU Tharanga,H Osinde,0,0,,,,,,,,,
433560,2010/11,2011-02-20,"Mahinda Rajapaksa International Cricket Stadium, Sooriyawewa",1,3.5,Sri Lanka,Canada,TM Dilshan,WU Tharanga,H Osinde,1,0,,,,,,,,,
433560,2010/11,2011-02-20,"Mahinda Rajapaksa International Cricket Stadium, Sooriyawewa",1,3.6,Sri Lanka,Canada,WU Tharanga,TM Dilshan,H Osinde,0,0,,,,,,,,,
433560,2010/11,2011-02-20,"Mahinda Rajapaksa International Cricket Stadium, Sooriyawewa",1,3.7,Sri Lanka,Canada,WU Tharanga,TM Dilshan,H Osinde,0,1,1,,,,,,,,
433560,2010/11,2011-02-20,"Mahinda Rajapaksa International Cricket Stadium, Sooriyawewa",1,3.8,Sri Lanka,Canada,WU Tharanga,TM Dilshan,H Osinde,0,0,,,,,,,,,
433560,2010/11,2011-02-20,"Mahinda Rajapaksa International Cricket Stadium, Sooriyawewa",1,4.1,Sri Lanka,Canada,TM Dilshan,WU Tharanga,Khurram Chohan,4,0,,,,,,,,,
433560,2010/11,2011-02-20,"Mahinda Rajapaksa International Cricket Stadium, Sooriyawewa",1,4.2,Sri Lanka,Canada,TM Dilshan,WU Tharanga,Khurram Chohan,1,0,,,,,,,,,
433560,2010/11,2011-02-20,"Mahinda Rajapaksa International Cricket Stadium, Sooriyawewa",1,4.3,Sri Lanka,Canada,WU Tharanga,TM Dilshan,Khurram Chohan,0,0,,,,,,,,,
433560,2010/11,2011-02-20,"Mahinda Rajapaksa International Cricket Stadium, Sooriyawewa",1,4.4,Sri Lanka,Canada,WU Tharanga,TM Dilshan,Khurram Chohan,0,0,,,,,,,,,
433560,2010/11,2011-02-20,"Mahinda Rajapaksa International Cricket Stadium, Sooriyawewa",1,4.5,Sri Lanka,Canada,WU Tharanga,TM Dilshan,Khurram Chohan,3,0,,,,,,,,,
433560,2010/11,2011-02-20,"Mahinda Rajapaksa International Cricket Stadium, Sooriyawewa",1,4.6,Sri Lanka,Canada,TM Dilshan,WU Tharanga,Khurram Chohan,0,0,,,,,,,,,
433560,2010/11,2011-02-20,"Mahinda Rajapaksa International Cricket Stadium, Sooriyawewa",1,5.1,Sri Lanka,Canada,WU Tharanga,TM Dilshan,H Osinde,0,0,,,,,,,,,
433560,2010/11,2011-02-20,"Mahinda Rajapaksa International Cricket Stadium, Sooriyawewa",1,5.2,Sri Lanka,Canada,WU Tharanga,TM Dilshan,HS Baidwan,2,0,,,,,,,,,
433560,2010/11,2011-02-20,"Mahinda Rajapaksa International Cricket Stadium, Sooriyawewa",1,5.3,Sri Lanka,Canada,WU Tharanga,TM Dilshan,HS Baidwan,0,0,,,,,,,,,
433560,2010/11,2011-02-20,"Mahinda Rajapaksa International Cricket Stadium, Sooriyawewa",1,5.4,Sri Lanka,Canada,WU Tharanga,TM Dilshan,HS Baidwan,0,0,,,,,,,,,
433560,2010/11,2011-02-20,"Mahinda Rajapaksa International Cricket Stadium, Sooriyawewa",1,5.5,Sri Lanka,Canada,WU Tharanga,TM Dilshan,HS Baidwan,0,0,,,,,,,,,
433560,2010/11,2011-02-20,"Mahinda Rajapaksa International Cricket Stadium, Sooriyawewa",1,5.6,Sri Lanka,Canada,WU Tharanga,TM Dilshan,HS Baidwan,0,0,,,,,,,,,
433560,2010/11,2011-02-20,"Mahinda Rajapaksa International Cricket Stadium, Sooriyawewa",1,6.1,Sri Lanka,Canada,TM Dilshan,WU Tharanga,Khurram Chohan,0,0,,,,,,,,,
433560,2010/11,2011-02-20,"Mahinda Rajapaksa International Cricket Stadium, Sooriyawewa",1,6.2,Sri Lanka,Canada,TM Dilshan,WU Tharanga,Khurram Chohan,0,0,,,,,,,,,
433560,2010/11,2011-02-20,"Mahinda Rajapaksa International Cricket Stadium, Sooriyawewa",1,6.3,Sri Lanka,Canada,TM Dilshan,WU Tharanga,Khurram Chohan,1,0,,,,,,,,,
433560,2010/11,2011-02-20,"Mahinda Rajapaksa International Cricket Stadium, Sooriyawewa",1,6.4,Sri Lanka,Canada,WU Tharanga,TM Dilshan,Khurram Chohan,0,0,,,,,,,,,
433560,2010/11,2011-02-20,"Mahinda Rajapaksa International Cricket Stadium, Sooriyawewa",1,6.5,Sri Lanka,Canada,WU Tharanga,TM Dilshan,Khurram Chohan,0,0,,,,,,,,,
433560,2010/11,2011-02-20,"Mahinda Rajapaksa International Cricket Stadium, Sooriyawewa",1,6.6,Sri Lanka,Canada,WU Tharanga,TM Dilshan,Khurram Chohan,4,0,,,,,,,,,
433560,2010/11,2011-02-20,"Mahinda Rajapaksa International Cricket Stadium, Sooriyawewa",1,7.1,Sri Lanka,Canada,TM Dilshan,WU Tharanga,HS Baidwan,0,0,,,,,,,,,
433560,2010/11,2011-02-20,"Mahinda Rajapaksa International Cricket Stadium, Sooriyawewa",1,7.2,Sri Lanka,Canada,TM Dilshan,WU Tharanga,HS Baidwan,4,0,,,,,,,,,
433560,2010/11,2011-02-20,"Mahinda Rajapaksa International Cricket Stadium, Sooriyawewa",1,7.3,Sri Lanka,Canada,TM Dilshan,WU Tharanga,HS Baidwan,0,0,,,,,,,,,
433560,2010/11,2011-02-20,"Mahinda Rajapaksa International Cricket Stadium, Sooriyawewa",1,7.4,Sri Lanka,Canada,TM Dilshan,WU Tharanga,HS Baidwan,0,0,,,,,,,,,
433560,2010/11,2011-02-20,"Mahinda Rajapaksa International Cricket Stadium, Sooriyawewa",1,7.5,Sri Lanka,Canada,TM Dilshan,WU Tharanga,HS Baidwan,0,0,,,,,,,,,
433560,2010/11,2011-02-20,"Mahinda Rajapaksa International Cricket Stadium, Sooriyawewa",1,7.6,Sri Lanka,Canada,TM Dilshan,WU Tharanga,HS Baidwan,0,0,,,,,,,,,
433560,2010/11,2011-02-20,"Mahinda Rajapaksa International Cricket Stadium, Sooriyawewa",1,8.1,Sri Lanka,Canada,WU Tharanga,TM Dilshan,Khurram Chohan,0,0,,,,,,,,,
433560,2010/11,2011-02-20,"Mahinda Rajapaksa International Cricket Stadium, Sooriyawewa",1,8.2,Sri Lanka,Canada,WU Tharanga,TM Dilshan,Khurram Chohan,1,0,,,,,,,,,
433560,2010/11,2011-02-20,"Mahinda Rajapaksa International Cricket Stadium, Sooriyawewa",1,8.3,Sri Lanka,Canada,TM Dilshan,WU Tharanga,Khurram Chohan,1,0,,,,,,,,,
433560,2010/11,2011-02-20,"Mahinda Rajapaksa International Cricket Stadium, Sooriyawewa",1,8.4,Sri Lanka,Canada,WU Tharanga,TM Dilshan,Khurram Chohan,0,0,,,,,,,,,
433560,2010/11,2011-02-20,"Mahinda Rajapaksa International Cricket Stadium, Sooriyawewa",1,8.5,Sri Lanka,Canada,WU Tharanga,TM Dilshan,Khurram Chohan,3,0,,,,,,,,,
433560,2010/11,2011-02-20,"Mahinda Rajapaksa International Cricket Stadium, Sooriyawewa",1,8.6,Sri Lanka,Canada,TM Dilshan,WU Tharanga,Khurram Chohan,0,0,,,,,,,,,
433560,2010/11,2011-02-20,"Mahinda Rajapaksa International Cricket Stadium, Sooriyawewa",1,9.1,Sri Lanka,Canada,WU Tharanga,TM Dilshan,HS Baidwan,1,0,,,,,,,,,
433560,2010/11,2011-02-20,"Mahinda Rajapaksa International Cricket Stadium, Sooriyawewa",1,9.2,Sri Lanka,Canada,TM Dilshan,WU Tharanga,HS Baidwan,4,0,,,,,,,,,
433560,2010/11,2011-02-20,"Mahinda Rajapaksa International Cricket Stadium, Sooriyawewa",1,9.3,Sri Lanka,Canada,TM Dilshan,WU Tharanga,HS Baidwan,4,0,,,,,,,,,
433560,2010/11,2011-02-20,"Mahinda Rajapaksa International Cricket Stadium, Sooriyawewa",1,9.4,Sri Lanka,Canada,TM Dilshan,WU Tharanga,HS Baidwan,2,0,,,,,,,,,
433560,2010/11,2011-02-20,"Mahinda Rajapaksa International Cricket Stadium, Sooriyawewa",1,9.5,Sri Lanka,Canada,TM Dilshan,WU Tharanga,HS Baidwan,1,0,,,,,,,,,
433560,2010/11,2011-02-20,"Mahinda Rajapaksa International Cricket Stadium, Sooriyawewa",1,9.6,Sri Lanka,Canada,WU Tharanga,TM Dilshan,HS Baidwan,0,0,,,,,,,,,
433560,2010/11,2011-02-20,"Mahinda Rajapaksa International Cricket Stadium, Sooriyawewa",1,10.1,Sri Lanka,Canada,TM Dilshan,WU Tharanga,AS Hansra,0,0,,,,,,,,,
433560,2010/11,2011-02-20,"Mahinda Rajapaksa International Cricket Stadium, Sooriyawewa",1,10.2,Sri Lanka,Canada,TM Dilshan,WU Tharanga,AS Hansra,0,0,,,,,,,,,
433560,2010/11,2011-02-20,"Mahinda Rajapaksa International Cricket Stadium, Sooriyawewa",1,10.3,Sri Lanka,Canada,TM Dilshan,WU Tharanga,AS Hansra,4,0,,,,,,,,,
433560,2010/11,2011-02-20,"Mahinda Rajapaksa International Cricket Stadium, Sooriyawewa",1,10.4,Sri Lanka,Canada,TM Dilshan,WU Tharanga,AS Hansra,0,0,,,,,,,,,
433560,2010/11,2011-02-20,"Mahinda Rajapaksa International Cricket Stadium, Sooriyawewa",1,10.5,Sri Lanka,Canada,TM Dilshan,WU Tharanga,AS Hansra,0,0,,,,,,,,,
433560,2010/11,2011-02-20,"Mahinda Rajapaksa International Cricket Stadium, Sooriyawewa",1,10.6,Sri Lanka,Canada,TM Dilshan,WU Tharanga,AS Hansra,1,0,,,,,,,,,
433560,2010/11,2011-02-20,"Mahinda Rajapaksa International Cricket Stadium, Sooriyawewa",1,11.1,Sri Lanka,Canada,TM Dilshan,WU Tharanga,HS Baidwan,1,0,,,,,,,,,
433560,2010/11,2011-02-20,"Mahinda Rajapaksa International Cricket Stadium, Sooriyawewa",1,11.2,Sri Lanka,Canada,WU Tharanga,TM Dilshan,HS Baidwan,1,0,,,,,,,,,
433560,2010/11,2011-02-20,"Mahinda Rajapaksa International Cricket Stadium, Sooriyawewa",1,11.3,Sri Lanka,Canada,TM Dilshan,WU Tharanga,HS Baidwan,0,0,,,,,,,,,
433560,2010/11,2011-02-20,"Mahinda Rajapaksa International Cricket Stadium, Sooriyawewa",1,11.4,Sri Lanka,Canada,TM Dilshan,WU Tharanga,HS Baidwan,0,1,1,,,,,,,,
433560,2010/11,2011-02-20,"Mahinda Rajapaksa International Cricket Stadium, Sooriyawewa",1,11.5,Sri Lanka,Canada,TM Dilshan,WU Tharanga,HS Baidwan,1,0,,,,,,,,,
433560,2010/11,2011-02-20,"Mahinda Rajapaksa International Cricket Stadium, Sooriyawewa",1,11.6,Sri Lanka,Canada,WU Tharanga,TM Dilshan,HS Baidwan,0,0,,,,,,run out,WU Tharanga,,
433560,2010/11,2011-02-20,"Mahinda Rajapaksa International Cricket Stadium, Sooriyawewa",1,11.7,Sri Lanka,Canada,KC Sangakkara,TM Dilshan,HS Baidwan,0,0,,,,,,,,,
433560,2010/11,2011-02-20,"Mahinda Rajapaksa International Cricket Stadium, Sooriyawewa",1,12.1,Sri Lanka,Canada,TM Dilshan,KC Sangakkara,AS Hansra,1,0,,,,,,,,,
433560,2010/11,2011-02-20,"Mahinda Rajapaksa International Cricket Stadium, Sooriyawewa",1,12.2,Sri Lanka,Canada,KC Sangakkara,TM Dilshan,AS Hansra,0,0,,,,,,,,,
433560,2010/11,2011-02-20,"Mahinda Rajapaksa International Cricket Stadium, Sooriyawewa",1,12.3,Sri Lanka,Canada,KC Sangakkara,TM Dilshan,AS Hansra,1,0,,,,,,,,,
433560,2010/11,2011-02-20,"Mahinda Rajapaksa International Cricket Stadium, Sooriyawewa",1,12.4,Sri Lanka,Canada,TM Dilshan,KC Sangakkara,AS Hansra,0,0,,,,,,,,,
433560,2010/11,2011-02-20,"Mahinda Rajapaksa International Cricket Stadium, Sooriyawewa",1,12.5,Sri Lanka,Canada,TM Dilshan,KC Sangakkara,AS Hansra,0,0,,,,,,,,,
433560,2010/11,2011-02-20,"Mahinda Rajapaksa International Cricket Stadium, Sooriyawewa",1,12.6,Sri Lanka,Canada,TM Dilshan,KC Sangakkara,AS Hansra,0,0,,,,,,,,,
433560,2010/11,2011-02-20,"Mahinda Rajapaksa International Cricket Stadium, Sooriyawewa",1,13.1,Sri Lanka,Canada,KC Sangakkara,TM Dilshan,HS Baidwan,1,0,,,,,,,,,
433560,2010/11,2011-02-20,"Mahinda Rajapaksa International Cricket Stadium, Sooriyawewa",1,13.2,Sri Lanka,Canada,TM Dilshan,KC Sangakkara,HS Baidwan,4,0,,,,,,,,,
433560,2010/11,2011-02-20,"Mahinda Rajapaksa International Cricket Stadium, Sooriyawewa",1,13.3,Sri Lanka,Canada,TM Dilshan,KC Sangakkara,HS Baidwan,0,0,,,,,,,,,
433560,2010/11,2011-02-20,"Mahinda Rajapaksa International Cricket Stadium, Sooriyawewa",1,13.4,Sri Lanka,Canada,TM Dilshan,KC Sangakkara,HS Baidwan,0,0,,,,,,,,,
433560,2010/11,2011-02-20,"Mahinda Rajapaksa International Cricket Stadium, Sooriyawewa",1,13.5,Sri Lanka,Canada,TM Dilshan,KC Sangakkara,HS Baidwan,1,0,,,,,,,,,
433560,2010/11,2011-02-20,"Mahinda Rajapaksa International Cricket Stadium, Sooriyawewa",1,13.6,Sri Lanka,Canada,KC Sangakkara,TM Dilshan,HS Baidwan,0,0,,,,,,,,,
433560,2010/11,2011-02-20,"Mahinda Rajapaksa International Cricket Stadium, Sooriyawewa",1,14.1,Sri Lanka,Canada,TM Dilshan,KC Sangakkara,AS Hansra,1,0,,,,,,,,,
433560,2010/11,2011-02-20,"Mahinda Rajapaksa International Cricket Stadium, Sooriyawewa",1,14.2,Sri Lanka,Canada,KC Sangakkara,TM Dilshan,AS Hansra,0,0,,,,,,,,,
433560,2010/11,2011-02-20,"Mahinda Rajapaksa International Cricket Stadium, Sooriyawewa",1,14.3,Sri Lanka,Canada,KC Sangakkara,TM Dilshan,AS Hansra,0,0,,,,,,,,,
433560,2010/11,2011-02-20,"Mahinda Rajapaksa International Cricket Stadium, Sooriyawewa",1,14.4,Sri Lanka,Canada,KC Sangakkara,TM Dilshan,AS Hansra,0,0,,,,,,,,,
433560,2010/11,2011-02-20,"Mahinda Rajapaksa International Cricket Stadium, Sooriyawewa",1,14.5,Sri Lanka,Canada,KC Sangakkara,TM Dilshan,AS Hansra,1,0,,,,,,,,,
433560,2010/11,2011-02-20,"Mahinda Rajapaksa International Cricket Stadium, Sooriyawewa",1,14.6,Sri Lanka,Canada,TM Dilshan,KC Sangakkara,AS Hansra,0,0,,,,,,,,,
433560,2010/11,2011-02-20,"Mahinda Rajapaksa International Cricket Stadium, Sooriyawewa",1,15.1,Sri Lanka,Canada,KC Sangakkara,TM Dilshan,Rizwan Cheema,0,0,,,,,,,,,
433560,2010/11,2011-02-20,"Mahinda Rajapaksa International Cricket Stadium, Sooriyawewa",1,15.2,Sri Lanka,Canada,KC Sangakkara,TM Dilshan,Rizwan Cheema,1,0,,,,,,,,,
433560,2010/11,2011-02-20,"Mahinda Rajapaksa International Cricket Stadium, Sooriyawewa",1,15.3,Sri Lanka,Canada,TM Dilshan,KC Sangakkara,Rizwan Cheema,1,0,,,,,,,,,
433560,2010/11,2011-02-20,"Mahinda Rajapaksa International Cricket Stadium, Sooriyawewa",1,15.4,Sri Lanka,Canada,KC Sangakkara,TM Dilshan,Rizwan Cheema,0,0,,,,,,,,,
433560,2010/11,2011-02-20,"Mahinda Rajapaksa International Cricket Stadium, Sooriyawewa",1,15.5,Sri Lanka,Canada,KC Sangakkara,TM Dilshan,Rizwan Cheema,0,0,,,,,,,,,
433560,2010/11,2011-02-20,"Mahinda Rajapaksa International Cricket Stadium, Sooriyawewa",1,15.6,Sri Lanka,Canada,KC Sangakkara,TM Dilshan,Rizwan Cheema,3,0,,,,,,,,,
433560,2010/11,2011-02-20,"Mahinda Rajapaksa International Cricket Stadium, Sooriyawewa",1,16.1,Sri Lanka,Canada,KC Sangakkara,TM Dilshan,AS Hansra,0,0,,,,,,,,,
433560,2010/11,2011-02-20,"Mahinda Rajapaksa International Cricket Stadium, Sooriyawewa",1,16.2,Sri Lanka,Canada,KC Sangakkara,TM Dilshan,AS Hansra,3,0,,,,,,,,,
433560,2010/11,2011-02-20,"Mahinda Rajapaksa International Cricket Stadium, Sooriyawewa",1,16.3,Sri Lanka,Canada,TM Dilshan,KC Sangakkara,AS Hansra,0,0,,,,,,,,,
433560,2010/11,2011-02-20,"Mahinda Rajapaksa International Cricket Stadium, Sooriyawewa",1,16.4,Sri Lanka,Canada,TM Dilshan,KC Sangakkara,AS Hansra,1,0,,,,,,,,,
433560,2010/11,2011-02-20,"Mahinda Rajapaksa International Cricket Stadium, Sooriyawewa",1,16.5,Sri Lanka,Canada,KC Sangakkara,TM Dilshan,AS Hansra,1,0,,,,,,,,,
433560,2010/11,2011-02-20,"Mahinda Rajapaksa International Cricket Stadium, Sooriyawewa",1,16.6,Sri Lanka,Canada,TM Dilshan,KC Sangakkara,AS Hansra,0,0,,,,,,,,,
433560,2010/11,2011-02-20,"Mahinda Rajapaksa International Cricket Stadium, Sooriyawewa",1,17.1,Sri Lanka,Canada,KC Sangakkara,TM Dilshan,Rizwan Cheema,1,0,,,,,,,,,
433560,2010/11,2011-02-20,"Mahinda Rajapaksa International Cricket Stadium, Sooriyawewa",1,17.2,Sri Lanka,Canada,TM Dilshan,KC Sangakkara,Rizwan Cheema,0,0,,,,,,,,,
433560,2010/11,2011-02-20,"Mahinda Rajapaksa International Cricket Stadium, Sooriyawewa",1,17.3,Sri Lanka,Canada,TM Dilshan,KC Sangakkara,Rizwan Cheema,1,0,,,,,,,,,
433560,2010/11,2011-02-20,"Mahinda Rajapaksa International Cricket Stadium, Sooriyawewa",1,17.4,Sri Lanka,Canada,KC Sangakkara,TM Dilshan,Rizwan Cheema,0,0,,,,,,,,,
433560,2010/11,2011-02-20,"Mahinda Rajapaksa International Cricket Stadium, Sooriyawewa",1,17.5,Sri Lanka,Canada,KC Sangakkara,TM Dilshan,Rizwan Cheema,0,0,,,,,,,,,
433560,2010/11,2011-02-20,"Mahinda Rajapaksa International Cricket Stadium, Sooriyawewa",1,17.6,Sri Lanka,Canada,KC Sangakkara,TM Dilshan,Rizwan Cheema,1,0,,,,,,,,,
433560,2010/11,2011-02-20,"Mahinda Rajapaksa International Cricket Stadium, Sooriyawewa",1,18.1,Sri Lanka,Canada,KC Sangakkara,TM Dilshan,AS Hansra,0,0,,,,,,,,,
433560,2010/11,2011-02-20,"Mahinda Rajapaksa International Cricket Stadium, Sooriyawewa",1,18.2,Sri Lanka,Canada,KC Sangakkara,TM Dilshan,AS Hansra,0,0,,,,,,,,,
433560,2010/11,2011-02-20,"Mahinda Rajapaksa International Cricket Stadium, Sooriyawewa",1,18.3,Sri Lanka,Canada,KC Sangakkara,TM Dilshan,AS Hansra,0,0,,,,,,,,,
433560,2010/11,2011-02-20,"Mahinda Rajapaksa International Cricket Stadium, Sooriyawewa",1,18.4,Sri Lanka,Canada,KC Sangakkara,TM Dilshan,AS Hansra,0,0,,,,,,,,,
433560,2010/11,2011-02-20,"Mahinda Rajapaksa International Cricket Stadium, Sooriyawewa",1,18.5,Sri Lanka,Canada,KC Sangakkara,TM Dilshan,AS Hansra,1,0,,,,,,,,,
433560,2010/11,2011-02-20,"Mahinda Rajapaksa International Cricket Stadium, Sooriyawewa",1,18.6,Sri Lanka,Canada,TM Dilshan,KC Sangakkara,AS Hansra,1,0,,,,,,,,,
433560,2010/11,2011-02-20,"Mahinda Rajapaksa International Cricket Stadium, Sooriyawewa",1,19.1,Sri Lanka,Canada,TM Dilshan,KC Sangakkara,Rizwan Cheema,0,0,,,,,,caught,TM Dilshan,,
433560,2010/11,2011-02-20,"Mahinda Rajapaksa International Cricket Stadium, Sooriyawewa",1,19.2,Sri Lanka,Canada,KC Sangakkara,DPMD Jayawardene,Rizwan Cheema,1,0,,,,,,,,,
433560,2010/11,2011-02-20,"Mahinda Rajapaksa International Cricket Stadium, Sooriyawewa",1,19.3,Sri Lanka,Canada,DPMD Jayawardene,KC Sangakkara,Rizwan Cheema,1,0,,,,,,,,,
433560,2010/11,2011-02-20,"Mahinda Rajapaksa International Cricket Stadium, Sooriyawewa",1,19.4,Sri Lanka,Canada,KC Sangakkara,DPMD Jayawardene,Rizwan Cheema,0,0,,,,,,,,,
433560,2010/11,2011-02-20,"Mahinda Rajapaksa International Cricket Stadium, Sooriyawewa",1,19.5,Sri Lanka,Canada,KC Sangakkara,DPMD Jayawardene,Rizwan Cheema,0,0,,,,,,,,,
433560,2010/11,2011-02-20,"Mahinda Rajapaksa International Cricket Stadium, Sooriyawewa",1,19.6,Sri Lanka,Canada,KC Sangakkara,DPMD Jayawardene,Rizwan Cheema,2,0,,,,,,,,,
433560,2010/11,2011-02-20,"Mahinda Rajapaksa International Cricket Stadium, Sooriyawewa",1,20.1,Sri Lanka,Canada,DPMD Jayawardene,KC Sangakkara,AS Hansra,1,0,,,,,,,,,
433560,2010/11,2011-02-20,"Mahinda Rajapaksa International Cricket Stadium, Sooriyawewa",1,20.2,Sri Lanka,Canada,KC Sangakkara,DPMD Jayawardene,AS Hansra,0,0,,,,,,,,,
433560,2010/11,2011-02-20,"Mahinda Rajapaksa International Cricket Stadium, Sooriyawewa",1,20.3,Sri Lanka,Canada,KC Sangakkara,DPMD Jayawardene,AS Hansra,1,0,,,,,,,,,
433560,2010/11,2011-02-20,"Mahinda Rajapaksa International Cricket Stadium, Sooriyawewa",1,20.4,Sri Lanka,Canada,DPMD Jayawardene,KC Sangakkara,AS Hansra,1,0,,,,,,,,,
433560,2010/11,2011-02-20,"Mahinda Rajapaksa International Cricket Stadium, Sooriyawewa",1,20.5,Sri Lanka,Canada,KC Sangakkara,DPMD Jayawardene,AS Hansra,1,0,,,,,,,,,
433560,2010/11,2011-02-20,"Mahinda Rajapaksa International Cricket Stadium, Sooriyawewa",1,20.6,Sri Lanka,Canada,DPMD Jayawardene,KC Sangakkara,AS Hansra,1,0,,,,,,,,,
433560,2010/11,2011-02-20,"Mahinda Rajapaksa International Cricket Stadium, Sooriyawewa",1,21.1,Sri Lanka,Canada,DPMD Jayawardene,KC Sangakkara,Rizwan Cheema,0,0,,,,,,,,,
433560,2010/11,2011-02-20,"Mahinda Rajapaksa International Cricket Stadium, Sooriyawewa",1,21.2,Sri Lanka,Canada,DPMD Jayawardene,KC Sangakkara,Rizwan Cheema,0,0,,,,,,,,,
433560,2010/11,2011-02-20,"Mahinda Rajapaksa International Cricket Stadium, Sooriyawewa",1,21.3,Sri Lanka,Canada,DPMD Jayawardene,KC Sangakkara,Rizwan Cheema,2,0,,,,,,,,,
433560,2010/11,2011-02-20,"Mahinda Rajapaksa International Cricket Stadium, Sooriyawewa",1,21.4,Sri Lanka,Canada,DPMD Jayawardene,KC Sangakkara,Rizwan Cheema,4,0,,,,,,,,,
433560,2010/11,2011-02-20,"Mahinda Rajapaksa International Cricket Stadium, Sooriyawewa",1,21.5,Sri Lanka,Canada,DPMD Jayawardene,KC Sangakkara,Rizwan Cheema,1,0,,,,,,,,,
433560,2010/11,2011-02-20,"Mahinda Rajapaksa International Cricket Stadium, Sooriyawewa",1,21.6,Sri Lanka,Canada,KC Sangakkara,DPMD Jayawardene,Rizwan Cheema,0,0,,,,,,,,,
433560,2010/11,2011-02-20,"Mahinda Rajapaksa International Cricket Stadium, Sooriyawewa",1,22.1,Sri Lanka,Canada,DPMD Jayawardene,KC Sangakkara,AS Hansra,0,0,,,,,,,,,
433560,2010/11,2011-02-20,"Mahinda Rajapaksa International Cricket Stadium, Sooriyawewa",1,22.2,Sri Lanka,Canada,DPMD Jayawardene,KC Sangakkara,AS Hansra,1,0,,,,,,,,,
433560,2010/11,2011-02-20,"Mahinda Rajapaksa International Cricket Stadium, Sooriyawewa",1,22.3,Sri Lanka,Canada,KC Sangakkara,DPMD Jayawardene,AS Hansra,1,0,,,,,,,,,
433560,2010/11,2011-02-20,"Mahinda Rajapaksa International Cricket Stadium, Sooriyawewa",1,22.4,Sri Lanka,Canada,DPMD Jayawardene,KC Sangakkara,AS Hansra,0,0,,,,,,,,,
433560,2010/11,2011-02-20,"Mahinda Rajapaksa International Cricket Stadium, Sooriyawewa",1,22.5,Sri Lanka,Canada,DPMD Jayawardene,KC Sangakkara,AS Hansra,0,0,,,,,,,,,
433560,2010/11,2011-02-20,"Mahinda Rajapaksa International Cricket Stadium, Sooriyawewa",1,22.6,Sri Lanka,Canada,DPMD Jayawardene,KC Sangakkara,AS Hansra,1,0,,,,,,,,,
433560,2010/11,2011-02-20,"Mahinda Rajapaksa International Cricket Stadium, Sooriyawewa",1,23.1,Sri Lanka,Canada,DPMD Jayawardene,KC Sangakkara,WD Balaji Rao,1,0,,,,,,,,,
433560,2010/11,2011-02-20,"Mahinda Rajapaksa International Cricket Stadium, Sooriyawewa",1,23.2,Sri Lanka,Canada,KC Sangakkara,DPMD Jayawardene,WD Balaji Rao,2,0,,,,,,,,,
433560,2010/11,2011-02-20,"Mahinda Rajapaksa International Cricket Stadium, Sooriyawewa",1,23.3,Sri Lanka,Canada,KC Sangakkara,DPMD Jayawardene,WD Balaji Rao,0,0,,,,,,,,,
433560,2010/11,2011-02-20,"Mahinda Rajapaksa International Cricket Stadium, Sooriyawewa",1,23.4,Sri Lanka,Canada,KC Sangakkara,DPMD Jayawardene,WD Balaji Rao,1,0,,,,,,,,,
433560,2010/11,2011-02-20,"Mahinda Rajapaksa International Cricket Stadium, Sooriyawewa",1,23.5,Sri Lanka,Canada,DPMD Jayawardene,KC Sangakkara,WD Balaji Rao,0,0,,,,,,,,,
433560,2010/11,2011-02-20,"Mahinda Rajapaksa International Cricket Stadium, Sooriyawewa",1,23.6,Sri Lanka,Canada,DPMD Jayawardene,KC Sangakkara,WD Balaji Rao,1,0,,,,,,,,,
433560,2010/11,2011-02-20,"Mahinda Rajapaksa International Cricket Stadium, Sooriyawewa",1,24.1,Sri Lanka,Canada,DPMD Jayawardene,KC Sangakkara,AS Hansra,6,0,,,,,,,,,
433560,2010/11,2011-02-20,"Mahinda Rajapaksa International Cricket Stadium, Sooriyawewa",1,24.2,Sri Lanka,Canada,DPMD Jayawardene,KC Sangakkara,AS Hansra,1,0,,,,,,,,,
433560,2010/11,2011-02-20,"Mahinda Rajapaksa International Cricket Stadium, Sooriyawewa",1,24.3,Sri Lanka,Canada,KC Sangakkara,DPMD Jayawardene,AS Hansra,0,2,2,,,,,,,,
433560,2010/11,2011-02-20,"Mahinda Rajapaksa International Cricket Stadium, Sooriyawewa",1,24.4,Sri Lanka,Canada,DPMD Jayawardene,KC Sangakkara,AS Hansra,0,0,,,,,,,,,
433560,2010/11,2011-02-20,"Mahinda Rajapaksa International Cricket Stadium, Sooriyawewa",1,24.5,Sri Lanka,Canada,DPMD Jayawardene,KC Sangakkara,AS Hansra,0,0,,,,,,,,,
433560,2010/11,2011-02-20,"Mahinda Rajapaksa International Cricket Stadium, Sooriyawewa",1,24.6,Sri Lanka,Canada,DPMD Jayawardene,KC Sangakkara,AS Hansra,0,0,,,,,,,,,
433560,2010/11,2011-02-20,"Mahinda Rajapaksa International Cricket Stadium, Sooriyawewa",1,24.7,Sri Lanka,Canada,DPMD Jayawardene,KC Sangakkara,AS Hansra,1,0,,,,,,,,,
433560,2010/11,2011-02-20,"Mahinda Rajapaksa International Cricket Stadium, Sooriyawewa",1,25.1,Sri Lanka,Canada,DPMD Jayawardene,KC Sangakkara,WD Balaji Rao,1,0,,,,,,,,,
433560,2010/11,2011-02-20,"Mahinda Rajapaksa International Cricket Stadium, Sooriyawewa",1,25.2,Sri Lanka,Canada,KC Sangakkara,DPMD Jayawardene,WD Balaji Rao,1,0,,,,,,,,,
433560,2010/11,2011-02-20,"Mahinda Rajapaksa International Cricket Stadium, Sooriyawewa",1,25.3,Sri Lanka,Canada,DPMD Jayawardene,KC Sangakkara,WD Balaji Rao,0,0,,,,,,,,,
433560,2010/11,2011-02-20,"Mahinda Rajapaksa International Cricket Stadium, Sooriyawewa",1,25.4,Sri Lanka,Canada,DPMD Jayawardene,KC Sangakkara,WD Balaji Rao,0,0,,,,,,,,,
433560,2010/11,2011-02-20,"Mahinda Rajapaksa International Cricket Stadium, Sooriyawewa",1,25.5,Sri Lanka,Canada,DPMD Jayawardene,KC Sangakkara,WD Balaji Rao,1,0,,,,,,,,,
433560,2010/11,2011-02-20,"Mahinda Rajapaksa International Cricket Stadium, Sooriyawewa",1,25.6,Sri Lanka,Canada,KC Sangakkara,DPMD Jayawardene,WD Balaji Rao,0,0,,,,,,,,,
433560,2010/11,2011-02-20,"Mahinda Rajapaksa International Cricket Stadium, Sooriyawewa",1,26.1,Sri Lanka,Canada,DPMD Jayawardene,KC Sangakkara,AS Hansra,4,0,,,,,,,,,
433560,2010/11,2011-02-20,"Mahinda Rajapaksa International Cricket Stadium, Sooriyawewa",1,26.2,Sri Lanka,Canada,DPMD Jayawardene,KC Sangakkara,AS Hansra,3,0,,,,,,,,,
433560,2010/11,2011-02-20,"Mahinda Rajapaksa International Cricket Stadium, Sooriyawewa",1,26.3,Sri Lanka,Canada,KC Sangakkara,DPMD Jayawardene,AS Hansra,1,0,,,,,,,,,
433560,2010/11,2011-02-20,"Mahinda Rajapaksa International Cricket Stadium, Sooriyawewa",1,26.4,Sri Lanka,Canada,DPMD Jayawardene,KC Sangakkara,AS Hansra,0,0,,,,,,,,,
433560,2010/11,2011-02-20,"Mahinda Rajapaksa International Cricket Stadium, Sooriyawewa",1,26.5,Sri Lanka,Canada,DPMD Jayawardene,KC Sangakkara,AS Hansra,1,0,,,,,,,,,
433560,2010/11,2011-02-20,"Mahinda Rajapaksa International Cricket Stadium, Sooriyawewa",1,26.6,Sri Lanka,Canada,KC Sangakkara,DPMD Jayawardene,AS Hansra,4,0,,,,,,,,,
433560,2010/11,2011-02-20,"Mahinda Rajapaksa International Cricket Stadium, Sooriyawewa",1,27.1,Sri Lanka,Canada,DPMD Jayawardene,KC Sangakkara,WD Balaji Rao,2,0,,,,,,,,,
433560,2010/11,2011-02-20,"Mahinda Rajapaksa International Cricket Stadium, Sooriyawewa",1,27.2,Sri Lanka,Canada,DPMD Jayawardene,KC Sangakkara,WD Balaji Rao,1,0,,,,,,,,,
433560,2010/11,2011-02-20,"Mahinda Rajapaksa International Cricket Stadium, Sooriyawewa",1,27.3,Sri Lanka,Canada,KC Sangakkara,DPMD Jayawardene,WD Balaji Rao,0,0,,,,,,,,,
433560,2010/11,2011-02-20,"Mahinda Rajapaksa International Cricket Stadium, Sooriyawewa",1,27.4,Sri Lanka,Canada,KC Sangakkara,DPMD Jayawardene,WD Balaji Rao,1,0,,,,,,,,,
433560,2010/11,2011-02-20,"Mahinda Rajapaksa International Cricket Stadium, Sooriyawewa",1,27.5,Sri Lanka,Canada,DPMD Jayawardene,KC Sangakkara,WD Balaji Rao,4,0,,,,,,,,,
433560,2010/11,2011-02-20,"Mahinda Rajapaksa International Cricket Stadium, Sooriyawewa",1,27.6,Sri Lanka,Canada,DPMD Jayawardene,KC Sangakkara,WD Balaji Rao,1,0,,,,,,,,,
433560,2010/11,2011-02-20,"Mahinda Rajapaksa International Cricket Stadium, Sooriyawewa",1,28.1,Sri Lanka,Canada,DPMD Jayawardene,KC Sangakkara,Rizwan Cheema,1,0,,,,,,,,,
433560,2010/11,2011-02-20,"Mahinda Rajapaksa International Cricket Stadium, Sooriyawewa",1,28.2,Sri Lanka,Canada,KC Sangakkara,DPMD Jayawardene,Rizwan Cheema,0,0,,,,,,,,,
433560,2010/11,2011-02-20,"Mahinda Rajapaksa International Cricket Stadium, Sooriyawewa",1,28.3,Sri Lanka,Canada,KC Sangakkara,DPMD Jayawardene,Rizwan Cheema,1,0,,,,,,,,,
433560,2010/11,2011-02-20,"Mahinda Rajapaksa International Cricket Stadium, Sooriyawewa",1,28.4,Sri Lanka,Canada,DPMD Jayawardene,KC Sangakkara,Rizwan Cheema,1,0,,,,,,,,,
433560,2010/11,2011-02-20,"Mahinda Rajapaksa International Cricket Stadium, Sooriyawewa",1,28.5,Sri Lanka,Canada,KC Sangakkara,DPMD Jayawardene,Rizwan Cheema,4,0,,,,,,,,,
433560,2010/11,2011-02-20,"Mahinda Rajapaksa International Cricket Stadium, Sooriyawewa",1,28.6,Sri Lanka,Canada,KC Sangakkara,DPMD Jayawardene,Rizwan Cheema,1,0,,,,,,,,,
433560,2010/11,2011-02-20,"Mahinda Rajapaksa International Cricket Stadium, Sooriyawewa",1,29.1,Sri Lanka,Canada,KC Sangakkara,DPMD Jayawardene,JM Davison,0,1,1,,,,,,,,
433560,2010/11,2011-02-20,"Mahinda Rajapaksa International Cricket Stadium, Sooriyawewa",1,29.2,Sri Lanka,Canada,KC Sangakkara,DPMD Jayawardene,JM Davison,0,0,,,,,,,,,
433560,2010/11,2011-02-20,"Mahinda Rajapaksa International Cricket Stadium, Sooriyawewa",1,29.3,Sri Lanka,Canada,KC Sangakkara,DPMD Jayawardene,JM Davison,1,0,,,,,,,,,
433560,2010/11,2011-02-20,"Mahinda Rajapaksa International Cricket Stadium, Sooriyawewa",1,29.4,Sri Lanka,Canada,DPMD Jayawardene,KC Sangakkara,JM Davison,0,0,,,,,,,,,
433560,2010/11,2011-02-20,"Mahinda Rajapaksa International Cricket Stadium, Sooriyawewa",1,29.5,Sri Lanka,Canada,DPMD Jayawardene,KC Sangakkara,JM Davison,4,0,,,,,,,,,
433560,2010/11,2011-02-20,"Mahinda Rajapaksa International Cricket Stadium, Sooriyawewa",1,29.6,Sri Lanka,Canada,DPMD Jayawardene,KC Sangakkara,JM Davison,4,0,,,,,,,,,
433560,2010/11,2011-02-20,"Mahinda Rajapaksa International Cricket Stadium, Sooriyawewa",1,29.7,Sri Lanka,Canada,DPMD Jayawardene,KC Sangakkara,JM Davison,0,0,,,,,,,,,
433560,2010/11,2011-02-20,"Mahinda Rajapaksa International Cricket Stadium, Sooriyawewa",1,30.1,Sri Lanka,Canada,KC Sangakkara,DPMD Jayawardene,WD Balaji Rao,6,0,,,,,,,,,
433560,2010/11,2011-02-20,"Mahinda Rajapaksa International Cricket Stadium, Sooriyawewa",1,30.2,Sri Lanka,Canada,KC Sangakkara,DPMD Jayawardene,WD Balaji Rao,0,0,,,,,,,,,
433560,2010/11,2011-02-20,"Mahinda Rajapaksa International Cricket Stadium, Sooriyawewa",1,30.3,Sri Lanka,Canada,KC Sangakkara,DPMD Jayawardene,WD Balaji Rao,0,0,,,,,,,,,
433560,2010/11,2011-02-20,"Mahinda Rajapaksa International Cricket Stadium, Sooriyawewa",1,30.4,Sri Lanka,Canada,KC Sangakkara,DPMD Jayawardene,WD Balaji Rao,1,0,,,,,,,,,
433560,2010/11,2011-02-20,"Mahinda Rajapaksa International Cricket Stadium, Sooriyawewa",1,30.5,Sri Lanka,Canada,DPMD Jayawardene,KC Sangakkara,WD Balaji Rao,4,0,,,,,,,,,
433560,2010/11,2011-02-20,"Mahinda Rajapaksa International Cricket Stadium, Sooriyawewa",1,30.6,Sri Lanka,Canada,DPMD Jayawardene,KC Sangakkara,WD Balaji Rao,0,0,,,,,,,,,
433560,2010/11,2011-02-20,"Mahinda Rajapaksa International Cricket Stadium, Sooriyawewa",1,31.1,Sri Lanka,Canada,KC Sangakkara,DPMD Jayawardene,JM Davison,1,0,,,,,,,,,
433560,2010/11,2011-02-20,"Mahinda Rajapaksa International Cricket Stadium, Sooriyawewa",1,31.2,Sri Lanka,Canada,DPMD Jayawardene,KC Sangakkara,JM Davison,1,0,,,,,,,,,
433560,2010/11,2011-02-20,"Mahinda Rajapaksa International Cricket Stadium, Sooriyawewa",1,31.3,Sri Lanka,Canada,KC Sangakkara,DPMD Jayawardene,JM Davison,0,0,,,,,,,,,
433560,2010/11,2011-02-20,"Mahinda Rajapaksa International Cricket Stadium, Sooriyawewa",1,31.4,Sri Lanka,Canada,KC Sangakkara,DPMD Jayawardene,JM Davison,1,0,,,,,,,,,
433560,2010/11,2011-02-20,"Mahinda Rajapaksa International Cricket Stadium, Sooriyawewa",1,31.5,Sri Lanka,Canada,DPMD Jayawardene,KC Sangakkara,JM Davison,1,0,,,,,,,,,
433560,2010/11,2011-02-20,"Mahinda Rajapaksa International Cricket Stadium, Sooriyawewa",1,31.6,Sri Lanka,Canada,KC Sangakkara,DPMD Jayawardene,JM Davison,2,0,,,,,,,,,
433560,2010/11,2011-02-20,"Mahinda Rajapaksa International Cricket Stadium, Sooriyawewa",1,32.1,Sri Lanka,Canada,DPMD Jayawardene,KC Sangakkara,HS Baidwan,1,0,,,,,,,,,
433560,2010/11,2011-02-20,"Mahinda Rajapaksa International Cricket Stadium, Sooriyawewa",1,32.2,Sri Lanka,Canada,KC Sangakkara,DPMD Jayawardene,HS Baidwan,0,0,,,,,,,,,
433560,2010/11,2011-02-20,"Mahinda Rajapaksa International Cricket Stadium, Sooriyawewa",1,32.3,Sri Lanka,Canada,KC Sangakkara,DPMD Jayawardene,HS Baidwan,1,0,,,,,,,,,
433560,2010/11,2011-02-20,"Mahinda Rajapaksa International Cricket Stadium, Sooriyawewa",1,32.4,Sri Lanka,Canada,DPMD Jayawardene,KC Sangakkara,HS Baidwan,1,0,,,,,,,,,
433560,2010/11,2011-02-20,"Mahinda Rajapaksa International Cricket Stadium, Sooriyawewa",1,32.5,Sri Lanka,Canada,KC Sangakkara,DPMD Jayawardene,HS Baidwan,4,0,,,,,,,,,
433560,2010/11,2011-02-20,"Mahinda Rajapaksa International Cricket Stadium, Sooriyawewa",1,32.6,Sri Lanka,Canada,KC Sangakkara,DPMD Jayawardene,HS Baidwan,0,0,,,,,,,,,
433560,2010/11,2011-02-20,"Mahinda Rajapaksa International Cricket Stadium, Sooriyawewa",1,33.1,Sri Lanka,Canada,DPMD Jayawardene,KC Sangakkara,JM Davison,2,0,,,,,,,,,
433560,2010/11,2011-02-20,"Mahinda Rajapaksa International Cricket Stadium, Sooriyawewa",1,33.2,Sri Lanka,Canada,DPMD Jayawardene,KC Sangakkara,JM Davison,1,0,,,,,,,,,
433560,2010/11,2011-02-20,"Mahinda Rajapaksa International Cricket Stadium, Sooriyawewa",1,33.3,Sri Lanka,Canada,KC Sangakkara,DPMD Jayawardene,JM Davison,1,0,,,,,,,,,
433560,2010/11,2011-02-20,"Mahinda Rajapaksa International Cricket Stadium, Sooriyawewa",1,33.4,Sri Lanka,Canada,DPMD Jayawardene,KC Sangakkara,JM Davison,0,0,,,,,,,,,
433560,2010/11,2011-02-20,"Mahinda Rajapaksa International Cricket Stadium, Sooriyawewa",1,33.5,Sri Lanka,Canada,DPMD Jayawardene,KC Sangakkara,JM Davison,0,1,1,,,,,,,,
433560,2010/11,2011-02-20,"Mahinda Rajapaksa International Cricket Stadium, Sooriyawewa",1,33.6,Sri Lanka,Canada,DPMD Jayawardene,KC Sangakkara,JM Davison,1,0,,,,,,,,,
433560,2010/11,2011-02-20,"Mahinda Rajapaksa International Cricket Stadium, Sooriyawewa",1,33.7,Sri Lanka,Canada,KC Sangakkara,DPMD Jayawardene,JM Davison,1,0,,,,,,,,,
433560,2010/11,2011-02-20,"Mahinda Rajapaksa International Cricket Stadium, Sooriyawewa",1,34.1,Sri Lanka,Canada,KC Sangakkara,DPMD Jayawardene,Khurram Chohan,0,0,,,,,,,,,
433560,2010/11,2011-02-20,"Mahinda Rajapaksa International Cricket Stadium, Sooriyawewa",1,34.2,Sri Lanka,Canada,KC Sangakkara,DPMD Jayawardene,Khurram Chohan,4,0,,,,,,,,,
433560,2010/11,2011-02-20,"Mahinda Rajapaksa International Cricket Stadium, Sooriyawewa",1,34.3,Sri Lanka,Canada,KC Sangakkara,DPMD Jayawardene,Khurram Chohan,1,0,,,,,,,,,
433560,2010/11,2011-02-20,"Mahinda Rajapaksa International Cricket Stadium, Sooriyawewa",1,34.4,Sri Lanka,Canada,DPMD Jayawardene,KC Sangakkara,Khurram Chohan,1,0,,,,,,,,,
433560,2010/11,2011-02-20,"Mahinda Rajapaksa International Cricket Stadium, Sooriyawewa",1,34.5,Sri Lanka,Canada,KC Sangakkara,DPMD Jayawardene,Khurram Chohan,4,0,,,,,,,,,
433560,2010/11,2011-02-20,"Mahinda Rajapaksa International Cricket Stadium, Sooriyawewa",1,34.6,Sri Lanka,Canada,KC Sangakkara,DPMD Jayawardene,Khurram Chohan,2,0,,,,,,,,,
433560,2010/11,2011-02-20,"Mahinda Rajapaksa International Cricket Stadium, Sooriyawewa",1,35.1,Sri Lanka,Canada,DPMD Jayawardene,KC Sangakkara,JM Davison,1,0,,,,,,,,,
433560,2010/11,2011-02-20,"Mahinda Rajapaksa International Cricket Stadium, Sooriyawewa",1,35.2,Sri Lanka,Canada,KC Sangakkara,DPMD Jayawardene,JM Davison,2,0,,,,,,,,,
433560,2010/11,2011-02-20,"Mahinda Rajapaksa International Cricket Stadium, Sooriyawewa",1,35.3,Sri Lanka,Canada,KC Sangakkara,DPMD Jayawardene,JM Davison,1,0,,,,,,,,,
433560,2010/11,2011-02-20,"Mahinda Rajapaksa International Cricket Stadium, Sooriyawewa",1,35.4,Sri Lanka,Canada,DPMD Jayawardene,KC Sangakkara,JM Davison,1,0,,,,,,,,,
433560,2010/11,2011-02-20,"Mahinda Rajapaksa International Cricket Stadium, Sooriyawewa",1,35.5,Sri Lanka,Canada,KC Sangakkara,DPMD Jayawardene,JM Davison,1,0,,,,,,,,,
433560,2010/11,2011-02-20,"Mahinda Rajapaksa International Cricket Stadium, Sooriyawewa",1,35.6,Sri Lanka,Canada,DPMD Jayawardene,KC Sangakkara,JM Davison,1,0,,,,,,,,,
433560,2010/11,2011-02-20,"Mahinda Rajapaksa International Cricket Stadium, Sooriyawewa",1,36.1,Sri Lanka,Canada,DPMD Jayawardene,KC Sangakkara,Khurram Chohan,4,0,,,,,,,,,
433560,2010/11,2011-02-20,"Mahinda Rajapaksa International Cricket Stadium, Sooriyawewa",1,36.2,Sri Lanka,Canada,DPMD Jayawardene,KC Sangakkara,Khurram Chohan,0,0,,,,,,,,,
433560,2010/11,2011-02-20,"Mahinda Rajapaksa International Cricket Stadium, Sooriyawewa",1,36.3,Sri Lanka,Canada,DPMD Jayawardene,KC Sangakkara,Khurram Chohan,4,0,,,,,,,,,
433560,2010/11,2011-02-20,"Mahinda Rajapaksa International Cricket Stadium, Sooriyawewa",1,36.4,Sri Lanka,Canada,DPMD Jayawardene,KC Sangakkara,Khurram Chohan,1,0,,,,,,,,,
433560,2010/11,2011-02-20,"Mahinda Rajapaksa International Cricket Stadium, Sooriyawewa",1,36.5,Sri Lanka,Canada,KC Sangakkara,DPMD Jayawardene,Khurram Chohan,4,0,,,,,,,,,
433560,2010/11,2011-02-20,"Mahinda Rajapaksa International Cricket Stadium, Sooriyawewa",1,36.6,Sri Lanka,Canada,KC Sangakkara,DPMD Jayawardene,Khurram Chohan,1,0,,,,,,,,,
433560,2010/11,2011-02-20,"Mahinda Rajapaksa International Cricket Stadium, Sooriyawewa",1,37.1,Sri Lanka,Canada,KC Sangakkara,DPMD Jayawardene,JM Davison,1,0,,,,,,,,,
433560,2010/11,2011-02-20,"Mahinda Rajapaksa International Cricket Stadium, Sooriyawewa",1,37.2,Sri Lanka,Canada,DPMD Jayawardene,KC Sangakkara,JM Davison,1,0,,,,,,,,,
433560,2010/11,2011-02-20,"Mahinda Rajapaksa International Cricket Stadium, Sooriyawewa",1,37.3,Sri Lanka,Canada,KC Sangakkara,DPMD Jayawardene,JM Davison,1,0,,,,,,,,,
433560,2010/11,2011-02-20,"Mahinda Rajapaksa International Cricket Stadium, Sooriyawewa",1,37.4,Sri Lanka,Canada,DPMD Jayawardene,KC Sangakkara,JM Davison,1,0,,,,,,,,,
433560,2010/11,2011-02-20,"Mahinda Rajapaksa International Cricket Stadium, Sooriyawewa",1,37.5,Sri Lanka,Canada,KC Sangakkara,DPMD Jayawardene,JM Davison,1,0,,,,,,,,,
433560,2010/11,2011-02-20,"Mahinda Rajapaksa International Cricket Stadium, Sooriyawewa",1,37.6,Sri Lanka,Canada,DPMD Jayawardene,KC Sangakkara,JM Davison,2,0,,,,,,,,,
433560,2010/11,2011-02-20,"Mahinda Rajapaksa International Cricket Stadium, Sooriyawewa",1,38.1,Sri Lanka,Canada,KC Sangakkara,DPMD Jayawardene,WD Balaji Rao,0,0,,,,,,,,,
433560,2010/11,2011-02-20,"Mahinda Rajapaksa International Cricket Stadium, Sooriyawewa",1,38.2,Sri Lanka,Canada,KC Sangakkara,DPMD Jayawardene,WD Balaji Rao,2,0,,,,,,,,,
433560,2010/11,2011-02-20,"Mahinda Rajapaksa International Cricket Stadium, Sooriyawewa",1,38.3,Sri Lanka,Canada,KC Sangakkara,DPMD Jayawardene,WD Balaji Rao,1,0,,,,,,,,,
433560,2010/11,2011-02-20,"Mahinda Rajapaksa International Cricket Stadium, Sooriyawewa",1,38.4,Sri Lanka,Canada,DPMD Jayawardene,KC Sangakkara,WD Balaji Rao,2,0,,,,,,,,,
433560,2010/11,2011-02-20,"Mahinda Rajapaksa International Cricket Stadium, Sooriyawewa",1,38.5,Sri Lanka,Canada,DPMD Jayawardene,KC Sangakkara,WD Balaji Rao,0,0,,,,,,,,,
433560,2010/11,2011-02-20,"Mahinda Rajapaksa International Cricket Stadium, Sooriyawewa",1,38.6,Sri Lanka,Canada,DPMD Jayawardene,KC Sangakkara,WD Balaji Rao,0,1,,,,1,,,,,
433560,2010/11,2011-02-20,"Mahinda Rajapaksa International Cricket Stadium, Sooriyawewa",1,39.1,Sri Lanka,Canada,DPMD Jayawardene,KC Sangakkara,JM Davison,1,0,,,,,,,,,
433560,2010/11,2011-02-20,"Mahinda Rajapaksa International Cricket Stadium, Sooriyawewa",1,39.2,Sri Lanka,Canada,KC Sangakkara,DPMD Jayawardene,JM Davison,1,0,,,,,,,,,
433560,2010/11,2011-02-20,"Mahinda Rajapaksa International Cricket Stadium, Sooriyawewa",1,39.3,Sri Lanka,Canada,DPMD Jayawardene,KC Sangakkara,JM Davison,1,0,,,,,,,,,
433560,2010/11,2011-02-20,"Mahinda Rajapaksa International Cricket Stadium, Sooriyawewa",1,39.4,Sri Lanka,Canada,KC Sangakkara,DPMD Jayawardene,JM Davison,0,0,,,,,,,,,
433560,2010/11,2011-02-20,"Mahinda Rajapaksa International Cricket Stadium, Sooriyawewa",1,39.5,Sri Lanka,Canada,KC Sangakkara,DPMD Jayawardene,JM Davison,1,0,,,,,,,,,
433560,2010/11,2011-02-20,"Mahinda Rajapaksa International Cricket Stadium, Sooriyawewa",1,39.6,Sri Lanka,Canada,DPMD Jayawardene,KC Sangakkara,JM Davison,1,0,,,,,,,,,
433560,2010/11,2011-02-20,"Mahinda Rajapaksa International Cricket Stadium, Sooriyawewa",1,40.1,Sri Lanka,Canada,DPMD Jayawardene,KC Sangakkara,WD Balaji Rao,2,0,,,,,,,,,
433560,2010/11,2011-02-20,"Mahinda Rajapaksa International Cricket Stadium, Sooriyawewa",1,40.2,Sri Lanka,Canada,DPMD Jayawardene,KC Sangakkara,WD Balaji Rao,0,0,,,,,,,,,
433560,2010/11,2011-02-20,"Mahinda Rajapaksa International Cricket Stadium, Sooriyawewa",1,40.3,Sri Lanka,Canada,DPMD Jayawardene,KC Sangakkara,WD Balaji Rao,0,0,,,,,,,,,
433560,2010/11,2011-02-20,"Mahinda Rajapaksa International Cricket Stadium, Sooriyawewa",1,40.4,Sri Lanka,Canada,DPMD Jayawardene,KC Sangakkara,WD Balaji Rao,1,0,,,,,,,,,
433560,2010/11,2011-02-20,"Mahinda Rajapaksa International Cricket Stadium, Sooriyawewa",1,40.5,Sri Lanka,Canada,KC Sangakkara,DPMD Jayawardene,WD Balaji Rao,4,0,,,,,,,,,
433560,2010/11,2011-02-20,"Mahinda Rajapaksa International Cricket Stadium, Sooriyawewa",1,40.6,Sri Lanka,Canada,KC Sangakkara,DPMD Jayawardene,WD Balaji Rao,2,0,,,,,,,,,
433560,2010/11,2011-02-20,"Mahinda Rajapaksa International Cricket Stadium, Sooriyawewa",1,41.1,Sri Lanka,Canada,DPMD Jayawardene,KC Sangakkara,JM Davison,4,0,,,,,,,,,
433560,2010/11,2011-02-20,"Mahinda Rajapaksa International Cricket Stadium, Sooriyawewa",1,41.2,Sri Lanka,Canada,DPMD Jayawardene,KC Sangakkara,JM Davison,1,0,,,,,,,,,
433560,2010/11,2011-02-20,"Mahinda Rajapaksa International Cricket Stadium, Sooriyawewa",1,41.3,Sri Lanka,Canada,KC Sangakkara,DPMD Jayawardene,JM Davison,3,0,,,,,,,,,
433560,2010/11,2011-02-20,"Mahinda Rajapaksa International Cricket Stadium, Sooriyawewa",1,41.4,Sri Lanka,Canada,DPMD Jayawardene,KC Sangakkara,JM Davison,2,0,,,,,,,,,
433560,2010/11,2011-02-20,"Mahinda Rajapaksa International Cricket Stadium, Sooriyawewa",1,41.5,Sri Lanka,Canada,DPMD Jayawardene,KC Sangakkara,JM Davison,1,0,,,,,,,,,
433560,2010/11,2011-02-20,"Mahinda Rajapaksa International Cricket Stadium, Sooriyawewa",1,41.6,Sri Lanka,Canada,KC Sangakkara,DPMD Jayawardene,JM Davison,0,0,,,,,,caught and bowled,KC Sangakkara,,
433560,2010/11,2011-02-20,"Mahinda Rajapaksa International Cricket Stadium, Sooriyawewa",1,42.1,Sri Lanka,Canada,DPMD Jayawardene,NLTC Perera,WD Balaji Rao,1,0,,,,,,,,,
433560,2010/11,2011-02-20,"Mahinda Rajapaksa International Cricket Stadium, Sooriyawewa",1,42.2,Sri Lanka,Canada,NLTC Perera,DPMD Jayawardene,WD Balaji Rao,1,0,,,,,,,,,
433560,2010/11,2011-02-20,"Mahinda Rajapaksa International Cricket Stadium, Sooriyawewa",1,42.3,Sri Lanka,Canada,DPMD Jayawardene,NLTC Perera,WD Balaji Rao,1,0,,,,,,,,,
433560,2010/11,2011-02-20,"Mahinda Rajapaksa International Cricket Stadium, Sooriyawewa",1,42.4,Sri Lanka,Canada,NLTC Perera,DPMD Jayawardene,WD Balaji Rao,1,0,,,,,,,,,
433560,2010/11,2011-02-20,"Mahinda Rajapaksa International Cricket Stadium, Sooriyawewa",1,42.5,Sri Lanka,Canada,DPMD Jayawardene,NLTC Perera,WD Balaji Rao,1,0,,,,,,,,,
433560,2010/11,2011-02-20,"Mahinda Rajapaksa International Cricket Stadium, Sooriyawewa",1,42.6,Sri Lanka,Canada,NLTC Perera,DPMD Jayawardene,WD Balaji Rao,1,0,,,,,,,,,
433560,2010/11,2011-02-20,"Mahinda Rajapaksa International Cricket Stadium, Sooriyawewa",1,43.1,Sri Lanka,Canada,NLTC Perera,DPMD Jayawardene,JM Davison,0,0,,,,,,,,,
433560,2010/11,2011-02-20,"Mahinda Rajapaksa International Cricket Stadium, Sooriyawewa",1,43.2,Sri Lanka,Canada,NLTC Perera,DPMD Jayawardene,JM Davison,0,0,,,,,,,,,
433560,2010/11,2011-02-20,"Mahinda Rajapaksa International Cricket Stadium, Sooriyawewa",1,43.3,Sri Lanka,Canada,NLTC Perera,DPMD Jayawardene,JM Davison,1,0,,,,,,,,,
433560,2010/11,2011-02-20,"Mahinda Rajapaksa International Cricket Stadium, Sooriyawewa",1,43.4,Sri Lanka,Canada,DPMD Jayawardene,NLTC Perera,JM Davison,1,0,,,,,,,,,
433560,2010/11,2011-02-20,"Mahinda Rajapaksa International Cricket Stadium, Sooriyawewa",1,43.5,Sri Lanka,Canada,NLTC Perera,DPMD Jayawardene,JM Davison,1,0,,,,,,,,,
433560,2010/11,2011-02-20,"Mahinda Rajapaksa International Cricket Stadium, Sooriyawewa",1,43.6,Sri Lanka,Canada,DPMD Jayawardene,NLTC Perera,JM Davison,0,0,,,,,,caught,DPMD Jayawardene,,
433560,2010/11,2011-02-20,"Mahinda Rajapaksa International Cricket Stadium, Sooriyawewa",1,44.1,Sri Lanka,Canada,NLTC Perera,AD Mathews,HS Baidwan,1,0,,,,,,,,,
433560,2010/11,2011-02-20,"Mahinda Rajapaksa International Cricket Stadium, Sooriyawewa",1,44.2,Sri Lanka,Canada,AD Mathews,NLTC Perera,HS Baidwan,1,0,,,,,,,,,
433560,2010/11,2011-02-20,"Mahinda Rajapaksa International Cricket Stadium, Sooriyawewa",1,44.3,Sri Lanka,Canada,NLTC Perera,AD Mathews,HS Baidwan,0,0,,,,,,,,,
433560,2010/11,2011-02-20,"Mahinda Rajapaksa International Cricket Stadium, Sooriyawewa",1,44.4,Sri Lanka,Canada,NLTC Perera,AD Mathews,HS Baidwan,1,0,,,,,,,,,
433560,2010/11,2011-02-20,"Mahinda Rajapaksa International Cricket Stadium, Sooriyawewa",1,44.5,Sri Lanka,Canada,AD Mathews,NLTC Perera,HS Baidwan,1,0,,,,,,,,,
433560,2010/11,2011-02-20,"Mahinda Rajapaksa International Cricket Stadium, Sooriyawewa",1,44.6,Sri Lanka,Canada,NLTC Perera,AD Mathews,HS Baidwan,4,0,,,,,,,,,
433560,2010/11,2011-02-20,"Mahinda Rajapaksa International Cricket Stadium, Sooriyawewa",1,45.1,Sri Lanka,Canada,AD Mathews,NLTC Perera,Khurram Chohan,0,0,,,,,,run out,NLTC Perera,,
433560,2010/11,2011-02-20,"Mahinda Rajapaksa International Cricket Stadium, Sooriyawewa",1,45.2,Sri Lanka,Canada,CK Kapugedera,AD Mathews,Khurram Chohan,1,0,,,,,,,,,
433560,2010/11,2011-02-20,"Mahinda Rajapaksa International Cricket Stadium, Sooriyawewa",1,45.3,Sri Lanka,Canada,AD Mathews,CK Kapugedera,Khurram Chohan,4,0,,,,,,,,,
433560,2010/11,2011-02-20,"Mahinda Rajapaksa International Cricket Stadium, Sooriyawewa",1,45.4,Sri Lanka,Canada,AD Mathews,CK Kapugedera,Khurram Chohan,1,0,,,,,,,,,
433560,2010/11,2011-02-20,"Mahinda Rajapaksa International Cricket Stadium, Sooriyawewa",1,45.5,Sri Lanka,Canada,CK Kapugedera,AD Mathews,Khurram Chohan,1,0,,,,,,,,,
433560,2010/11,2011-02-20,"Mahinda Rajapaksa International Cricket Stadium, Sooriyawewa",1,45.6,Sri Lanka,Canada,AD Mathews,CK Kapugedera,Khurram Chohan,4,0,,,,,,,,,
433560,2010/11,2011-02-20,"Mahinda Rajapaksa International Cricket Stadium, Sooriyawewa",1,46.1,Sri Lanka,Canada,CK Kapugedera,AD Mathews,HS Baidwan,0,0,,,,,,caught,CK Kapugedera,,
433560,2010/11,2011-02-20,"Mahinda Rajapaksa International Cricket Stadium, Sooriyawewa",1,46.2,Sri Lanka,Canada,AD Mathews,TT Samaraweera,HS Baidwan,0,0,,,,,,,,,
433560,2010/11,2011-02-20,"Mahinda Rajapaksa International Cricket Stadium, Sooriyawewa",1,46.3,Sri Lanka,Canada,AD Mathews,TT Samaraweera,HS Baidwan,4,0,,,,,,,,,
433560,2010/11,2011-02-20,"Mahinda Rajapaksa International Cricket Stadium, Sooriyawewa",1,46.4,Sri Lanka,Canada,AD Mathews,TT Samaraweera,HS Baidwan,2,0,,,,,,,,,
433560,2010/11,2011-02-20,"Mahinda Rajapaksa International Cricket Stadium, Sooriyawewa",1,46.5,Sri Lanka,Canada,AD Mathews,TT Samaraweera,HS Baidwan,2,0,,,,,,,,,
433560,2010/11,2011-02-20,"Mahinda Rajapaksa International Cricket Stadium, Sooriyawewa",1,46.6,Sri Lanka,Canada,AD Mathews,TT Samaraweera,HS Baidwan,0,1,1,,,,,,,,
433560,2010/11,2011-02-20,"Mahinda Rajapaksa International Cricket Stadium, Sooriyawewa",1,46.7,Sri Lanka,Canada,AD Mathews,TT Samaraweera,HS Baidwan,0,1,,,,1,,,,,
433560,2010/11,2011-02-20,"Mahinda Rajapaksa International Cricket Stadium, Sooriyawewa",1,47.1,Sri Lanka,Canada,AD Mathews,TT Samaraweera,Rizwan Cheema,1,0,,,,,,,,,
433560,2010/11,2011-02-20,"Mahinda Rajapaksa International Cricket Stadium, Sooriyawewa",1,47.2,Sri Lanka,Canada,TT Samaraweera,AD Mathews,Rizwan Cheema,0,0,,,,,,,,,
433560,2010/11,2011-02-20,"Mahinda Rajapaksa International Cricket Stadium, Sooriyawewa",1,47.3,Sri Lanka,Canada,TT Samaraweera,AD Mathews,Rizwan Cheema,1,0,,,,,,,,,
433560,2010/11,2011-02-20,"Mahinda Rajapaksa International Cricket Stadium, Sooriyawewa",1,47.4,Sri Lanka,Canada,AD Mathews,TT Samaraweera,Rizwan Cheema,1,0,,,,,,,,,
433560,2010/11,2011-02-20,"Mahinda Rajapaksa International Cricket Stadium, Sooriyawewa",1,47.5,Sri Lanka,Canada,TT Samaraweera,AD Mathews,Rizwan Cheema,4,0,,,,,,,,,
433560,2010/11,2011-02-20,"Mahinda Rajapaksa International Cricket Stadium, Sooriyawewa",1,47.6,Sri Lanka,Canada,TT Samaraweera,AD Mathews,Rizwan Cheema,1,0,,,,,,,,,
433560,2010/11,2011-02-20,"Mahinda Rajapaksa International Cricket Stadium, Sooriyawewa",1,48.1,Sri Lanka,Canada,TT Samaraweera,AD Mathews,HS Baidwan,1,0,,,,,,,,,
433560,2010/11,2011-02-20,"Mahinda Rajapaksa International Cricket Stadium, Sooriyawewa",1,48.2,Sri Lanka,Canada,AD Mathews,TT Samaraweera,HS Baidwan,0,0,,,,,,,,,
433560,2010/11,2011-02-20,"Mahinda Rajapaksa International Cricket Stadium, Sooriyawewa",1,48.3,Sri Lanka,Canada,AD Mathews,TT Samaraweera,HS Baidwan,0,0,,,,,,,,,
433560,2010/11,2011-02-20,"Mahinda Rajapaksa International Cricket Stadium, Sooriyawewa",1,48.4,Sri Lanka,Canada,AD Mathews,TT Samaraweera,HS Baidwan,0,0,,,,,,caught and bowled,AD Mathews,,
433560,2010/11,2011-02-20,"Mahinda Rajapaksa International Cricket Stadium, Sooriyawewa",1,48.5,Sri Lanka,Canada,TT Samaraweera,KMDN Kulasekara,HS Baidwan,2,0,,,,,,,,,
433560,2010/11,2011-02-20,"Mahinda Rajapaksa International Cricket Stadium, Sooriyawewa",1,48.6,Sri Lanka,Canada,TT Samaraweera,KMDN Kulasekara,HS Baidwan,4,0,,,,,,,,,
433560,2010/11,2011-02-20,"Mahinda Rajapaksa International Cricket Stadium, Sooriyawewa",1,49.1,Sri Lanka,Canada,KMDN Kulasekara,TT Samaraweera,Rizwan Cheema,1,0,,,,,,,,,
433560,2010/11,2011-02-20,"Mahinda Rajapaksa International Cricket Stadium, Sooriyawewa",1,49.2,Sri Lanka,Canada,TT Samaraweera,KMDN Kulasekara,Rizwan Cheema,4,0,,,,,,,,,
433560,2010/11,2011-02-20,"Mahinda Rajapaksa International Cricket Stadium, Sooriyawewa",1,49.3,Sri Lanka,Canada,TT Samaraweera,KMDN Kulasekara,Rizwan Cheema,0,0,,,,,,,,,
433560,2010/11,2011-02-20,"Mahinda Rajapaksa International Cricket Stadium, Sooriyawewa",1,49.4,Sri Lanka,Canada,TT Samaraweera,KMDN Kulasekara,Rizwan Cheema,1,0,,,,,,,,,
433560,2010/11,2011-02-20,"Mahinda Rajapaksa International Cricket Stadium, Sooriyawewa",1,49.5,Sri Lanka,Canada,KMDN Kulasekara,TT Samaraweera,Rizwan Cheema,2,0,,,,,,,,,
433560,2010/11,2011-02-20,"Mahinda Rajapaksa International Cricket Stadium, Sooriyawewa",1,49.6,Sri Lanka,Canada,KMDN Kulasekara,TT Samaraweera,Rizwan Cheema,4,0,,,,,,,,,
433560,2010/11,2011-02-20,"Mahinda Rajapaksa International Cricket Stadium, Sooriyawewa",2,0.1,Canada,Sri Lanka,R Gunasekera,JM Davison,KMDN Kulasekara,0,0,,,,,,,,,
433560,2010/11,2011-02-20,"Mahinda Rajapaksa International Cricket Stadium, Sooriyawewa",2,0.2,Canada,Sri Lanka,R Gunasekera,JM Davison,KMDN Kulasekara,0,0,,,,,,,,,
433560,2010/11,2011-02-20,"Mahinda Rajapaksa International Cricket Stadium, Sooriyawewa",2,0.3,Canada,Sri Lanka,R Gunasekera,JM Davison,KMDN Kulasekara,0,0,,,,,,,,,
433560,2010/11,2011-02-20,"Mahinda Rajapaksa International Cricket Stadium, Sooriyawewa",2,0.4,Canada,Sri Lanka,R Gunasekera,JM Davison,KMDN Kulasekara,0,0,,,,,,,,,
433560,2010/11,2011-02-20,"Mahinda Rajapaksa International Cricket Stadium, Sooriyawewa",2,0.5,Canada,Sri Lanka,R Gunasekera,JM Davison,KMDN Kulasekara,0,0,,,,,,,,,
433560,2010/11,2011-02-20,"Mahinda Rajapaksa International Cricket Stadium, Sooriyawewa",2,0.6,Canada,Sri Lanka,R Gunasekera,JM Davison,KMDN Kulasekara,0,0,,,,,,,,,
433560,2010/11,2011-02-20,"Mahinda Rajapaksa International Cricket Stadium, Sooriyawewa",2,1.1,Canada,Sri Lanka,JM Davison,R Gunasekera,NLTC Perera,0,0,,,,,,bowled,JM Davison,,
433560,2010/11,2011-02-20,"Mahinda Rajapaksa International Cricket Stadium, Sooriyawewa",2,1.2,Canada,Sri Lanka,ZE Surkari,R Gunasekera,NLTC Perera,0,0,,,,,,,,,
433560,2010/11,2011-02-20,"Mahinda Rajapaksa International Cricket Stadium, Sooriyawewa",2,1.3,Canada,Sri Lanka,ZE Surkari,R Gunasekera,NLTC Perera,0,4,,,,4,,,,,
433560,2010/11,2011-02-20,"Mahinda Rajapaksa International Cricket Stadium, Sooriyawewa",2,1.4,Canada,Sri Lanka,ZE Surkari,R Gunasekera,NLTC Perera,0,0,,,,,,,,,
433560,2010/11,2011-02-20,"Mahinda Rajapaksa International Cricket Stadium, Sooriyawewa",2,1.5,Canada,Sri Lanka,ZE Surkari,R Gunasekera,NLTC Perera,2,0,,,,,,,,,
433560,2010/11,2011-02-20,"Mahinda Rajapaksa International Cricket Stadium, Sooriyawewa",2,1.6,Canada,Sri Lanka,ZE Surkari,R Gunasekera,NLTC Perera,0,0,,,,,,,,,
433560,2010/11,2011-02-20,"Mahinda Rajapaksa International Cricket Stadium, Sooriyawewa",2,2.1,Canada,Sri Lanka,R Gunasekera,ZE Surkari,KMDN Kulasekara,0,0,,,,,,,,,
433560,2010/11,2011-02-20,"Mahinda Rajapaksa International Cricket Stadium, Sooriyawewa",2,2.2,Canada,Sri Lanka,R Gunasekera,ZE Surkari,KMDN Kulasekara,1,0,,,,,,,,,
433560,2010/11,2011-02-20,"Mahinda Rajapaksa International Cricket Stadium, Sooriyawewa",2,2.3,Canada,Sri Lanka,ZE Surkari,R Gunasekera,KMDN Kulasekara,1,0,,,,,,,,,
433560,2010/11,2011-02-20,"Mahinda Rajapaksa International Cricket Stadium, Sooriyawewa",2,2.4,Canada,Sri Lanka,R Gunasekera,ZE Surkari,KMDN Kulasekara,0,0,,,,,,,,,
433560,2010/11,2011-02-20,"Mahinda Rajapaksa International Cricket Stadium, Sooriyawewa",2,2.5,Canada,Sri Lanka,R Gunasekera,ZE Surkari,KMDN Kulasekara,0,0,,,,,,caught,R Gunasekera,,
433560,2010/11,2011-02-20,"Mahinda Rajapaksa International Cricket Stadium, Sooriyawewa",2,2.6,Canada,Sri Lanka,AS Hansra,ZE Surkari,KMDN Kulasekara,0,0,,,,,,,,,
433560,2010/11,2011-02-20,"Mahinda Rajapaksa International Cricket Stadium, Sooriyawewa",2,3.1,Canada,Sri Lanka,ZE Surkari,AS Hansra,NLTC Perera,2,0,,,,,,,,,
433560,2010/11,2011-02-20,"Mahinda Rajapaksa International Cricket Stadium, Sooriyawewa",2,3.2,Canada,Sri Lanka,ZE Surkari,AS Hansra,NLTC Perera,1,0,,,,,,,,,
433560,2010/11,2011-02-20,"Mahinda Rajapaksa International Cricket Stadium, Sooriyawewa",2,3.3,Canada,Sri Lanka,AS Hansra,ZE Surkari,NLTC Perera,0,0,,,,,,,,,
433560,2010/11,2011-02-20,"Mahinda Rajapaksa International Cricket Stadium, Sooriyawewa",2,3.4,Canada,Sri Lanka,AS Hansra,ZE Surkari,NLTC Perera,1,0,,,,,,,,,
433560,2010/11,2011-02-20,"Mahinda Rajapaksa International Cricket Stadium, Sooriyawewa",2,3.5,Canada,Sri Lanka,ZE Surkari,AS Hansra,NLTC Perera,0,0,,,,,,,,,
433560,2010/11,2011-02-20,"Mahinda Rajapaksa International Cricket Stadium, Sooriyawewa",2,3.6,Canada,Sri Lanka,ZE Surkari,AS Hansra,NLTC Perera,0,0,,,,,,lbw,ZE Surkari,,
433560,2010/11,2011-02-20,"Mahinda Rajapaksa International Cricket Stadium, Sooriyawewa",2,4.1,Canada,Sri Lanka,AS Hansra,A Bagai,BAW Mendis,0,0,,,,,,,,,
433560,2010/11,2011-02-20,"Mahinda Rajapaksa International Cricket Stadium, Sooriyawewa",2,4.2,Canada,Sri Lanka,AS Hansra,A Bagai,BAW Mendis,0,0,,,,,,,,,
433560,2010/11,2011-02-20,"Mahinda Rajapaksa International Cricket Stadium, Sooriyawewa",2,4.3,Canada,Sri Lanka,AS Hansra,A Bagai,BAW Mendis,0,0,,,,,,,,,
433560,2010/11,2011-02-20,"Mahinda Rajapaksa International Cricket Stadium, Sooriyawewa",2,4.4,Canada,Sri Lanka,AS Hansra,A Bagai,BAW Mendis,0,0,,,,,,,,,
433560,2010/11,2011-02-20,"Mahinda Rajapaksa International Cricket Stadium, Sooriyawewa",2,4.5,Canada,Sri Lanka,AS Hansra,A Bagai,BAW Mendis,0,0,,,,,,,,,
433560,2010/11,2011-02-20,"Mahinda Rajapaksa International Cricket Stadium, Sooriyawewa",2,4.6,Canada,Sri Lanka,AS Hansra,A Bagai,BAW Mendis,0,0,,,,,,,,,
433560,2010/11,2011-02-20,"Mahinda Rajapaksa International Cricket Stadium, Sooriyawewa",2,5.1,Canada,Sri Lanka,A Bagai,AS Hansra,NLTC Perera,4,0,,,,,,,,,
433560,2010/11,2011-02-20,"Mahinda Rajapaksa International Cricket Stadium, Sooriyawewa",2,5.2,Canada,Sri Lanka,A Bagai,AS Hansra,NLTC Perera,0,0,,,,,,,,,
433560,2010/11,2011-02-20,"Mahinda Rajapaksa International Cricket Stadium, Sooriyawewa",2,5.3,Canada,Sri Lanka,A Bagai,AS Hansra,NLTC Perera,0,0,,,,,,,,,
433560,2010/11,2011-02-20,"Mahinda Rajapaksa International Cricket Stadium, Sooriyawewa",2,5.4,Canada,Sri Lanka,A Bagai,AS Hansra,NLTC Perera,0,0,,,,,,,,,
433560,2010/11,2011-02-20,"Mahinda Rajapaksa International Cricket Stadium, Sooriyawewa",2,5.5,Canada,Sri Lanka,A Bagai,AS Hansra,NLTC Perera,0,0,,,,,,,,,
433560,2010/11,2011-02-20,"Mahinda Rajapaksa International Cricket Stadium, Sooriyawewa",2,5.6,Canada,Sri Lanka,A Bagai,AS Hansra,NLTC Perera,0,0,,,,,,,,,
433560,2010/11,2011-02-20,"Mahinda Rajapaksa International Cricket Stadium, Sooriyawewa",2,6.1,Canada,Sri Lanka,AS Hansra,A Bagai,BAW Mendis,0,0,,,,,,,,,
433560,2010/11,2011-02-20,"Mahinda Rajapaksa International Cricket Stadium, Sooriyawewa",2,6.2,Canada,Sri Lanka,AS Hansra,A Bagai,BAW Mendis,0,0,,,,,,,,,
433560,2010/11,2011-02-20,"Mahinda Rajapaksa International Cricket Stadium, Sooriyawewa",2,6.3,Canada,Sri Lanka,AS Hansra,A Bagai,BAW Mendis,0,0,,,,,,,,,
433560,2010/11,2011-02-20,"Mahinda Rajapaksa International Cricket Stadium, Sooriyawewa",2,6.4,Canada,Sri Lanka,AS Hansra,A Bagai,BAW Mendis,0,0,,,,,,,,,
433560,2010/11,2011-02-20,"Mahinda Rajapaksa International Cricket Stadium, Sooriyawewa",2,6.5,Canada,Sri Lanka,AS Hansra,A Bagai,BAW Mendis,0,0,,,,,,,,,
433560,2010/11,2011-02-20,"Mahinda Rajapaksa International Cricket Stadium, Sooriyawewa",2,6.6,Canada,Sri Lanka,AS Hansra,A Bagai,BAW Mendis,0,0,,,,,,,,,
433560,2010/11,2011-02-20,"Mahinda Rajapaksa International Cricket Stadium, Sooriyawewa",2,7.1,Canada,Sri Lanka,A Bagai,AS Hansra,NLTC Perera,1,0,,,,,,,,,
433560,2010/11,2011-02-20,"Mahinda Rajapaksa International Cricket Stadium, Sooriyawewa",2,7.2,Canada,Sri Lanka,AS Hansra,A Bagai,NLTC Perera,0,0,,,,,,,,,
433560,2010/11,2011-02-20,"Mahinda Rajapaksa International Cricket Stadium, Sooriyawewa",2,7.3,Canada,Sri Lanka,AS Hansra,A Bagai,NLTC Perera,0,0,,,,,,,,,
433560,2010/11,2011-02-20,"Mahinda Rajapaksa International Cricket Stadium, Sooriyawewa",2,7.4,Canada,Sri Lanka,AS Hansra,A Bagai,NLTC Perera,0,0,,,,,,,,,
433560,2010/11,2011-02-20,"Mahinda Rajapaksa International Cricket Stadium, Sooriyawewa",2,7.5,Canada,Sri Lanka,AS Hansra,A Bagai,NLTC Perera,0,0,,,,,,,,,
433560,2010/11,2011-02-20,"Mahinda Rajapaksa International Cricket Stadium, Sooriyawewa",2,7.6,Canada,Sri Lanka,AS Hansra,A Bagai,NLTC Perera,0,0,,,,,,,,,
433560,2010/11,2011-02-20,"Mahinda Rajapaksa International Cricket Stadium, Sooriyawewa",2,8.1,Canada,Sri Lanka,A Bagai,AS Hansra,BAW Mendis,1,0,,,,,,,,,
433560,2010/11,2011-02-20,"Mahinda Rajapaksa International Cricket Stadium, Sooriyawewa",2,8.2,Canada,Sri Lanka,AS Hansra,A Bagai,BAW Mendis,0,0,,,,,,,,,
433560,2010/11,2011-02-20,"Mahinda Rajapaksa International Cricket Stadium, Sooriyawewa",2,8.3,Canada,Sri Lanka,AS Hansra,A Bagai,BAW Mendis,0,0,,,,,,,,,
433560,2010/11,2011-02-20,"Mahinda Rajapaksa International Cricket Stadium, Sooriyawewa",2,8.4,Canada,Sri Lanka,AS Hansra,A Bagai,BAW Mendis,0,0,,,,,,,,,
433560,2010/11,2011-02-20,"Mahinda Rajapaksa International Cricket Stadium, Sooriyawewa",2,8.5,Canada,Sri Lanka,AS Hansra,A Bagai,BAW Mendis,0,0,,,,,,,,,
433560,2010/11,2011-02-20,"Mahinda Rajapaksa International Cricket Stadium, Sooriyawewa",2,8.6,Canada,Sri Lanka,AS Hansra,A Bagai,BAW Mendis,1,0,,,,,,,,,
433560,2010/11,2011-02-20,"Mahinda Rajapaksa International Cricket Stadium, Sooriyawewa",2,9.1,Canada,Sri Lanka,AS Hansra,A Bagai,M Muralitharan,0,1,1,,,,,,,,
433560,2010/11,2011-02-20,"Mahinda Rajapaksa International Cricket Stadium, Sooriyawewa",2,9.2,Canada,Sri Lanka,AS Hansra,A Bagai,M Muralitharan,0,0,,,,,,,,,
433560,2010/11,2011-02-20,"Mahinda Rajapaksa International Cricket Stadium, Sooriyawewa",2,9.3,Canada,Sri Lanka,AS Hansra,A Bagai,M Muralitharan,0,0,,,,,,,,,
433560,2010/11,2011-02-20,"Mahinda Rajapaksa International Cricket Stadium, Sooriyawewa",2,9.4,Canada,Sri Lanka,AS Hansra,A Bagai,M Muralitharan,0,0,,,,,,,,,
433560,2010/11,2011-02-20,"Mahinda Rajapaksa International Cricket Stadium, Sooriyawewa",2,9.5,Canada,Sri Lanka,AS Hansra,A Bagai,M Muralitharan,0,0,,,,,,,,,
433560,2010/11,2011-02-20,"Mahinda Rajapaksa International Cricket Stadium, Sooriyawewa",2,9.6,Canada,Sri Lanka,AS Hansra,A Bagai,M Muralitharan,0,0,,,,,,,,,
433560,2010/11,2011-02-20,"Mahinda Rajapaksa International Cricket Stadium, Sooriyawewa",2,9.7,Canada,Sri Lanka,AS Hansra,A Bagai,M Muralitharan,0,0,,,,,,,,,
433560,2010/11,2011-02-20,"Mahinda Rajapaksa International Cricket Stadium, Sooriyawewa",2,10.1,Canada,Sri Lanka,A Bagai,AS Hansra,TM Dilshan,0,0,,,,,,,,,
433560,2010/11,2011-02-20,"Mahinda Rajapaksa International Cricket Stadium, Sooriyawewa",2,10.2,Canada,Sri Lanka,A Bagai,AS Hansra,TM Dilshan,0,0,,,,,,,,,
433560,2010/11,2011-02-20,"Mahinda Rajapaksa International Cricket Stadium, Sooriyawewa",2,10.3,Canada,Sri Lanka,A Bagai,AS Hansra,TM Dilshan,1,0,,,,,,,,,
433560,2010/11,2011-02-20,"Mahinda Rajapaksa International Cricket Stadium, Sooriyawewa",2,10.4,Canada,Sri Lanka,AS Hansra,A Bagai,TM Dilshan,2,0,,,,,,,,,
433560,2010/11,2011-02-20,"Mahinda Rajapaksa International Cricket Stadium, Sooriyawewa",2,10.5,Canada,Sri Lanka,AS Hansra,A Bagai,TM Dilshan,1,0,,,,,,,,,
433560,2010/11,2011-02-20,"Mahinda Rajapaksa International Cricket Stadium, Sooriyawewa",2,10.6,Canada,Sri Lanka,A Bagai,AS Hansra,TM Dilshan,1,0,,,,,,,,,
433560,2010/11,2011-02-20,"Mahinda Rajapaksa International Cricket Stadium, Sooriyawewa",2,11.1,Canada,Sri Lanka,A Bagai,AS Hansra,M Muralitharan,1,0,,,,,,,,,
433560,2010/11,2011-02-20,"Mahinda Rajapaksa International Cricket Stadium, Sooriyawewa",2,11.2,Canada,Sri Lanka,AS Hansra,A Bagai,M Muralitharan,0,0,,,,,,,,,
433560,2010/11,2011-02-20,"Mahinda Rajapaksa International Cricket Stadium, Sooriyawewa",2,11.3,Canada,Sri Lanka,AS Hansra,A Bagai,M Muralitharan,0,0,,,,,,,,,
433560,2010/11,2011-02-20,"Mahinda Rajapaksa International Cricket Stadium, Sooriyawewa",2,11.4,Canada,Sri Lanka,AS Hansra,A Bagai,M Muralitharan,1,0,,,,,,,,,
433560,2010/11,2011-02-20,"Mahinda Rajapaksa International Cricket Stadium, Sooriyawewa",2,11.5,Canada,Sri Lanka,A Bagai,AS Hansra,M Muralitharan,0,0,,,,,,,,,
433560,2010/11,2011-02-20,"Mahinda Rajapaksa International Cricket Stadium, Sooriyawewa",2,11.6,Canada,Sri Lanka,A Bagai,AS Hansra,M Muralitharan,0,0,,,,,,,,,
433560,2010/11,2011-02-20,"Mahinda Rajapaksa International Cricket Stadium, Sooriyawewa",2,12.1,Canada,Sri Lanka,AS Hansra,A Bagai,TM Dilshan,0,0,,,,,,,,,
433560,2010/11,2011-02-20,"Mahinda Rajapaksa International Cricket Stadium, Sooriyawewa",2,12.2,Canada,Sri Lanka,AS Hansra,A Bagai,TM Dilshan,1,0,,,,,,,,,
433560,2010/11,2011-02-20,"Mahinda Rajapaksa International Cricket Stadium, Sooriyawewa",2,12.3,Canada,Sri Lanka,A Bagai,AS Hansra,TM Dilshan,1,0,,,,,,,,,
433560,2010/11,2011-02-20,"Mahinda Rajapaksa International Cricket Stadium, Sooriyawewa",2,12.4,Canada,Sri Lanka,AS Hansra,A Bagai,TM Dilshan,0,0,,,,,,,,,
433560,2010/11,2011-02-20,"Mahinda Rajapaksa International Cricket Stadium, Sooriyawewa",2,12.5,Canada,Sri Lanka,AS Hansra,A Bagai,TM Dilshan,0,0,,,,,,,,,
433560,2010/11,2011-02-20,"Mahinda Rajapaksa International Cricket Stadium, Sooriyawewa",2,12.6,Canada,Sri Lanka,AS Hansra,A Bagai,TM Dilshan,0,0,,,,,,,,,
433560,2010/11,2011-02-20,"Mahinda Rajapaksa International Cricket Stadium, Sooriyawewa",2,13.1,Canada,Sri Lanka,A Bagai,AS Hansra,M Muralitharan,0,0,,,,,,,,,
433560,2010/11,2011-02-20,"Mahinda Rajapaksa International Cricket Stadium, Sooriyawewa",2,13.2,Canada,Sri Lanka,A Bagai,AS Hansra,M Muralitharan,0,0,,,,,,,,,
433560,2010/11,2011-02-20,"Mahinda Rajapaksa International Cricket Stadium, Sooriyawewa",2,13.3,Canada,Sri Lanka,A Bagai,AS Hansra,M Muralitharan,0,0,,,,,,,,,
433560,2010/11,2011-02-20,"Mahinda Rajapaksa International Cricket Stadium, Sooriyawewa",2,13.4,Canada,Sri Lanka,A Bagai,AS Hansra,M Muralitharan,4,0,,,,,,,,,
433560,2010/11,2011-02-20,"Mahinda Rajapaksa International Cricket Stadium, Sooriyawewa",2,13.5,Canada,Sri Lanka,A Bagai,AS Hansra,M Muralitharan,0,0,,,,,,,,,
433560,2010/11,2011-02-20,"Mahinda Rajapaksa International Cricket Stadium, Sooriyawewa",2,13.6,Canada,Sri Lanka,A Bagai,AS Hansra,M Muralitharan,0,1,1,,,,,,,,
433560,2010/11,2011-02-20,"Mahinda Rajapaksa International Cricket Stadium, Sooriyawewa",2,13.7,Canada,Sri Lanka,A Bagai,AS Hansra,M Muralitharan,0,0,,,,,,,,,
433560,2010/11,2011-02-20,"Mahinda Rajapaksa International Cricket Stadium, Sooriyawewa",2,14.1,Canada,Sri Lanka,AS Hansra,A Bagai,TM Dilshan,1,0,,,,,,,,,
433560,2010/11,2011-02-20,"Mahinda Rajapaksa International Cricket Stadium, Sooriyawewa",2,14.2,Canada,Sri Lanka,A Bagai,AS Hansra,TM Dilshan,0,0,,,,,,,,,
433560,2010/11,2011-02-20,"Mahinda Rajapaksa International Cricket Stadium, Sooriyawewa",2,14.3,Canada,Sri Lanka,A Bagai,AS Hansra,TM Dilshan,0,0,,,,,,,,,
433560,2010/11,2011-02-20,"Mahinda Rajapaksa International Cricket Stadium, Sooriyawewa",2,14.4,Canada,Sri Lanka,A Bagai,AS Hansra,TM Dilshan,0,0,,,,,,,,,
433560,2010/11,2011-02-20,"Mahinda Rajapaksa International Cricket Stadium, Sooriyawewa",2,14.5,Canada,Sri Lanka,A Bagai,AS Hansra,TM Dilshan,1,0,,,,,,,,,
433560,2010/11,2011-02-20,"Mahinda Rajapaksa International Cricket Stadium, Sooriyawewa",2,14.6,Canada,Sri Lanka,AS Hansra,A Bagai,TM Dilshan,0,0,,,,,,,,,
433560,2010/11,2011-02-20,"Mahinda Rajapaksa International Cricket Stadium, Sooriyawewa",2,15.1,Canada,Sri Lanka,A Bagai,AS Hansra,M Muralitharan,0,1,1,,,,,,,,
433560,2010/11,2011-02-20,"Mahinda Rajapaksa International Cricket Stadium, Sooriyawewa",2,15.2,Canada,Sri Lanka,A Bagai,AS Hansra,M Muralitharan,0,0,,,,,,,,,
433560,2010/11,2011-02-20,"Mahinda Rajapaksa International Cricket Stadium, Sooriyawewa",2,15.3,Canada,Sri Lanka,A Bagai,AS Hansra,M Muralitharan,1,0,,,,,,,,,
433560,2010/11,2011-02-20,"Mahinda Rajapaksa International Cricket Stadium, Sooriyawewa",2,15.4,Canada,Sri Lanka,AS Hansra,A Bagai,M Muralitharan,0,0,,,,,,,,,
433560,2010/11,2011-02-20,"Mahinda Rajapaksa International Cricket Stadium, Sooriyawewa",2,15.5,Canada,Sri Lanka,AS Hansra,A Bagai,M Muralitharan,0,0,,,,,,,,,
433560,2010/11,2011-02-20,"Mahinda Rajapaksa International Cricket Stadium, Sooriyawewa",2,15.6,Canada,Sri Lanka,AS Hansra,A Bagai,M Muralitharan,0,0,,,,,,,,,
433560,2010/11,2011-02-20,"Mahinda Rajapaksa International Cricket Stadium, Sooriyawewa",2,15.7,Canada,Sri Lanka,AS Hansra,A Bagai,M Muralitharan,0,0,,,,,,,,,
433560,2010/11,2011-02-20,"Mahinda Rajapaksa International Cricket Stadium, Sooriyawewa",2,16.1,Canada,Sri Lanka,A Bagai,AS Hansra,TM Dilshan,0,0,,,,,,,,,
433560,2010/11,2011-02-20,"Mahinda Rajapaksa International Cricket Stadium, Sooriyawewa",2,16.2,Canada,Sri Lanka,A Bagai,AS Hansra,TM Dilshan,1,0,,,,,,,,,
433560,2010/11,2011-02-20,"Mahinda Rajapaksa International Cricket Stadium, Sooriyawewa",2,16.3,Canada,Sri Lanka,AS Hansra,A Bagai,TM Dilshan,1,0,,,,,,,,,
433560,2010/11,2011-02-20,"Mahinda Rajapaksa International Cricket Stadium, Sooriyawewa",2,16.4,Canada,Sri Lanka,A Bagai,AS Hansra,TM Dilshan,0,0,,,,,,,,,
433560,2010/11,2011-02-20,"Mahinda Rajapaksa International Cricket Stadium, Sooriyawewa",2,16.5,Canada,Sri Lanka,A Bagai,AS Hansra,TM Dilshan,0,0,,,,,,,,,
433560,2010/11,2011-02-20,"Mahinda Rajapaksa International Cricket Stadium, Sooriyawewa",2,16.6,Canada,Sri Lanka,A Bagai,AS Hansra,TM Dilshan,1,0,,,,,,,,,
433560,2010/11,2011-02-20,"Mahinda Rajapaksa International Cricket Stadium, Sooriyawewa",2,17.1,Canada,Sri Lanka,A Bagai,AS Hansra,TT Samaraweera,0,0,,,,,,,,,
433560,2010/11,2011-02-20,"Mahinda Rajapaksa International Cricket Stadium, Sooriyawewa",2,17.2,Canada,Sri Lanka,A Bagai,AS Hansra,TT Samaraweera,0,0,,,,,,,,,
433560,2010/11,2011-02-20,"Mahinda Rajapaksa International Cricket Stadium, Sooriyawewa",2,17.3,Canada,Sri Lanka,A Bagai,AS Hansra,TT Samaraweera,0,0,,,,,,,,,
433560,2010/11,2011-02-20,"Mahinda Rajapaksa International Cricket Stadium, Sooriyawewa",2,17.4,Canada,Sri Lanka,A Bagai,AS Hansra,TT Samaraweera,1,0,,,,,,,,,
433560,2010/11,2011-02-20,"Mahinda Rajapaksa International Cricket Stadium, Sooriyawewa",2,17.5,Canada,Sri Lanka,AS Hansra,A Bagai,TT Samaraweera,0,0,,,,,,stumped,AS Hansra,,
433560,2010/11,2011-02-20,"Mahinda Rajapaksa International Cricket Stadium, Sooriyawewa",2,17.6,Canada,Sri Lanka,Rizwan Cheema,A Bagai,TT Samaraweera,0,0,,,,,,,,,
433560,2010/11,2011-02-20,"Mahinda Rajapaksa International Cricket Stadium, Sooriyawewa",2,18.1,Canada,Sri Lanka,A Bagai,Rizwan Cheema,TM Dilshan,1,0,,,,,,,,,
433560,2010/11,2011-02-20,"Mahinda Rajapaksa International Cricket Stadium, Sooriyawewa",2,18.2,Canada,Sri Lanka,Rizwan Cheema,A Bagai,TM Dilshan,0,0,,,,,,,,,
433560,2010/11,2011-02-20,"Mahinda Rajapaksa International Cricket Stadium, Sooriyawewa",2,18.3,Canada,Sri Lanka,Rizwan Cheema,A Bagai,TM Dilshan,0,0,,,,,,,,,
433560,2010/11,2011-02-20,"Mahinda Rajapaksa International Cricket Stadium, Sooriyawewa",2,18.4,Canada,Sri Lanka,Rizwan Cheema,A Bagai,TM Dilshan,0,0,,,,,,,,,
433560,2010/11,2011-02-20,"Mahinda Rajapaksa International Cricket Stadium, Sooriyawewa",2,18.5,Canada,Sri Lanka,Rizwan Cheema,A Bagai,TM Dilshan,1,0,,,,,,,,,
433560,2010/11,2011-02-20,"Mahinda Rajapaksa International Cricket Stadium, Sooriyawewa",2,18.6,Canada,Sri Lanka,A Bagai,Rizwan Cheema,TM Dilshan,0,0,,,,,,,,,
433560,2010/11,2011-02-20,"Mahinda Rajapaksa International Cricket Stadium, Sooriyawewa",2,19.1,Canada,Sri Lanka,Rizwan Cheema,A Bagai,TT Samaraweera,0,0,,,,,,,,,
433560,2010/11,2011-02-20,"Mahinda Rajapaksa International Cricket Stadium, Sooriyawewa",2,19.2,Canada,Sri Lanka,Rizwan Cheema,A Bagai,TT Samaraweera,1,0,,,,,,,,,
433560,2010/11,2011-02-20,"Mahinda Rajapaksa International Cricket Stadium, Sooriyawewa",2,19.3,Canada,Sri Lanka,A Bagai,Rizwan Cheema,TT Samaraweera,0,0,,,,,,,,,
433560,2010/11,2011-02-20,"Mahinda Rajapaksa International Cricket Stadium, Sooriyawewa",2,19.4,Canada,Sri Lanka,A Bagai,Rizwan Cheema,TT Samaraweera,1,0,,,,,,,,,
433560,2010/11,2011-02-20,"Mahinda Rajapaksa International Cricket Stadium, Sooriyawewa",2,19.5,Canada,Sri Lanka,Rizwan Cheema,A Bagai,TT Samaraweera,1,0,,,,,,,,,
433560,2010/11,2011-02-20,"Mahinda Rajapaksa International Cricket Stadium, Sooriyawewa",2,19.6,Canada,Sri Lanka,A Bagai,Rizwan Cheema,TT Samaraweera,0,0,,,,,,,,,
433560,2010/11,2011-02-20,"Mahinda Rajapaksa International Cricket Stadium, Sooriyawewa",2,20.1,Canada,Sri Lanka,Rizwan Cheema,A Bagai,KMDN Kulasekara,0,0,,,,,,,,,
433560,2010/11,2011-02-20,"Mahinda Rajapaksa International Cricket Stadium, Sooriyawewa",2,20.2,Canada,Sri Lanka,Rizwan Cheema,A Bagai,KMDN Kulasekara,4,0,,,,,,,,,
433560,2010/11,2011-02-20,"Mahinda Rajapaksa International Cricket Stadium, Sooriyawewa",2,20.3,Canada,Sri Lanka,Rizwan Cheema,A Bagai,KMDN Kulasekara,0,0,,,,,,,,,
433560,2010/11,2011-02-20,"Mahinda Rajapaksa International Cricket Stadium, Sooriyawewa",2,20.4,Canada,Sri Lanka,Rizwan Cheema,A Bagai,KMDN Kulasekara,1,0,,,,,,,,,
433560,2010/11,2011-02-20,"Mahinda Rajapaksa International Cricket Stadium, Sooriyawewa",2,20.5,Canada,Sri Lanka,A Bagai,Rizwan Cheema,KMDN Kulasekara,0,0,,,,,,,,,
433560,2010/11,2011-02-20,"Mahinda Rajapaksa International Cricket Stadium, Sooriyawewa",2,20.6,Canada,Sri Lanka,A Bagai,Rizwan Cheema,KMDN Kulasekara,1,0,,,,,,,,,
433560,2010/11,2011-02-20,"Mahinda Rajapaksa International Cricket Stadium, Sooriyawewa",2,21.1,Canada,Sri Lanka,A Bagai,Rizwan Cheema,NLTC Perera,0,0,,,,,,,,,
433560,2010/11,2011-02-20,"Mahinda Rajapaksa International Cricket Stadium, Sooriyawewa",2,21.2,Canada,Sri Lanka,A Bagai,Rizwan Cheema,NLTC Perera,0,0,,,,,,,,,
433560,2010/11,2011-02-20,"Mahinda Rajapaksa International Cricket Stadium, Sooriyawewa",2,21.3,Canada,Sri Lanka,A Bagai,Rizwan Cheema,NLTC Perera,0,0,,,,,,caught,A Bagai,,
433560,2010/11,2011-02-20,"Mahinda Rajapaksa International Cricket Stadium, Sooriyawewa",2,21.4,Canada,Sri Lanka,TG Gordon,Rizwan Cheema,NLTC Perera,2,0,,,,,,,,,
433560,2010/11,2011-02-20,"Mahinda Rajapaksa International Cricket Stadium, Sooriyawewa",2,21.5,Canada,Sri Lanka,TG Gordon,Rizwan Cheema,NLTC Perera,0,0,,,,,,,,,
433560,2010/11,2011-02-20,"Mahinda Rajapaksa International Cricket Stadium, Sooriyawewa",2,21.6,Canada,Sri Lanka,TG Gordon,Rizwan Cheema,NLTC Perera,0,0,,,,,,,,,
433560,2010/11,2011-02-20,"Mahinda Rajapaksa International Cricket Stadium, Sooriyawewa",2,22.1,Canada,Sri Lanka,Rizwan Cheema,TG Gordon,KMDN Kulasekara,4,0,,,,,,,,,
433560,2010/11,2011-02-20,"Mahinda Rajapaksa International Cricket Stadium, Sooriyawewa",2,22.2,Canada,Sri Lanka,Rizwan Cheema,TG Gordon,KMDN Kulasekara,0,1,,,,1,,,,,
433560,2010/11,2011-02-20,"Mahinda Rajapaksa International Cricket Stadium, Sooriyawewa",2,22.3,Canada,Sri Lanka,TG Gordon,Rizwan Cheema,KMDN Kulasekara,0,0,,,,,,,,,
433560,2010/11,2011-02-20,"Mahinda Rajapaksa International Cricket Stadium, Sooriyawewa",2,22.4,Canada,Sri Lanka,TG Gordon,Rizwan Cheema,KMDN Kulasekara,0,0,,,,,,,,,
433560,2010/11,2011-02-20,"Mahinda Rajapaksa International Cricket Stadium, Sooriyawewa",2,22.5,Canada,Sri Lanka,TG Gordon,Rizwan Cheema,KMDN Kulasekara,1,0,,,,,,,,,
433560,2010/11,2011-02-20,"Mahinda Rajapaksa International Cricket Stadium, Sooriyawewa",2,22.6,Canada,Sri Lanka,Rizwan Cheema,TG Gordon,KMDN Kulasekara,1,0,,,,,,,,,
433560,2010/11,2011-02-20,"Mahinda Rajapaksa International Cricket Stadium, Sooriyawewa",2,23.1,Canada,Sri Lanka,Rizwan Cheema,TG Gordon,NLTC Perera,0,0,,,,,,,,,
433560,2010/11,2011-02-20,"Mahinda Rajapaksa International Cricket Stadium, Sooriyawewa",2,23.2,Canada,Sri Lanka,Rizwan Cheema,TG Gordon,NLTC Perera,0,0,,,,,,,,,
433560,2010/11,2011-02-20,"Mahinda Rajapaksa International Cricket Stadium, Sooriyawewa",2,23.3,Canada,Sri Lanka,Rizwan Cheema,TG Gordon,NLTC Perera,1,0,,,,,,,,,
433560,2010/11,2011-02-20,"Mahinda Rajapaksa International Cricket Stadium, Sooriyawewa",2,23.4,Canada,Sri Lanka,TG Gordon,Rizwan Cheema,NLTC Perera,1,0,,,,,,,,,
433560,2010/11,2011-02-20,"Mahinda Rajapaksa International Cricket Stadium, Sooriyawewa",2,23.5,Canada,Sri Lanka,Rizwan Cheema,TG Gordon,NLTC Perera,0,0,,,,,,,,,
433560,2010/11,2011-02-20,"Mahinda Rajapaksa International Cricket Stadium, Sooriyawewa",2,23.6,Canada,Sri Lanka,Rizwan Cheema,TG Gordon,NLTC Perera,4,0,,,,,,,,,
433560,2010/11,2011-02-20,"Mahinda Rajapaksa International Cricket Stadium, Sooriyawewa",2,24.1,Canada,Sri Lanka,TG Gordon,Rizwan Cheema,KMDN Kulasekara,0,0,,,,,,,,,
433560,2010/11,2011-02-20,"Mahinda Rajapaksa International Cricket Stadium, Sooriyawewa",2,24.2,Canada,Sri Lanka,TG Gordon,Rizwan Cheema,KMDN Kulasekara,0,0,,,,,,,,,
433560,2010/11,2011-02-20,"Mahinda Rajapaksa International Cricket Stadium, Sooriyawewa",2,24.3,Canada,Sri Lanka,TG Gordon,Rizwan Cheema,KMDN Kulasekara,0,0,,,,,,caught,TG Gordon,,
433560,2010/11,2011-02-20,"Mahinda Rajapaksa International Cricket Stadium, Sooriyawewa",2,24.4,Canada,Sri Lanka,Khurram Chohan,Rizwan Cheema,KMDN Kulasekara,0,0,,,,,,,,,
433560,2010/11,2011-02-20,"Mahinda Rajapaksa International Cricket Stadium, Sooriyawewa",2,24.5,Canada,Sri Lanka,Khurram Chohan,Rizwan Cheema,KMDN Kulasekara,0,0,,,,,,,,,
433560,2010/11,2011-02-20,"Mahinda Rajapaksa International Cricket Stadium, Sooriyawewa",2,24.6,Canada,Sri Lanka,Khurram Chohan,Rizwan Cheema,KMDN Kulasekara,0,0,,,,,,,,,
433560,2010/11,2011-02-20,"Mahinda Rajapaksa International Cricket Stadium, Sooriyawewa",2,25.1,Canada,Sri Lanka,Rizwan Cheema,Khurram Chohan,NLTC Perera,0,0,,,,,,,,,
433560,2010/11,2011-02-20,"Mahinda Rajapaksa International Cricket Stadium, Sooriyawewa",2,25.2,Canada,Sri Lanka,Rizwan Cheema,Khurram Chohan,NLTC Perera,1,0,,,,,,,,,
433560,2010/11,2011-02-20,"Mahinda Rajapaksa International Cricket Stadium, Sooriyawewa",2,25.3,Canada,Sri Lanka,Khurram Chohan,Rizwan Cheema,NLTC Perera,4,0,,,,,,,,,
433560,2010/11,2011-02-20,"Mahinda Rajapaksa International Cricket Stadium, Sooriyawewa",2,25.4,Canada,Sri Lanka,Khurram Chohan,Rizwan Cheema,NLTC Perera,0,0,,,,,,,,,
433560,2010/11,2011-02-20,"Mahinda Rajapaksa International Cricket Stadium, Sooriyawewa",2,25.5,Canada,Sri Lanka,Khurram Chohan,Rizwan Cheema,NLTC Perera,0,0,,,,,,,,,
433560,2010/11,2011-02-20,"Mahinda Rajapaksa International Cricket Stadium, Sooriyawewa",2,25.6,Canada,Sri Lanka,Khurram Chohan,Rizwan Cheema,NLTC Perera,0,0,,,,,,,,,
433560,2010/11,2011-02-20,"Mahinda Rajapaksa International Cricket Stadium, Sooriyawewa",2,26.1,Canada,Sri Lanka,Rizwan Cheema,Khurram Chohan,KMDN Kulasekara,1,0,,,,,,,,,
433560,2010/11,2011-02-20,"Mahinda Rajapaksa International Cricket Stadium, Sooriyawewa",2,26.2,Canada,Sri Lanka,Khurram Chohan,Rizwan Cheema,KMDN Kulasekara,0,0,,,,,,caught,Khurram Chohan,,
433560,2010/11,2011-02-20,"Mahinda Rajapaksa International Cricket Stadium, Sooriyawewa",2,26.3,Canada,Sri Lanka,HS Baidwan,Rizwan Cheema,KMDN Kulasekara,0,0,,,,,,,,,
433560,2010/11,2011-02-20,"Mahinda Rajapaksa International Cricket Stadium, Sooriyawewa",2,26.4,Canada,Sri Lanka,HS Baidwan,Rizwan Cheema,KMDN Kulasekara,0,0,,,,,,,,,
433560,2010/11,2011-02-20,"Mahinda Rajapaksa International Cricket Stadium, Sooriyawewa",2,26.5,Canada,Sri Lanka,HS Baidwan,Rizwan Cheema,KMDN Kulasekara,1,0,,,,,,,,,
433560,2010/11,2011-02-20,"Mahinda Rajapaksa International Cricket Stadium, Sooriyawewa",2,26.6,Canada,Sri Lanka,Rizwan Cheema,HS Baidwan,KMDN Kulasekara,0,0,,,,,,,,,
433560,2010/11,2011-02-20,"Mahinda Rajapaksa International Cricket Stadium, Sooriyawewa",2,27.1,Canada,Sri Lanka,HS Baidwan,Rizwan Cheema,M Muralitharan,1,0,,,,,,,,,
433560,2010/11,2011-02-20,"Mahinda Rajapaksa International Cricket Stadium, Sooriyawewa",2,27.2,Canada,Sri Lanka,Rizwan Cheema,HS Baidwan,M Muralitharan,6,0,,,,,,,,,
433560,2010/11,2011-02-20,"Mahinda Rajapaksa International Cricket Stadium, Sooriyawewa",2,27.3,Canada,Sri Lanka,Rizwan Cheema,HS Baidwan,M Muralitharan,0,0,,,,,,,,,
433560,2010/11,2011-02-20,"Mahinda Rajapaksa International Cricket Stadium, Sooriyawewa",2,27.4,Canada,Sri Lanka,Rizwan Cheema,HS Baidwan,M Muralitharan,4,0,,,,,,,,,
433560,2010/11,2011-02-20,"Mahinda Rajapaksa International Cricket Stadium, Sooriyawewa",2,27.5,Canada,Sri Lanka,Rizwan Cheema,HS Baidwan,M Muralitharan,0,0,,,,,,,,,
433560,2010/11,2011-02-20,"Mahinda Rajapaksa International Cricket Stadium, Sooriyawewa",2,27.6,Canada,Sri Lanka,Rizwan Cheema,HS Baidwan,M Muralitharan,0,0,,,,,,,,,
433560,2010/11,2011-02-20,"Mahinda Rajapaksa International Cricket Stadium, Sooriyawewa",2,28.1,Canada,Sri Lanka,HS Baidwan,Rizwan Cheema,BAW Mendis,0,0,,,,,,,,,
433560,2010/11,2011-02-20,"Mahinda Rajapaksa International Cricket Stadium, Sooriyawewa",2,28.2,Canada,Sri Lanka,HS Baidwan,Rizwan Cheema,BAW Mendis,0,0,,,,,,,,,
433560,2010/11,2011-02-20,"Mahinda Rajapaksa International Cricket Stadium, Sooriyawewa",2,28.3,Canada,Sri Lanka,HS Baidwan,Rizwan Cheema,BAW Mendis,0,0,,,,,,,,,
433560,2010/11,2011-02-20,"Mahinda Rajapaksa International Cricket Stadium, Sooriyawewa",2,28.4,Canada,Sri Lanka,HS Baidwan,Rizwan Cheema,BAW Mendis,0,0,,,,,,,,,
433560,2010/11,2011-02-20,"Mahinda Rajapaksa International Cricket Stadium, Sooriyawewa",2,28.5,Canada,Sri Lanka,HS Baidwan,Rizwan Cheema,BAW Mendis,0,0,,,,,,,,,
433560,2010/11,2011-02-20,"Mahinda Rajapaksa International Cricket Stadium, Sooriyawewa",2,28.6,Canada,Sri Lanka,HS Baidwan,Rizwan Cheema,BAW Mendis,0,0,,,,,,,,,
433560,2010/11,2011-02-20,"Mahinda Rajapaksa International Cricket Stadium, Sooriyawewa",2,29.1,Canada,Sri Lanka,Rizwan Cheema,HS Baidwan,M Muralitharan,0,0,,,,,,,,,
433560,2010/11,2011-02-20,"Mahinda Rajapaksa International Cricket Stadium, Sooriyawewa",2,29.2,Canada,Sri Lanka,Rizwan Cheema,HS Baidwan,M Muralitharan,6,0,,,,,,,,,
433560,2010/11,2011-02-20,"Mahinda Rajapaksa International Cricket Stadium, Sooriyawewa",2,29.3,Canada,Sri Lanka,Rizwan Cheema,HS Baidwan,M Muralitharan,0,1,,1,,,,,,,
433560,2010/11,2011-02-20,"Mahinda Rajapaksa International Cricket Stadium, Sooriyawewa",2,29.4,Canada,Sri Lanka,Rizwan Cheema,HS Baidwan,M Muralitharan,1,0,,,,,,,,,
433560,2010/11,2011-02-20,"Mahinda Rajapaksa International Cricket Stadium, Sooriyawewa",2,29.5,Canada,Sri Lanka,HS Baidwan,Rizwan Cheema,M Muralitharan,0,0,,,,,,,,,
433560,2010/11,2011-02-20,"Mahinda Rajapaksa International Cricket Stadium, Sooriyawewa",2,29.6,Canada,Sri Lanka,HS Baidwan,Rizwan Cheema,M Muralitharan,1,0,,,,,,,,,
433560,2010/11,2011-02-20,"Mahinda Rajapaksa International Cricket Stadium, Sooriyawewa",2,29.7,Canada,Sri Lanka,Rizwan Cheema,HS Baidwan,M Muralitharan,0,0,,,,,,,,,
433560,2010/11,2011-02-20,"Mahinda Rajapaksa International Cricket Stadium, Sooriyawewa",2,30.1,Canada,Sri Lanka,HS Baidwan,Rizwan Cheema,BAW Mendis,4,0,,,,,,,,,
433560,2010/11,2011-02-20,"Mahinda Rajapaksa International Cricket Stadium, Sooriyawewa",2,30.2,Canada,Sri Lanka,HS Baidwan,Rizwan Cheema,BAW Mendis,0,0,,,,,,,,,
433560,2010/11,2011-02-20,"Mahinda Rajapaksa International Cricket Stadium, Sooriyawewa",2,30.3,Canada,Sri Lanka,HS Baidwan,Rizwan Cheema,BAW Mendis,0,0,,,,,,,,,
433560,2010/11,2011-02-20,"Mahinda Rajapaksa International Cricket Stadium, Sooriyawewa",2,30.4,Canada,Sri Lanka,HS Baidwan,Rizwan Cheema,BAW Mendis,0,0,,,,,,,,,
433560,2010/11,2011-02-20,"Mahinda Rajapaksa International Cricket Stadium, Sooriyawewa",2,30.5,Canada,Sri Lanka,HS Baidwan,Rizwan Cheema,BAW Mendis,2,0,,,,,,,,,
433560,2010/11,2011-02-20,"Mahinda Rajapaksa International Cricket Stadium, Sooriyawewa",2,30.6,Canada,Sri Lanka,HS Baidwan,Rizwan Cheema,BAW Mendis,0,1,,,,1,,,,,
433560,2010/11,2011-02-20,"Mahinda Rajapaksa International Cricket Stadium, Sooriyawewa",2,31.1,Canada,Sri Lanka,HS Baidwan,Rizwan Cheema,M Muralitharan,0,0,,,,,,,,,
433560,2010/11,2011-02-20,"Mahinda Rajapaksa International Cricket Stadium, Sooriyawewa",2,31.2,Canada,Sri Lanka,HS Baidwan,Rizwan Cheema,M Muralitharan,1,0,,,,,,,,,
433560,2010/11,2011-02-20,"Mahinda Rajapaksa International Cricket Stadium, Sooriyawewa",2,31.3,Canada,Sri Lanka,Rizwan Cheema,HS Baidwan,M Muralitharan,0,0,,,,,,caught,Rizwan Cheema,,
433560,2010/11,2011-02-20,"Mahinda Rajapaksa International Cricket Stadium, Sooriyawewa",2,31.4,Canada,Sri Lanka,WD Balaji Rao,HS Baidwan,M Muralitharan,0,0,,,,,,,,,
433560,2010/11,2011-02-20,"Mahinda Rajapaksa International Cricket Stadium, Sooriyawewa",2,31.5,Canada,Sri Lanka,WD Balaji Rao,HS Baidwan,M Muralitharan,1,0,,,,,,,,,
433560,2010/11,2011-02-20,"Mahinda Rajapaksa International Cricket Stadium, Sooriyawewa",2,31.6,Canada,Sri Lanka,HS Baidwan,WD Balaji Rao,M Muralitharan,0,0,,,,,,,,,
433560,2010/11,2011-02-20,"Mahinda Rajapaksa International Cricket Stadium, Sooriyawewa",2,32.1,Canada,Sri Lanka,WD Balaji Rao,HS Baidwan,BAW Mendis,0,0,,,,,,,,,
433560,2010/11,2011-02-20,"Mahinda Rajapaksa International Cricket Stadium, Sooriyawewa",2,32.2,Canada,Sri Lanka,WD Balaji Rao,HS Baidwan,BAW Mendis,4,0,,,,,,,,,
433560,2010/11,2011-02-20,"Mahinda Rajapaksa International Cricket Stadium, Sooriyawewa",2,32.3,Canada,Sri Lanka,WD Balaji Rao,HS Baidwan,BAW Mendis,1,0,,,,,,,,,
433560,2010/11,2011-02-20,"Mahinda Rajapaksa International Cricket Stadium, Sooriyawewa",2,32.4,Canada,Sri Lanka,HS Baidwan,WD Balaji Rao,BAW Mendis,0,2,,,,2,,,,,
433560,2010/11,2011-02-20,"Mahinda Rajapaksa International Cricket Stadium, Sooriyawewa",2,32.5,Canada,Sri Lanka,HS Baidwan,WD Balaji Rao,BAW Mendis,0,0,,,,,,,,,
433560,2010/11,2011-02-20,"Mahinda Rajapaksa International Cricket Stadium, Sooriyawewa",2,32.6,Canada,Sri Lanka,HS Baidwan,WD Balaji Rao,BAW Mendis,0,0,,,,,,,,,
433560,2010/11,2011-02-20,"Mahinda Rajapaksa International Cricket Stadium, Sooriyawewa",2,33.1,Canada,Sri Lanka,WD Balaji Rao,HS Baidwan,M Muralitharan,0,0,,,,,,,,,
433560,2010/11,2011-02-20,"Mahinda Rajapaksa International Cricket Stadium, Sooriyawewa",2,33.2,Canada,Sri Lanka,WD Balaji Rao,HS Baidwan,M Muralitharan,0,0,,,,,,caught,WD Balaji Rao,,
433560,2010/11,2011-02-20,"Mahinda Rajapaksa International Cricket Stadium, Sooriyawewa",2,33.3,Canada,Sri Lanka,HS Baidwan,H Osinde,M Muralitharan,1,0,,,,,,,,,
433560,2010/11,2011-02-20,"Mahinda Rajapaksa International Cricket Stadium, Sooriyawewa",2,33.4,Canada,Sri Lanka,H Osinde,HS Baidwan,M Muralitharan,0,0,,,,,,,,,
433560,2010/11,2011-02-20,"Mahinda Rajapaksa International Cricket Stadium, Sooriyawewa",2,33.5,Canada,Sri Lanka,H Osinde,HS Baidwan,M Muralitharan,1,0,,,,,,,,,
433560,2010/11,2011-02-20,"Mahinda Rajapaksa International Cricket Stadium, Sooriyawewa",2,33.6,Canada,Sri Lanka,HS Baidwan,H Osinde,M Muralitharan,0,0,,,,,,,,,
433560,2010/11,2011-02-20,"Mahinda Rajapaksa International Cricket Stadium, Sooriyawewa",2,34.1,Canada,Sri Lanka,H Osinde,HS Baidwan,BAW Mendis,1,0,,,,,,,,,
433560,2010/11,2011-02-20,"Mahinda Rajapaksa International Cricket Stadium, Sooriyawewa",2,34.2,Canada,Sri Lanka,HS Baidwan,H Osinde,BAW Mendis,1,0,,,,,,,,,
433560,2010/11,2011-02-20,"Mahinda Rajapaksa International Cricket Stadium, Sooriyawewa",2,34.3,Canada,Sri Lanka,H Osinde,HS Baidwan,BAW Mendis,0,0,,,,,,,,,
433560,2010/11,2011-02-20,"Mahinda Rajapaksa International Cricket Stadium, Sooriyawewa",2,34.4,Canada,Sri Lanka,H Osinde,HS Baidwan,BAW Mendis,0,0,,,,,,,,,
433560,2010/11,2011-02-20,"Mahinda Rajapaksa International Cricket Stadium, Sooriyawewa",2,34.5,Canada,Sri Lanka,H Osinde,HS Baidwan,BAW Mendis,0,0,,,,,,,,,
433560,2010/11,2011-02-20,"Mahinda Rajapaksa International Cricket Stadium, Sooriyawewa",2,34.6,Canada,Sri Lanka,H Osinde,HS Baidwan,BAW Mendis,0,0,,,,,,,,,
433560,2010/11,2011-02-20,"Mahinda Rajapaksa International Cricket Stadium, Sooriyawewa",2,35.1,Canada,Sri Lanka,HS Baidwan,H Osinde,M Muralitharan,1,0,,,,,,,,,
433560,2010/11,2011-02-20,"Mahinda Rajapaksa International Cricket Stadium, Sooriyawewa",2,35.2,Canada,Sri Lanka,H Osinde,HS Baidwan,M Muralitharan,1,0,,,,,,,,,
433560,2010/11,2011-02-20,"Mahinda Rajapaksa International Cricket Stadium, Sooriyawewa",2,35.3,Canada,Sri Lanka,HS Baidwan,H Osinde,M Muralitharan,0,0,,,,,,,,,
433560,2010/11,2011-02-20,"Mahinda Rajapaksa International Cricket Stadium, Sooriyawewa",2,35.4,Canada,Sri Lanka,HS Baidwan,H Osinde,M Muralitharan,0,0,,,,,,,,,
433560,2010/11,2011-02-20,"Mahinda Rajapaksa International Cricket Stadium, Sooriyawewa",2,35.5,Canada,Sri Lanka,HS Baidwan,H Osinde,M Muralitharan,2,0,,,,,,,,,
433560,2010/11,2011-02-20,"Mahinda Rajapaksa International Cricket Stadium, Sooriyawewa",2,35.6,Canada,Sri Lanka,HS Baidwan,H Osinde,M Muralitharan,0,0,,,,,,,,,
433560,2010/11,2011-02-20,"Mahinda Rajapaksa International Cricket Stadium, Sooriyawewa",2,36.1,Canada,Sri Lanka,H Osinde,HS Baidwan,BAW Mendis,1,0,,,,,,,,,
433560,2010/11,2011-02-20,"Mahinda Rajapaksa International Cricket Stadium, Sooriyawewa",2,36.2,Canada,Sri Lanka,HS Baidwan,H Osinde,BAW Mendis,0,1,1,,,,,,,,
433560,2010/11,2011-02-20,"Mahinda Rajapaksa International Cricket Stadium, Sooriyawewa",2,36.3,Canada,Sri Lanka,HS Baidwan,H Osinde,BAW Mendis,0,0,,,,,,,,,
433560,2010/11,2011-02-20,"Mahinda Rajapaksa International Cricket Stadium, Sooriyawewa",2,36.4,Canada,Sri Lanka,HS Baidwan,H Osinde,BAW Mendis,0,0,,,,,,,,,
433560,2010/11,2011-02-20,"Mahinda Rajapaksa International Cricket Stadium, Sooriyawewa",2,36.5,Canada,Sri Lanka,HS Baidwan,H Osinde,BAW Mendis,1,0,,,,,,,,,
433560,2010/11,2011-02-20,"Mahinda Rajapaksa International Cricket Stadium, Sooriyawewa",2,36.6,Canada,Sri Lanka,H Osinde,HS Baidwan,BAW Mendis,0,0,,,,,,bowled,H Osinde,,
