match_id,season,start_date,venue,innings,ball,batting_team,bowling_team,striker,non_striker,bowler,runs_off_bat,extras,wides,noballs,byes,legbyes,penalty,wicket_type,player_dismissed,other_wicket_type,other_player_dismissed
434260,2009/10,2010-01-07,Shere Bangla National Stadium,1,0.1,Bangladesh,India,Tamim Iqbal,Imrul Kayes,A Nehra,0,0,,,,,,,,,
434260,2009/10,2010-01-07,Shere Bangla National Stadium,1,0.2,Bangladesh,India,Tamim Iqbal,Imrul Kayes,A Nehra,4,0,,,,,,,,,
434260,2009/10,2010-01-07,Shere Bangla National Stadium,1,0.3,Bangladesh,India,Tamim Iqbal,Imrul Kayes,A Nehra,0,0,,,,,,,,,
434260,2009/10,2010-01-07,Shere Bangla National Stadium,1,0.4,Bangladesh,India,Tamim Iqbal,Imrul Kayes,A Nehra,2,0,,,,,,,,,
434260,2009/10,2010-01-07,Shere Bangla National Stadium,1,0.5,Bangladesh,India,Tamim Iqbal,Imrul Kayes,A Nehra,0,0,,,,,,,,,
434260,2009/10,2010-01-07,Shere Bangla National Stadium,1,0.6,Bangladesh,India,Tamim Iqbal,Imrul Kayes,A Nehra,0,0,,,,,,,,,
434260,2009/10,2010-01-07,Shere Bangla National Stadium,1,1.1,Bangladesh,India,Imrul Kayes,Tamim Iqbal,S Sreesanth,0,0,,,,,,,,,
434260,2009/10,2010-01-07,Shere Bangla National Stadium,1,1.2,Bangladesh,India,Imrul Kayes,Tamim Iqbal,S Sreesanth,0,0,,,,,,,,,
434260,2009/10,2010-01-07,Shere Bangla National Stadium,1,1.3,Bangladesh,India,Imrul Kayes,Tamim Iqbal,S Sreesanth,0,0,,,,,,,,,
434260,2009/10,2010-01-07,Shere Bangla National Stadium,1,1.4,Bangladesh,India,Imrul Kayes,Tamim Iqbal,S Sreesanth,1,0,,,,,,,,,
434260,2009/10,2010-01-07,Shere Bangla National Stadium,1,1.5,Bangladesh,India,Tamim Iqbal,Imrul Kayes,S Sreesanth,0,0,,,,,,,,,
434260,2009/10,2010-01-07,Shere Bangla National Stadium,1,1.6,Bangladesh,India,Tamim Iqbal,Imrul Kayes,S Sreesanth,0,0,,,,,,,,,
434260,2009/10,2010-01-07,Shere Bangla National Stadium,1,2.1,Bangladesh,India,Imrul Kayes,Tamim Iqbal,A Nehra,0,0,,,,,,,,,
434260,2009/10,2010-01-07,Shere Bangla National Stadium,1,2.2,Bangladesh,India,Imrul Kayes,Tamim Iqbal,A Nehra,0,0,,,,,,,,,
434260,2009/10,2010-01-07,Shere Bangla National Stadium,1,2.3,Bangladesh,India,Imrul Kayes,Tamim Iqbal,A Nehra,1,0,,,,,,,,,
434260,2009/10,2010-01-07,Shere Bangla National Stadium,1,2.4,Bangladesh,India,Tamim Iqbal,Imrul Kayes,A Nehra,0,0,,,,,,,,,
434260,2009/10,2010-01-07,Shere Bangla National Stadium,1,2.5,Bangladesh,India,Tamim Iqbal,Imrul Kayes,A Nehra,0,0,,,,,,,,,
434260,2009/10,2010-01-07,Shere Bangla National Stadium,1,2.6,Bangladesh,India,Tamim Iqbal,Imrul Kayes,A Nehra,0,1,,1,,,,,,,
434260,2009/10,2010-01-07,Shere Bangla National Stadium,1,2.7,Bangladesh,India,Tamim Iqbal,Imrul Kayes,A Nehra,6,0,,,,,,,,,
434260,2009/10,2010-01-07,Shere Bangla National Stadium,1,3.1,Bangladesh,India,Imrul Kayes,Tamim Iqbal,S Sreesanth,1,0,,,,,,,,,
434260,2009/10,2010-01-07,Shere Bangla National Stadium,1,3.2,Bangladesh,India,Tamim Iqbal,Imrul Kayes,S Sreesanth,0,0,,,,,,,,,
434260,2009/10,2010-01-07,Shere Bangla National Stadium,1,3.3,Bangladesh,India,Tamim Iqbal,Imrul Kayes,S Sreesanth,3,0,,,,,,,,,
434260,2009/10,2010-01-07,Shere Bangla National Stadium,1,3.4,Bangladesh,India,Imrul Kayes,Tamim Iqbal,S Sreesanth,0,0,,,,,,,,,
434260,2009/10,2010-01-07,Shere Bangla National Stadium,1,3.5,Bangladesh,India,Imrul Kayes,Tamim Iqbal,S Sreesanth,0,0,,,,,,,,,
434260,2009/10,2010-01-07,Shere Bangla National Stadium,1,3.6,Bangladesh,India,Imrul Kayes,Tamim Iqbal,S Sreesanth,0,0,,,,,,,,,
434260,2009/10,2010-01-07,Shere Bangla National Stadium,1,4.1,Bangladesh,India,Tamim Iqbal,Imrul Kayes,A Nehra,4,0,,,,,,,,,
434260,2009/10,2010-01-07,Shere Bangla National Stadium,1,4.2,Bangladesh,India,Tamim Iqbal,Imrul Kayes,A Nehra,4,0,,,,,,,,,
434260,2009/10,2010-01-07,Shere Bangla National Stadium,1,4.3,Bangladesh,India,Tamim Iqbal,Imrul Kayes,A Nehra,0,0,,,,,,,,,
434260,2009/10,2010-01-07,Shere Bangla National Stadium,1,4.4,Bangladesh,India,Tamim Iqbal,Imrul Kayes,A Nehra,1,0,,,,,,,,,
434260,2009/10,2010-01-07,Shere Bangla National Stadium,1,4.5,Bangladesh,India,Imrul Kayes,Tamim Iqbal,A Nehra,0,0,,,,,,,,,
434260,2009/10,2010-01-07,Shere Bangla National Stadium,1,4.6,Bangladesh,India,Imrul Kayes,Tamim Iqbal,A Nehra,0,0,,,,,,,,,
434260,2009/10,2010-01-07,Shere Bangla National Stadium,1,5.1,Bangladesh,India,Tamim Iqbal,Imrul Kayes,S Sreesanth,4,0,,,,,,,,,
434260,2009/10,2010-01-07,Shere Bangla National Stadium,1,5.2,Bangladesh,India,Tamim Iqbal,Imrul Kayes,S Sreesanth,0,0,,,,,,,,,
434260,2009/10,2010-01-07,Shere Bangla National Stadium,1,5.3,Bangladesh,India,Tamim Iqbal,Imrul Kayes,S Sreesanth,4,0,,,,,,,,,
434260,2009/10,2010-01-07,Shere Bangla National Stadium,1,5.4,Bangladesh,India,Tamim Iqbal,Imrul Kayes,S Sreesanth,0,0,,,,,,,,,
434260,2009/10,2010-01-07,Shere Bangla National Stadium,1,5.5,Bangladesh,India,Tamim Iqbal,Imrul Kayes,S Sreesanth,1,1,,1,,,,,,,
434260,2009/10,2010-01-07,Shere Bangla National Stadium,1,5.6,Bangladesh,India,Imrul Kayes,Tamim Iqbal,S Sreesanth,0,0,,,,,,,,,
434260,2009/10,2010-01-07,Shere Bangla National Stadium,1,5.7,Bangladesh,India,Imrul Kayes,Tamim Iqbal,S Sreesanth,0,0,,,,,,,,,
434260,2009/10,2010-01-07,Shere Bangla National Stadium,1,6.1,Bangladesh,India,Tamim Iqbal,Imrul Kayes,Z Khan,1,0,,,,,,,,,
434260,2009/10,2010-01-07,Shere Bangla National Stadium,1,6.2,Bangladesh,India,Imrul Kayes,Tamim Iqbal,Z Khan,1,0,,,,,,,,,
434260,2009/10,2010-01-07,Shere Bangla National Stadium,1,6.3,Bangladesh,India,Tamim Iqbal,Imrul Kayes,Z Khan,4,0,,,,,,,,,
434260,2009/10,2010-01-07,Shere Bangla National Stadium,1,6.4,Bangladesh,India,Tamim Iqbal,Imrul Kayes,Z Khan,1,0,,,,,,,,,
434260,2009/10,2010-01-07,Shere Bangla National Stadium,1,6.5,Bangladesh,India,Imrul Kayes,Tamim Iqbal,Z Khan,1,0,,,,,,,,,
434260,2009/10,2010-01-07,Shere Bangla National Stadium,1,6.6,Bangladesh,India,Tamim Iqbal,Imrul Kayes,Z Khan,1,0,,,,,,,,,
434260,2009/10,2010-01-07,Shere Bangla National Stadium,1,7.1,Bangladesh,India,Tamim Iqbal,Imrul Kayes,Harbhajan Singh,0,0,,,,,,,,,
434260,2009/10,2010-01-07,Shere Bangla National Stadium,1,7.2,Bangladesh,India,Tamim Iqbal,Imrul Kayes,Harbhajan Singh,1,0,,,,,,,,,
434260,2009/10,2010-01-07,Shere Bangla National Stadium,1,7.3,Bangladesh,India,Imrul Kayes,Tamim Iqbal,Harbhajan Singh,0,0,,,,,,,,,
434260,2009/10,2010-01-07,Shere Bangla National Stadium,1,7.4,Bangladesh,India,Imrul Kayes,Tamim Iqbal,Harbhajan Singh,3,0,,,,,,,,,
434260,2009/10,2010-01-07,Shere Bangla National Stadium,1,7.5,Bangladesh,India,Tamim Iqbal,Imrul Kayes,Harbhajan Singh,0,0,,,,,,,,,
434260,2009/10,2010-01-07,Shere Bangla National Stadium,1,7.6,Bangladesh,India,Tamim Iqbal,Imrul Kayes,Harbhajan Singh,4,0,,,,,,,,,
434260,2009/10,2010-01-07,Shere Bangla National Stadium,1,8.1,Bangladesh,India,Imrul Kayes,Tamim Iqbal,Z Khan,4,0,,,,,,,,,
434260,2009/10,2010-01-07,Shere Bangla National Stadium,1,8.2,Bangladesh,India,Imrul Kayes,Tamim Iqbal,Z Khan,0,0,,,,,,,,,
434260,2009/10,2010-01-07,Shere Bangla National Stadium,1,8.3,Bangladesh,India,Imrul Kayes,Tamim Iqbal,Z Khan,0,0,,,,,,,,,
434260,2009/10,2010-01-07,Shere Bangla National Stadium,1,8.4,Bangladesh,India,Imrul Kayes,Tamim Iqbal,Z Khan,1,0,,,,,,,,,
434260,2009/10,2010-01-07,Shere Bangla National Stadium,1,8.5,Bangladesh,India,Tamim Iqbal,Imrul Kayes,Z Khan,4,0,,,,,,,,,
434260,2009/10,2010-01-07,Shere Bangla National Stadium,1,8.6,Bangladesh,India,Tamim Iqbal,Imrul Kayes,Z Khan,1,0,,,,,,,,,
434260,2009/10,2010-01-07,Shere Bangla National Stadium,1,9.1,Bangladesh,India,Tamim Iqbal,Imrul Kayes,Harbhajan Singh,4,0,,,,,,,,,
434260,2009/10,2010-01-07,Shere Bangla National Stadium,1,9.2,Bangladesh,India,Tamim Iqbal,Imrul Kayes,Harbhajan Singh,0,0,,,,,,,,,
434260,2009/10,2010-01-07,Shere Bangla National Stadium,1,9.3,Bangladesh,India,Tamim Iqbal,Imrul Kayes,Harbhajan Singh,0,0,,,,,,,,,
434260,2009/10,2010-01-07,Shere Bangla National Stadium,1,9.4,Bangladesh,India,Tamim Iqbal,Imrul Kayes,Harbhajan Singh,0,0,,,,,,,,,
434260,2009/10,2010-01-07,Shere Bangla National Stadium,1,9.5,Bangladesh,India,Tamim Iqbal,Imrul Kayes,Harbhajan Singh,0,0,,,,,,,,,
434260,2009/10,2010-01-07,Shere Bangla National Stadium,1,9.6,Bangladesh,India,Tamim Iqbal,Imrul Kayes,Harbhajan Singh,4,0,,,,,,,,,
434260,2009/10,2010-01-07,Shere Bangla National Stadium,1,10.1,Bangladesh,India,Imrul Kayes,Tamim Iqbal,S Sreesanth,1,0,,,,,,,,,
434260,2009/10,2010-01-07,Shere Bangla National Stadium,1,10.2,Bangladesh,India,Tamim Iqbal,Imrul Kayes,S Sreesanth,1,1,,1,,,,,,,
434260,2009/10,2010-01-07,Shere Bangla National Stadium,1,10.3,Bangladesh,India,Imrul Kayes,Tamim Iqbal,S Sreesanth,0,1,1,,,,,,,,
434260,2009/10,2010-01-07,Shere Bangla National Stadium,1,10.4,Bangladesh,India,Imrul Kayes,Tamim Iqbal,S Sreesanth,1,0,,,,,,,,,
434260,2009/10,2010-01-07,Shere Bangla National Stadium,1,10.5,Bangladesh,India,Tamim Iqbal,Imrul Kayes,S Sreesanth,1,0,,,,,,,,,
434260,2009/10,2010-01-07,Shere Bangla National Stadium,1,10.6,Bangladesh,India,Imrul Kayes,Tamim Iqbal,S Sreesanth,0,0,,,,,,,,,
434260,2009/10,2010-01-07,Shere Bangla National Stadium,1,10.7,Bangladesh,India,Imrul Kayes,Tamim Iqbal,S Sreesanth,1,0,,,,,,,,,
434260,2009/10,2010-01-07,Shere Bangla National Stadium,1,10.8,Bangladesh,India,Tamim Iqbal,Imrul Kayes,S Sreesanth,0,0,,,,,,caught,Tamim Iqbal,,
434260,2009/10,2010-01-07,Shere Bangla National Stadium,1,11.1,Bangladesh,India,Imrul Kayes,Mohammad Ashraful,Harbhajan Singh,4,0,,,,,,,,,
434260,2009/10,2010-01-07,Shere Bangla National Stadium,1,11.2,Bangladesh,India,Imrul Kayes,Mohammad Ashraful,Harbhajan Singh,0,0,,,,,,,,,
434260,2009/10,2010-01-07,Shere Bangla National Stadium,1,11.3,Bangladesh,India,Imrul Kayes,Mohammad Ashraful,Harbhajan Singh,1,0,,,,,,,,,
434260,2009/10,2010-01-07,Shere Bangla National Stadium,1,11.4,Bangladesh,India,Mohammad Ashraful,Imrul Kayes,Harbhajan Singh,0,0,,,,,,,,,
434260,2009/10,2010-01-07,Shere Bangla National Stadium,1,11.5,Bangladesh,India,Mohammad Ashraful,Imrul Kayes,Harbhajan Singh,0,0,,,,,,,,,
434260,2009/10,2010-01-07,Shere Bangla National Stadium,1,11.6,Bangladesh,India,Mohammad Ashraful,Imrul Kayes,Harbhajan Singh,0,0,,,,,,,,,
434260,2009/10,2010-01-07,Shere Bangla National Stadium,1,12.1,Bangladesh,India,Imrul Kayes,Mohammad Ashraful,S Sreesanth,0,0,,,,,,,,,
434260,2009/10,2010-01-07,Shere Bangla National Stadium,1,12.2,Bangladesh,India,Imrul Kayes,Mohammad Ashraful,S Sreesanth,1,0,,,,,,,,,
434260,2009/10,2010-01-07,Shere Bangla National Stadium,1,12.3,Bangladesh,India,Mohammad Ashraful,Imrul Kayes,S Sreesanth,0,0,,,,,,,,,
434260,2009/10,2010-01-07,Shere Bangla National Stadium,1,12.4,Bangladesh,India,Mohammad Ashraful,Imrul Kayes,S Sreesanth,0,0,,,,,,,,,
434260,2009/10,2010-01-07,Shere Bangla National Stadium,1,12.5,Bangladesh,India,Mohammad Ashraful,Imrul Kayes,S Sreesanth,1,0,,,,,,,,,
434260,2009/10,2010-01-07,Shere Bangla National Stadium,1,12.6,Bangladesh,India,Imrul Kayes,Mohammad Ashraful,S Sreesanth,1,0,,,,,,,,,
434260,2009/10,2010-01-07,Shere Bangla National Stadium,1,13.1,Bangladesh,India,Imrul Kayes,Mohammad Ashraful,Harbhajan Singh,0,0,,,,,,,,,
434260,2009/10,2010-01-07,Shere Bangla National Stadium,1,13.2,Bangladesh,India,Imrul Kayes,Mohammad Ashraful,Harbhajan Singh,1,0,,,,,,,,,
434260,2009/10,2010-01-07,Shere Bangla National Stadium,1,13.3,Bangladesh,India,Mohammad Ashraful,Imrul Kayes,Harbhajan Singh,1,0,,,,,,,,,
434260,2009/10,2010-01-07,Shere Bangla National Stadium,1,13.4,Bangladesh,India,Imrul Kayes,Mohammad Ashraful,Harbhajan Singh,0,0,,,,,,,,,
434260,2009/10,2010-01-07,Shere Bangla National Stadium,1,13.5,Bangladesh,India,Imrul Kayes,Mohammad Ashraful,Harbhajan Singh,0,0,,,,,,,,,
434260,2009/10,2010-01-07,Shere Bangla National Stadium,1,13.6,Bangladesh,India,Imrul Kayes,Mohammad Ashraful,Harbhajan Singh,1,0,,,,,,,,,
434260,2009/10,2010-01-07,Shere Bangla National Stadium,1,14.1,Bangladesh,India,Imrul Kayes,Mohammad Ashraful,S Sreesanth,4,0,,,,,,,,,
434260,2009/10,2010-01-07,Shere Bangla National Stadium,1,14.2,Bangladesh,India,Imrul Kayes,Mohammad Ashraful,S Sreesanth,0,0,,,,,,,,,
434260,2009/10,2010-01-07,Shere Bangla National Stadium,1,14.3,Bangladesh,India,Imrul Kayes,Mohammad Ashraful,S Sreesanth,1,0,,,,,,,,,
434260,2009/10,2010-01-07,Shere Bangla National Stadium,1,14.4,Bangladesh,India,Mohammad Ashraful,Imrul Kayes,S Sreesanth,0,0,,,,,,,,,
434260,2009/10,2010-01-07,Shere Bangla National Stadium,1,14.5,Bangladesh,India,Mohammad Ashraful,Imrul Kayes,S Sreesanth,1,0,,,,,,,,,
434260,2009/10,2010-01-07,Shere Bangla National Stadium,1,14.6,Bangladesh,India,Imrul Kayes,Mohammad Ashraful,S Sreesanth,0,1,1,,,,,,,,
434260,2009/10,2010-01-07,Shere Bangla National Stadium,1,14.7,Bangladesh,India,Imrul Kayes,Mohammad Ashraful,S Sreesanth,0,0,,,,,,,,,
434260,2009/10,2010-01-07,Shere Bangla National Stadium,1,15.1,Bangladesh,India,Mohammad Ashraful,Imrul Kayes,Harbhajan Singh,0,2,2,,,,,,,,
434260,2009/10,2010-01-07,Shere Bangla National Stadium,1,15.2,Bangladesh,India,Imrul Kayes,Mohammad Ashraful,Harbhajan Singh,0,0,,,,,,,,,
434260,2009/10,2010-01-07,Shere Bangla National Stadium,1,15.3,Bangladesh,India,Imrul Kayes,Mohammad Ashraful,Harbhajan Singh,0,0,,,,,,,,,
434260,2009/10,2010-01-07,Shere Bangla National Stadium,1,15.4,Bangladesh,India,Imrul Kayes,Mohammad Ashraful,Harbhajan Singh,1,0,,,,,,,,,
434260,2009/10,2010-01-07,Shere Bangla National Stadium,1,15.5,Bangladesh,India,Mohammad Ashraful,Imrul Kayes,Harbhajan Singh,0,0,,,,,,,,,
434260,2009/10,2010-01-07,Shere Bangla National Stadium,1,15.6,Bangladesh,India,Mohammad Ashraful,Imrul Kayes,Harbhajan Singh,0,0,,,,,,,,,
434260,2009/10,2010-01-07,Shere Bangla National Stadium,1,15.7,Bangladesh,India,Mohammad Ashraful,Imrul Kayes,Harbhajan Singh,4,0,,,,,,,,,
434260,2009/10,2010-01-07,Shere Bangla National Stadium,1,16.1,Bangladesh,India,Imrul Kayes,Mohammad Ashraful,Yuvraj Singh,0,0,,,,,,,,,
434260,2009/10,2010-01-07,Shere Bangla National Stadium,1,16.2,Bangladesh,India,Imrul Kayes,Mohammad Ashraful,Yuvraj Singh,0,0,,,,,,,,,
434260,2009/10,2010-01-07,Shere Bangla National Stadium,1,16.3,Bangladesh,India,Imrul Kayes,Mohammad Ashraful,Yuvraj Singh,1,0,,,,,,,,,
434260,2009/10,2010-01-07,Shere Bangla National Stadium,1,16.4,Bangladesh,India,Mohammad Ashraful,Imrul Kayes,Yuvraj Singh,0,1,,,,1,,,,,
434260,2009/10,2010-01-07,Shere Bangla National Stadium,1,16.5,Bangladesh,India,Imrul Kayes,Mohammad Ashraful,Yuvraj Singh,0,1,1,,,,,,,,
434260,2009/10,2010-01-07,Shere Bangla National Stadium,1,16.6,Bangladesh,India,Imrul Kayes,Mohammad Ashraful,Yuvraj Singh,0,0,,,,,,,,,
434260,2009/10,2010-01-07,Shere Bangla National Stadium,1,16.7,Bangladesh,India,Imrul Kayes,Mohammad Ashraful,Yuvraj Singh,0,0,,,,,,,,,
434260,2009/10,2010-01-07,Shere Bangla National Stadium,1,17.1,Bangladesh,India,Mohammad Ashraful,Imrul Kayes,RA Jadeja,0,0,,,,,,,,,
434260,2009/10,2010-01-07,Shere Bangla National Stadium,1,17.2,Bangladesh,India,Mohammad Ashraful,Imrul Kayes,RA Jadeja,0,0,,,,,,,,,
434260,2009/10,2010-01-07,Shere Bangla National Stadium,1,17.3,Bangladesh,India,Mohammad Ashraful,Imrul Kayes,RA Jadeja,4,0,,,,,,,,,
434260,2009/10,2010-01-07,Shere Bangla National Stadium,1,17.4,Bangladesh,India,Mohammad Ashraful,Imrul Kayes,RA Jadeja,0,0,,,,,,,,,
434260,2009/10,2010-01-07,Shere Bangla National Stadium,1,17.5,Bangladesh,India,Mohammad Ashraful,Imrul Kayes,RA Jadeja,0,0,,,,,,,,,
434260,2009/10,2010-01-07,Shere Bangla National Stadium,1,17.6,Bangladesh,India,Mohammad Ashraful,Imrul Kayes,RA Jadeja,1,0,,,,,,,,,
434260,2009/10,2010-01-07,Shere Bangla National Stadium,1,18.1,Bangladesh,India,Mohammad Ashraful,Imrul Kayes,Yuvraj Singh,1,0,,,,,,,,,
434260,2009/10,2010-01-07,Shere Bangla National Stadium,1,18.2,Bangladesh,India,Imrul Kayes,Mohammad Ashraful,Yuvraj Singh,1,0,,,,,,,,,
434260,2009/10,2010-01-07,Shere Bangla National Stadium,1,18.3,Bangladesh,India,Mohammad Ashraful,Imrul Kayes,Yuvraj Singh,0,0,,,,,,,,,
434260,2009/10,2010-01-07,Shere Bangla National Stadium,1,18.4,Bangladesh,India,Mohammad Ashraful,Imrul Kayes,Yuvraj Singh,0,0,,,,,,,,,
434260,2009/10,2010-01-07,Shere Bangla National Stadium,1,18.5,Bangladesh,India,Mohammad Ashraful,Imrul Kayes,Yuvraj Singh,1,0,,,,,,,,,
434260,2009/10,2010-01-07,Shere Bangla National Stadium,1,18.6,Bangladesh,India,Imrul Kayes,Mohammad Ashraful,Yuvraj Singh,1,0,,,,,,,,,
434260,2009/10,2010-01-07,Shere Bangla National Stadium,1,19.1,Bangladesh,India,Imrul Kayes,Mohammad Ashraful,RA Jadeja,0,0,,,,,,,,,
434260,2009/10,2010-01-07,Shere Bangla National Stadium,1,19.2,Bangladesh,India,Imrul Kayes,Mohammad Ashraful,RA Jadeja,0,0,,,,,,,,,
434260,2009/10,2010-01-07,Shere Bangla National Stadium,1,19.3,Bangladesh,India,Imrul Kayes,Mohammad Ashraful,RA Jadeja,1,0,,,,,,,,,
434260,2009/10,2010-01-07,Shere Bangla National Stadium,1,19.4,Bangladesh,India,Mohammad Ashraful,Imrul Kayes,RA Jadeja,0,0,,,,,,,,,
434260,2009/10,2010-01-07,Shere Bangla National Stadium,1,19.5,Bangladesh,India,Mohammad Ashraful,Imrul Kayes,RA Jadeja,4,0,,,,,,,,,
434260,2009/10,2010-01-07,Shere Bangla National Stadium,1,19.6,Bangladesh,India,Mohammad Ashraful,Imrul Kayes,RA Jadeja,0,0,,,,,,,,,
434260,2009/10,2010-01-07,Shere Bangla National Stadium,1,20.1,Bangladesh,India,Imrul Kayes,Mohammad Ashraful,Yuvraj Singh,1,0,,,,,,,,,
434260,2009/10,2010-01-07,Shere Bangla National Stadium,1,20.2,Bangladesh,India,Mohammad Ashraful,Imrul Kayes,Yuvraj Singh,0,0,,,,,,,,,
434260,2009/10,2010-01-07,Shere Bangla National Stadium,1,20.3,Bangladesh,India,Mohammad Ashraful,Imrul Kayes,Yuvraj Singh,1,0,,,,,,,,,
434260,2009/10,2010-01-07,Shere Bangla National Stadium,1,20.4,Bangladesh,India,Imrul Kayes,Mohammad Ashraful,Yuvraj Singh,0,0,,,,,,,,,
434260,2009/10,2010-01-07,Shere Bangla National Stadium,1,20.5,Bangladesh,India,Imrul Kayes,Mohammad Ashraful,Yuvraj Singh,1,0,,,,,,,,,
434260,2009/10,2010-01-07,Shere Bangla National Stadium,1,20.6,Bangladesh,India,Mohammad Ashraful,Imrul Kayes,Yuvraj Singh,0,0,,,,,,,,,
434260,2009/10,2010-01-07,Shere Bangla National Stadium,1,21.1,Bangladesh,India,Imrul Kayes,Mohammad Ashraful,RA Jadeja,0,0,,,,,,,,,
434260,2009/10,2010-01-07,Shere Bangla National Stadium,1,21.2,Bangladesh,India,Imrul Kayes,Mohammad Ashraful,RA Jadeja,1,0,,,,,,,,,
434260,2009/10,2010-01-07,Shere Bangla National Stadium,1,21.3,Bangladesh,India,Mohammad Ashraful,Imrul Kayes,RA Jadeja,1,0,,,,,,,,,
434260,2009/10,2010-01-07,Shere Bangla National Stadium,1,21.4,Bangladesh,India,Imrul Kayes,Mohammad Ashraful,RA Jadeja,1,0,,,,,,,,,
434260,2009/10,2010-01-07,Shere Bangla National Stadium,1,21.5,Bangladesh,India,Mohammad Ashraful,Imrul Kayes,RA Jadeja,1,0,,,,,,,,,
434260,2009/10,2010-01-07,Shere Bangla National Stadium,1,21.6,Bangladesh,India,Imrul Kayes,Mohammad Ashraful,RA Jadeja,1,0,,,,,,,,,
434260,2009/10,2010-01-07,Shere Bangla National Stadium,1,22.1,Bangladesh,India,Imrul Kayes,Mohammad Ashraful,Yuvraj Singh,0,0,,,,,,,,,
434260,2009/10,2010-01-07,Shere Bangla National Stadium,1,22.2,Bangladesh,India,Imrul Kayes,Mohammad Ashraful,Yuvraj Singh,1,0,,,,,,,,,
434260,2009/10,2010-01-07,Shere Bangla National Stadium,1,22.3,Bangladesh,India,Mohammad Ashraful,Imrul Kayes,Yuvraj Singh,0,0,,,,,,,,,
434260,2009/10,2010-01-07,Shere Bangla National Stadium,1,22.4,Bangladesh,India,Mohammad Ashraful,Imrul Kayes,Yuvraj Singh,0,0,,,,,,,,,
434260,2009/10,2010-01-07,Shere Bangla National Stadium,1,22.5,Bangladesh,India,Mohammad Ashraful,Imrul Kayes,Yuvraj Singh,0,0,,,,,,,,,
434260,2009/10,2010-01-07,Shere Bangla National Stadium,1,22.6,Bangladesh,India,Mohammad Ashraful,Imrul Kayes,Yuvraj Singh,0,0,,,,,,,,,
434260,2009/10,2010-01-07,Shere Bangla National Stadium,1,23.1,Bangladesh,India,Imrul Kayes,Mohammad Ashraful,RA Jadeja,0,0,,,,,,,,,
434260,2009/10,2010-01-07,Shere Bangla National Stadium,1,23.2,Bangladesh,India,Imrul Kayes,Mohammad Ashraful,RA Jadeja,0,0,,,,,,,,,
434260,2009/10,2010-01-07,Shere Bangla National Stadium,1,23.3,Bangladesh,India,Imrul Kayes,Mohammad Ashraful,RA Jadeja,1,0,,,,,,,,,
434260,2009/10,2010-01-07,Shere Bangla National Stadium,1,23.4,Bangladesh,India,Mohammad Ashraful,Imrul Kayes,RA Jadeja,2,0,,,,,,,,,
434260,2009/10,2010-01-07,Shere Bangla National Stadium,1,23.5,Bangladesh,India,Mohammad Ashraful,Imrul Kayes,RA Jadeja,0,0,,,,,,,,,
434260,2009/10,2010-01-07,Shere Bangla National Stadium,1,23.6,Bangladesh,India,Mohammad Ashraful,Imrul Kayes,RA Jadeja,0,0,,,,,,,,,
434260,2009/10,2010-01-07,Shere Bangla National Stadium,1,24.1,Bangladesh,India,Imrul Kayes,Mohammad Ashraful,Yuvraj Singh,1,0,,,,,,,,,
434260,2009/10,2010-01-07,Shere Bangla National Stadium,1,24.2,Bangladesh,India,Mohammad Ashraful,Imrul Kayes,Yuvraj Singh,1,0,,,,,,,,,
434260,2009/10,2010-01-07,Shere Bangla National Stadium,1,24.3,Bangladesh,India,Imrul Kayes,Mohammad Ashraful,Yuvraj Singh,1,0,,,,,,,,,
434260,2009/10,2010-01-07,Shere Bangla National Stadium,1,24.4,Bangladesh,India,Mohammad Ashraful,Imrul Kayes,Yuvraj Singh,1,0,,,,,,,,,
434260,2009/10,2010-01-07,Shere Bangla National Stadium,1,24.5,Bangladesh,India,Imrul Kayes,Mohammad Ashraful,Yuvraj Singh,0,0,,,,,,,,,
434260,2009/10,2010-01-07,Shere Bangla National Stadium,1,24.6,Bangladesh,India,Imrul Kayes,Mohammad Ashraful,Yuvraj Singh,0,0,,,,,,,,,
434260,2009/10,2010-01-07,Shere Bangla National Stadium,1,25.1,Bangladesh,India,Mohammad Ashraful,Imrul Kayes,RA Jadeja,1,0,,,,,,,,,
434260,2009/10,2010-01-07,Shere Bangla National Stadium,1,25.2,Bangladesh,India,Imrul Kayes,Mohammad Ashraful,RA Jadeja,0,0,,,,,,,,,
434260,2009/10,2010-01-07,Shere Bangla National Stadium,1,25.3,Bangladesh,India,Imrul Kayes,Mohammad Ashraful,RA Jadeja,0,0,,,,,,,,,
434260,2009/10,2010-01-07,Shere Bangla National Stadium,1,25.4,Bangladesh,India,Imrul Kayes,Mohammad Ashraful,RA Jadeja,4,0,,,,,,,,,
434260,2009/10,2010-01-07,Shere Bangla National Stadium,1,25.5,Bangladesh,India,Imrul Kayes,Mohammad Ashraful,RA Jadeja,0,0,,,,,,,,,
434260,2009/10,2010-01-07,Shere Bangla National Stadium,1,25.6,Bangladesh,India,Imrul Kayes,Mohammad Ashraful,RA Jadeja,0,0,,,,,,,,,
434260,2009/10,2010-01-07,Shere Bangla National Stadium,1,26.1,Bangladesh,India,Mohammad Ashraful,Imrul Kayes,Yuvraj Singh,0,0,,,,,,,,,
434260,2009/10,2010-01-07,Shere Bangla National Stadium,1,26.2,Bangladesh,India,Mohammad Ashraful,Imrul Kayes,Yuvraj Singh,1,0,,,,,,,,,
434260,2009/10,2010-01-07,Shere Bangla National Stadium,1,26.3,Bangladesh,India,Imrul Kayes,Mohammad Ashraful,Yuvraj Singh,0,0,,,,,,,,,
434260,2009/10,2010-01-07,Shere Bangla National Stadium,1,26.4,Bangladesh,India,Imrul Kayes,Mohammad Ashraful,Yuvraj Singh,1,0,,,,,,,,,
434260,2009/10,2010-01-07,Shere Bangla National Stadium,1,26.5,Bangladesh,India,Mohammad Ashraful,Imrul Kayes,Yuvraj Singh,0,0,,,,,,,,,
434260,2009/10,2010-01-07,Shere Bangla National Stadium,1,26.6,Bangladesh,India,Mohammad Ashraful,Imrul Kayes,Yuvraj Singh,0,0,,,,,,,,,
434260,2009/10,2010-01-07,Shere Bangla National Stadium,1,27.1,Bangladesh,India,Imrul Kayes,Mohammad Ashraful,RA Jadeja,0,0,,,,,,,,,
434260,2009/10,2010-01-07,Shere Bangla National Stadium,1,27.2,Bangladesh,India,Imrul Kayes,Mohammad Ashraful,RA Jadeja,1,0,,,,,,,,,
434260,2009/10,2010-01-07,Shere Bangla National Stadium,1,27.3,Bangladesh,India,Mohammad Ashraful,Imrul Kayes,RA Jadeja,2,0,,,,,,,,,
434260,2009/10,2010-01-07,Shere Bangla National Stadium,1,27.4,Bangladesh,India,Mohammad Ashraful,Imrul Kayes,RA Jadeja,0,0,,,,,,,,,
434260,2009/10,2010-01-07,Shere Bangla National Stadium,1,27.5,Bangladesh,India,Mohammad Ashraful,Imrul Kayes,RA Jadeja,0,0,,,,,,bowled,Mohammad Ashraful,,
434260,2009/10,2010-01-07,Shere Bangla National Stadium,1,27.6,Bangladesh,India,Shakib Al Hasan,Imrul Kayes,RA Jadeja,0,0,,,,,,,,,
434260,2009/10,2010-01-07,Shere Bangla National Stadium,1,28.1,Bangladesh,India,Imrul Kayes,Shakib Al Hasan,V Sehwag,2,0,,,,,,,,,
434260,2009/10,2010-01-07,Shere Bangla National Stadium,1,28.2,Bangladesh,India,Imrul Kayes,Shakib Al Hasan,V Sehwag,0,0,,,,,,,,,
434260,2009/10,2010-01-07,Shere Bangla National Stadium,1,28.3,Bangladesh,India,Imrul Kayes,Shakib Al Hasan,V Sehwag,0,0,,,,,,,,,
434260,2009/10,2010-01-07,Shere Bangla National Stadium,1,28.4,Bangladesh,India,Imrul Kayes,Shakib Al Hasan,V Sehwag,0,0,,,,,,,,,
434260,2009/10,2010-01-07,Shere Bangla National Stadium,1,28.5,Bangladesh,India,Imrul Kayes,Shakib Al Hasan,V Sehwag,0,0,,,,,,,,,
434260,2009/10,2010-01-07,Shere Bangla National Stadium,1,28.6,Bangladesh,India,Imrul Kayes,Shakib Al Hasan,V Sehwag,1,0,,,,,,,,,
434260,2009/10,2010-01-07,Shere Bangla National Stadium,1,29.1,Bangladesh,India,Imrul Kayes,Shakib Al Hasan,Harbhajan Singh,0,0,,,,,,,,,
434260,2009/10,2010-01-07,Shere Bangla National Stadium,1,29.2,Bangladesh,India,Imrul Kayes,Shakib Al Hasan,Harbhajan Singh,4,0,,,,,,,,,
434260,2009/10,2010-01-07,Shere Bangla National Stadium,1,29.3,Bangladesh,India,Imrul Kayes,Shakib Al Hasan,Harbhajan Singh,1,0,,,,,,run out,Shakib Al Hasan,,
434260,2009/10,2010-01-07,Shere Bangla National Stadium,1,29.4,Bangladesh,India,Imrul Kayes,Raqibul Hasan,Harbhajan Singh,1,0,,,,,,,,,
434260,2009/10,2010-01-07,Shere Bangla National Stadium,1,29.5,Bangladesh,India,Raqibul Hasan,Imrul Kayes,Harbhajan Singh,2,0,,,,,,,,,
434260,2009/10,2010-01-07,Shere Bangla National Stadium,1,29.6,Bangladesh,India,Raqibul Hasan,Imrul Kayes,Harbhajan Singh,0,0,,,,,,,,,
434260,2009/10,2010-01-07,Shere Bangla National Stadium,1,30.1,Bangladesh,India,Imrul Kayes,Raqibul Hasan,V Sehwag,0,0,,,,,,,,,
434260,2009/10,2010-01-07,Shere Bangla National Stadium,1,30.2,Bangladesh,India,Imrul Kayes,Raqibul Hasan,V Sehwag,0,0,,,,,,,,,
434260,2009/10,2010-01-07,Shere Bangla National Stadium,1,30.3,Bangladesh,India,Imrul Kayes,Raqibul Hasan,V Sehwag,1,0,,,,,,,,,
434260,2009/10,2010-01-07,Shere Bangla National Stadium,1,30.4,Bangladesh,India,Raqibul Hasan,Imrul Kayes,V Sehwag,0,2,2,,,,,,,,
434260,2009/10,2010-01-07,Shere Bangla National Stadium,1,30.5,Bangladesh,India,Imrul Kayes,Raqibul Hasan,V Sehwag,6,0,,,,,,,,,
434260,2009/10,2010-01-07,Shere Bangla National Stadium,1,30.6,Bangladesh,India,Imrul Kayes,Raqibul Hasan,V Sehwag,1,0,,,,,,,,,
434260,2009/10,2010-01-07,Shere Bangla National Stadium,1,30.7,Bangladesh,India,Raqibul Hasan,Imrul Kayes,V Sehwag,0,4,4,,,,,,,,
434260,2009/10,2010-01-07,Shere Bangla National Stadium,1,30.8,Bangladesh,India,Imrul Kayes,Raqibul Hasan,V Sehwag,0,0,,,,,,,,,
434260,2009/10,2010-01-07,Shere Bangla National Stadium,1,31.1,Bangladesh,India,Raqibul Hasan,Imrul Kayes,Z Khan,1,0,,,,,,,,,
434260,2009/10,2010-01-07,Shere Bangla National Stadium,1,31.2,Bangladesh,India,Imrul Kayes,Raqibul Hasan,Z Khan,2,0,,,,,,,,,
434260,2009/10,2010-01-07,Shere Bangla National Stadium,1,31.3,Bangladesh,India,Imrul Kayes,Raqibul Hasan,Z Khan,0,0,,,,,,,,,
434260,2009/10,2010-01-07,Shere Bangla National Stadium,1,31.4,Bangladesh,India,Imrul Kayes,Raqibul Hasan,Z Khan,1,0,,,,,,,,,
434260,2009/10,2010-01-07,Shere Bangla National Stadium,1,31.5,Bangladesh,India,Raqibul Hasan,Imrul Kayes,Z Khan,0,1,1,,,,,,,,
434260,2009/10,2010-01-07,Shere Bangla National Stadium,1,31.6,Bangladesh,India,Raqibul Hasan,Imrul Kayes,Z Khan,0,0,,,,,,,,,
434260,2009/10,2010-01-07,Shere Bangla National Stadium,1,31.7,Bangladesh,India,Raqibul Hasan,Imrul Kayes,Z Khan,1,0,,,,,,,,,
434260,2009/10,2010-01-07,Shere Bangla National Stadium,1,32.1,Bangladesh,India,Raqibul Hasan,Imrul Kayes,A Nehra,0,0,,,,,,,,,
434260,2009/10,2010-01-07,Shere Bangla National Stadium,1,32.2,Bangladesh,India,Raqibul Hasan,Imrul Kayes,A Nehra,0,0,,,,,,,,,
434260,2009/10,2010-01-07,Shere Bangla National Stadium,1,32.3,Bangladesh,India,Raqibul Hasan,Imrul Kayes,A Nehra,6,0,,,,,,,,,
434260,2009/10,2010-01-07,Shere Bangla National Stadium,1,32.4,Bangladesh,India,Raqibul Hasan,Imrul Kayes,A Nehra,0,0,,,,,,,,,
434260,2009/10,2010-01-07,Shere Bangla National Stadium,1,32.5,Bangladesh,India,Raqibul Hasan,Imrul Kayes,A Nehra,0,1,1,,,,,,,,
434260,2009/10,2010-01-07,Shere Bangla National Stadium,1,32.6,Bangladesh,India,Raqibul Hasan,Imrul Kayes,A Nehra,0,0,,,,,,,,,
434260,2009/10,2010-01-07,Shere Bangla National Stadium,1,32.7,Bangladesh,India,Raqibul Hasan,Imrul Kayes,A Nehra,1,0,,,,,,,,,
434260,2009/10,2010-01-07,Shere Bangla National Stadium,1,33.1,Bangladesh,India,Raqibul Hasan,Imrul Kayes,Z Khan,0,0,,,,,,,,,
434260,2009/10,2010-01-07,Shere Bangla National Stadium,1,33.2,Bangladesh,India,Raqibul Hasan,Imrul Kayes,Z Khan,0,1,1,,,,,,,,
434260,2009/10,2010-01-07,Shere Bangla National Stadium,1,33.3,Bangladesh,India,Raqibul Hasan,Imrul Kayes,Z Khan,0,0,,,,,,,,,
434260,2009/10,2010-01-07,Shere Bangla National Stadium,1,33.4,Bangladesh,India,Raqibul Hasan,Imrul Kayes,Z Khan,0,0,,,,,,,,,
434260,2009/10,2010-01-07,Shere Bangla National Stadium,1,33.5,Bangladesh,India,Raqibul Hasan,Imrul Kayes,Z Khan,0,0,,,,,,,,,
434260,2009/10,2010-01-07,Shere Bangla National Stadium,1,33.6,Bangladesh,India,Raqibul Hasan,Imrul Kayes,Z Khan,0,0,,,,,,,,,
434260,2009/10,2010-01-07,Shere Bangla National Stadium,1,33.7,Bangladesh,India,Raqibul Hasan,Imrul Kayes,Z Khan,0,0,,,,,,,,,
434260,2009/10,2010-01-07,Shere Bangla National Stadium,1,34.1,Bangladesh,India,Imrul Kayes,Raqibul Hasan,A Nehra,0,0,,,,,,caught,Imrul Kayes,,
434260,2009/10,2010-01-07,Shere Bangla National Stadium,1,34.2,Bangladesh,India,Raqibul Hasan,Mushfiqur Rahim,A Nehra,0,0,,,,,,,,,
434260,2009/10,2010-01-07,Shere Bangla National Stadium,1,34.3,Bangladesh,India,Raqibul Hasan,Mushfiqur Rahim,A Nehra,0,1,1,,,,,,,,
434260,2009/10,2010-01-07,Shere Bangla National Stadium,1,34.4,Bangladesh,India,Raqibul Hasan,Mushfiqur Rahim,A Nehra,0,2,,,,2,,,,,
434260,2009/10,2010-01-07,Shere Bangla National Stadium,1,34.5,Bangladesh,India,Raqibul Hasan,Mushfiqur Rahim,A Nehra,1,0,,,,,,,,,
434260,2009/10,2010-01-07,Shere Bangla National Stadium,1,34.6,Bangladesh,India,Mushfiqur Rahim,Raqibul Hasan,A Nehra,0,0,,,,,,,,,
434260,2009/10,2010-01-07,Shere Bangla National Stadium,1,34.7,Bangladesh,India,Mushfiqur Rahim,Raqibul Hasan,A Nehra,0,1,,1,,,,,,,
434260,2009/10,2010-01-07,Shere Bangla National Stadium,1,34.8,Bangladesh,India,Mushfiqur Rahim,Raqibul Hasan,A Nehra,2,0,,,,,,,,,
434260,2009/10,2010-01-07,Shere Bangla National Stadium,1,35.1,Bangladesh,India,Raqibul Hasan,Mushfiqur Rahim,Yuvraj Singh,1,0,,,,,,,,,
434260,2009/10,2010-01-07,Shere Bangla National Stadium,1,35.2,Bangladesh,India,Mushfiqur Rahim,Raqibul Hasan,Yuvraj Singh,1,0,,,,,,,,,
434260,2009/10,2010-01-07,Shere Bangla National Stadium,1,35.3,Bangladesh,India,Raqibul Hasan,Mushfiqur Rahim,Yuvraj Singh,1,0,,,,,,,,,
434260,2009/10,2010-01-07,Shere Bangla National Stadium,1,35.4,Bangladesh,India,Mushfiqur Rahim,Raqibul Hasan,Yuvraj Singh,0,0,,,,,,,,,
434260,2009/10,2010-01-07,Shere Bangla National Stadium,1,35.5,Bangladesh,India,Mushfiqur Rahim,Raqibul Hasan,Yuvraj Singh,0,0,,,,,,,,,
434260,2009/10,2010-01-07,Shere Bangla National Stadium,1,35.6,Bangladesh,India,Mushfiqur Rahim,Raqibul Hasan,Yuvraj Singh,1,0,,,,,,,,,
434260,2009/10,2010-01-07,Shere Bangla National Stadium,1,36.1,Bangladesh,India,Mushfiqur Rahim,Raqibul Hasan,Z Khan,0,0,,,,,,,,,
434260,2009/10,2010-01-07,Shere Bangla National Stadium,1,36.2,Bangladesh,India,Mushfiqur Rahim,Raqibul Hasan,Z Khan,1,0,,,,,,,,,
434260,2009/10,2010-01-07,Shere Bangla National Stadium,1,36.3,Bangladesh,India,Raqibul Hasan,Mushfiqur Rahim,Z Khan,2,0,,,,,,,,,
434260,2009/10,2010-01-07,Shere Bangla National Stadium,1,36.4,Bangladesh,India,Raqibul Hasan,Mushfiqur Rahim,Z Khan,2,0,,,,,,,,,
434260,2009/10,2010-01-07,Shere Bangla National Stadium,1,36.5,Bangladesh,India,Raqibul Hasan,Mushfiqur Rahim,Z Khan,0,0,,,,,,,,,
434260,2009/10,2010-01-07,Shere Bangla National Stadium,1,36.6,Bangladesh,India,Raqibul Hasan,Mushfiqur Rahim,Z Khan,0,0,,,,,,,,,
434260,2009/10,2010-01-07,Shere Bangla National Stadium,1,37.1,Bangladesh,India,Mushfiqur Rahim,Raqibul Hasan,Yuvraj Singh,0,0,,,,,,,,,
434260,2009/10,2010-01-07,Shere Bangla National Stadium,1,37.2,Bangladesh,India,Mushfiqur Rahim,Raqibul Hasan,Yuvraj Singh,1,0,,,,,,,,,
434260,2009/10,2010-01-07,Shere Bangla National Stadium,1,37.3,Bangladesh,India,Raqibul Hasan,Mushfiqur Rahim,Yuvraj Singh,0,0,,,,,,,,,
434260,2009/10,2010-01-07,Shere Bangla National Stadium,1,37.4,Bangladesh,India,Raqibul Hasan,Mushfiqur Rahim,Yuvraj Singh,1,0,,,,,,,,,
434260,2009/10,2010-01-07,Shere Bangla National Stadium,1,37.5,Bangladesh,India,Mushfiqur Rahim,Raqibul Hasan,Yuvraj Singh,0,0,,,,,,,,,
434260,2009/10,2010-01-07,Shere Bangla National Stadium,1,37.6,Bangladesh,India,Mushfiqur Rahim,Raqibul Hasan,Yuvraj Singh,0,0,,,,,,caught,Mushfiqur Rahim,,
434260,2009/10,2010-01-07,Shere Bangla National Stadium,1,38.1,Bangladesh,India,Raqibul Hasan,Mahmudullah,RA Jadeja,1,0,,,,,,,,,
434260,2009/10,2010-01-07,Shere Bangla National Stadium,1,38.2,Bangladesh,India,Mahmudullah,Raqibul Hasan,RA Jadeja,0,0,,,,,,,,,
434260,2009/10,2010-01-07,Shere Bangla National Stadium,1,38.3,Bangladesh,India,Mahmudullah,Raqibul Hasan,RA Jadeja,0,0,,,,,,,,,
434260,2009/10,2010-01-07,Shere Bangla National Stadium,1,38.4,Bangladesh,India,Mahmudullah,Raqibul Hasan,RA Jadeja,0,0,,,,,,,,,
434260,2009/10,2010-01-07,Shere Bangla National Stadium,1,38.5,Bangladesh,India,Mahmudullah,Raqibul Hasan,RA Jadeja,0,0,,,,,,,,,
434260,2009/10,2010-01-07,Shere Bangla National Stadium,1,38.6,Bangladesh,India,Mahmudullah,Raqibul Hasan,RA Jadeja,0,0,,,,,,,,,
434260,2009/10,2010-01-07,Shere Bangla National Stadium,1,39.1,Bangladesh,India,Raqibul Hasan,Mahmudullah,Yuvraj Singh,1,0,,,,,,,,,
434260,2009/10,2010-01-07,Shere Bangla National Stadium,1,39.2,Bangladesh,India,Mahmudullah,Raqibul Hasan,Yuvraj Singh,0,0,,,,,,,,,
434260,2009/10,2010-01-07,Shere Bangla National Stadium,1,39.3,Bangladesh,India,Mahmudullah,Raqibul Hasan,Yuvraj Singh,0,0,,,,,,,,,
434260,2009/10,2010-01-07,Shere Bangla National Stadium,1,39.4,Bangladesh,India,Mahmudullah,Raqibul Hasan,Yuvraj Singh,0,0,,,,,,,,,
434260,2009/10,2010-01-07,Shere Bangla National Stadium,1,39.5,Bangladesh,India,Mahmudullah,Raqibul Hasan,Yuvraj Singh,0,0,,,,,,,,,
434260,2009/10,2010-01-07,Shere Bangla National Stadium,1,39.6,Bangladesh,India,Mahmudullah,Raqibul Hasan,Yuvraj Singh,0,0,,,,,,,,,
434260,2009/10,2010-01-07,Shere Bangla National Stadium,1,40.1,Bangladesh,India,Raqibul Hasan,Mahmudullah,RA Jadeja,1,0,,,,,,,,,
434260,2009/10,2010-01-07,Shere Bangla National Stadium,1,40.2,Bangladesh,India,Mahmudullah,Raqibul Hasan,RA Jadeja,0,0,,,,,,,,,
434260,2009/10,2010-01-07,Shere Bangla National Stadium,1,40.3,Bangladesh,India,Mahmudullah,Raqibul Hasan,RA Jadeja,2,0,,,,,,,,,
434260,2009/10,2010-01-07,Shere Bangla National Stadium,1,40.4,Bangladesh,India,Mahmudullah,Raqibul Hasan,RA Jadeja,0,0,,,,,,,,,
434260,2009/10,2010-01-07,Shere Bangla National Stadium,1,40.5,Bangladesh,India,Mahmudullah,Raqibul Hasan,RA Jadeja,2,0,,,,,,,,,
434260,2009/10,2010-01-07,Shere Bangla National Stadium,1,40.6,Bangladesh,India,Mahmudullah,Raqibul Hasan,RA Jadeja,1,0,,,,,,,,,
434260,2009/10,2010-01-07,Shere Bangla National Stadium,1,41.1,Bangladesh,India,Mahmudullah,Raqibul Hasan,Yuvraj Singh,2,0,,,,,,,,,
434260,2009/10,2010-01-07,Shere Bangla National Stadium,1,41.2,Bangladesh,India,Mahmudullah,Raqibul Hasan,Yuvraj Singh,4,0,,,,,,,,,
434260,2009/10,2010-01-07,Shere Bangla National Stadium,1,41.3,Bangladesh,India,Mahmudullah,Raqibul Hasan,Yuvraj Singh,2,0,,,,,,,,,
434260,2009/10,2010-01-07,Shere Bangla National Stadium,1,41.4,Bangladesh,India,Mahmudullah,Raqibul Hasan,Yuvraj Singh,1,0,,,,,,,,,
434260,2009/10,2010-01-07,Shere Bangla National Stadium,1,41.5,Bangladesh,India,Raqibul Hasan,Mahmudullah,Yuvraj Singh,1,0,,,,,,,,,
434260,2009/10,2010-01-07,Shere Bangla National Stadium,1,41.6,Bangladesh,India,Mahmudullah,Raqibul Hasan,Yuvraj Singh,0,0,,,,,,,,,
434260,2009/10,2010-01-07,Shere Bangla National Stadium,1,42.1,Bangladesh,India,Raqibul Hasan,Mahmudullah,Harbhajan Singh,1,0,,,,,,,,,
434260,2009/10,2010-01-07,Shere Bangla National Stadium,1,42.2,Bangladesh,India,Mahmudullah,Raqibul Hasan,Harbhajan Singh,0,0,,,,,,,,,
434260,2009/10,2010-01-07,Shere Bangla National Stadium,1,42.3,Bangladesh,India,Mahmudullah,Raqibul Hasan,Harbhajan Singh,1,0,,,,,,,,,
434260,2009/10,2010-01-07,Shere Bangla National Stadium,1,42.4,Bangladesh,India,Raqibul Hasan,Mahmudullah,Harbhajan Singh,1,0,,,,,,,,,
434260,2009/10,2010-01-07,Shere Bangla National Stadium,1,42.5,Bangladesh,India,Mahmudullah,Raqibul Hasan,Harbhajan Singh,0,0,,,,,,,,,
434260,2009/10,2010-01-07,Shere Bangla National Stadium,1,42.6,Bangladesh,India,Mahmudullah,Raqibul Hasan,Harbhajan Singh,2,0,,,,,,,,,
434260,2009/10,2010-01-07,Shere Bangla National Stadium,1,43.1,Bangladesh,India,Raqibul Hasan,Mahmudullah,S Sreesanth,0,0,,,,,,,,,
434260,2009/10,2010-01-07,Shere Bangla National Stadium,1,43.2,Bangladesh,India,Raqibul Hasan,Mahmudullah,S Sreesanth,0,0,,,,,,,,,
434260,2009/10,2010-01-07,Shere Bangla National Stadium,1,43.3,Bangladesh,India,Raqibul Hasan,Mahmudullah,S Sreesanth,3,0,,,,,,,,,
434260,2009/10,2010-01-07,Shere Bangla National Stadium,1,43.4,Bangladesh,India,Mahmudullah,Raqibul Hasan,S Sreesanth,1,0,,,,,,,,,
434260,2009/10,2010-01-07,Shere Bangla National Stadium,1,43.5,Bangladesh,India,Raqibul Hasan,Mahmudullah,S Sreesanth,0,0,,,,,,,,,
434260,2009/10,2010-01-07,Shere Bangla National Stadium,1,43.6,Bangladesh,India,Raqibul Hasan,Mahmudullah,S Sreesanth,4,0,,,,,,,,,
434260,2009/10,2010-01-07,Shere Bangla National Stadium,1,44.1,Bangladesh,India,Mahmudullah,Raqibul Hasan,Harbhajan Singh,1,0,,,,,,,,,
434260,2009/10,2010-01-07,Shere Bangla National Stadium,1,44.2,Bangladesh,India,Raqibul Hasan,Mahmudullah,Harbhajan Singh,0,0,,,,,,bowled,Raqibul Hasan,,
434260,2009/10,2010-01-07,Shere Bangla National Stadium,1,44.3,Bangladesh,India,Naeem Islam,Mahmudullah,Harbhajan Singh,1,0,,,,,,,,,
434260,2009/10,2010-01-07,Shere Bangla National Stadium,1,44.4,Bangladesh,India,Mahmudullah,Naeem Islam,Harbhajan Singh,1,0,,,,,,,,,
434260,2009/10,2010-01-07,Shere Bangla National Stadium,1,44.5,Bangladesh,India,Naeem Islam,Mahmudullah,Harbhajan Singh,2,0,,,,,,,,,
434260,2009/10,2010-01-07,Shere Bangla National Stadium,1,44.6,Bangladesh,India,Naeem Islam,Mahmudullah,Harbhajan Singh,0,0,,,,,,,,,
434260,2009/10,2010-01-07,Shere Bangla National Stadium,1,45.1,Bangladesh,India,Mahmudullah,Naeem Islam,RA Jadeja,1,0,,,,,,,,,
434260,2009/10,2010-01-07,Shere Bangla National Stadium,1,45.2,Bangladesh,India,Naeem Islam,Mahmudullah,RA Jadeja,1,0,,,,,,,,,
434260,2009/10,2010-01-07,Shere Bangla National Stadium,1,45.3,Bangladesh,India,Mahmudullah,Naeem Islam,RA Jadeja,1,0,,,,,,,,,
434260,2009/10,2010-01-07,Shere Bangla National Stadium,1,45.4,Bangladesh,India,Naeem Islam,Mahmudullah,RA Jadeja,1,0,,,,,,,,,
434260,2009/10,2010-01-07,Shere Bangla National Stadium,1,45.5,Bangladesh,India,Mahmudullah,Naeem Islam,RA Jadeja,4,0,,,,,,,,,
434260,2009/10,2010-01-07,Shere Bangla National Stadium,1,45.6,Bangladesh,India,Mahmudullah,Naeem Islam,RA Jadeja,4,0,,,,,,,,,
434260,2009/10,2010-01-07,Shere Bangla National Stadium,1,46.1,Bangladesh,India,Naeem Islam,Mahmudullah,Z Khan,1,0,,,,,,,,,
434260,2009/10,2010-01-07,Shere Bangla National Stadium,1,46.2,Bangladesh,India,Mahmudullah,Naeem Islam,Z Khan,2,0,,,,,,,,,
434260,2009/10,2010-01-07,Shere Bangla National Stadium,1,46.3,Bangladesh,India,Mahmudullah,Naeem Islam,Z Khan,4,0,,,,,,,,,
434260,2009/10,2010-01-07,Shere Bangla National Stadium,1,46.4,Bangladesh,India,Mahmudullah,Naeem Islam,Z Khan,1,0,,,,,,,,,
434260,2009/10,2010-01-07,Shere Bangla National Stadium,1,46.5,Bangladesh,India,Naeem Islam,Mahmudullah,Z Khan,2,0,,,,,,,,,
434260,2009/10,2010-01-07,Shere Bangla National Stadium,1,46.6,Bangladesh,India,Naeem Islam,Mahmudullah,Z Khan,2,0,,,,,,,,,
434260,2009/10,2010-01-07,Shere Bangla National Stadium,1,47.1,Bangladesh,India,Mahmudullah,Naeem Islam,Harbhajan Singh,0,2,2,,,,,,,,
434260,2009/10,2010-01-07,Shere Bangla National Stadium,1,47.2,Bangladesh,India,Naeem Islam,Mahmudullah,Harbhajan Singh,1,0,,,,,,,,,
434260,2009/10,2010-01-07,Shere Bangla National Stadium,1,47.3,Bangladesh,India,Mahmudullah,Naeem Islam,Harbhajan Singh,1,0,,,,,,,,,
434260,2009/10,2010-01-07,Shere Bangla National Stadium,1,47.4,Bangladesh,India,Naeem Islam,Mahmudullah,Harbhajan Singh,1,0,,,,,,,,,
434260,2009/10,2010-01-07,Shere Bangla National Stadium,1,47.5,Bangladesh,India,Mahmudullah,Naeem Islam,Harbhajan Singh,1,0,,,,,,,,,
434260,2009/10,2010-01-07,Shere Bangla National Stadium,1,47.6,Bangladesh,India,Naeem Islam,Mahmudullah,Harbhajan Singh,0,0,,,,,,,,,
434260,2009/10,2010-01-07,Shere Bangla National Stadium,1,47.7,Bangladesh,India,Naeem Islam,Mahmudullah,Harbhajan Singh,1,0,,,,,,,,,
434260,2009/10,2010-01-07,Shere Bangla National Stadium,1,48.1,Bangladesh,India,Naeem Islam,Mahmudullah,A Nehra,1,0,,,,,,,,,
434260,2009/10,2010-01-07,Shere Bangla National Stadium,1,48.2,Bangladesh,India,Mahmudullah,Naeem Islam,A Nehra,4,0,,,,,,,,,
434260,2009/10,2010-01-07,Shere Bangla National Stadium,1,48.3,Bangladesh,India,Mahmudullah,Naeem Islam,A Nehra,2,0,,,,,,,,,
434260,2009/10,2010-01-07,Shere Bangla National Stadium,1,48.4,Bangladesh,India,Mahmudullah,Naeem Islam,A Nehra,1,0,,,,,,,,,
434260,2009/10,2010-01-07,Shere Bangla National Stadium,1,48.5,Bangladesh,India,Naeem Islam,Mahmudullah,A Nehra,0,0,,,,,,,,,
434260,2009/10,2010-01-07,Shere Bangla National Stadium,1,48.6,Bangladesh,India,Naeem Islam,Mahmudullah,A Nehra,0,0,,,,,,,,,
434260,2009/10,2010-01-07,Shere Bangla National Stadium,1,49.1,Bangladesh,India,Mahmudullah,Naeem Islam,S Sreesanth,4,0,,,,,,,,,
434260,2009/10,2010-01-07,Shere Bangla National Stadium,1,49.2,Bangladesh,India,Mahmudullah,Naeem Islam,S Sreesanth,4,0,,,,,,,,,
434260,2009/10,2010-01-07,Shere Bangla National Stadium,1,49.3,Bangladesh,India,Mahmudullah,Naeem Islam,S Sreesanth,4,0,,,,,,,,,
434260,2009/10,2010-01-07,Shere Bangla National Stadium,1,49.4,Bangladesh,India,Mahmudullah,Naeem Islam,S Sreesanth,0,0,,,,,,,,,
434260,2009/10,2010-01-07,Shere Bangla National Stadium,1,49.5,Bangladesh,India,Mahmudullah,Naeem Islam,S Sreesanth,2,0,,,,,,,,,
434260,2009/10,2010-01-07,Shere Bangla National Stadium,1,49.6,Bangladesh,India,Mahmudullah,Naeem Islam,S Sreesanth,0,1,,,,1,,,,,
434260,2009/10,2010-01-07,Shere Bangla National Stadium,2,0.1,India,Bangladesh,G Gambhir,V Sehwag,Syed Rasel,0,0,,,,,,,,,
434260,2009/10,2010-01-07,Shere Bangla National Stadium,2,0.2,India,Bangladesh,G Gambhir,V Sehwag,Syed Rasel,4,0,,,,,,,,,
434260,2009/10,2010-01-07,Shere Bangla National Stadium,2,0.3,India,Bangladesh,G Gambhir,V Sehwag,Syed Rasel,0,0,,,,,,,,,
434260,2009/10,2010-01-07,Shere Bangla National Stadium,2,0.4,India,Bangladesh,G Gambhir,V Sehwag,Syed Rasel,0,0,,,,,,,,,
434260,2009/10,2010-01-07,Shere Bangla National Stadium,2,0.5,India,Bangladesh,G Gambhir,V Sehwag,Syed Rasel,0,0,,,,,,,,,
434260,2009/10,2010-01-07,Shere Bangla National Stadium,2,0.6,India,Bangladesh,G Gambhir,V Sehwag,Syed Rasel,0,1,,1,,,,,,,
434260,2009/10,2010-01-07,Shere Bangla National Stadium,2,0.7,India,Bangladesh,G Gambhir,V Sehwag,Syed Rasel,1,1,,1,,,,,,,
434260,2009/10,2010-01-07,Shere Bangla National Stadium,2,0.8,India,Bangladesh,V Sehwag,G Gambhir,Syed Rasel,2,0,,,,,,,,,
434260,2009/10,2010-01-07,Shere Bangla National Stadium,2,1.1,India,Bangladesh,G Gambhir,V Sehwag,Abdur Razzak,1,0,,,,,,,,,
434260,2009/10,2010-01-07,Shere Bangla National Stadium,2,1.2,India,Bangladesh,V Sehwag,G Gambhir,Abdur Razzak,0,0,,,,,,,,,
434260,2009/10,2010-01-07,Shere Bangla National Stadium,2,1.3,India,Bangladesh,V Sehwag,G Gambhir,Abdur Razzak,1,0,,,,,,,,,
434260,2009/10,2010-01-07,Shere Bangla National Stadium,2,1.4,India,Bangladesh,G Gambhir,V Sehwag,Abdur Razzak,0,1,1,,,,,,,,
434260,2009/10,2010-01-07,Shere Bangla National Stadium,2,1.5,India,Bangladesh,G Gambhir,V Sehwag,Abdur Razzak,2,0,,,,,,,,,
434260,2009/10,2010-01-07,Shere Bangla National Stadium,2,1.6,India,Bangladesh,G Gambhir,V Sehwag,Abdur Razzak,1,0,,,,,,,,,
434260,2009/10,2010-01-07,Shere Bangla National Stadium,2,1.7,India,Bangladesh,V Sehwag,G Gambhir,Abdur Razzak,1,0,,,,,,,,,
434260,2009/10,2010-01-07,Shere Bangla National Stadium,2,2.1,India,Bangladesh,V Sehwag,G Gambhir,Syed Rasel,4,0,,,,,,,,,
434260,2009/10,2010-01-07,Shere Bangla National Stadium,2,2.2,India,Bangladesh,V Sehwag,G Gambhir,Syed Rasel,4,0,,,,,,,,,
434260,2009/10,2010-01-07,Shere Bangla National Stadium,2,2.3,India,Bangladesh,V Sehwag,G Gambhir,Syed Rasel,0,1,1,,,,,,,,
434260,2009/10,2010-01-07,Shere Bangla National Stadium,2,2.4,India,Bangladesh,V Sehwag,G Gambhir,Syed Rasel,1,0,,,,,,,,,
434260,2009/10,2010-01-07,Shere Bangla National Stadium,2,2.5,India,Bangladesh,G Gambhir,V Sehwag,Syed Rasel,0,0,,,,,,,,,
434260,2009/10,2010-01-07,Shere Bangla National Stadium,2,2.6,India,Bangladesh,G Gambhir,V Sehwag,Syed Rasel,0,0,,,,,,,,,
434260,2009/10,2010-01-07,Shere Bangla National Stadium,2,2.7,India,Bangladesh,G Gambhir,V Sehwag,Syed Rasel,2,0,,,,,,,,,
434260,2009/10,2010-01-07,Shere Bangla National Stadium,2,3.1,India,Bangladesh,V Sehwag,G Gambhir,Abdur Razzak,0,0,,,,,,run out,V Sehwag,,
434260,2009/10,2010-01-07,Shere Bangla National Stadium,2,3.2,India,Bangladesh,G Gambhir,V Kohli,Abdur Razzak,0,0,,,,,,,,,
434260,2009/10,2010-01-07,Shere Bangla National Stadium,2,3.3,India,Bangladesh,G Gambhir,V Kohli,Abdur Razzak,0,0,,,,,,,,,
434260,2009/10,2010-01-07,Shere Bangla National Stadium,2,3.4,India,Bangladesh,G Gambhir,V Kohli,Abdur Razzak,1,0,,,,,,,,,
434260,2009/10,2010-01-07,Shere Bangla National Stadium,2,3.5,India,Bangladesh,V Kohli,G Gambhir,Abdur Razzak,0,1,,,,1,,,,,
434260,2009/10,2010-01-07,Shere Bangla National Stadium,2,3.6,India,Bangladesh,G Gambhir,V Kohli,Abdur Razzak,0,0,,,,,,,,,
434260,2009/10,2010-01-07,Shere Bangla National Stadium,2,4.1,India,Bangladesh,V Kohli,G Gambhir,Syed Rasel,0,0,,,,,,,,,
434260,2009/10,2010-01-07,Shere Bangla National Stadium,2,4.2,India,Bangladesh,V Kohli,G Gambhir,Syed Rasel,0,0,,,,,,,,,
434260,2009/10,2010-01-07,Shere Bangla National Stadium,2,4.3,India,Bangladesh,V Kohli,G Gambhir,Syed Rasel,0,0,,,,,,,,,
434260,2009/10,2010-01-07,Shere Bangla National Stadium,2,4.4,India,Bangladesh,V Kohli,G Gambhir,Syed Rasel,0,0,,,,,,,,,
434260,2009/10,2010-01-07,Shere Bangla National Stadium,2,4.5,India,Bangladesh,V Kohli,G Gambhir,Syed Rasel,1,0,,,,,,,,,
434260,2009/10,2010-01-07,Shere Bangla National Stadium,2,4.6,India,Bangladesh,G Gambhir,V Kohli,Syed Rasel,0,0,,,,,,,,,
434260,2009/10,2010-01-07,Shere Bangla National Stadium,2,5.1,India,Bangladesh,V Kohli,G Gambhir,Abdur Razzak,4,0,,,,,,,,,
434260,2009/10,2010-01-07,Shere Bangla National Stadium,2,5.2,India,Bangladesh,V Kohli,G Gambhir,Abdur Razzak,1,0,,,,,,,,,
434260,2009/10,2010-01-07,Shere Bangla National Stadium,2,5.3,India,Bangladesh,G Gambhir,V Kohli,Abdur Razzak,4,0,,,,,,,,,
434260,2009/10,2010-01-07,Shere Bangla National Stadium,2,5.4,India,Bangladesh,G Gambhir,V Kohli,Abdur Razzak,1,0,,,,,,,,,
434260,2009/10,2010-01-07,Shere Bangla National Stadium,2,5.5,India,Bangladesh,V Kohli,G Gambhir,Abdur Razzak,4,0,,,,,,,,,
434260,2009/10,2010-01-07,Shere Bangla National Stadium,2,5.6,India,Bangladesh,V Kohli,G Gambhir,Abdur Razzak,1,0,,,,,,,,,
434260,2009/10,2010-01-07,Shere Bangla National Stadium,2,6.1,India,Bangladesh,V Kohli,G Gambhir,Syed Rasel,0,0,,,,,,,,,
434260,2009/10,2010-01-07,Shere Bangla National Stadium,2,6.2,India,Bangladesh,V Kohli,G Gambhir,Syed Rasel,1,0,,,,,,,,,
434260,2009/10,2010-01-07,Shere Bangla National Stadium,2,6.3,India,Bangladesh,G Gambhir,V Kohli,Syed Rasel,1,0,,,,,,,,,
434260,2009/10,2010-01-07,Shere Bangla National Stadium,2,6.4,India,Bangladesh,V Kohli,G Gambhir,Syed Rasel,0,1,1,,,,,,,,
434260,2009/10,2010-01-07,Shere Bangla National Stadium,2,6.5,India,Bangladesh,V Kohli,G Gambhir,Syed Rasel,0,0,,,,,,,,,
434260,2009/10,2010-01-07,Shere Bangla National Stadium,2,6.6,India,Bangladesh,V Kohli,G Gambhir,Syed Rasel,0,0,,,,,,,,,
434260,2009/10,2010-01-07,Shere Bangla National Stadium,2,6.7,India,Bangladesh,V Kohli,G Gambhir,Syed Rasel,0,0,,,,,,,,,
434260,2009/10,2010-01-07,Shere Bangla National Stadium,2,7.1,India,Bangladesh,G Gambhir,V Kohli,Rubel Hossain,0,0,,,,,,,,,
434260,2009/10,2010-01-07,Shere Bangla National Stadium,2,7.2,India,Bangladesh,G Gambhir,V Kohli,Rubel Hossain,0,0,,,,,,,,,
434260,2009/10,2010-01-07,Shere Bangla National Stadium,2,7.3,India,Bangladesh,G Gambhir,V Kohli,Rubel Hossain,0,0,,,,,,bowled,G Gambhir,,
434260,2009/10,2010-01-07,Shere Bangla National Stadium,2,7.4,India,Bangladesh,Yuvraj Singh,V Kohli,Rubel Hossain,0,1,1,,,,,,,,
434260,2009/10,2010-01-07,Shere Bangla National Stadium,2,7.5,India,Bangladesh,Yuvraj Singh,V Kohli,Rubel Hossain,0,0,,,,,,,,,
434260,2009/10,2010-01-07,Shere Bangla National Stadium,2,7.6,India,Bangladesh,Yuvraj Singh,V Kohli,Rubel Hossain,0,0,,,,,,,,,
434260,2009/10,2010-01-07,Shere Bangla National Stadium,2,7.7,India,Bangladesh,Yuvraj Singh,V Kohli,Rubel Hossain,1,0,,,,,,,,,
434260,2009/10,2010-01-07,Shere Bangla National Stadium,2,8.1,India,Bangladesh,Yuvraj Singh,V Kohli,Syed Rasel,0,0,,,,,,bowled,Yuvraj Singh,,
434260,2009/10,2010-01-07,Shere Bangla National Stadium,2,8.2,India,Bangladesh,MS Dhoni,V Kohli,Syed Rasel,0,0,,,,,,,,,
434260,2009/10,2010-01-07,Shere Bangla National Stadium,2,8.3,India,Bangladesh,MS Dhoni,V Kohli,Syed Rasel,0,0,,,,,,,,,
434260,2009/10,2010-01-07,Shere Bangla National Stadium,2,8.4,India,Bangladesh,MS Dhoni,V Kohli,Syed Rasel,0,0,,,,,,,,,
434260,2009/10,2010-01-07,Shere Bangla National Stadium,2,8.5,India,Bangladesh,MS Dhoni,V Kohli,Syed Rasel,0,0,,,,,,,,,
434260,2009/10,2010-01-07,Shere Bangla National Stadium,2,8.6,India,Bangladesh,MS Dhoni,V Kohli,Syed Rasel,1,0,,,,,,,,,
434260,2009/10,2010-01-07,Shere Bangla National Stadium,2,9.1,India,Bangladesh,MS Dhoni,V Kohli,Rubel Hossain,0,0,,,,,,,,,
434260,2009/10,2010-01-07,Shere Bangla National Stadium,2,9.2,India,Bangladesh,MS Dhoni,V Kohli,Rubel Hossain,0,1,,1,,,,,,,
434260,2009/10,2010-01-07,Shere Bangla National Stadium,2,9.3,India,Bangladesh,MS Dhoni,V Kohli,Rubel Hossain,1,0,,,,,,,,,
434260,2009/10,2010-01-07,Shere Bangla National Stadium,2,9.4,India,Bangladesh,V Kohli,MS Dhoni,Rubel Hossain,4,0,,,,,,,,,
434260,2009/10,2010-01-07,Shere Bangla National Stadium,2,9.5,India,Bangladesh,V Kohli,MS Dhoni,Rubel Hossain,0,0,,,,,,,,,
434260,2009/10,2010-01-07,Shere Bangla National Stadium,2,9.6,India,Bangladesh,V Kohli,MS Dhoni,Rubel Hossain,0,0,,,,,,,,,
434260,2009/10,2010-01-07,Shere Bangla National Stadium,2,9.7,India,Bangladesh,V Kohli,MS Dhoni,Rubel Hossain,0,0,,,,,,,,,
434260,2009/10,2010-01-07,Shere Bangla National Stadium,2,10.1,India,Bangladesh,MS Dhoni,V Kohli,Syed Rasel,0,0,,,,,,,,,
434260,2009/10,2010-01-07,Shere Bangla National Stadium,2,10.2,India,Bangladesh,MS Dhoni,V Kohli,Syed Rasel,0,0,,,,,,,,,
434260,2009/10,2010-01-07,Shere Bangla National Stadium,2,10.3,India,Bangladesh,MS Dhoni,V Kohli,Syed Rasel,0,0,,,,,,,,,
434260,2009/10,2010-01-07,Shere Bangla National Stadium,2,10.4,India,Bangladesh,MS Dhoni,V Kohli,Syed Rasel,0,0,,,,,,,,,
434260,2009/10,2010-01-07,Shere Bangla National Stadium,2,10.5,India,Bangladesh,MS Dhoni,V Kohli,Syed Rasel,0,0,,,,,,,,,
434260,2009/10,2010-01-07,Shere Bangla National Stadium,2,10.6,India,Bangladesh,MS Dhoni,V Kohli,Syed Rasel,2,0,,,,,,,,,
434260,2009/10,2010-01-07,Shere Bangla National Stadium,2,11.1,India,Bangladesh,V Kohli,MS Dhoni,Rubel Hossain,0,0,,,,,,,,,
434260,2009/10,2010-01-07,Shere Bangla National Stadium,2,11.2,India,Bangladesh,V Kohli,MS Dhoni,Rubel Hossain,0,0,,,,,,,,,
434260,2009/10,2010-01-07,Shere Bangla National Stadium,2,11.3,India,Bangladesh,V Kohli,MS Dhoni,Rubel Hossain,0,0,,,,,,,,,
434260,2009/10,2010-01-07,Shere Bangla National Stadium,2,11.4,India,Bangladesh,V Kohli,MS Dhoni,Rubel Hossain,0,1,1,,,,,,,,
434260,2009/10,2010-01-07,Shere Bangla National Stadium,2,11.5,India,Bangladesh,V Kohli,MS Dhoni,Rubel Hossain,0,2,,,,2,,,,,
434260,2009/10,2010-01-07,Shere Bangla National Stadium,2,11.6,India,Bangladesh,V Kohli,MS Dhoni,Rubel Hossain,1,0,,,,,,,,,
434260,2009/10,2010-01-07,Shere Bangla National Stadium,2,11.7,India,Bangladesh,MS Dhoni,V Kohli,Rubel Hossain,4,0,,,,,,,,,
434260,2009/10,2010-01-07,Shere Bangla National Stadium,2,12.1,India,Bangladesh,V Kohli,MS Dhoni,Syed Rasel,0,0,,,,,,,,,
434260,2009/10,2010-01-07,Shere Bangla National Stadium,2,12.2,India,Bangladesh,V Kohli,MS Dhoni,Syed Rasel,0,0,,,,,,,,,
434260,2009/10,2010-01-07,Shere Bangla National Stadium,2,12.3,India,Bangladesh,V Kohli,MS Dhoni,Syed Rasel,2,0,,,,,,,,,
434260,2009/10,2010-01-07,Shere Bangla National Stadium,2,12.4,India,Bangladesh,V Kohli,MS Dhoni,Syed Rasel,2,0,,,,,,,,,
434260,2009/10,2010-01-07,Shere Bangla National Stadium,2,12.5,India,Bangladesh,V Kohli,MS Dhoni,Syed Rasel,0,0,,,,,,,,,
434260,2009/10,2010-01-07,Shere Bangla National Stadium,2,12.6,India,Bangladesh,V Kohli,MS Dhoni,Syed Rasel,0,0,,,,,,,,,
434260,2009/10,2010-01-07,Shere Bangla National Stadium,2,13.1,India,Bangladesh,MS Dhoni,V Kohli,Rubel Hossain,1,0,,,,,,,,,
434260,2009/10,2010-01-07,Shere Bangla National Stadium,2,13.2,India,Bangladesh,V Kohli,MS Dhoni,Rubel Hossain,1,0,,,,,,,,,
434260,2009/10,2010-01-07,Shere Bangla National Stadium,2,13.3,India,Bangladesh,MS Dhoni,V Kohli,Rubel Hossain,2,0,,,,,,,,,
434260,2009/10,2010-01-07,Shere Bangla National Stadium,2,13.4,India,Bangladesh,MS Dhoni,V Kohli,Rubel Hossain,0,0,,,,,,,,,
434260,2009/10,2010-01-07,Shere Bangla National Stadium,2,13.5,India,Bangladesh,MS Dhoni,V Kohli,Rubel Hossain,0,0,,,,,,,,,
434260,2009/10,2010-01-07,Shere Bangla National Stadium,2,13.6,India,Bangladesh,MS Dhoni,V Kohli,Rubel Hossain,0,0,,,,,,,,,
434260,2009/10,2010-01-07,Shere Bangla National Stadium,2,14.1,India,Bangladesh,V Kohli,MS Dhoni,Shakib Al Hasan,0,0,,,,,,,,,
434260,2009/10,2010-01-07,Shere Bangla National Stadium,2,14.2,India,Bangladesh,V Kohli,MS Dhoni,Shakib Al Hasan,0,0,,,,,,,,,
434260,2009/10,2010-01-07,Shere Bangla National Stadium,2,14.3,India,Bangladesh,V Kohli,MS Dhoni,Shakib Al Hasan,0,1,,,,1,,,,,
434260,2009/10,2010-01-07,Shere Bangla National Stadium,2,14.4,India,Bangladesh,MS Dhoni,V Kohli,Shakib Al Hasan,0,0,,,,,,,,,
434260,2009/10,2010-01-07,Shere Bangla National Stadium,2,14.5,India,Bangladesh,MS Dhoni,V Kohli,Shakib Al Hasan,1,0,,,,,,,,,
434260,2009/10,2010-01-07,Shere Bangla National Stadium,2,14.6,India,Bangladesh,V Kohli,MS Dhoni,Shakib Al Hasan,1,0,,,,,,,,,
434260,2009/10,2010-01-07,Shere Bangla National Stadium,2,15.1,India,Bangladesh,V Kohli,MS Dhoni,Abdur Razzak,1,0,,,,,,,,,
434260,2009/10,2010-01-07,Shere Bangla National Stadium,2,15.2,India,Bangladesh,MS Dhoni,V Kohli,Abdur Razzak,0,0,,,,,,,,,
434260,2009/10,2010-01-07,Shere Bangla National Stadium,2,15.3,India,Bangladesh,MS Dhoni,V Kohli,Abdur Razzak,0,0,,,,,,,,,
434260,2009/10,2010-01-07,Shere Bangla National Stadium,2,15.4,India,Bangladesh,MS Dhoni,V Kohli,Abdur Razzak,1,0,,,,,,,,,
434260,2009/10,2010-01-07,Shere Bangla National Stadium,2,15.5,India,Bangladesh,V Kohli,MS Dhoni,Abdur Razzak,1,0,,,,,,,,,
434260,2009/10,2010-01-07,Shere Bangla National Stadium,2,15.6,India,Bangladesh,MS Dhoni,V Kohli,Abdur Razzak,0,0,,,,,,,,,
434260,2009/10,2010-01-07,Shere Bangla National Stadium,2,16.1,India,Bangladesh,V Kohli,MS Dhoni,Shakib Al Hasan,1,0,,,,,,,,,
434260,2009/10,2010-01-07,Shere Bangla National Stadium,2,16.2,India,Bangladesh,MS Dhoni,V Kohli,Shakib Al Hasan,2,0,,,,,,,,,
434260,2009/10,2010-01-07,Shere Bangla National Stadium,2,16.3,India,Bangladesh,MS Dhoni,V Kohli,Shakib Al Hasan,0,0,,,,,,,,,
434260,2009/10,2010-01-07,Shere Bangla National Stadium,2,16.4,India,Bangladesh,MS Dhoni,V Kohli,Shakib Al Hasan,1,0,,,,,,,,,
434260,2009/10,2010-01-07,Shere Bangla National Stadium,2,16.5,India,Bangladesh,V Kohli,MS Dhoni,Shakib Al Hasan,1,0,,,,,,,,,
434260,2009/10,2010-01-07,Shere Bangla National Stadium,2,16.6,India,Bangladesh,MS Dhoni,V Kohli,Shakib Al Hasan,0,0,,,,,,,,,
434260,2009/10,2010-01-07,Shere Bangla National Stadium,2,17.1,India,Bangladesh,V Kohli,MS Dhoni,Naeem Islam,1,0,,,,,,,,,
434260,2009/10,2010-01-07,Shere Bangla National Stadium,2,17.2,India,Bangladesh,MS Dhoni,V Kohli,Naeem Islam,1,0,,,,,,,,,
434260,2009/10,2010-01-07,Shere Bangla National Stadium,2,17.3,India,Bangladesh,V Kohli,MS Dhoni,Naeem Islam,0,0,,,,,,,,,
434260,2009/10,2010-01-07,Shere Bangla National Stadium,2,17.4,India,Bangladesh,V Kohli,MS Dhoni,Naeem Islam,1,0,,,,,,,,,
434260,2009/10,2010-01-07,Shere Bangla National Stadium,2,17.5,India,Bangladesh,MS Dhoni,V Kohli,Naeem Islam,3,0,,,,,,,,,
434260,2009/10,2010-01-07,Shere Bangla National Stadium,2,17.6,India,Bangladesh,V Kohli,MS Dhoni,Naeem Islam,1,0,,,,,,,,,
434260,2009/10,2010-01-07,Shere Bangla National Stadium,2,18.1,India,Bangladesh,V Kohli,MS Dhoni,Shakib Al Hasan,0,0,,,,,,,,,
434260,2009/10,2010-01-07,Shere Bangla National Stadium,2,18.2,India,Bangladesh,V Kohli,MS Dhoni,Shakib Al Hasan,1,0,,,,,,,,,
434260,2009/10,2010-01-07,Shere Bangla National Stadium,2,18.3,India,Bangladesh,MS Dhoni,V Kohli,Shakib Al Hasan,1,0,,,,,,,,,
434260,2009/10,2010-01-07,Shere Bangla National Stadium,2,18.4,India,Bangladesh,V Kohli,MS Dhoni,Shakib Al Hasan,0,0,,,,,,,,,
434260,2009/10,2010-01-07,Shere Bangla National Stadium,2,18.5,India,Bangladesh,V Kohli,MS Dhoni,Shakib Al Hasan,2,0,,,,,,,,,
434260,2009/10,2010-01-07,Shere Bangla National Stadium,2,18.6,India,Bangladesh,V Kohli,MS Dhoni,Shakib Al Hasan,1,0,,,,,,,,,
434260,2009/10,2010-01-07,Shere Bangla National Stadium,2,19.1,India,Bangladesh,V Kohli,MS Dhoni,Naeem Islam,1,0,,,,,,,,,
434260,2009/10,2010-01-07,Shere Bangla National Stadium,2,19.2,India,Bangladesh,MS Dhoni,V Kohli,Naeem Islam,1,0,,,,,,,,,
434260,2009/10,2010-01-07,Shere Bangla National Stadium,2,19.3,India,Bangladesh,V Kohli,MS Dhoni,Naeem Islam,1,0,,,,,,,,,
434260,2009/10,2010-01-07,Shere Bangla National Stadium,2,19.4,India,Bangladesh,MS Dhoni,V Kohli,Naeem Islam,1,0,,,,,,,,,
434260,2009/10,2010-01-07,Shere Bangla National Stadium,2,19.5,India,Bangladesh,V Kohli,MS Dhoni,Naeem Islam,4,0,,,,,,,,,
434260,2009/10,2010-01-07,Shere Bangla National Stadium,2,19.6,India,Bangladesh,V Kohli,MS Dhoni,Naeem Islam,1,0,,,,,,,,,
434260,2009/10,2010-01-07,Shere Bangla National Stadium,2,20.1,India,Bangladesh,V Kohli,MS Dhoni,Shakib Al Hasan,2,0,,,,,,,,,
434260,2009/10,2010-01-07,Shere Bangla National Stadium,2,20.2,India,Bangladesh,V Kohli,MS Dhoni,Shakib Al Hasan,0,0,,,,,,,,,
434260,2009/10,2010-01-07,Shere Bangla National Stadium,2,20.3,India,Bangladesh,V Kohli,MS Dhoni,Shakib Al Hasan,1,0,,,,,,,,,
434260,2009/10,2010-01-07,Shere Bangla National Stadium,2,20.4,India,Bangladesh,MS Dhoni,V Kohli,Shakib Al Hasan,1,0,,,,,,,,,
434260,2009/10,2010-01-07,Shere Bangla National Stadium,2,20.5,India,Bangladesh,V Kohli,MS Dhoni,Shakib Al Hasan,1,0,,,,,,,,,
434260,2009/10,2010-01-07,Shere Bangla National Stadium,2,20.6,India,Bangladesh,MS Dhoni,V Kohli,Shakib Al Hasan,0,0,,,,,,,,,
434260,2009/10,2010-01-07,Shere Bangla National Stadium,2,21.1,India,Bangladesh,V Kohli,MS Dhoni,Mahmudullah,0,0,,,,,,,,,
434260,2009/10,2010-01-07,Shere Bangla National Stadium,2,21.2,India,Bangladesh,V Kohli,MS Dhoni,Mahmudullah,1,0,,,,,,,,,
434260,2009/10,2010-01-07,Shere Bangla National Stadium,2,21.3,India,Bangladesh,MS Dhoni,V Kohli,Mahmudullah,4,0,,,,,,,,,
434260,2009/10,2010-01-07,Shere Bangla National Stadium,2,21.4,India,Bangladesh,MS Dhoni,V Kohli,Mahmudullah,1,0,,,,,,,,,
434260,2009/10,2010-01-07,Shere Bangla National Stadium,2,21.5,India,Bangladesh,V Kohli,MS Dhoni,Mahmudullah,1,0,,,,,,,,,
434260,2009/10,2010-01-07,Shere Bangla National Stadium,2,21.6,India,Bangladesh,MS Dhoni,V Kohli,Mahmudullah,2,0,,,,,,,,,
434260,2009/10,2010-01-07,Shere Bangla National Stadium,2,22.1,India,Bangladesh,V Kohli,MS Dhoni,Shakib Al Hasan,0,0,,,,,,,,,
434260,2009/10,2010-01-07,Shere Bangla National Stadium,2,22.2,India,Bangladesh,V Kohli,MS Dhoni,Shakib Al Hasan,0,0,,,,,,,,,
434260,2009/10,2010-01-07,Shere Bangla National Stadium,2,22.3,India,Bangladesh,V Kohli,MS Dhoni,Shakib Al Hasan,0,0,,,,,,,,,
434260,2009/10,2010-01-07,Shere Bangla National Stadium,2,22.4,India,Bangladesh,V Kohli,MS Dhoni,Shakib Al Hasan,1,0,,,,,,,,,
434260,2009/10,2010-01-07,Shere Bangla National Stadium,2,22.5,India,Bangladesh,MS Dhoni,V Kohli,Shakib Al Hasan,1,0,,,,,,,,,
434260,2009/10,2010-01-07,Shere Bangla National Stadium,2,22.6,India,Bangladesh,V Kohli,MS Dhoni,Shakib Al Hasan,1,0,,,,,,,,,
434260,2009/10,2010-01-07,Shere Bangla National Stadium,2,23.1,India,Bangladesh,V Kohli,MS Dhoni,Mahmudullah,0,0,,,,,,,,,
434260,2009/10,2010-01-07,Shere Bangla National Stadium,2,23.2,India,Bangladesh,V Kohli,MS Dhoni,Mahmudullah,2,0,,,,,,,,,
434260,2009/10,2010-01-07,Shere Bangla National Stadium,2,23.3,India,Bangladesh,V Kohli,MS Dhoni,Mahmudullah,0,0,,,,,,,,,
434260,2009/10,2010-01-07,Shere Bangla National Stadium,2,23.4,India,Bangladesh,V Kohli,MS Dhoni,Mahmudullah,2,0,,,,,,,,,
434260,2009/10,2010-01-07,Shere Bangla National Stadium,2,23.5,India,Bangladesh,V Kohli,MS Dhoni,Mahmudullah,0,0,,,,,,,,,
434260,2009/10,2010-01-07,Shere Bangla National Stadium,2,23.6,India,Bangladesh,V Kohli,MS Dhoni,Mahmudullah,0,0,,,,,,,,,
434260,2009/10,2010-01-07,Shere Bangla National Stadium,2,24.1,India,Bangladesh,MS Dhoni,V Kohli,Shakib Al Hasan,1,0,,,,,,,,,
434260,2009/10,2010-01-07,Shere Bangla National Stadium,2,24.2,India,Bangladesh,V Kohli,MS Dhoni,Shakib Al Hasan,1,0,,,,,,,,,
434260,2009/10,2010-01-07,Shere Bangla National Stadium,2,24.3,India,Bangladesh,MS Dhoni,V Kohli,Shakib Al Hasan,0,0,,,,,,,,,
434260,2009/10,2010-01-07,Shere Bangla National Stadium,2,24.4,India,Bangladesh,MS Dhoni,V Kohli,Shakib Al Hasan,1,0,,,,,,,,,
434260,2009/10,2010-01-07,Shere Bangla National Stadium,2,24.5,India,Bangladesh,V Kohli,MS Dhoni,Shakib Al Hasan,0,0,,,,,,,,,
434260,2009/10,2010-01-07,Shere Bangla National Stadium,2,24.6,India,Bangladesh,V Kohli,MS Dhoni,Shakib Al Hasan,2,0,,,,,,,,,
434260,2009/10,2010-01-07,Shere Bangla National Stadium,2,25.1,India,Bangladesh,MS Dhoni,V Kohli,Mahmudullah,0,0,,,,,,,,,
434260,2009/10,2010-01-07,Shere Bangla National Stadium,2,25.2,India,Bangladesh,MS Dhoni,V Kohli,Mahmudullah,1,0,,,,,,,,,
434260,2009/10,2010-01-07,Shere Bangla National Stadium,2,25.3,India,Bangladesh,V Kohli,MS Dhoni,Mahmudullah,0,0,,,,,,,,,
434260,2009/10,2010-01-07,Shere Bangla National Stadium,2,25.4,India,Bangladesh,V Kohli,MS Dhoni,Mahmudullah,1,0,,,,,,,,,
434260,2009/10,2010-01-07,Shere Bangla National Stadium,2,25.5,India,Bangladesh,MS Dhoni,V Kohli,Mahmudullah,1,0,,,,,,,,,
434260,2009/10,2010-01-07,Shere Bangla National Stadium,2,25.6,India,Bangladesh,V Kohli,MS Dhoni,Mahmudullah,1,0,,,,,,,,,
434260,2009/10,2010-01-07,Shere Bangla National Stadium,2,26.1,India,Bangladesh,V Kohli,MS Dhoni,Rubel Hossain,2,0,,,,,,,,,
434260,2009/10,2010-01-07,Shere Bangla National Stadium,2,26.2,India,Bangladesh,V Kohli,MS Dhoni,Rubel Hossain,1,0,,,,,,,,,
434260,2009/10,2010-01-07,Shere Bangla National Stadium,2,26.3,India,Bangladesh,MS Dhoni,V Kohli,Rubel Hossain,4,0,,,,,,,,,
434260,2009/10,2010-01-07,Shere Bangla National Stadium,2,26.4,India,Bangladesh,MS Dhoni,V Kohli,Rubel Hossain,0,0,,,,,,,,,
434260,2009/10,2010-01-07,Shere Bangla National Stadium,2,26.5,India,Bangladesh,MS Dhoni,V Kohli,Rubel Hossain,0,0,,,,,,,,,
434260,2009/10,2010-01-07,Shere Bangla National Stadium,2,26.6,India,Bangladesh,MS Dhoni,V Kohli,Rubel Hossain,1,0,,,,,,,,,
434260,2009/10,2010-01-07,Shere Bangla National Stadium,2,27.1,India,Bangladesh,MS Dhoni,V Kohli,Mahmudullah,0,0,,,,,,,,,
434260,2009/10,2010-01-07,Shere Bangla National Stadium,2,27.2,India,Bangladesh,MS Dhoni,V Kohli,Mahmudullah,1,0,,,,,,,,,
434260,2009/10,2010-01-07,Shere Bangla National Stadium,2,27.3,India,Bangladesh,V Kohli,MS Dhoni,Mahmudullah,1,0,,,,,,,,,
434260,2009/10,2010-01-07,Shere Bangla National Stadium,2,27.4,India,Bangladesh,MS Dhoni,V Kohli,Mahmudullah,1,0,,,,,,,,,
434260,2009/10,2010-01-07,Shere Bangla National Stadium,2,27.5,India,Bangladesh,V Kohli,MS Dhoni,Mahmudullah,1,0,,,,,,,,,
434260,2009/10,2010-01-07,Shere Bangla National Stadium,2,27.6,India,Bangladesh,MS Dhoni,V Kohli,Mahmudullah,1,0,,,,,,,,,
434260,2009/10,2010-01-07,Shere Bangla National Stadium,2,28.1,India,Bangladesh,MS Dhoni,V Kohli,Rubel Hossain,0,0,,,,,,,,,
434260,2009/10,2010-01-07,Shere Bangla National Stadium,2,28.2,India,Bangladesh,MS Dhoni,V Kohli,Rubel Hossain,1,0,,,,,,,,,
434260,2009/10,2010-01-07,Shere Bangla National Stadium,2,28.3,India,Bangladesh,V Kohli,MS Dhoni,Rubel Hossain,0,0,,,,,,,,,
434260,2009/10,2010-01-07,Shere Bangla National Stadium,2,28.4,India,Bangladesh,V Kohli,MS Dhoni,Rubel Hossain,1,0,,,,,,,,,
434260,2009/10,2010-01-07,Shere Bangla National Stadium,2,28.5,India,Bangladesh,MS Dhoni,V Kohli,Rubel Hossain,4,0,,,,,,,,,
434260,2009/10,2010-01-07,Shere Bangla National Stadium,2,28.6,India,Bangladesh,MS Dhoni,V Kohli,Rubel Hossain,1,0,,,,,,,,,
434260,2009/10,2010-01-07,Shere Bangla National Stadium,2,29.1,India,Bangladesh,MS Dhoni,V Kohli,Abdur Razzak,2,0,,,,,,,,,
434260,2009/10,2010-01-07,Shere Bangla National Stadium,2,29.2,India,Bangladesh,MS Dhoni,V Kohli,Abdur Razzak,1,0,,,,,,,,,
434260,2009/10,2010-01-07,Shere Bangla National Stadium,2,29.3,India,Bangladesh,V Kohli,MS Dhoni,Abdur Razzak,4,0,,,,,,,,,
434260,2009/10,2010-01-07,Shere Bangla National Stadium,2,29.4,India,Bangladesh,V Kohli,MS Dhoni,Abdur Razzak,0,2,2,,,,,,,,
434260,2009/10,2010-01-07,Shere Bangla National Stadium,2,29.5,India,Bangladesh,MS Dhoni,V Kohli,Abdur Razzak,1,0,,,,,,,,,
434260,2009/10,2010-01-07,Shere Bangla National Stadium,2,29.6,India,Bangladesh,V Kohli,MS Dhoni,Abdur Razzak,0,1,1,,,,,,,,
434260,2009/10,2010-01-07,Shere Bangla National Stadium,2,29.7,India,Bangladesh,V Kohli,MS Dhoni,Abdur Razzak,0,0,,,,,,,,,
434260,2009/10,2010-01-07,Shere Bangla National Stadium,2,29.8,India,Bangladesh,V Kohli,MS Dhoni,Abdur Razzak,0,0,,,,,,,,,
434260,2009/10,2010-01-07,Shere Bangla National Stadium,2,30.1,India,Bangladesh,MS Dhoni,V Kohli,Mahmudullah,1,0,,,,,,,,,
434260,2009/10,2010-01-07,Shere Bangla National Stadium,2,30.2,India,Bangladesh,V Kohli,MS Dhoni,Mahmudullah,1,0,,,,,,,,,
434260,2009/10,2010-01-07,Shere Bangla National Stadium,2,30.3,India,Bangladesh,MS Dhoni,V Kohli,Mahmudullah,0,0,,,,,,,,,
434260,2009/10,2010-01-07,Shere Bangla National Stadium,2,30.4,India,Bangladesh,MS Dhoni,V Kohli,Mahmudullah,1,0,,,,,,,,,
434260,2009/10,2010-01-07,Shere Bangla National Stadium,2,30.5,India,Bangladesh,V Kohli,MS Dhoni,Mahmudullah,1,0,,,,,,,,,
434260,2009/10,2010-01-07,Shere Bangla National Stadium,2,30.6,India,Bangladesh,MS Dhoni,V Kohli,Mahmudullah,1,0,,,,,,,,,
434260,2009/10,2010-01-07,Shere Bangla National Stadium,2,31.1,India,Bangladesh,MS Dhoni,V Kohli,Mohammad Ashraful,1,0,,,,,,,,,
434260,2009/10,2010-01-07,Shere Bangla National Stadium,2,31.2,India,Bangladesh,V Kohli,MS Dhoni,Mohammad Ashraful,1,0,,,,,,,,,
434260,2009/10,2010-01-07,Shere Bangla National Stadium,2,31.3,India,Bangladesh,MS Dhoni,V Kohli,Mohammad Ashraful,1,0,,,,,,,,,
434260,2009/10,2010-01-07,Shere Bangla National Stadium,2,31.4,India,Bangladesh,V Kohli,MS Dhoni,Mohammad Ashraful,4,0,,,,,,,,,
434260,2009/10,2010-01-07,Shere Bangla National Stadium,2,31.5,India,Bangladesh,V Kohli,MS Dhoni,Mohammad Ashraful,1,0,,,,,,,,,
434260,2009/10,2010-01-07,Shere Bangla National Stadium,2,31.6,India,Bangladesh,MS Dhoni,V Kohli,Mohammad Ashraful,0,0,,,,,,,,,
434260,2009/10,2010-01-07,Shere Bangla National Stadium,2,32.1,India,Bangladesh,V Kohli,MS Dhoni,Shakib Al Hasan,1,0,,,,,,,,,
434260,2009/10,2010-01-07,Shere Bangla National Stadium,2,32.2,India,Bangladesh,MS Dhoni,V Kohli,Shakib Al Hasan,2,0,,,,,,,,,
434260,2009/10,2010-01-07,Shere Bangla National Stadium,2,32.3,India,Bangladesh,MS Dhoni,V Kohli,Shakib Al Hasan,0,0,,,,,,,,,
434260,2009/10,2010-01-07,Shere Bangla National Stadium,2,32.4,India,Bangladesh,MS Dhoni,V Kohli,Shakib Al Hasan,0,0,,,,,,,,,
434260,2009/10,2010-01-07,Shere Bangla National Stadium,2,32.5,India,Bangladesh,MS Dhoni,V Kohli,Shakib Al Hasan,1,0,,,,,,,,,
434260,2009/10,2010-01-07,Shere Bangla National Stadium,2,32.6,India,Bangladesh,V Kohli,MS Dhoni,Shakib Al Hasan,1,0,,,,,,,,,
434260,2009/10,2010-01-07,Shere Bangla National Stadium,2,33.1,India,Bangladesh,V Kohli,MS Dhoni,Abdur Razzak,2,0,,,,,,,,,
434260,2009/10,2010-01-07,Shere Bangla National Stadium,2,33.2,India,Bangladesh,V Kohli,MS Dhoni,Abdur Razzak,0,1,1,,,,,,,,
434260,2009/10,2010-01-07,Shere Bangla National Stadium,2,33.3,India,Bangladesh,V Kohli,MS Dhoni,Abdur Razzak,2,0,,,,,,,,,
434260,2009/10,2010-01-07,Shere Bangla National Stadium,2,33.4,India,Bangladesh,V Kohli,MS Dhoni,Abdur Razzak,1,0,,,,,,,,,
434260,2009/10,2010-01-07,Shere Bangla National Stadium,2,33.5,India,Bangladesh,MS Dhoni,V Kohli,Abdur Razzak,1,0,,,,,,,,,
434260,2009/10,2010-01-07,Shere Bangla National Stadium,2,33.6,India,Bangladesh,V Kohli,MS Dhoni,Abdur Razzak,4,0,,,,,,,,,
434260,2009/10,2010-01-07,Shere Bangla National Stadium,2,33.7,India,Bangladesh,V Kohli,MS Dhoni,Abdur Razzak,1,0,,,,,,,,,
434260,2009/10,2010-01-07,Shere Bangla National Stadium,2,34.1,India,Bangladesh,V Kohli,MS Dhoni,Shakib Al Hasan,0,0,,,,,,,,,
434260,2009/10,2010-01-07,Shere Bangla National Stadium,2,34.2,India,Bangladesh,V Kohli,MS Dhoni,Shakib Al Hasan,2,0,,,,,,,,,
434260,2009/10,2010-01-07,Shere Bangla National Stadium,2,34.3,India,Bangladesh,V Kohli,MS Dhoni,Shakib Al Hasan,0,0,,,,,,,,,
434260,2009/10,2010-01-07,Shere Bangla National Stadium,2,34.4,India,Bangladesh,V Kohli,MS Dhoni,Shakib Al Hasan,1,0,,,,,,,,,
434260,2009/10,2010-01-07,Shere Bangla National Stadium,2,34.5,India,Bangladesh,MS Dhoni,V Kohli,Shakib Al Hasan,1,0,,,,,,,,,
434260,2009/10,2010-01-07,Shere Bangla National Stadium,2,34.6,India,Bangladesh,V Kohli,MS Dhoni,Shakib Al Hasan,0,0,,,,,,caught and bowled,V Kohli,,
434260,2009/10,2010-01-07,Shere Bangla National Stadium,2,35.1,India,Bangladesh,MS Dhoni,SK Raina,Abdur Razzak,4,0,,,,,,,,,
434260,2009/10,2010-01-07,Shere Bangla National Stadium,2,35.2,India,Bangladesh,MS Dhoni,SK Raina,Abdur Razzak,1,0,,,,,,,,,
434260,2009/10,2010-01-07,Shere Bangla National Stadium,2,35.3,India,Bangladesh,SK Raina,MS Dhoni,Abdur Razzak,1,0,,,,,,,,,
434260,2009/10,2010-01-07,Shere Bangla National Stadium,2,35.4,India,Bangladesh,MS Dhoni,SK Raina,Abdur Razzak,0,2,,,,2,,,,,
434260,2009/10,2010-01-07,Shere Bangla National Stadium,2,35.5,India,Bangladesh,MS Dhoni,SK Raina,Abdur Razzak,0,0,,,,,,,,,
434260,2009/10,2010-01-07,Shere Bangla National Stadium,2,35.6,India,Bangladesh,MS Dhoni,SK Raina,Abdur Razzak,1,0,,,,,,,,,
434260,2009/10,2010-01-07,Shere Bangla National Stadium,2,36.1,India,Bangladesh,MS Dhoni,SK Raina,Rubel Hossain,1,0,,,,,,,,,
434260,2009/10,2010-01-07,Shere Bangla National Stadium,2,36.2,India,Bangladesh,SK Raina,MS Dhoni,Rubel Hossain,1,0,,,,,,,,,
434260,2009/10,2010-01-07,Shere Bangla National Stadium,2,36.3,India,Bangladesh,MS Dhoni,SK Raina,Rubel Hossain,1,0,,,,,,,,,
434260,2009/10,2010-01-07,Shere Bangla National Stadium,2,36.4,India,Bangladesh,SK Raina,MS Dhoni,Rubel Hossain,0,0,,,,,,,,,
434260,2009/10,2010-01-07,Shere Bangla National Stadium,2,36.5,India,Bangladesh,SK Raina,MS Dhoni,Rubel Hossain,1,0,,,,,,,,,
434260,2009/10,2010-01-07,Shere Bangla National Stadium,2,36.6,India,Bangladesh,MS Dhoni,SK Raina,Rubel Hossain,1,0,,,,,,,,,
434260,2009/10,2010-01-07,Shere Bangla National Stadium,2,37.1,India,Bangladesh,MS Dhoni,SK Raina,Mahmudullah,4,0,,,,,,,,,
434260,2009/10,2010-01-07,Shere Bangla National Stadium,2,37.2,India,Bangladesh,MS Dhoni,SK Raina,Mahmudullah,0,2,2,,,,,,,,
434260,2009/10,2010-01-07,Shere Bangla National Stadium,2,37.3,India,Bangladesh,SK Raina,MS Dhoni,Mahmudullah,0,0,,,,,,,,,
434260,2009/10,2010-01-07,Shere Bangla National Stadium,2,37.4,India,Bangladesh,SK Raina,MS Dhoni,Mahmudullah,1,0,,,,,,,,,
434260,2009/10,2010-01-07,Shere Bangla National Stadium,2,37.5,India,Bangladesh,MS Dhoni,SK Raina,Mahmudullah,1,0,,,,,,,,,
434260,2009/10,2010-01-07,Shere Bangla National Stadium,2,37.6,India,Bangladesh,SK Raina,MS Dhoni,Mahmudullah,0,0,,,,,,,,,
434260,2009/10,2010-01-07,Shere Bangla National Stadium,2,37.7,India,Bangladesh,SK Raina,MS Dhoni,Mahmudullah,0,0,,,,,,,,,
434260,2009/10,2010-01-07,Shere Bangla National Stadium,2,38.1,India,Bangladesh,MS Dhoni,SK Raina,Rubel Hossain,1,0,,,,,,,,,
434260,2009/10,2010-01-07,Shere Bangla National Stadium,2,38.2,India,Bangladesh,SK Raina,MS Dhoni,Rubel Hossain,1,0,,,,,,,,,
434260,2009/10,2010-01-07,Shere Bangla National Stadium,2,38.3,India,Bangladesh,MS Dhoni,SK Raina,Rubel Hossain,1,0,,,,,,,,,
434260,2009/10,2010-01-07,Shere Bangla National Stadium,2,38.4,India,Bangladesh,SK Raina,MS Dhoni,Rubel Hossain,0,1,1,,,,,,,,
434260,2009/10,2010-01-07,Shere Bangla National Stadium,2,38.5,India,Bangladesh,SK Raina,MS Dhoni,Rubel Hossain,0,0,,,,,,,,,
434260,2009/10,2010-01-07,Shere Bangla National Stadium,2,38.6,India,Bangladesh,SK Raina,MS Dhoni,Rubel Hossain,2,0,,,,,,,,,
434260,2009/10,2010-01-07,Shere Bangla National Stadium,2,38.7,India,Bangladesh,SK Raina,MS Dhoni,Rubel Hossain,4,0,,,,,,,,,
434260,2009/10,2010-01-07,Shere Bangla National Stadium,2,39.1,India,Bangladesh,MS Dhoni,SK Raina,Shakib Al Hasan,1,0,,,,,,,,,
434260,2009/10,2010-01-07,Shere Bangla National Stadium,2,39.2,India,Bangladesh,SK Raina,MS Dhoni,Shakib Al Hasan,0,0,,,,,,,,,
434260,2009/10,2010-01-07,Shere Bangla National Stadium,2,39.3,India,Bangladesh,SK Raina,MS Dhoni,Shakib Al Hasan,4,0,,,,,,,,,
434260,2009/10,2010-01-07,Shere Bangla National Stadium,2,39.4,India,Bangladesh,SK Raina,MS Dhoni,Shakib Al Hasan,0,0,,,,,,,,,
434260,2009/10,2010-01-07,Shere Bangla National Stadium,2,39.5,India,Bangladesh,SK Raina,MS Dhoni,Shakib Al Hasan,0,1,1,,,,,,,,
434260,2009/10,2010-01-07,Shere Bangla National Stadium,2,39.6,India,Bangladesh,SK Raina,MS Dhoni,Shakib Al Hasan,1,0,,,,,,,,,
434260,2009/10,2010-01-07,Shere Bangla National Stadium,2,39.7,India,Bangladesh,MS Dhoni,SK Raina,Shakib Al Hasan,0,0,,,,,,,,,
434260,2009/10,2010-01-07,Shere Bangla National Stadium,2,40.1,India,Bangladesh,SK Raina,MS Dhoni,Mahmudullah,1,0,,,,,,,,,
434260,2009/10,2010-01-07,Shere Bangla National Stadium,2,40.2,India,Bangladesh,MS Dhoni,SK Raina,Mahmudullah,1,0,,,,,,,,,
434260,2009/10,2010-01-07,Shere Bangla National Stadium,2,40.3,India,Bangladesh,SK Raina,MS Dhoni,Mahmudullah,0,0,,,,,,,,,
434260,2009/10,2010-01-07,Shere Bangla National Stadium,2,40.4,India,Bangladesh,SK Raina,MS Dhoni,Mahmudullah,1,0,,,,,,,,,
434260,2009/10,2010-01-07,Shere Bangla National Stadium,2,40.5,India,Bangladesh,MS Dhoni,SK Raina,Mahmudullah,0,0,,,,,,,,,
434260,2009/10,2010-01-07,Shere Bangla National Stadium,2,40.6,India,Bangladesh,MS Dhoni,SK Raina,Mahmudullah,0,0,,,,,,,,,
434260,2009/10,2010-01-07,Shere Bangla National Stadium,2,41.1,India,Bangladesh,SK Raina,MS Dhoni,Syed Rasel,0,0,,,,,,,,,
434260,2009/10,2010-01-07,Shere Bangla National Stadium,2,41.2,India,Bangladesh,SK Raina,MS Dhoni,Syed Rasel,0,0,,,,,,,,,
434260,2009/10,2010-01-07,Shere Bangla National Stadium,2,41.3,India,Bangladesh,SK Raina,MS Dhoni,Syed Rasel,1,0,,,,,,,,,
434260,2009/10,2010-01-07,Shere Bangla National Stadium,2,41.4,India,Bangladesh,MS Dhoni,SK Raina,Syed Rasel,4,0,,,,,,,,,
434260,2009/10,2010-01-07,Shere Bangla National Stadium,2,41.5,India,Bangladesh,MS Dhoni,SK Raina,Syed Rasel,1,0,,,,,,,,,
434260,2009/10,2010-01-07,Shere Bangla National Stadium,2,41.6,India,Bangladesh,SK Raina,MS Dhoni,Syed Rasel,1,0,,,,,,,,,
434260,2009/10,2010-01-07,Shere Bangla National Stadium,2,42.1,India,Bangladesh,SK Raina,MS Dhoni,Abdur Razzak,0,0,,,,,,,,,
434260,2009/10,2010-01-07,Shere Bangla National Stadium,2,42.2,India,Bangladesh,SK Raina,MS Dhoni,Abdur Razzak,0,0,,,,,,,,,
434260,2009/10,2010-01-07,Shere Bangla National Stadium,2,42.3,India,Bangladesh,SK Raina,MS Dhoni,Abdur Razzak,1,0,,,,,,,,,
434260,2009/10,2010-01-07,Shere Bangla National Stadium,2,42.4,India,Bangladesh,MS Dhoni,SK Raina,Abdur Razzak,1,0,,,,,,,,,
434260,2009/10,2010-01-07,Shere Bangla National Stadium,2,42.5,India,Bangladesh,SK Raina,MS Dhoni,Abdur Razzak,3,0,,,,,,,,,
434260,2009/10,2010-01-07,Shere Bangla National Stadium,2,42.6,India,Bangladesh,MS Dhoni,SK Raina,Abdur Razzak,4,0,,,,,,,,,
434260,2009/10,2010-01-07,Shere Bangla National Stadium,2,43.1,India,Bangladesh,SK Raina,MS Dhoni,Syed Rasel,0,0,,,,,,,,,
434260,2009/10,2010-01-07,Shere Bangla National Stadium,2,43.2,India,Bangladesh,SK Raina,MS Dhoni,Syed Rasel,0,0,,,,,,,,,
434260,2009/10,2010-01-07,Shere Bangla National Stadium,2,43.3,India,Bangladesh,SK Raina,MS Dhoni,Syed Rasel,1,0,,,,,,,,,
434260,2009/10,2010-01-07,Shere Bangla National Stadium,2,43.4,India,Bangladesh,MS Dhoni,SK Raina,Syed Rasel,1,0,,,,,,,,,
434260,2009/10,2010-01-07,Shere Bangla National Stadium,2,43.5,India,Bangladesh,SK Raina,MS Dhoni,Syed Rasel,4,0,,,,,,,,,
434260,2009/10,2010-01-07,Shere Bangla National Stadium,2,43.6,India,Bangladesh,SK Raina,MS Dhoni,Syed Rasel,4,0,,,,,,,,,
434260,2009/10,2010-01-07,Shere Bangla National Stadium,2,44.1,India,Bangladesh,MS Dhoni,SK Raina,Abdur Razzak,0,0,,,,,,,,,
434260,2009/10,2010-01-07,Shere Bangla National Stadium,2,44.2,India,Bangladesh,MS Dhoni,SK Raina,Abdur Razzak,0,0,,,,,,,,,
434260,2009/10,2010-01-07,Shere Bangla National Stadium,2,44.3,India,Bangladesh,MS Dhoni,SK Raina,Abdur Razzak,0,0,,,,,,,,,
434260,2009/10,2010-01-07,Shere Bangla National Stadium,2,44.4,India,Bangladesh,MS Dhoni,SK Raina,Abdur Razzak,1,0,,,,,,,,,
434260,2009/10,2010-01-07,Shere Bangla National Stadium,2,44.5,India,Bangladesh,SK Raina,MS Dhoni,Abdur Razzak,0,0,,,,,,,,,
434260,2009/10,2010-01-07,Shere Bangla National Stadium,2,44.6,India,Bangladesh,SK Raina,MS Dhoni,Abdur Razzak,0,0,,,,,,,,,
434260,2009/10,2010-01-07,Shere Bangla National Stadium,2,45.1,India,Bangladesh,MS Dhoni,SK Raina,Shakib Al Hasan,0,0,,,,,,,,,
434260,2009/10,2010-01-07,Shere Bangla National Stadium,2,45.2,India,Bangladesh,MS Dhoni,SK Raina,Shakib Al Hasan,1,0,,,,,,,,,
434260,2009/10,2010-01-07,Shere Bangla National Stadium,2,45.3,India,Bangladesh,SK Raina,MS Dhoni,Shakib Al Hasan,0,0,,,,,,,,,
434260,2009/10,2010-01-07,Shere Bangla National Stadium,2,45.4,India,Bangladesh,SK Raina,MS Dhoni,Shakib Al Hasan,2,0,,,,,,,,,
434260,2009/10,2010-01-07,Shere Bangla National Stadium,2,45.5,India,Bangladesh,SK Raina,MS Dhoni,Shakib Al Hasan,1,0,,,,,,,,,
434260,2009/10,2010-01-07,Shere Bangla National Stadium,2,45.6,India,Bangladesh,MS Dhoni,SK Raina,Shakib Al Hasan,0,0,,,,,,,,,
434260,2009/10,2010-01-07,Shere Bangla National Stadium,2,46.1,India,Bangladesh,SK Raina,MS Dhoni,Rubel Hossain,0,0,,,,,,,,,
434260,2009/10,2010-01-07,Shere Bangla National Stadium,2,46.2,India,Bangladesh,SK Raina,MS Dhoni,Rubel Hossain,1,0,,,,,,,,,
434260,2009/10,2010-01-07,Shere Bangla National Stadium,2,46.3,India,Bangladesh,MS Dhoni,SK Raina,Rubel Hossain,1,0,,,,,,,,,
434260,2009/10,2010-01-07,Shere Bangla National Stadium,2,46.4,India,Bangladesh,SK Raina,MS Dhoni,Rubel Hossain,2,0,,,,,,,,,
434260,2009/10,2010-01-07,Shere Bangla National Stadium,2,46.5,India,Bangladesh,SK Raina,MS Dhoni,Rubel Hossain,2,0,,,,,,,,,
434260,2009/10,2010-01-07,Shere Bangla National Stadium,2,46.6,India,Bangladesh,SK Raina,MS Dhoni,Rubel Hossain,6,0,,,,,,,,,
434260,2009/10,2010-01-07,Shere Bangla National Stadium,2,47.1,India,Bangladesh,MS Dhoni,SK Raina,Syed Rasel,4,0,,,,,,,,,
434260,2009/10,2010-01-07,Shere Bangla National Stadium,2,47.2,India,Bangladesh,MS Dhoni,SK Raina,Syed Rasel,1,0,,,,,,,,,
434260,2009/10,2010-01-07,Shere Bangla National Stadium,2,47.3,India,Bangladesh,SK Raina,MS Dhoni,Syed Rasel,4,0,,,,,,,,,
