match_id,season,start_date,venue,innings,ball,batting_team,bowling_team,striker,non_striker,bowler,runs_off_bat,extras,wides,noballs,byes,legbyes,penalty,wicket_type,player_dismissed,other_wicket_type,other_player_dismissed
434262,2009/10,2010-01-10,Shere Bangla National Stadium,1,0.1,Sri Lanka,India,WU Tharanga,TM Dilshan,S Tyagi,0,0,,,,,,,,,
434262,2009/10,2010-01-10,Shere Bangla National Stadium,1,0.2,Sri Lanka,India,WU Tharanga,TM Dilshan,S Tyagi,0,0,,,,,,,,,
434262,2009/10,2010-01-10,Shere Bangla National Stadium,1,0.3,Sri Lanka,India,WU Tharanga,TM Dilshan,S Tyagi,0,0,,,,,,,,,
434262,2009/10,2010-01-10,Shere Bangla National Stadium,1,0.4,Sri Lanka,India,WU Tharanga,TM Dilshan,S Tyagi,0,0,,,,,,caught,WU Tharanga,,
434262,2009/10,2010-01-10,Shere Bangla National Stadium,1,0.5,Sri Lanka,India,KC Sangakkara,TM Dilshan,S Tyagi,0,0,,,,,,,,,
434262,2009/10,2010-01-10,Shere Bangla National Stadium,1,0.6,Sri Lanka,India,KC Sangakkara,TM Dilshan,S Tyagi,0,0,,,,,,,,,
434262,2009/10,2010-01-10,Shere Bangla National Stadium,1,1.1,Sri Lanka,India,TM Dilshan,KC Sangakkara,S Sreesanth,4,0,,,,,,,,,
434262,2009/10,2010-01-10,Shere Bangla National Stadium,1,1.2,Sri Lanka,India,TM Dilshan,KC Sangakkara,S Sreesanth,0,0,,,,,,,,,
434262,2009/10,2010-01-10,Shere Bangla National Stadium,1,1.3,Sri Lanka,India,TM Dilshan,KC Sangakkara,S Sreesanth,4,0,,,,,,,,,
434262,2009/10,2010-01-10,Shere Bangla National Stadium,1,1.4,Sri Lanka,India,TM Dilshan,KC Sangakkara,S Sreesanth,0,0,,,,,,,,,
434262,2009/10,2010-01-10,Shere Bangla National Stadium,1,1.5,Sri Lanka,India,TM Dilshan,KC Sangakkara,S Sreesanth,0,0,,,,,,,,,
434262,2009/10,2010-01-10,Shere Bangla National Stadium,1,1.6,Sri Lanka,India,TM Dilshan,KC Sangakkara,S Sreesanth,0,0,,,,,,,,,
434262,2009/10,2010-01-10,Shere Bangla National Stadium,1,2.1,Sri Lanka,India,KC Sangakkara,TM Dilshan,S Tyagi,0,0,,,,,,,,,
434262,2009/10,2010-01-10,Shere Bangla National Stadium,1,2.2,Sri Lanka,India,KC Sangakkara,TM Dilshan,S Tyagi,1,0,,,,,,,,,
434262,2009/10,2010-01-10,Shere Bangla National Stadium,1,2.3,Sri Lanka,India,TM Dilshan,KC Sangakkara,S Tyagi,4,0,,,,,,,,,
434262,2009/10,2010-01-10,Shere Bangla National Stadium,1,2.4,Sri Lanka,India,TM Dilshan,KC Sangakkara,S Tyagi,0,0,,,,,,,,,
434262,2009/10,2010-01-10,Shere Bangla National Stadium,1,2.5,Sri Lanka,India,TM Dilshan,KC Sangakkara,S Tyagi,4,0,,,,,,,,,
434262,2009/10,2010-01-10,Shere Bangla National Stadium,1,2.6,Sri Lanka,India,TM Dilshan,KC Sangakkara,S Tyagi,0,0,,,,,,,,,
434262,2009/10,2010-01-10,Shere Bangla National Stadium,1,3.1,Sri Lanka,India,KC Sangakkara,TM Dilshan,S Sreesanth,0,0,,,,,,,,,
434262,2009/10,2010-01-10,Shere Bangla National Stadium,1,3.2,Sri Lanka,India,KC Sangakkara,TM Dilshan,S Sreesanth,4,0,,,,,,,,,
434262,2009/10,2010-01-10,Shere Bangla National Stadium,1,3.3,Sri Lanka,India,KC Sangakkara,TM Dilshan,S Sreesanth,4,0,,,,,,,,,
434262,2009/10,2010-01-10,Shere Bangla National Stadium,1,3.4,Sri Lanka,India,KC Sangakkara,TM Dilshan,S Sreesanth,0,0,,,,,,,,,
434262,2009/10,2010-01-10,Shere Bangla National Stadium,1,3.5,Sri Lanka,India,KC Sangakkara,TM Dilshan,S Sreesanth,0,0,,,,,,,,,
434262,2009/10,2010-01-10,Shere Bangla National Stadium,1,3.6,Sri Lanka,India,KC Sangakkara,TM Dilshan,S Sreesanth,0,0,,,,,,,,,
434262,2009/10,2010-01-10,Shere Bangla National Stadium,1,4.1,Sri Lanka,India,TM Dilshan,KC Sangakkara,S Tyagi,4,0,,,,,,,,,
434262,2009/10,2010-01-10,Shere Bangla National Stadium,1,4.2,Sri Lanka,India,TM Dilshan,KC Sangakkara,S Tyagi,4,0,,,,,,,,,
434262,2009/10,2010-01-10,Shere Bangla National Stadium,1,4.3,Sri Lanka,India,TM Dilshan,KC Sangakkara,S Tyagi,4,0,,,,,,,,,
434262,2009/10,2010-01-10,Shere Bangla National Stadium,1,4.4,Sri Lanka,India,TM Dilshan,KC Sangakkara,S Tyagi,1,0,,,,,,,,,
434262,2009/10,2010-01-10,Shere Bangla National Stadium,1,4.5,Sri Lanka,India,KC Sangakkara,TM Dilshan,S Tyagi,0,0,,,,,,,,,
434262,2009/10,2010-01-10,Shere Bangla National Stadium,1,4.6,Sri Lanka,India,KC Sangakkara,TM Dilshan,S Tyagi,0,0,,,,,,,,,
434262,2009/10,2010-01-10,Shere Bangla National Stadium,1,5.1,Sri Lanka,India,TM Dilshan,KC Sangakkara,Z Khan,0,0,,,,,,,,,
434262,2009/10,2010-01-10,Shere Bangla National Stadium,1,5.2,Sri Lanka,India,TM Dilshan,KC Sangakkara,Z Khan,4,0,,,,,,,,,
434262,2009/10,2010-01-10,Shere Bangla National Stadium,1,5.3,Sri Lanka,India,TM Dilshan,KC Sangakkara,Z Khan,0,0,,,,,,caught,TM Dilshan,,
434262,2009/10,2010-01-10,Shere Bangla National Stadium,1,5.4,Sri Lanka,India,DPMD Jayawardene,KC Sangakkara,Z Khan,0,0,,,,,,,,,
434262,2009/10,2010-01-10,Shere Bangla National Stadium,1,5.5,Sri Lanka,India,DPMD Jayawardene,KC Sangakkara,Z Khan,0,0,,,,,,,,,
434262,2009/10,2010-01-10,Shere Bangla National Stadium,1,5.6,Sri Lanka,India,DPMD Jayawardene,KC Sangakkara,Z Khan,0,0,,,,,,,,,
434262,2009/10,2010-01-10,Shere Bangla National Stadium,1,6.1,Sri Lanka,India,KC Sangakkara,DPMD Jayawardene,S Tyagi,0,1,,,,1,,,,,
434262,2009/10,2010-01-10,Shere Bangla National Stadium,1,6.2,Sri Lanka,India,DPMD Jayawardene,KC Sangakkara,S Tyagi,0,0,,,,,,,,,
434262,2009/10,2010-01-10,Shere Bangla National Stadium,1,6.3,Sri Lanka,India,DPMD Jayawardene,KC Sangakkara,S Tyagi,0,0,,,,,,,,,
434262,2009/10,2010-01-10,Shere Bangla National Stadium,1,6.4,Sri Lanka,India,DPMD Jayawardene,KC Sangakkara,S Tyagi,1,0,,,,,,,,,
434262,2009/10,2010-01-10,Shere Bangla National Stadium,1,6.5,Sri Lanka,India,KC Sangakkara,DPMD Jayawardene,S Tyagi,0,0,,,,,,,,,
434262,2009/10,2010-01-10,Shere Bangla National Stadium,1,6.6,Sri Lanka,India,KC Sangakkara,DPMD Jayawardene,S Tyagi,4,0,,,,,,,,,
434262,2009/10,2010-01-10,Shere Bangla National Stadium,1,7.1,Sri Lanka,India,DPMD Jayawardene,KC Sangakkara,Z Khan,0,0,,,,,,,,,
434262,2009/10,2010-01-10,Shere Bangla National Stadium,1,7.2,Sri Lanka,India,DPMD Jayawardene,KC Sangakkara,Z Khan,4,0,,,,,,,,,
434262,2009/10,2010-01-10,Shere Bangla National Stadium,1,7.3,Sri Lanka,India,DPMD Jayawardene,KC Sangakkara,Z Khan,0,0,,,,,,,,,
434262,2009/10,2010-01-10,Shere Bangla National Stadium,1,7.4,Sri Lanka,India,DPMD Jayawardene,KC Sangakkara,Z Khan,0,0,,,,,,,,,
434262,2009/10,2010-01-10,Shere Bangla National Stadium,1,7.5,Sri Lanka,India,DPMD Jayawardene,KC Sangakkara,Z Khan,0,0,,,,,,,,,
434262,2009/10,2010-01-10,Shere Bangla National Stadium,1,7.6,Sri Lanka,India,DPMD Jayawardene,KC Sangakkara,Z Khan,0,0,,,,,,,,,
434262,2009/10,2010-01-10,Shere Bangla National Stadium,1,8.1,Sri Lanka,India,KC Sangakkara,DPMD Jayawardene,S Tyagi,0,0,,,,,,,,,
434262,2009/10,2010-01-10,Shere Bangla National Stadium,1,8.2,Sri Lanka,India,KC Sangakkara,DPMD Jayawardene,S Tyagi,0,0,,,,,,,,,
434262,2009/10,2010-01-10,Shere Bangla National Stadium,1,8.3,Sri Lanka,India,KC Sangakkara,DPMD Jayawardene,S Tyagi,0,0,,,,,,,,,
434262,2009/10,2010-01-10,Shere Bangla National Stadium,1,8.4,Sri Lanka,India,KC Sangakkara,DPMD Jayawardene,S Tyagi,0,0,,,,,,,,,
434262,2009/10,2010-01-10,Shere Bangla National Stadium,1,8.5,Sri Lanka,India,KC Sangakkara,DPMD Jayawardene,S Tyagi,4,0,,,,,,,,,
434262,2009/10,2010-01-10,Shere Bangla National Stadium,1,8.6,Sri Lanka,India,KC Sangakkara,DPMD Jayawardene,S Tyagi,4,0,,,,,,,,,
434262,2009/10,2010-01-10,Shere Bangla National Stadium,1,9.1,Sri Lanka,India,DPMD Jayawardene,KC Sangakkara,Z Khan,0,0,,,,,,caught,DPMD Jayawardene,,
434262,2009/10,2010-01-10,Shere Bangla National Stadium,1,9.2,Sri Lanka,India,TT Samaraweera,KC Sangakkara,Z Khan,0,0,,,,,,,,,
434262,2009/10,2010-01-10,Shere Bangla National Stadium,1,9.3,Sri Lanka,India,TT Samaraweera,KC Sangakkara,Z Khan,0,0,,,,,,,,,
434262,2009/10,2010-01-10,Shere Bangla National Stadium,1,9.4,Sri Lanka,India,TT Samaraweera,KC Sangakkara,Z Khan,0,0,,,,,,,,,
434262,2009/10,2010-01-10,Shere Bangla National Stadium,1,9.5,Sri Lanka,India,TT Samaraweera,KC Sangakkara,Z Khan,0,0,,,,,,,,,
434262,2009/10,2010-01-10,Shere Bangla National Stadium,1,9.6,Sri Lanka,India,TT Samaraweera,KC Sangakkara,Z Khan,0,0,,,,,,,,,
434262,2009/10,2010-01-10,Shere Bangla National Stadium,1,10.1,Sri Lanka,India,KC Sangakkara,TT Samaraweera,S Sreesanth,1,0,,,,,,,,,
434262,2009/10,2010-01-10,Shere Bangla National Stadium,1,10.2,Sri Lanka,India,TT Samaraweera,KC Sangakkara,S Sreesanth,0,0,,,,,,lbw,TT Samaraweera,,
434262,2009/10,2010-01-10,Shere Bangla National Stadium,1,10.3,Sri Lanka,India,SHT Kandamby,KC Sangakkara,S Sreesanth,0,1,1,,,,,,,,
434262,2009/10,2010-01-10,Shere Bangla National Stadium,1,10.4,Sri Lanka,India,SHT Kandamby,KC Sangakkara,S Sreesanth,0,0,,,,,,,,,
434262,2009/10,2010-01-10,Shere Bangla National Stadium,1,10.5,Sri Lanka,India,SHT Kandamby,KC Sangakkara,S Sreesanth,0,0,,,,,,,,,
434262,2009/10,2010-01-10,Shere Bangla National Stadium,1,10.6,Sri Lanka,India,SHT Kandamby,KC Sangakkara,S Sreesanth,0,0,,,,,,,,,
434262,2009/10,2010-01-10,Shere Bangla National Stadium,1,10.7,Sri Lanka,India,SHT Kandamby,KC Sangakkara,S Sreesanth,0,0,,,,,,,,,
434262,2009/10,2010-01-10,Shere Bangla National Stadium,1,11.1,Sri Lanka,India,KC Sangakkara,SHT Kandamby,Z Khan,0,0,,,,,,,,,
434262,2009/10,2010-01-10,Shere Bangla National Stadium,1,11.2,Sri Lanka,India,KC Sangakkara,SHT Kandamby,Z Khan,1,0,,,,,,,,,
434262,2009/10,2010-01-10,Shere Bangla National Stadium,1,11.3,Sri Lanka,India,SHT Kandamby,KC Sangakkara,Z Khan,0,0,,,,,,,,,
434262,2009/10,2010-01-10,Shere Bangla National Stadium,1,11.4,Sri Lanka,India,SHT Kandamby,KC Sangakkara,Z Khan,0,0,,,,,,,,,
434262,2009/10,2010-01-10,Shere Bangla National Stadium,1,11.5,Sri Lanka,India,SHT Kandamby,KC Sangakkara,Z Khan,0,0,,,,,,,,,
434262,2009/10,2010-01-10,Shere Bangla National Stadium,1,11.6,Sri Lanka,India,SHT Kandamby,KC Sangakkara,Z Khan,0,0,,,,,,,,,
434262,2009/10,2010-01-10,Shere Bangla National Stadium,1,12.1,Sri Lanka,India,KC Sangakkara,SHT Kandamby,S Sreesanth,1,0,,,,,,,,,
434262,2009/10,2010-01-10,Shere Bangla National Stadium,1,12.2,Sri Lanka,India,SHT Kandamby,KC Sangakkara,S Sreesanth,0,0,,,,,,,,,
434262,2009/10,2010-01-10,Shere Bangla National Stadium,1,12.3,Sri Lanka,India,SHT Kandamby,KC Sangakkara,S Sreesanth,0,0,,,,,,,,,
434262,2009/10,2010-01-10,Shere Bangla National Stadium,1,12.4,Sri Lanka,India,SHT Kandamby,KC Sangakkara,S Sreesanth,1,0,,,,,,,,,
434262,2009/10,2010-01-10,Shere Bangla National Stadium,1,12.5,Sri Lanka,India,KC Sangakkara,SHT Kandamby,S Sreesanth,0,0,,,,,,,,,
434262,2009/10,2010-01-10,Shere Bangla National Stadium,1,12.6,Sri Lanka,India,KC Sangakkara,SHT Kandamby,S Sreesanth,1,0,,,,,,,,,
434262,2009/10,2010-01-10,Shere Bangla National Stadium,1,13.1,Sri Lanka,India,KC Sangakkara,SHT Kandamby,Z Khan,0,0,,,,,,,,,
434262,2009/10,2010-01-10,Shere Bangla National Stadium,1,13.2,Sri Lanka,India,KC Sangakkara,SHT Kandamby,Z Khan,0,0,,,,,,,,,
434262,2009/10,2010-01-10,Shere Bangla National Stadium,1,13.3,Sri Lanka,India,KC Sangakkara,SHT Kandamby,Z Khan,0,0,,,,,,,,,
434262,2009/10,2010-01-10,Shere Bangla National Stadium,1,13.4,Sri Lanka,India,KC Sangakkara,SHT Kandamby,Z Khan,0,0,,,,,,,,,
434262,2009/10,2010-01-10,Shere Bangla National Stadium,1,13.5,Sri Lanka,India,KC Sangakkara,SHT Kandamby,Z Khan,0,0,,,,,,run out,SHT Kandamby,,
434262,2009/10,2010-01-10,Shere Bangla National Stadium,1,13.6,Sri Lanka,India,KC Sangakkara,NLTC Perera,Z Khan,0,0,,,,,,,,,
434262,2009/10,2010-01-10,Shere Bangla National Stadium,1,14.1,Sri Lanka,India,NLTC Perera,KC Sangakkara,S Sreesanth,0,0,,,,,,,,,
434262,2009/10,2010-01-10,Shere Bangla National Stadium,1,14.2,Sri Lanka,India,NLTC Perera,KC Sangakkara,S Sreesanth,1,0,,,,,,,,,
434262,2009/10,2010-01-10,Shere Bangla National Stadium,1,14.3,Sri Lanka,India,KC Sangakkara,NLTC Perera,S Sreesanth,0,0,,,,,,,,,
434262,2009/10,2010-01-10,Shere Bangla National Stadium,1,14.4,Sri Lanka,India,KC Sangakkara,NLTC Perera,S Sreesanth,0,0,,,,,,,,,
434262,2009/10,2010-01-10,Shere Bangla National Stadium,1,14.5,Sri Lanka,India,KC Sangakkara,NLTC Perera,S Sreesanth,1,0,,,,,,,,,
434262,2009/10,2010-01-10,Shere Bangla National Stadium,1,14.6,Sri Lanka,India,NLTC Perera,KC Sangakkara,S Sreesanth,0,0,,,,,,,,,
434262,2009/10,2010-01-10,Shere Bangla National Stadium,1,15.1,Sri Lanka,India,KC Sangakkara,NLTC Perera,Z Khan,0,0,,,,,,,,,
434262,2009/10,2010-01-10,Shere Bangla National Stadium,1,15.2,Sri Lanka,India,KC Sangakkara,NLTC Perera,Z Khan,1,0,,,,,,,,,
434262,2009/10,2010-01-10,Shere Bangla National Stadium,1,15.3,Sri Lanka,India,NLTC Perera,KC Sangakkara,Z Khan,0,0,,,,,,,,,
434262,2009/10,2010-01-10,Shere Bangla National Stadium,1,15.4,Sri Lanka,India,NLTC Perera,KC Sangakkara,Z Khan,0,0,,,,,,,,,
434262,2009/10,2010-01-10,Shere Bangla National Stadium,1,15.5,Sri Lanka,India,NLTC Perera,KC Sangakkara,Z Khan,1,0,,,,,,,,,
434262,2009/10,2010-01-10,Shere Bangla National Stadium,1,15.6,Sri Lanka,India,KC Sangakkara,NLTC Perera,Z Khan,0,0,,,,,,,,,
434262,2009/10,2010-01-10,Shere Bangla National Stadium,1,16.1,Sri Lanka,India,NLTC Perera,KC Sangakkara,A Mishra,0,0,,,,,,,,,
434262,2009/10,2010-01-10,Shere Bangla National Stadium,1,16.2,Sri Lanka,India,NLTC Perera,KC Sangakkara,A Mishra,0,0,,,,,,,,,
434262,2009/10,2010-01-10,Shere Bangla National Stadium,1,16.3,Sri Lanka,India,NLTC Perera,KC Sangakkara,A Mishra,0,0,,,,,,,,,
434262,2009/10,2010-01-10,Shere Bangla National Stadium,1,16.4,Sri Lanka,India,NLTC Perera,KC Sangakkara,A Mishra,0,0,,,,,,,,,
434262,2009/10,2010-01-10,Shere Bangla National Stadium,1,16.5,Sri Lanka,India,NLTC Perera,KC Sangakkara,A Mishra,0,0,,,,,,,,,
434262,2009/10,2010-01-10,Shere Bangla National Stadium,1,16.6,Sri Lanka,India,NLTC Perera,KC Sangakkara,A Mishra,0,0,,,,,,,,,
434262,2009/10,2010-01-10,Shere Bangla National Stadium,1,17.1,Sri Lanka,India,KC Sangakkara,NLTC Perera,Z Khan,4,0,,,,,,,,,
434262,2009/10,2010-01-10,Shere Bangla National Stadium,1,17.2,Sri Lanka,India,KC Sangakkara,NLTC Perera,Z Khan,1,0,,,,,,,,,
434262,2009/10,2010-01-10,Shere Bangla National Stadium,1,17.3,Sri Lanka,India,NLTC Perera,KC Sangakkara,Z Khan,4,0,,,,,,,,,
434262,2009/10,2010-01-10,Shere Bangla National Stadium,1,17.4,Sri Lanka,India,NLTC Perera,KC Sangakkara,Z Khan,0,0,,,,,,,,,
434262,2009/10,2010-01-10,Shere Bangla National Stadium,1,17.5,Sri Lanka,India,NLTC Perera,KC Sangakkara,Z Khan,1,0,,,,,,,,,
434262,2009/10,2010-01-10,Shere Bangla National Stadium,1,17.6,Sri Lanka,India,KC Sangakkara,NLTC Perera,Z Khan,0,0,,,,,,,,,
434262,2009/10,2010-01-10,Shere Bangla National Stadium,1,18.1,Sri Lanka,India,NLTC Perera,KC Sangakkara,A Mishra,4,0,,,,,,,,,
434262,2009/10,2010-01-10,Shere Bangla National Stadium,1,18.2,Sri Lanka,India,NLTC Perera,KC Sangakkara,A Mishra,0,0,,,,,,caught,NLTC Perera,,
434262,2009/10,2010-01-10,Shere Bangla National Stadium,1,18.3,Sri Lanka,India,KC Sangakkara,S Randiv,A Mishra,1,0,,,,,,,,,
434262,2009/10,2010-01-10,Shere Bangla National Stadium,1,18.4,Sri Lanka,India,S Randiv,KC Sangakkara,A Mishra,0,0,,,,,,,,,
434262,2009/10,2010-01-10,Shere Bangla National Stadium,1,18.5,Sri Lanka,India,S Randiv,KC Sangakkara,A Mishra,0,0,,,,,,,,,
434262,2009/10,2010-01-10,Shere Bangla National Stadium,1,18.6,Sri Lanka,India,S Randiv,KC Sangakkara,A Mishra,0,0,,,,,,,,,
434262,2009/10,2010-01-10,Shere Bangla National Stadium,1,19.1,Sri Lanka,India,KC Sangakkara,S Randiv,S Sreesanth,4,0,,,,,,,,,
434262,2009/10,2010-01-10,Shere Bangla National Stadium,1,19.2,Sri Lanka,India,KC Sangakkara,S Randiv,S Sreesanth,0,0,,,,,,,,,
434262,2009/10,2010-01-10,Shere Bangla National Stadium,1,19.3,Sri Lanka,India,KC Sangakkara,S Randiv,S Sreesanth,0,0,,,,,,,,,
434262,2009/10,2010-01-10,Shere Bangla National Stadium,1,19.4,Sri Lanka,India,KC Sangakkara,S Randiv,S Sreesanth,1,0,,,,,,,,,
434262,2009/10,2010-01-10,Shere Bangla National Stadium,1,19.5,Sri Lanka,India,S Randiv,KC Sangakkara,S Sreesanth,4,0,,,,,,,,,
434262,2009/10,2010-01-10,Shere Bangla National Stadium,1,19.6,Sri Lanka,India,S Randiv,KC Sangakkara,S Sreesanth,0,0,,,,,,,,,
434262,2009/10,2010-01-10,Shere Bangla National Stadium,1,20.1,Sri Lanka,India,KC Sangakkara,S Randiv,A Mishra,0,0,,,,,,,,,
434262,2009/10,2010-01-10,Shere Bangla National Stadium,1,20.2,Sri Lanka,India,KC Sangakkara,S Randiv,A Mishra,1,0,,,,,,,,,
434262,2009/10,2010-01-10,Shere Bangla National Stadium,1,20.3,Sri Lanka,India,S Randiv,KC Sangakkara,A Mishra,0,0,,,,,,,,,
434262,2009/10,2010-01-10,Shere Bangla National Stadium,1,20.4,Sri Lanka,India,S Randiv,KC Sangakkara,A Mishra,0,0,,,,,,,,,
434262,2009/10,2010-01-10,Shere Bangla National Stadium,1,20.5,Sri Lanka,India,S Randiv,KC Sangakkara,A Mishra,2,0,,,,,,,,,
434262,2009/10,2010-01-10,Shere Bangla National Stadium,1,20.6,Sri Lanka,India,S Randiv,KC Sangakkara,A Mishra,0,0,,,,,,,,,
434262,2009/10,2010-01-10,Shere Bangla National Stadium,1,21.1,Sri Lanka,India,KC Sangakkara,S Randiv,RA Jadeja,3,0,,,,,,,,,
434262,2009/10,2010-01-10,Shere Bangla National Stadium,1,21.2,Sri Lanka,India,S Randiv,KC Sangakkara,RA Jadeja,0,0,,,,,,,,,
434262,2009/10,2010-01-10,Shere Bangla National Stadium,1,21.3,Sri Lanka,India,S Randiv,KC Sangakkara,RA Jadeja,0,0,,,,,,,,,
434262,2009/10,2010-01-10,Shere Bangla National Stadium,1,21.4,Sri Lanka,India,S Randiv,KC Sangakkara,RA Jadeja,0,0,,,,,,,,,
434262,2009/10,2010-01-10,Shere Bangla National Stadium,1,21.5,Sri Lanka,India,S Randiv,KC Sangakkara,RA Jadeja,1,0,,,,,,,,,
434262,2009/10,2010-01-10,Shere Bangla National Stadium,1,21.6,Sri Lanka,India,KC Sangakkara,S Randiv,RA Jadeja,0,0,,,,,,,,,
434262,2009/10,2010-01-10,Shere Bangla National Stadium,1,22.1,Sri Lanka,India,S Randiv,KC Sangakkara,A Mishra,1,0,,,,,,,,,
434262,2009/10,2010-01-10,Shere Bangla National Stadium,1,22.2,Sri Lanka,India,KC Sangakkara,S Randiv,A Mishra,2,0,,,,,,,,,
434262,2009/10,2010-01-10,Shere Bangla National Stadium,1,22.3,Sri Lanka,India,KC Sangakkara,S Randiv,A Mishra,0,0,,,,,,,,,
434262,2009/10,2010-01-10,Shere Bangla National Stadium,1,22.4,Sri Lanka,India,KC Sangakkara,S Randiv,A Mishra,2,0,,,,,,,,,
434262,2009/10,2010-01-10,Shere Bangla National Stadium,1,22.5,Sri Lanka,India,KC Sangakkara,S Randiv,A Mishra,0,1,,,,1,,,,,
434262,2009/10,2010-01-10,Shere Bangla National Stadium,1,22.6,Sri Lanka,India,S Randiv,KC Sangakkara,A Mishra,0,0,,,,,,,,,
434262,2009/10,2010-01-10,Shere Bangla National Stadium,1,23.1,Sri Lanka,India,KC Sangakkara,S Randiv,RA Jadeja,4,0,,,,,,,,,
434262,2009/10,2010-01-10,Shere Bangla National Stadium,1,23.2,Sri Lanka,India,KC Sangakkara,S Randiv,RA Jadeja,2,0,,,,,,,,,
434262,2009/10,2010-01-10,Shere Bangla National Stadium,1,23.3,Sri Lanka,India,KC Sangakkara,S Randiv,RA Jadeja,0,1,1,,,,,,,,
434262,2009/10,2010-01-10,Shere Bangla National Stadium,1,23.4,Sri Lanka,India,KC Sangakkara,S Randiv,RA Jadeja,2,0,,,,,,,,,
434262,2009/10,2010-01-10,Shere Bangla National Stadium,1,23.5,Sri Lanka,India,KC Sangakkara,S Randiv,RA Jadeja,0,0,,,,,,,,,
434262,2009/10,2010-01-10,Shere Bangla National Stadium,1,23.6,Sri Lanka,India,KC Sangakkara,S Randiv,RA Jadeja,1,0,,,,,,,,,
434262,2009/10,2010-01-10,Shere Bangla National Stadium,1,23.7,Sri Lanka,India,S Randiv,KC Sangakkara,RA Jadeja,0,0,,,,,,,,,
434262,2009/10,2010-01-10,Shere Bangla National Stadium,1,24.1,Sri Lanka,India,KC Sangakkara,S Randiv,A Mishra,1,0,,,,,,,,,
434262,2009/10,2010-01-10,Shere Bangla National Stadium,1,24.2,Sri Lanka,India,S Randiv,KC Sangakkara,A Mishra,0,0,,,,,,,,,
434262,2009/10,2010-01-10,Shere Bangla National Stadium,1,24.3,Sri Lanka,India,S Randiv,KC Sangakkara,A Mishra,1,0,,,,,,,,,
434262,2009/10,2010-01-10,Shere Bangla National Stadium,1,24.4,Sri Lanka,India,KC Sangakkara,S Randiv,A Mishra,0,0,,,,,,,,,
434262,2009/10,2010-01-10,Shere Bangla National Stadium,1,24.5,Sri Lanka,India,KC Sangakkara,S Randiv,A Mishra,0,0,,,,,,,,,
434262,2009/10,2010-01-10,Shere Bangla National Stadium,1,24.6,Sri Lanka,India,KC Sangakkara,S Randiv,A Mishra,0,0,,,,,,,,,
434262,2009/10,2010-01-10,Shere Bangla National Stadium,1,25.1,Sri Lanka,India,S Randiv,KC Sangakkara,RA Jadeja,1,0,,,,,,,,,
434262,2009/10,2010-01-10,Shere Bangla National Stadium,1,25.2,Sri Lanka,India,KC Sangakkara,S Randiv,RA Jadeja,1,0,,,,,,,,,
434262,2009/10,2010-01-10,Shere Bangla National Stadium,1,25.3,Sri Lanka,India,S Randiv,KC Sangakkara,RA Jadeja,0,0,,,,,,,,,
434262,2009/10,2010-01-10,Shere Bangla National Stadium,1,25.4,Sri Lanka,India,S Randiv,KC Sangakkara,RA Jadeja,0,0,,,,,,,,,
434262,2009/10,2010-01-10,Shere Bangla National Stadium,1,25.5,Sri Lanka,India,S Randiv,KC Sangakkara,RA Jadeja,0,0,,,,,,,,,
434262,2009/10,2010-01-10,Shere Bangla National Stadium,1,25.6,Sri Lanka,India,S Randiv,KC Sangakkara,RA Jadeja,0,0,,,,,,,,,
434262,2009/10,2010-01-10,Shere Bangla National Stadium,1,26.1,Sri Lanka,India,KC Sangakkara,S Randiv,A Mishra,1,0,,,,,,,,,
434262,2009/10,2010-01-10,Shere Bangla National Stadium,1,26.2,Sri Lanka,India,S Randiv,KC Sangakkara,A Mishra,0,0,,,,,,,,,
434262,2009/10,2010-01-10,Shere Bangla National Stadium,1,26.3,Sri Lanka,India,S Randiv,KC Sangakkara,A Mishra,0,0,,,,,,,,,
434262,2009/10,2010-01-10,Shere Bangla National Stadium,1,26.4,Sri Lanka,India,S Randiv,KC Sangakkara,A Mishra,4,0,,,,,,,,,
434262,2009/10,2010-01-10,Shere Bangla National Stadium,1,26.5,Sri Lanka,India,S Randiv,KC Sangakkara,A Mishra,1,0,,,,,,,,,
434262,2009/10,2010-01-10,Shere Bangla National Stadium,1,26.6,Sri Lanka,India,KC Sangakkara,S Randiv,A Mishra,1,0,,,,,,,,,
434262,2009/10,2010-01-10,Shere Bangla National Stadium,1,27.1,Sri Lanka,India,KC Sangakkara,S Randiv,Yuvraj Singh,1,0,,,,,,,,,
434262,2009/10,2010-01-10,Shere Bangla National Stadium,1,27.2,Sri Lanka,India,S Randiv,KC Sangakkara,Yuvraj Singh,0,0,,,,,,,,,
434262,2009/10,2010-01-10,Shere Bangla National Stadium,1,27.3,Sri Lanka,India,S Randiv,KC Sangakkara,Yuvraj Singh,1,0,,,,,,,,,
434262,2009/10,2010-01-10,Shere Bangla National Stadium,1,27.4,Sri Lanka,India,KC Sangakkara,S Randiv,Yuvraj Singh,0,0,,,,,,,,,
434262,2009/10,2010-01-10,Shere Bangla National Stadium,1,27.5,Sri Lanka,India,KC Sangakkara,S Randiv,Yuvraj Singh,0,0,,,,,,,,,
434262,2009/10,2010-01-10,Shere Bangla National Stadium,1,27.6,Sri Lanka,India,KC Sangakkara,S Randiv,Yuvraj Singh,1,0,,,,,,,,,
434262,2009/10,2010-01-10,Shere Bangla National Stadium,1,28.1,Sri Lanka,India,KC Sangakkara,S Randiv,A Mishra,0,1,,1,,,,,,,
434262,2009/10,2010-01-10,Shere Bangla National Stadium,1,28.2,Sri Lanka,India,KC Sangakkara,S Randiv,A Mishra,1,0,,,,,,,,,
434262,2009/10,2010-01-10,Shere Bangla National Stadium,1,28.3,Sri Lanka,India,S Randiv,KC Sangakkara,A Mishra,1,0,,,,,,,,,
434262,2009/10,2010-01-10,Shere Bangla National Stadium,1,28.4,Sri Lanka,India,KC Sangakkara,S Randiv,A Mishra,2,0,,,,,,,,,
434262,2009/10,2010-01-10,Shere Bangla National Stadium,1,28.5,Sri Lanka,India,KC Sangakkara,S Randiv,A Mishra,0,0,,,,,,,,,
434262,2009/10,2010-01-10,Shere Bangla National Stadium,1,28.6,Sri Lanka,India,KC Sangakkara,S Randiv,A Mishra,4,0,,,,,,,,,
434262,2009/10,2010-01-10,Shere Bangla National Stadium,1,28.7,Sri Lanka,India,KC Sangakkara,S Randiv,A Mishra,0,0,,,,,,,,,
434262,2009/10,2010-01-10,Shere Bangla National Stadium,1,29.1,Sri Lanka,India,S Randiv,KC Sangakkara,Yuvraj Singh,0,0,,,,,,,,,
434262,2009/10,2010-01-10,Shere Bangla National Stadium,1,29.2,Sri Lanka,India,S Randiv,KC Sangakkara,Yuvraj Singh,0,0,,,,,,,,,
434262,2009/10,2010-01-10,Shere Bangla National Stadium,1,29.3,Sri Lanka,India,S Randiv,KC Sangakkara,Yuvraj Singh,3,0,,,,,,,,,
434262,2009/10,2010-01-10,Shere Bangla National Stadium,1,29.4,Sri Lanka,India,KC Sangakkara,S Randiv,Yuvraj Singh,0,0,,,,,,caught,KC Sangakkara,,
434262,2009/10,2010-01-10,Shere Bangla National Stadium,1,29.5,Sri Lanka,India,T Thushara,S Randiv,Yuvraj Singh,0,0,,,,,,,,,
434262,2009/10,2010-01-10,Shere Bangla National Stadium,1,29.6,Sri Lanka,India,T Thushara,S Randiv,Yuvraj Singh,0,0,,,,,,,,,
434262,2009/10,2010-01-10,Shere Bangla National Stadium,1,30.1,Sri Lanka,India,S Randiv,T Thushara,S Tyagi,0,0,,,,,,,,,
434262,2009/10,2010-01-10,Shere Bangla National Stadium,1,30.2,Sri Lanka,India,S Randiv,T Thushara,S Tyagi,0,0,,,,,,,,,
434262,2009/10,2010-01-10,Shere Bangla National Stadium,1,30.3,Sri Lanka,India,S Randiv,T Thushara,S Tyagi,0,0,,,,,,,,,
434262,2009/10,2010-01-10,Shere Bangla National Stadium,1,30.4,Sri Lanka,India,S Randiv,T Thushara,S Tyagi,1,0,,,,,,,,,
434262,2009/10,2010-01-10,Shere Bangla National Stadium,1,30.5,Sri Lanka,India,T Thushara,S Randiv,S Tyagi,0,0,,,,,,,,,
434262,2009/10,2010-01-10,Shere Bangla National Stadium,1,30.6,Sri Lanka,India,T Thushara,S Randiv,S Tyagi,0,0,,,,,,,,,
434262,2009/10,2010-01-10,Shere Bangla National Stadium,1,31.1,Sri Lanka,India,S Randiv,T Thushara,Yuvraj Singh,0,0,,,,,,,,,
434262,2009/10,2010-01-10,Shere Bangla National Stadium,1,31.2,Sri Lanka,India,S Randiv,T Thushara,Yuvraj Singh,1,0,,,,,,,,,
434262,2009/10,2010-01-10,Shere Bangla National Stadium,1,31.3,Sri Lanka,India,T Thushara,S Randiv,Yuvraj Singh,0,0,,,,,,,,,
434262,2009/10,2010-01-10,Shere Bangla National Stadium,1,31.4,Sri Lanka,India,T Thushara,S Randiv,Yuvraj Singh,2,0,,,,,,,,,
434262,2009/10,2010-01-10,Shere Bangla National Stadium,1,31.5,Sri Lanka,India,T Thushara,S Randiv,Yuvraj Singh,0,0,,,,,,,,,
434262,2009/10,2010-01-10,Shere Bangla National Stadium,1,31.6,Sri Lanka,India,T Thushara,S Randiv,Yuvraj Singh,0,0,,,,,,,,,
434262,2009/10,2010-01-10,Shere Bangla National Stadium,1,32.1,Sri Lanka,India,S Randiv,T Thushara,S Tyagi,1,0,,,,,,,,,
434262,2009/10,2010-01-10,Shere Bangla National Stadium,1,32.2,Sri Lanka,India,T Thushara,S Randiv,S Tyagi,1,0,,,,,,,,,
434262,2009/10,2010-01-10,Shere Bangla National Stadium,1,32.3,Sri Lanka,India,S Randiv,T Thushara,S Tyagi,2,0,,,,,,,,,
434262,2009/10,2010-01-10,Shere Bangla National Stadium,1,32.4,Sri Lanka,India,S Randiv,T Thushara,S Tyagi,4,0,,,,,,,,,
434262,2009/10,2010-01-10,Shere Bangla National Stadium,1,32.5,Sri Lanka,India,S Randiv,T Thushara,S Tyagi,0,0,,,,,,,,,
434262,2009/10,2010-01-10,Shere Bangla National Stadium,1,32.6,Sri Lanka,India,S Randiv,T Thushara,S Tyagi,2,0,,,,,,,,,
434262,2009/10,2010-01-10,Shere Bangla National Stadium,1,33.1,Sri Lanka,India,T Thushara,S Randiv,Z Khan,1,0,,,,,,,,,
434262,2009/10,2010-01-10,Shere Bangla National Stadium,1,33.2,Sri Lanka,India,S Randiv,T Thushara,Z Khan,1,0,,,,,,,,,
434262,2009/10,2010-01-10,Shere Bangla National Stadium,1,33.3,Sri Lanka,India,T Thushara,S Randiv,Z Khan,0,0,,,,,,,,,
434262,2009/10,2010-01-10,Shere Bangla National Stadium,1,33.4,Sri Lanka,India,T Thushara,S Randiv,Z Khan,0,0,,,,,,,,,
434262,2009/10,2010-01-10,Shere Bangla National Stadium,1,33.5,Sri Lanka,India,T Thushara,S Randiv,Z Khan,1,0,,,,,,,,,
434262,2009/10,2010-01-10,Shere Bangla National Stadium,1,33.6,Sri Lanka,India,S Randiv,T Thushara,Z Khan,1,0,,,,,,,,,
434262,2009/10,2010-01-10,Shere Bangla National Stadium,1,34.1,Sri Lanka,India,S Randiv,T Thushara,S Sreesanth,0,0,,,,,,,,,
434262,2009/10,2010-01-10,Shere Bangla National Stadium,1,34.2,Sri Lanka,India,S Randiv,T Thushara,S Sreesanth,4,0,,,,,,,,,
434262,2009/10,2010-01-10,Shere Bangla National Stadium,1,34.3,Sri Lanka,India,S Randiv,T Thushara,S Sreesanth,0,0,,,,,,,,,
434262,2009/10,2010-01-10,Shere Bangla National Stadium,1,34.4,Sri Lanka,India,S Randiv,T Thushara,S Sreesanth,1,0,,,,,,,,,
434262,2009/10,2010-01-10,Shere Bangla National Stadium,1,34.5,Sri Lanka,India,T Thushara,S Randiv,S Sreesanth,0,0,,,,,,,,,
434262,2009/10,2010-01-10,Shere Bangla National Stadium,1,34.6,Sri Lanka,India,T Thushara,S Randiv,S Sreesanth,1,0,,,,,,,,,
434262,2009/10,2010-01-10,Shere Bangla National Stadium,1,35.1,Sri Lanka,India,T Thushara,S Randiv,Z Khan,4,0,,,,,,,,,
434262,2009/10,2010-01-10,Shere Bangla National Stadium,1,35.2,Sri Lanka,India,T Thushara,S Randiv,Z Khan,1,0,,,,,,,,,
434262,2009/10,2010-01-10,Shere Bangla National Stadium,1,35.3,Sri Lanka,India,S Randiv,T Thushara,Z Khan,0,0,,,,,,,,,
434262,2009/10,2010-01-10,Shere Bangla National Stadium,1,35.4,Sri Lanka,India,S Randiv,T Thushara,Z Khan,0,0,,,,,,,,,
434262,2009/10,2010-01-10,Shere Bangla National Stadium,1,35.5,Sri Lanka,India,S Randiv,T Thushara,Z Khan,0,0,,,,,,,,,
434262,2009/10,2010-01-10,Shere Bangla National Stadium,1,35.6,Sri Lanka,India,S Randiv,T Thushara,Z Khan,0,0,,,,,,,,,
434262,2009/10,2010-01-10,Shere Bangla National Stadium,1,36.1,Sri Lanka,India,T Thushara,S Randiv,A Mishra,0,0,,,,,,,,,
434262,2009/10,2010-01-10,Shere Bangla National Stadium,1,36.2,Sri Lanka,India,T Thushara,S Randiv,A Mishra,0,0,,,,,,,,,
434262,2009/10,2010-01-10,Shere Bangla National Stadium,1,36.3,Sri Lanka,India,T Thushara,S Randiv,A Mishra,1,0,,,,,,,,,
434262,2009/10,2010-01-10,Shere Bangla National Stadium,1,36.4,Sri Lanka,India,S Randiv,T Thushara,A Mishra,0,0,,,,,,,,,
434262,2009/10,2010-01-10,Shere Bangla National Stadium,1,36.5,Sri Lanka,India,S Randiv,T Thushara,A Mishra,0,0,,,,,,,,,
434262,2009/10,2010-01-10,Shere Bangla National Stadium,1,36.6,Sri Lanka,India,S Randiv,T Thushara,A Mishra,1,0,,,,,,,,,
434262,2009/10,2010-01-10,Shere Bangla National Stadium,1,37.1,Sri Lanka,India,S Randiv,T Thushara,RA Jadeja,0,0,,,,,,,,,
434262,2009/10,2010-01-10,Shere Bangla National Stadium,1,37.2,Sri Lanka,India,S Randiv,T Thushara,RA Jadeja,1,0,,,,,,,,,
434262,2009/10,2010-01-10,Shere Bangla National Stadium,1,37.3,Sri Lanka,India,T Thushara,S Randiv,RA Jadeja,0,0,,,,,,,,,
434262,2009/10,2010-01-10,Shere Bangla National Stadium,1,37.4,Sri Lanka,India,T Thushara,S Randiv,RA Jadeja,0,0,,,,,,,,,
434262,2009/10,2010-01-10,Shere Bangla National Stadium,1,37.5,Sri Lanka,India,T Thushara,S Randiv,RA Jadeja,1,0,,,,,,,,,
434262,2009/10,2010-01-10,Shere Bangla National Stadium,1,37.6,Sri Lanka,India,S Randiv,T Thushara,RA Jadeja,1,0,,,,,,,,,
434262,2009/10,2010-01-10,Shere Bangla National Stadium,1,38.1,Sri Lanka,India,S Randiv,T Thushara,SK Raina,0,0,,,,,,,,,
434262,2009/10,2010-01-10,Shere Bangla National Stadium,1,38.2,Sri Lanka,India,S Randiv,T Thushara,SK Raina,1,0,,,,,,,,,
434262,2009/10,2010-01-10,Shere Bangla National Stadium,1,38.3,Sri Lanka,India,T Thushara,S Randiv,SK Raina,2,0,,,,,,,,,
434262,2009/10,2010-01-10,Shere Bangla National Stadium,1,38.4,Sri Lanka,India,T Thushara,S Randiv,SK Raina,0,0,,,,,,,,,
434262,2009/10,2010-01-10,Shere Bangla National Stadium,1,38.5,Sri Lanka,India,T Thushara,S Randiv,SK Raina,0,0,,,,,,,,,
434262,2009/10,2010-01-10,Shere Bangla National Stadium,1,38.6,Sri Lanka,India,T Thushara,S Randiv,SK Raina,0,0,,,,,,,,,
434262,2009/10,2010-01-10,Shere Bangla National Stadium,1,39.1,Sri Lanka,India,S Randiv,T Thushara,RA Jadeja,1,0,,,,,,,,,
434262,2009/10,2010-01-10,Shere Bangla National Stadium,1,39.2,Sri Lanka,India,T Thushara,S Randiv,RA Jadeja,0,0,,,,,,,,,
434262,2009/10,2010-01-10,Shere Bangla National Stadium,1,39.3,Sri Lanka,India,T Thushara,S Randiv,RA Jadeja,0,0,,,,,,,,,
434262,2009/10,2010-01-10,Shere Bangla National Stadium,1,39.4,Sri Lanka,India,T Thushara,S Randiv,RA Jadeja,0,0,,,,,,,,,
434262,2009/10,2010-01-10,Shere Bangla National Stadium,1,39.5,Sri Lanka,India,T Thushara,S Randiv,RA Jadeja,1,0,,,,,,,,,
434262,2009/10,2010-01-10,Shere Bangla National Stadium,1,39.6,Sri Lanka,India,S Randiv,T Thushara,RA Jadeja,0,0,,,,,,,,,
434262,2009/10,2010-01-10,Shere Bangla National Stadium,1,40.1,Sri Lanka,India,T Thushara,S Randiv,SK Raina,0,0,,,,,,,,,
434262,2009/10,2010-01-10,Shere Bangla National Stadium,1,40.2,Sri Lanka,India,T Thushara,S Randiv,SK Raina,1,0,,,,,,,,,
434262,2009/10,2010-01-10,Shere Bangla National Stadium,1,40.3,Sri Lanka,India,S Randiv,T Thushara,SK Raina,0,0,,,,,,,,,
434262,2009/10,2010-01-10,Shere Bangla National Stadium,1,40.4,Sri Lanka,India,S Randiv,T Thushara,SK Raina,0,0,,,,,,,,,
434262,2009/10,2010-01-10,Shere Bangla National Stadium,1,40.5,Sri Lanka,India,S Randiv,T Thushara,SK Raina,1,0,,,,,,,,,
434262,2009/10,2010-01-10,Shere Bangla National Stadium,1,40.6,Sri Lanka,India,T Thushara,S Randiv,SK Raina,0,0,,,,,,,,,
434262,2009/10,2010-01-10,Shere Bangla National Stadium,1,41.1,Sri Lanka,India,S Randiv,T Thushara,Yuvraj Singh,0,1,1,,,,,,,,
434262,2009/10,2010-01-10,Shere Bangla National Stadium,1,41.2,Sri Lanka,India,S Randiv,T Thushara,Yuvraj Singh,1,0,,,,,,,,,
434262,2009/10,2010-01-10,Shere Bangla National Stadium,1,41.3,Sri Lanka,India,T Thushara,S Randiv,Yuvraj Singh,0,0,,,,,,,,,
434262,2009/10,2010-01-10,Shere Bangla National Stadium,1,41.4,Sri Lanka,India,T Thushara,S Randiv,Yuvraj Singh,0,0,,,,,,,,,
434262,2009/10,2010-01-10,Shere Bangla National Stadium,1,41.5,Sri Lanka,India,T Thushara,S Randiv,Yuvraj Singh,4,0,,,,,,,,,
434262,2009/10,2010-01-10,Shere Bangla National Stadium,1,41.6,Sri Lanka,India,T Thushara,S Randiv,Yuvraj Singh,1,0,,,,,,,,,
434262,2009/10,2010-01-10,Shere Bangla National Stadium,1,41.7,Sri Lanka,India,S Randiv,T Thushara,Yuvraj Singh,2,0,,,,,,,,,
434262,2009/10,2010-01-10,Shere Bangla National Stadium,1,42.1,Sri Lanka,India,T Thushara,S Randiv,SK Raina,0,0,,,,,,,,,
434262,2009/10,2010-01-10,Shere Bangla National Stadium,1,42.2,Sri Lanka,India,T Thushara,S Randiv,SK Raina,1,0,,,,,,,,,
434262,2009/10,2010-01-10,Shere Bangla National Stadium,1,42.3,Sri Lanka,India,S Randiv,T Thushara,SK Raina,1,0,,,,,,,,,
434262,2009/10,2010-01-10,Shere Bangla National Stadium,1,42.4,Sri Lanka,India,T Thushara,S Randiv,SK Raina,1,0,,,,,,,,,
434262,2009/10,2010-01-10,Shere Bangla National Stadium,1,42.5,Sri Lanka,India,S Randiv,T Thushara,SK Raina,1,0,,,,,,,,,
434262,2009/10,2010-01-10,Shere Bangla National Stadium,1,42.6,Sri Lanka,India,T Thushara,S Randiv,SK Raina,0,0,,,,,,,,,
434262,2009/10,2010-01-10,Shere Bangla National Stadium,1,43.1,Sri Lanka,India,S Randiv,T Thushara,Z Khan,1,0,,,,,,,,,
434262,2009/10,2010-01-10,Shere Bangla National Stadium,1,43.2,Sri Lanka,India,T Thushara,S Randiv,Z Khan,4,0,,,,,,,,,
434262,2009/10,2010-01-10,Shere Bangla National Stadium,1,43.3,Sri Lanka,India,T Thushara,S Randiv,Z Khan,0,0,,,,,,caught,T Thushara,,
434262,2009/10,2010-01-10,Shere Bangla National Stadium,1,43.4,Sri Lanka,India,S Randiv,UWMBCA Welegedara,Z Khan,1,0,,,,,,,,,
434262,2009/10,2010-01-10,Shere Bangla National Stadium,1,43.5,Sri Lanka,India,UWMBCA Welegedara,S Randiv,Z Khan,1,0,,,,,,,,,
434262,2009/10,2010-01-10,Shere Bangla National Stadium,1,43.6,Sri Lanka,India,S Randiv,UWMBCA Welegedara,Z Khan,1,0,,,,,,,,,
434262,2009/10,2010-01-10,Shere Bangla National Stadium,1,44.1,Sri Lanka,India,S Randiv,UWMBCA Welegedara,A Mishra,4,0,,,,,,,,,
434262,2009/10,2010-01-10,Shere Bangla National Stadium,1,44.2,Sri Lanka,India,S Randiv,UWMBCA Welegedara,A Mishra,0,0,,,,,,bowled,S Randiv,,
434262,2009/10,2010-01-10,Shere Bangla National Stadium,1,44.3,Sri Lanka,India,RAS Lakmal,UWMBCA Welegedara,A Mishra,0,1,1,,,,,,,,
434262,2009/10,2010-01-10,Shere Bangla National Stadium,1,44.4,Sri Lanka,India,RAS Lakmal,UWMBCA Welegedara,A Mishra,0,1,1,,,,,,,,
434262,2009/10,2010-01-10,Shere Bangla National Stadium,1,44.5,Sri Lanka,India,RAS Lakmal,UWMBCA Welegedara,A Mishra,0,1,1,,,,,,,,
434262,2009/10,2010-01-10,Shere Bangla National Stadium,1,44.6,Sri Lanka,India,RAS Lakmal,UWMBCA Welegedara,A Mishra,0,0,,,,,,,,,
434262,2009/10,2010-01-10,Shere Bangla National Stadium,1,44.7,Sri Lanka,India,RAS Lakmal,UWMBCA Welegedara,A Mishra,0,0,,,,,,,,,
434262,2009/10,2010-01-10,Shere Bangla National Stadium,1,44.8,Sri Lanka,India,RAS Lakmal,UWMBCA Welegedara,A Mishra,0,0,,,,,,,,,
434262,2009/10,2010-01-10,Shere Bangla National Stadium,1,44.9,Sri Lanka,India,RAS Lakmal,UWMBCA Welegedara,A Mishra,0,0,,,,,,,,,
434262,2009/10,2010-01-10,Shere Bangla National Stadium,1,45.1,Sri Lanka,India,UWMBCA Welegedara,RAS Lakmal,RA Jadeja,0,0,,,,,,,,,
434262,2009/10,2010-01-10,Shere Bangla National Stadium,1,45.2,Sri Lanka,India,UWMBCA Welegedara,RAS Lakmal,RA Jadeja,0,1,,,,1,,,,,
434262,2009/10,2010-01-10,Shere Bangla National Stadium,1,45.3,Sri Lanka,India,RAS Lakmal,UWMBCA Welegedara,RA Jadeja,0,0,,,,,,,,,
434262,2009/10,2010-01-10,Shere Bangla National Stadium,1,45.4,Sri Lanka,India,RAS Lakmal,UWMBCA Welegedara,RA Jadeja,0,0,,,,,,,,,
434262,2009/10,2010-01-10,Shere Bangla National Stadium,1,45.5,Sri Lanka,India,RAS Lakmal,UWMBCA Welegedara,RA Jadeja,0,0,,,,,,,,,
434262,2009/10,2010-01-10,Shere Bangla National Stadium,1,45.6,Sri Lanka,India,RAS Lakmal,UWMBCA Welegedara,RA Jadeja,0,0,,,,,,,,,
434262,2009/10,2010-01-10,Shere Bangla National Stadium,1,46.1,Sri Lanka,India,UWMBCA Welegedara,RAS Lakmal,A Mishra,0,0,,,,,,stumped,UWMBCA Welegedara,,
434262,2009/10,2010-01-10,Shere Bangla National Stadium,2,0.1,India,Sri Lanka,KD Karthik,G Gambhir,UWMBCA Welegedara,0,0,,,,,,,,,
434262,2009/10,2010-01-10,Shere Bangla National Stadium,2,0.2,India,Sri Lanka,KD Karthik,G Gambhir,UWMBCA Welegedara,0,0,,,,,,,,,
434262,2009/10,2010-01-10,Shere Bangla National Stadium,2,0.3,India,Sri Lanka,KD Karthik,G Gambhir,UWMBCA Welegedara,2,0,,,,,,,,,
434262,2009/10,2010-01-10,Shere Bangla National Stadium,2,0.4,India,Sri Lanka,KD Karthik,G Gambhir,UWMBCA Welegedara,1,0,,,,,,,,,
434262,2009/10,2010-01-10,Shere Bangla National Stadium,2,0.5,India,Sri Lanka,G Gambhir,KD Karthik,UWMBCA Welegedara,0,1,,,,1,,,,,
434262,2009/10,2010-01-10,Shere Bangla National Stadium,2,0.6,India,Sri Lanka,KD Karthik,G Gambhir,UWMBCA Welegedara,4,0,,,,,,,,,
434262,2009/10,2010-01-10,Shere Bangla National Stadium,2,1.1,India,Sri Lanka,G Gambhir,KD Karthik,RAS Lakmal,0,0,,,,,,,,,
434262,2009/10,2010-01-10,Shere Bangla National Stadium,2,1.2,India,Sri Lanka,G Gambhir,KD Karthik,RAS Lakmal,0,0,,,,,,,,,
434262,2009/10,2010-01-10,Shere Bangla National Stadium,2,1.3,India,Sri Lanka,G Gambhir,KD Karthik,RAS Lakmal,4,0,,,,,,,,,
434262,2009/10,2010-01-10,Shere Bangla National Stadium,2,1.4,India,Sri Lanka,G Gambhir,KD Karthik,RAS Lakmal,2,0,,,,,,,,,
434262,2009/10,2010-01-10,Shere Bangla National Stadium,2,1.5,India,Sri Lanka,G Gambhir,KD Karthik,RAS Lakmal,0,0,,,,,,,,,
434262,2009/10,2010-01-10,Shere Bangla National Stadium,2,1.6,India,Sri Lanka,G Gambhir,KD Karthik,RAS Lakmal,0,0,,,,,,,,,
434262,2009/10,2010-01-10,Shere Bangla National Stadium,2,2.1,India,Sri Lanka,KD Karthik,G Gambhir,UWMBCA Welegedara,0,0,,,,,,,,,
434262,2009/10,2010-01-10,Shere Bangla National Stadium,2,2.2,India,Sri Lanka,KD Karthik,G Gambhir,UWMBCA Welegedara,0,0,,,,,,,,,
434262,2009/10,2010-01-10,Shere Bangla National Stadium,2,2.3,India,Sri Lanka,KD Karthik,G Gambhir,UWMBCA Welegedara,4,0,,,,,,,,,
434262,2009/10,2010-01-10,Shere Bangla National Stadium,2,2.4,India,Sri Lanka,KD Karthik,G Gambhir,UWMBCA Welegedara,0,0,,,,,,,,,
434262,2009/10,2010-01-10,Shere Bangla National Stadium,2,2.5,India,Sri Lanka,KD Karthik,G Gambhir,UWMBCA Welegedara,4,0,,,,,,,,,
434262,2009/10,2010-01-10,Shere Bangla National Stadium,2,2.6,India,Sri Lanka,KD Karthik,G Gambhir,UWMBCA Welegedara,0,0,,,,,,,,,
434262,2009/10,2010-01-10,Shere Bangla National Stadium,2,3.1,India,Sri Lanka,G Gambhir,KD Karthik,RAS Lakmal,1,0,,,,,,,,,
434262,2009/10,2010-01-10,Shere Bangla National Stadium,2,3.2,India,Sri Lanka,KD Karthik,G Gambhir,RAS Lakmal,0,1,,1,,,,,,,
434262,2009/10,2010-01-10,Shere Bangla National Stadium,2,3.3,India,Sri Lanka,KD Karthik,G Gambhir,RAS Lakmal,1,0,,,,,,,,,
434262,2009/10,2010-01-10,Shere Bangla National Stadium,2,3.4,India,Sri Lanka,G Gambhir,KD Karthik,RAS Lakmal,4,0,,,,,,,,,
434262,2009/10,2010-01-10,Shere Bangla National Stadium,2,3.5,India,Sri Lanka,G Gambhir,KD Karthik,RAS Lakmal,1,0,,,,,,,,,
434262,2009/10,2010-01-10,Shere Bangla National Stadium,2,3.6,India,Sri Lanka,KD Karthik,G Gambhir,RAS Lakmal,0,0,,,,,,,,,
434262,2009/10,2010-01-10,Shere Bangla National Stadium,2,3.7,India,Sri Lanka,KD Karthik,G Gambhir,RAS Lakmal,0,0,,,,,,,,,
434262,2009/10,2010-01-10,Shere Bangla National Stadium,2,4.1,India,Sri Lanka,G Gambhir,KD Karthik,UWMBCA Welegedara,4,0,,,,,,,,,
434262,2009/10,2010-01-10,Shere Bangla National Stadium,2,4.2,India,Sri Lanka,G Gambhir,KD Karthik,UWMBCA Welegedara,0,0,,,,,,,,,
434262,2009/10,2010-01-10,Shere Bangla National Stadium,2,4.3,India,Sri Lanka,G Gambhir,KD Karthik,UWMBCA Welegedara,0,0,,,,,,,,,
434262,2009/10,2010-01-10,Shere Bangla National Stadium,2,4.4,India,Sri Lanka,G Gambhir,KD Karthik,UWMBCA Welegedara,0,0,,,,,,,,,
434262,2009/10,2010-01-10,Shere Bangla National Stadium,2,4.5,India,Sri Lanka,G Gambhir,KD Karthik,UWMBCA Welegedara,0,0,,,,,,,,,
434262,2009/10,2010-01-10,Shere Bangla National Stadium,2,4.6,India,Sri Lanka,G Gambhir,KD Karthik,UWMBCA Welegedara,0,0,,,,,,,,,
434262,2009/10,2010-01-10,Shere Bangla National Stadium,2,5.1,India,Sri Lanka,KD Karthik,G Gambhir,RAS Lakmal,4,0,,,,,,,,,
434262,2009/10,2010-01-10,Shere Bangla National Stadium,2,5.2,India,Sri Lanka,KD Karthik,G Gambhir,RAS Lakmal,0,1,,1,,,,,,,
434262,2009/10,2010-01-10,Shere Bangla National Stadium,2,5.3,India,Sri Lanka,KD Karthik,G Gambhir,RAS Lakmal,0,0,,,,,,,,,
434262,2009/10,2010-01-10,Shere Bangla National Stadium,2,5.4,India,Sri Lanka,KD Karthik,G Gambhir,RAS Lakmal,0,0,,,,,,,,,
434262,2009/10,2010-01-10,Shere Bangla National Stadium,2,5.5,India,Sri Lanka,KD Karthik,G Gambhir,RAS Lakmal,0,0,,,,,,,,,
434262,2009/10,2010-01-10,Shere Bangla National Stadium,2,5.6,India,Sri Lanka,KD Karthik,G Gambhir,RAS Lakmal,0,0,,,,,,,,,
434262,2009/10,2010-01-10,Shere Bangla National Stadium,2,5.7,India,Sri Lanka,KD Karthik,G Gambhir,RAS Lakmal,4,0,,,,,,,,,
434262,2009/10,2010-01-10,Shere Bangla National Stadium,2,6.1,India,Sri Lanka,G Gambhir,KD Karthik,UWMBCA Welegedara,4,0,,,,,,,,,
434262,2009/10,2010-01-10,Shere Bangla National Stadium,2,6.2,India,Sri Lanka,G Gambhir,KD Karthik,UWMBCA Welegedara,1,1,,1,,,,,,,
434262,2009/10,2010-01-10,Shere Bangla National Stadium,2,6.3,India,Sri Lanka,KD Karthik,G Gambhir,UWMBCA Welegedara,4,0,,,,,,,,,
434262,2009/10,2010-01-10,Shere Bangla National Stadium,2,6.4,India,Sri Lanka,KD Karthik,G Gambhir,UWMBCA Welegedara,2,0,,,,,,,,,
434262,2009/10,2010-01-10,Shere Bangla National Stadium,2,6.5,India,Sri Lanka,KD Karthik,G Gambhir,UWMBCA Welegedara,0,0,,,,,,,,,
434262,2009/10,2010-01-10,Shere Bangla National Stadium,2,6.6,India,Sri Lanka,KD Karthik,G Gambhir,UWMBCA Welegedara,1,0,,,,,,,,,
434262,2009/10,2010-01-10,Shere Bangla National Stadium,2,6.7,India,Sri Lanka,G Gambhir,KD Karthik,UWMBCA Welegedara,4,0,,,,,,,,,
434262,2009/10,2010-01-10,Shere Bangla National Stadium,2,7.1,India,Sri Lanka,KD Karthik,G Gambhir,T Thushara,0,0,,,,,,,,,
434262,2009/10,2010-01-10,Shere Bangla National Stadium,2,7.2,India,Sri Lanka,KD Karthik,G Gambhir,T Thushara,2,0,,,,,,,,,
434262,2009/10,2010-01-10,Shere Bangla National Stadium,2,7.3,India,Sri Lanka,KD Karthik,G Gambhir,T Thushara,4,0,,,,,,,,,
434262,2009/10,2010-01-10,Shere Bangla National Stadium,2,7.4,India,Sri Lanka,KD Karthik,G Gambhir,T Thushara,4,0,,,,,,,,,
434262,2009/10,2010-01-10,Shere Bangla National Stadium,2,7.5,India,Sri Lanka,KD Karthik,G Gambhir,T Thushara,4,0,,,,,,,,,
434262,2009/10,2010-01-10,Shere Bangla National Stadium,2,7.6,India,Sri Lanka,KD Karthik,G Gambhir,T Thushara,0,0,,,,,,,,,
434262,2009/10,2010-01-10,Shere Bangla National Stadium,2,8.1,India,Sri Lanka,G Gambhir,KD Karthik,UWMBCA Welegedara,4,0,,,,,,,,,
434262,2009/10,2010-01-10,Shere Bangla National Stadium,2,8.2,India,Sri Lanka,G Gambhir,KD Karthik,UWMBCA Welegedara,0,0,,,,,,,,,
434262,2009/10,2010-01-10,Shere Bangla National Stadium,2,8.3,India,Sri Lanka,G Gambhir,KD Karthik,UWMBCA Welegedara,0,0,,,,,,,,,
434262,2009/10,2010-01-10,Shere Bangla National Stadium,2,8.4,India,Sri Lanka,G Gambhir,KD Karthik,UWMBCA Welegedara,1,0,,,,,,,,,
434262,2009/10,2010-01-10,Shere Bangla National Stadium,2,8.5,India,Sri Lanka,KD Karthik,G Gambhir,UWMBCA Welegedara,1,0,,,,,,,,,
434262,2009/10,2010-01-10,Shere Bangla National Stadium,2,8.6,India,Sri Lanka,G Gambhir,KD Karthik,UWMBCA Welegedara,0,0,,,,,,,,,
434262,2009/10,2010-01-10,Shere Bangla National Stadium,2,9.1,India,Sri Lanka,KD Karthik,G Gambhir,T Thushara,0,0,,,,,,,,,
434262,2009/10,2010-01-10,Shere Bangla National Stadium,2,9.2,India,Sri Lanka,KD Karthik,G Gambhir,T Thushara,0,2,2,,,,,,,,
434262,2009/10,2010-01-10,Shere Bangla National Stadium,2,9.3,India,Sri Lanka,G Gambhir,KD Karthik,T Thushara,0,0,,,,,,,,,
434262,2009/10,2010-01-10,Shere Bangla National Stadium,2,9.4,India,Sri Lanka,G Gambhir,KD Karthik,T Thushara,0,0,,,,,,,,,
434262,2009/10,2010-01-10,Shere Bangla National Stadium,2,9.5,India,Sri Lanka,G Gambhir,KD Karthik,T Thushara,0,0,,,,,,,,,
434262,2009/10,2010-01-10,Shere Bangla National Stadium,2,9.6,India,Sri Lanka,G Gambhir,KD Karthik,T Thushara,4,0,,,,,,,,,
434262,2009/10,2010-01-10,Shere Bangla National Stadium,2,9.7,India,Sri Lanka,G Gambhir,KD Karthik,T Thushara,0,0,,,,,,,,,
434262,2009/10,2010-01-10,Shere Bangla National Stadium,2,10.1,India,Sri Lanka,KD Karthik,G Gambhir,S Randiv,0,0,,,,,,,,,
434262,2009/10,2010-01-10,Shere Bangla National Stadium,2,10.2,India,Sri Lanka,KD Karthik,G Gambhir,S Randiv,0,0,,,,,,,,,
434262,2009/10,2010-01-10,Shere Bangla National Stadium,2,10.3,India,Sri Lanka,KD Karthik,G Gambhir,S Randiv,0,0,,,,,,,,,
434262,2009/10,2010-01-10,Shere Bangla National Stadium,2,10.4,India,Sri Lanka,KD Karthik,G Gambhir,S Randiv,1,0,,,,,,,,,
434262,2009/10,2010-01-10,Shere Bangla National Stadium,2,10.5,India,Sri Lanka,G Gambhir,KD Karthik,S Randiv,0,0,,,,,,,,,
434262,2009/10,2010-01-10,Shere Bangla National Stadium,2,10.6,India,Sri Lanka,G Gambhir,KD Karthik,S Randiv,0,0,,,,,,,,,
434262,2009/10,2010-01-10,Shere Bangla National Stadium,2,11.1,India,Sri Lanka,KD Karthik,G Gambhir,T Thushara,1,0,,,,,,,,,
434262,2009/10,2010-01-10,Shere Bangla National Stadium,2,11.2,India,Sri Lanka,G Gambhir,KD Karthik,T Thushara,1,0,,,,,,,,,
434262,2009/10,2010-01-10,Shere Bangla National Stadium,2,11.3,India,Sri Lanka,KD Karthik,G Gambhir,T Thushara,0,0,,,,,,caught,KD Karthik,,
434262,2009/10,2010-01-10,Shere Bangla National Stadium,2,11.4,India,Sri Lanka,V Kohli,G Gambhir,T Thushara,0,0,,,,,,,,,
434262,2009/10,2010-01-10,Shere Bangla National Stadium,2,11.5,India,Sri Lanka,V Kohli,G Gambhir,T Thushara,0,0,,,,,,,,,
434262,2009/10,2010-01-10,Shere Bangla National Stadium,2,11.6,India,Sri Lanka,V Kohli,G Gambhir,T Thushara,0,0,,,,,,,,,
434262,2009/10,2010-01-10,Shere Bangla National Stadium,2,12.1,India,Sri Lanka,G Gambhir,V Kohli,S Randiv,1,0,,,,,,,,,
434262,2009/10,2010-01-10,Shere Bangla National Stadium,2,12.2,India,Sri Lanka,V Kohli,G Gambhir,S Randiv,0,0,,,,,,,,,
434262,2009/10,2010-01-10,Shere Bangla National Stadium,2,12.3,India,Sri Lanka,V Kohli,G Gambhir,S Randiv,1,0,,,,,,,,,
434262,2009/10,2010-01-10,Shere Bangla National Stadium,2,12.4,India,Sri Lanka,G Gambhir,V Kohli,S Randiv,0,0,,,,,,,,,
434262,2009/10,2010-01-10,Shere Bangla National Stadium,2,12.5,India,Sri Lanka,G Gambhir,V Kohli,S Randiv,3,0,,,,,,,,,
434262,2009/10,2010-01-10,Shere Bangla National Stadium,2,12.6,India,Sri Lanka,V Kohli,G Gambhir,S Randiv,0,0,,,,,,,,,
434262,2009/10,2010-01-10,Shere Bangla National Stadium,2,13.1,India,Sri Lanka,G Gambhir,V Kohli,T Thushara,1,0,,,,,,,,,
434262,2009/10,2010-01-10,Shere Bangla National Stadium,2,13.2,India,Sri Lanka,V Kohli,G Gambhir,T Thushara,1,0,,,,,,,,,
434262,2009/10,2010-01-10,Shere Bangla National Stadium,2,13.3,India,Sri Lanka,G Gambhir,V Kohli,T Thushara,0,0,,,,,,,,,
434262,2009/10,2010-01-10,Shere Bangla National Stadium,2,13.4,India,Sri Lanka,G Gambhir,V Kohli,T Thushara,1,0,,,,,,,,,
434262,2009/10,2010-01-10,Shere Bangla National Stadium,2,13.5,India,Sri Lanka,V Kohli,G Gambhir,T Thushara,1,0,,,,,,,,,
434262,2009/10,2010-01-10,Shere Bangla National Stadium,2,13.6,India,Sri Lanka,G Gambhir,V Kohli,T Thushara,0,0,,,,,,,,,
434262,2009/10,2010-01-10,Shere Bangla National Stadium,2,14.1,India,Sri Lanka,V Kohli,G Gambhir,S Randiv,1,0,,,,,,,,,
434262,2009/10,2010-01-10,Shere Bangla National Stadium,2,14.2,India,Sri Lanka,G Gambhir,V Kohli,S Randiv,0,0,,,,,,,,,
434262,2009/10,2010-01-10,Shere Bangla National Stadium,2,14.3,India,Sri Lanka,G Gambhir,V Kohli,S Randiv,1,0,,,,,,,,,
434262,2009/10,2010-01-10,Shere Bangla National Stadium,2,14.4,India,Sri Lanka,V Kohli,G Gambhir,S Randiv,3,0,,,,,,,,,
434262,2009/10,2010-01-10,Shere Bangla National Stadium,2,14.5,India,Sri Lanka,G Gambhir,V Kohli,S Randiv,0,0,,,,,,,,,
434262,2009/10,2010-01-10,Shere Bangla National Stadium,2,14.6,India,Sri Lanka,G Gambhir,V Kohli,S Randiv,0,0,,,,,,,,,
434262,2009/10,2010-01-10,Shere Bangla National Stadium,2,15.1,India,Sri Lanka,V Kohli,G Gambhir,T Thushara,1,0,,,,,,,,,
434262,2009/10,2010-01-10,Shere Bangla National Stadium,2,15.2,India,Sri Lanka,G Gambhir,V Kohli,T Thushara,0,0,,,,,,,,,
434262,2009/10,2010-01-10,Shere Bangla National Stadium,2,15.3,India,Sri Lanka,G Gambhir,V Kohli,T Thushara,1,0,,,,,,,,,
434262,2009/10,2010-01-10,Shere Bangla National Stadium,2,15.4,India,Sri Lanka,V Kohli,G Gambhir,T Thushara,1,0,,,,,,,,,
434262,2009/10,2010-01-10,Shere Bangla National Stadium,2,15.5,India,Sri Lanka,G Gambhir,V Kohli,T Thushara,0,0,,,,,,,,,
434262,2009/10,2010-01-10,Shere Bangla National Stadium,2,15.6,India,Sri Lanka,G Gambhir,V Kohli,T Thushara,1,0,,,,,,,,,
434262,2009/10,2010-01-10,Shere Bangla National Stadium,2,16.1,India,Sri Lanka,G Gambhir,V Kohli,S Randiv,0,0,,,,,,,,,
434262,2009/10,2010-01-10,Shere Bangla National Stadium,2,16.2,India,Sri Lanka,G Gambhir,V Kohli,S Randiv,0,0,,,,,,,,,
434262,2009/10,2010-01-10,Shere Bangla National Stadium,2,16.3,India,Sri Lanka,G Gambhir,V Kohli,S Randiv,0,0,,,,,,,,,
434262,2009/10,2010-01-10,Shere Bangla National Stadium,2,16.4,India,Sri Lanka,G Gambhir,V Kohli,S Randiv,1,0,,,,,,,,,
434262,2009/10,2010-01-10,Shere Bangla National Stadium,2,16.5,India,Sri Lanka,V Kohli,G Gambhir,S Randiv,1,0,,,,,,,,,
434262,2009/10,2010-01-10,Shere Bangla National Stadium,2,16.6,India,Sri Lanka,G Gambhir,V Kohli,S Randiv,0,3,,,,3,,,,,
434262,2009/10,2010-01-10,Shere Bangla National Stadium,2,17.1,India,Sri Lanka,G Gambhir,V Kohli,T Thushara,1,0,,,,,,,,,
434262,2009/10,2010-01-10,Shere Bangla National Stadium,2,17.2,India,Sri Lanka,V Kohli,G Gambhir,T Thushara,0,0,,,,,,,,,
434262,2009/10,2010-01-10,Shere Bangla National Stadium,2,17.3,India,Sri Lanka,V Kohli,G Gambhir,T Thushara,1,0,,,,,,,,,
434262,2009/10,2010-01-10,Shere Bangla National Stadium,2,17.4,India,Sri Lanka,G Gambhir,V Kohli,T Thushara,0,0,,,,,,,,,
434262,2009/10,2010-01-10,Shere Bangla National Stadium,2,17.5,India,Sri Lanka,G Gambhir,V Kohli,T Thushara,0,0,,,,,,,,,
434262,2009/10,2010-01-10,Shere Bangla National Stadium,2,17.6,India,Sri Lanka,G Gambhir,V Kohli,T Thushara,1,0,,,,,,,,,
434262,2009/10,2010-01-10,Shere Bangla National Stadium,2,18.1,India,Sri Lanka,G Gambhir,V Kohli,S Randiv,0,0,,,,,,,,,
434262,2009/10,2010-01-10,Shere Bangla National Stadium,2,18.2,India,Sri Lanka,G Gambhir,V Kohli,S Randiv,0,0,,,,,,,,,
434262,2009/10,2010-01-10,Shere Bangla National Stadium,2,18.3,India,Sri Lanka,G Gambhir,V Kohli,S Randiv,0,0,,,,,,,,,
434262,2009/10,2010-01-10,Shere Bangla National Stadium,2,18.4,India,Sri Lanka,G Gambhir,V Kohli,S Randiv,0,0,,,,,,,,,
434262,2009/10,2010-01-10,Shere Bangla National Stadium,2,18.5,India,Sri Lanka,G Gambhir,V Kohli,S Randiv,0,0,,,,,,,,,
434262,2009/10,2010-01-10,Shere Bangla National Stadium,2,18.6,India,Sri Lanka,G Gambhir,V Kohli,S Randiv,1,0,,,,,,,,,
434262,2009/10,2010-01-10,Shere Bangla National Stadium,2,19.1,India,Sri Lanka,G Gambhir,V Kohli,RAS Lakmal,0,0,,,,,,,,,
434262,2009/10,2010-01-10,Shere Bangla National Stadium,2,19.2,India,Sri Lanka,G Gambhir,V Kohli,RAS Lakmal,0,0,,,,,,,,,
434262,2009/10,2010-01-10,Shere Bangla National Stadium,2,19.3,India,Sri Lanka,G Gambhir,V Kohli,RAS Lakmal,1,0,,,,,,,,,
434262,2009/10,2010-01-10,Shere Bangla National Stadium,2,19.4,India,Sri Lanka,V Kohli,G Gambhir,RAS Lakmal,0,0,,,,,,,,,
434262,2009/10,2010-01-10,Shere Bangla National Stadium,2,19.5,India,Sri Lanka,V Kohli,G Gambhir,RAS Lakmal,0,0,,,,,,,,,
434262,2009/10,2010-01-10,Shere Bangla National Stadium,2,19.6,India,Sri Lanka,V Kohli,G Gambhir,RAS Lakmal,0,0,,,,,,,,,
434262,2009/10,2010-01-10,Shere Bangla National Stadium,2,20.1,India,Sri Lanka,G Gambhir,V Kohli,S Randiv,0,0,,,,,,,,,
434262,2009/10,2010-01-10,Shere Bangla National Stadium,2,20.2,India,Sri Lanka,G Gambhir,V Kohli,S Randiv,1,0,,,,,,,,,
434262,2009/10,2010-01-10,Shere Bangla National Stadium,2,20.3,India,Sri Lanka,V Kohli,G Gambhir,S Randiv,0,0,,,,,,,,,
434262,2009/10,2010-01-10,Shere Bangla National Stadium,2,20.4,India,Sri Lanka,V Kohli,G Gambhir,S Randiv,3,0,,,,,,,,,
434262,2009/10,2010-01-10,Shere Bangla National Stadium,2,20.5,India,Sri Lanka,G Gambhir,V Kohli,S Randiv,1,0,,,,,,,,,
434262,2009/10,2010-01-10,Shere Bangla National Stadium,2,20.6,India,Sri Lanka,V Kohli,G Gambhir,S Randiv,0,0,,,,,,,,,
434262,2009/10,2010-01-10,Shere Bangla National Stadium,2,21.1,India,Sri Lanka,G Gambhir,V Kohli,RAS Lakmal,0,0,,,,,,,,,
434262,2009/10,2010-01-10,Shere Bangla National Stadium,2,21.2,India,Sri Lanka,G Gambhir,V Kohli,RAS Lakmal,1,0,,,,,,,,,
434262,2009/10,2010-01-10,Shere Bangla National Stadium,2,21.3,India,Sri Lanka,V Kohli,G Gambhir,RAS Lakmal,4,0,,,,,,,,,
434262,2009/10,2010-01-10,Shere Bangla National Stadium,2,21.4,India,Sri Lanka,V Kohli,G Gambhir,RAS Lakmal,0,0,,,,,,,,,
434262,2009/10,2010-01-10,Shere Bangla National Stadium,2,21.5,India,Sri Lanka,V Kohli,G Gambhir,RAS Lakmal,0,0,,,,,,,,,
434262,2009/10,2010-01-10,Shere Bangla National Stadium,2,21.6,India,Sri Lanka,V Kohli,G Gambhir,RAS Lakmal,1,0,,,,,,,,,
434262,2009/10,2010-01-10,Shere Bangla National Stadium,2,22.1,India,Sri Lanka,V Kohli,G Gambhir,NLTC Perera,0,0,,,,,,,,,
434262,2009/10,2010-01-10,Shere Bangla National Stadium,2,22.2,India,Sri Lanka,V Kohli,G Gambhir,NLTC Perera,0,0,,,,,,,,,
434262,2009/10,2010-01-10,Shere Bangla National Stadium,2,22.3,India,Sri Lanka,V Kohli,G Gambhir,NLTC Perera,0,0,,,,,,,,,
434262,2009/10,2010-01-10,Shere Bangla National Stadium,2,22.4,India,Sri Lanka,V Kohli,G Gambhir,NLTC Perera,0,0,,,,,,,,,
434262,2009/10,2010-01-10,Shere Bangla National Stadium,2,22.5,India,Sri Lanka,V Kohli,G Gambhir,NLTC Perera,0,0,,,,,,,,,
434262,2009/10,2010-01-10,Shere Bangla National Stadium,2,22.6,India,Sri Lanka,V Kohli,G Gambhir,NLTC Perera,0,0,,,,,,,,,
434262,2009/10,2010-01-10,Shere Bangla National Stadium,2,23.1,India,Sri Lanka,G Gambhir,V Kohli,RAS Lakmal,0,0,,,,,,,,,
434262,2009/10,2010-01-10,Shere Bangla National Stadium,2,23.2,India,Sri Lanka,G Gambhir,V Kohli,RAS Lakmal,0,0,,,,,,,,,
434262,2009/10,2010-01-10,Shere Bangla National Stadium,2,23.3,India,Sri Lanka,G Gambhir,V Kohli,RAS Lakmal,2,0,,,,,,,,,
434262,2009/10,2010-01-10,Shere Bangla National Stadium,2,23.4,India,Sri Lanka,G Gambhir,V Kohli,RAS Lakmal,0,0,,,,,,,,,
434262,2009/10,2010-01-10,Shere Bangla National Stadium,2,23.5,India,Sri Lanka,G Gambhir,V Kohli,RAS Lakmal,1,0,,,,,,,,,
434262,2009/10,2010-01-10,Shere Bangla National Stadium,2,23.6,India,Sri Lanka,V Kohli,G Gambhir,RAS Lakmal,1,0,,,,,,,,,
434262,2009/10,2010-01-10,Shere Bangla National Stadium,2,24.1,India,Sri Lanka,V Kohli,G Gambhir,NLTC Perera,2,0,,,,,,,,,
434262,2009/10,2010-01-10,Shere Bangla National Stadium,2,24.2,India,Sri Lanka,V Kohli,G Gambhir,NLTC Perera,4,0,,,,,,,,,
434262,2009/10,2010-01-10,Shere Bangla National Stadium,2,24.3,India,Sri Lanka,V Kohli,G Gambhir,NLTC Perera,1,0,,,,,,,,,
434262,2009/10,2010-01-10,Shere Bangla National Stadium,2,24.4,India,Sri Lanka,G Gambhir,V Kohli,NLTC Perera,1,0,,,,,,,,,
434262,2009/10,2010-01-10,Shere Bangla National Stadium,2,24.5,India,Sri Lanka,V Kohli,G Gambhir,NLTC Perera,0,0,,,,,,,,,
434262,2009/10,2010-01-10,Shere Bangla National Stadium,2,24.6,India,Sri Lanka,V Kohli,G Gambhir,NLTC Perera,1,0,,,,,,,,,
434262,2009/10,2010-01-10,Shere Bangla National Stadium,2,25.1,India,Sri Lanka,V Kohli,G Gambhir,RAS Lakmal,0,0,,,,,,,,,
434262,2009/10,2010-01-10,Shere Bangla National Stadium,2,25.2,India,Sri Lanka,V Kohli,G Gambhir,RAS Lakmal,1,0,,,,,,,,,
434262,2009/10,2010-01-10,Shere Bangla National Stadium,2,25.3,India,Sri Lanka,G Gambhir,V Kohli,RAS Lakmal,4,0,,,,,,,,,
434262,2009/10,2010-01-10,Shere Bangla National Stadium,2,25.4,India,Sri Lanka,G Gambhir,V Kohli,RAS Lakmal,1,0,,,,,,,,,
434262,2009/10,2010-01-10,Shere Bangla National Stadium,2,25.5,India,Sri Lanka,V Kohli,G Gambhir,RAS Lakmal,1,0,,,,,,,,,
434262,2009/10,2010-01-10,Shere Bangla National Stadium,2,25.6,India,Sri Lanka,G Gambhir,V Kohli,RAS Lakmal,4,0,,,,,,,,,
434262,2009/10,2010-01-10,Shere Bangla National Stadium,2,26.1,India,Sri Lanka,V Kohli,G Gambhir,NLTC Perera,1,0,,,,,,,,,
434262,2009/10,2010-01-10,Shere Bangla National Stadium,2,26.2,India,Sri Lanka,G Gambhir,V Kohli,NLTC Perera,0,0,,,,,,,,,
434262,2009/10,2010-01-10,Shere Bangla National Stadium,2,26.3,India,Sri Lanka,G Gambhir,V Kohli,NLTC Perera,1,0,,,,,,,,,
434262,2009/10,2010-01-10,Shere Bangla National Stadium,2,26.4,India,Sri Lanka,V Kohli,G Gambhir,NLTC Perera,0,0,,,,,,,,,
434262,2009/10,2010-01-10,Shere Bangla National Stadium,2,26.5,India,Sri Lanka,V Kohli,G Gambhir,NLTC Perera,0,0,,,,,,,,,
434262,2009/10,2010-01-10,Shere Bangla National Stadium,2,26.6,India,Sri Lanka,V Kohli,G Gambhir,NLTC Perera,0,0,,,,,,,,,
434262,2009/10,2010-01-10,Shere Bangla National Stadium,2,27.1,India,Sri Lanka,G Gambhir,V Kohli,RAS Lakmal,1,0,,,,,,,,,
434262,2009/10,2010-01-10,Shere Bangla National Stadium,2,27.2,India,Sri Lanka,V Kohli,G Gambhir,RAS Lakmal,0,0,,,,,,,,,
434262,2009/10,2010-01-10,Shere Bangla National Stadium,2,27.3,India,Sri Lanka,V Kohli,G Gambhir,RAS Lakmal,1,0,,,,,,,,,
434262,2009/10,2010-01-10,Shere Bangla National Stadium,2,27.4,India,Sri Lanka,G Gambhir,V Kohli,RAS Lakmal,4,0,,,,,,,,,
434262,2009/10,2010-01-10,Shere Bangla National Stadium,2,27.5,India,Sri Lanka,G Gambhir,V Kohli,RAS Lakmal,0,0,,,,,,,,,
434262,2009/10,2010-01-10,Shere Bangla National Stadium,2,27.6,India,Sri Lanka,G Gambhir,V Kohli,RAS Lakmal,0,0,,,,,,,,,
434262,2009/10,2010-01-10,Shere Bangla National Stadium,2,28.1,India,Sri Lanka,V Kohli,G Gambhir,NLTC Perera,0,0,,,,,,,,,
434262,2009/10,2010-01-10,Shere Bangla National Stadium,2,28.2,India,Sri Lanka,V Kohli,G Gambhir,NLTC Perera,1,0,,,,,,,,,
434262,2009/10,2010-01-10,Shere Bangla National Stadium,2,28.3,India,Sri Lanka,G Gambhir,V Kohli,NLTC Perera,0,0,,,,,,caught,G Gambhir,,
434262,2009/10,2010-01-10,Shere Bangla National Stadium,2,28.4,India,Sri Lanka,V Kohli,Yuvraj Singh,NLTC Perera,4,0,,,,,,,,,
434262,2009/10,2010-01-10,Shere Bangla National Stadium,2,28.5,India,Sri Lanka,V Kohli,Yuvraj Singh,NLTC Perera,4,0,,,,,,,,,
434262,2009/10,2010-01-10,Shere Bangla National Stadium,2,28.6,India,Sri Lanka,V Kohli,Yuvraj Singh,NLTC Perera,2,0,,,,,,,,,
434262,2009/10,2010-01-10,Shere Bangla National Stadium,2,29.1,India,Sri Lanka,Yuvraj Singh,V Kohli,RAS Lakmal,1,0,,,,,,,,,
434262,2009/10,2010-01-10,Shere Bangla National Stadium,2,29.2,India,Sri Lanka,V Kohli,Yuvraj Singh,RAS Lakmal,0,0,,,,,,,,,
434262,2009/10,2010-01-10,Shere Bangla National Stadium,2,29.3,India,Sri Lanka,V Kohli,Yuvraj Singh,RAS Lakmal,2,0,,,,,,,,,
434262,2009/10,2010-01-10,Shere Bangla National Stadium,2,29.4,India,Sri Lanka,V Kohli,Yuvraj Singh,RAS Lakmal,0,0,,,,,,,,,
434262,2009/10,2010-01-10,Shere Bangla National Stadium,2,29.5,India,Sri Lanka,V Kohli,Yuvraj Singh,RAS Lakmal,1,0,,,,,,,,,
434262,2009/10,2010-01-10,Shere Bangla National Stadium,2,29.6,India,Sri Lanka,Yuvraj Singh,V Kohli,RAS Lakmal,0,0,,,,,,,,,
434262,2009/10,2010-01-10,Shere Bangla National Stadium,2,30.1,India,Sri Lanka,V Kohli,Yuvraj Singh,NLTC Perera,1,0,,,,,,,,,
434262,2009/10,2010-01-10,Shere Bangla National Stadium,2,30.2,India,Sri Lanka,Yuvraj Singh,V Kohli,NLTC Perera,3,0,,,,,,,,,
434262,2009/10,2010-01-10,Shere Bangla National Stadium,2,30.3,India,Sri Lanka,V Kohli,Yuvraj Singh,NLTC Perera,0,0,,,,,,,,,
434262,2009/10,2010-01-10,Shere Bangla National Stadium,2,30.4,India,Sri Lanka,V Kohli,Yuvraj Singh,NLTC Perera,2,0,,,,,,,,,
434262,2009/10,2010-01-10,Shere Bangla National Stadium,2,30.5,India,Sri Lanka,V Kohli,Yuvraj Singh,NLTC Perera,4,0,,,,,,,,,
434262,2009/10,2010-01-10,Shere Bangla National Stadium,2,30.6,India,Sri Lanka,V Kohli,Yuvraj Singh,NLTC Perera,0,0,,,,,,,,,
434262,2009/10,2010-01-10,Shere Bangla National Stadium,2,31.1,India,Sri Lanka,Yuvraj Singh,V Kohli,RAS Lakmal,1,0,,,,,,,,,
434262,2009/10,2010-01-10,Shere Bangla National Stadium,2,31.2,India,Sri Lanka,V Kohli,Yuvraj Singh,RAS Lakmal,4,0,,,,,,,,,
434262,2009/10,2010-01-10,Shere Bangla National Stadium,2,31.3,India,Sri Lanka,V Kohli,Yuvraj Singh,RAS Lakmal,4,1,,1,,,,,,,
434262,2009/10,2010-01-10,Shere Bangla National Stadium,2,31.4,India,Sri Lanka,V Kohli,Yuvraj Singh,RAS Lakmal,0,0,,,,,,,,,
434262,2009/10,2010-01-10,Shere Bangla National Stadium,2,31.5,India,Sri Lanka,V Kohli,Yuvraj Singh,RAS Lakmal,0,1,1,,,,,,,,
434262,2009/10,2010-01-10,Shere Bangla National Stadium,2,31.6,India,Sri Lanka,V Kohli,Yuvraj Singh,RAS Lakmal,4,0,,,,,,,,,
434262,2009/10,2010-01-10,Shere Bangla National Stadium,2,31.7,India,Sri Lanka,V Kohli,Yuvraj Singh,RAS Lakmal,4,0,,,,,,,,,
434262,2009/10,2010-01-10,Shere Bangla National Stadium,2,31.8,India,Sri Lanka,V Kohli,Yuvraj Singh,RAS Lakmal,1,0,,,,,,,,,
434262,2009/10,2010-01-10,Shere Bangla National Stadium,2,32.1,India,Sri Lanka,V Kohli,Yuvraj Singh,UWMBCA Welegedara,0,0,,,,,,,,,
434262,2009/10,2010-01-10,Shere Bangla National Stadium,2,32.2,India,Sri Lanka,V Kohli,Yuvraj Singh,UWMBCA Welegedara,1,0,,,,,,,,,
434262,2009/10,2010-01-10,Shere Bangla National Stadium,2,32.3,India,Sri Lanka,Yuvraj Singh,V Kohli,UWMBCA Welegedara,2,0,,,,,,,,,
434262,2009/10,2010-01-10,Shere Bangla National Stadium,2,32.4,India,Sri Lanka,Yuvraj Singh,V Kohli,UWMBCA Welegedara,0,5,,5,,,,,,,
434262,2009/10,2010-01-10,Shere Bangla National Stadium,2,32.5,India,Sri Lanka,Yuvraj Singh,V Kohli,UWMBCA Welegedara,1,0,,,,,,,,,
