match_id,season,start_date,venue,innings,ball,batting_team,bowling_team,striker,non_striker,bowler,runs_off_bat,extras,wides,noballs,byes,legbyes,penalty,wicket_type,player_dismissed,other_wicket_type,other_player_dismissed
441827,2009/10,2010-02-21,Sawai Mansingh Stadium,1,0.1,India,South Africa,V Sehwag,SR Tendulkar,DW Steyn,1,0,,,,,,,,,
441827,2009/10,2010-02-21,Sawai Mansingh Stadium,1,0.2,India,South Africa,SR Tendulkar,V Sehwag,DW Steyn,0,0,,,,,,,,,
441827,2009/10,2010-02-21,Sawai Mansingh Stadium,1,0.3,India,South Africa,SR Tendulkar,V Sehwag,DW Steyn,0,0,,,,,,,,,
441827,2009/10,2010-02-21,Sawai Mansingh Stadium,1,0.4,India,South Africa,SR Tendulkar,V Sehwag,DW Steyn,0,0,,,,,,,,,
441827,2009/10,2010-02-21,Sawai Mansingh Stadium,1,0.5,India,South Africa,SR Tendulkar,V Sehwag,DW Steyn,4,0,,,,,,,,,
441827,2009/10,2010-02-21,Sawai Mansingh Stadium,1,0.6,India,South Africa,SR Tendulkar,V Sehwag,DW Steyn,0,0,,,,,,,,,
441827,2009/10,2010-02-21,Sawai Mansingh Stadium,1,1.1,India,South Africa,V Sehwag,SR Tendulkar,WD Parnell,0,0,,,,,,,,,
441827,2009/10,2010-02-21,Sawai Mansingh Stadium,1,1.2,India,South Africa,V Sehwag,SR Tendulkar,WD Parnell,4,0,,,,,,,,,
441827,2009/10,2010-02-21,Sawai Mansingh Stadium,1,1.3,India,South Africa,V Sehwag,SR Tendulkar,WD Parnell,0,0,,,,,,,,,
441827,2009/10,2010-02-21,Sawai Mansingh Stadium,1,1.4,India,South Africa,V Sehwag,SR Tendulkar,WD Parnell,0,1,1,,,,,,,,
441827,2009/10,2010-02-21,Sawai Mansingh Stadium,1,1.5,India,South Africa,V Sehwag,SR Tendulkar,WD Parnell,0,0,,,,,,,,,
441827,2009/10,2010-02-21,Sawai Mansingh Stadium,1,1.6,India,South Africa,V Sehwag,SR Tendulkar,WD Parnell,0,0,,,,,,run out,SR Tendulkar,,
441827,2009/10,2010-02-21,Sawai Mansingh Stadium,1,1.7,India,South Africa,V Sehwag,KD Karthik,WD Parnell,0,0,,,,,,,,,
441827,2009/10,2010-02-21,Sawai Mansingh Stadium,1,2.1,India,South Africa,KD Karthik,V Sehwag,DW Steyn,0,0,,,,,,,,,
441827,2009/10,2010-02-21,Sawai Mansingh Stadium,1,2.2,India,South Africa,KD Karthik,V Sehwag,DW Steyn,0,2,2,,,,,,,,
441827,2009/10,2010-02-21,Sawai Mansingh Stadium,1,2.3,India,South Africa,V Sehwag,KD Karthik,DW Steyn,0,0,,,,,,,,,
441827,2009/10,2010-02-21,Sawai Mansingh Stadium,1,2.4,India,South Africa,V Sehwag,KD Karthik,DW Steyn,6,0,,,,,,,,,
441827,2009/10,2010-02-21,Sawai Mansingh Stadium,1,2.5,India,South Africa,V Sehwag,KD Karthik,DW Steyn,0,0,,,,,,,,,
441827,2009/10,2010-02-21,Sawai Mansingh Stadium,1,2.6,India,South Africa,V Sehwag,KD Karthik,DW Steyn,0,0,,,,,,,,,
441827,2009/10,2010-02-21,Sawai Mansingh Stadium,1,2.7,India,South Africa,V Sehwag,KD Karthik,DW Steyn,1,0,,,,,,,,,
441827,2009/10,2010-02-21,Sawai Mansingh Stadium,1,3.1,India,South Africa,V Sehwag,KD Karthik,WD Parnell,1,0,,,,,,,,,
441827,2009/10,2010-02-21,Sawai Mansingh Stadium,1,3.2,India,South Africa,KD Karthik,V Sehwag,WD Parnell,0,0,,,,,,,,,
441827,2009/10,2010-02-21,Sawai Mansingh Stadium,1,3.3,India,South Africa,KD Karthik,V Sehwag,WD Parnell,0,0,,,,,,,,,
441827,2009/10,2010-02-21,Sawai Mansingh Stadium,1,3.4,India,South Africa,KD Karthik,V Sehwag,WD Parnell,0,0,,,,,,,,,
441827,2009/10,2010-02-21,Sawai Mansingh Stadium,1,3.5,India,South Africa,KD Karthik,V Sehwag,WD Parnell,0,0,,,,,,,,,
441827,2009/10,2010-02-21,Sawai Mansingh Stadium,1,3.6,India,South Africa,KD Karthik,V Sehwag,WD Parnell,0,0,,,,,,,,,
441827,2009/10,2010-02-21,Sawai Mansingh Stadium,1,4.1,India,South Africa,V Sehwag,KD Karthik,DW Steyn,0,0,,,,,,,,,
441827,2009/10,2010-02-21,Sawai Mansingh Stadium,1,4.2,India,South Africa,V Sehwag,KD Karthik,DW Steyn,4,0,,,,,,,,,
441827,2009/10,2010-02-21,Sawai Mansingh Stadium,1,4.3,India,South Africa,V Sehwag,KD Karthik,DW Steyn,1,0,,,,,,,,,
441827,2009/10,2010-02-21,Sawai Mansingh Stadium,1,4.4,India,South Africa,KD Karthik,V Sehwag,DW Steyn,0,0,,,,,,,,,
441827,2009/10,2010-02-21,Sawai Mansingh Stadium,1,4.5,India,South Africa,KD Karthik,V Sehwag,DW Steyn,0,0,,,,,,,,,
441827,2009/10,2010-02-21,Sawai Mansingh Stadium,1,4.6,India,South Africa,KD Karthik,V Sehwag,DW Steyn,1,0,,,,,,,,,
441827,2009/10,2010-02-21,Sawai Mansingh Stadium,1,5.1,India,South Africa,KD Karthik,V Sehwag,WD Parnell,0,0,,,,,,,,,
441827,2009/10,2010-02-21,Sawai Mansingh Stadium,1,5.2,India,South Africa,KD Karthik,V Sehwag,WD Parnell,4,0,,,,,,,,,
441827,2009/10,2010-02-21,Sawai Mansingh Stadium,1,5.3,India,South Africa,KD Karthik,V Sehwag,WD Parnell,0,0,,,,,,,,,
441827,2009/10,2010-02-21,Sawai Mansingh Stadium,1,5.4,India,South Africa,KD Karthik,V Sehwag,WD Parnell,0,0,,,,,,,,,
441827,2009/10,2010-02-21,Sawai Mansingh Stadium,1,5.5,India,South Africa,KD Karthik,V Sehwag,WD Parnell,0,0,,,,,,,,,
441827,2009/10,2010-02-21,Sawai Mansingh Stadium,1,5.6,India,South Africa,KD Karthik,V Sehwag,WD Parnell,0,0,,,,,,,,,
441827,2009/10,2010-02-21,Sawai Mansingh Stadium,1,6.1,India,South Africa,V Sehwag,KD Karthik,DW Steyn,0,0,,,,,,,,,
441827,2009/10,2010-02-21,Sawai Mansingh Stadium,1,6.2,India,South Africa,V Sehwag,KD Karthik,DW Steyn,0,0,,,,,,,,,
441827,2009/10,2010-02-21,Sawai Mansingh Stadium,1,6.3,India,South Africa,V Sehwag,KD Karthik,DW Steyn,1,0,,,,,,,,,
441827,2009/10,2010-02-21,Sawai Mansingh Stadium,1,6.4,India,South Africa,KD Karthik,V Sehwag,DW Steyn,0,0,,,,,,,,,
441827,2009/10,2010-02-21,Sawai Mansingh Stadium,1,6.5,India,South Africa,KD Karthik,V Sehwag,DW Steyn,0,0,,,,,,,,,
441827,2009/10,2010-02-21,Sawai Mansingh Stadium,1,6.6,India,South Africa,KD Karthik,V Sehwag,DW Steyn,1,0,,,,,,,,,
441827,2009/10,2010-02-21,Sawai Mansingh Stadium,1,7.1,India,South Africa,KD Karthik,V Sehwag,WD Parnell,4,0,,,,,,,,,
441827,2009/10,2010-02-21,Sawai Mansingh Stadium,1,7.2,India,South Africa,KD Karthik,V Sehwag,WD Parnell,0,0,,,,,,,,,
441827,2009/10,2010-02-21,Sawai Mansingh Stadium,1,7.3,India,South Africa,KD Karthik,V Sehwag,WD Parnell,4,0,,,,,,,,,
441827,2009/10,2010-02-21,Sawai Mansingh Stadium,1,7.4,India,South Africa,KD Karthik,V Sehwag,WD Parnell,0,0,,,,,,,,,
441827,2009/10,2010-02-21,Sawai Mansingh Stadium,1,7.5,India,South Africa,KD Karthik,V Sehwag,WD Parnell,2,0,,,,,,,,,
441827,2009/10,2010-02-21,Sawai Mansingh Stadium,1,7.6,India,South Africa,KD Karthik,V Sehwag,WD Parnell,4,0,,,,,,,,,
441827,2009/10,2010-02-21,Sawai Mansingh Stadium,1,8.1,India,South Africa,V Sehwag,KD Karthik,CK Langeveldt,1,0,,,,,,,,,
441827,2009/10,2010-02-21,Sawai Mansingh Stadium,1,8.2,India,South Africa,KD Karthik,V Sehwag,CK Langeveldt,4,0,,,,,,,,,
441827,2009/10,2010-02-21,Sawai Mansingh Stadium,1,8.3,India,South Africa,KD Karthik,V Sehwag,CK Langeveldt,1,0,,,,,,,,,
441827,2009/10,2010-02-21,Sawai Mansingh Stadium,1,8.4,India,South Africa,V Sehwag,KD Karthik,CK Langeveldt,0,0,,,,,,,,,
441827,2009/10,2010-02-21,Sawai Mansingh Stadium,1,8.5,India,South Africa,V Sehwag,KD Karthik,CK Langeveldt,1,0,,,,,,,,,
441827,2009/10,2010-02-21,Sawai Mansingh Stadium,1,8.6,India,South Africa,KD Karthik,V Sehwag,CK Langeveldt,0,0,,,,,,,,,
441827,2009/10,2010-02-21,Sawai Mansingh Stadium,1,9.1,India,South Africa,V Sehwag,KD Karthik,WD Parnell,0,0,,,,,,,,,
441827,2009/10,2010-02-21,Sawai Mansingh Stadium,1,9.2,India,South Africa,V Sehwag,KD Karthik,WD Parnell,4,0,,,,,,,,,
441827,2009/10,2010-02-21,Sawai Mansingh Stadium,1,9.3,India,South Africa,V Sehwag,KD Karthik,WD Parnell,0,0,,,,,,,,,
441827,2009/10,2010-02-21,Sawai Mansingh Stadium,1,9.4,India,South Africa,V Sehwag,KD Karthik,WD Parnell,0,0,,,,,,,,,
441827,2009/10,2010-02-21,Sawai Mansingh Stadium,1,9.5,India,South Africa,V Sehwag,KD Karthik,WD Parnell,1,0,,,,,,,,,
441827,2009/10,2010-02-21,Sawai Mansingh Stadium,1,9.6,India,South Africa,KD Karthik,V Sehwag,WD Parnell,0,0,,,,,,,,,
441827,2009/10,2010-02-21,Sawai Mansingh Stadium,1,10.1,India,South Africa,V Sehwag,KD Karthik,CK Langeveldt,1,0,,,,,,,,,
441827,2009/10,2010-02-21,Sawai Mansingh Stadium,1,10.2,India,South Africa,KD Karthik,V Sehwag,CK Langeveldt,0,0,,,,,,,,,
441827,2009/10,2010-02-21,Sawai Mansingh Stadium,1,10.3,India,South Africa,KD Karthik,V Sehwag,CK Langeveldt,1,0,,,,,,,,,
441827,2009/10,2010-02-21,Sawai Mansingh Stadium,1,10.4,India,South Africa,V Sehwag,KD Karthik,CK Langeveldt,1,0,,,,,,,,,
441827,2009/10,2010-02-21,Sawai Mansingh Stadium,1,10.5,India,South Africa,KD Karthik,V Sehwag,CK Langeveldt,1,0,,,,,,,,,
441827,2009/10,2010-02-21,Sawai Mansingh Stadium,1,10.6,India,South Africa,V Sehwag,KD Karthik,CK Langeveldt,0,0,,,,,,,,,
441827,2009/10,2010-02-21,Sawai Mansingh Stadium,1,11.1,India,South Africa,KD Karthik,V Sehwag,JA Morkel,0,0,,,,,,,,,
441827,2009/10,2010-02-21,Sawai Mansingh Stadium,1,11.2,India,South Africa,KD Karthik,V Sehwag,JA Morkel,0,0,,,,,,,,,
441827,2009/10,2010-02-21,Sawai Mansingh Stadium,1,11.3,India,South Africa,KD Karthik,V Sehwag,JA Morkel,0,0,,,,,,,,,
441827,2009/10,2010-02-21,Sawai Mansingh Stadium,1,11.4,India,South Africa,KD Karthik,V Sehwag,JA Morkel,0,0,,,,,,,,,
441827,2009/10,2010-02-21,Sawai Mansingh Stadium,1,11.5,India,South Africa,KD Karthik,V Sehwag,JA Morkel,1,0,,,,,,,,,
441827,2009/10,2010-02-21,Sawai Mansingh Stadium,1,11.6,India,South Africa,V Sehwag,KD Karthik,JA Morkel,4,0,,,,,,,,,
441827,2009/10,2010-02-21,Sawai Mansingh Stadium,1,12.1,India,South Africa,KD Karthik,V Sehwag,CK Langeveldt,0,0,,,,,,,,,
441827,2009/10,2010-02-21,Sawai Mansingh Stadium,1,12.2,India,South Africa,KD Karthik,V Sehwag,CK Langeveldt,2,0,,,,,,,,,
441827,2009/10,2010-02-21,Sawai Mansingh Stadium,1,12.3,India,South Africa,KD Karthik,V Sehwag,CK Langeveldt,0,4,,,,4,,,,,
441827,2009/10,2010-02-21,Sawai Mansingh Stadium,1,12.4,India,South Africa,KD Karthik,V Sehwag,CK Langeveldt,0,0,,,,,,,,,
441827,2009/10,2010-02-21,Sawai Mansingh Stadium,1,12.5,India,South Africa,KD Karthik,V Sehwag,CK Langeveldt,0,1,,,,1,,,,,
441827,2009/10,2010-02-21,Sawai Mansingh Stadium,1,12.6,India,South Africa,V Sehwag,KD Karthik,CK Langeveldt,0,0,,,,,,,,,
441827,2009/10,2010-02-21,Sawai Mansingh Stadium,1,13.1,India,South Africa,KD Karthik,V Sehwag,JA Morkel,1,0,,,,,,,,,
441827,2009/10,2010-02-21,Sawai Mansingh Stadium,1,13.2,India,South Africa,V Sehwag,KD Karthik,JA Morkel,4,0,,,,,,,,,
441827,2009/10,2010-02-21,Sawai Mansingh Stadium,1,13.3,India,South Africa,V Sehwag,KD Karthik,JA Morkel,4,0,,,,,,,,,
441827,2009/10,2010-02-21,Sawai Mansingh Stadium,1,13.4,India,South Africa,V Sehwag,KD Karthik,JA Morkel,0,0,,,,,,,,,
441827,2009/10,2010-02-21,Sawai Mansingh Stadium,1,13.5,India,South Africa,V Sehwag,KD Karthik,JA Morkel,0,0,,,,,,,,,
441827,2009/10,2010-02-21,Sawai Mansingh Stadium,1,13.6,India,South Africa,V Sehwag,KD Karthik,JA Morkel,6,0,,,,,,,,,
441827,2009/10,2010-02-21,Sawai Mansingh Stadium,1,14.1,India,South Africa,KD Karthik,V Sehwag,CK Langeveldt,0,0,,,,,,,,,
441827,2009/10,2010-02-21,Sawai Mansingh Stadium,1,14.2,India,South Africa,KD Karthik,V Sehwag,CK Langeveldt,0,0,,,,,,run out,V Sehwag,,
441827,2009/10,2010-02-21,Sawai Mansingh Stadium,1,14.3,India,South Africa,KD Karthik,MS Dhoni,CK Langeveldt,1,0,,,,,,,,,
441827,2009/10,2010-02-21,Sawai Mansingh Stadium,1,14.4,India,South Africa,MS Dhoni,KD Karthik,CK Langeveldt,0,0,,,,,,,,,
441827,2009/10,2010-02-21,Sawai Mansingh Stadium,1,14.5,India,South Africa,MS Dhoni,KD Karthik,CK Langeveldt,3,0,,,,,,,,,
441827,2009/10,2010-02-21,Sawai Mansingh Stadium,1,14.6,India,South Africa,KD Karthik,MS Dhoni,CK Langeveldt,0,0,,,,,,,,,
441827,2009/10,2010-02-21,Sawai Mansingh Stadium,1,15.1,India,South Africa,MS Dhoni,KD Karthik,JA Morkel,0,0,,,,,,,,,
441827,2009/10,2010-02-21,Sawai Mansingh Stadium,1,15.2,India,South Africa,MS Dhoni,KD Karthik,JA Morkel,1,0,,,,,,,,,
441827,2009/10,2010-02-21,Sawai Mansingh Stadium,1,15.3,India,South Africa,KD Karthik,MS Dhoni,JA Morkel,0,0,,,,,,,,,
441827,2009/10,2010-02-21,Sawai Mansingh Stadium,1,15.4,India,South Africa,KD Karthik,MS Dhoni,JA Morkel,0,0,,,,,,,,,
441827,2009/10,2010-02-21,Sawai Mansingh Stadium,1,15.5,India,South Africa,KD Karthik,MS Dhoni,JA Morkel,1,0,,,,,,,,,
441827,2009/10,2010-02-21,Sawai Mansingh Stadium,1,15.6,India,South Africa,MS Dhoni,KD Karthik,JA Morkel,1,0,,,,,,,,,
441827,2009/10,2010-02-21,Sawai Mansingh Stadium,1,16.1,India,South Africa,MS Dhoni,KD Karthik,CK Langeveldt,0,0,,,,,,,,,
441827,2009/10,2010-02-21,Sawai Mansingh Stadium,1,16.2,India,South Africa,MS Dhoni,KD Karthik,CK Langeveldt,0,0,,,,,,,,,
441827,2009/10,2010-02-21,Sawai Mansingh Stadium,1,16.3,India,South Africa,MS Dhoni,KD Karthik,CK Langeveldt,0,0,,,,,,,,,
441827,2009/10,2010-02-21,Sawai Mansingh Stadium,1,16.4,India,South Africa,MS Dhoni,KD Karthik,CK Langeveldt,2,0,,,,,,,,,
441827,2009/10,2010-02-21,Sawai Mansingh Stadium,1,16.5,India,South Africa,MS Dhoni,KD Karthik,CK Langeveldt,1,0,,,,,,,,,
441827,2009/10,2010-02-21,Sawai Mansingh Stadium,1,16.6,India,South Africa,KD Karthik,MS Dhoni,CK Langeveldt,1,0,,,,,,,,,
441827,2009/10,2010-02-21,Sawai Mansingh Stadium,1,17.1,India,South Africa,KD Karthik,MS Dhoni,J Botha,1,0,,,,,,,,,
441827,2009/10,2010-02-21,Sawai Mansingh Stadium,1,17.2,India,South Africa,MS Dhoni,KD Karthik,J Botha,4,0,,,,,,,,,
441827,2009/10,2010-02-21,Sawai Mansingh Stadium,1,17.3,India,South Africa,MS Dhoni,KD Karthik,J Botha,1,0,,,,,,,,,
441827,2009/10,2010-02-21,Sawai Mansingh Stadium,1,17.4,India,South Africa,KD Karthik,MS Dhoni,J Botha,6,0,,,,,,,,,
441827,2009/10,2010-02-21,Sawai Mansingh Stadium,1,17.5,India,South Africa,KD Karthik,MS Dhoni,J Botha,2,0,,,,,,,,,
441827,2009/10,2010-02-21,Sawai Mansingh Stadium,1,17.6,India,South Africa,KD Karthik,MS Dhoni,J Botha,1,0,,,,,,,,,
441827,2009/10,2010-02-21,Sawai Mansingh Stadium,1,18.1,India,South Africa,KD Karthik,MS Dhoni,CK Langeveldt,0,1,1,,,,,,,,
441827,2009/10,2010-02-21,Sawai Mansingh Stadium,1,18.2,India,South Africa,KD Karthik,MS Dhoni,CK Langeveldt,0,0,,,,,,,,,
441827,2009/10,2010-02-21,Sawai Mansingh Stadium,1,18.3,India,South Africa,KD Karthik,MS Dhoni,CK Langeveldt,0,0,,,,,,caught,KD Karthik,,
441827,2009/10,2010-02-21,Sawai Mansingh Stadium,1,18.4,India,South Africa,V Kohli,MS Dhoni,CK Langeveldt,1,0,,,,,,,,,
441827,2009/10,2010-02-21,Sawai Mansingh Stadium,1,18.5,India,South Africa,MS Dhoni,V Kohli,CK Langeveldt,2,0,,,,,,,,,
441827,2009/10,2010-02-21,Sawai Mansingh Stadium,1,18.6,India,South Africa,MS Dhoni,V Kohli,CK Langeveldt,0,0,,,,,,,,,
441827,2009/10,2010-02-21,Sawai Mansingh Stadium,1,18.7,India,South Africa,MS Dhoni,V Kohli,CK Langeveldt,0,0,,,,,,,,,
441827,2009/10,2010-02-21,Sawai Mansingh Stadium,1,19.1,India,South Africa,V Kohli,MS Dhoni,JH Kallis,1,0,,,,,,,,,
441827,2009/10,2010-02-21,Sawai Mansingh Stadium,1,19.2,India,South Africa,MS Dhoni,V Kohli,JH Kallis,4,0,,,,,,,,,
441827,2009/10,2010-02-21,Sawai Mansingh Stadium,1,19.3,India,South Africa,MS Dhoni,V Kohli,JH Kallis,1,0,,,,,,,,,
441827,2009/10,2010-02-21,Sawai Mansingh Stadium,1,19.4,India,South Africa,V Kohli,MS Dhoni,JH Kallis,0,0,,,,,,,,,
441827,2009/10,2010-02-21,Sawai Mansingh Stadium,1,19.5,India,South Africa,V Kohli,MS Dhoni,JH Kallis,1,0,,,,,,,,,
441827,2009/10,2010-02-21,Sawai Mansingh Stadium,1,19.6,India,South Africa,MS Dhoni,V Kohli,JH Kallis,0,0,,,,,,,,,
441827,2009/10,2010-02-21,Sawai Mansingh Stadium,1,20.1,India,South Africa,V Kohli,MS Dhoni,J Botha,1,0,,,,,,,,,
441827,2009/10,2010-02-21,Sawai Mansingh Stadium,1,20.2,India,South Africa,MS Dhoni,V Kohli,J Botha,0,0,,,,,,,,,
441827,2009/10,2010-02-21,Sawai Mansingh Stadium,1,20.3,India,South Africa,MS Dhoni,V Kohli,J Botha,1,0,,,,,,,,,
441827,2009/10,2010-02-21,Sawai Mansingh Stadium,1,20.4,India,South Africa,V Kohli,MS Dhoni,J Botha,1,0,,,,,,,,,
441827,2009/10,2010-02-21,Sawai Mansingh Stadium,1,20.5,India,South Africa,MS Dhoni,V Kohli,J Botha,1,0,,,,,,,,,
441827,2009/10,2010-02-21,Sawai Mansingh Stadium,1,20.6,India,South Africa,V Kohli,MS Dhoni,J Botha,1,0,,,,,,,,,
441827,2009/10,2010-02-21,Sawai Mansingh Stadium,1,21.1,India,South Africa,V Kohli,MS Dhoni,JH Kallis,0,0,,,,,,,,,
441827,2009/10,2010-02-21,Sawai Mansingh Stadium,1,21.2,India,South Africa,V Kohli,MS Dhoni,JH Kallis,1,0,,,,,,,,,
441827,2009/10,2010-02-21,Sawai Mansingh Stadium,1,21.3,India,South Africa,MS Dhoni,V Kohli,JH Kallis,0,0,,,,,,,,,
441827,2009/10,2010-02-21,Sawai Mansingh Stadium,1,21.4,India,South Africa,MS Dhoni,V Kohli,JH Kallis,0,0,,,,,,,,,
441827,2009/10,2010-02-21,Sawai Mansingh Stadium,1,21.5,India,South Africa,MS Dhoni,V Kohli,JH Kallis,1,0,,,,,,,,,
441827,2009/10,2010-02-21,Sawai Mansingh Stadium,1,21.6,India,South Africa,V Kohli,MS Dhoni,JH Kallis,0,0,,,,,,,,,
441827,2009/10,2010-02-21,Sawai Mansingh Stadium,1,22.1,India,South Africa,MS Dhoni,V Kohli,J Botha,1,0,,,,,,,,,
441827,2009/10,2010-02-21,Sawai Mansingh Stadium,1,22.2,India,South Africa,V Kohli,MS Dhoni,J Botha,1,0,,,,,,,,,
441827,2009/10,2010-02-21,Sawai Mansingh Stadium,1,22.3,India,South Africa,MS Dhoni,V Kohli,J Botha,1,0,,,,,,,,,
441827,2009/10,2010-02-21,Sawai Mansingh Stadium,1,22.4,India,South Africa,V Kohli,MS Dhoni,J Botha,1,0,,,,,,,,,
441827,2009/10,2010-02-21,Sawai Mansingh Stadium,1,22.5,India,South Africa,MS Dhoni,V Kohli,J Botha,0,0,,,,,,,,,
441827,2009/10,2010-02-21,Sawai Mansingh Stadium,1,22.6,India,South Africa,MS Dhoni,V Kohli,J Botha,1,0,,,,,,,,,
441827,2009/10,2010-02-21,Sawai Mansingh Stadium,1,23.1,India,South Africa,MS Dhoni,V Kohli,JH Kallis,0,0,,,,,,caught,MS Dhoni,,
441827,2009/10,2010-02-21,Sawai Mansingh Stadium,1,23.2,India,South Africa,SK Raina,V Kohli,JH Kallis,1,0,,,,,,,,,
441827,2009/10,2010-02-21,Sawai Mansingh Stadium,1,23.3,India,South Africa,V Kohli,SK Raina,JH Kallis,0,0,,,,,,,,,
441827,2009/10,2010-02-21,Sawai Mansingh Stadium,1,23.4,India,South Africa,V Kohli,SK Raina,JH Kallis,0,0,,,,,,,,,
441827,2009/10,2010-02-21,Sawai Mansingh Stadium,1,23.5,India,South Africa,V Kohli,SK Raina,JH Kallis,0,0,,,,,,,,,
441827,2009/10,2010-02-21,Sawai Mansingh Stadium,1,23.6,India,South Africa,V Kohli,SK Raina,JH Kallis,0,0,,,,,,,,,
441827,2009/10,2010-02-21,Sawai Mansingh Stadium,1,24.1,India,South Africa,SK Raina,V Kohli,JA Morkel,0,0,,,,,,,,,
441827,2009/10,2010-02-21,Sawai Mansingh Stadium,1,24.2,India,South Africa,SK Raina,V Kohli,JA Morkel,0,0,,,,,,,,,
441827,2009/10,2010-02-21,Sawai Mansingh Stadium,1,24.3,India,South Africa,SK Raina,V Kohli,JA Morkel,1,0,,,,,,,,,
441827,2009/10,2010-02-21,Sawai Mansingh Stadium,1,24.4,India,South Africa,V Kohli,SK Raina,JA Morkel,2,0,,,,,,,,,
441827,2009/10,2010-02-21,Sawai Mansingh Stadium,1,24.5,India,South Africa,V Kohli,SK Raina,JA Morkel,0,0,,,,,,,,,
441827,2009/10,2010-02-21,Sawai Mansingh Stadium,1,24.6,India,South Africa,V Kohli,SK Raina,JA Morkel,0,0,,,,,,,,,
441827,2009/10,2010-02-21,Sawai Mansingh Stadium,1,25.1,India,South Africa,SK Raina,V Kohli,JH Kallis,0,0,,,,,,,,,
441827,2009/10,2010-02-21,Sawai Mansingh Stadium,1,25.2,India,South Africa,SK Raina,V Kohli,JH Kallis,0,0,,,,,,,,,
441827,2009/10,2010-02-21,Sawai Mansingh Stadium,1,25.3,India,South Africa,SK Raina,V Kohli,JH Kallis,0,0,,,,,,,,,
441827,2009/10,2010-02-21,Sawai Mansingh Stadium,1,25.4,India,South Africa,SK Raina,V Kohli,JH Kallis,4,0,,,,,,,,,
441827,2009/10,2010-02-21,Sawai Mansingh Stadium,1,25.5,India,South Africa,SK Raina,V Kohli,JH Kallis,0,0,,,,,,,,,
441827,2009/10,2010-02-21,Sawai Mansingh Stadium,1,25.6,India,South Africa,SK Raina,V Kohli,JH Kallis,0,0,,,,,,,,,
441827,2009/10,2010-02-21,Sawai Mansingh Stadium,1,26.1,India,South Africa,V Kohli,SK Raina,JA Morkel,0,0,,,,,,,,,
441827,2009/10,2010-02-21,Sawai Mansingh Stadium,1,26.2,India,South Africa,V Kohli,SK Raina,JA Morkel,0,0,,,,,,,,,
441827,2009/10,2010-02-21,Sawai Mansingh Stadium,1,26.3,India,South Africa,V Kohli,SK Raina,JA Morkel,1,0,,,,,,,,,
441827,2009/10,2010-02-21,Sawai Mansingh Stadium,1,26.4,India,South Africa,SK Raina,V Kohli,JA Morkel,4,0,,,,,,,,,
441827,2009/10,2010-02-21,Sawai Mansingh Stadium,1,26.5,India,South Africa,SK Raina,V Kohli,JA Morkel,0,1,1,,,,,,,,
441827,2009/10,2010-02-21,Sawai Mansingh Stadium,1,26.6,India,South Africa,SK Raina,V Kohli,JA Morkel,0,0,,,,,,,,,
441827,2009/10,2010-02-21,Sawai Mansingh Stadium,1,26.7,India,South Africa,SK Raina,V Kohli,JA Morkel,1,0,,,,,,,,,
441827,2009/10,2010-02-21,Sawai Mansingh Stadium,1,27.1,India,South Africa,SK Raina,V Kohli,JH Kallis,0,0,,,,,,,,,
441827,2009/10,2010-02-21,Sawai Mansingh Stadium,1,27.2,India,South Africa,SK Raina,V Kohli,JH Kallis,0,0,,,,,,,,,
441827,2009/10,2010-02-21,Sawai Mansingh Stadium,1,27.3,India,South Africa,SK Raina,V Kohli,JH Kallis,0,0,,,,,,,,,
441827,2009/10,2010-02-21,Sawai Mansingh Stadium,1,27.4,India,South Africa,SK Raina,V Kohli,JH Kallis,4,0,,,,,,,,,
441827,2009/10,2010-02-21,Sawai Mansingh Stadium,1,27.5,India,South Africa,SK Raina,V Kohli,JH Kallis,0,0,,,,,,,,,
441827,2009/10,2010-02-21,Sawai Mansingh Stadium,1,27.6,India,South Africa,SK Raina,V Kohli,JH Kallis,4,0,,,,,,,,,
441827,2009/10,2010-02-21,Sawai Mansingh Stadium,1,28.1,India,South Africa,V Kohli,SK Raina,DW Steyn,1,0,,,,,,,,,
441827,2009/10,2010-02-21,Sawai Mansingh Stadium,1,28.2,India,South Africa,SK Raina,V Kohli,DW Steyn,0,0,,,,,,,,,
441827,2009/10,2010-02-21,Sawai Mansingh Stadium,1,28.3,India,South Africa,SK Raina,V Kohli,DW Steyn,0,0,,,,,,,,,
441827,2009/10,2010-02-21,Sawai Mansingh Stadium,1,28.4,India,South Africa,SK Raina,V Kohli,DW Steyn,0,0,,,,,,,,,
441827,2009/10,2010-02-21,Sawai Mansingh Stadium,1,28.5,India,South Africa,SK Raina,V Kohli,DW Steyn,0,0,,,,,,,,,
441827,2009/10,2010-02-21,Sawai Mansingh Stadium,1,28.6,India,South Africa,SK Raina,V Kohli,DW Steyn,0,0,,,,,,,,,
441827,2009/10,2010-02-21,Sawai Mansingh Stadium,1,29.1,India,South Africa,V Kohli,SK Raina,J Botha,1,0,,,,,,,,,
441827,2009/10,2010-02-21,Sawai Mansingh Stadium,1,29.2,India,South Africa,SK Raina,V Kohli,J Botha,0,0,,,,,,,,,
441827,2009/10,2010-02-21,Sawai Mansingh Stadium,1,29.3,India,South Africa,SK Raina,V Kohli,J Botha,1,0,,,,,,,,,
441827,2009/10,2010-02-21,Sawai Mansingh Stadium,1,29.4,India,South Africa,V Kohli,SK Raina,J Botha,1,0,,,,,,,,,
441827,2009/10,2010-02-21,Sawai Mansingh Stadium,1,29.5,India,South Africa,SK Raina,V Kohli,J Botha,1,0,,,,,,,,,
441827,2009/10,2010-02-21,Sawai Mansingh Stadium,1,29.6,India,South Africa,V Kohli,SK Raina,J Botha,1,0,,,,,,,,,
441827,2009/10,2010-02-21,Sawai Mansingh Stadium,1,30.1,India,South Africa,V Kohli,SK Raina,DW Steyn,1,0,,,,,,,,,
441827,2009/10,2010-02-21,Sawai Mansingh Stadium,1,30.2,India,South Africa,SK Raina,V Kohli,DW Steyn,0,1,1,,,,,,,,
441827,2009/10,2010-02-21,Sawai Mansingh Stadium,1,30.3,India,South Africa,SK Raina,V Kohli,DW Steyn,1,0,,,,,,,,,
441827,2009/10,2010-02-21,Sawai Mansingh Stadium,1,30.4,India,South Africa,V Kohli,SK Raina,DW Steyn,0,0,,,,,,,,,
441827,2009/10,2010-02-21,Sawai Mansingh Stadium,1,30.5,India,South Africa,V Kohli,SK Raina,DW Steyn,0,0,,,,,,,,,
441827,2009/10,2010-02-21,Sawai Mansingh Stadium,1,30.6,India,South Africa,V Kohli,SK Raina,DW Steyn,0,0,,,,,,,,,
441827,2009/10,2010-02-21,Sawai Mansingh Stadium,1,30.7,India,South Africa,V Kohli,SK Raina,DW Steyn,0,0,,,,,,,,,
441827,2009/10,2010-02-21,Sawai Mansingh Stadium,1,31.1,India,South Africa,SK Raina,V Kohli,J Botha,1,0,,,,,,,,,
441827,2009/10,2010-02-21,Sawai Mansingh Stadium,1,31.2,India,South Africa,V Kohli,SK Raina,J Botha,0,0,,,,,,,,,
441827,2009/10,2010-02-21,Sawai Mansingh Stadium,1,31.3,India,South Africa,V Kohli,SK Raina,J Botha,0,0,,,,,,,,,
441827,2009/10,2010-02-21,Sawai Mansingh Stadium,1,31.4,India,South Africa,V Kohli,SK Raina,J Botha,1,0,,,,,,,,,
441827,2009/10,2010-02-21,Sawai Mansingh Stadium,1,31.5,India,South Africa,SK Raina,V Kohli,J Botha,1,0,,,,,,,,,
441827,2009/10,2010-02-21,Sawai Mansingh Stadium,1,31.6,India,South Africa,V Kohli,SK Raina,J Botha,1,0,,,,,,,,,
441827,2009/10,2010-02-21,Sawai Mansingh Stadium,1,32.1,India,South Africa,V Kohli,SK Raina,WD Parnell,4,0,,,,,,,,,
441827,2009/10,2010-02-21,Sawai Mansingh Stadium,1,32.2,India,South Africa,V Kohli,SK Raina,WD Parnell,1,0,,,,,,,,,
441827,2009/10,2010-02-21,Sawai Mansingh Stadium,1,32.3,India,South Africa,SK Raina,V Kohli,WD Parnell,1,0,,,,,,,,,
441827,2009/10,2010-02-21,Sawai Mansingh Stadium,1,32.4,India,South Africa,V Kohli,SK Raina,WD Parnell,1,0,,,,,,,,,
441827,2009/10,2010-02-21,Sawai Mansingh Stadium,1,32.5,India,South Africa,SK Raina,V Kohli,WD Parnell,0,1,1,,,,,,,,
441827,2009/10,2010-02-21,Sawai Mansingh Stadium,1,32.6,India,South Africa,SK Raina,V Kohli,WD Parnell,1,0,,,,,,,,,
441827,2009/10,2010-02-21,Sawai Mansingh Stadium,1,32.7,India,South Africa,V Kohli,SK Raina,WD Parnell,1,0,,,,,,,,,
441827,2009/10,2010-02-21,Sawai Mansingh Stadium,1,33.1,India,South Africa,V Kohli,SK Raina,J Botha,1,0,,,,,,,,,
441827,2009/10,2010-02-21,Sawai Mansingh Stadium,1,33.2,India,South Africa,SK Raina,V Kohli,J Botha,1,0,,,,,,,,,
441827,2009/10,2010-02-21,Sawai Mansingh Stadium,1,33.3,India,South Africa,V Kohli,SK Raina,J Botha,1,0,,,,,,,,,
441827,2009/10,2010-02-21,Sawai Mansingh Stadium,1,33.4,India,South Africa,SK Raina,V Kohli,J Botha,1,0,,,,,,,,,
441827,2009/10,2010-02-21,Sawai Mansingh Stadium,1,33.5,India,South Africa,V Kohli,SK Raina,J Botha,1,0,,,,,,,,,
441827,2009/10,2010-02-21,Sawai Mansingh Stadium,1,33.6,India,South Africa,SK Raina,V Kohli,J Botha,1,0,,,,,,,,,
441827,2009/10,2010-02-21,Sawai Mansingh Stadium,1,34.1,India,South Africa,SK Raina,V Kohli,WD Parnell,6,0,,,,,,,,,
441827,2009/10,2010-02-21,Sawai Mansingh Stadium,1,34.2,India,South Africa,SK Raina,V Kohli,WD Parnell,1,0,,,,,,,,,
441827,2009/10,2010-02-21,Sawai Mansingh Stadium,1,34.3,India,South Africa,V Kohli,SK Raina,WD Parnell,1,0,,,,,,,,,
441827,2009/10,2010-02-21,Sawai Mansingh Stadium,1,34.4,India,South Africa,SK Raina,V Kohli,WD Parnell,0,1,1,,,,,,,,
441827,2009/10,2010-02-21,Sawai Mansingh Stadium,1,34.5,India,South Africa,SK Raina,V Kohli,WD Parnell,2,0,,,,,,,,,
441827,2009/10,2010-02-21,Sawai Mansingh Stadium,1,34.6,India,South Africa,SK Raina,V Kohli,WD Parnell,0,0,,,,,,,,,
441827,2009/10,2010-02-21,Sawai Mansingh Stadium,1,34.7,India,South Africa,SK Raina,V Kohli,WD Parnell,1,0,,,,,,,,,
441827,2009/10,2010-02-21,Sawai Mansingh Stadium,1,35.1,India,South Africa,SK Raina,V Kohli,CK Langeveldt,0,0,,,,,,,,,
441827,2009/10,2010-02-21,Sawai Mansingh Stadium,1,35.2,India,South Africa,SK Raina,V Kohli,CK Langeveldt,0,0,,,,,,,,,
441827,2009/10,2010-02-21,Sawai Mansingh Stadium,1,35.3,India,South Africa,SK Raina,V Kohli,CK Langeveldt,0,0,,,,,,,,,
441827,2009/10,2010-02-21,Sawai Mansingh Stadium,1,35.4,India,South Africa,SK Raina,V Kohli,CK Langeveldt,0,0,,,,,,,,,
441827,2009/10,2010-02-21,Sawai Mansingh Stadium,1,35.5,India,South Africa,SK Raina,V Kohli,CK Langeveldt,1,0,,,,,,,,,
441827,2009/10,2010-02-21,Sawai Mansingh Stadium,1,35.6,India,South Africa,V Kohli,SK Raina,CK Langeveldt,1,0,,,,,,,,,
441827,2009/10,2010-02-21,Sawai Mansingh Stadium,1,36.1,India,South Africa,V Kohli,SK Raina,JA Morkel,0,0,,,,,,,,,
441827,2009/10,2010-02-21,Sawai Mansingh Stadium,1,36.2,India,South Africa,V Kohli,SK Raina,JA Morkel,0,0,,,,,,caught,V Kohli,,
441827,2009/10,2010-02-21,Sawai Mansingh Stadium,1,36.3,India,South Africa,YK Pathan,SK Raina,JA Morkel,1,0,,,,,,,,,
441827,2009/10,2010-02-21,Sawai Mansingh Stadium,1,36.4,India,South Africa,SK Raina,YK Pathan,JA Morkel,0,0,,,,,,,,,
441827,2009/10,2010-02-21,Sawai Mansingh Stadium,1,36.5,India,South Africa,SK Raina,YK Pathan,JA Morkel,2,0,,,,,,,,,
441827,2009/10,2010-02-21,Sawai Mansingh Stadium,1,36.6,India,South Africa,SK Raina,YK Pathan,JA Morkel,1,0,,,,,,,,,
441827,2009/10,2010-02-21,Sawai Mansingh Stadium,1,37.1,India,South Africa,SK Raina,YK Pathan,CK Langeveldt,1,0,,,,,,,,,
441827,2009/10,2010-02-21,Sawai Mansingh Stadium,1,37.2,India,South Africa,YK Pathan,SK Raina,CK Langeveldt,0,0,,,,,,,,,
441827,2009/10,2010-02-21,Sawai Mansingh Stadium,1,37.3,India,South Africa,YK Pathan,SK Raina,CK Langeveldt,0,0,,,,,,,,,
441827,2009/10,2010-02-21,Sawai Mansingh Stadium,1,37.4,India,South Africa,YK Pathan,SK Raina,CK Langeveldt,0,0,,,,,,,,,
441827,2009/10,2010-02-21,Sawai Mansingh Stadium,1,37.5,India,South Africa,YK Pathan,SK Raina,CK Langeveldt,0,1,1,,,,,,,,
441827,2009/10,2010-02-21,Sawai Mansingh Stadium,1,37.6,India,South Africa,YK Pathan,SK Raina,CK Langeveldt,0,0,,,,,,,,,
441827,2009/10,2010-02-21,Sawai Mansingh Stadium,1,37.7,India,South Africa,YK Pathan,SK Raina,CK Langeveldt,1,0,,,,,,,,,
441827,2009/10,2010-02-21,Sawai Mansingh Stadium,1,38.1,India,South Africa,YK Pathan,SK Raina,JA Morkel,1,0,,,,,,,,,
441827,2009/10,2010-02-21,Sawai Mansingh Stadium,1,38.2,India,South Africa,SK Raina,YK Pathan,JA Morkel,1,0,,,,,,,,,
441827,2009/10,2010-02-21,Sawai Mansingh Stadium,1,38.3,India,South Africa,YK Pathan,SK Raina,JA Morkel,4,0,,,,,,,,,
441827,2009/10,2010-02-21,Sawai Mansingh Stadium,1,38.4,India,South Africa,YK Pathan,SK Raina,JA Morkel,4,0,,,,,,,,,
441827,2009/10,2010-02-21,Sawai Mansingh Stadium,1,38.5,India,South Africa,YK Pathan,SK Raina,JA Morkel,0,1,1,,,,,,,,
441827,2009/10,2010-02-21,Sawai Mansingh Stadium,1,38.6,India,South Africa,YK Pathan,SK Raina,JA Morkel,1,0,,,,,,,,,
441827,2009/10,2010-02-21,Sawai Mansingh Stadium,1,38.7,India,South Africa,SK Raina,YK Pathan,JA Morkel,2,0,,,,,,,,,
441827,2009/10,2010-02-21,Sawai Mansingh Stadium,1,39.1,India,South Africa,YK Pathan,SK Raina,WD Parnell,0,0,,,,,,,,,
441827,2009/10,2010-02-21,Sawai Mansingh Stadium,1,39.2,India,South Africa,YK Pathan,SK Raina,WD Parnell,6,0,,,,,,,,,
441827,2009/10,2010-02-21,Sawai Mansingh Stadium,1,39.3,India,South Africa,YK Pathan,SK Raina,WD Parnell,0,0,,,,,,caught,YK Pathan,,
441827,2009/10,2010-02-21,Sawai Mansingh Stadium,1,39.4,India,South Africa,RA Jadeja,SK Raina,WD Parnell,1,0,,,,,,,,,
441827,2009/10,2010-02-21,Sawai Mansingh Stadium,1,39.5,India,South Africa,SK Raina,RA Jadeja,WD Parnell,1,0,,,,,,,,,
441827,2009/10,2010-02-21,Sawai Mansingh Stadium,1,39.6,India,South Africa,RA Jadeja,SK Raina,WD Parnell,1,0,,,,,,,,,
441827,2009/10,2010-02-21,Sawai Mansingh Stadium,1,40.1,India,South Africa,RA Jadeja,SK Raina,DW Steyn,0,1,1,,,,,,,,
441827,2009/10,2010-02-21,Sawai Mansingh Stadium,1,40.2,India,South Africa,RA Jadeja,SK Raina,DW Steyn,0,1,1,,,,,,,,
441827,2009/10,2010-02-21,Sawai Mansingh Stadium,1,40.3,India,South Africa,RA Jadeja,SK Raina,DW Steyn,4,0,,,,,,,,,
441827,2009/10,2010-02-21,Sawai Mansingh Stadium,1,40.4,India,South Africa,RA Jadeja,SK Raina,DW Steyn,1,0,,,,,,,,,
441827,2009/10,2010-02-21,Sawai Mansingh Stadium,1,40.5,India,South Africa,SK Raina,RA Jadeja,DW Steyn,0,0,,,,,,,,,
441827,2009/10,2010-02-21,Sawai Mansingh Stadium,1,40.6,India,South Africa,SK Raina,RA Jadeja,DW Steyn,0,0,,,,,,,,,
441827,2009/10,2010-02-21,Sawai Mansingh Stadium,1,40.7,India,South Africa,SK Raina,RA Jadeja,DW Steyn,0,0,,,,,,,,,
441827,2009/10,2010-02-21,Sawai Mansingh Stadium,1,40.8,India,South Africa,SK Raina,RA Jadeja,DW Steyn,4,0,,,,,,,,,
441827,2009/10,2010-02-21,Sawai Mansingh Stadium,1,41.1,India,South Africa,RA Jadeja,SK Raina,WD Parnell,0,0,,,,,,,,,
441827,2009/10,2010-02-21,Sawai Mansingh Stadium,1,41.2,India,South Africa,RA Jadeja,SK Raina,WD Parnell,1,0,,,,,,,,,
441827,2009/10,2010-02-21,Sawai Mansingh Stadium,1,41.3,India,South Africa,SK Raina,RA Jadeja,WD Parnell,1,0,,,,,,,,,
441827,2009/10,2010-02-21,Sawai Mansingh Stadium,1,41.4,India,South Africa,RA Jadeja,SK Raina,WD Parnell,2,0,,,,,,,,,
441827,2009/10,2010-02-21,Sawai Mansingh Stadium,1,41.5,India,South Africa,RA Jadeja,SK Raina,WD Parnell,1,0,,,,,,,,,
441827,2009/10,2010-02-21,Sawai Mansingh Stadium,1,41.6,India,South Africa,SK Raina,RA Jadeja,WD Parnell,4,0,,,,,,,,,
441827,2009/10,2010-02-21,Sawai Mansingh Stadium,1,42.1,India,South Africa,RA Jadeja,SK Raina,DW Steyn,0,0,,,,,,,,,
441827,2009/10,2010-02-21,Sawai Mansingh Stadium,1,42.2,India,South Africa,RA Jadeja,SK Raina,DW Steyn,0,0,,,,,,,,,
441827,2009/10,2010-02-21,Sawai Mansingh Stadium,1,42.3,India,South Africa,RA Jadeja,SK Raina,DW Steyn,3,0,,,,,,,,,
441827,2009/10,2010-02-21,Sawai Mansingh Stadium,1,42.4,India,South Africa,SK Raina,RA Jadeja,DW Steyn,0,0,,,,,,,,,
441827,2009/10,2010-02-21,Sawai Mansingh Stadium,1,42.5,India,South Africa,SK Raina,RA Jadeja,DW Steyn,1,0,,,,,,,,,
441827,2009/10,2010-02-21,Sawai Mansingh Stadium,1,42.6,India,South Africa,RA Jadeja,SK Raina,DW Steyn,1,0,,,,,,,,,
441827,2009/10,2010-02-21,Sawai Mansingh Stadium,1,43.1,India,South Africa,RA Jadeja,SK Raina,JH Kallis,1,0,,,,,,,,,
441827,2009/10,2010-02-21,Sawai Mansingh Stadium,1,43.2,India,South Africa,SK Raina,RA Jadeja,JH Kallis,0,0,,,,,,,,,
441827,2009/10,2010-02-21,Sawai Mansingh Stadium,1,43.3,India,South Africa,SK Raina,RA Jadeja,JH Kallis,0,0,,,,,,,,,
441827,2009/10,2010-02-21,Sawai Mansingh Stadium,1,43.4,India,South Africa,SK Raina,RA Jadeja,JH Kallis,0,0,,,,,,caught,SK Raina,,
441827,2009/10,2010-02-21,Sawai Mansingh Stadium,1,43.5,India,South Africa,P Kumar,RA Jadeja,JH Kallis,1,0,,,,,,,,,
441827,2009/10,2010-02-21,Sawai Mansingh Stadium,1,43.6,India,South Africa,RA Jadeja,P Kumar,JH Kallis,0,1,1,,,,,,,,
441827,2009/10,2010-02-21,Sawai Mansingh Stadium,1,43.7,India,South Africa,RA Jadeja,P Kumar,JH Kallis,0,0,,,,,,,,,
441827,2009/10,2010-02-21,Sawai Mansingh Stadium,1,44.1,India,South Africa,P Kumar,RA Jadeja,JA Morkel,0,0,,,,,,,,,
441827,2009/10,2010-02-21,Sawai Mansingh Stadium,1,44.2,India,South Africa,P Kumar,RA Jadeja,JA Morkel,2,0,,,,,,,,,
441827,2009/10,2010-02-21,Sawai Mansingh Stadium,1,44.3,India,South Africa,P Kumar,RA Jadeja,JA Morkel,1,0,,,,,,,,,
441827,2009/10,2010-02-21,Sawai Mansingh Stadium,1,44.4,India,South Africa,RA Jadeja,P Kumar,JA Morkel,2,0,,,,,,,,,
441827,2009/10,2010-02-21,Sawai Mansingh Stadium,1,44.5,India,South Africa,RA Jadeja,P Kumar,JA Morkel,1,0,,,,,,,,,
441827,2009/10,2010-02-21,Sawai Mansingh Stadium,1,44.6,India,South Africa,P Kumar,RA Jadeja,JA Morkel,2,0,,,,,,,,,
441827,2009/10,2010-02-21,Sawai Mansingh Stadium,1,45.1,India,South Africa,RA Jadeja,P Kumar,JH Kallis,1,0,,,,,,,,,
441827,2009/10,2010-02-21,Sawai Mansingh Stadium,1,45.2,India,South Africa,P Kumar,RA Jadeja,JH Kallis,1,0,,,,,,,,,
441827,2009/10,2010-02-21,Sawai Mansingh Stadium,1,45.3,India,South Africa,RA Jadeja,P Kumar,JH Kallis,0,0,,,,,,,,,
441827,2009/10,2010-02-21,Sawai Mansingh Stadium,1,45.4,India,South Africa,RA Jadeja,P Kumar,JH Kallis,2,0,,,,,,,,,
441827,2009/10,2010-02-21,Sawai Mansingh Stadium,1,45.5,India,South Africa,RA Jadeja,P Kumar,JH Kallis,0,0,,,,,,caught,RA Jadeja,,
441827,2009/10,2010-02-21,Sawai Mansingh Stadium,1,45.6,India,South Africa,A Nehra,P Kumar,JH Kallis,0,0,,,,,,,,,
441827,2009/10,2010-02-21,Sawai Mansingh Stadium,1,46.1,India,South Africa,P Kumar,A Nehra,DW Steyn,0,1,,,,1,,,,,
441827,2009/10,2010-02-21,Sawai Mansingh Stadium,1,46.2,India,South Africa,A Nehra,P Kumar,DW Steyn,0,0,,,,,,,,,
441827,2009/10,2010-02-21,Sawai Mansingh Stadium,1,46.3,India,South Africa,A Nehra,P Kumar,DW Steyn,0,0,,,,,,,,,
441827,2009/10,2010-02-21,Sawai Mansingh Stadium,1,46.4,India,South Africa,A Nehra,P Kumar,DW Steyn,0,0,,,,,,,,,
441827,2009/10,2010-02-21,Sawai Mansingh Stadium,1,46.5,India,South Africa,A Nehra,P Kumar,DW Steyn,0,0,,,,,,,,,
441827,2009/10,2010-02-21,Sawai Mansingh Stadium,1,46.6,India,South Africa,A Nehra,P Kumar,DW Steyn,0,1,,,,1,,,,,
441827,2009/10,2010-02-21,Sawai Mansingh Stadium,1,47.1,India,South Africa,A Nehra,P Kumar,CK Langeveldt,0,0,,,,,,,,,
441827,2009/10,2010-02-21,Sawai Mansingh Stadium,1,47.2,India,South Africa,A Nehra,P Kumar,CK Langeveldt,1,0,,,,,,,,,
441827,2009/10,2010-02-21,Sawai Mansingh Stadium,1,47.3,India,South Africa,P Kumar,A Nehra,CK Langeveldt,2,0,,,,,,,,,
441827,2009/10,2010-02-21,Sawai Mansingh Stadium,1,47.4,India,South Africa,P Kumar,A Nehra,CK Langeveldt,1,0,,,,,,,,,
441827,2009/10,2010-02-21,Sawai Mansingh Stadium,1,47.5,India,South Africa,A Nehra,P Kumar,CK Langeveldt,6,0,,,,,,,,,
441827,2009/10,2010-02-21,Sawai Mansingh Stadium,1,47.6,India,South Africa,A Nehra,P Kumar,CK Langeveldt,1,0,,,,,,,,,
441827,2009/10,2010-02-21,Sawai Mansingh Stadium,1,48.1,India,South Africa,A Nehra,P Kumar,DW Steyn,0,0,,,,,,,,,
441827,2009/10,2010-02-21,Sawai Mansingh Stadium,1,48.2,India,South Africa,A Nehra,P Kumar,DW Steyn,1,0,,,,,,,,,
441827,2009/10,2010-02-21,Sawai Mansingh Stadium,1,48.3,India,South Africa,P Kumar,A Nehra,DW Steyn,0,0,,,,,,,,,
441827,2009/10,2010-02-21,Sawai Mansingh Stadium,1,48.4,India,South Africa,P Kumar,A Nehra,DW Steyn,1,0,,,,,,,,,
441827,2009/10,2010-02-21,Sawai Mansingh Stadium,1,48.5,India,South Africa,A Nehra,P Kumar,DW Steyn,1,0,,,,,,,,,
441827,2009/10,2010-02-21,Sawai Mansingh Stadium,1,48.6,India,South Africa,P Kumar,A Nehra,DW Steyn,1,0,,,,,,,,,
441827,2009/10,2010-02-21,Sawai Mansingh Stadium,1,49.1,India,South Africa,P Kumar,A Nehra,CK Langeveldt,0,0,,,,,,,,,
441827,2009/10,2010-02-21,Sawai Mansingh Stadium,1,49.2,India,South Africa,P Kumar,A Nehra,CK Langeveldt,1,0,,,,,,run out,P Kumar,,
441827,2009/10,2010-02-21,Sawai Mansingh Stadium,1,49.3,India,South Africa,A Nehra,S Sreesanth,CK Langeveldt,4,0,,,,,,,,,
441827,2009/10,2010-02-21,Sawai Mansingh Stadium,1,49.4,India,South Africa,A Nehra,S Sreesanth,CK Langeveldt,0,0,,,,,,,,,
441827,2009/10,2010-02-21,Sawai Mansingh Stadium,1,49.5,India,South Africa,A Nehra,S Sreesanth,CK Langeveldt,0,0,,,,,,,,,
441827,2009/10,2010-02-21,Sawai Mansingh Stadium,1,49.6,India,South Africa,A Nehra,S Sreesanth,CK Langeveldt,2,0,,,,,,,,,
441827,2009/10,2010-02-21,Sawai Mansingh Stadium,2,0.1,South Africa,India,LE Bosman,HH Gibbs,P Kumar,0,0,,,,,,,,,
441827,2009/10,2010-02-21,Sawai Mansingh Stadium,2,0.2,South Africa,India,LE Bosman,HH Gibbs,P Kumar,1,0,,,,,,,,,
441827,2009/10,2010-02-21,Sawai Mansingh Stadium,2,0.3,South Africa,India,HH Gibbs,LE Bosman,P Kumar,0,0,,,,,,,,,
441827,2009/10,2010-02-21,Sawai Mansingh Stadium,2,0.4,South Africa,India,HH Gibbs,LE Bosman,P Kumar,0,0,,,,,,,,,
441827,2009/10,2010-02-21,Sawai Mansingh Stadium,2,0.5,South Africa,India,HH Gibbs,LE Bosman,P Kumar,0,0,,,,,,,,,
441827,2009/10,2010-02-21,Sawai Mansingh Stadium,2,0.6,South Africa,India,HH Gibbs,LE Bosman,P Kumar,0,0,,,,,,,,,
441827,2009/10,2010-02-21,Sawai Mansingh Stadium,2,1.1,South Africa,India,LE Bosman,HH Gibbs,A Nehra,1,0,,,,,,,,,
441827,2009/10,2010-02-21,Sawai Mansingh Stadium,2,1.2,South Africa,India,HH Gibbs,LE Bosman,A Nehra,0,0,,,,,,,,,
441827,2009/10,2010-02-21,Sawai Mansingh Stadium,2,1.3,South Africa,India,HH Gibbs,LE Bosman,A Nehra,0,0,,,,,,,,,
441827,2009/10,2010-02-21,Sawai Mansingh Stadium,2,1.4,South Africa,India,HH Gibbs,LE Bosman,A Nehra,2,0,,,,,,,,,
441827,2009/10,2010-02-21,Sawai Mansingh Stadium,2,1.5,South Africa,India,HH Gibbs,LE Bosman,A Nehra,0,0,,,,,,,,,
441827,2009/10,2010-02-21,Sawai Mansingh Stadium,2,1.6,South Africa,India,HH Gibbs,LE Bosman,A Nehra,0,0,,,,,,,,,
441827,2009/10,2010-02-21,Sawai Mansingh Stadium,2,2.1,South Africa,India,LE Bosman,HH Gibbs,P Kumar,1,0,,,,,,,,,
441827,2009/10,2010-02-21,Sawai Mansingh Stadium,2,2.2,South Africa,India,HH Gibbs,LE Bosman,P Kumar,0,2,,,,2,,,,,
441827,2009/10,2010-02-21,Sawai Mansingh Stadium,2,2.3,South Africa,India,HH Gibbs,LE Bosman,P Kumar,0,0,,,,,,,,,
441827,2009/10,2010-02-21,Sawai Mansingh Stadium,2,2.4,South Africa,India,HH Gibbs,LE Bosman,P Kumar,0,0,,,,,,,,,
441827,2009/10,2010-02-21,Sawai Mansingh Stadium,2,2.5,South Africa,India,HH Gibbs,LE Bosman,P Kumar,2,0,,,,,,,,,
441827,2009/10,2010-02-21,Sawai Mansingh Stadium,2,2.6,South Africa,India,HH Gibbs,LE Bosman,P Kumar,1,0,,,,,,,,,
441827,2009/10,2010-02-21,Sawai Mansingh Stadium,2,3.1,South Africa,India,HH Gibbs,LE Bosman,A Nehra,4,0,,,,,,,,,
441827,2009/10,2010-02-21,Sawai Mansingh Stadium,2,3.2,South Africa,India,HH Gibbs,LE Bosman,A Nehra,0,0,,,,,,,,,
441827,2009/10,2010-02-21,Sawai Mansingh Stadium,2,3.3,South Africa,India,HH Gibbs,LE Bosman,A Nehra,0,0,,,,,,,,,
441827,2009/10,2010-02-21,Sawai Mansingh Stadium,2,3.4,South Africa,India,HH Gibbs,LE Bosman,A Nehra,0,0,,,,,,,,,
441827,2009/10,2010-02-21,Sawai Mansingh Stadium,2,3.5,South Africa,India,HH Gibbs,LE Bosman,A Nehra,0,0,,,,,,,,,
441827,2009/10,2010-02-21,Sawai Mansingh Stadium,2,3.6,South Africa,India,HH Gibbs,LE Bosman,A Nehra,0,0,,,,,,,,,
441827,2009/10,2010-02-21,Sawai Mansingh Stadium,2,4.1,South Africa,India,LE Bosman,HH Gibbs,P Kumar,0,0,,,,,,,,,
441827,2009/10,2010-02-21,Sawai Mansingh Stadium,2,4.2,South Africa,India,LE Bosman,HH Gibbs,P Kumar,0,0,,,,,,,,,
441827,2009/10,2010-02-21,Sawai Mansingh Stadium,2,4.3,South Africa,India,LE Bosman,HH Gibbs,P Kumar,1,0,,,,,,,,,
441827,2009/10,2010-02-21,Sawai Mansingh Stadium,2,4.4,South Africa,India,HH Gibbs,LE Bosman,P Kumar,1,0,,,,,,,,,
441827,2009/10,2010-02-21,Sawai Mansingh Stadium,2,4.5,South Africa,India,LE Bosman,HH Gibbs,P Kumar,4,0,,,,,,,,,
441827,2009/10,2010-02-21,Sawai Mansingh Stadium,2,4.6,South Africa,India,LE Bosman,HH Gibbs,P Kumar,0,1,1,,,,,,,,
441827,2009/10,2010-02-21,Sawai Mansingh Stadium,2,4.7,South Africa,India,LE Bosman,HH Gibbs,P Kumar,0,0,,,,,,,,,
441827,2009/10,2010-02-21,Sawai Mansingh Stadium,2,5.1,South Africa,India,HH Gibbs,LE Bosman,S Sreesanth,0,1,1,,,,,,,,
441827,2009/10,2010-02-21,Sawai Mansingh Stadium,2,5.2,South Africa,India,HH Gibbs,LE Bosman,S Sreesanth,4,0,,,,,,,,,
441827,2009/10,2010-02-21,Sawai Mansingh Stadium,2,5.3,South Africa,India,HH Gibbs,LE Bosman,S Sreesanth,6,0,,,,,,,,,
441827,2009/10,2010-02-21,Sawai Mansingh Stadium,2,5.4,South Africa,India,HH Gibbs,LE Bosman,S Sreesanth,1,0,,,,,,,,,
441827,2009/10,2010-02-21,Sawai Mansingh Stadium,2,5.5,South Africa,India,LE Bosman,HH Gibbs,S Sreesanth,1,0,,,,,,,,,
441827,2009/10,2010-02-21,Sawai Mansingh Stadium,2,5.6,South Africa,India,HH Gibbs,LE Bosman,S Sreesanth,0,0,,,,,,,,,
441827,2009/10,2010-02-21,Sawai Mansingh Stadium,2,5.7,South Africa,India,HH Gibbs,LE Bosman,S Sreesanth,4,0,,,,,,,,,
441827,2009/10,2010-02-21,Sawai Mansingh Stadium,2,6.1,South Africa,India,LE Bosman,HH Gibbs,P Kumar,4,0,,,,,,,,,
441827,2009/10,2010-02-21,Sawai Mansingh Stadium,2,6.2,South Africa,India,LE Bosman,HH Gibbs,P Kumar,4,0,,,,,,,,,
441827,2009/10,2010-02-21,Sawai Mansingh Stadium,2,6.3,South Africa,India,LE Bosman,HH Gibbs,P Kumar,1,0,,,,,,,,,
441827,2009/10,2010-02-21,Sawai Mansingh Stadium,2,6.4,South Africa,India,HH Gibbs,LE Bosman,P Kumar,0,0,,,,,,,,,
441827,2009/10,2010-02-21,Sawai Mansingh Stadium,2,6.5,South Africa,India,HH Gibbs,LE Bosman,P Kumar,0,0,,,,,,,,,
441827,2009/10,2010-02-21,Sawai Mansingh Stadium,2,6.6,South Africa,India,HH Gibbs,LE Bosman,P Kumar,0,0,,,,,,,,,
441827,2009/10,2010-02-21,Sawai Mansingh Stadium,2,7.1,South Africa,India,LE Bosman,HH Gibbs,A Nehra,2,0,,,,,,,,,
441827,2009/10,2010-02-21,Sawai Mansingh Stadium,2,7.2,South Africa,India,LE Bosman,HH Gibbs,A Nehra,0,0,,,,,,,,,
441827,2009/10,2010-02-21,Sawai Mansingh Stadium,2,7.3,South Africa,India,LE Bosman,HH Gibbs,A Nehra,2,0,,,,,,,,,
441827,2009/10,2010-02-21,Sawai Mansingh Stadium,2,7.4,South Africa,India,LE Bosman,HH Gibbs,A Nehra,0,0,,,,,,,,,
441827,2009/10,2010-02-21,Sawai Mansingh Stadium,2,7.5,South Africa,India,LE Bosman,HH Gibbs,A Nehra,4,0,,,,,,,,,
441827,2009/10,2010-02-21,Sawai Mansingh Stadium,2,7.6,South Africa,India,LE Bosman,HH Gibbs,A Nehra,1,0,,,,,,,,,
441827,2009/10,2010-02-21,Sawai Mansingh Stadium,2,8.1,South Africa,India,LE Bosman,HH Gibbs,P Kumar,0,0,,,,,,,,,
441827,2009/10,2010-02-21,Sawai Mansingh Stadium,2,8.2,South Africa,India,LE Bosman,HH Gibbs,P Kumar,2,0,,,,,,,,,
441827,2009/10,2010-02-21,Sawai Mansingh Stadium,2,8.3,South Africa,India,LE Bosman,HH Gibbs,P Kumar,0,0,,,,,,,,,
441827,2009/10,2010-02-21,Sawai Mansingh Stadium,2,8.4,South Africa,India,LE Bosman,HH Gibbs,P Kumar,0,0,,,,,,bowled,LE Bosman,,
441827,2009/10,2010-02-21,Sawai Mansingh Stadium,2,8.5,South Africa,India,JH Kallis,HH Gibbs,P Kumar,1,0,,,,,,,,,
441827,2009/10,2010-02-21,Sawai Mansingh Stadium,2,8.6,South Africa,India,HH Gibbs,JH Kallis,P Kumar,1,0,,,,,,,,,
441827,2009/10,2010-02-21,Sawai Mansingh Stadium,2,9.1,South Africa,India,HH Gibbs,JH Kallis,RA Jadeja,0,0,,,,,,,,,
441827,2009/10,2010-02-21,Sawai Mansingh Stadium,2,9.2,South Africa,India,HH Gibbs,JH Kallis,RA Jadeja,0,0,,,,,,,,,
441827,2009/10,2010-02-21,Sawai Mansingh Stadium,2,9.3,South Africa,India,HH Gibbs,JH Kallis,RA Jadeja,0,0,,,,,,,,,
441827,2009/10,2010-02-21,Sawai Mansingh Stadium,2,9.4,South Africa,India,HH Gibbs,JH Kallis,RA Jadeja,0,0,,,,,,,,,
441827,2009/10,2010-02-21,Sawai Mansingh Stadium,2,9.5,South Africa,India,HH Gibbs,JH Kallis,RA Jadeja,0,0,,,,,,,,,
441827,2009/10,2010-02-21,Sawai Mansingh Stadium,2,9.6,South Africa,India,HH Gibbs,JH Kallis,RA Jadeja,0,0,,,,,,,,,
441827,2009/10,2010-02-21,Sawai Mansingh Stadium,2,10.1,South Africa,India,JH Kallis,HH Gibbs,P Kumar,0,0,,,,,,,,,
441827,2009/10,2010-02-21,Sawai Mansingh Stadium,2,10.2,South Africa,India,JH Kallis,HH Gibbs,P Kumar,0,0,,,,,,,,,
441827,2009/10,2010-02-21,Sawai Mansingh Stadium,2,10.3,South Africa,India,JH Kallis,HH Gibbs,P Kumar,2,0,,,,,,,,,
441827,2009/10,2010-02-21,Sawai Mansingh Stadium,2,10.4,South Africa,India,JH Kallis,HH Gibbs,P Kumar,1,0,,,,,,,,,
441827,2009/10,2010-02-21,Sawai Mansingh Stadium,2,10.5,South Africa,India,HH Gibbs,JH Kallis,P Kumar,0,0,,,,,,,,,
441827,2009/10,2010-02-21,Sawai Mansingh Stadium,2,10.6,South Africa,India,HH Gibbs,JH Kallis,P Kumar,1,0,,,,,,,,,
441827,2009/10,2010-02-21,Sawai Mansingh Stadium,2,11.1,South Africa,India,HH Gibbs,JH Kallis,RA Jadeja,0,0,,,,,,,,,
441827,2009/10,2010-02-21,Sawai Mansingh Stadium,2,11.2,South Africa,India,HH Gibbs,JH Kallis,RA Jadeja,0,0,,,,,,caught,HH Gibbs,,
441827,2009/10,2010-02-21,Sawai Mansingh Stadium,2,11.3,South Africa,India,JH Kallis,AB de Villiers,RA Jadeja,1,0,,,,,,,,,
441827,2009/10,2010-02-21,Sawai Mansingh Stadium,2,11.4,South Africa,India,AB de Villiers,JH Kallis,RA Jadeja,0,0,,,,,,,,,
441827,2009/10,2010-02-21,Sawai Mansingh Stadium,2,11.5,South Africa,India,AB de Villiers,JH Kallis,RA Jadeja,3,0,,,,,,,,,
441827,2009/10,2010-02-21,Sawai Mansingh Stadium,2,11.6,South Africa,India,JH Kallis,AB de Villiers,RA Jadeja,1,0,,,,,,,,,
441827,2009/10,2010-02-21,Sawai Mansingh Stadium,2,12.1,South Africa,India,JH Kallis,AB de Villiers,P Kumar,4,0,,,,,,,,,
441827,2009/10,2010-02-21,Sawai Mansingh Stadium,2,12.2,South Africa,India,JH Kallis,AB de Villiers,P Kumar,0,0,,,,,,,,,
441827,2009/10,2010-02-21,Sawai Mansingh Stadium,2,12.3,South Africa,India,JH Kallis,AB de Villiers,P Kumar,0,0,,,,,,,,,
441827,2009/10,2010-02-21,Sawai Mansingh Stadium,2,12.4,South Africa,India,JH Kallis,AB de Villiers,P Kumar,1,0,,,,,,,,,
441827,2009/10,2010-02-21,Sawai Mansingh Stadium,2,12.5,South Africa,India,AB de Villiers,JH Kallis,P Kumar,0,0,,,,,,,,,
441827,2009/10,2010-02-21,Sawai Mansingh Stadium,2,12.6,South Africa,India,AB de Villiers,JH Kallis,P Kumar,4,0,,,,,,,,,
441827,2009/10,2010-02-21,Sawai Mansingh Stadium,2,13.1,South Africa,India,JH Kallis,AB de Villiers,RA Jadeja,0,0,,,,,,,,,
441827,2009/10,2010-02-21,Sawai Mansingh Stadium,2,13.2,South Africa,India,JH Kallis,AB de Villiers,RA Jadeja,4,0,,,,,,,,,
441827,2009/10,2010-02-21,Sawai Mansingh Stadium,2,13.3,South Africa,India,JH Kallis,AB de Villiers,RA Jadeja,2,0,,,,,,,,,
441827,2009/10,2010-02-21,Sawai Mansingh Stadium,2,13.4,South Africa,India,JH Kallis,AB de Villiers,RA Jadeja,0,0,,,,,,,,,
441827,2009/10,2010-02-21,Sawai Mansingh Stadium,2,13.5,South Africa,India,JH Kallis,AB de Villiers,RA Jadeja,0,0,,,,,,,,,
441827,2009/10,2010-02-21,Sawai Mansingh Stadium,2,13.6,South Africa,India,JH Kallis,AB de Villiers,RA Jadeja,0,0,,,,,,,,,
441827,2009/10,2010-02-21,Sawai Mansingh Stadium,2,14.1,South Africa,India,AB de Villiers,JH Kallis,S Sreesanth,0,0,,,,,,,,,
441827,2009/10,2010-02-21,Sawai Mansingh Stadium,2,14.2,South Africa,India,AB de Villiers,JH Kallis,S Sreesanth,4,0,,,,,,,,,
441827,2009/10,2010-02-21,Sawai Mansingh Stadium,2,14.3,South Africa,India,AB de Villiers,JH Kallis,S Sreesanth,0,0,,,,,,,,,
441827,2009/10,2010-02-21,Sawai Mansingh Stadium,2,14.4,South Africa,India,AB de Villiers,JH Kallis,S Sreesanth,1,0,,,,,,,,,
441827,2009/10,2010-02-21,Sawai Mansingh Stadium,2,14.5,South Africa,India,JH Kallis,AB de Villiers,S Sreesanth,0,0,,,,,,,,,
441827,2009/10,2010-02-21,Sawai Mansingh Stadium,2,14.6,South Africa,India,JH Kallis,AB de Villiers,S Sreesanth,0,0,,,,,,,,,
441827,2009/10,2010-02-21,Sawai Mansingh Stadium,2,15.1,South Africa,India,AB de Villiers,JH Kallis,RA Jadeja,0,0,,,,,,,,,
441827,2009/10,2010-02-21,Sawai Mansingh Stadium,2,15.2,South Africa,India,AB de Villiers,JH Kallis,RA Jadeja,2,0,,,,,,,,,
441827,2009/10,2010-02-21,Sawai Mansingh Stadium,2,15.3,South Africa,India,AB de Villiers,JH Kallis,RA Jadeja,0,0,,,,,,,,,
441827,2009/10,2010-02-21,Sawai Mansingh Stadium,2,15.4,South Africa,India,AB de Villiers,JH Kallis,RA Jadeja,0,0,,,,,,,,,
441827,2009/10,2010-02-21,Sawai Mansingh Stadium,2,15.5,South Africa,India,AB de Villiers,JH Kallis,RA Jadeja,0,0,,,,,,,,,
441827,2009/10,2010-02-21,Sawai Mansingh Stadium,2,15.6,South Africa,India,AB de Villiers,JH Kallis,RA Jadeja,0,0,,,,,,,,,
441827,2009/10,2010-02-21,Sawai Mansingh Stadium,2,16.1,South Africa,India,JH Kallis,AB de Villiers,S Sreesanth,0,0,,,,,,,,,
441827,2009/10,2010-02-21,Sawai Mansingh Stadium,2,16.2,South Africa,India,JH Kallis,AB de Villiers,S Sreesanth,0,0,,,,,,,,,
441827,2009/10,2010-02-21,Sawai Mansingh Stadium,2,16.3,South Africa,India,JH Kallis,AB de Villiers,S Sreesanth,4,0,,,,,,,,,
441827,2009/10,2010-02-21,Sawai Mansingh Stadium,2,16.4,South Africa,India,JH Kallis,AB de Villiers,S Sreesanth,1,0,,,,,,,,,
441827,2009/10,2010-02-21,Sawai Mansingh Stadium,2,16.5,South Africa,India,AB de Villiers,JH Kallis,S Sreesanth,0,0,,,,,,,,,
441827,2009/10,2010-02-21,Sawai Mansingh Stadium,2,16.6,South Africa,India,AB de Villiers,JH Kallis,S Sreesanth,4,0,,,,,,,,,
441827,2009/10,2010-02-21,Sawai Mansingh Stadium,2,17.1,South Africa,India,JH Kallis,AB de Villiers,RA Jadeja,0,0,,,,,,,,,
441827,2009/10,2010-02-21,Sawai Mansingh Stadium,2,17.2,South Africa,India,JH Kallis,AB de Villiers,RA Jadeja,0,0,,,,,,,,,
441827,2009/10,2010-02-21,Sawai Mansingh Stadium,2,17.3,South Africa,India,JH Kallis,AB de Villiers,RA Jadeja,1,0,,,,,,,,,
441827,2009/10,2010-02-21,Sawai Mansingh Stadium,2,17.4,South Africa,India,AB de Villiers,JH Kallis,RA Jadeja,0,0,,,,,,,,,
441827,2009/10,2010-02-21,Sawai Mansingh Stadium,2,17.5,South Africa,India,AB de Villiers,JH Kallis,RA Jadeja,1,0,,,,,,,,,
441827,2009/10,2010-02-21,Sawai Mansingh Stadium,2,17.6,South Africa,India,JH Kallis,AB de Villiers,RA Jadeja,0,0,,,,,,,,,
441827,2009/10,2010-02-21,Sawai Mansingh Stadium,2,18.1,South Africa,India,AB de Villiers,JH Kallis,YK Pathan,4,0,,,,,,,,,
441827,2009/10,2010-02-21,Sawai Mansingh Stadium,2,18.2,South Africa,India,AB de Villiers,JH Kallis,YK Pathan,0,0,,,,,,,,,
441827,2009/10,2010-02-21,Sawai Mansingh Stadium,2,18.3,South Africa,India,AB de Villiers,JH Kallis,YK Pathan,1,0,,,,,,,,,
441827,2009/10,2010-02-21,Sawai Mansingh Stadium,2,18.4,South Africa,India,JH Kallis,AB de Villiers,YK Pathan,0,0,,,,,,,,,
441827,2009/10,2010-02-21,Sawai Mansingh Stadium,2,18.5,South Africa,India,JH Kallis,AB de Villiers,YK Pathan,1,0,,,,,,,,,
441827,2009/10,2010-02-21,Sawai Mansingh Stadium,2,18.6,South Africa,India,AB de Villiers,JH Kallis,YK Pathan,1,0,,,,,,,,,
441827,2009/10,2010-02-21,Sawai Mansingh Stadium,2,19.1,South Africa,India,AB de Villiers,JH Kallis,RA Jadeja,0,0,,,,,,bowled,AB de Villiers,,
441827,2009/10,2010-02-21,Sawai Mansingh Stadium,2,19.2,South Africa,India,AN Petersen,JH Kallis,RA Jadeja,0,0,,,,,,,,,
441827,2009/10,2010-02-21,Sawai Mansingh Stadium,2,19.3,South Africa,India,AN Petersen,JH Kallis,RA Jadeja,0,0,,,,,,,,,
441827,2009/10,2010-02-21,Sawai Mansingh Stadium,2,19.4,South Africa,India,AN Petersen,JH Kallis,RA Jadeja,0,0,,,,,,,,,
441827,2009/10,2010-02-21,Sawai Mansingh Stadium,2,19.5,South Africa,India,AN Petersen,JH Kallis,RA Jadeja,0,0,,,,,,,,,
441827,2009/10,2010-02-21,Sawai Mansingh Stadium,2,19.6,South Africa,India,AN Petersen,JH Kallis,RA Jadeja,0,0,,,,,,,,,
441827,2009/10,2010-02-21,Sawai Mansingh Stadium,2,20.1,South Africa,India,JH Kallis,AN Petersen,YK Pathan,2,0,,,,,,,,,
441827,2009/10,2010-02-21,Sawai Mansingh Stadium,2,20.2,South Africa,India,JH Kallis,AN Petersen,YK Pathan,1,0,,,,,,,,,
441827,2009/10,2010-02-21,Sawai Mansingh Stadium,2,20.3,South Africa,India,AN Petersen,JH Kallis,YK Pathan,0,0,,,,,,,,,
441827,2009/10,2010-02-21,Sawai Mansingh Stadium,2,20.4,South Africa,India,AN Petersen,JH Kallis,YK Pathan,1,0,,,,,,,,,
441827,2009/10,2010-02-21,Sawai Mansingh Stadium,2,20.5,South Africa,India,JH Kallis,AN Petersen,YK Pathan,0,0,,,,,,,,,
441827,2009/10,2010-02-21,Sawai Mansingh Stadium,2,20.6,South Africa,India,JH Kallis,AN Petersen,YK Pathan,1,0,,,,,,,,,
441827,2009/10,2010-02-21,Sawai Mansingh Stadium,2,21.1,South Africa,India,JH Kallis,AN Petersen,RA Jadeja,0,0,,,,,,,,,
441827,2009/10,2010-02-21,Sawai Mansingh Stadium,2,21.2,South Africa,India,JH Kallis,AN Petersen,RA Jadeja,0,0,,,,,,,,,
441827,2009/10,2010-02-21,Sawai Mansingh Stadium,2,21.3,South Africa,India,JH Kallis,AN Petersen,RA Jadeja,2,0,,,,,,,,,
441827,2009/10,2010-02-21,Sawai Mansingh Stadium,2,21.4,South Africa,India,JH Kallis,AN Petersen,RA Jadeja,0,0,,,,,,,,,
441827,2009/10,2010-02-21,Sawai Mansingh Stadium,2,21.5,South Africa,India,JH Kallis,AN Petersen,RA Jadeja,0,0,,,,,,,,,
441827,2009/10,2010-02-21,Sawai Mansingh Stadium,2,21.6,South Africa,India,JH Kallis,AN Petersen,RA Jadeja,1,0,,,,,,,,,
441827,2009/10,2010-02-21,Sawai Mansingh Stadium,2,22.1,South Africa,India,JH Kallis,AN Petersen,YK Pathan,1,0,,,,,,,,,
441827,2009/10,2010-02-21,Sawai Mansingh Stadium,2,22.2,South Africa,India,AN Petersen,JH Kallis,YK Pathan,1,0,,,,,,,,,
441827,2009/10,2010-02-21,Sawai Mansingh Stadium,2,22.3,South Africa,India,JH Kallis,AN Petersen,YK Pathan,1,0,,,,,,,,,
441827,2009/10,2010-02-21,Sawai Mansingh Stadium,2,22.4,South Africa,India,AN Petersen,JH Kallis,YK Pathan,0,0,,,,,,,,,
441827,2009/10,2010-02-21,Sawai Mansingh Stadium,2,22.5,South Africa,India,AN Petersen,JH Kallis,YK Pathan,2,0,,,,,,,,,
441827,2009/10,2010-02-21,Sawai Mansingh Stadium,2,22.6,South Africa,India,AN Petersen,JH Kallis,YK Pathan,0,0,,,,,,,,,
441827,2009/10,2010-02-21,Sawai Mansingh Stadium,2,23.1,South Africa,India,JH Kallis,AN Petersen,RA Jadeja,3,0,,,,,,,,,
441827,2009/10,2010-02-21,Sawai Mansingh Stadium,2,23.2,South Africa,India,AN Petersen,JH Kallis,RA Jadeja,0,0,,,,,,,,,
441827,2009/10,2010-02-21,Sawai Mansingh Stadium,2,23.3,South Africa,India,AN Petersen,JH Kallis,RA Jadeja,0,0,,,,,,,,,
441827,2009/10,2010-02-21,Sawai Mansingh Stadium,2,23.4,South Africa,India,AN Petersen,JH Kallis,RA Jadeja,2,0,,,,,,,,,
441827,2009/10,2010-02-21,Sawai Mansingh Stadium,2,23.5,South Africa,India,AN Petersen,JH Kallis,RA Jadeja,0,0,,,,,,,,,
441827,2009/10,2010-02-21,Sawai Mansingh Stadium,2,23.6,South Africa,India,AN Petersen,JH Kallis,RA Jadeja,0,0,,,,,,,,,
441827,2009/10,2010-02-21,Sawai Mansingh Stadium,2,24.1,South Africa,India,JH Kallis,AN Petersen,YK Pathan,0,0,,,,,,,,,
441827,2009/10,2010-02-21,Sawai Mansingh Stadium,2,24.2,South Africa,India,JH Kallis,AN Petersen,YK Pathan,1,0,,,,,,,,,
441827,2009/10,2010-02-21,Sawai Mansingh Stadium,2,24.3,South Africa,India,AN Petersen,JH Kallis,YK Pathan,1,0,,,,,,,,,
441827,2009/10,2010-02-21,Sawai Mansingh Stadium,2,24.4,South Africa,India,JH Kallis,AN Petersen,YK Pathan,1,0,,,,,,,,,
441827,2009/10,2010-02-21,Sawai Mansingh Stadium,2,24.5,South Africa,India,AN Petersen,JH Kallis,YK Pathan,0,0,,,,,,,,,
441827,2009/10,2010-02-21,Sawai Mansingh Stadium,2,24.6,South Africa,India,AN Petersen,JH Kallis,YK Pathan,0,0,,,,,,,,,
441827,2009/10,2010-02-21,Sawai Mansingh Stadium,2,25.1,South Africa,India,JH Kallis,AN Petersen,A Nehra,1,0,,,,,,,,,
441827,2009/10,2010-02-21,Sawai Mansingh Stadium,2,25.2,South Africa,India,AN Petersen,JH Kallis,A Nehra,1,0,,,,,,,,,
441827,2009/10,2010-02-21,Sawai Mansingh Stadium,2,25.3,South Africa,India,JH Kallis,AN Petersen,A Nehra,0,0,,,,,,,,,
441827,2009/10,2010-02-21,Sawai Mansingh Stadium,2,25.4,South Africa,India,JH Kallis,AN Petersen,A Nehra,1,0,,,,,,,,,
441827,2009/10,2010-02-21,Sawai Mansingh Stadium,2,25.5,South Africa,India,AN Petersen,JH Kallis,A Nehra,1,0,,,,,,run out,AN Petersen,,
441827,2009/10,2010-02-21,Sawai Mansingh Stadium,2,25.6,South Africa,India,JA Morkel,JH Kallis,A Nehra,0,0,,,,,,,,,
441827,2009/10,2010-02-21,Sawai Mansingh Stadium,2,26.1,South Africa,India,JH Kallis,JA Morkel,YK Pathan,1,0,,,,,,,,,
441827,2009/10,2010-02-21,Sawai Mansingh Stadium,2,26.2,South Africa,India,JA Morkel,JH Kallis,YK Pathan,0,0,,,,,,,,,
441827,2009/10,2010-02-21,Sawai Mansingh Stadium,2,26.3,South Africa,India,JA Morkel,JH Kallis,YK Pathan,0,0,,,,,,,,,
441827,2009/10,2010-02-21,Sawai Mansingh Stadium,2,26.4,South Africa,India,JA Morkel,JH Kallis,YK Pathan,1,0,,,,,,,,,
441827,2009/10,2010-02-21,Sawai Mansingh Stadium,2,26.5,South Africa,India,JH Kallis,JA Morkel,YK Pathan,1,0,,,,,,,,,
441827,2009/10,2010-02-21,Sawai Mansingh Stadium,2,26.6,South Africa,India,JA Morkel,JH Kallis,YK Pathan,0,0,,,,,,,,,
441827,2009/10,2010-02-21,Sawai Mansingh Stadium,2,27.1,South Africa,India,JH Kallis,JA Morkel,A Nehra,2,0,,,,,,,,,
441827,2009/10,2010-02-21,Sawai Mansingh Stadium,2,27.2,South Africa,India,JH Kallis,JA Morkel,A Nehra,1,0,,,,,,,,,
441827,2009/10,2010-02-21,Sawai Mansingh Stadium,2,27.3,South Africa,India,JA Morkel,JH Kallis,A Nehra,0,0,,,,,,,,,
441827,2009/10,2010-02-21,Sawai Mansingh Stadium,2,27.4,South Africa,India,JA Morkel,JH Kallis,A Nehra,1,0,,,,,,,,,
441827,2009/10,2010-02-21,Sawai Mansingh Stadium,2,27.5,South Africa,India,JH Kallis,JA Morkel,A Nehra,1,0,,,,,,,,,
441827,2009/10,2010-02-21,Sawai Mansingh Stadium,2,27.6,South Africa,India,JA Morkel,JH Kallis,A Nehra,0,0,,,,,,lbw,JA Morkel,,
441827,2009/10,2010-02-21,Sawai Mansingh Stadium,2,28.1,South Africa,India,JH Kallis,MV Boucher,YK Pathan,0,0,,,,,,,,,
441827,2009/10,2010-02-21,Sawai Mansingh Stadium,2,28.2,South Africa,India,JH Kallis,MV Boucher,YK Pathan,0,0,,,,,,,,,
441827,2009/10,2010-02-21,Sawai Mansingh Stadium,2,28.3,South Africa,India,JH Kallis,MV Boucher,YK Pathan,0,0,,,,,,,,,
441827,2009/10,2010-02-21,Sawai Mansingh Stadium,2,28.4,South Africa,India,JH Kallis,MV Boucher,YK Pathan,2,0,,,,,,,,,
441827,2009/10,2010-02-21,Sawai Mansingh Stadium,2,28.5,South Africa,India,JH Kallis,MV Boucher,YK Pathan,0,0,,,,,,,,,
441827,2009/10,2010-02-21,Sawai Mansingh Stadium,2,28.6,South Africa,India,JH Kallis,MV Boucher,YK Pathan,1,0,,,,,,,,,
441827,2009/10,2010-02-21,Sawai Mansingh Stadium,2,29.1,South Africa,India,JH Kallis,MV Boucher,A Nehra,1,0,,,,,,,,,
441827,2009/10,2010-02-21,Sawai Mansingh Stadium,2,29.2,South Africa,India,MV Boucher,JH Kallis,A Nehra,2,0,,,,,,,,,
441827,2009/10,2010-02-21,Sawai Mansingh Stadium,2,29.3,South Africa,India,MV Boucher,JH Kallis,A Nehra,0,0,,,,,,,,,
441827,2009/10,2010-02-21,Sawai Mansingh Stadium,2,29.4,South Africa,India,MV Boucher,JH Kallis,A Nehra,0,0,,,,,,,,,
441827,2009/10,2010-02-21,Sawai Mansingh Stadium,2,29.5,South Africa,India,MV Boucher,JH Kallis,A Nehra,2,0,,,,,,,,,
441827,2009/10,2010-02-21,Sawai Mansingh Stadium,2,29.6,South Africa,India,MV Boucher,JH Kallis,A Nehra,0,0,,,,,,,,,
441827,2009/10,2010-02-21,Sawai Mansingh Stadium,2,30.1,South Africa,India,JH Kallis,MV Boucher,YK Pathan,0,0,,,,,,,,,
441827,2009/10,2010-02-21,Sawai Mansingh Stadium,2,30.2,South Africa,India,JH Kallis,MV Boucher,YK Pathan,4,0,,,,,,,,,
441827,2009/10,2010-02-21,Sawai Mansingh Stadium,2,30.3,South Africa,India,JH Kallis,MV Boucher,YK Pathan,1,0,,,,,,,,,
441827,2009/10,2010-02-21,Sawai Mansingh Stadium,2,30.4,South Africa,India,MV Boucher,JH Kallis,YK Pathan,0,5,5,,,,,,,,
441827,2009/10,2010-02-21,Sawai Mansingh Stadium,2,30.5,South Africa,India,MV Boucher,JH Kallis,YK Pathan,0,0,,,,,,,,,
441827,2009/10,2010-02-21,Sawai Mansingh Stadium,2,30.6,South Africa,India,MV Boucher,JH Kallis,YK Pathan,1,0,,,,,,,,,
441827,2009/10,2010-02-21,Sawai Mansingh Stadium,2,30.7,South Africa,India,JH Kallis,MV Boucher,YK Pathan,0,0,,,,,,,,,
441827,2009/10,2010-02-21,Sawai Mansingh Stadium,2,31.1,South Africa,India,MV Boucher,JH Kallis,S Sreesanth,0,0,,,,,,,,,
441827,2009/10,2010-02-21,Sawai Mansingh Stadium,2,31.2,South Africa,India,MV Boucher,JH Kallis,S Sreesanth,0,0,,,,,,caught,MV Boucher,,
441827,2009/10,2010-02-21,Sawai Mansingh Stadium,2,31.3,South Africa,India,J Botha,JH Kallis,S Sreesanth,0,0,,,,,,,,,
441827,2009/10,2010-02-21,Sawai Mansingh Stadium,2,31.4,South Africa,India,J Botha,JH Kallis,S Sreesanth,0,0,,,,,,,,,
441827,2009/10,2010-02-21,Sawai Mansingh Stadium,2,31.5,South Africa,India,J Botha,JH Kallis,S Sreesanth,0,0,,,,,,,,,
441827,2009/10,2010-02-21,Sawai Mansingh Stadium,2,31.6,South Africa,India,J Botha,JH Kallis,S Sreesanth,0,0,,,,,,,,,
441827,2009/10,2010-02-21,Sawai Mansingh Stadium,2,32.1,South Africa,India,JH Kallis,J Botha,YK Pathan,1,0,,,,,,,,,
441827,2009/10,2010-02-21,Sawai Mansingh Stadium,2,32.2,South Africa,India,J Botha,JH Kallis,YK Pathan,1,0,,,,,,,,,
441827,2009/10,2010-02-21,Sawai Mansingh Stadium,2,32.3,South Africa,India,JH Kallis,J Botha,YK Pathan,1,0,,,,,,,,,
441827,2009/10,2010-02-21,Sawai Mansingh Stadium,2,32.4,South Africa,India,J Botha,JH Kallis,YK Pathan,1,0,,,,,,,,,
441827,2009/10,2010-02-21,Sawai Mansingh Stadium,2,32.5,South Africa,India,JH Kallis,J Botha,YK Pathan,0,0,,,,,,,,,
441827,2009/10,2010-02-21,Sawai Mansingh Stadium,2,32.6,South Africa,India,JH Kallis,J Botha,YK Pathan,1,0,,,,,,,,,
441827,2009/10,2010-02-21,Sawai Mansingh Stadium,2,33.1,South Africa,India,JH Kallis,J Botha,S Sreesanth,4,0,,,,,,,,,
441827,2009/10,2010-02-21,Sawai Mansingh Stadium,2,33.2,South Africa,India,JH Kallis,J Botha,S Sreesanth,1,0,,,,,,,,,
441827,2009/10,2010-02-21,Sawai Mansingh Stadium,2,33.3,South Africa,India,J Botha,JH Kallis,S Sreesanth,2,0,,,,,,,,,
441827,2009/10,2010-02-21,Sawai Mansingh Stadium,2,33.4,South Africa,India,J Botha,JH Kallis,S Sreesanth,4,0,,,,,,,,,
441827,2009/10,2010-02-21,Sawai Mansingh Stadium,2,33.5,South Africa,India,J Botha,JH Kallis,S Sreesanth,0,0,,,,,,,,,
441827,2009/10,2010-02-21,Sawai Mansingh Stadium,2,33.6,South Africa,India,J Botha,JH Kallis,S Sreesanth,2,0,,,,,,,,,
441827,2009/10,2010-02-21,Sawai Mansingh Stadium,2,34.1,South Africa,India,JH Kallis,J Botha,YK Pathan,0,0,,,,,,,,,
441827,2009/10,2010-02-21,Sawai Mansingh Stadium,2,34.2,South Africa,India,JH Kallis,J Botha,YK Pathan,0,0,,,,,,,,,
441827,2009/10,2010-02-21,Sawai Mansingh Stadium,2,34.3,South Africa,India,JH Kallis,J Botha,YK Pathan,0,0,,,,,,,,,
441827,2009/10,2010-02-21,Sawai Mansingh Stadium,2,34.4,South Africa,India,JH Kallis,J Botha,YK Pathan,0,0,,,,,,,,,
441827,2009/10,2010-02-21,Sawai Mansingh Stadium,2,34.5,South Africa,India,JH Kallis,J Botha,YK Pathan,1,0,,,,,,,,,
441827,2009/10,2010-02-21,Sawai Mansingh Stadium,2,34.6,South Africa,India,J Botha,JH Kallis,YK Pathan,0,0,,,,,,lbw,J Botha,,
441827,2009/10,2010-02-21,Sawai Mansingh Stadium,2,35.1,South Africa,India,JH Kallis,WD Parnell,S Sreesanth,0,0,,,,,,,,,
441827,2009/10,2010-02-21,Sawai Mansingh Stadium,2,35.2,South Africa,India,JH Kallis,WD Parnell,S Sreesanth,1,0,,,,,,,,,
441827,2009/10,2010-02-21,Sawai Mansingh Stadium,2,35.3,South Africa,India,WD Parnell,JH Kallis,S Sreesanth,0,0,,,,,,,,,
441827,2009/10,2010-02-21,Sawai Mansingh Stadium,2,35.4,South Africa,India,WD Parnell,JH Kallis,S Sreesanth,1,0,,,,,,,,,
441827,2009/10,2010-02-21,Sawai Mansingh Stadium,2,35.5,South Africa,India,JH Kallis,WD Parnell,S Sreesanth,2,0,,,,,,,,,
441827,2009/10,2010-02-21,Sawai Mansingh Stadium,2,35.6,South Africa,India,JH Kallis,WD Parnell,S Sreesanth,1,0,,,,,,,,,
441827,2009/10,2010-02-21,Sawai Mansingh Stadium,2,36.1,South Africa,India,JH Kallis,WD Parnell,RA Jadeja,1,0,,,,,,,,,
441827,2009/10,2010-02-21,Sawai Mansingh Stadium,2,36.2,South Africa,India,WD Parnell,JH Kallis,RA Jadeja,1,0,,,,,,,,,
441827,2009/10,2010-02-21,Sawai Mansingh Stadium,2,36.3,South Africa,India,JH Kallis,WD Parnell,RA Jadeja,0,0,,,,,,,,,
441827,2009/10,2010-02-21,Sawai Mansingh Stadium,2,36.4,South Africa,India,JH Kallis,WD Parnell,RA Jadeja,0,0,,,,,,,,,
441827,2009/10,2010-02-21,Sawai Mansingh Stadium,2,36.5,South Africa,India,JH Kallis,WD Parnell,RA Jadeja,1,0,,,,,,,,,
441827,2009/10,2010-02-21,Sawai Mansingh Stadium,2,36.6,South Africa,India,WD Parnell,JH Kallis,RA Jadeja,0,0,,,,,,,,,
441827,2009/10,2010-02-21,Sawai Mansingh Stadium,2,37.1,South Africa,India,JH Kallis,WD Parnell,A Nehra,1,0,,,,,,,,,
441827,2009/10,2010-02-21,Sawai Mansingh Stadium,2,37.2,South Africa,India,WD Parnell,JH Kallis,A Nehra,0,0,,,,,,,,,
441827,2009/10,2010-02-21,Sawai Mansingh Stadium,2,37.3,South Africa,India,WD Parnell,JH Kallis,A Nehra,2,0,,,,,,,,,
441827,2009/10,2010-02-21,Sawai Mansingh Stadium,2,37.4,South Africa,India,WD Parnell,JH Kallis,A Nehra,0,1,,,,1,,,,,
441827,2009/10,2010-02-21,Sawai Mansingh Stadium,2,37.5,South Africa,India,JH Kallis,WD Parnell,A Nehra,1,0,,,,,,,,,
441827,2009/10,2010-02-21,Sawai Mansingh Stadium,2,37.6,South Africa,India,WD Parnell,JH Kallis,A Nehra,1,0,,,,,,,,,
441827,2009/10,2010-02-21,Sawai Mansingh Stadium,2,38.1,South Africa,India,WD Parnell,JH Kallis,RA Jadeja,1,0,,,,,,,,,
441827,2009/10,2010-02-21,Sawai Mansingh Stadium,2,38.2,South Africa,India,JH Kallis,WD Parnell,RA Jadeja,1,0,,,,,,,,,
441827,2009/10,2010-02-21,Sawai Mansingh Stadium,2,38.3,South Africa,India,WD Parnell,JH Kallis,RA Jadeja,0,0,,,,,,,,,
441827,2009/10,2010-02-21,Sawai Mansingh Stadium,2,38.4,South Africa,India,WD Parnell,JH Kallis,RA Jadeja,0,0,,,,,,,,,
441827,2009/10,2010-02-21,Sawai Mansingh Stadium,2,38.5,South Africa,India,WD Parnell,JH Kallis,RA Jadeja,1,0,,,,,,,,,
441827,2009/10,2010-02-21,Sawai Mansingh Stadium,2,38.6,South Africa,India,JH Kallis,WD Parnell,RA Jadeja,0,0,,,,,,,,,
441827,2009/10,2010-02-21,Sawai Mansingh Stadium,2,39.1,South Africa,India,WD Parnell,JH Kallis,A Nehra,0,0,,,,,,,,,
441827,2009/10,2010-02-21,Sawai Mansingh Stadium,2,39.2,South Africa,India,WD Parnell,JH Kallis,A Nehra,0,0,,,,,,,,,
441827,2009/10,2010-02-21,Sawai Mansingh Stadium,2,39.3,South Africa,India,WD Parnell,JH Kallis,A Nehra,1,0,,,,,,,,,
441827,2009/10,2010-02-21,Sawai Mansingh Stadium,2,39.4,South Africa,India,JH Kallis,WD Parnell,A Nehra,4,0,,,,,,,,,
441827,2009/10,2010-02-21,Sawai Mansingh Stadium,2,39.5,South Africa,India,JH Kallis,WD Parnell,A Nehra,1,0,,,,,,,,,
441827,2009/10,2010-02-21,Sawai Mansingh Stadium,2,39.6,South Africa,India,WD Parnell,JH Kallis,A Nehra,2,0,,,,,,,,,
441827,2009/10,2010-02-21,Sawai Mansingh Stadium,2,40.1,South Africa,India,JH Kallis,WD Parnell,YK Pathan,6,0,,,,,,,,,
441827,2009/10,2010-02-21,Sawai Mansingh Stadium,2,40.2,South Africa,India,JH Kallis,WD Parnell,YK Pathan,1,0,,,,,,,,,
441827,2009/10,2010-02-21,Sawai Mansingh Stadium,2,40.3,South Africa,India,WD Parnell,JH Kallis,YK Pathan,0,0,,,,,,,,,
441827,2009/10,2010-02-21,Sawai Mansingh Stadium,2,40.4,South Africa,India,WD Parnell,JH Kallis,YK Pathan,0,0,,,,,,,,,
441827,2009/10,2010-02-21,Sawai Mansingh Stadium,2,40.5,South Africa,India,WD Parnell,JH Kallis,YK Pathan,1,0,,,,,,,,,
441827,2009/10,2010-02-21,Sawai Mansingh Stadium,2,40.6,South Africa,India,JH Kallis,WD Parnell,YK Pathan,0,1,,,1,,,,,,
441827,2009/10,2010-02-21,Sawai Mansingh Stadium,2,41.1,South Africa,India,JH Kallis,WD Parnell,SK Raina,1,0,,,,,,,,,
441827,2009/10,2010-02-21,Sawai Mansingh Stadium,2,41.2,South Africa,India,WD Parnell,JH Kallis,SK Raina,4,0,,,,,,,,,
441827,2009/10,2010-02-21,Sawai Mansingh Stadium,2,41.3,South Africa,India,WD Parnell,JH Kallis,SK Raina,0,0,,,,,,,,,
441827,2009/10,2010-02-21,Sawai Mansingh Stadium,2,41.4,South Africa,India,WD Parnell,JH Kallis,SK Raina,0,0,,,,,,,,,
441827,2009/10,2010-02-21,Sawai Mansingh Stadium,2,41.5,South Africa,India,WD Parnell,JH Kallis,SK Raina,1,0,,,,,,,,,
441827,2009/10,2010-02-21,Sawai Mansingh Stadium,2,41.6,South Africa,India,JH Kallis,WD Parnell,SK Raina,1,0,,,,,,,,,
441827,2009/10,2010-02-21,Sawai Mansingh Stadium,2,42.1,South Africa,India,JH Kallis,WD Parnell,S Sreesanth,1,0,,,,,,,,,
441827,2009/10,2010-02-21,Sawai Mansingh Stadium,2,42.2,South Africa,India,WD Parnell,JH Kallis,S Sreesanth,1,0,,,,,,,,,
441827,2009/10,2010-02-21,Sawai Mansingh Stadium,2,42.3,South Africa,India,JH Kallis,WD Parnell,S Sreesanth,1,0,,,,,,,,,
441827,2009/10,2010-02-21,Sawai Mansingh Stadium,2,42.4,South Africa,India,WD Parnell,JH Kallis,S Sreesanth,0,0,,,,,,,,,
441827,2009/10,2010-02-21,Sawai Mansingh Stadium,2,42.5,South Africa,India,WD Parnell,JH Kallis,S Sreesanth,1,0,,,,,,,,,
441827,2009/10,2010-02-21,Sawai Mansingh Stadium,2,42.6,South Africa,India,JH Kallis,WD Parnell,S Sreesanth,0,0,,,,,,bowled,JH Kallis,,
441827,2009/10,2010-02-21,Sawai Mansingh Stadium,2,43.1,South Africa,India,WD Parnell,DW Steyn,SK Raina,1,0,,,,,,,,,
441827,2009/10,2010-02-21,Sawai Mansingh Stadium,2,43.2,South Africa,India,DW Steyn,WD Parnell,SK Raina,1,0,,,,,,,,,
441827,2009/10,2010-02-21,Sawai Mansingh Stadium,2,43.3,South Africa,India,WD Parnell,DW Steyn,SK Raina,1,0,,,,,,,,,
441827,2009/10,2010-02-21,Sawai Mansingh Stadium,2,43.4,South Africa,India,DW Steyn,WD Parnell,SK Raina,1,0,,,,,,,,,
441827,2009/10,2010-02-21,Sawai Mansingh Stadium,2,43.5,South Africa,India,WD Parnell,DW Steyn,SK Raina,0,0,,,,,,,,,
441827,2009/10,2010-02-21,Sawai Mansingh Stadium,2,43.6,South Africa,India,WD Parnell,DW Steyn,SK Raina,0,0,,,,,,,,,
441827,2009/10,2010-02-21,Sawai Mansingh Stadium,2,44.1,South Africa,India,DW Steyn,WD Parnell,S Sreesanth,0,0,,,,,,,,,
441827,2009/10,2010-02-21,Sawai Mansingh Stadium,2,44.2,South Africa,India,DW Steyn,WD Parnell,S Sreesanth,3,0,,,,,,,,,
441827,2009/10,2010-02-21,Sawai Mansingh Stadium,2,44.3,South Africa,India,WD Parnell,DW Steyn,S Sreesanth,0,0,,,,,,,,,
441827,2009/10,2010-02-21,Sawai Mansingh Stadium,2,44.4,South Africa,India,WD Parnell,DW Steyn,S Sreesanth,2,0,,,,,,,,,
441827,2009/10,2010-02-21,Sawai Mansingh Stadium,2,44.5,South Africa,India,WD Parnell,DW Steyn,S Sreesanth,1,0,,,,,,,,,
441827,2009/10,2010-02-21,Sawai Mansingh Stadium,2,44.6,South Africa,India,DW Steyn,WD Parnell,S Sreesanth,2,0,,,,,,,,,
441827,2009/10,2010-02-21,Sawai Mansingh Stadium,2,45.1,South Africa,India,WD Parnell,DW Steyn,SK Raina,0,0,,,,,,,,,
441827,2009/10,2010-02-21,Sawai Mansingh Stadium,2,45.2,South Africa,India,WD Parnell,DW Steyn,SK Raina,1,0,,,,,,,,,
441827,2009/10,2010-02-21,Sawai Mansingh Stadium,2,45.3,South Africa,India,DW Steyn,WD Parnell,SK Raina,6,0,,,,,,,,,
441827,2009/10,2010-02-21,Sawai Mansingh Stadium,2,45.4,South Africa,India,DW Steyn,WD Parnell,SK Raina,0,0,,,,,,,,,
441827,2009/10,2010-02-21,Sawai Mansingh Stadium,2,45.5,South Africa,India,DW Steyn,WD Parnell,SK Raina,6,0,,,,,,,,,
441827,2009/10,2010-02-21,Sawai Mansingh Stadium,2,45.6,South Africa,India,DW Steyn,WD Parnell,SK Raina,1,0,,,,,,,,,
441827,2009/10,2010-02-21,Sawai Mansingh Stadium,2,46.1,South Africa,India,DW Steyn,WD Parnell,A Nehra,0,0,,,,,,,,,
441827,2009/10,2010-02-21,Sawai Mansingh Stadium,2,46.2,South Africa,India,DW Steyn,WD Parnell,A Nehra,0,0,,,,,,,,,
441827,2009/10,2010-02-21,Sawai Mansingh Stadium,2,46.3,South Africa,India,DW Steyn,WD Parnell,A Nehra,1,0,,,,,,,,,
441827,2009/10,2010-02-21,Sawai Mansingh Stadium,2,46.4,South Africa,India,WD Parnell,DW Steyn,A Nehra,4,0,,,,,,,,,
441827,2009/10,2010-02-21,Sawai Mansingh Stadium,2,46.5,South Africa,India,WD Parnell,DW Steyn,A Nehra,2,0,,,,,,,,,
441827,2009/10,2010-02-21,Sawai Mansingh Stadium,2,46.6,South Africa,India,WD Parnell,DW Steyn,A Nehra,1,0,,,,,,,,,
441827,2009/10,2010-02-21,Sawai Mansingh Stadium,2,47.1,South Africa,India,WD Parnell,DW Steyn,S Sreesanth,0,1,,,,1,,,,,
441827,2009/10,2010-02-21,Sawai Mansingh Stadium,2,47.2,South Africa,India,DW Steyn,WD Parnell,S Sreesanth,4,0,,,,,,,,,
441827,2009/10,2010-02-21,Sawai Mansingh Stadium,2,47.3,South Africa,India,DW Steyn,WD Parnell,S Sreesanth,1,0,,,,,,,,,
441827,2009/10,2010-02-21,Sawai Mansingh Stadium,2,47.4,South Africa,India,WD Parnell,DW Steyn,S Sreesanth,4,0,,,,,,,,,
441827,2009/10,2010-02-21,Sawai Mansingh Stadium,2,47.5,South Africa,India,WD Parnell,DW Steyn,S Sreesanth,0,0,,,,,,,,,
441827,2009/10,2010-02-21,Sawai Mansingh Stadium,2,47.6,South Africa,India,WD Parnell,DW Steyn,S Sreesanth,4,0,,,,,,,,,
441827,2009/10,2010-02-21,Sawai Mansingh Stadium,2,48.1,South Africa,India,DW Steyn,WD Parnell,A Nehra,1,0,,,,,,,,,
441827,2009/10,2010-02-21,Sawai Mansingh Stadium,2,48.2,South Africa,India,WD Parnell,DW Steyn,A Nehra,6,0,,,,,,,,,
441827,2009/10,2010-02-21,Sawai Mansingh Stadium,2,48.3,South Africa,India,WD Parnell,DW Steyn,A Nehra,1,0,,,,,,,,,
441827,2009/10,2010-02-21,Sawai Mansingh Stadium,2,48.4,South Africa,India,DW Steyn,WD Parnell,A Nehra,2,0,,,,,,,,,
441827,2009/10,2010-02-21,Sawai Mansingh Stadium,2,48.5,South Africa,India,DW Steyn,WD Parnell,A Nehra,6,0,,,,,,,,,
441827,2009/10,2010-02-21,Sawai Mansingh Stadium,2,48.6,South Africa,India,DW Steyn,WD Parnell,A Nehra,0,0,,,,,,,,,
441827,2009/10,2010-02-21,Sawai Mansingh Stadium,2,49.1,South Africa,India,WD Parnell,DW Steyn,P Kumar,1,0,,,,,,,,,
441827,2009/10,2010-02-21,Sawai Mansingh Stadium,2,49.2,South Africa,India,DW Steyn,WD Parnell,P Kumar,0,0,,,,,,bowled,DW Steyn,,
441827,2009/10,2010-02-21,Sawai Mansingh Stadium,2,49.3,South Africa,India,CK Langeveldt,WD Parnell,P Kumar,1,0,,,,,,,,,
441827,2009/10,2010-02-21,Sawai Mansingh Stadium,2,49.4,South Africa,India,WD Parnell,CK Langeveldt,P Kumar,1,0,,,,,,,,,
441827,2009/10,2010-02-21,Sawai Mansingh Stadium,2,49.5,South Africa,India,CK Langeveldt,WD Parnell,P Kumar,3,0,,,,,,,,,
441827,2009/10,2010-02-21,Sawai Mansingh Stadium,2,49.6,South Africa,India,WD Parnell,CK Langeveldt,P Kumar,0,1,1,,,,,,,,
441827,2009/10,2010-02-21,Sawai Mansingh Stadium,2,49.7,South Africa,India,WD Parnell,CK Langeveldt,P Kumar,1,0,,,,,,run out,WD Parnell,,
