match_id,season,start_date,venue,innings,ball,batting_team,bowling_team,striker,non_striker,bowler,runs_off_bat,extras,wides,noballs,byes,legbyes,penalty,wicket_type,player_dismissed,other_wicket_type,other_player_dismissed
446963,2010/11,2011-01-21,Bellerive Oval,1,0.1,Australia,England,SR Watson,BJ Haddin,A Shahzad,0,0,,,,,,,,,
446963,2010/11,2011-01-21,Bellerive Oval,1,0.2,Australia,England,SR Watson,BJ Haddin,A Shahzad,0,0,,,,,,,,,
446963,2010/11,2011-01-21,Bellerive Oval,1,0.3,Australia,England,SR Watson,BJ Haddin,A Shahzad,0,0,,,,,,,,,
446963,2010/11,2011-01-21,Bellerive Oval,1,0.4,Australia,England,SR Watson,BJ Haddin,A Shahzad,0,0,,,,,,,,,
446963,2010/11,2011-01-21,Bellerive Oval,1,0.5,Australia,England,SR Watson,BJ Haddin,A Shahzad,0,0,,,,,,,,,
446963,2010/11,2011-01-21,Bellerive Oval,1,0.6,Australia,England,SR Watson,BJ Haddin,A Shahzad,0,0,,,,,,,,,
446963,2010/11,2011-01-21,Bellerive Oval,1,1.1,Australia,England,BJ Haddin,SR Watson,CT Tremlett,0,1,,,,1,,,,,
446963,2010/11,2011-01-21,Bellerive Oval,1,1.2,Australia,England,SR Watson,BJ Haddin,CT Tremlett,0,0,,,,,,,,,
446963,2010/11,2011-01-21,Bellerive Oval,1,1.3,Australia,England,SR Watson,BJ Haddin,CT Tremlett,0,0,,,,,,,,,
446963,2010/11,2011-01-21,Bellerive Oval,1,1.4,Australia,England,SR Watson,BJ Haddin,CT Tremlett,0,0,,,,,,,,,
446963,2010/11,2011-01-21,Bellerive Oval,1,1.5,Australia,England,SR Watson,BJ Haddin,CT Tremlett,1,0,,,,,,,,,
446963,2010/11,2011-01-21,Bellerive Oval,1,1.6,Australia,England,BJ Haddin,SR Watson,CT Tremlett,0,0,,,,,,,,,
446963,2010/11,2011-01-21,Bellerive Oval,1,2.1,Australia,England,SR Watson,BJ Haddin,A Shahzad,4,0,,,,,,,,,
446963,2010/11,2011-01-21,Bellerive Oval,1,2.2,Australia,England,SR Watson,BJ Haddin,A Shahzad,0,0,,,,,,,,,
446963,2010/11,2011-01-21,Bellerive Oval,1,2.3,Australia,England,SR Watson,BJ Haddin,A Shahzad,0,0,,,,,,,,,
446963,2010/11,2011-01-21,Bellerive Oval,1,2.4,Australia,England,SR Watson,BJ Haddin,A Shahzad,0,0,,,,,,,,,
446963,2010/11,2011-01-21,Bellerive Oval,1,2.5,Australia,England,SR Watson,BJ Haddin,A Shahzad,0,0,,,,,,,,,
446963,2010/11,2011-01-21,Bellerive Oval,1,2.6,Australia,England,SR Watson,BJ Haddin,A Shahzad,0,0,,,,,,bowled,SR Watson,,
446963,2010/11,2011-01-21,Bellerive Oval,1,3.1,Australia,England,BJ Haddin,MJ Clarke,CT Tremlett,1,0,,,,,,,,,
446963,2010/11,2011-01-21,Bellerive Oval,1,3.2,Australia,England,MJ Clarke,BJ Haddin,CT Tremlett,0,0,,,,,,,,,
446963,2010/11,2011-01-21,Bellerive Oval,1,3.3,Australia,England,MJ Clarke,BJ Haddin,CT Tremlett,0,0,,,,,,,,,
446963,2010/11,2011-01-21,Bellerive Oval,1,3.4,Australia,England,MJ Clarke,BJ Haddin,CT Tremlett,0,0,,,,,,,,,
446963,2010/11,2011-01-21,Bellerive Oval,1,3.5,Australia,England,MJ Clarke,BJ Haddin,CT Tremlett,0,0,,,,,,,,,
446963,2010/11,2011-01-21,Bellerive Oval,1,3.6,Australia,England,MJ Clarke,BJ Haddin,CT Tremlett,1,0,,,,,,,,,
446963,2010/11,2011-01-21,Bellerive Oval,1,4.1,Australia,England,MJ Clarke,BJ Haddin,A Shahzad,0,0,,,,,,,,,
446963,2010/11,2011-01-21,Bellerive Oval,1,4.2,Australia,England,MJ Clarke,BJ Haddin,A Shahzad,0,0,,,,,,,,,
446963,2010/11,2011-01-21,Bellerive Oval,1,4.3,Australia,England,MJ Clarke,BJ Haddin,A Shahzad,1,0,,,,,,,,,
446963,2010/11,2011-01-21,Bellerive Oval,1,4.4,Australia,England,BJ Haddin,MJ Clarke,A Shahzad,0,0,,,,,,,,,
446963,2010/11,2011-01-21,Bellerive Oval,1,4.5,Australia,England,BJ Haddin,MJ Clarke,A Shahzad,2,0,,,,,,,,,
446963,2010/11,2011-01-21,Bellerive Oval,1,4.6,Australia,England,BJ Haddin,MJ Clarke,A Shahzad,0,0,,,,,,,,,
446963,2010/11,2011-01-21,Bellerive Oval,1,5.1,Australia,England,MJ Clarke,BJ Haddin,CT Tremlett,0,0,,,,,,,,,
446963,2010/11,2011-01-21,Bellerive Oval,1,5.2,Australia,England,MJ Clarke,BJ Haddin,CT Tremlett,2,0,,,,,,,,,
446963,2010/11,2011-01-21,Bellerive Oval,1,5.3,Australia,England,MJ Clarke,BJ Haddin,CT Tremlett,0,0,,,,,,,,,
446963,2010/11,2011-01-21,Bellerive Oval,1,5.4,Australia,England,MJ Clarke,BJ Haddin,CT Tremlett,0,0,,,,,,,,,
446963,2010/11,2011-01-21,Bellerive Oval,1,5.5,Australia,England,MJ Clarke,BJ Haddin,CT Tremlett,0,0,,,,,,,,,
446963,2010/11,2011-01-21,Bellerive Oval,1,5.6,Australia,England,MJ Clarke,BJ Haddin,CT Tremlett,0,0,,,,,,,,,
446963,2010/11,2011-01-21,Bellerive Oval,1,6.1,Australia,England,BJ Haddin,MJ Clarke,A Shahzad,2,0,,,,,,,,,
446963,2010/11,2011-01-21,Bellerive Oval,1,6.2,Australia,England,BJ Haddin,MJ Clarke,A Shahzad,0,0,,,,,,bowled,BJ Haddin,,
446963,2010/11,2011-01-21,Bellerive Oval,1,6.3,Australia,England,CL White,MJ Clarke,A Shahzad,0,0,,,,,,,,,
446963,2010/11,2011-01-21,Bellerive Oval,1,6.4,Australia,England,CL White,MJ Clarke,A Shahzad,0,0,,,,,,,,,
446963,2010/11,2011-01-21,Bellerive Oval,1,6.5,Australia,England,CL White,MJ Clarke,A Shahzad,0,0,,,,,,,,,
446963,2010/11,2011-01-21,Bellerive Oval,1,6.6,Australia,England,CL White,MJ Clarke,A Shahzad,0,0,,,,,,,,,
446963,2010/11,2011-01-21,Bellerive Oval,1,7.1,Australia,England,MJ Clarke,CL White,CT Tremlett,0,0,,,,,,,,,
446963,2010/11,2011-01-21,Bellerive Oval,1,7.2,Australia,England,MJ Clarke,CL White,CT Tremlett,1,0,,,,,,,,,
446963,2010/11,2011-01-21,Bellerive Oval,1,7.3,Australia,England,CL White,MJ Clarke,CT Tremlett,0,0,,,,,,,,,
446963,2010/11,2011-01-21,Bellerive Oval,1,7.4,Australia,England,CL White,MJ Clarke,CT Tremlett,0,0,,,,,,,,,
446963,2010/11,2011-01-21,Bellerive Oval,1,7.5,Australia,England,CL White,MJ Clarke,CT Tremlett,0,0,,,,,,,,,
446963,2010/11,2011-01-21,Bellerive Oval,1,7.6,Australia,England,CL White,MJ Clarke,CT Tremlett,0,0,,,,,,,,,
446963,2010/11,2011-01-21,Bellerive Oval,1,8.1,Australia,England,MJ Clarke,CL White,A Shahzad,0,0,,,,,,,,,
446963,2010/11,2011-01-21,Bellerive Oval,1,8.2,Australia,England,MJ Clarke,CL White,A Shahzad,4,0,,,,,,,,,
446963,2010/11,2011-01-21,Bellerive Oval,1,8.3,Australia,England,MJ Clarke,CL White,A Shahzad,0,0,,,,,,,,,
446963,2010/11,2011-01-21,Bellerive Oval,1,8.4,Australia,England,MJ Clarke,CL White,A Shahzad,1,0,,,,,,,,,
446963,2010/11,2011-01-21,Bellerive Oval,1,8.5,Australia,England,CL White,MJ Clarke,A Shahzad,0,0,,,,,,,,,
446963,2010/11,2011-01-21,Bellerive Oval,1,8.6,Australia,England,CL White,MJ Clarke,A Shahzad,0,0,,,,,,,,,
446963,2010/11,2011-01-21,Bellerive Oval,1,9.1,Australia,England,MJ Clarke,CL White,TT Bresnan,0,0,,,,,,,,,
446963,2010/11,2011-01-21,Bellerive Oval,1,9.2,Australia,England,MJ Clarke,CL White,TT Bresnan,0,0,,,,,,,,,
446963,2010/11,2011-01-21,Bellerive Oval,1,9.3,Australia,England,MJ Clarke,CL White,TT Bresnan,0,0,,,,,,caught,MJ Clarke,,
446963,2010/11,2011-01-21,Bellerive Oval,1,9.4,Australia,England,DJ Hussey,CL White,TT Bresnan,0,0,,,,,,,,,
446963,2010/11,2011-01-21,Bellerive Oval,1,9.5,Australia,England,DJ Hussey,CL White,TT Bresnan,0,0,,,,,,,,,
446963,2010/11,2011-01-21,Bellerive Oval,1,9.6,Australia,England,DJ Hussey,CL White,TT Bresnan,0,0,,,,,,,,,
446963,2010/11,2011-01-21,Bellerive Oval,1,10.1,Australia,England,CL White,DJ Hussey,A Shahzad,0,1,1,,,,,,,,
446963,2010/11,2011-01-21,Bellerive Oval,1,10.2,Australia,England,CL White,DJ Hussey,A Shahzad,1,0,,,,,,,,,
446963,2010/11,2011-01-21,Bellerive Oval,1,10.3,Australia,England,DJ Hussey,CL White,A Shahzad,1,0,,,,,,,,,
446963,2010/11,2011-01-21,Bellerive Oval,1,10.4,Australia,England,CL White,DJ Hussey,A Shahzad,0,0,,,,,,,,,
446963,2010/11,2011-01-21,Bellerive Oval,1,10.5,Australia,England,CL White,DJ Hussey,A Shahzad,0,0,,,,,,,,,
446963,2010/11,2011-01-21,Bellerive Oval,1,10.6,Australia,England,CL White,DJ Hussey,A Shahzad,1,0,,,,,,,,,
446963,2010/11,2011-01-21,Bellerive Oval,1,10.7,Australia,England,DJ Hussey,CL White,A Shahzad,4,0,,,,,,,,,
446963,2010/11,2011-01-21,Bellerive Oval,1,11.1,Australia,England,CL White,DJ Hussey,TT Bresnan,0,0,,,,,,,,,
446963,2010/11,2011-01-21,Bellerive Oval,1,11.2,Australia,England,CL White,DJ Hussey,TT Bresnan,0,0,,,,,,,,,
446963,2010/11,2011-01-21,Bellerive Oval,1,11.3,Australia,England,CL White,DJ Hussey,TT Bresnan,0,0,,,,,,,,,
446963,2010/11,2011-01-21,Bellerive Oval,1,11.4,Australia,England,CL White,DJ Hussey,TT Bresnan,1,0,,,,,,,,,
446963,2010/11,2011-01-21,Bellerive Oval,1,11.5,Australia,England,DJ Hussey,CL White,TT Bresnan,2,0,,,,,,,,,
446963,2010/11,2011-01-21,Bellerive Oval,1,11.6,Australia,England,DJ Hussey,CL White,TT Bresnan,1,0,,,,,,,,,
446963,2010/11,2011-01-21,Bellerive Oval,1,12.1,Australia,England,DJ Hussey,CL White,CT Tremlett,0,0,,,,,,,,,
446963,2010/11,2011-01-21,Bellerive Oval,1,12.2,Australia,England,DJ Hussey,CL White,CT Tremlett,0,0,,,,,,,,,
446963,2010/11,2011-01-21,Bellerive Oval,1,12.3,Australia,England,DJ Hussey,CL White,CT Tremlett,0,0,,,,,,caught,DJ Hussey,,
446963,2010/11,2011-01-21,Bellerive Oval,1,12.4,Australia,England,SE Marsh,CL White,CT Tremlett,1,0,,,,,,,,,
446963,2010/11,2011-01-21,Bellerive Oval,1,12.5,Australia,England,CL White,SE Marsh,CT Tremlett,0,0,,,,,,,,,
446963,2010/11,2011-01-21,Bellerive Oval,1,12.6,Australia,England,CL White,SE Marsh,CT Tremlett,0,0,,,,,,,,,
446963,2010/11,2011-01-21,Bellerive Oval,1,13.1,Australia,England,SE Marsh,CL White,TT Bresnan,0,0,,,,,,,,,
446963,2010/11,2011-01-21,Bellerive Oval,1,13.2,Australia,England,SE Marsh,CL White,TT Bresnan,0,0,,,,,,,,,
446963,2010/11,2011-01-21,Bellerive Oval,1,13.3,Australia,England,SE Marsh,CL White,TT Bresnan,1,0,,,,,,,,,
446963,2010/11,2011-01-21,Bellerive Oval,1,13.4,Australia,England,CL White,SE Marsh,TT Bresnan,0,0,,,,,,,,,
446963,2010/11,2011-01-21,Bellerive Oval,1,13.5,Australia,England,CL White,SE Marsh,TT Bresnan,0,0,,,,,,,,,
446963,2010/11,2011-01-21,Bellerive Oval,1,13.6,Australia,England,CL White,SE Marsh,TT Bresnan,0,0,,,,,,,,,
446963,2010/11,2011-01-21,Bellerive Oval,1,14.1,Australia,England,SE Marsh,CL White,CT Tremlett,0,0,,,,,,,,,
446963,2010/11,2011-01-21,Bellerive Oval,1,14.2,Australia,England,SE Marsh,CL White,CT Tremlett,1,0,,,,,,,,,
446963,2010/11,2011-01-21,Bellerive Oval,1,14.3,Australia,England,CL White,SE Marsh,CT Tremlett,0,0,,,,,,,,,
446963,2010/11,2011-01-21,Bellerive Oval,1,14.4,Australia,England,CL White,SE Marsh,CT Tremlett,1,0,,,,,,,,,
446963,2010/11,2011-01-21,Bellerive Oval,1,14.5,Australia,England,SE Marsh,CL White,CT Tremlett,0,0,,,,,,,,,
446963,2010/11,2011-01-21,Bellerive Oval,1,14.6,Australia,England,SE Marsh,CL White,CT Tremlett,0,0,,,,,,,,,
446963,2010/11,2011-01-21,Bellerive Oval,1,15.1,Australia,England,CL White,SE Marsh,TT Bresnan,1,0,,,,,,,,,
446963,2010/11,2011-01-21,Bellerive Oval,1,15.2,Australia,England,SE Marsh,CL White,TT Bresnan,0,0,,,,,,,,,
446963,2010/11,2011-01-21,Bellerive Oval,1,15.3,Australia,England,SE Marsh,CL White,TT Bresnan,0,0,,,,,,,,,
446963,2010/11,2011-01-21,Bellerive Oval,1,15.4,Australia,England,SE Marsh,CL White,TT Bresnan,2,0,,,,,,,,,
446963,2010/11,2011-01-21,Bellerive Oval,1,15.5,Australia,England,SE Marsh,CL White,TT Bresnan,1,0,,,,,,,,,
446963,2010/11,2011-01-21,Bellerive Oval,1,15.6,Australia,England,CL White,SE Marsh,TT Bresnan,0,0,,,,,,,,,
446963,2010/11,2011-01-21,Bellerive Oval,1,16.1,Australia,England,SE Marsh,CL White,CT Tremlett,1,0,,,,,,,,,
446963,2010/11,2011-01-21,Bellerive Oval,1,16.2,Australia,England,CL White,SE Marsh,CT Tremlett,1,0,,,,,,,,,
446963,2010/11,2011-01-21,Bellerive Oval,1,16.3,Australia,England,SE Marsh,CL White,CT Tremlett,0,0,,,,,,,,,
446963,2010/11,2011-01-21,Bellerive Oval,1,16.4,Australia,England,SE Marsh,CL White,CT Tremlett,0,1,1,,,,,,,,
446963,2010/11,2011-01-21,Bellerive Oval,1,16.5,Australia,England,SE Marsh,CL White,CT Tremlett,0,0,,,,,,,,,
446963,2010/11,2011-01-21,Bellerive Oval,1,16.6,Australia,England,SE Marsh,CL White,CT Tremlett,0,0,,,,,,,,,
446963,2010/11,2011-01-21,Bellerive Oval,1,16.7,Australia,England,SE Marsh,CL White,CT Tremlett,0,0,,,,,,,,,
446963,2010/11,2011-01-21,Bellerive Oval,1,17.1,Australia,England,CL White,SE Marsh,TT Bresnan,0,0,,,,,,,,,
446963,2010/11,2011-01-21,Bellerive Oval,1,17.2,Australia,England,CL White,SE Marsh,TT Bresnan,0,0,,,,,,,,,
446963,2010/11,2011-01-21,Bellerive Oval,1,17.3,Australia,England,CL White,SE Marsh,TT Bresnan,2,0,,,,,,,,,
446963,2010/11,2011-01-21,Bellerive Oval,1,17.4,Australia,England,CL White,SE Marsh,TT Bresnan,1,0,,,,,,,,,
446963,2010/11,2011-01-21,Bellerive Oval,1,17.5,Australia,England,SE Marsh,CL White,TT Bresnan,0,1,1,,,,,,,,
446963,2010/11,2011-01-21,Bellerive Oval,1,17.6,Australia,England,SE Marsh,CL White,TT Bresnan,0,1,,,,1,,,,,
446963,2010/11,2011-01-21,Bellerive Oval,1,17.7,Australia,England,CL White,SE Marsh,TT Bresnan,1,0,,,,,,,,,
446963,2010/11,2011-01-21,Bellerive Oval,1,18.1,Australia,England,CL White,SE Marsh,IJL Trott,0,0,,,,,,,,,
446963,2010/11,2011-01-21,Bellerive Oval,1,18.2,Australia,England,CL White,SE Marsh,IJL Trott,2,0,,,,,,,,,
446963,2010/11,2011-01-21,Bellerive Oval,1,18.3,Australia,England,CL White,SE Marsh,IJL Trott,0,0,,,,,,,,,
446963,2010/11,2011-01-21,Bellerive Oval,1,18.4,Australia,England,CL White,SE Marsh,IJL Trott,0,0,,,,,,,,,
446963,2010/11,2011-01-21,Bellerive Oval,1,18.5,Australia,England,CL White,SE Marsh,IJL Trott,4,0,,,,,,,,,
446963,2010/11,2011-01-21,Bellerive Oval,1,18.6,Australia,England,CL White,SE Marsh,IJL Trott,0,0,,,,,,,,,
446963,2010/11,2011-01-21,Bellerive Oval,1,19.1,Australia,England,SE Marsh,CL White,JC Tredwell,0,0,,,,,,,,,
446963,2010/11,2011-01-21,Bellerive Oval,1,19.2,Australia,England,SE Marsh,CL White,JC Tredwell,0,0,,,,,,,,,
446963,2010/11,2011-01-21,Bellerive Oval,1,19.3,Australia,England,SE Marsh,CL White,JC Tredwell,2,0,,,,,,,,,
446963,2010/11,2011-01-21,Bellerive Oval,1,19.4,Australia,England,SE Marsh,CL White,JC Tredwell,4,0,,,,,,,,,
446963,2010/11,2011-01-21,Bellerive Oval,1,19.5,Australia,England,SE Marsh,CL White,JC Tredwell,1,0,,,,,,,,,
446963,2010/11,2011-01-21,Bellerive Oval,1,19.6,Australia,England,CL White,SE Marsh,JC Tredwell,0,0,,,,,,,,,
446963,2010/11,2011-01-21,Bellerive Oval,1,20.1,Australia,England,SE Marsh,CL White,IJL Trott,1,0,,,,,,,,,
446963,2010/11,2011-01-21,Bellerive Oval,1,20.2,Australia,England,CL White,SE Marsh,IJL Trott,1,0,,,,,,,,,
446963,2010/11,2011-01-21,Bellerive Oval,1,20.3,Australia,England,SE Marsh,CL White,IJL Trott,1,0,,,,,,,,,
446963,2010/11,2011-01-21,Bellerive Oval,1,20.4,Australia,England,CL White,SE Marsh,IJL Trott,0,0,,,,,,,,,
446963,2010/11,2011-01-21,Bellerive Oval,1,20.5,Australia,England,CL White,SE Marsh,IJL Trott,0,0,,,,,,,,,
446963,2010/11,2011-01-21,Bellerive Oval,1,20.6,Australia,England,CL White,SE Marsh,IJL Trott,1,0,,,,,,,,,
446963,2010/11,2011-01-21,Bellerive Oval,1,21.1,Australia,England,CL White,SE Marsh,JC Tredwell,0,0,,,,,,,,,
446963,2010/11,2011-01-21,Bellerive Oval,1,21.2,Australia,England,CL White,SE Marsh,JC Tredwell,1,0,,,,,,,,,
446963,2010/11,2011-01-21,Bellerive Oval,1,21.3,Australia,England,SE Marsh,CL White,JC Tredwell,0,0,,,,,,,,,
446963,2010/11,2011-01-21,Bellerive Oval,1,21.4,Australia,England,SE Marsh,CL White,JC Tredwell,1,0,,,,,,,,,
446963,2010/11,2011-01-21,Bellerive Oval,1,21.5,Australia,England,CL White,SE Marsh,JC Tredwell,0,0,,,,,,,,,
446963,2010/11,2011-01-21,Bellerive Oval,1,21.6,Australia,England,CL White,SE Marsh,JC Tredwell,0,0,,,,,,,,,
446963,2010/11,2011-01-21,Bellerive Oval,1,22.1,Australia,England,SE Marsh,CL White,IJL Trott,1,0,,,,,,,,,
446963,2010/11,2011-01-21,Bellerive Oval,1,22.2,Australia,England,CL White,SE Marsh,IJL Trott,2,0,,,,,,,,,
446963,2010/11,2011-01-21,Bellerive Oval,1,22.3,Australia,England,CL White,SE Marsh,IJL Trott,1,0,,,,,,,,,
446963,2010/11,2011-01-21,Bellerive Oval,1,22.4,Australia,England,SE Marsh,CL White,IJL Trott,1,0,,,,,,,,,
446963,2010/11,2011-01-21,Bellerive Oval,1,22.5,Australia,England,CL White,SE Marsh,IJL Trott,0,0,,,,,,,,,
446963,2010/11,2011-01-21,Bellerive Oval,1,22.6,Australia,England,CL White,SE Marsh,IJL Trott,1,0,,,,,,,,,
446963,2010/11,2011-01-21,Bellerive Oval,1,23.1,Australia,England,CL White,SE Marsh,JC Tredwell,0,0,,,,,,,,,
446963,2010/11,2011-01-21,Bellerive Oval,1,23.2,Australia,England,CL White,SE Marsh,JC Tredwell,4,0,,,,,,,,,
446963,2010/11,2011-01-21,Bellerive Oval,1,23.3,Australia,England,CL White,SE Marsh,JC Tredwell,1,0,,,,,,,,,
446963,2010/11,2011-01-21,Bellerive Oval,1,23.4,Australia,England,SE Marsh,CL White,JC Tredwell,1,0,,,,,,,,,
446963,2010/11,2011-01-21,Bellerive Oval,1,23.5,Australia,England,CL White,SE Marsh,JC Tredwell,1,0,,,,,,,,,
446963,2010/11,2011-01-21,Bellerive Oval,1,23.6,Australia,England,SE Marsh,CL White,JC Tredwell,1,0,,,,,,,,,
446963,2010/11,2011-01-21,Bellerive Oval,1,24.1,Australia,England,SE Marsh,CL White,MH Yardy,1,0,,,,,,,,,
446963,2010/11,2011-01-21,Bellerive Oval,1,24.2,Australia,England,CL White,SE Marsh,MH Yardy,1,0,,,,,,,,,
446963,2010/11,2011-01-21,Bellerive Oval,1,24.3,Australia,England,SE Marsh,CL White,MH Yardy,0,0,,,,,,,,,
446963,2010/11,2011-01-21,Bellerive Oval,1,24.4,Australia,England,SE Marsh,CL White,MH Yardy,0,0,,,,,,,,,
446963,2010/11,2011-01-21,Bellerive Oval,1,24.5,Australia,England,SE Marsh,CL White,MH Yardy,0,0,,,,,,,,,
446963,2010/11,2011-01-21,Bellerive Oval,1,24.6,Australia,England,SE Marsh,CL White,MH Yardy,1,0,,,,,,,,,
446963,2010/11,2011-01-21,Bellerive Oval,1,25.1,Australia,England,SE Marsh,CL White,JC Tredwell,0,0,,,,,,,,,
446963,2010/11,2011-01-21,Bellerive Oval,1,25.2,Australia,England,SE Marsh,CL White,JC Tredwell,1,0,,,,,,,,,
446963,2010/11,2011-01-21,Bellerive Oval,1,25.3,Australia,England,CL White,SE Marsh,JC Tredwell,1,0,,,,,,,,,
446963,2010/11,2011-01-21,Bellerive Oval,1,25.4,Australia,England,SE Marsh,CL White,JC Tredwell,1,0,,,,,,,,,
446963,2010/11,2011-01-21,Bellerive Oval,1,25.5,Australia,England,CL White,SE Marsh,JC Tredwell,0,0,,,,,,,,,
446963,2010/11,2011-01-21,Bellerive Oval,1,25.6,Australia,England,CL White,SE Marsh,JC Tredwell,0,0,,,,,,,,,
446963,2010/11,2011-01-21,Bellerive Oval,1,26.1,Australia,England,SE Marsh,CL White,MH Yardy,0,0,,,,,,,,,
446963,2010/11,2011-01-21,Bellerive Oval,1,26.2,Australia,England,SE Marsh,CL White,MH Yardy,1,0,,,,,,,,,
446963,2010/11,2011-01-21,Bellerive Oval,1,26.3,Australia,England,CL White,SE Marsh,MH Yardy,1,0,,,,,,,,,
446963,2010/11,2011-01-21,Bellerive Oval,1,26.4,Australia,England,SE Marsh,CL White,MH Yardy,1,0,,,,,,,,,
446963,2010/11,2011-01-21,Bellerive Oval,1,26.5,Australia,England,CL White,SE Marsh,MH Yardy,0,0,,,,,,,,,
446963,2010/11,2011-01-21,Bellerive Oval,1,26.6,Australia,England,CL White,SE Marsh,MH Yardy,1,0,,,,,,,,,
446963,2010/11,2011-01-21,Bellerive Oval,1,27.1,Australia,England,CL White,SE Marsh,JC Tredwell,1,0,,,,,,,,,
446963,2010/11,2011-01-21,Bellerive Oval,1,27.2,Australia,England,SE Marsh,CL White,JC Tredwell,0,0,,,,,,,,,
446963,2010/11,2011-01-21,Bellerive Oval,1,27.3,Australia,England,SE Marsh,CL White,JC Tredwell,1,0,,,,,,,,,
446963,2010/11,2011-01-21,Bellerive Oval,1,27.4,Australia,England,CL White,SE Marsh,JC Tredwell,1,0,,,,,,,,,
446963,2010/11,2011-01-21,Bellerive Oval,1,27.5,Australia,England,SE Marsh,CL White,JC Tredwell,4,0,,,,,,,,,
446963,2010/11,2011-01-21,Bellerive Oval,1,27.6,Australia,England,SE Marsh,CL White,JC Tredwell,1,0,,,,,,,,,
446963,2010/11,2011-01-21,Bellerive Oval,1,28.1,Australia,England,SE Marsh,CL White,MH Yardy,4,0,,,,,,,,,
446963,2010/11,2011-01-21,Bellerive Oval,1,28.2,Australia,England,SE Marsh,CL White,MH Yardy,0,0,,,,,,,,,
446963,2010/11,2011-01-21,Bellerive Oval,1,28.3,Australia,England,SE Marsh,CL White,MH Yardy,0,0,,,,,,,,,
446963,2010/11,2011-01-21,Bellerive Oval,1,28.4,Australia,England,SE Marsh,CL White,MH Yardy,1,0,,,,,,,,,
446963,2010/11,2011-01-21,Bellerive Oval,1,28.5,Australia,England,CL White,SE Marsh,MH Yardy,1,0,,,,,,,,,
446963,2010/11,2011-01-21,Bellerive Oval,1,28.6,Australia,England,SE Marsh,CL White,MH Yardy,4,0,,,,,,,,,
446963,2010/11,2011-01-21,Bellerive Oval,1,29.1,Australia,England,CL White,SE Marsh,JC Tredwell,1,0,,,,,,,,,
446963,2010/11,2011-01-21,Bellerive Oval,1,29.2,Australia,England,SE Marsh,CL White,JC Tredwell,0,0,,,,,,,,,
446963,2010/11,2011-01-21,Bellerive Oval,1,29.3,Australia,England,SE Marsh,CL White,JC Tredwell,1,0,,,,,,,,,
446963,2010/11,2011-01-21,Bellerive Oval,1,29.4,Australia,England,CL White,SE Marsh,JC Tredwell,1,0,,,,,,,,,
446963,2010/11,2011-01-21,Bellerive Oval,1,29.5,Australia,England,SE Marsh,CL White,JC Tredwell,0,0,,,,,,,,,
446963,2010/11,2011-01-21,Bellerive Oval,1,29.6,Australia,England,SE Marsh,CL White,JC Tredwell,3,0,,,,,,,,,
446963,2010/11,2011-01-21,Bellerive Oval,1,30.1,Australia,England,SE Marsh,CL White,MH Yardy,1,0,,,,,,,,,
446963,2010/11,2011-01-21,Bellerive Oval,1,30.2,Australia,England,CL White,SE Marsh,MH Yardy,1,0,,,,,,,,,
446963,2010/11,2011-01-21,Bellerive Oval,1,30.3,Australia,England,SE Marsh,CL White,MH Yardy,0,0,,,,,,,,,
446963,2010/11,2011-01-21,Bellerive Oval,1,30.4,Australia,England,SE Marsh,CL White,MH Yardy,0,0,,,,,,,,,
446963,2010/11,2011-01-21,Bellerive Oval,1,30.5,Australia,England,SE Marsh,CL White,MH Yardy,0,0,,,,,,,,,
446963,2010/11,2011-01-21,Bellerive Oval,1,30.6,Australia,England,SE Marsh,CL White,MH Yardy,1,0,,,,,,,,,
446963,2010/11,2011-01-21,Bellerive Oval,1,31.1,Australia,England,SE Marsh,CL White,A Shahzad,0,0,,,,,,,,,
446963,2010/11,2011-01-21,Bellerive Oval,1,31.2,Australia,England,SE Marsh,CL White,A Shahzad,0,0,,,,,,,,,
446963,2010/11,2011-01-21,Bellerive Oval,1,31.3,Australia,England,SE Marsh,CL White,A Shahzad,1,0,,,,,,,,,
446963,2010/11,2011-01-21,Bellerive Oval,1,31.4,Australia,England,CL White,SE Marsh,A Shahzad,0,0,,,,,,,,,
446963,2010/11,2011-01-21,Bellerive Oval,1,31.5,Australia,England,CL White,SE Marsh,A Shahzad,1,0,,,,,,,,,
446963,2010/11,2011-01-21,Bellerive Oval,1,31.6,Australia,England,SE Marsh,CL White,A Shahzad,0,1,1,,,,,,,,
446963,2010/11,2011-01-21,Bellerive Oval,1,31.7,Australia,England,SE Marsh,CL White,A Shahzad,0,1,1,,,,,,,,
446963,2010/11,2011-01-21,Bellerive Oval,1,31.8,Australia,England,SE Marsh,CL White,A Shahzad,2,0,,,,,,,,,
446963,2010/11,2011-01-21,Bellerive Oval,1,32.1,Australia,England,CL White,SE Marsh,MH Yardy,0,0,,,,,,,,,
446963,2010/11,2011-01-21,Bellerive Oval,1,32.2,Australia,England,CL White,SE Marsh,MH Yardy,0,1,1,,,,,,,,
446963,2010/11,2011-01-21,Bellerive Oval,1,32.3,Australia,England,CL White,SE Marsh,MH Yardy,0,0,,,,,,,,,
446963,2010/11,2011-01-21,Bellerive Oval,1,32.4,Australia,England,CL White,SE Marsh,MH Yardy,1,0,,,,,,,,,
446963,2010/11,2011-01-21,Bellerive Oval,1,32.5,Australia,England,SE Marsh,CL White,MH Yardy,1,0,,,,,,,,,
446963,2010/11,2011-01-21,Bellerive Oval,1,32.6,Australia,England,CL White,SE Marsh,MH Yardy,4,0,,,,,,,,,
446963,2010/11,2011-01-21,Bellerive Oval,1,32.7,Australia,England,CL White,SE Marsh,MH Yardy,0,0,,,,,,caught and bowled,CL White,,
446963,2010/11,2011-01-21,Bellerive Oval,1,33.1,Australia,England,SE Marsh,SPD Smith,A Shahzad,0,0,,,,,,,,,
446963,2010/11,2011-01-21,Bellerive Oval,1,33.2,Australia,England,SE Marsh,SPD Smith,A Shahzad,2,0,,,,,,,,,
446963,2010/11,2011-01-21,Bellerive Oval,1,33.3,Australia,England,SE Marsh,SPD Smith,A Shahzad,1,0,,,,,,,,,
446963,2010/11,2011-01-21,Bellerive Oval,1,33.4,Australia,England,SPD Smith,SE Marsh,A Shahzad,0,0,,,,,,,,,
446963,2010/11,2011-01-21,Bellerive Oval,1,33.5,Australia,England,SPD Smith,SE Marsh,A Shahzad,0,0,,,,,,bowled,SPD Smith,,
446963,2010/11,2011-01-21,Bellerive Oval,1,33.6,Australia,England,NM Hauritz,SE Marsh,A Shahzad,1,0,,,,,,,,,
446963,2010/11,2011-01-21,Bellerive Oval,1,34.1,Australia,England,NM Hauritz,SE Marsh,MH Yardy,0,0,,,,,,,,,
446963,2010/11,2011-01-21,Bellerive Oval,1,34.2,Australia,England,NM Hauritz,SE Marsh,MH Yardy,0,0,,,,,,,,,
446963,2010/11,2011-01-21,Bellerive Oval,1,34.3,Australia,England,NM Hauritz,SE Marsh,MH Yardy,1,0,,,,,,,,,
446963,2010/11,2011-01-21,Bellerive Oval,1,34.4,Australia,England,SE Marsh,NM Hauritz,MH Yardy,0,0,,,,,,,,,
446963,2010/11,2011-01-21,Bellerive Oval,1,34.5,Australia,England,SE Marsh,NM Hauritz,MH Yardy,1,0,,,,,,,,,
446963,2010/11,2011-01-21,Bellerive Oval,1,34.6,Australia,England,NM Hauritz,SE Marsh,MH Yardy,0,0,,,,,,,,,
446963,2010/11,2011-01-21,Bellerive Oval,1,35.1,Australia,England,SE Marsh,NM Hauritz,TT Bresnan,0,0,,,,,,,,,
446963,2010/11,2011-01-21,Bellerive Oval,1,35.2,Australia,England,SE Marsh,NM Hauritz,TT Bresnan,1,0,,,,,,,,,
446963,2010/11,2011-01-21,Bellerive Oval,1,35.3,Australia,England,NM Hauritz,SE Marsh,TT Bresnan,0,0,,,,,,caught,NM Hauritz,,
446963,2010/11,2011-01-21,Bellerive Oval,1,35.4,Australia,England,SE Marsh,B Lee,TT Bresnan,0,0,,,,,,,,,
446963,2010/11,2011-01-21,Bellerive Oval,1,35.5,Australia,England,SE Marsh,B Lee,TT Bresnan,2,0,,,,,,,,,
446963,2010/11,2011-01-21,Bellerive Oval,1,35.6,Australia,England,SE Marsh,B Lee,TT Bresnan,0,0,,,,,,,,,
446963,2010/11,2011-01-21,Bellerive Oval,1,36.1,Australia,England,B Lee,SE Marsh,MH Yardy,0,0,,,,,,,,,
446963,2010/11,2011-01-21,Bellerive Oval,1,36.2,Australia,England,B Lee,SE Marsh,MH Yardy,0,0,,,,,,,,,
446963,2010/11,2011-01-21,Bellerive Oval,1,36.3,Australia,England,B Lee,SE Marsh,MH Yardy,0,0,,,,,,,,,
446963,2010/11,2011-01-21,Bellerive Oval,1,36.4,Australia,England,B Lee,SE Marsh,MH Yardy,0,0,,,,,,,,,
446963,2010/11,2011-01-21,Bellerive Oval,1,36.5,Australia,England,B Lee,SE Marsh,MH Yardy,0,0,,,,,,bowled,B Lee,,
446963,2010/11,2011-01-21,Bellerive Oval,1,36.6,Australia,England,DE Bollinger,SE Marsh,MH Yardy,0,0,,,,,,,,,
446963,2010/11,2011-01-21,Bellerive Oval,1,37.1,Australia,England,SE Marsh,DE Bollinger,CT Tremlett,0,0,,,,,,,,,
446963,2010/11,2011-01-21,Bellerive Oval,1,37.2,Australia,England,SE Marsh,DE Bollinger,CT Tremlett,1,0,,,,,,,,,
446963,2010/11,2011-01-21,Bellerive Oval,1,37.3,Australia,England,DE Bollinger,SE Marsh,CT Tremlett,1,0,,,,,,,,,
446963,2010/11,2011-01-21,Bellerive Oval,1,37.4,Australia,England,SE Marsh,DE Bollinger,CT Tremlett,0,0,,,,,,,,,
446963,2010/11,2011-01-21,Bellerive Oval,1,37.5,Australia,England,SE Marsh,DE Bollinger,CT Tremlett,1,0,,,,,,,,,
446963,2010/11,2011-01-21,Bellerive Oval,1,37.6,Australia,England,DE Bollinger,SE Marsh,CT Tremlett,2,0,,,,,,,,,
446963,2010/11,2011-01-21,Bellerive Oval,1,38.1,Australia,England,SE Marsh,DE Bollinger,A Shahzad,0,1,1,,,,,,,,
446963,2010/11,2011-01-21,Bellerive Oval,1,38.2,Australia,England,SE Marsh,DE Bollinger,A Shahzad,0,0,,,,,,,,,
446963,2010/11,2011-01-21,Bellerive Oval,1,38.3,Australia,England,SE Marsh,DE Bollinger,A Shahzad,0,1,1,,,,,,,,
446963,2010/11,2011-01-21,Bellerive Oval,1,38.4,Australia,England,SE Marsh,DE Bollinger,A Shahzad,0,0,,,,,,,,,
446963,2010/11,2011-01-21,Bellerive Oval,1,38.5,Australia,England,SE Marsh,DE Bollinger,A Shahzad,0,0,,,,,,,,,
446963,2010/11,2011-01-21,Bellerive Oval,1,38.6,Australia,England,SE Marsh,DE Bollinger,A Shahzad,1,0,,,,,,,,,
446963,2010/11,2011-01-21,Bellerive Oval,1,38.7,Australia,England,DE Bollinger,SE Marsh,A Shahzad,0,0,,,,,,,,,
446963,2010/11,2011-01-21,Bellerive Oval,1,38.8,Australia,England,DE Bollinger,SE Marsh,A Shahzad,0,0,,,,,,,,,
446963,2010/11,2011-01-21,Bellerive Oval,1,39.1,Australia,England,SE Marsh,DE Bollinger,CT Tremlett,1,0,,,,,,,,,
446963,2010/11,2011-01-21,Bellerive Oval,1,39.2,Australia,England,DE Bollinger,SE Marsh,CT Tremlett,0,0,,,,,,,,,
446963,2010/11,2011-01-21,Bellerive Oval,1,39.3,Australia,England,DE Bollinger,SE Marsh,CT Tremlett,0,0,,,,,,,,,
446963,2010/11,2011-01-21,Bellerive Oval,1,39.4,Australia,England,DE Bollinger,SE Marsh,CT Tremlett,1,0,,,,,,,,,
446963,2010/11,2011-01-21,Bellerive Oval,1,39.5,Australia,England,SE Marsh,DE Bollinger,CT Tremlett,1,0,,,,,,,,,
446963,2010/11,2011-01-21,Bellerive Oval,1,39.6,Australia,England,DE Bollinger,SE Marsh,CT Tremlett,2,0,,,,,,,,,
446963,2010/11,2011-01-21,Bellerive Oval,1,40.1,Australia,England,SE Marsh,DE Bollinger,A Shahzad,4,0,,,,,,,,,
446963,2010/11,2011-01-21,Bellerive Oval,1,40.2,Australia,England,SE Marsh,DE Bollinger,A Shahzad,1,0,,,,,,,,,
446963,2010/11,2011-01-21,Bellerive Oval,1,40.3,Australia,England,DE Bollinger,SE Marsh,A Shahzad,1,0,,,,,,,,,
446963,2010/11,2011-01-21,Bellerive Oval,1,40.4,Australia,England,SE Marsh,DE Bollinger,A Shahzad,0,4,,,,4,,,,,
446963,2010/11,2011-01-21,Bellerive Oval,1,40.5,Australia,England,SE Marsh,DE Bollinger,A Shahzad,1,0,,,,,,,,,
446963,2010/11,2011-01-21,Bellerive Oval,1,40.6,Australia,England,DE Bollinger,SE Marsh,A Shahzad,1,0,,,,,,,,,
446963,2010/11,2011-01-21,Bellerive Oval,1,41.1,Australia,England,DE Bollinger,SE Marsh,TT Bresnan,4,0,,,,,,,,,
446963,2010/11,2011-01-21,Bellerive Oval,1,41.2,Australia,England,DE Bollinger,SE Marsh,TT Bresnan,1,0,,,,,,,,,
446963,2010/11,2011-01-21,Bellerive Oval,1,41.3,Australia,England,SE Marsh,DE Bollinger,TT Bresnan,2,0,,,,,,,,,
446963,2010/11,2011-01-21,Bellerive Oval,1,41.4,Australia,England,SE Marsh,DE Bollinger,TT Bresnan,1,0,,,,,,,,,
446963,2010/11,2011-01-21,Bellerive Oval,1,41.5,Australia,England,DE Bollinger,SE Marsh,TT Bresnan,1,0,,,,,,,,,
446963,2010/11,2011-01-21,Bellerive Oval,1,41.6,Australia,England,SE Marsh,DE Bollinger,TT Bresnan,2,0,,,,,,,,,
446963,2010/11,2011-01-21,Bellerive Oval,1,42.1,Australia,England,DE Bollinger,SE Marsh,MH Yardy,4,0,,,,,,,,,
446963,2010/11,2011-01-21,Bellerive Oval,1,42.2,Australia,England,DE Bollinger,SE Marsh,MH Yardy,1,0,,,,,,,,,
446963,2010/11,2011-01-21,Bellerive Oval,1,42.3,Australia,England,SE Marsh,DE Bollinger,MH Yardy,2,0,,,,,,,,,
446963,2010/11,2011-01-21,Bellerive Oval,1,42.4,Australia,England,SE Marsh,DE Bollinger,MH Yardy,6,0,,,,,,,,,
446963,2010/11,2011-01-21,Bellerive Oval,1,42.5,Australia,England,SE Marsh,DE Bollinger,MH Yardy,0,0,,,,,,,,,
446963,2010/11,2011-01-21,Bellerive Oval,1,42.6,Australia,England,SE Marsh,DE Bollinger,MH Yardy,0,0,,,,,,,,,
446963,2010/11,2011-01-21,Bellerive Oval,1,43.1,Australia,England,DE Bollinger,SE Marsh,JC Tredwell,0,0,,,,,,,,,
446963,2010/11,2011-01-21,Bellerive Oval,1,43.2,Australia,England,DE Bollinger,SE Marsh,JC Tredwell,1,0,,,,,,,,,
446963,2010/11,2011-01-21,Bellerive Oval,1,43.3,Australia,England,SE Marsh,DE Bollinger,JC Tredwell,1,0,,,,,,,,,
446963,2010/11,2011-01-21,Bellerive Oval,1,43.4,Australia,England,DE Bollinger,SE Marsh,JC Tredwell,4,0,,,,,,,,,
446963,2010/11,2011-01-21,Bellerive Oval,1,43.5,Australia,England,DE Bollinger,SE Marsh,JC Tredwell,0,0,,,,,,,,,
446963,2010/11,2011-01-21,Bellerive Oval,1,43.6,Australia,England,DE Bollinger,SE Marsh,JC Tredwell,1,0,,,,,,,,,
446963,2010/11,2011-01-21,Bellerive Oval,1,44.1,Australia,England,DE Bollinger,SE Marsh,MH Yardy,1,0,,,,,,,,,
446963,2010/11,2011-01-21,Bellerive Oval,1,44.2,Australia,England,SE Marsh,DE Bollinger,MH Yardy,3,0,,,,,,,,,
446963,2010/11,2011-01-21,Bellerive Oval,1,44.3,Australia,England,DE Bollinger,SE Marsh,MH Yardy,1,0,,,,,,,,,
446963,2010/11,2011-01-21,Bellerive Oval,1,44.4,Australia,England,SE Marsh,DE Bollinger,MH Yardy,4,0,,,,,,,,,
446963,2010/11,2011-01-21,Bellerive Oval,1,44.5,Australia,England,SE Marsh,DE Bollinger,MH Yardy,4,0,,,,,,,,,
446963,2010/11,2011-01-21,Bellerive Oval,1,44.6,Australia,England,SE Marsh,DE Bollinger,MH Yardy,6,0,,,,,,,,,
446963,2010/11,2011-01-21,Bellerive Oval,1,45.1,Australia,England,DE Bollinger,SE Marsh,TT Bresnan,0,0,,,,,,,,,
446963,2010/11,2011-01-21,Bellerive Oval,1,45.2,Australia,England,DE Bollinger,SE Marsh,TT Bresnan,0,0,,,,,,,,,
446963,2010/11,2011-01-21,Bellerive Oval,1,45.3,Australia,England,DE Bollinger,SE Marsh,TT Bresnan,1,0,,,,,,,,,
446963,2010/11,2011-01-21,Bellerive Oval,1,45.4,Australia,England,SE Marsh,DE Bollinger,TT Bresnan,0,0,,,,,,,,,
446963,2010/11,2011-01-21,Bellerive Oval,1,45.5,Australia,England,SE Marsh,DE Bollinger,TT Bresnan,0,0,,,,,,,,,
446963,2010/11,2011-01-21,Bellerive Oval,1,45.6,Australia,England,SE Marsh,DE Bollinger,TT Bresnan,1,0,,,,,,,,,
446963,2010/11,2011-01-21,Bellerive Oval,1,46.1,Australia,England,SE Marsh,DE Bollinger,JC Tredwell,0,0,,,,,,,,,
446963,2010/11,2011-01-21,Bellerive Oval,1,46.2,Australia,England,SE Marsh,DE Bollinger,JC Tredwell,0,0,,,,,,,,,
446963,2010/11,2011-01-21,Bellerive Oval,1,46.3,Australia,England,SE Marsh,DE Bollinger,JC Tredwell,0,0,,,,,,,,,
446963,2010/11,2011-01-21,Bellerive Oval,1,46.4,Australia,England,SE Marsh,DE Bollinger,JC Tredwell,1,0,,,,,,,,,
446963,2010/11,2011-01-21,Bellerive Oval,1,46.5,Australia,England,DE Bollinger,SE Marsh,JC Tredwell,1,0,,,,,,,,,
446963,2010/11,2011-01-21,Bellerive Oval,1,46.6,Australia,England,SE Marsh,DE Bollinger,JC Tredwell,1,0,,,,,,,,,
446963,2010/11,2011-01-21,Bellerive Oval,1,47.1,Australia,England,SE Marsh,DE Bollinger,TT Bresnan,0,0,,,,,,,,,
446963,2010/11,2011-01-21,Bellerive Oval,1,47.2,Australia,England,SE Marsh,DE Bollinger,TT Bresnan,4,0,,,,,,,,,
446963,2010/11,2011-01-21,Bellerive Oval,1,47.3,Australia,England,SE Marsh,DE Bollinger,TT Bresnan,1,0,,,,,,,,,
446963,2010/11,2011-01-21,Bellerive Oval,1,47.4,Australia,England,DE Bollinger,SE Marsh,TT Bresnan,0,1,,,,1,,,,,
446963,2010/11,2011-01-21,Bellerive Oval,1,47.5,Australia,England,SE Marsh,DE Bollinger,TT Bresnan,1,0,,,,,,,,,
446963,2010/11,2011-01-21,Bellerive Oval,1,47.6,Australia,England,DE Bollinger,SE Marsh,TT Bresnan,1,0,,,,,,,,,
446963,2010/11,2011-01-21,Bellerive Oval,1,48.1,Australia,England,DE Bollinger,SE Marsh,CT Tremlett,0,0,,,,,,caught,DE Bollinger,,
446963,2010/11,2011-01-21,Bellerive Oval,1,48.2,Australia,England,SE Marsh,SW Tait,CT Tremlett,0,0,,,,,,caught,SE Marsh,,
446963,2010/11,2011-01-21,Bellerive Oval,2,0.1,England,Australia,AJ Strauss,MJ Prior,B Lee,0,0,,,,,,,,,
446963,2010/11,2011-01-21,Bellerive Oval,2,0.2,England,Australia,AJ Strauss,MJ Prior,B Lee,0,0,,,,,,,,,
446963,2010/11,2011-01-21,Bellerive Oval,2,0.3,England,Australia,AJ Strauss,MJ Prior,B Lee,0,0,,,,,,,,,
446963,2010/11,2011-01-21,Bellerive Oval,2,0.4,England,Australia,AJ Strauss,MJ Prior,B Lee,0,0,,,,,,,,,
446963,2010/11,2011-01-21,Bellerive Oval,2,0.5,England,Australia,AJ Strauss,MJ Prior,B Lee,1,0,,,,,,,,,
446963,2010/11,2011-01-21,Bellerive Oval,2,0.6,England,Australia,MJ Prior,AJ Strauss,B Lee,0,0,,,,,,,,,
446963,2010/11,2011-01-21,Bellerive Oval,2,1.1,England,Australia,AJ Strauss,MJ Prior,SW Tait,4,0,,,,,,,,,
446963,2010/11,2011-01-21,Bellerive Oval,2,1.2,England,Australia,AJ Strauss,MJ Prior,SW Tait,0,0,,,,,,,,,
446963,2010/11,2011-01-21,Bellerive Oval,2,1.3,England,Australia,AJ Strauss,MJ Prior,SW Tait,0,1,1,,,,,,,,
446963,2010/11,2011-01-21,Bellerive Oval,2,1.4,England,Australia,AJ Strauss,MJ Prior,SW Tait,0,1,1,,,,,,,,
446963,2010/11,2011-01-21,Bellerive Oval,2,1.5,England,Australia,AJ Strauss,MJ Prior,SW Tait,0,0,,,,,,,,,
446963,2010/11,2011-01-21,Bellerive Oval,2,1.6,England,Australia,AJ Strauss,MJ Prior,SW Tait,0,0,,,,,,,,,
446963,2010/11,2011-01-21,Bellerive Oval,2,1.7,England,Australia,AJ Strauss,MJ Prior,SW Tait,0,1,1,,,,,,,,
446963,2010/11,2011-01-21,Bellerive Oval,2,1.8,England,Australia,AJ Strauss,MJ Prior,SW Tait,1,0,,,,,,,,,
446963,2010/11,2011-01-21,Bellerive Oval,2,1.9,England,Australia,MJ Prior,AJ Strauss,SW Tait,0,0,,,,,,,,,
446963,2010/11,2011-01-21,Bellerive Oval,2,2.1,England,Australia,AJ Strauss,MJ Prior,B Lee,0,0,,,,,,,,,
446963,2010/11,2011-01-21,Bellerive Oval,2,2.2,England,Australia,AJ Strauss,MJ Prior,B Lee,0,0,,,,,,,,,
446963,2010/11,2011-01-21,Bellerive Oval,2,2.3,England,Australia,AJ Strauss,MJ Prior,B Lee,0,0,,,,,,,,,
446963,2010/11,2011-01-21,Bellerive Oval,2,2.4,England,Australia,AJ Strauss,MJ Prior,B Lee,3,0,,,,,,,,,
446963,2010/11,2011-01-21,Bellerive Oval,2,2.5,England,Australia,MJ Prior,AJ Strauss,B Lee,0,0,,,,,,caught,MJ Prior,,
446963,2010/11,2011-01-21,Bellerive Oval,2,2.6,England,Australia,IJL Trott,AJ Strauss,B Lee,0,0,,,,,,,,,
446963,2010/11,2011-01-21,Bellerive Oval,2,3.1,England,Australia,AJ Strauss,IJL Trott,SW Tait,1,0,,,,,,,,,
446963,2010/11,2011-01-21,Bellerive Oval,2,3.2,England,Australia,IJL Trott,AJ Strauss,SW Tait,4,0,,,,,,,,,
446963,2010/11,2011-01-21,Bellerive Oval,2,3.3,England,Australia,IJL Trott,AJ Strauss,SW Tait,0,0,,,,,,,,,
446963,2010/11,2011-01-21,Bellerive Oval,2,3.4,England,Australia,IJL Trott,AJ Strauss,SW Tait,0,1,,,,1,,,,,
446963,2010/11,2011-01-21,Bellerive Oval,2,3.5,England,Australia,AJ Strauss,IJL Trott,SW Tait,4,0,,,,,,,,,
446963,2010/11,2011-01-21,Bellerive Oval,2,3.6,England,Australia,AJ Strauss,IJL Trott,SW Tait,0,0,,,,,,,,,
446963,2010/11,2011-01-21,Bellerive Oval,2,4.1,England,Australia,IJL Trott,AJ Strauss,B Lee,0,0,,,,,,,,,
446963,2010/11,2011-01-21,Bellerive Oval,2,4.2,England,Australia,IJL Trott,AJ Strauss,B Lee,0,0,,,,,,,,,
446963,2010/11,2011-01-21,Bellerive Oval,2,4.3,England,Australia,IJL Trott,AJ Strauss,B Lee,2,0,,,,,,,,,
446963,2010/11,2011-01-21,Bellerive Oval,2,4.4,England,Australia,IJL Trott,AJ Strauss,B Lee,0,0,,,,,,,,,
446963,2010/11,2011-01-21,Bellerive Oval,2,4.5,England,Australia,IJL Trott,AJ Strauss,B Lee,1,0,,,,,,,,,
446963,2010/11,2011-01-21,Bellerive Oval,2,4.6,England,Australia,AJ Strauss,IJL Trott,B Lee,1,0,,,,,,,,,
446963,2010/11,2011-01-21,Bellerive Oval,2,5.1,England,Australia,AJ Strauss,IJL Trott,DE Bollinger,1,0,,,,,,,,,
446963,2010/11,2011-01-21,Bellerive Oval,2,5.2,England,Australia,IJL Trott,AJ Strauss,DE Bollinger,0,0,,,,,,,,,
446963,2010/11,2011-01-21,Bellerive Oval,2,5.3,England,Australia,IJL Trott,AJ Strauss,DE Bollinger,0,0,,,,,,,,,
446963,2010/11,2011-01-21,Bellerive Oval,2,5.4,England,Australia,IJL Trott,AJ Strauss,DE Bollinger,1,0,,,,,,,,,
446963,2010/11,2011-01-21,Bellerive Oval,2,5.5,England,Australia,AJ Strauss,IJL Trott,DE Bollinger,1,0,,,,,,,,,
446963,2010/11,2011-01-21,Bellerive Oval,2,5.6,England,Australia,IJL Trott,AJ Strauss,DE Bollinger,0,0,,,,,,,,,
446963,2010/11,2011-01-21,Bellerive Oval,2,6.1,England,Australia,AJ Strauss,IJL Trott,B Lee,0,0,,,,,,,,,
446963,2010/11,2011-01-21,Bellerive Oval,2,6.2,England,Australia,AJ Strauss,IJL Trott,B Lee,0,0,,,,,,,,,
446963,2010/11,2011-01-21,Bellerive Oval,2,6.3,England,Australia,AJ Strauss,IJL Trott,B Lee,0,0,,,,,,,,,
446963,2010/11,2011-01-21,Bellerive Oval,2,6.4,England,Australia,AJ Strauss,IJL Trott,B Lee,1,0,,,,,,,,,
446963,2010/11,2011-01-21,Bellerive Oval,2,6.5,England,Australia,IJL Trott,AJ Strauss,B Lee,4,0,,,,,,,,,
446963,2010/11,2011-01-21,Bellerive Oval,2,6.6,England,Australia,IJL Trott,AJ Strauss,B Lee,0,0,,,,,,,,,
446963,2010/11,2011-01-21,Bellerive Oval,2,7.1,England,Australia,AJ Strauss,IJL Trott,DE Bollinger,0,0,,,,,,,,,
446963,2010/11,2011-01-21,Bellerive Oval,2,7.2,England,Australia,AJ Strauss,IJL Trott,DE Bollinger,0,0,,,,,,,,,
446963,2010/11,2011-01-21,Bellerive Oval,2,7.3,England,Australia,AJ Strauss,IJL Trott,DE Bollinger,1,0,,,,,,,,,
446963,2010/11,2011-01-21,Bellerive Oval,2,7.4,England,Australia,IJL Trott,AJ Strauss,DE Bollinger,1,0,,,,,,,,,
446963,2010/11,2011-01-21,Bellerive Oval,2,7.5,England,Australia,AJ Strauss,IJL Trott,DE Bollinger,0,0,,,,,,lbw,AJ Strauss,,
446963,2010/11,2011-01-21,Bellerive Oval,2,7.6,England,Australia,KP Pietersen,IJL Trott,DE Bollinger,0,0,,,,,,bowled,KP Pietersen,,
446963,2010/11,2011-01-21,Bellerive Oval,2,8.1,England,Australia,IJL Trott,IR Bell,SR Watson,0,0,,,,,,,,,
446963,2010/11,2011-01-21,Bellerive Oval,2,8.2,England,Australia,IJL Trott,IR Bell,SR Watson,1,0,,,,,,,,,
446963,2010/11,2011-01-21,Bellerive Oval,2,8.3,England,Australia,IR Bell,IJL Trott,SR Watson,0,0,,,,,,,,,
446963,2010/11,2011-01-21,Bellerive Oval,2,8.4,England,Australia,IR Bell,IJL Trott,SR Watson,0,0,,,,,,,,,
446963,2010/11,2011-01-21,Bellerive Oval,2,8.5,England,Australia,IR Bell,IJL Trott,SR Watson,0,0,,,,,,,,,
446963,2010/11,2011-01-21,Bellerive Oval,2,8.6,England,Australia,IR Bell,IJL Trott,SR Watson,1,0,,,,,,,,,
446963,2010/11,2011-01-21,Bellerive Oval,2,9.1,England,Australia,IR Bell,IJL Trott,DE Bollinger,2,0,,,,,,,,,
446963,2010/11,2011-01-21,Bellerive Oval,2,9.2,England,Australia,IR Bell,IJL Trott,DE Bollinger,0,1,1,,,,,,,,
446963,2010/11,2011-01-21,Bellerive Oval,2,9.3,England,Australia,IR Bell,IJL Trott,DE Bollinger,0,0,,,,,,,,,
446963,2010/11,2011-01-21,Bellerive Oval,2,9.4,England,Australia,IR Bell,IJL Trott,DE Bollinger,0,0,,,,,,,,,
446963,2010/11,2011-01-21,Bellerive Oval,2,9.5,England,Australia,IR Bell,IJL Trott,DE Bollinger,0,0,,,,,,,,,
446963,2010/11,2011-01-21,Bellerive Oval,2,9.6,England,Australia,IR Bell,IJL Trott,DE Bollinger,0,0,,,,,,,,,
446963,2010/11,2011-01-21,Bellerive Oval,2,9.7,England,Australia,IR Bell,IJL Trott,DE Bollinger,0,0,,,,,,,,,
446963,2010/11,2011-01-21,Bellerive Oval,2,10.1,England,Australia,IJL Trott,IR Bell,SR Watson,2,0,,,,,,,,,
446963,2010/11,2011-01-21,Bellerive Oval,2,10.2,England,Australia,IJL Trott,IR Bell,SR Watson,0,0,,,,,,,,,
446963,2010/11,2011-01-21,Bellerive Oval,2,10.3,England,Australia,IJL Trott,IR Bell,SR Watson,1,0,,,,,,,,,
446963,2010/11,2011-01-21,Bellerive Oval,2,10.4,England,Australia,IR Bell,IJL Trott,SR Watson,0,0,,,,,,,,,
446963,2010/11,2011-01-21,Bellerive Oval,2,10.5,England,Australia,IR Bell,IJL Trott,SR Watson,0,0,,,,,,,,,
446963,2010/11,2011-01-21,Bellerive Oval,2,10.6,England,Australia,IR Bell,IJL Trott,SR Watson,1,0,,,,,,,,,
446963,2010/11,2011-01-21,Bellerive Oval,2,11.1,England,Australia,IR Bell,IJL Trott,DE Bollinger,1,0,,,,,,,,,
446963,2010/11,2011-01-21,Bellerive Oval,2,11.2,England,Australia,IJL Trott,IR Bell,DE Bollinger,0,0,,,,,,,,,
446963,2010/11,2011-01-21,Bellerive Oval,2,11.3,England,Australia,IJL Trott,IR Bell,DE Bollinger,0,0,,,,,,,,,
446963,2010/11,2011-01-21,Bellerive Oval,2,11.4,England,Australia,IJL Trott,IR Bell,DE Bollinger,0,0,,,,,,,,,
446963,2010/11,2011-01-21,Bellerive Oval,2,11.5,England,Australia,IJL Trott,IR Bell,DE Bollinger,0,0,,,,,,,,,
446963,2010/11,2011-01-21,Bellerive Oval,2,11.6,England,Australia,IJL Trott,IR Bell,DE Bollinger,1,0,,,,,,,,,
446963,2010/11,2011-01-21,Bellerive Oval,2,12.1,England,Australia,IJL Trott,IR Bell,SR Watson,1,0,,,,,,,,,
446963,2010/11,2011-01-21,Bellerive Oval,2,12.2,England,Australia,IR Bell,IJL Trott,SR Watson,0,0,,,,,,,,,
446963,2010/11,2011-01-21,Bellerive Oval,2,12.3,England,Australia,IR Bell,IJL Trott,SR Watson,4,0,,,,,,,,,
446963,2010/11,2011-01-21,Bellerive Oval,2,12.4,England,Australia,IR Bell,IJL Trott,SR Watson,0,0,,,,,,,,,
446963,2010/11,2011-01-21,Bellerive Oval,2,12.5,England,Australia,IR Bell,IJL Trott,SR Watson,1,0,,,,,,,,,
446963,2010/11,2011-01-21,Bellerive Oval,2,12.6,England,Australia,IJL Trott,IR Bell,SR Watson,0,0,,,,,,,,,
446963,2010/11,2011-01-21,Bellerive Oval,2,13.1,England,Australia,IR Bell,IJL Trott,SW Tait,0,0,,,,,,,,,
446963,2010/11,2011-01-21,Bellerive Oval,2,13.2,England,Australia,IR Bell,IJL Trott,SW Tait,4,0,,,,,,,,,
446963,2010/11,2011-01-21,Bellerive Oval,2,13.3,England,Australia,IR Bell,IJL Trott,SW Tait,0,1,,1,,,,,,,
446963,2010/11,2011-01-21,Bellerive Oval,2,13.4,England,Australia,IR Bell,IJL Trott,SW Tait,0,0,,,,,,,,,
446963,2010/11,2011-01-21,Bellerive Oval,2,13.5,England,Australia,IR Bell,IJL Trott,SW Tait,1,0,,,,,,,,,
446963,2010/11,2011-01-21,Bellerive Oval,2,13.6,England,Australia,IJL Trott,IR Bell,SW Tait,0,0,,,,,,,,,
446963,2010/11,2011-01-21,Bellerive Oval,2,13.7,England,Australia,IJL Trott,IR Bell,SW Tait,1,0,,,,,,,,,
446963,2010/11,2011-01-21,Bellerive Oval,2,14.1,England,Australia,IJL Trott,IR Bell,SR Watson,0,0,,,,,,,,,
446963,2010/11,2011-01-21,Bellerive Oval,2,14.2,England,Australia,IJL Trott,IR Bell,SR Watson,0,0,,,,,,,,,
446963,2010/11,2011-01-21,Bellerive Oval,2,14.3,England,Australia,IJL Trott,IR Bell,SR Watson,0,0,,,,,,,,,
446963,2010/11,2011-01-21,Bellerive Oval,2,14.4,England,Australia,IJL Trott,IR Bell,SR Watson,0,0,,,,,,,,,
446963,2010/11,2011-01-21,Bellerive Oval,2,14.5,England,Australia,IJL Trott,IR Bell,SR Watson,0,0,,,,,,,,,
446963,2010/11,2011-01-21,Bellerive Oval,2,14.6,England,Australia,IJL Trott,IR Bell,SR Watson,2,0,,,,,,,,,
446963,2010/11,2011-01-21,Bellerive Oval,2,15.1,England,Australia,IR Bell,IJL Trott,SW Tait,0,0,,,,,,,,,
446963,2010/11,2011-01-21,Bellerive Oval,2,15.2,England,Australia,IR Bell,IJL Trott,SW Tait,0,0,,,,,,,,,
446963,2010/11,2011-01-21,Bellerive Oval,2,15.3,England,Australia,IR Bell,IJL Trott,SW Tait,0,0,,,,,,,,,
446963,2010/11,2011-01-21,Bellerive Oval,2,15.4,England,Australia,IR Bell,IJL Trott,SW Tait,0,0,,,,,,,,,
446963,2010/11,2011-01-21,Bellerive Oval,2,15.5,England,Australia,IR Bell,IJL Trott,SW Tait,1,0,,,,,,,,,
446963,2010/11,2011-01-21,Bellerive Oval,2,15.6,England,Australia,IJL Trott,IR Bell,SW Tait,0,0,,,,,,,,,
446963,2010/11,2011-01-21,Bellerive Oval,2,16.1,England,Australia,IR Bell,IJL Trott,NM Hauritz,0,0,,,,,,,,,
446963,2010/11,2011-01-21,Bellerive Oval,2,16.2,England,Australia,IR Bell,IJL Trott,NM Hauritz,2,0,,,,,,,,,
446963,2010/11,2011-01-21,Bellerive Oval,2,16.3,England,Australia,IR Bell,IJL Trott,NM Hauritz,1,0,,,,,,,,,
446963,2010/11,2011-01-21,Bellerive Oval,2,16.4,England,Australia,IJL Trott,IR Bell,NM Hauritz,0,0,,,,,,,,,
446963,2010/11,2011-01-21,Bellerive Oval,2,16.5,England,Australia,IJL Trott,IR Bell,NM Hauritz,2,0,,,,,,,,,
446963,2010/11,2011-01-21,Bellerive Oval,2,16.6,England,Australia,IJL Trott,IR Bell,NM Hauritz,0,0,,,,,,,,,
446963,2010/11,2011-01-21,Bellerive Oval,2,17.1,England,Australia,IR Bell,IJL Trott,SW Tait,0,0,,,,,,,,,
446963,2010/11,2011-01-21,Bellerive Oval,2,17.2,England,Australia,IR Bell,IJL Trott,SW Tait,0,0,,,,,,,,,
446963,2010/11,2011-01-21,Bellerive Oval,2,17.3,England,Australia,IR Bell,IJL Trott,SW Tait,2,0,,,,,,,,,
446963,2010/11,2011-01-21,Bellerive Oval,2,17.4,England,Australia,IR Bell,IJL Trott,SW Tait,0,0,,,,,,,,,
446963,2010/11,2011-01-21,Bellerive Oval,2,17.5,England,Australia,IR Bell,IJL Trott,SW Tait,0,0,,,,,,,,,
446963,2010/11,2011-01-21,Bellerive Oval,2,17.6,England,Australia,IR Bell,IJL Trott,SW Tait,1,0,,,,,,,,,
446963,2010/11,2011-01-21,Bellerive Oval,2,18.1,England,Australia,IR Bell,IJL Trott,NM Hauritz,0,0,,,,,,,,,
446963,2010/11,2011-01-21,Bellerive Oval,2,18.2,England,Australia,IR Bell,IJL Trott,NM Hauritz,0,0,,,,,,,,,
446963,2010/11,2011-01-21,Bellerive Oval,2,18.3,England,Australia,IR Bell,IJL Trott,NM Hauritz,1,0,,,,,,,,,
446963,2010/11,2011-01-21,Bellerive Oval,2,18.4,England,Australia,IJL Trott,IR Bell,NM Hauritz,0,0,,,,,,,,,
446963,2010/11,2011-01-21,Bellerive Oval,2,18.5,England,Australia,IJL Trott,IR Bell,NM Hauritz,1,0,,,,,,,,,
446963,2010/11,2011-01-21,Bellerive Oval,2,18.6,England,Australia,IR Bell,IJL Trott,NM Hauritz,0,0,,,,,,,,,
446963,2010/11,2011-01-21,Bellerive Oval,2,19.1,England,Australia,IJL Trott,IR Bell,DE Bollinger,1,0,,,,,,,,,
446963,2010/11,2011-01-21,Bellerive Oval,2,19.2,England,Australia,IR Bell,IJL Trott,DE Bollinger,0,0,,,,,,,,,
446963,2010/11,2011-01-21,Bellerive Oval,2,19.3,England,Australia,IR Bell,IJL Trott,DE Bollinger,0,0,,,,,,,,,
446963,2010/11,2011-01-21,Bellerive Oval,2,19.4,England,Australia,IR Bell,IJL Trott,DE Bollinger,1,0,,,,,,,,,
446963,2010/11,2011-01-21,Bellerive Oval,2,19.5,England,Australia,IJL Trott,IR Bell,DE Bollinger,0,0,,,,,,,,,
446963,2010/11,2011-01-21,Bellerive Oval,2,19.6,England,Australia,IJL Trott,IR Bell,DE Bollinger,1,0,,,,,,,,,
446963,2010/11,2011-01-21,Bellerive Oval,2,20.1,England,Australia,IJL Trott,IR Bell,NM Hauritz,0,0,,,,,,,,,
446963,2010/11,2011-01-21,Bellerive Oval,2,20.2,England,Australia,IJL Trott,IR Bell,NM Hauritz,0,0,,,,,,,,,
446963,2010/11,2011-01-21,Bellerive Oval,2,20.3,England,Australia,IJL Trott,IR Bell,NM Hauritz,1,0,,,,,,,,,
446963,2010/11,2011-01-21,Bellerive Oval,2,20.4,England,Australia,IR Bell,IJL Trott,NM Hauritz,1,0,,,,,,,,,
446963,2010/11,2011-01-21,Bellerive Oval,2,20.5,England,Australia,IJL Trott,IR Bell,NM Hauritz,1,0,,,,,,,,,
446963,2010/11,2011-01-21,Bellerive Oval,2,20.6,England,Australia,IR Bell,IJL Trott,NM Hauritz,0,0,,,,,,,,,
446963,2010/11,2011-01-21,Bellerive Oval,2,21.1,England,Australia,IJL Trott,IR Bell,DE Bollinger,0,0,,,,,,,,,
446963,2010/11,2011-01-21,Bellerive Oval,2,21.2,England,Australia,IJL Trott,IR Bell,DE Bollinger,0,0,,,,,,,,,
446963,2010/11,2011-01-21,Bellerive Oval,2,21.3,England,Australia,IJL Trott,IR Bell,DE Bollinger,1,0,,,,,,,,,
446963,2010/11,2011-01-21,Bellerive Oval,2,21.4,England,Australia,IR Bell,IJL Trott,DE Bollinger,0,0,,,,,,,,,
446963,2010/11,2011-01-21,Bellerive Oval,2,21.5,England,Australia,IR Bell,IJL Trott,DE Bollinger,0,0,,,,,,,,,
446963,2010/11,2011-01-21,Bellerive Oval,2,21.6,England,Australia,IR Bell,IJL Trott,DE Bollinger,0,0,,,,,,,,,
446963,2010/11,2011-01-21,Bellerive Oval,2,22.1,England,Australia,IJL Trott,IR Bell,NM Hauritz,0,0,,,,,,,,,
446963,2010/11,2011-01-21,Bellerive Oval,2,22.2,England,Australia,IJL Trott,IR Bell,NM Hauritz,1,0,,,,,,,,,
446963,2010/11,2011-01-21,Bellerive Oval,2,22.3,England,Australia,IR Bell,IJL Trott,NM Hauritz,1,0,,,,,,,,,
446963,2010/11,2011-01-21,Bellerive Oval,2,22.4,England,Australia,IJL Trott,IR Bell,NM Hauritz,0,0,,,,,,,,,
446963,2010/11,2011-01-21,Bellerive Oval,2,22.5,England,Australia,IJL Trott,IR Bell,NM Hauritz,1,0,,,,,,,,,
446963,2010/11,2011-01-21,Bellerive Oval,2,22.6,England,Australia,IR Bell,IJL Trott,NM Hauritz,0,0,,,,,,,,,
446963,2010/11,2011-01-21,Bellerive Oval,2,23.1,England,Australia,IJL Trott,IR Bell,SPD Smith,0,0,,,,,,,,,
446963,2010/11,2011-01-21,Bellerive Oval,2,23.2,England,Australia,IJL Trott,IR Bell,SPD Smith,0,0,,,,,,caught,IJL Trott,,
446963,2010/11,2011-01-21,Bellerive Oval,2,23.3,England,Australia,EJG Morgan,IR Bell,SPD Smith,0,0,,,,,,,,,
446963,2010/11,2011-01-21,Bellerive Oval,2,23.4,England,Australia,EJG Morgan,IR Bell,SPD Smith,1,0,,,,,,,,,
446963,2010/11,2011-01-21,Bellerive Oval,2,23.5,England,Australia,IR Bell,EJG Morgan,SPD Smith,1,0,,,,,,,,,
446963,2010/11,2011-01-21,Bellerive Oval,2,23.6,England,Australia,EJG Morgan,IR Bell,SPD Smith,0,0,,,,,,,,,
446963,2010/11,2011-01-21,Bellerive Oval,2,24.1,England,Australia,IR Bell,EJG Morgan,NM Hauritz,1,0,,,,,,,,,
446963,2010/11,2011-01-21,Bellerive Oval,2,24.2,England,Australia,EJG Morgan,IR Bell,NM Hauritz,0,0,,,,,,,,,
446963,2010/11,2011-01-21,Bellerive Oval,2,24.3,England,Australia,EJG Morgan,IR Bell,NM Hauritz,1,0,,,,,,,,,
446963,2010/11,2011-01-21,Bellerive Oval,2,24.4,England,Australia,IR Bell,EJG Morgan,NM Hauritz,1,0,,,,,,,,,
446963,2010/11,2011-01-21,Bellerive Oval,2,24.5,England,Australia,EJG Morgan,IR Bell,NM Hauritz,0,1,1,,,,,,,,
446963,2010/11,2011-01-21,Bellerive Oval,2,24.6,England,Australia,EJG Morgan,IR Bell,NM Hauritz,0,0,,,,,,,,,
446963,2010/11,2011-01-21,Bellerive Oval,2,24.7,England,Australia,EJG Morgan,IR Bell,NM Hauritz,0,0,,,,,,,,,
446963,2010/11,2011-01-21,Bellerive Oval,2,25.1,England,Australia,IR Bell,EJG Morgan,SPD Smith,1,0,,,,,,,,,
446963,2010/11,2011-01-21,Bellerive Oval,2,25.2,England,Australia,EJG Morgan,IR Bell,SPD Smith,0,0,,,,,,,,,
446963,2010/11,2011-01-21,Bellerive Oval,2,25.3,England,Australia,EJG Morgan,IR Bell,SPD Smith,0,0,,,,,,,,,
446963,2010/11,2011-01-21,Bellerive Oval,2,25.4,England,Australia,EJG Morgan,IR Bell,SPD Smith,1,0,,,,,,,,,
446963,2010/11,2011-01-21,Bellerive Oval,2,25.5,England,Australia,IR Bell,EJG Morgan,SPD Smith,1,0,,,,,,,,,
446963,2010/11,2011-01-21,Bellerive Oval,2,25.6,England,Australia,EJG Morgan,IR Bell,SPD Smith,0,0,,,,,,,,,
446963,2010/11,2011-01-21,Bellerive Oval,2,26.1,England,Australia,IR Bell,EJG Morgan,NM Hauritz,0,1,1,,,,,,,,
446963,2010/11,2011-01-21,Bellerive Oval,2,26.2,England,Australia,IR Bell,EJG Morgan,NM Hauritz,0,0,,,,,,,,,
446963,2010/11,2011-01-21,Bellerive Oval,2,26.3,England,Australia,IR Bell,EJG Morgan,NM Hauritz,0,0,,,,,,,,,
446963,2010/11,2011-01-21,Bellerive Oval,2,26.4,England,Australia,IR Bell,EJG Morgan,NM Hauritz,1,0,,,,,,,,,
446963,2010/11,2011-01-21,Bellerive Oval,2,26.5,England,Australia,EJG Morgan,IR Bell,NM Hauritz,2,0,,,,,,,,,
446963,2010/11,2011-01-21,Bellerive Oval,2,26.6,England,Australia,EJG Morgan,IR Bell,NM Hauritz,0,0,,,,,,,,,
446963,2010/11,2011-01-21,Bellerive Oval,2,26.7,England,Australia,EJG Morgan,IR Bell,NM Hauritz,0,0,,,,,,,,,
446963,2010/11,2011-01-21,Bellerive Oval,2,27.1,England,Australia,IR Bell,EJG Morgan,B Lee,0,0,,,,,,,,,
446963,2010/11,2011-01-21,Bellerive Oval,2,27.2,England,Australia,IR Bell,EJG Morgan,B Lee,0,0,,,,,,caught,IR Bell,,
446963,2010/11,2011-01-21,Bellerive Oval,2,27.3,England,Australia,MH Yardy,EJG Morgan,B Lee,0,0,,,,,,,,,
446963,2010/11,2011-01-21,Bellerive Oval,2,27.4,England,Australia,MH Yardy,EJG Morgan,B Lee,0,0,,,,,,,,,
446963,2010/11,2011-01-21,Bellerive Oval,2,27.5,England,Australia,MH Yardy,EJG Morgan,B Lee,0,0,,,,,,,,,
446963,2010/11,2011-01-21,Bellerive Oval,2,27.6,England,Australia,MH Yardy,EJG Morgan,B Lee,1,0,,,,,,,,,
446963,2010/11,2011-01-21,Bellerive Oval,2,28.1,England,Australia,MH Yardy,EJG Morgan,NM Hauritz,1,0,,,,,,,,,
446963,2010/11,2011-01-21,Bellerive Oval,2,28.2,England,Australia,EJG Morgan,MH Yardy,NM Hauritz,0,0,,,,,,,,,
446963,2010/11,2011-01-21,Bellerive Oval,2,28.3,England,Australia,EJG Morgan,MH Yardy,NM Hauritz,0,0,,,,,,,,,
446963,2010/11,2011-01-21,Bellerive Oval,2,28.4,England,Australia,EJG Morgan,MH Yardy,NM Hauritz,0,1,,,,1,,,,,
446963,2010/11,2011-01-21,Bellerive Oval,2,28.5,England,Australia,MH Yardy,EJG Morgan,NM Hauritz,1,0,,,,,,,,,
446963,2010/11,2011-01-21,Bellerive Oval,2,28.6,England,Australia,EJG Morgan,MH Yardy,NM Hauritz,1,0,,,,,,,,,
446963,2010/11,2011-01-21,Bellerive Oval,2,29.1,England,Australia,EJG Morgan,MH Yardy,B Lee,0,0,,,,,,,,,
446963,2010/11,2011-01-21,Bellerive Oval,2,29.2,England,Australia,EJG Morgan,MH Yardy,B Lee,0,1,,,,1,,,,,
446963,2010/11,2011-01-21,Bellerive Oval,2,29.3,England,Australia,MH Yardy,EJG Morgan,B Lee,0,0,,,,,,,,,
446963,2010/11,2011-01-21,Bellerive Oval,2,29.4,England,Australia,MH Yardy,EJG Morgan,B Lee,0,0,,,,,,,,,
446963,2010/11,2011-01-21,Bellerive Oval,2,29.5,England,Australia,MH Yardy,EJG Morgan,B Lee,1,0,,,,,,,,,
446963,2010/11,2011-01-21,Bellerive Oval,2,29.6,England,Australia,EJG Morgan,MH Yardy,B Lee,0,1,1,,,,,,,,
446963,2010/11,2011-01-21,Bellerive Oval,2,29.7,England,Australia,EJG Morgan,MH Yardy,B Lee,1,0,,,,,,,,,
446963,2010/11,2011-01-21,Bellerive Oval,2,30.1,England,Australia,EJG Morgan,MH Yardy,NM Hauritz,1,0,,,,,,,,,
446963,2010/11,2011-01-21,Bellerive Oval,2,30.2,England,Australia,MH Yardy,EJG Morgan,NM Hauritz,0,0,,,,,,,,,
446963,2010/11,2011-01-21,Bellerive Oval,2,30.3,England,Australia,MH Yardy,EJG Morgan,NM Hauritz,4,0,,,,,,,,,
446963,2010/11,2011-01-21,Bellerive Oval,2,30.4,England,Australia,MH Yardy,EJG Morgan,NM Hauritz,0,0,,,,,,,,,
446963,2010/11,2011-01-21,Bellerive Oval,2,30.5,England,Australia,MH Yardy,EJG Morgan,NM Hauritz,1,0,,,,,,,,,
446963,2010/11,2011-01-21,Bellerive Oval,2,30.6,England,Australia,EJG Morgan,MH Yardy,NM Hauritz,6,0,,,,,,,,,
446963,2010/11,2011-01-21,Bellerive Oval,2,31.1,England,Australia,MH Yardy,EJG Morgan,B Lee,3,0,,,,,,,,,
446963,2010/11,2011-01-21,Bellerive Oval,2,31.2,England,Australia,EJG Morgan,MH Yardy,B Lee,0,0,,,,,,,,,
446963,2010/11,2011-01-21,Bellerive Oval,2,31.3,England,Australia,EJG Morgan,MH Yardy,B Lee,4,0,,,,,,,,,
446963,2010/11,2011-01-21,Bellerive Oval,2,31.4,England,Australia,EJG Morgan,MH Yardy,B Lee,0,0,,,,,,,,,
446963,2010/11,2011-01-21,Bellerive Oval,2,31.5,England,Australia,EJG Morgan,MH Yardy,B Lee,1,0,,,,,,,,,
446963,2010/11,2011-01-21,Bellerive Oval,2,31.6,England,Australia,MH Yardy,EJG Morgan,B Lee,1,0,,,,,,,,,
446963,2010/11,2011-01-21,Bellerive Oval,2,32.1,England,Australia,MH Yardy,EJG Morgan,SR Watson,0,0,,,,,,,,,
446963,2010/11,2011-01-21,Bellerive Oval,2,32.2,England,Australia,MH Yardy,EJG Morgan,SR Watson,0,0,,,,,,,,,
446963,2010/11,2011-01-21,Bellerive Oval,2,32.3,England,Australia,MH Yardy,EJG Morgan,SR Watson,0,0,,,,,,,,,
446963,2010/11,2011-01-21,Bellerive Oval,2,32.4,England,Australia,MH Yardy,EJG Morgan,SR Watson,0,0,,,,,,,,,
446963,2010/11,2011-01-21,Bellerive Oval,2,32.5,England,Australia,MH Yardy,EJG Morgan,SR Watson,0,0,,,,,,,,,
446963,2010/11,2011-01-21,Bellerive Oval,2,32.6,England,Australia,MH Yardy,EJG Morgan,SR Watson,1,0,,,,,,,,,
446963,2010/11,2011-01-21,Bellerive Oval,2,33.1,England,Australia,MH Yardy,EJG Morgan,DE Bollinger,1,0,,,,,,,,,
446963,2010/11,2011-01-21,Bellerive Oval,2,33.2,England,Australia,EJG Morgan,MH Yardy,DE Bollinger,1,0,,,,,,,,,
446963,2010/11,2011-01-21,Bellerive Oval,2,33.3,England,Australia,MH Yardy,EJG Morgan,DE Bollinger,1,0,,,,,,,,,
446963,2010/11,2011-01-21,Bellerive Oval,2,33.4,England,Australia,EJG Morgan,MH Yardy,DE Bollinger,1,0,,,,,,,,,
446963,2010/11,2011-01-21,Bellerive Oval,2,33.5,England,Australia,MH Yardy,EJG Morgan,DE Bollinger,0,5,5,,,,,,,,
446963,2010/11,2011-01-21,Bellerive Oval,2,33.6,England,Australia,MH Yardy,EJG Morgan,DE Bollinger,0,0,,,,,,,,,
446963,2010/11,2011-01-21,Bellerive Oval,2,33.7,England,Australia,MH Yardy,EJG Morgan,DE Bollinger,1,0,,,,,,,,,
446963,2010/11,2011-01-21,Bellerive Oval,2,34.1,England,Australia,MH Yardy,EJG Morgan,SR Watson,0,0,,,,,,,,,
446963,2010/11,2011-01-21,Bellerive Oval,2,34.2,England,Australia,MH Yardy,EJG Morgan,SR Watson,0,0,,,,,,,,,
446963,2010/11,2011-01-21,Bellerive Oval,2,34.3,England,Australia,MH Yardy,EJG Morgan,SR Watson,2,0,,,,,,,,,
446963,2010/11,2011-01-21,Bellerive Oval,2,34.4,England,Australia,MH Yardy,EJG Morgan,SR Watson,1,0,,,,,,,,,
446963,2010/11,2011-01-21,Bellerive Oval,2,34.5,England,Australia,EJG Morgan,MH Yardy,SR Watson,0,0,,,,,,,,,
446963,2010/11,2011-01-21,Bellerive Oval,2,34.6,England,Australia,EJG Morgan,MH Yardy,SR Watson,0,0,,,,,,caught,EJG Morgan,,
446963,2010/11,2011-01-21,Bellerive Oval,2,35.1,England,Australia,TT Bresnan,MH Yardy,B Lee,0,0,,,,,,,,,
446963,2010/11,2011-01-21,Bellerive Oval,2,35.2,England,Australia,TT Bresnan,MH Yardy,B Lee,0,0,,,,,,,,,
446963,2010/11,2011-01-21,Bellerive Oval,2,35.3,England,Australia,TT Bresnan,MH Yardy,B Lee,1,0,,,,,,,,,
446963,2010/11,2011-01-21,Bellerive Oval,2,35.4,England,Australia,MH Yardy,TT Bresnan,B Lee,1,0,,,,,,,,,
446963,2010/11,2011-01-21,Bellerive Oval,2,35.5,England,Australia,TT Bresnan,MH Yardy,B Lee,0,0,,,,,,,,,
446963,2010/11,2011-01-21,Bellerive Oval,2,35.6,England,Australia,TT Bresnan,MH Yardy,B Lee,1,0,,,,,,,,,
446963,2010/11,2011-01-21,Bellerive Oval,2,36.1,England,Australia,TT Bresnan,MH Yardy,SR Watson,2,0,,,,,,,,,
446963,2010/11,2011-01-21,Bellerive Oval,2,36.2,England,Australia,TT Bresnan,MH Yardy,SR Watson,1,0,,,,,,,,,
446963,2010/11,2011-01-21,Bellerive Oval,2,36.3,England,Australia,MH Yardy,TT Bresnan,SR Watson,1,0,,,,,,,,,
446963,2010/11,2011-01-21,Bellerive Oval,2,36.4,England,Australia,TT Bresnan,MH Yardy,SR Watson,0,0,,,,,,run out,MH Yardy,,
446963,2010/11,2011-01-21,Bellerive Oval,2,36.5,England,Australia,TT Bresnan,JC Tredwell,SR Watson,1,0,,,,,,,,,
446963,2010/11,2011-01-21,Bellerive Oval,2,36.6,England,Australia,JC Tredwell,TT Bresnan,SR Watson,0,0,,,,,,,,,
446963,2010/11,2011-01-21,Bellerive Oval,2,37.1,England,Australia,TT Bresnan,JC Tredwell,B Lee,1,0,,,,,,,,,
446963,2010/11,2011-01-21,Bellerive Oval,2,37.2,England,Australia,JC Tredwell,TT Bresnan,B Lee,1,0,,,,,,,,,
446963,2010/11,2011-01-21,Bellerive Oval,2,37.3,England,Australia,TT Bresnan,JC Tredwell,B Lee,0,0,,,,,,,,,
446963,2010/11,2011-01-21,Bellerive Oval,2,37.4,England,Australia,TT Bresnan,JC Tredwell,B Lee,4,0,,,,,,,,,
446963,2010/11,2011-01-21,Bellerive Oval,2,37.5,England,Australia,TT Bresnan,JC Tredwell,B Lee,0,0,,,,,,,,,
446963,2010/11,2011-01-21,Bellerive Oval,2,37.6,England,Australia,TT Bresnan,JC Tredwell,B Lee,4,0,,,,,,,,,
446963,2010/11,2011-01-21,Bellerive Oval,2,38.1,England,Australia,JC Tredwell,TT Bresnan,SR Watson,0,0,,,,,,,,,
446963,2010/11,2011-01-21,Bellerive Oval,2,38.2,England,Australia,JC Tredwell,TT Bresnan,SR Watson,0,0,,,,,,,,,
446963,2010/11,2011-01-21,Bellerive Oval,2,38.3,England,Australia,JC Tredwell,TT Bresnan,SR Watson,1,0,,,,,,,,,
446963,2010/11,2011-01-21,Bellerive Oval,2,38.4,England,Australia,TT Bresnan,JC Tredwell,SR Watson,0,1,,,,1,,,,,
446963,2010/11,2011-01-21,Bellerive Oval,2,38.5,England,Australia,JC Tredwell,TT Bresnan,SR Watson,0,0,,,,,,,,,
446963,2010/11,2011-01-21,Bellerive Oval,2,38.6,England,Australia,JC Tredwell,TT Bresnan,SR Watson,1,0,,,,,,,,,
446963,2010/11,2011-01-21,Bellerive Oval,2,39.1,England,Australia,JC Tredwell,TT Bresnan,SW Tait,0,0,,,,,,,,,
446963,2010/11,2011-01-21,Bellerive Oval,2,39.2,England,Australia,JC Tredwell,TT Bresnan,SW Tait,0,0,,,,,,,,,
446963,2010/11,2011-01-21,Bellerive Oval,2,39.3,England,Australia,JC Tredwell,TT Bresnan,SW Tait,0,1,,,,1,,,,,
446963,2010/11,2011-01-21,Bellerive Oval,2,39.4,England,Australia,TT Bresnan,JC Tredwell,SW Tait,1,0,,,,,,,,,
446963,2010/11,2011-01-21,Bellerive Oval,2,39.5,England,Australia,JC Tredwell,TT Bresnan,SW Tait,1,0,,,,,,,,,
446963,2010/11,2011-01-21,Bellerive Oval,2,39.6,England,Australia,TT Bresnan,JC Tredwell,MJ Clarke,0,0,,,,,,,,,
446963,2010/11,2011-01-21,Bellerive Oval,2,40.1,England,Australia,JC Tredwell,TT Bresnan,SR Watson,0,0,,,,,,,,,
446963,2010/11,2011-01-21,Bellerive Oval,2,40.2,England,Australia,JC Tredwell,TT Bresnan,SR Watson,1,0,,,,,,,,,
446963,2010/11,2011-01-21,Bellerive Oval,2,40.3,England,Australia,TT Bresnan,JC Tredwell,SR Watson,1,0,,,,,,,,,
446963,2010/11,2011-01-21,Bellerive Oval,2,40.4,England,Australia,JC Tredwell,TT Bresnan,SR Watson,4,0,,,,,,,,,
446963,2010/11,2011-01-21,Bellerive Oval,2,40.5,England,Australia,JC Tredwell,TT Bresnan,SR Watson,0,0,,,,,,,,,
446963,2010/11,2011-01-21,Bellerive Oval,2,40.6,England,Australia,JC Tredwell,TT Bresnan,SR Watson,1,0,,,,,,,,,
446963,2010/11,2011-01-21,Bellerive Oval,2,41.1,England,Australia,JC Tredwell,TT Bresnan,DE Bollinger,1,0,,,,,,,,,
446963,2010/11,2011-01-21,Bellerive Oval,2,41.2,England,Australia,TT Bresnan,JC Tredwell,DE Bollinger,0,0,,,,,,,,,
446963,2010/11,2011-01-21,Bellerive Oval,2,41.3,England,Australia,TT Bresnan,JC Tredwell,DE Bollinger,0,0,,,,,,,,,
446963,2010/11,2011-01-21,Bellerive Oval,2,41.4,England,Australia,TT Bresnan,JC Tredwell,DE Bollinger,0,0,,,,,,,,,
446963,2010/11,2011-01-21,Bellerive Oval,2,41.5,England,Australia,TT Bresnan,JC Tredwell,DE Bollinger,0,0,,,,,,,,,
446963,2010/11,2011-01-21,Bellerive Oval,2,41.6,England,Australia,TT Bresnan,JC Tredwell,DE Bollinger,0,0,,,,,,,,,
446963,2010/11,2011-01-21,Bellerive Oval,2,42.1,England,Australia,JC Tredwell,TT Bresnan,DJ Hussey,1,0,,,,,,,,,
446963,2010/11,2011-01-21,Bellerive Oval,2,42.2,England,Australia,TT Bresnan,JC Tredwell,DJ Hussey,0,1,,,,1,,,,,
446963,2010/11,2011-01-21,Bellerive Oval,2,42.3,England,Australia,JC Tredwell,TT Bresnan,DJ Hussey,0,0,,,,,,,,,
446963,2010/11,2011-01-21,Bellerive Oval,2,42.4,England,Australia,JC Tredwell,TT Bresnan,DJ Hussey,1,0,,,,,,,,,
446963,2010/11,2011-01-21,Bellerive Oval,2,42.5,England,Australia,TT Bresnan,JC Tredwell,DJ Hussey,2,0,,,,,,,,,
446963,2010/11,2011-01-21,Bellerive Oval,2,42.6,England,Australia,TT Bresnan,JC Tredwell,DJ Hussey,0,0,,,,,,,,,
446963,2010/11,2011-01-21,Bellerive Oval,2,43.1,England,Australia,JC Tredwell,TT Bresnan,DE Bollinger,1,0,,,,,,,,,
446963,2010/11,2011-01-21,Bellerive Oval,2,43.2,England,Australia,TT Bresnan,JC Tredwell,DE Bollinger,0,0,,,,,,caught,TT Bresnan,,
446963,2010/11,2011-01-21,Bellerive Oval,2,43.3,England,Australia,JC Tredwell,A Shahzad,DE Bollinger,0,0,,,,,,,,,
446963,2010/11,2011-01-21,Bellerive Oval,2,43.4,England,Australia,JC Tredwell,A Shahzad,DE Bollinger,2,0,,,,,,,,,
446963,2010/11,2011-01-21,Bellerive Oval,2,43.5,England,Australia,JC Tredwell,A Shahzad,DE Bollinger,0,0,,,,,,lbw,JC Tredwell,,
446963,2010/11,2011-01-21,Bellerive Oval,2,43.6,England,Australia,CT Tremlett,A Shahzad,DE Bollinger,0,0,,,,,,,,,
446963,2010/11,2011-01-21,Bellerive Oval,2,44.1,England,Australia,A Shahzad,CT Tremlett,DJ Hussey,0,0,,,,,,,,,
446963,2010/11,2011-01-21,Bellerive Oval,2,44.2,England,Australia,A Shahzad,CT Tremlett,DJ Hussey,1,0,,,,,,,,,
446963,2010/11,2011-01-21,Bellerive Oval,2,44.3,England,Australia,CT Tremlett,A Shahzad,DJ Hussey,0,1,1,,,,,,,,
446963,2010/11,2011-01-21,Bellerive Oval,2,44.4,England,Australia,CT Tremlett,A Shahzad,DJ Hussey,1,0,,,,,,,,,
446963,2010/11,2011-01-21,Bellerive Oval,2,44.5,England,Australia,A Shahzad,CT Tremlett,DJ Hussey,1,0,,,,,,,,,
446963,2010/11,2011-01-21,Bellerive Oval,2,44.6,England,Australia,CT Tremlett,A Shahzad,DJ Hussey,0,0,,,,,,,,,
446963,2010/11,2011-01-21,Bellerive Oval,2,44.7,England,Australia,CT Tremlett,A Shahzad,DJ Hussey,0,0,,,,,,run out,A Shahzad,,
