match_id,season,start_date,venue,innings,ball,batting_team,bowling_team,striker,non_striker,bowler,runs_off_bat,extras,wides,noballs,byes,legbyes,penalty,wicket_type,player_dismissed,other_wicket_type,other_player_dismissed
446957,2010/11,2010-11-03,Melbourne Cricket Ground,1,0.1,Australia,Sri Lanka,SR Watson,BJ Haddin,SL Malinga,0,0,,,,,,,,,
446957,2010/11,2010-11-03,Melbourne Cricket Ground,1,0.2,Australia,Sri Lanka,SR Watson,BJ Haddin,SL Malinga,0,0,,,,,,,,,
446957,2010/11,2010-11-03,Melbourne Cricket Ground,1,0.3,Australia,Sri Lanka,SR Watson,BJ Haddin,SL Malinga,2,0,,,,,,,,,
446957,2010/11,2010-11-03,Melbourne Cricket Ground,1,0.4,Australia,Sri Lanka,SR Watson,BJ Haddin,SL Malinga,0,0,,,,,,,,,
446957,2010/11,2010-11-03,Melbourne Cricket Ground,1,0.5,Australia,Sri Lanka,SR Watson,BJ Haddin,SL Malinga,1,0,,,,,,,,,
446957,2010/11,2010-11-03,Melbourne Cricket Ground,1,0.6,Australia,Sri Lanka,BJ Haddin,SR Watson,SL Malinga,1,0,,,,,,,,,
446957,2010/11,2010-11-03,Melbourne Cricket Ground,1,1.1,Australia,Sri Lanka,BJ Haddin,SR Watson,KMDN Kulasekara,0,0,,,,,,,,,
446957,2010/11,2010-11-03,Melbourne Cricket Ground,1,1.2,Australia,Sri Lanka,BJ Haddin,SR Watson,KMDN Kulasekara,0,0,,,,,,,,,
446957,2010/11,2010-11-03,Melbourne Cricket Ground,1,1.3,Australia,Sri Lanka,BJ Haddin,SR Watson,KMDN Kulasekara,0,0,,,,,,,,,
446957,2010/11,2010-11-03,Melbourne Cricket Ground,1,1.4,Australia,Sri Lanka,BJ Haddin,SR Watson,KMDN Kulasekara,4,0,,,,,,,,,
446957,2010/11,2010-11-03,Melbourne Cricket Ground,1,1.5,Australia,Sri Lanka,BJ Haddin,SR Watson,KMDN Kulasekara,0,0,,,,,,,,,
446957,2010/11,2010-11-03,Melbourne Cricket Ground,1,1.6,Australia,Sri Lanka,BJ Haddin,SR Watson,KMDN Kulasekara,2,0,,,,,,,,,
446957,2010/11,2010-11-03,Melbourne Cricket Ground,1,2.1,Australia,Sri Lanka,SR Watson,BJ Haddin,SL Malinga,0,0,,,,,,,,,
446957,2010/11,2010-11-03,Melbourne Cricket Ground,1,2.2,Australia,Sri Lanka,SR Watson,BJ Haddin,SL Malinga,0,0,,,,,,,,,
446957,2010/11,2010-11-03,Melbourne Cricket Ground,1,2.3,Australia,Sri Lanka,SR Watson,BJ Haddin,SL Malinga,0,0,,,,,,,,,
446957,2010/11,2010-11-03,Melbourne Cricket Ground,1,2.4,Australia,Sri Lanka,SR Watson,BJ Haddin,SL Malinga,0,0,,,,,,,,,
446957,2010/11,2010-11-03,Melbourne Cricket Ground,1,2.5,Australia,Sri Lanka,SR Watson,BJ Haddin,SL Malinga,0,0,,,,,,,,,
446957,2010/11,2010-11-03,Melbourne Cricket Ground,1,2.6,Australia,Sri Lanka,SR Watson,BJ Haddin,SL Malinga,1,0,,,,,,,,,
446957,2010/11,2010-11-03,Melbourne Cricket Ground,1,3.1,Australia,Sri Lanka,SR Watson,BJ Haddin,KMDN Kulasekara,1,0,,,,,,,,,
446957,2010/11,2010-11-03,Melbourne Cricket Ground,1,3.2,Australia,Sri Lanka,BJ Haddin,SR Watson,KMDN Kulasekara,4,0,,,,,,,,,
446957,2010/11,2010-11-03,Melbourne Cricket Ground,1,3.3,Australia,Sri Lanka,BJ Haddin,SR Watson,KMDN Kulasekara,1,0,,,,,,,,,
446957,2010/11,2010-11-03,Melbourne Cricket Ground,1,3.4,Australia,Sri Lanka,SR Watson,BJ Haddin,KMDN Kulasekara,1,0,,,,,,,,,
446957,2010/11,2010-11-03,Melbourne Cricket Ground,1,3.5,Australia,Sri Lanka,BJ Haddin,SR Watson,KMDN Kulasekara,0,0,,,,,,,,,
446957,2010/11,2010-11-03,Melbourne Cricket Ground,1,3.6,Australia,Sri Lanka,BJ Haddin,SR Watson,KMDN Kulasekara,0,0,,,,,,,,,
446957,2010/11,2010-11-03,Melbourne Cricket Ground,1,4.1,Australia,Sri Lanka,SR Watson,BJ Haddin,SL Malinga,0,0,,,,,,,,,
446957,2010/11,2010-11-03,Melbourne Cricket Ground,1,4.2,Australia,Sri Lanka,SR Watson,BJ Haddin,SL Malinga,0,0,,,,,,,,,
446957,2010/11,2010-11-03,Melbourne Cricket Ground,1,4.3,Australia,Sri Lanka,SR Watson,BJ Haddin,SL Malinga,1,0,,,,,,,,,
446957,2010/11,2010-11-03,Melbourne Cricket Ground,1,4.4,Australia,Sri Lanka,BJ Haddin,SR Watson,SL Malinga,0,0,,,,,,,,,
446957,2010/11,2010-11-03,Melbourne Cricket Ground,1,4.5,Australia,Sri Lanka,BJ Haddin,SR Watson,SL Malinga,0,0,,,,,,,,,
446957,2010/11,2010-11-03,Melbourne Cricket Ground,1,4.6,Australia,Sri Lanka,BJ Haddin,SR Watson,SL Malinga,0,0,,,,,,,,,
446957,2010/11,2010-11-03,Melbourne Cricket Ground,1,5.1,Australia,Sri Lanka,SR Watson,BJ Haddin,KMDN Kulasekara,0,0,,,,,,,,,
446957,2010/11,2010-11-03,Melbourne Cricket Ground,1,5.2,Australia,Sri Lanka,SR Watson,BJ Haddin,KMDN Kulasekara,3,0,,,,,,,,,
446957,2010/11,2010-11-03,Melbourne Cricket Ground,1,5.3,Australia,Sri Lanka,BJ Haddin,SR Watson,KMDN Kulasekara,4,0,,,,,,,,,
446957,2010/11,2010-11-03,Melbourne Cricket Ground,1,5.4,Australia,Sri Lanka,BJ Haddin,SR Watson,KMDN Kulasekara,0,0,,,,,,,,,
446957,2010/11,2010-11-03,Melbourne Cricket Ground,1,5.5,Australia,Sri Lanka,BJ Haddin,SR Watson,KMDN Kulasekara,4,0,,,,,,,,,
446957,2010/11,2010-11-03,Melbourne Cricket Ground,1,5.6,Australia,Sri Lanka,BJ Haddin,SR Watson,KMDN Kulasekara,0,0,,,,,,,,,
446957,2010/11,2010-11-03,Melbourne Cricket Ground,1,6.1,Australia,Sri Lanka,SR Watson,BJ Haddin,SL Malinga,0,0,,,,,,,,,
446957,2010/11,2010-11-03,Melbourne Cricket Ground,1,6.2,Australia,Sri Lanka,SR Watson,BJ Haddin,SL Malinga,0,0,,,,,,caught,SR Watson,,
446957,2010/11,2010-11-03,Melbourne Cricket Ground,1,6.3,Australia,Sri Lanka,BJ Haddin,MJ Clarke,SL Malinga,0,0,,,,,,,,,
446957,2010/11,2010-11-03,Melbourne Cricket Ground,1,6.4,Australia,Sri Lanka,BJ Haddin,MJ Clarke,SL Malinga,0,0,,,,,,,,,
446957,2010/11,2010-11-03,Melbourne Cricket Ground,1,6.5,Australia,Sri Lanka,BJ Haddin,MJ Clarke,SL Malinga,0,0,,,,,,,,,
446957,2010/11,2010-11-03,Melbourne Cricket Ground,1,6.6,Australia,Sri Lanka,BJ Haddin,MJ Clarke,SL Malinga,1,0,,,,,,,,,
446957,2010/11,2010-11-03,Melbourne Cricket Ground,1,7.1,Australia,Sri Lanka,BJ Haddin,MJ Clarke,NLTC Perera,4,0,,,,,,,,,
446957,2010/11,2010-11-03,Melbourne Cricket Ground,1,7.2,Australia,Sri Lanka,BJ Haddin,MJ Clarke,NLTC Perera,0,0,,,,,,,,,
446957,2010/11,2010-11-03,Melbourne Cricket Ground,1,7.3,Australia,Sri Lanka,BJ Haddin,MJ Clarke,NLTC Perera,1,0,,,,,,,,,
446957,2010/11,2010-11-03,Melbourne Cricket Ground,1,7.4,Australia,Sri Lanka,MJ Clarke,BJ Haddin,NLTC Perera,0,0,,,,,,,,,
446957,2010/11,2010-11-03,Melbourne Cricket Ground,1,7.5,Australia,Sri Lanka,MJ Clarke,BJ Haddin,NLTC Perera,2,0,,,,,,,,,
446957,2010/11,2010-11-03,Melbourne Cricket Ground,1,7.6,Australia,Sri Lanka,MJ Clarke,BJ Haddin,NLTC Perera,0,0,,,,,,,,,
446957,2010/11,2010-11-03,Melbourne Cricket Ground,1,8.1,Australia,Sri Lanka,BJ Haddin,MJ Clarke,SL Malinga,0,0,,,,,,,,,
446957,2010/11,2010-11-03,Melbourne Cricket Ground,1,8.2,Australia,Sri Lanka,BJ Haddin,MJ Clarke,SL Malinga,0,0,,,,,,,,,
446957,2010/11,2010-11-03,Melbourne Cricket Ground,1,8.3,Australia,Sri Lanka,BJ Haddin,MJ Clarke,SL Malinga,1,0,,,,,,,,,
446957,2010/11,2010-11-03,Melbourne Cricket Ground,1,8.4,Australia,Sri Lanka,MJ Clarke,BJ Haddin,SL Malinga,0,0,,,,,,,,,
446957,2010/11,2010-11-03,Melbourne Cricket Ground,1,8.5,Australia,Sri Lanka,MJ Clarke,BJ Haddin,SL Malinga,1,0,,,,,,,,,
446957,2010/11,2010-11-03,Melbourne Cricket Ground,1,8.6,Australia,Sri Lanka,BJ Haddin,MJ Clarke,SL Malinga,0,0,,,,,,,,,
446957,2010/11,2010-11-03,Melbourne Cricket Ground,1,9.1,Australia,Sri Lanka,MJ Clarke,BJ Haddin,KMDN Kulasekara,1,0,,,,,,,,,
446957,2010/11,2010-11-03,Melbourne Cricket Ground,1,9.2,Australia,Sri Lanka,BJ Haddin,MJ Clarke,KMDN Kulasekara,4,0,,,,,,,,,
446957,2010/11,2010-11-03,Melbourne Cricket Ground,1,9.3,Australia,Sri Lanka,BJ Haddin,MJ Clarke,KMDN Kulasekara,0,0,,,,,,,,,
446957,2010/11,2010-11-03,Melbourne Cricket Ground,1,9.4,Australia,Sri Lanka,BJ Haddin,MJ Clarke,KMDN Kulasekara,0,0,,,,,,,,,
446957,2010/11,2010-11-03,Melbourne Cricket Ground,1,9.5,Australia,Sri Lanka,BJ Haddin,MJ Clarke,KMDN Kulasekara,1,0,,,,,,,,,
446957,2010/11,2010-11-03,Melbourne Cricket Ground,1,9.6,Australia,Sri Lanka,MJ Clarke,BJ Haddin,KMDN Kulasekara,2,0,,,,,,,,,
446957,2010/11,2010-11-03,Melbourne Cricket Ground,1,10.1,Australia,Sri Lanka,BJ Haddin,MJ Clarke,NLTC Perera,1,0,,,,,,,,,
446957,2010/11,2010-11-03,Melbourne Cricket Ground,1,10.2,Australia,Sri Lanka,MJ Clarke,BJ Haddin,NLTC Perera,0,0,,,,,,,,,
446957,2010/11,2010-11-03,Melbourne Cricket Ground,1,10.3,Australia,Sri Lanka,MJ Clarke,BJ Haddin,NLTC Perera,1,0,,,,,,,,,
446957,2010/11,2010-11-03,Melbourne Cricket Ground,1,10.4,Australia,Sri Lanka,BJ Haddin,MJ Clarke,NLTC Perera,4,0,,,,,,,,,
446957,2010/11,2010-11-03,Melbourne Cricket Ground,1,10.5,Australia,Sri Lanka,BJ Haddin,MJ Clarke,NLTC Perera,0,0,,,,,,,,,
446957,2010/11,2010-11-03,Melbourne Cricket Ground,1,10.6,Australia,Sri Lanka,BJ Haddin,MJ Clarke,NLTC Perera,4,0,,,,,,,,,
446957,2010/11,2010-11-03,Melbourne Cricket Ground,1,11.1,Australia,Sri Lanka,MJ Clarke,BJ Haddin,M Muralitharan,0,0,,,,,,,,,
446957,2010/11,2010-11-03,Melbourne Cricket Ground,1,11.2,Australia,Sri Lanka,MJ Clarke,BJ Haddin,M Muralitharan,0,0,,,,,,,,,
446957,2010/11,2010-11-03,Melbourne Cricket Ground,1,11.3,Australia,Sri Lanka,MJ Clarke,BJ Haddin,M Muralitharan,1,0,,,,,,,,,
446957,2010/11,2010-11-03,Melbourne Cricket Ground,1,11.4,Australia,Sri Lanka,BJ Haddin,MJ Clarke,M Muralitharan,0,0,,,,,,,,,
446957,2010/11,2010-11-03,Melbourne Cricket Ground,1,11.5,Australia,Sri Lanka,BJ Haddin,MJ Clarke,M Muralitharan,2,0,,,,,,,,,
446957,2010/11,2010-11-03,Melbourne Cricket Ground,1,11.6,Australia,Sri Lanka,BJ Haddin,MJ Clarke,M Muralitharan,0,0,,,,,,,,,
446957,2010/11,2010-11-03,Melbourne Cricket Ground,1,12.1,Australia,Sri Lanka,MJ Clarke,BJ Haddin,KMDN Kulasekara,0,0,,,,,,,,,
446957,2010/11,2010-11-03,Melbourne Cricket Ground,1,12.2,Australia,Sri Lanka,MJ Clarke,BJ Haddin,KMDN Kulasekara,0,0,,,,,,,,,
446957,2010/11,2010-11-03,Melbourne Cricket Ground,1,12.3,Australia,Sri Lanka,MJ Clarke,BJ Haddin,KMDN Kulasekara,2,0,,,,,,,,,
446957,2010/11,2010-11-03,Melbourne Cricket Ground,1,12.4,Australia,Sri Lanka,MJ Clarke,BJ Haddin,KMDN Kulasekara,0,0,,,,,,,,,
446957,2010/11,2010-11-03,Melbourne Cricket Ground,1,12.5,Australia,Sri Lanka,MJ Clarke,BJ Haddin,KMDN Kulasekara,1,0,,,,,,,,,
446957,2010/11,2010-11-03,Melbourne Cricket Ground,1,12.6,Australia,Sri Lanka,BJ Haddin,MJ Clarke,KMDN Kulasekara,0,0,,,,,,,,,
446957,2010/11,2010-11-03,Melbourne Cricket Ground,1,13.1,Australia,Sri Lanka,MJ Clarke,BJ Haddin,M Muralitharan,1,0,,,,,,,,,
446957,2010/11,2010-11-03,Melbourne Cricket Ground,1,13.2,Australia,Sri Lanka,BJ Haddin,MJ Clarke,M Muralitharan,0,0,,,,,,,,,
446957,2010/11,2010-11-03,Melbourne Cricket Ground,1,13.3,Australia,Sri Lanka,BJ Haddin,MJ Clarke,M Muralitharan,0,0,,,,,,,,,
446957,2010/11,2010-11-03,Melbourne Cricket Ground,1,13.4,Australia,Sri Lanka,BJ Haddin,MJ Clarke,M Muralitharan,0,0,,,,,,,,,
446957,2010/11,2010-11-03,Melbourne Cricket Ground,1,13.5,Australia,Sri Lanka,BJ Haddin,MJ Clarke,M Muralitharan,1,0,,,,,,,,,
446957,2010/11,2010-11-03,Melbourne Cricket Ground,1,13.6,Australia,Sri Lanka,MJ Clarke,BJ Haddin,M Muralitharan,0,0,,,,,,,,,
446957,2010/11,2010-11-03,Melbourne Cricket Ground,1,14.1,Australia,Sri Lanka,BJ Haddin,MJ Clarke,KMDN Kulasekara,1,0,,,,,,,,,
446957,2010/11,2010-11-03,Melbourne Cricket Ground,1,14.2,Australia,Sri Lanka,MJ Clarke,BJ Haddin,KMDN Kulasekara,0,0,,,,,,,,,
446957,2010/11,2010-11-03,Melbourne Cricket Ground,1,14.3,Australia,Sri Lanka,MJ Clarke,BJ Haddin,KMDN Kulasekara,0,1,,,,1,,,,,
446957,2010/11,2010-11-03,Melbourne Cricket Ground,1,14.4,Australia,Sri Lanka,BJ Haddin,MJ Clarke,KMDN Kulasekara,0,0,,,,,,,,,
446957,2010/11,2010-11-03,Melbourne Cricket Ground,1,14.5,Australia,Sri Lanka,BJ Haddin,MJ Clarke,KMDN Kulasekara,1,0,,,,,,,,,
446957,2010/11,2010-11-03,Melbourne Cricket Ground,1,14.6,Australia,Sri Lanka,MJ Clarke,BJ Haddin,KMDN Kulasekara,0,0,,,,,,,,,
446957,2010/11,2010-11-03,Melbourne Cricket Ground,1,15.1,Australia,Sri Lanka,BJ Haddin,MJ Clarke,M Muralitharan,1,0,,,,,,,,,
446957,2010/11,2010-11-03,Melbourne Cricket Ground,1,15.2,Australia,Sri Lanka,MJ Clarke,BJ Haddin,M Muralitharan,4,0,,,,,,,,,
446957,2010/11,2010-11-03,Melbourne Cricket Ground,1,15.3,Australia,Sri Lanka,MJ Clarke,BJ Haddin,M Muralitharan,0,0,,,,,,,,,
446957,2010/11,2010-11-03,Melbourne Cricket Ground,1,15.4,Australia,Sri Lanka,MJ Clarke,BJ Haddin,M Muralitharan,4,0,,,,,,,,,
446957,2010/11,2010-11-03,Melbourne Cricket Ground,1,15.5,Australia,Sri Lanka,MJ Clarke,BJ Haddin,M Muralitharan,1,0,,,,,,,,,
446957,2010/11,2010-11-03,Melbourne Cricket Ground,1,15.6,Australia,Sri Lanka,BJ Haddin,MJ Clarke,M Muralitharan,0,0,,,,,,,,,
446957,2010/11,2010-11-03,Melbourne Cricket Ground,1,16.1,Australia,Sri Lanka,MJ Clarke,BJ Haddin,NLTC Perera,2,0,,,,,,,,,
446957,2010/11,2010-11-03,Melbourne Cricket Ground,1,16.2,Australia,Sri Lanka,MJ Clarke,BJ Haddin,NLTC Perera,4,0,,,,,,,,,
446957,2010/11,2010-11-03,Melbourne Cricket Ground,1,16.3,Australia,Sri Lanka,MJ Clarke,BJ Haddin,NLTC Perera,0,0,,,,,,,,,
446957,2010/11,2010-11-03,Melbourne Cricket Ground,1,16.4,Australia,Sri Lanka,MJ Clarke,BJ Haddin,NLTC Perera,0,0,,,,,,,,,
446957,2010/11,2010-11-03,Melbourne Cricket Ground,1,16.5,Australia,Sri Lanka,MJ Clarke,BJ Haddin,NLTC Perera,0,0,,,,,,caught,MJ Clarke,,
446957,2010/11,2010-11-03,Melbourne Cricket Ground,1,16.6,Australia,Sri Lanka,MEK Hussey,BJ Haddin,NLTC Perera,0,0,,,,,,,,,
446957,2010/11,2010-11-03,Melbourne Cricket Ground,1,17.1,Australia,Sri Lanka,BJ Haddin,MEK Hussey,M Muralitharan,1,0,,,,,,,,,
446957,2010/11,2010-11-03,Melbourne Cricket Ground,1,17.2,Australia,Sri Lanka,MEK Hussey,BJ Haddin,M Muralitharan,0,0,,,,,,,,,
446957,2010/11,2010-11-03,Melbourne Cricket Ground,1,17.3,Australia,Sri Lanka,MEK Hussey,BJ Haddin,M Muralitharan,0,0,,,,,,,,,
446957,2010/11,2010-11-03,Melbourne Cricket Ground,1,17.4,Australia,Sri Lanka,MEK Hussey,BJ Haddin,M Muralitharan,0,0,,,,,,,,,
446957,2010/11,2010-11-03,Melbourne Cricket Ground,1,17.5,Australia,Sri Lanka,MEK Hussey,BJ Haddin,M Muralitharan,0,0,,,,,,,,,
446957,2010/11,2010-11-03,Melbourne Cricket Ground,1,17.6,Australia,Sri Lanka,MEK Hussey,BJ Haddin,M Muralitharan,0,0,,,,,,,,,
446957,2010/11,2010-11-03,Melbourne Cricket Ground,1,18.1,Australia,Sri Lanka,BJ Haddin,MEK Hussey,NLTC Perera,1,0,,,,,,,,,
446957,2010/11,2010-11-03,Melbourne Cricket Ground,1,18.2,Australia,Sri Lanka,MEK Hussey,BJ Haddin,NLTC Perera,1,0,,,,,,,,,
446957,2010/11,2010-11-03,Melbourne Cricket Ground,1,18.3,Australia,Sri Lanka,BJ Haddin,MEK Hussey,NLTC Perera,0,0,,,,,,,,,
446957,2010/11,2010-11-03,Melbourne Cricket Ground,1,18.4,Australia,Sri Lanka,BJ Haddin,MEK Hussey,NLTC Perera,0,0,,,,,,,,,
446957,2010/11,2010-11-03,Melbourne Cricket Ground,1,18.5,Australia,Sri Lanka,BJ Haddin,MEK Hussey,NLTC Perera,0,0,,,,,,caught,BJ Haddin,,
446957,2010/11,2010-11-03,Melbourne Cricket Ground,1,18.6,Australia,Sri Lanka,CL White,MEK Hussey,NLTC Perera,0,0,,,,,,bowled,CL White,,
446957,2010/11,2010-11-03,Melbourne Cricket Ground,1,19.1,Australia,Sri Lanka,MEK Hussey,SE Marsh,M Muralitharan,0,0,,,,,,,,,
446957,2010/11,2010-11-03,Melbourne Cricket Ground,1,19.2,Australia,Sri Lanka,MEK Hussey,SE Marsh,M Muralitharan,0,0,,,,,,,,,
446957,2010/11,2010-11-03,Melbourne Cricket Ground,1,19.3,Australia,Sri Lanka,MEK Hussey,SE Marsh,M Muralitharan,1,0,,,,,,,,,
446957,2010/11,2010-11-03,Melbourne Cricket Ground,1,19.4,Australia,Sri Lanka,SE Marsh,MEK Hussey,M Muralitharan,0,0,,,,,,,,,
446957,2010/11,2010-11-03,Melbourne Cricket Ground,1,19.5,Australia,Sri Lanka,SE Marsh,MEK Hussey,M Muralitharan,0,0,,,,,,,,,
446957,2010/11,2010-11-03,Melbourne Cricket Ground,1,19.6,Australia,Sri Lanka,SE Marsh,MEK Hussey,M Muralitharan,0,0,,,,,,,,,
446957,2010/11,2010-11-03,Melbourne Cricket Ground,1,20.1,Australia,Sri Lanka,MEK Hussey,SE Marsh,NLTC Perera,1,0,,,,,,,,,
446957,2010/11,2010-11-03,Melbourne Cricket Ground,1,20.2,Australia,Sri Lanka,SE Marsh,MEK Hussey,NLTC Perera,0,0,,,,,,,,,
446957,2010/11,2010-11-03,Melbourne Cricket Ground,1,20.3,Australia,Sri Lanka,SE Marsh,MEK Hussey,NLTC Perera,1,0,,,,,,,,,
446957,2010/11,2010-11-03,Melbourne Cricket Ground,1,20.4,Australia,Sri Lanka,MEK Hussey,SE Marsh,NLTC Perera,1,0,,,,,,,,,
446957,2010/11,2010-11-03,Melbourne Cricket Ground,1,20.5,Australia,Sri Lanka,SE Marsh,MEK Hussey,NLTC Perera,0,0,,,,,,,,,
446957,2010/11,2010-11-03,Melbourne Cricket Ground,1,20.6,Australia,Sri Lanka,SE Marsh,MEK Hussey,NLTC Perera,2,0,,,,,,,,,
446957,2010/11,2010-11-03,Melbourne Cricket Ground,1,21.1,Australia,Sri Lanka,MEK Hussey,SE Marsh,M Muralitharan,1,0,,,,,,,,,
446957,2010/11,2010-11-03,Melbourne Cricket Ground,1,21.2,Australia,Sri Lanka,SE Marsh,MEK Hussey,M Muralitharan,1,0,,,,,,,,,
446957,2010/11,2010-11-03,Melbourne Cricket Ground,1,21.3,Australia,Sri Lanka,MEK Hussey,SE Marsh,M Muralitharan,1,0,,,,,,,,,
446957,2010/11,2010-11-03,Melbourne Cricket Ground,1,21.4,Australia,Sri Lanka,SE Marsh,MEK Hussey,M Muralitharan,0,0,,,,,,,,,
446957,2010/11,2010-11-03,Melbourne Cricket Ground,1,21.5,Australia,Sri Lanka,SE Marsh,MEK Hussey,M Muralitharan,1,0,,,,,,,,,
446957,2010/11,2010-11-03,Melbourne Cricket Ground,1,21.6,Australia,Sri Lanka,MEK Hussey,SE Marsh,M Muralitharan,0,0,,,,,,,,,
446957,2010/11,2010-11-03,Melbourne Cricket Ground,1,22.1,Australia,Sri Lanka,SE Marsh,MEK Hussey,S Randiv,0,0,,,,,,,,,
446957,2010/11,2010-11-03,Melbourne Cricket Ground,1,22.2,Australia,Sri Lanka,SE Marsh,MEK Hussey,S Randiv,1,0,,,,,,,,,
446957,2010/11,2010-11-03,Melbourne Cricket Ground,1,22.3,Australia,Sri Lanka,MEK Hussey,SE Marsh,S Randiv,1,0,,,,,,,,,
446957,2010/11,2010-11-03,Melbourne Cricket Ground,1,22.4,Australia,Sri Lanka,SE Marsh,MEK Hussey,S Randiv,0,0,,,,,,,,,
446957,2010/11,2010-11-03,Melbourne Cricket Ground,1,22.5,Australia,Sri Lanka,SE Marsh,MEK Hussey,S Randiv,1,0,,,,,,,,,
446957,2010/11,2010-11-03,Melbourne Cricket Ground,1,22.6,Australia,Sri Lanka,MEK Hussey,SE Marsh,S Randiv,1,0,,,,,,,,,
446957,2010/11,2010-11-03,Melbourne Cricket Ground,1,23.1,Australia,Sri Lanka,MEK Hussey,SE Marsh,M Muralitharan,0,0,,,,,,,,,
446957,2010/11,2010-11-03,Melbourne Cricket Ground,1,23.2,Australia,Sri Lanka,MEK Hussey,SE Marsh,M Muralitharan,1,0,,,,,,,,,
446957,2010/11,2010-11-03,Melbourne Cricket Ground,1,23.3,Australia,Sri Lanka,SE Marsh,MEK Hussey,M Muralitharan,2,0,,,,,,,,,
446957,2010/11,2010-11-03,Melbourne Cricket Ground,1,23.4,Australia,Sri Lanka,SE Marsh,MEK Hussey,M Muralitharan,1,0,,,,,,,,,
446957,2010/11,2010-11-03,Melbourne Cricket Ground,1,23.5,Australia,Sri Lanka,MEK Hussey,SE Marsh,M Muralitharan,0,0,,,,,,,,,
446957,2010/11,2010-11-03,Melbourne Cricket Ground,1,23.6,Australia,Sri Lanka,MEK Hussey,SE Marsh,M Muralitharan,0,0,,,,,,,,,
446957,2010/11,2010-11-03,Melbourne Cricket Ground,1,24.1,Australia,Sri Lanka,SE Marsh,MEK Hussey,S Randiv,1,0,,,,,,,,,
446957,2010/11,2010-11-03,Melbourne Cricket Ground,1,24.2,Australia,Sri Lanka,MEK Hussey,SE Marsh,S Randiv,1,0,,,,,,,,,
446957,2010/11,2010-11-03,Melbourne Cricket Ground,1,24.3,Australia,Sri Lanka,SE Marsh,MEK Hussey,S Randiv,0,0,,,,,,,,,
446957,2010/11,2010-11-03,Melbourne Cricket Ground,1,24.4,Australia,Sri Lanka,SE Marsh,MEK Hussey,S Randiv,0,0,,,,,,,,,
446957,2010/11,2010-11-03,Melbourne Cricket Ground,1,24.5,Australia,Sri Lanka,SE Marsh,MEK Hussey,S Randiv,0,0,,,,,,,,,
446957,2010/11,2010-11-03,Melbourne Cricket Ground,1,24.6,Australia,Sri Lanka,SE Marsh,MEK Hussey,S Randiv,0,0,,,,,,,,,
446957,2010/11,2010-11-03,Melbourne Cricket Ground,1,25.1,Australia,Sri Lanka,MEK Hussey,SE Marsh,TM Dilshan,1,0,,,,,,,,,
446957,2010/11,2010-11-03,Melbourne Cricket Ground,1,25.2,Australia,Sri Lanka,SE Marsh,MEK Hussey,TM Dilshan,1,0,,,,,,,,,
446957,2010/11,2010-11-03,Melbourne Cricket Ground,1,25.3,Australia,Sri Lanka,MEK Hussey,SE Marsh,TM Dilshan,0,0,,,,,,,,,
446957,2010/11,2010-11-03,Melbourne Cricket Ground,1,25.4,Australia,Sri Lanka,MEK Hussey,SE Marsh,TM Dilshan,1,0,,,,,,,,,
446957,2010/11,2010-11-03,Melbourne Cricket Ground,1,25.5,Australia,Sri Lanka,SE Marsh,MEK Hussey,TM Dilshan,1,0,,,,,,,,,
446957,2010/11,2010-11-03,Melbourne Cricket Ground,1,25.6,Australia,Sri Lanka,MEK Hussey,SE Marsh,TM Dilshan,1,0,,,,,,,,,
446957,2010/11,2010-11-03,Melbourne Cricket Ground,1,26.1,Australia,Sri Lanka,MEK Hussey,SE Marsh,S Randiv,0,0,,,,,,,,,
446957,2010/11,2010-11-03,Melbourne Cricket Ground,1,26.2,Australia,Sri Lanka,MEK Hussey,SE Marsh,S Randiv,1,0,,,,,,,,,
446957,2010/11,2010-11-03,Melbourne Cricket Ground,1,26.3,Australia,Sri Lanka,SE Marsh,MEK Hussey,S Randiv,0,0,,,,,,,,,
446957,2010/11,2010-11-03,Melbourne Cricket Ground,1,26.4,Australia,Sri Lanka,SE Marsh,MEK Hussey,S Randiv,1,0,,,,,,,,,
446957,2010/11,2010-11-03,Melbourne Cricket Ground,1,26.5,Australia,Sri Lanka,MEK Hussey,SE Marsh,S Randiv,1,0,,,,,,,,,
446957,2010/11,2010-11-03,Melbourne Cricket Ground,1,26.6,Australia,Sri Lanka,SE Marsh,MEK Hussey,S Randiv,0,0,,,,,,,,,
446957,2010/11,2010-11-03,Melbourne Cricket Ground,1,27.1,Australia,Sri Lanka,MEK Hussey,SE Marsh,TM Dilshan,1,0,,,,,,,,,
446957,2010/11,2010-11-03,Melbourne Cricket Ground,1,27.2,Australia,Sri Lanka,SE Marsh,MEK Hussey,TM Dilshan,2,0,,,,,,,,,
446957,2010/11,2010-11-03,Melbourne Cricket Ground,1,27.3,Australia,Sri Lanka,SE Marsh,MEK Hussey,TM Dilshan,1,0,,,,,,,,,
446957,2010/11,2010-11-03,Melbourne Cricket Ground,1,27.4,Australia,Sri Lanka,MEK Hussey,SE Marsh,TM Dilshan,1,0,,,,,,,,,
446957,2010/11,2010-11-03,Melbourne Cricket Ground,1,27.5,Australia,Sri Lanka,SE Marsh,MEK Hussey,TM Dilshan,0,0,,,,,,,,,
446957,2010/11,2010-11-03,Melbourne Cricket Ground,1,27.6,Australia,Sri Lanka,SE Marsh,MEK Hussey,TM Dilshan,1,0,,,,,,,,,
446957,2010/11,2010-11-03,Melbourne Cricket Ground,1,28.1,Australia,Sri Lanka,SE Marsh,MEK Hussey,KMDN Kulasekara,0,0,,,,,,,,,
446957,2010/11,2010-11-03,Melbourne Cricket Ground,1,28.2,Australia,Sri Lanka,SE Marsh,MEK Hussey,KMDN Kulasekara,1,0,,,,,,,,,
446957,2010/11,2010-11-03,Melbourne Cricket Ground,1,28.3,Australia,Sri Lanka,MEK Hussey,SE Marsh,KMDN Kulasekara,1,0,,,,,,,,,
446957,2010/11,2010-11-03,Melbourne Cricket Ground,1,28.4,Australia,Sri Lanka,SE Marsh,MEK Hussey,KMDN Kulasekara,0,0,,,,,,,,,
446957,2010/11,2010-11-03,Melbourne Cricket Ground,1,28.5,Australia,Sri Lanka,SE Marsh,MEK Hussey,KMDN Kulasekara,1,0,,,,,,,,,
446957,2010/11,2010-11-03,Melbourne Cricket Ground,1,28.6,Australia,Sri Lanka,MEK Hussey,SE Marsh,KMDN Kulasekara,1,0,,,,,,,,,
446957,2010/11,2010-11-03,Melbourne Cricket Ground,1,29.1,Australia,Sri Lanka,MEK Hussey,SE Marsh,S Randiv,1,0,,,,,,,,,
446957,2010/11,2010-11-03,Melbourne Cricket Ground,1,29.2,Australia,Sri Lanka,SE Marsh,MEK Hussey,S Randiv,1,0,,,,,,,,,
446957,2010/11,2010-11-03,Melbourne Cricket Ground,1,29.3,Australia,Sri Lanka,MEK Hussey,SE Marsh,S Randiv,1,0,,,,,,,,,
446957,2010/11,2010-11-03,Melbourne Cricket Ground,1,29.4,Australia,Sri Lanka,SE Marsh,MEK Hussey,S Randiv,1,0,,,,,,,,,
446957,2010/11,2010-11-03,Melbourne Cricket Ground,1,29.5,Australia,Sri Lanka,MEK Hussey,SE Marsh,S Randiv,0,0,,,,,,,,,
446957,2010/11,2010-11-03,Melbourne Cricket Ground,1,29.6,Australia,Sri Lanka,MEK Hussey,SE Marsh,S Randiv,0,0,,,,,,,,,
446957,2010/11,2010-11-03,Melbourne Cricket Ground,1,30.1,Australia,Sri Lanka,SE Marsh,MEK Hussey,SL Malinga,0,0,,,,,,,,,
446957,2010/11,2010-11-03,Melbourne Cricket Ground,1,30.2,Australia,Sri Lanka,SE Marsh,MEK Hussey,SL Malinga,0,1,1,,,,,,,,
446957,2010/11,2010-11-03,Melbourne Cricket Ground,1,30.3,Australia,Sri Lanka,SE Marsh,MEK Hussey,SL Malinga,0,0,,,,,,,,,
446957,2010/11,2010-11-03,Melbourne Cricket Ground,1,30.4,Australia,Sri Lanka,SE Marsh,MEK Hussey,SL Malinga,1,0,,,,,,,,,
446957,2010/11,2010-11-03,Melbourne Cricket Ground,1,30.5,Australia,Sri Lanka,MEK Hussey,SE Marsh,SL Malinga,0,0,,,,,,,,,
446957,2010/11,2010-11-03,Melbourne Cricket Ground,1,30.6,Australia,Sri Lanka,MEK Hussey,SE Marsh,SL Malinga,2,0,,,,,,,,,
446957,2010/11,2010-11-03,Melbourne Cricket Ground,1,30.7,Australia,Sri Lanka,MEK Hussey,SE Marsh,SL Malinga,0,1,1,,,,,,,,
446957,2010/11,2010-11-03,Melbourne Cricket Ground,1,30.8,Australia,Sri Lanka,MEK Hussey,SE Marsh,SL Malinga,0,0,,,,,,,,,
446957,2010/11,2010-11-03,Melbourne Cricket Ground,1,31.1,Australia,Sri Lanka,SE Marsh,MEK Hussey,S Randiv,2,0,,,,,,,,,
446957,2010/11,2010-11-03,Melbourne Cricket Ground,1,31.2,Australia,Sri Lanka,SE Marsh,MEK Hussey,S Randiv,1,0,,,,,,,,,
446957,2010/11,2010-11-03,Melbourne Cricket Ground,1,31.3,Australia,Sri Lanka,MEK Hussey,SE Marsh,S Randiv,0,0,,,,,,,,,
446957,2010/11,2010-11-03,Melbourne Cricket Ground,1,31.4,Australia,Sri Lanka,MEK Hussey,SE Marsh,S Randiv,1,0,,,,,,,,,
446957,2010/11,2010-11-03,Melbourne Cricket Ground,1,31.5,Australia,Sri Lanka,SE Marsh,MEK Hussey,S Randiv,0,0,,,,,,,,,
446957,2010/11,2010-11-03,Melbourne Cricket Ground,1,31.6,Australia,Sri Lanka,SE Marsh,MEK Hussey,S Randiv,0,0,,,,,,,,,
446957,2010/11,2010-11-03,Melbourne Cricket Ground,1,32.1,Australia,Sri Lanka,MEK Hussey,SE Marsh,SL Malinga,1,0,,,,,,,,,
446957,2010/11,2010-11-03,Melbourne Cricket Ground,1,32.2,Australia,Sri Lanka,SE Marsh,MEK Hussey,SL Malinga,0,0,,,,,,,,,
446957,2010/11,2010-11-03,Melbourne Cricket Ground,1,32.3,Australia,Sri Lanka,SE Marsh,MEK Hussey,SL Malinga,0,0,,,,,,,,,
446957,2010/11,2010-11-03,Melbourne Cricket Ground,1,32.4,Australia,Sri Lanka,SE Marsh,MEK Hussey,SL Malinga,1,0,,,,,,,,,
446957,2010/11,2010-11-03,Melbourne Cricket Ground,1,32.5,Australia,Sri Lanka,MEK Hussey,SE Marsh,SL Malinga,1,0,,,,,,,,,
446957,2010/11,2010-11-03,Melbourne Cricket Ground,1,32.6,Australia,Sri Lanka,SE Marsh,MEK Hussey,SL Malinga,2,0,,,,,,,,,
446957,2010/11,2010-11-03,Melbourne Cricket Ground,1,33.1,Australia,Sri Lanka,MEK Hussey,SE Marsh,S Randiv,2,0,,,,,,,,,
446957,2010/11,2010-11-03,Melbourne Cricket Ground,1,33.2,Australia,Sri Lanka,MEK Hussey,SE Marsh,S Randiv,0,0,,,,,,,,,
446957,2010/11,2010-11-03,Melbourne Cricket Ground,1,33.3,Australia,Sri Lanka,MEK Hussey,SE Marsh,S Randiv,2,0,,,,,,,,,
446957,2010/11,2010-11-03,Melbourne Cricket Ground,1,33.4,Australia,Sri Lanka,MEK Hussey,SE Marsh,S Randiv,1,0,,,,,,,,,
446957,2010/11,2010-11-03,Melbourne Cricket Ground,1,33.5,Australia,Sri Lanka,SE Marsh,MEK Hussey,S Randiv,0,0,,,,,,,,,
446957,2010/11,2010-11-03,Melbourne Cricket Ground,1,33.6,Australia,Sri Lanka,SE Marsh,MEK Hussey,S Randiv,1,0,,,,,,,,,
446957,2010/11,2010-11-03,Melbourne Cricket Ground,1,34.1,Australia,Sri Lanka,SE Marsh,MEK Hussey,TM Dilshan,0,1,,,,1,,,,,
446957,2010/11,2010-11-03,Melbourne Cricket Ground,1,34.2,Australia,Sri Lanka,MEK Hussey,SE Marsh,TM Dilshan,0,0,,,,,,,,,
446957,2010/11,2010-11-03,Melbourne Cricket Ground,1,34.3,Australia,Sri Lanka,MEK Hussey,SE Marsh,TM Dilshan,1,0,,,,,,,,,
446957,2010/11,2010-11-03,Melbourne Cricket Ground,1,34.4,Australia,Sri Lanka,SE Marsh,MEK Hussey,TM Dilshan,0,0,,,,,,,,,
446957,2010/11,2010-11-03,Melbourne Cricket Ground,1,34.5,Australia,Sri Lanka,SE Marsh,MEK Hussey,TM Dilshan,1,0,,,,,,,,,
446957,2010/11,2010-11-03,Melbourne Cricket Ground,1,34.6,Australia,Sri Lanka,MEK Hussey,SE Marsh,TM Dilshan,1,0,,,,,,,,,
446957,2010/11,2010-11-03,Melbourne Cricket Ground,1,35.1,Australia,Sri Lanka,MEK Hussey,SE Marsh,S Randiv,1,0,,,,,,,,,
446957,2010/11,2010-11-03,Melbourne Cricket Ground,1,35.2,Australia,Sri Lanka,SE Marsh,MEK Hussey,S Randiv,0,0,,,,,,caught,SE Marsh,,
446957,2010/11,2010-11-03,Melbourne Cricket Ground,1,35.3,Australia,Sri Lanka,SPD Smith,MEK Hussey,S Randiv,0,0,,,,,,,,,
446957,2010/11,2010-11-03,Melbourne Cricket Ground,1,35.4,Australia,Sri Lanka,SPD Smith,MEK Hussey,S Randiv,0,0,,,,,,,,,
446957,2010/11,2010-11-03,Melbourne Cricket Ground,1,35.5,Australia,Sri Lanka,SPD Smith,MEK Hussey,S Randiv,1,0,,,,,,,,,
446957,2010/11,2010-11-03,Melbourne Cricket Ground,1,35.6,Australia,Sri Lanka,MEK Hussey,SPD Smith,S Randiv,1,0,,,,,,,,,
446957,2010/11,2010-11-03,Melbourne Cricket Ground,1,36.1,Australia,Sri Lanka,MEK Hussey,SPD Smith,TM Dilshan,0,0,,,,,,,,,
446957,2010/11,2010-11-03,Melbourne Cricket Ground,1,36.2,Australia,Sri Lanka,MEK Hussey,SPD Smith,TM Dilshan,1,0,,,,,,,,,
446957,2010/11,2010-11-03,Melbourne Cricket Ground,1,36.3,Australia,Sri Lanka,SPD Smith,MEK Hussey,TM Dilshan,0,0,,,,,,,,,
446957,2010/11,2010-11-03,Melbourne Cricket Ground,1,36.4,Australia,Sri Lanka,SPD Smith,MEK Hussey,TM Dilshan,1,0,,,,,,,,,
446957,2010/11,2010-11-03,Melbourne Cricket Ground,1,36.5,Australia,Sri Lanka,MEK Hussey,SPD Smith,TM Dilshan,0,0,,,,,,,,,
446957,2010/11,2010-11-03,Melbourne Cricket Ground,1,36.6,Australia,Sri Lanka,MEK Hussey,SPD Smith,TM Dilshan,1,0,,,,,,,,,
446957,2010/11,2010-11-03,Melbourne Cricket Ground,1,37.1,Australia,Sri Lanka,MEK Hussey,SPD Smith,S Randiv,1,0,,,,,,,,,
446957,2010/11,2010-11-03,Melbourne Cricket Ground,1,37.2,Australia,Sri Lanka,SPD Smith,MEK Hussey,S Randiv,1,0,,,,,,,,,
446957,2010/11,2010-11-03,Melbourne Cricket Ground,1,37.3,Australia,Sri Lanka,MEK Hussey,SPD Smith,S Randiv,0,0,,,,,,,,,
446957,2010/11,2010-11-03,Melbourne Cricket Ground,1,37.4,Australia,Sri Lanka,MEK Hussey,SPD Smith,S Randiv,0,0,,,,,,,,,
446957,2010/11,2010-11-03,Melbourne Cricket Ground,1,37.5,Australia,Sri Lanka,MEK Hussey,SPD Smith,S Randiv,0,0,,,,,,,,,
446957,2010/11,2010-11-03,Melbourne Cricket Ground,1,37.6,Australia,Sri Lanka,MEK Hussey,SPD Smith,S Randiv,1,0,,,,,,,,,
446957,2010/11,2010-11-03,Melbourne Cricket Ground,1,38.1,Australia,Sri Lanka,MEK Hussey,SPD Smith,M Muralitharan,2,0,,,,,,,,,
446957,2010/11,2010-11-03,Melbourne Cricket Ground,1,38.2,Australia,Sri Lanka,MEK Hussey,SPD Smith,M Muralitharan,1,0,,,,,,,,,
446957,2010/11,2010-11-03,Melbourne Cricket Ground,1,38.3,Australia,Sri Lanka,SPD Smith,MEK Hussey,M Muralitharan,1,0,,,,,,,,,
446957,2010/11,2010-11-03,Melbourne Cricket Ground,1,38.4,Australia,Sri Lanka,MEK Hussey,SPD Smith,M Muralitharan,1,0,,,,,,,,,
446957,2010/11,2010-11-03,Melbourne Cricket Ground,1,38.5,Australia,Sri Lanka,SPD Smith,MEK Hussey,M Muralitharan,2,0,,,,,,,,,
446957,2010/11,2010-11-03,Melbourne Cricket Ground,1,38.6,Australia,Sri Lanka,SPD Smith,MEK Hussey,M Muralitharan,1,0,,,,,,,,,
446957,2010/11,2010-11-03,Melbourne Cricket Ground,1,39.1,Australia,Sri Lanka,SPD Smith,MEK Hussey,S Randiv,0,0,,,,,,,,,
446957,2010/11,2010-11-03,Melbourne Cricket Ground,1,39.2,Australia,Sri Lanka,SPD Smith,MEK Hussey,S Randiv,0,0,,,,,,,,,
446957,2010/11,2010-11-03,Melbourne Cricket Ground,1,39.3,Australia,Sri Lanka,SPD Smith,MEK Hussey,S Randiv,1,0,,,,,,,,,
446957,2010/11,2010-11-03,Melbourne Cricket Ground,1,39.4,Australia,Sri Lanka,MEK Hussey,SPD Smith,S Randiv,1,0,,,,,,,,,
446957,2010/11,2010-11-03,Melbourne Cricket Ground,1,39.5,Australia,Sri Lanka,SPD Smith,MEK Hussey,S Randiv,4,0,,,,,,,,,
446957,2010/11,2010-11-03,Melbourne Cricket Ground,1,39.6,Australia,Sri Lanka,SPD Smith,MEK Hussey,S Randiv,0,0,,,,,,,,,
446957,2010/11,2010-11-03,Melbourne Cricket Ground,1,40.1,Australia,Sri Lanka,MEK Hussey,SPD Smith,NLTC Perera,1,0,,,,,,,,,
446957,2010/11,2010-11-03,Melbourne Cricket Ground,1,40.2,Australia,Sri Lanka,SPD Smith,MEK Hussey,NLTC Perera,0,0,,,,,,caught,SPD Smith,,
446957,2010/11,2010-11-03,Melbourne Cricket Ground,1,40.3,Australia,Sri Lanka,MG Johnson,MEK Hussey,NLTC Perera,0,0,,,,,,,,,
446957,2010/11,2010-11-03,Melbourne Cricket Ground,1,40.4,Australia,Sri Lanka,MG Johnson,MEK Hussey,NLTC Perera,1,0,,,,,,,,,
446957,2010/11,2010-11-03,Melbourne Cricket Ground,1,40.5,Australia,Sri Lanka,MEK Hussey,MG Johnson,NLTC Perera,0,0,,,,,,,,,
446957,2010/11,2010-11-03,Melbourne Cricket Ground,1,40.6,Australia,Sri Lanka,MEK Hussey,MG Johnson,NLTC Perera,1,0,,,,,,,,,
446957,2010/11,2010-11-03,Melbourne Cricket Ground,1,41.1,Australia,Sri Lanka,MEK Hussey,MG Johnson,KMDN Kulasekara,2,0,,,,,,,,,
446957,2010/11,2010-11-03,Melbourne Cricket Ground,1,41.2,Australia,Sri Lanka,MEK Hussey,MG Johnson,KMDN Kulasekara,4,0,,,,,,,,,
446957,2010/11,2010-11-03,Melbourne Cricket Ground,1,41.3,Australia,Sri Lanka,MEK Hussey,MG Johnson,KMDN Kulasekara,1,0,,,,,,,,,
446957,2010/11,2010-11-03,Melbourne Cricket Ground,1,41.4,Australia,Sri Lanka,MG Johnson,MEK Hussey,KMDN Kulasekara,1,0,,,,,,,,,
446957,2010/11,2010-11-03,Melbourne Cricket Ground,1,41.5,Australia,Sri Lanka,MEK Hussey,MG Johnson,KMDN Kulasekara,1,0,,,,,,,,,
446957,2010/11,2010-11-03,Melbourne Cricket Ground,1,41.6,Australia,Sri Lanka,MG Johnson,MEK Hussey,KMDN Kulasekara,0,0,,,,,,,,,
446957,2010/11,2010-11-03,Melbourne Cricket Ground,1,42.1,Australia,Sri Lanka,MEK Hussey,MG Johnson,NLTC Perera,1,0,,,,,,,,,
446957,2010/11,2010-11-03,Melbourne Cricket Ground,1,42.2,Australia,Sri Lanka,MG Johnson,MEK Hussey,NLTC Perera,0,1,1,,,,,,,,
446957,2010/11,2010-11-03,Melbourne Cricket Ground,1,42.3,Australia,Sri Lanka,MG Johnson,MEK Hussey,NLTC Perera,1,0,,,,,,,,,
446957,2010/11,2010-11-03,Melbourne Cricket Ground,1,42.4,Australia,Sri Lanka,MEK Hussey,MG Johnson,NLTC Perera,0,0,,,,,,,,,
446957,2010/11,2010-11-03,Melbourne Cricket Ground,1,42.5,Australia,Sri Lanka,MEK Hussey,MG Johnson,NLTC Perera,0,0,,,,,,,,,
446957,2010/11,2010-11-03,Melbourne Cricket Ground,1,42.6,Australia,Sri Lanka,MEK Hussey,MG Johnson,NLTC Perera,1,0,,,,,,,,,
446957,2010/11,2010-11-03,Melbourne Cricket Ground,1,42.7,Australia,Sri Lanka,MG Johnson,MEK Hussey,NLTC Perera,1,0,,,,,,,,,
446957,2010/11,2010-11-03,Melbourne Cricket Ground,1,43.1,Australia,Sri Lanka,MG Johnson,MEK Hussey,M Muralitharan,0,0,,,,,,,,,
446957,2010/11,2010-11-03,Melbourne Cricket Ground,1,43.2,Australia,Sri Lanka,MG Johnson,MEK Hussey,M Muralitharan,0,0,,,,,,,,,
446957,2010/11,2010-11-03,Melbourne Cricket Ground,1,43.3,Australia,Sri Lanka,MG Johnson,MEK Hussey,M Muralitharan,1,0,,,,,,,,,
446957,2010/11,2010-11-03,Melbourne Cricket Ground,1,43.4,Australia,Sri Lanka,MEK Hussey,MG Johnson,M Muralitharan,1,0,,,,,,,,,
446957,2010/11,2010-11-03,Melbourne Cricket Ground,1,43.5,Australia,Sri Lanka,MG Johnson,MEK Hussey,M Muralitharan,0,0,,,,,,,,,
446957,2010/11,2010-11-03,Melbourne Cricket Ground,1,43.6,Australia,Sri Lanka,MG Johnson,MEK Hussey,M Muralitharan,1,0,,,,,,,,,
446957,2010/11,2010-11-03,Melbourne Cricket Ground,1,44.1,Australia,Sri Lanka,MG Johnson,MEK Hussey,SL Malinga,2,0,,,,,,,,,
446957,2010/11,2010-11-03,Melbourne Cricket Ground,1,44.2,Australia,Sri Lanka,MG Johnson,MEK Hussey,SL Malinga,1,0,,,,,,,,,
446957,2010/11,2010-11-03,Melbourne Cricket Ground,1,44.3,Australia,Sri Lanka,MEK Hussey,MG Johnson,SL Malinga,1,0,,,,,,,,,
446957,2010/11,2010-11-03,Melbourne Cricket Ground,1,44.4,Australia,Sri Lanka,MG Johnson,MEK Hussey,SL Malinga,1,0,,,,,,,,,
446957,2010/11,2010-11-03,Melbourne Cricket Ground,1,44.5,Australia,Sri Lanka,MEK Hussey,MG Johnson,SL Malinga,1,0,,,,,,,,,
446957,2010/11,2010-11-03,Melbourne Cricket Ground,1,44.6,Australia,Sri Lanka,MG Johnson,MEK Hussey,SL Malinga,0,1,,,,1,,,,,
446957,2010/11,2010-11-03,Melbourne Cricket Ground,1,45.1,Australia,Sri Lanka,MG Johnson,MEK Hussey,KMDN Kulasekara,0,0,,,,,,,,,
446957,2010/11,2010-11-03,Melbourne Cricket Ground,1,45.2,Australia,Sri Lanka,MG Johnson,MEK Hussey,KMDN Kulasekara,0,0,,,,,,bowled,MG Johnson,,
446957,2010/11,2010-11-03,Melbourne Cricket Ground,1,45.3,Australia,Sri Lanka,JW Hastings,MEK Hussey,KMDN Kulasekara,0,0,,,,,,,,,
446957,2010/11,2010-11-03,Melbourne Cricket Ground,1,45.4,Australia,Sri Lanka,JW Hastings,MEK Hussey,KMDN Kulasekara,0,0,,,,,,,,,
446957,2010/11,2010-11-03,Melbourne Cricket Ground,1,45.5,Australia,Sri Lanka,JW Hastings,MEK Hussey,KMDN Kulasekara,2,0,,,,,,,,,
446957,2010/11,2010-11-03,Melbourne Cricket Ground,1,45.6,Australia,Sri Lanka,JW Hastings,MEK Hussey,KMDN Kulasekara,1,0,,,,,,,,,
446957,2010/11,2010-11-03,Melbourne Cricket Ground,1,46.1,Australia,Sri Lanka,JW Hastings,MEK Hussey,SL Malinga,2,0,,,,,,,,,
446957,2010/11,2010-11-03,Melbourne Cricket Ground,1,46.2,Australia,Sri Lanka,JW Hastings,MEK Hussey,SL Malinga,1,0,,,,,,,,,
446957,2010/11,2010-11-03,Melbourne Cricket Ground,1,46.3,Australia,Sri Lanka,MEK Hussey,JW Hastings,SL Malinga,0,0,,,,,,,,,
446957,2010/11,2010-11-03,Melbourne Cricket Ground,1,46.4,Australia,Sri Lanka,MEK Hussey,JW Hastings,SL Malinga,0,1,1,,,,,,,,
446957,2010/11,2010-11-03,Melbourne Cricket Ground,1,46.5,Australia,Sri Lanka,MEK Hussey,JW Hastings,SL Malinga,1,0,,,,,,,,,
446957,2010/11,2010-11-03,Melbourne Cricket Ground,1,46.6,Australia,Sri Lanka,JW Hastings,MEK Hussey,SL Malinga,0,0,,,,,,,,,
446957,2010/11,2010-11-03,Melbourne Cricket Ground,1,46.7,Australia,Sri Lanka,JW Hastings,MEK Hussey,SL Malinga,4,0,,,,,,,,,
446957,2010/11,2010-11-03,Melbourne Cricket Ground,1,47.1,Australia,Sri Lanka,MEK Hussey,JW Hastings,KMDN Kulasekara,1,0,,,,,,,,,
446957,2010/11,2010-11-03,Melbourne Cricket Ground,1,47.2,Australia,Sri Lanka,JW Hastings,MEK Hussey,KMDN Kulasekara,1,0,,,,,,,,,
446957,2010/11,2010-11-03,Melbourne Cricket Ground,1,47.3,Australia,Sri Lanka,MEK Hussey,JW Hastings,KMDN Kulasekara,1,0,,,,,,,,,
446957,2010/11,2010-11-03,Melbourne Cricket Ground,1,47.4,Australia,Sri Lanka,JW Hastings,MEK Hussey,KMDN Kulasekara,1,0,,,,,,,,,
446957,2010/11,2010-11-03,Melbourne Cricket Ground,1,47.5,Australia,Sri Lanka,MEK Hussey,JW Hastings,KMDN Kulasekara,2,0,,,,,,,,,
446957,2010/11,2010-11-03,Melbourne Cricket Ground,1,47.6,Australia,Sri Lanka,MEK Hussey,JW Hastings,KMDN Kulasekara,1,0,,,,,,,,,
446957,2010/11,2010-11-03,Melbourne Cricket Ground,1,48.1,Australia,Sri Lanka,MEK Hussey,JW Hastings,SL Malinga,0,1,,,,1,,,,,
446957,2010/11,2010-11-03,Melbourne Cricket Ground,1,48.2,Australia,Sri Lanka,JW Hastings,MEK Hussey,SL Malinga,3,0,,,,,,,,,
446957,2010/11,2010-11-03,Melbourne Cricket Ground,1,48.3,Australia,Sri Lanka,MEK Hussey,JW Hastings,SL Malinga,0,1,,,,1,,,,,
446957,2010/11,2010-11-03,Melbourne Cricket Ground,1,48.4,Australia,Sri Lanka,JW Hastings,MEK Hussey,SL Malinga,0,0,,,,,,,,,
446957,2010/11,2010-11-03,Melbourne Cricket Ground,1,48.5,Australia,Sri Lanka,JW Hastings,MEK Hussey,SL Malinga,0,1,,,1,,,,,,
446957,2010/11,2010-11-03,Melbourne Cricket Ground,1,48.6,Australia,Sri Lanka,MEK Hussey,JW Hastings,SL Malinga,2,0,,,,,,,,,
446957,2010/11,2010-11-03,Melbourne Cricket Ground,1,49.1,Australia,Sri Lanka,JW Hastings,MEK Hussey,NLTC Perera,1,0,,,,,,,,,
446957,2010/11,2010-11-03,Melbourne Cricket Ground,1,49.2,Australia,Sri Lanka,MEK Hussey,JW Hastings,NLTC Perera,3,0,,,,,,,,,
446957,2010/11,2010-11-03,Melbourne Cricket Ground,1,49.3,Australia,Sri Lanka,JW Hastings,MEK Hussey,NLTC Perera,0,0,,,,,,bowled,JW Hastings,,
446957,2010/11,2010-11-03,Melbourne Cricket Ground,1,49.4,Australia,Sri Lanka,XJ Doherty,MEK Hussey,NLTC Perera,1,0,,,,,,,,,
446957,2010/11,2010-11-03,Melbourne Cricket Ground,1,49.5,Australia,Sri Lanka,MEK Hussey,XJ Doherty,NLTC Perera,1,0,,,,,,,,,
446957,2010/11,2010-11-03,Melbourne Cricket Ground,1,49.6,Australia,Sri Lanka,XJ Doherty,MEK Hussey,NLTC Perera,2,0,,,,,,,,,
446957,2010/11,2010-11-03,Melbourne Cricket Ground,2,0.1,Sri Lanka,Australia,WU Tharanga,TM Dilshan,MG Johnson,0,0,,,,,,,,,
446957,2010/11,2010-11-03,Melbourne Cricket Ground,2,0.2,Sri Lanka,Australia,WU Tharanga,TM Dilshan,MG Johnson,0,0,,,,,,,,,
446957,2010/11,2010-11-03,Melbourne Cricket Ground,2,0.3,Sri Lanka,Australia,WU Tharanga,TM Dilshan,MG Johnson,0,0,,,,,,,,,
446957,2010/11,2010-11-03,Melbourne Cricket Ground,2,0.4,Sri Lanka,Australia,WU Tharanga,TM Dilshan,MG Johnson,0,0,,,,,,,,,
446957,2010/11,2010-11-03,Melbourne Cricket Ground,2,0.5,Sri Lanka,Australia,WU Tharanga,TM Dilshan,MG Johnson,0,0,,,,,,,,,
446957,2010/11,2010-11-03,Melbourne Cricket Ground,2,0.6,Sri Lanka,Australia,WU Tharanga,TM Dilshan,MG Johnson,0,0,,,,,,,,,
446957,2010/11,2010-11-03,Melbourne Cricket Ground,2,1.1,Sri Lanka,Australia,TM Dilshan,WU Tharanga,PM Siddle,1,0,,,,,,,,,
446957,2010/11,2010-11-03,Melbourne Cricket Ground,2,1.2,Sri Lanka,Australia,WU Tharanga,TM Dilshan,PM Siddle,0,0,,,,,,,,,
446957,2010/11,2010-11-03,Melbourne Cricket Ground,2,1.3,Sri Lanka,Australia,WU Tharanga,TM Dilshan,PM Siddle,1,0,,,,,,,,,
446957,2010/11,2010-11-03,Melbourne Cricket Ground,2,1.4,Sri Lanka,Australia,TM Dilshan,WU Tharanga,PM Siddle,1,0,,,,,,,,,
446957,2010/11,2010-11-03,Melbourne Cricket Ground,2,1.5,Sri Lanka,Australia,WU Tharanga,TM Dilshan,PM Siddle,0,0,,,,,,,,,
446957,2010/11,2010-11-03,Melbourne Cricket Ground,2,1.6,Sri Lanka,Australia,WU Tharanga,TM Dilshan,PM Siddle,1,0,,,,,,,,,
446957,2010/11,2010-11-03,Melbourne Cricket Ground,2,2.1,Sri Lanka,Australia,WU Tharanga,TM Dilshan,MG Johnson,1,0,,,,,,,,,
446957,2010/11,2010-11-03,Melbourne Cricket Ground,2,2.2,Sri Lanka,Australia,TM Dilshan,WU Tharanga,MG Johnson,1,0,,,,,,,,,
446957,2010/11,2010-11-03,Melbourne Cricket Ground,2,2.3,Sri Lanka,Australia,WU Tharanga,TM Dilshan,MG Johnson,0,0,,,,,,,,,
446957,2010/11,2010-11-03,Melbourne Cricket Ground,2,2.4,Sri Lanka,Australia,WU Tharanga,TM Dilshan,MG Johnson,0,0,,,,,,,,,
446957,2010/11,2010-11-03,Melbourne Cricket Ground,2,2.5,Sri Lanka,Australia,WU Tharanga,TM Dilshan,MG Johnson,0,0,,,,,,,,,
446957,2010/11,2010-11-03,Melbourne Cricket Ground,2,2.6,Sri Lanka,Australia,WU Tharanga,TM Dilshan,MG Johnson,0,0,,,,,,,,,
446957,2010/11,2010-11-03,Melbourne Cricket Ground,2,3.1,Sri Lanka,Australia,TM Dilshan,WU Tharanga,PM Siddle,4,0,,,,,,,,,
446957,2010/11,2010-11-03,Melbourne Cricket Ground,2,3.2,Sri Lanka,Australia,TM Dilshan,WU Tharanga,PM Siddle,0,0,,,,,,,,,
446957,2010/11,2010-11-03,Melbourne Cricket Ground,2,3.3,Sri Lanka,Australia,TM Dilshan,WU Tharanga,PM Siddle,0,0,,,,,,caught,TM Dilshan,,
446957,2010/11,2010-11-03,Melbourne Cricket Ground,2,3.4,Sri Lanka,Australia,WU Tharanga,KC Sangakkara,PM Siddle,0,0,,,,,,,,,
446957,2010/11,2010-11-03,Melbourne Cricket Ground,2,3.5,Sri Lanka,Australia,WU Tharanga,KC Sangakkara,PM Siddle,0,0,,,,,,,,,
446957,2010/11,2010-11-03,Melbourne Cricket Ground,2,3.6,Sri Lanka,Australia,WU Tharanga,KC Sangakkara,PM Siddle,0,0,,,,,,,,,
446957,2010/11,2010-11-03,Melbourne Cricket Ground,2,4.1,Sri Lanka,Australia,KC Sangakkara,WU Tharanga,MG Johnson,4,0,,,,,,,,,
446957,2010/11,2010-11-03,Melbourne Cricket Ground,2,4.2,Sri Lanka,Australia,KC Sangakkara,WU Tharanga,MG Johnson,0,0,,,,,,,,,
446957,2010/11,2010-11-03,Melbourne Cricket Ground,2,4.3,Sri Lanka,Australia,KC Sangakkara,WU Tharanga,MG Johnson,2,0,,,,,,,,,
446957,2010/11,2010-11-03,Melbourne Cricket Ground,2,4.4,Sri Lanka,Australia,KC Sangakkara,WU Tharanga,MG Johnson,0,0,,,,,,,,,
446957,2010/11,2010-11-03,Melbourne Cricket Ground,2,4.5,Sri Lanka,Australia,KC Sangakkara,WU Tharanga,MG Johnson,2,0,,,,,,,,,
446957,2010/11,2010-11-03,Melbourne Cricket Ground,2,4.6,Sri Lanka,Australia,KC Sangakkara,WU Tharanga,MG Johnson,1,0,,,,,,,,,
446957,2010/11,2010-11-03,Melbourne Cricket Ground,2,5.1,Sri Lanka,Australia,KC Sangakkara,WU Tharanga,PM Siddle,0,0,,,,,,run out,WU Tharanga,,
446957,2010/11,2010-11-03,Melbourne Cricket Ground,2,5.2,Sri Lanka,Australia,KC Sangakkara,DPMD Jayawardene,PM Siddle,0,0,,,,,,,,,
446957,2010/11,2010-11-03,Melbourne Cricket Ground,2,5.3,Sri Lanka,Australia,KC Sangakkara,DPMD Jayawardene,PM Siddle,0,0,,,,,,,,,
446957,2010/11,2010-11-03,Melbourne Cricket Ground,2,5.4,Sri Lanka,Australia,KC Sangakkara,DPMD Jayawardene,PM Siddle,0,0,,,,,,,,,
446957,2010/11,2010-11-03,Melbourne Cricket Ground,2,5.5,Sri Lanka,Australia,KC Sangakkara,DPMD Jayawardene,PM Siddle,0,0,,,,,,,,,
446957,2010/11,2010-11-03,Melbourne Cricket Ground,2,5.6,Sri Lanka,Australia,KC Sangakkara,DPMD Jayawardene,PM Siddle,4,0,,,,,,,,,
446957,2010/11,2010-11-03,Melbourne Cricket Ground,2,6.1,Sri Lanka,Australia,DPMD Jayawardene,KC Sangakkara,MG Johnson,0,0,,,,,,,,,
446957,2010/11,2010-11-03,Melbourne Cricket Ground,2,6.2,Sri Lanka,Australia,DPMD Jayawardene,KC Sangakkara,MG Johnson,1,0,,,,,,,,,
446957,2010/11,2010-11-03,Melbourne Cricket Ground,2,6.3,Sri Lanka,Australia,KC Sangakkara,DPMD Jayawardene,MG Johnson,2,0,,,,,,,,,
446957,2010/11,2010-11-03,Melbourne Cricket Ground,2,6.4,Sri Lanka,Australia,KC Sangakkara,DPMD Jayawardene,MG Johnson,2,0,,,,,,,,,
446957,2010/11,2010-11-03,Melbourne Cricket Ground,2,6.5,Sri Lanka,Australia,KC Sangakkara,DPMD Jayawardene,MG Johnson,2,0,,,,,,,,,
446957,2010/11,2010-11-03,Melbourne Cricket Ground,2,6.6,Sri Lanka,Australia,KC Sangakkara,DPMD Jayawardene,MG Johnson,2,0,,,,,,,,,
446957,2010/11,2010-11-03,Melbourne Cricket Ground,2,7.1,Sri Lanka,Australia,DPMD Jayawardene,KC Sangakkara,PM Siddle,1,0,,,,,,,,,
446957,2010/11,2010-11-03,Melbourne Cricket Ground,2,7.2,Sri Lanka,Australia,KC Sangakkara,DPMD Jayawardene,PM Siddle,4,0,,,,,,,,,
446957,2010/11,2010-11-03,Melbourne Cricket Ground,2,7.3,Sri Lanka,Australia,KC Sangakkara,DPMD Jayawardene,PM Siddle,4,0,,,,,,,,,
446957,2010/11,2010-11-03,Melbourne Cricket Ground,2,7.4,Sri Lanka,Australia,KC Sangakkara,DPMD Jayawardene,PM Siddle,0,0,,,,,,,,,
446957,2010/11,2010-11-03,Melbourne Cricket Ground,2,7.5,Sri Lanka,Australia,KC Sangakkara,DPMD Jayawardene,PM Siddle,0,0,,,,,,,,,
446957,2010/11,2010-11-03,Melbourne Cricket Ground,2,7.6,Sri Lanka,Australia,KC Sangakkara,DPMD Jayawardene,PM Siddle,0,0,,,,,,,,,
446957,2010/11,2010-11-03,Melbourne Cricket Ground,2,8.1,Sri Lanka,Australia,DPMD Jayawardene,KC Sangakkara,SR Watson,0,1,1,,,,,,,,
446957,2010/11,2010-11-03,Melbourne Cricket Ground,2,8.2,Sri Lanka,Australia,DPMD Jayawardene,KC Sangakkara,SR Watson,4,0,,,,,,,,,
446957,2010/11,2010-11-03,Melbourne Cricket Ground,2,8.3,Sri Lanka,Australia,DPMD Jayawardene,KC Sangakkara,SR Watson,1,0,,,,,,,,,
446957,2010/11,2010-11-03,Melbourne Cricket Ground,2,8.4,Sri Lanka,Australia,KC Sangakkara,DPMD Jayawardene,SR Watson,3,0,,,,,,,,,
446957,2010/11,2010-11-03,Melbourne Cricket Ground,2,8.5,Sri Lanka,Australia,DPMD Jayawardene,KC Sangakkara,SR Watson,0,0,,,,,,,,,
446957,2010/11,2010-11-03,Melbourne Cricket Ground,2,8.6,Sri Lanka,Australia,DPMD Jayawardene,KC Sangakkara,SR Watson,2,0,,,,,,,,,
446957,2010/11,2010-11-03,Melbourne Cricket Ground,2,8.7,Sri Lanka,Australia,DPMD Jayawardene,KC Sangakkara,SR Watson,0,0,,,,,,,,,
446957,2010/11,2010-11-03,Melbourne Cricket Ground,2,9.1,Sri Lanka,Australia,KC Sangakkara,DPMD Jayawardene,PM Siddle,0,0,,,,,,,,,
446957,2010/11,2010-11-03,Melbourne Cricket Ground,2,9.2,Sri Lanka,Australia,KC Sangakkara,DPMD Jayawardene,PM Siddle,0,0,,,,,,,,,
446957,2010/11,2010-11-03,Melbourne Cricket Ground,2,9.3,Sri Lanka,Australia,KC Sangakkara,DPMD Jayawardene,PM Siddle,1,0,,,,,,,,,
446957,2010/11,2010-11-03,Melbourne Cricket Ground,2,9.4,Sri Lanka,Australia,DPMD Jayawardene,KC Sangakkara,PM Siddle,0,0,,,,,,,,,
446957,2010/11,2010-11-03,Melbourne Cricket Ground,2,9.5,Sri Lanka,Australia,DPMD Jayawardene,KC Sangakkara,PM Siddle,4,0,,,,,,,,,
446957,2010/11,2010-11-03,Melbourne Cricket Ground,2,9.6,Sri Lanka,Australia,DPMD Jayawardene,KC Sangakkara,PM Siddle,0,0,,,,,,,,,
446957,2010/11,2010-11-03,Melbourne Cricket Ground,2,10.1,Sri Lanka,Australia,KC Sangakkara,DPMD Jayawardene,SR Watson,1,0,,,,,,,,,
446957,2010/11,2010-11-03,Melbourne Cricket Ground,2,10.2,Sri Lanka,Australia,DPMD Jayawardene,KC Sangakkara,SR Watson,0,0,,,,,,,,,
446957,2010/11,2010-11-03,Melbourne Cricket Ground,2,10.3,Sri Lanka,Australia,DPMD Jayawardene,KC Sangakkara,SR Watson,0,0,,,,,,,,,
446957,2010/11,2010-11-03,Melbourne Cricket Ground,2,10.4,Sri Lanka,Australia,DPMD Jayawardene,KC Sangakkara,SR Watson,0,0,,,,,,,,,
446957,2010/11,2010-11-03,Melbourne Cricket Ground,2,10.5,Sri Lanka,Australia,DPMD Jayawardene,KC Sangakkara,SR Watson,1,0,,,,,,,,,
446957,2010/11,2010-11-03,Melbourne Cricket Ground,2,10.6,Sri Lanka,Australia,KC Sangakkara,DPMD Jayawardene,SR Watson,0,0,,,,,,,,,
446957,2010/11,2010-11-03,Melbourne Cricket Ground,2,11.1,Sri Lanka,Australia,DPMD Jayawardene,KC Sangakkara,JW Hastings,1,0,,,,,,,,,
446957,2010/11,2010-11-03,Melbourne Cricket Ground,2,11.2,Sri Lanka,Australia,KC Sangakkara,DPMD Jayawardene,JW Hastings,0,0,,,,,,,,,
446957,2010/11,2010-11-03,Melbourne Cricket Ground,2,11.3,Sri Lanka,Australia,KC Sangakkara,DPMD Jayawardene,JW Hastings,0,0,,,,,,,,,
446957,2010/11,2010-11-03,Melbourne Cricket Ground,2,11.4,Sri Lanka,Australia,KC Sangakkara,DPMD Jayawardene,JW Hastings,0,0,,,,,,,,,
446957,2010/11,2010-11-03,Melbourne Cricket Ground,2,11.5,Sri Lanka,Australia,KC Sangakkara,DPMD Jayawardene,JW Hastings,1,0,,,,,,,,,
446957,2010/11,2010-11-03,Melbourne Cricket Ground,2,11.6,Sri Lanka,Australia,DPMD Jayawardene,KC Sangakkara,JW Hastings,0,0,,,,,,,,,
446957,2010/11,2010-11-03,Melbourne Cricket Ground,2,12.1,Sri Lanka,Australia,KC Sangakkara,DPMD Jayawardene,SR Watson,0,0,,,,,,,,,
446957,2010/11,2010-11-03,Melbourne Cricket Ground,2,12.2,Sri Lanka,Australia,KC Sangakkara,DPMD Jayawardene,SR Watson,1,0,,,,,,,,,
446957,2010/11,2010-11-03,Melbourne Cricket Ground,2,12.3,Sri Lanka,Australia,DPMD Jayawardene,KC Sangakkara,SR Watson,0,0,,,,,,,,,
446957,2010/11,2010-11-03,Melbourne Cricket Ground,2,12.4,Sri Lanka,Australia,DPMD Jayawardene,KC Sangakkara,SR Watson,0,0,,,,,,,,,
446957,2010/11,2010-11-03,Melbourne Cricket Ground,2,12.5,Sri Lanka,Australia,DPMD Jayawardene,KC Sangakkara,SR Watson,0,0,,,,,,,,,
446957,2010/11,2010-11-03,Melbourne Cricket Ground,2,12.6,Sri Lanka,Australia,DPMD Jayawardene,KC Sangakkara,SR Watson,1,0,,,,,,,,,
446957,2010/11,2010-11-03,Melbourne Cricket Ground,2,13.1,Sri Lanka,Australia,DPMD Jayawardene,KC Sangakkara,JW Hastings,0,0,,,,,,,,,
446957,2010/11,2010-11-03,Melbourne Cricket Ground,2,13.2,Sri Lanka,Australia,DPMD Jayawardene,KC Sangakkara,JW Hastings,1,0,,,,,,,,,
446957,2010/11,2010-11-03,Melbourne Cricket Ground,2,13.3,Sri Lanka,Australia,KC Sangakkara,DPMD Jayawardene,JW Hastings,0,0,,,,,,,,,
446957,2010/11,2010-11-03,Melbourne Cricket Ground,2,13.4,Sri Lanka,Australia,KC Sangakkara,DPMD Jayawardene,JW Hastings,4,0,,,,,,,,,
446957,2010/11,2010-11-03,Melbourne Cricket Ground,2,13.5,Sri Lanka,Australia,KC Sangakkara,DPMD Jayawardene,JW Hastings,0,0,,,,,,,,,
446957,2010/11,2010-11-03,Melbourne Cricket Ground,2,13.6,Sri Lanka,Australia,KC Sangakkara,DPMD Jayawardene,JW Hastings,0,0,,,,,,,,,
446957,2010/11,2010-11-03,Melbourne Cricket Ground,2,14.1,Sri Lanka,Australia,DPMD Jayawardene,KC Sangakkara,SR Watson,1,0,,,,,,,,,
446957,2010/11,2010-11-03,Melbourne Cricket Ground,2,14.2,Sri Lanka,Australia,KC Sangakkara,DPMD Jayawardene,SR Watson,0,0,,,,,,,,,
446957,2010/11,2010-11-03,Melbourne Cricket Ground,2,14.3,Sri Lanka,Australia,KC Sangakkara,DPMD Jayawardene,SR Watson,2,0,,,,,,,,,
446957,2010/11,2010-11-03,Melbourne Cricket Ground,2,14.4,Sri Lanka,Australia,KC Sangakkara,DPMD Jayawardene,SR Watson,0,0,,,,,,,,,
446957,2010/11,2010-11-03,Melbourne Cricket Ground,2,14.5,Sri Lanka,Australia,KC Sangakkara,DPMD Jayawardene,SR Watson,1,0,,,,,,,,,
446957,2010/11,2010-11-03,Melbourne Cricket Ground,2,14.6,Sri Lanka,Australia,DPMD Jayawardene,KC Sangakkara,SR Watson,1,0,,,,,,,,,
446957,2010/11,2010-11-03,Melbourne Cricket Ground,2,15.1,Sri Lanka,Australia,DPMD Jayawardene,KC Sangakkara,XJ Doherty,0,0,,,,,,,,,
446957,2010/11,2010-11-03,Melbourne Cricket Ground,2,15.2,Sri Lanka,Australia,DPMD Jayawardene,KC Sangakkara,XJ Doherty,0,0,,,,,,lbw,DPMD Jayawardene,,
446957,2010/11,2010-11-03,Melbourne Cricket Ground,2,15.3,Sri Lanka,Australia,LPC Silva,KC Sangakkara,XJ Doherty,1,0,,,,,,,,,
446957,2010/11,2010-11-03,Melbourne Cricket Ground,2,15.4,Sri Lanka,Australia,KC Sangakkara,LPC Silva,XJ Doherty,1,0,,,,,,,,,
446957,2010/11,2010-11-03,Melbourne Cricket Ground,2,15.5,Sri Lanka,Australia,LPC Silva,KC Sangakkara,XJ Doherty,0,0,,,,,,,,,
446957,2010/11,2010-11-03,Melbourne Cricket Ground,2,15.6,Sri Lanka,Australia,LPC Silva,KC Sangakkara,XJ Doherty,1,0,,,,,,,,,
446957,2010/11,2010-11-03,Melbourne Cricket Ground,2,16.1,Sri Lanka,Australia,LPC Silva,KC Sangakkara,MG Johnson,1,0,,,,,,,,,
446957,2010/11,2010-11-03,Melbourne Cricket Ground,2,16.2,Sri Lanka,Australia,KC Sangakkara,LPC Silva,MG Johnson,1,0,,,,,,,,,
446957,2010/11,2010-11-03,Melbourne Cricket Ground,2,16.3,Sri Lanka,Australia,LPC Silva,KC Sangakkara,MG Johnson,0,0,,,,,,,,,
446957,2010/11,2010-11-03,Melbourne Cricket Ground,2,16.4,Sri Lanka,Australia,LPC Silva,KC Sangakkara,MG Johnson,0,1,1,,,,,,,,
446957,2010/11,2010-11-03,Melbourne Cricket Ground,2,16.5,Sri Lanka,Australia,LPC Silva,KC Sangakkara,MG Johnson,1,0,,,,,,,,,
446957,2010/11,2010-11-03,Melbourne Cricket Ground,2,16.6,Sri Lanka,Australia,KC Sangakkara,LPC Silva,MG Johnson,4,0,,,,,,,,,
446957,2010/11,2010-11-03,Melbourne Cricket Ground,2,16.7,Sri Lanka,Australia,KC Sangakkara,LPC Silva,MG Johnson,0,0,,,,,,,,,
446957,2010/11,2010-11-03,Melbourne Cricket Ground,2,17.1,Sri Lanka,Australia,LPC Silva,KC Sangakkara,XJ Doherty,0,0,,,,,,,,,
446957,2010/11,2010-11-03,Melbourne Cricket Ground,2,17.2,Sri Lanka,Australia,LPC Silva,KC Sangakkara,XJ Doherty,0,0,,,,,,caught,LPC Silva,,
446957,2010/11,2010-11-03,Melbourne Cricket Ground,2,17.3,Sri Lanka,Australia,KC Sangakkara,AD Mathews,XJ Doherty,0,0,,,,,,bowled,KC Sangakkara,,
446957,2010/11,2010-11-03,Melbourne Cricket Ground,2,17.4,Sri Lanka,Australia,NLTC Perera,AD Mathews,XJ Doherty,0,0,,,,,,,,,
446957,2010/11,2010-11-03,Melbourne Cricket Ground,2,17.5,Sri Lanka,Australia,NLTC Perera,AD Mathews,XJ Doherty,0,0,,,,,,,,,
446957,2010/11,2010-11-03,Melbourne Cricket Ground,2,17.6,Sri Lanka,Australia,NLTC Perera,AD Mathews,XJ Doherty,0,0,,,,,,,,,
446957,2010/11,2010-11-03,Melbourne Cricket Ground,2,18.1,Sri Lanka,Australia,AD Mathews,NLTC Perera,MG Johnson,0,0,,,,,,,,,
446957,2010/11,2010-11-03,Melbourne Cricket Ground,2,18.2,Sri Lanka,Australia,AD Mathews,NLTC Perera,MG Johnson,1,0,,,,,,,,,
446957,2010/11,2010-11-03,Melbourne Cricket Ground,2,18.3,Sri Lanka,Australia,NLTC Perera,AD Mathews,MG Johnson,0,1,1,,,,,,,,
446957,2010/11,2010-11-03,Melbourne Cricket Ground,2,18.4,Sri Lanka,Australia,NLTC Perera,AD Mathews,MG Johnson,0,0,,,,,,bowled,NLTC Perera,,
446957,2010/11,2010-11-03,Melbourne Cricket Ground,2,18.5,Sri Lanka,Australia,S Randiv,AD Mathews,MG Johnson,0,0,,,,,,,,,
446957,2010/11,2010-11-03,Melbourne Cricket Ground,2,18.6,Sri Lanka,Australia,S Randiv,AD Mathews,MG Johnson,0,0,,,,,,,,,
446957,2010/11,2010-11-03,Melbourne Cricket Ground,2,18.7,Sri Lanka,Australia,S Randiv,AD Mathews,MG Johnson,1,0,,,,,,,,,
446957,2010/11,2010-11-03,Melbourne Cricket Ground,2,19.1,Sri Lanka,Australia,S Randiv,AD Mathews,XJ Doherty,0,0,,,,,,,,,
446957,2010/11,2010-11-03,Melbourne Cricket Ground,2,19.2,Sri Lanka,Australia,S Randiv,AD Mathews,XJ Doherty,0,0,,,,,,,,,
446957,2010/11,2010-11-03,Melbourne Cricket Ground,2,19.3,Sri Lanka,Australia,S Randiv,AD Mathews,XJ Doherty,1,0,,,,,,,,,
446957,2010/11,2010-11-03,Melbourne Cricket Ground,2,19.4,Sri Lanka,Australia,AD Mathews,S Randiv,XJ Doherty,0,0,,,,,,,,,
446957,2010/11,2010-11-03,Melbourne Cricket Ground,2,19.5,Sri Lanka,Australia,AD Mathews,S Randiv,XJ Doherty,0,0,,,,,,,,,
446957,2010/11,2010-11-03,Melbourne Cricket Ground,2,19.6,Sri Lanka,Australia,AD Mathews,S Randiv,XJ Doherty,0,0,,,,,,,,,
446957,2010/11,2010-11-03,Melbourne Cricket Ground,2,20.1,Sri Lanka,Australia,S Randiv,AD Mathews,SPD Smith,0,0,,,,,,,,,
446957,2010/11,2010-11-03,Melbourne Cricket Ground,2,20.2,Sri Lanka,Australia,S Randiv,AD Mathews,SPD Smith,0,0,,,,,,,,,
446957,2010/11,2010-11-03,Melbourne Cricket Ground,2,20.3,Sri Lanka,Australia,S Randiv,AD Mathews,SPD Smith,1,0,,,,,,,,,
446957,2010/11,2010-11-03,Melbourne Cricket Ground,2,20.4,Sri Lanka,Australia,AD Mathews,S Randiv,SPD Smith,1,0,,,,,,,,,
446957,2010/11,2010-11-03,Melbourne Cricket Ground,2,20.5,Sri Lanka,Australia,S Randiv,AD Mathews,SPD Smith,0,0,,,,,,,,,
446957,2010/11,2010-11-03,Melbourne Cricket Ground,2,20.6,Sri Lanka,Australia,S Randiv,AD Mathews,SPD Smith,0,0,,,,,,,,,
446957,2010/11,2010-11-03,Melbourne Cricket Ground,2,21.1,Sri Lanka,Australia,AD Mathews,S Randiv,XJ Doherty,0,0,,,,,,,,,
446957,2010/11,2010-11-03,Melbourne Cricket Ground,2,21.2,Sri Lanka,Australia,AD Mathews,S Randiv,XJ Doherty,3,0,,,,,,,,,
446957,2010/11,2010-11-03,Melbourne Cricket Ground,2,21.3,Sri Lanka,Australia,S Randiv,AD Mathews,XJ Doherty,0,0,,,,,,,,,
446957,2010/11,2010-11-03,Melbourne Cricket Ground,2,21.4,Sri Lanka,Australia,S Randiv,AD Mathews,XJ Doherty,0,1,1,,,,,,,,
446957,2010/11,2010-11-03,Melbourne Cricket Ground,2,21.5,Sri Lanka,Australia,S Randiv,AD Mathews,XJ Doherty,1,0,,,,,,,,,
446957,2010/11,2010-11-03,Melbourne Cricket Ground,2,21.6,Sri Lanka,Australia,AD Mathews,S Randiv,XJ Doherty,0,0,,,,,,,,,
446957,2010/11,2010-11-03,Melbourne Cricket Ground,2,21.7,Sri Lanka,Australia,AD Mathews,S Randiv,XJ Doherty,0,0,,,,,,,,,
446957,2010/11,2010-11-03,Melbourne Cricket Ground,2,22.1,Sri Lanka,Australia,S Randiv,AD Mathews,SPD Smith,0,0,,,,,,,,,
446957,2010/11,2010-11-03,Melbourne Cricket Ground,2,22.2,Sri Lanka,Australia,S Randiv,AD Mathews,SPD Smith,0,0,,,,,,,,,
446957,2010/11,2010-11-03,Melbourne Cricket Ground,2,22.3,Sri Lanka,Australia,S Randiv,AD Mathews,SPD Smith,1,0,,,,,,,,,
446957,2010/11,2010-11-03,Melbourne Cricket Ground,2,22.4,Sri Lanka,Australia,AD Mathews,S Randiv,SPD Smith,0,0,,,,,,,,,
446957,2010/11,2010-11-03,Melbourne Cricket Ground,2,22.5,Sri Lanka,Australia,AD Mathews,S Randiv,SPD Smith,0,0,,,,,,,,,
446957,2010/11,2010-11-03,Melbourne Cricket Ground,2,22.6,Sri Lanka,Australia,AD Mathews,S Randiv,SPD Smith,0,0,,,,,,,,,
446957,2010/11,2010-11-03,Melbourne Cricket Ground,2,23.1,Sri Lanka,Australia,S Randiv,AD Mathews,XJ Doherty,1,0,,,,,,,,,
446957,2010/11,2010-11-03,Melbourne Cricket Ground,2,23.2,Sri Lanka,Australia,AD Mathews,S Randiv,XJ Doherty,2,0,,,,,,,,,
446957,2010/11,2010-11-03,Melbourne Cricket Ground,2,23.3,Sri Lanka,Australia,AD Mathews,S Randiv,XJ Doherty,1,0,,,,,,,,,
446957,2010/11,2010-11-03,Melbourne Cricket Ground,2,23.4,Sri Lanka,Australia,S Randiv,AD Mathews,XJ Doherty,0,0,,,,,,,,,
446957,2010/11,2010-11-03,Melbourne Cricket Ground,2,23.5,Sri Lanka,Australia,S Randiv,AD Mathews,XJ Doherty,1,0,,,,,,,,,
446957,2010/11,2010-11-03,Melbourne Cricket Ground,2,23.6,Sri Lanka,Australia,AD Mathews,S Randiv,XJ Doherty,1,0,,,,,,,,,
446957,2010/11,2010-11-03,Melbourne Cricket Ground,2,24.1,Sri Lanka,Australia,AD Mathews,S Randiv,SPD Smith,0,0,,,,,,,,,
446957,2010/11,2010-11-03,Melbourne Cricket Ground,2,24.2,Sri Lanka,Australia,AD Mathews,S Randiv,SPD Smith,0,0,,,,,,,,,
446957,2010/11,2010-11-03,Melbourne Cricket Ground,2,24.3,Sri Lanka,Australia,AD Mathews,S Randiv,SPD Smith,1,0,,,,,,,,,
446957,2010/11,2010-11-03,Melbourne Cricket Ground,2,24.4,Sri Lanka,Australia,S Randiv,AD Mathews,SPD Smith,1,0,,,,,,,,,
446957,2010/11,2010-11-03,Melbourne Cricket Ground,2,24.5,Sri Lanka,Australia,AD Mathews,S Randiv,SPD Smith,1,0,,,,,,,,,
446957,2010/11,2010-11-03,Melbourne Cricket Ground,2,24.6,Sri Lanka,Australia,S Randiv,AD Mathews,SPD Smith,2,0,,,,,,run out,S Randiv,,
446957,2010/11,2010-11-03,Melbourne Cricket Ground,2,25.1,Sri Lanka,Australia,KMDN Kulasekara,AD Mathews,XJ Doherty,0,0,,,,,,,,,
446957,2010/11,2010-11-03,Melbourne Cricket Ground,2,25.2,Sri Lanka,Australia,KMDN Kulasekara,AD Mathews,XJ Doherty,0,0,,,,,,lbw,KMDN Kulasekara,,
446957,2010/11,2010-11-03,Melbourne Cricket Ground,2,25.3,Sri Lanka,Australia,SL Malinga,AD Mathews,XJ Doherty,0,0,,,,,,,,,
446957,2010/11,2010-11-03,Melbourne Cricket Ground,2,25.4,Sri Lanka,Australia,SL Malinga,AD Mathews,XJ Doherty,0,0,,,,,,,,,
446957,2010/11,2010-11-03,Melbourne Cricket Ground,2,25.5,Sri Lanka,Australia,SL Malinga,AD Mathews,XJ Doherty,0,0,,,,,,,,,
446957,2010/11,2010-11-03,Melbourne Cricket Ground,2,25.6,Sri Lanka,Australia,SL Malinga,AD Mathews,XJ Doherty,4,0,,,,,,,,,
446957,2010/11,2010-11-03,Melbourne Cricket Ground,2,26.1,Sri Lanka,Australia,AD Mathews,SL Malinga,MG Johnson,0,1,1,,,,,,,,
446957,2010/11,2010-11-03,Melbourne Cricket Ground,2,26.2,Sri Lanka,Australia,AD Mathews,SL Malinga,MG Johnson,0,0,,,,,,,,,
446957,2010/11,2010-11-03,Melbourne Cricket Ground,2,26.3,Sri Lanka,Australia,AD Mathews,SL Malinga,MG Johnson,0,0,,,,,,,,,
446957,2010/11,2010-11-03,Melbourne Cricket Ground,2,26.4,Sri Lanka,Australia,AD Mathews,SL Malinga,MG Johnson,0,1,1,,,,,,,,
446957,2010/11,2010-11-03,Melbourne Cricket Ground,2,26.5,Sri Lanka,Australia,AD Mathews,SL Malinga,MG Johnson,2,0,,,,,,,,,
446957,2010/11,2010-11-03,Melbourne Cricket Ground,2,26.6,Sri Lanka,Australia,AD Mathews,SL Malinga,MG Johnson,4,0,,,,,,,,,
446957,2010/11,2010-11-03,Melbourne Cricket Ground,2,26.7,Sri Lanka,Australia,AD Mathews,SL Malinga,MG Johnson,2,0,,,,,,,,,
446957,2010/11,2010-11-03,Melbourne Cricket Ground,2,26.8,Sri Lanka,Australia,AD Mathews,SL Malinga,MG Johnson,0,0,,,,,,,,,
446957,2010/11,2010-11-03,Melbourne Cricket Ground,2,27.1,Sri Lanka,Australia,SL Malinga,AD Mathews,XJ Doherty,0,0,,,,,,,,,
446957,2010/11,2010-11-03,Melbourne Cricket Ground,2,27.2,Sri Lanka,Australia,SL Malinga,AD Mathews,XJ Doherty,4,0,,,,,,,,,
446957,2010/11,2010-11-03,Melbourne Cricket Ground,2,27.3,Sri Lanka,Australia,SL Malinga,AD Mathews,XJ Doherty,0,0,,,,,,,,,
446957,2010/11,2010-11-03,Melbourne Cricket Ground,2,27.4,Sri Lanka,Australia,SL Malinga,AD Mathews,XJ Doherty,0,0,,,,,,,,,
446957,2010/11,2010-11-03,Melbourne Cricket Ground,2,27.5,Sri Lanka,Australia,SL Malinga,AD Mathews,XJ Doherty,0,0,,,,,,,,,
446957,2010/11,2010-11-03,Melbourne Cricket Ground,2,27.6,Sri Lanka,Australia,SL Malinga,AD Mathews,XJ Doherty,4,0,,,,,,,,,
446957,2010/11,2010-11-03,Melbourne Cricket Ground,2,28.1,Sri Lanka,Australia,AD Mathews,SL Malinga,MG Johnson,4,0,,,,,,,,,
446957,2010/11,2010-11-03,Melbourne Cricket Ground,2,28.2,Sri Lanka,Australia,AD Mathews,SL Malinga,MG Johnson,0,0,,,,,,,,,
446957,2010/11,2010-11-03,Melbourne Cricket Ground,2,28.3,Sri Lanka,Australia,AD Mathews,SL Malinga,MG Johnson,4,0,,,,,,,,,
446957,2010/11,2010-11-03,Melbourne Cricket Ground,2,28.4,Sri Lanka,Australia,AD Mathews,SL Malinga,MG Johnson,0,0,,,,,,,,,
446957,2010/11,2010-11-03,Melbourne Cricket Ground,2,28.5,Sri Lanka,Australia,AD Mathews,SL Malinga,MG Johnson,0,0,,,,,,,,,
446957,2010/11,2010-11-03,Melbourne Cricket Ground,2,28.6,Sri Lanka,Australia,AD Mathews,SL Malinga,MG Johnson,2,0,,,,,,,,,
446957,2010/11,2010-11-03,Melbourne Cricket Ground,2,29.1,Sri Lanka,Australia,SL Malinga,AD Mathews,PM Siddle,4,0,,,,,,,,,
446957,2010/11,2010-11-03,Melbourne Cricket Ground,2,29.2,Sri Lanka,Australia,SL Malinga,AD Mathews,PM Siddle,0,0,,,,,,,,,
446957,2010/11,2010-11-03,Melbourne Cricket Ground,2,29.3,Sri Lanka,Australia,SL Malinga,AD Mathews,PM Siddle,1,0,,,,,,,,,
446957,2010/11,2010-11-03,Melbourne Cricket Ground,2,29.4,Sri Lanka,Australia,AD Mathews,SL Malinga,PM Siddle,0,0,,,,,,,,,
446957,2010/11,2010-11-03,Melbourne Cricket Ground,2,29.5,Sri Lanka,Australia,AD Mathews,SL Malinga,PM Siddle,1,0,,,,,,,,,
446957,2010/11,2010-11-03,Melbourne Cricket Ground,2,29.6,Sri Lanka,Australia,SL Malinga,AD Mathews,PM Siddle,4,0,,,,,,,,,
446957,2010/11,2010-11-03,Melbourne Cricket Ground,2,30.1,Sri Lanka,Australia,AD Mathews,SL Malinga,MG Johnson,4,0,,,,,,,,,
446957,2010/11,2010-11-03,Melbourne Cricket Ground,2,30.2,Sri Lanka,Australia,AD Mathews,SL Malinga,MG Johnson,0,0,,,,,,,,,
446957,2010/11,2010-11-03,Melbourne Cricket Ground,2,30.3,Sri Lanka,Australia,AD Mathews,SL Malinga,MG Johnson,0,0,,,,,,,,,
446957,2010/11,2010-11-03,Melbourne Cricket Ground,2,30.4,Sri Lanka,Australia,AD Mathews,SL Malinga,MG Johnson,0,0,,,,,,,,,
446957,2010/11,2010-11-03,Melbourne Cricket Ground,2,30.5,Sri Lanka,Australia,AD Mathews,SL Malinga,MG Johnson,2,0,,,,,,,,,
446957,2010/11,2010-11-03,Melbourne Cricket Ground,2,30.6,Sri Lanka,Australia,AD Mathews,SL Malinga,MG Johnson,1,0,,,,,,,,,
446957,2010/11,2010-11-03,Melbourne Cricket Ground,2,31.1,Sri Lanka,Australia,AD Mathews,SL Malinga,XJ Doherty,1,0,,,,,,,,,
446957,2010/11,2010-11-03,Melbourne Cricket Ground,2,31.2,Sri Lanka,Australia,SL Malinga,AD Mathews,XJ Doherty,1,0,,,,,,,,,
446957,2010/11,2010-11-03,Melbourne Cricket Ground,2,31.3,Sri Lanka,Australia,AD Mathews,SL Malinga,XJ Doherty,1,0,,,,,,,,,
446957,2010/11,2010-11-03,Melbourne Cricket Ground,2,31.4,Sri Lanka,Australia,SL Malinga,AD Mathews,XJ Doherty,2,0,,,,,,,,,
446957,2010/11,2010-11-03,Melbourne Cricket Ground,2,31.5,Sri Lanka,Australia,SL Malinga,AD Mathews,XJ Doherty,2,0,,,,,,,,,
446957,2010/11,2010-11-03,Melbourne Cricket Ground,2,31.6,Sri Lanka,Australia,SL Malinga,AD Mathews,XJ Doherty,0,0,,,,,,,,,
446957,2010/11,2010-11-03,Melbourne Cricket Ground,2,32.1,Sri Lanka,Australia,AD Mathews,SL Malinga,JW Hastings,0,0,,,,,,,,,
446957,2010/11,2010-11-03,Melbourne Cricket Ground,2,32.2,Sri Lanka,Australia,AD Mathews,SL Malinga,JW Hastings,0,1,1,,,,,,,,
446957,2010/11,2010-11-03,Melbourne Cricket Ground,2,32.3,Sri Lanka,Australia,AD Mathews,SL Malinga,JW Hastings,0,0,,,,,,,,,
446957,2010/11,2010-11-03,Melbourne Cricket Ground,2,32.4,Sri Lanka,Australia,AD Mathews,SL Malinga,JW Hastings,0,0,,,,,,,,,
446957,2010/11,2010-11-03,Melbourne Cricket Ground,2,32.5,Sri Lanka,Australia,AD Mathews,SL Malinga,JW Hastings,0,1,1,,,,,,,,
446957,2010/11,2010-11-03,Melbourne Cricket Ground,2,32.6,Sri Lanka,Australia,AD Mathews,SL Malinga,JW Hastings,0,0,,,,,,,,,
446957,2010/11,2010-11-03,Melbourne Cricket Ground,2,32.7,Sri Lanka,Australia,AD Mathews,SL Malinga,JW Hastings,1,0,,,,,,,,,
446957,2010/11,2010-11-03,Melbourne Cricket Ground,2,32.8,Sri Lanka,Australia,SL Malinga,AD Mathews,JW Hastings,0,0,,,,,,,,,
446957,2010/11,2010-11-03,Melbourne Cricket Ground,2,33.1,Sri Lanka,Australia,AD Mathews,SL Malinga,XJ Doherty,2,0,,,,,,,,,
446957,2010/11,2010-11-03,Melbourne Cricket Ground,2,33.2,Sri Lanka,Australia,AD Mathews,SL Malinga,XJ Doherty,0,0,,,,,,,,,
446957,2010/11,2010-11-03,Melbourne Cricket Ground,2,33.3,Sri Lanka,Australia,AD Mathews,SL Malinga,XJ Doherty,0,0,,,,,,,,,
446957,2010/11,2010-11-03,Melbourne Cricket Ground,2,33.4,Sri Lanka,Australia,AD Mathews,SL Malinga,XJ Doherty,1,0,,,,,,,,,
446957,2010/11,2010-11-03,Melbourne Cricket Ground,2,33.5,Sri Lanka,Australia,SL Malinga,AD Mathews,XJ Doherty,6,0,,,,,,,,,
446957,2010/11,2010-11-03,Melbourne Cricket Ground,2,33.6,Sri Lanka,Australia,SL Malinga,AD Mathews,XJ Doherty,1,0,,,,,,,,,
446957,2010/11,2010-11-03,Melbourne Cricket Ground,2,34.1,Sri Lanka,Australia,SL Malinga,AD Mathews,JW Hastings,0,0,,,,,,,,,
446957,2010/11,2010-11-03,Melbourne Cricket Ground,2,34.2,Sri Lanka,Australia,SL Malinga,AD Mathews,JW Hastings,0,0,,,,,,,,,
446957,2010/11,2010-11-03,Melbourne Cricket Ground,2,34.3,Sri Lanka,Australia,SL Malinga,AD Mathews,JW Hastings,1,0,,,,,,,,,
446957,2010/11,2010-11-03,Melbourne Cricket Ground,2,34.4,Sri Lanka,Australia,AD Mathews,SL Malinga,JW Hastings,0,0,,,,,,,,,
446957,2010/11,2010-11-03,Melbourne Cricket Ground,2,34.5,Sri Lanka,Australia,AD Mathews,SL Malinga,JW Hastings,0,1,1,,,,,,,,
446957,2010/11,2010-11-03,Melbourne Cricket Ground,2,34.6,Sri Lanka,Australia,AD Mathews,SL Malinga,JW Hastings,0,0,,,,,,,,,
446957,2010/11,2010-11-03,Melbourne Cricket Ground,2,34.7,Sri Lanka,Australia,AD Mathews,SL Malinga,JW Hastings,2,0,,,,,,,,,
446957,2010/11,2010-11-03,Melbourne Cricket Ground,2,35.1,Sri Lanka,Australia,SL Malinga,AD Mathews,XJ Doherty,1,0,,,,,,,,,
446957,2010/11,2010-11-03,Melbourne Cricket Ground,2,35.2,Sri Lanka,Australia,AD Mathews,SL Malinga,XJ Doherty,0,0,,,,,,,,,
446957,2010/11,2010-11-03,Melbourne Cricket Ground,2,35.3,Sri Lanka,Australia,AD Mathews,SL Malinga,XJ Doherty,0,2,,,2,,,,,,
446957,2010/11,2010-11-03,Melbourne Cricket Ground,2,35.4,Sri Lanka,Australia,AD Mathews,SL Malinga,XJ Doherty,0,1,1,,,,,,,,
446957,2010/11,2010-11-03,Melbourne Cricket Ground,2,35.5,Sri Lanka,Australia,AD Mathews,SL Malinga,XJ Doherty,0,0,,,,,,,,,
446957,2010/11,2010-11-03,Melbourne Cricket Ground,2,35.6,Sri Lanka,Australia,AD Mathews,SL Malinga,XJ Doherty,0,0,,,,,,,,,
446957,2010/11,2010-11-03,Melbourne Cricket Ground,2,35.7,Sri Lanka,Australia,AD Mathews,SL Malinga,XJ Doherty,0,0,,,,,,,,,
446957,2010/11,2010-11-03,Melbourne Cricket Ground,2,36.1,Sri Lanka,Australia,SL Malinga,AD Mathews,JW Hastings,6,0,,,,,,,,,
446957,2010/11,2010-11-03,Melbourne Cricket Ground,2,36.2,Sri Lanka,Australia,SL Malinga,AD Mathews,JW Hastings,0,0,,,,,,,,,
446957,2010/11,2010-11-03,Melbourne Cricket Ground,2,36.3,Sri Lanka,Australia,SL Malinga,AD Mathews,JW Hastings,0,0,,,,,,,,,
446957,2010/11,2010-11-03,Melbourne Cricket Ground,2,36.4,Sri Lanka,Australia,SL Malinga,AD Mathews,JW Hastings,0,0,,,,,,,,,
446957,2010/11,2010-11-03,Melbourne Cricket Ground,2,36.5,Sri Lanka,Australia,SL Malinga,AD Mathews,JW Hastings,1,0,,,,,,,,,
446957,2010/11,2010-11-03,Melbourne Cricket Ground,2,36.6,Sri Lanka,Australia,AD Mathews,SL Malinga,JW Hastings,1,0,,,,,,,,,
446957,2010/11,2010-11-03,Melbourne Cricket Ground,2,37.1,Sri Lanka,Australia,AD Mathews,SL Malinga,PM Siddle,4,0,,,,,,,,,
446957,2010/11,2010-11-03,Melbourne Cricket Ground,2,37.2,Sri Lanka,Australia,AD Mathews,SL Malinga,PM Siddle,0,0,,,,,,,,,
446957,2010/11,2010-11-03,Melbourne Cricket Ground,2,37.3,Sri Lanka,Australia,AD Mathews,SL Malinga,PM Siddle,4,0,,,,,,,,,
446957,2010/11,2010-11-03,Melbourne Cricket Ground,2,37.4,Sri Lanka,Australia,AD Mathews,SL Malinga,PM Siddle,0,0,,,,,,,,,
446957,2010/11,2010-11-03,Melbourne Cricket Ground,2,37.5,Sri Lanka,Australia,AD Mathews,SL Malinga,PM Siddle,1,0,,,,,,,,,
446957,2010/11,2010-11-03,Melbourne Cricket Ground,2,37.6,Sri Lanka,Australia,SL Malinga,AD Mathews,PM Siddle,0,0,,,,,,,,,
446957,2010/11,2010-11-03,Melbourne Cricket Ground,2,38.1,Sri Lanka,Australia,AD Mathews,SL Malinga,JW Hastings,1,0,,,,,,,,,
446957,2010/11,2010-11-03,Melbourne Cricket Ground,2,38.2,Sri Lanka,Australia,SL Malinga,AD Mathews,JW Hastings,0,0,,,,,,,,,
446957,2010/11,2010-11-03,Melbourne Cricket Ground,2,38.3,Sri Lanka,Australia,SL Malinga,AD Mathews,JW Hastings,0,0,,,,,,,,,
446957,2010/11,2010-11-03,Melbourne Cricket Ground,2,38.4,Sri Lanka,Australia,SL Malinga,AD Mathews,JW Hastings,2,0,,,,,,,,,
446957,2010/11,2010-11-03,Melbourne Cricket Ground,2,38.5,Sri Lanka,Australia,SL Malinga,AD Mathews,JW Hastings,0,0,,,,,,,,,
446957,2010/11,2010-11-03,Melbourne Cricket Ground,2,38.6,Sri Lanka,Australia,SL Malinga,AD Mathews,JW Hastings,2,0,,,,,,,,,
446957,2010/11,2010-11-03,Melbourne Cricket Ground,2,39.1,Sri Lanka,Australia,AD Mathews,SL Malinga,PM Siddle,0,0,,,,,,,,,
446957,2010/11,2010-11-03,Melbourne Cricket Ground,2,39.2,Sri Lanka,Australia,AD Mathews,SL Malinga,PM Siddle,0,1,1,,,,,,,,
446957,2010/11,2010-11-03,Melbourne Cricket Ground,2,39.3,Sri Lanka,Australia,AD Mathews,SL Malinga,PM Siddle,0,0,,,,,,,,,
446957,2010/11,2010-11-03,Melbourne Cricket Ground,2,39.4,Sri Lanka,Australia,AD Mathews,SL Malinga,PM Siddle,0,0,,,,,,,,,
446957,2010/11,2010-11-03,Melbourne Cricket Ground,2,39.5,Sri Lanka,Australia,AD Mathews,SL Malinga,PM Siddle,4,0,,,,,,,,,
446957,2010/11,2010-11-03,Melbourne Cricket Ground,2,39.6,Sri Lanka,Australia,AD Mathews,SL Malinga,PM Siddle,1,0,,,,,,,,,
446957,2010/11,2010-11-03,Melbourne Cricket Ground,2,39.7,Sri Lanka,Australia,SL Malinga,AD Mathews,PM Siddle,0,0,,,,,,,,,
446957,2010/11,2010-11-03,Melbourne Cricket Ground,2,40.1,Sri Lanka,Australia,AD Mathews,SL Malinga,SR Watson,0,0,,,,,,,,,
446957,2010/11,2010-11-03,Melbourne Cricket Ground,2,40.2,Sri Lanka,Australia,AD Mathews,SL Malinga,SR Watson,1,0,,,,,,,,,
446957,2010/11,2010-11-03,Melbourne Cricket Ground,2,40.3,Sri Lanka,Australia,SL Malinga,AD Mathews,SR Watson,0,0,,,,,,,,,
446957,2010/11,2010-11-03,Melbourne Cricket Ground,2,40.4,Sri Lanka,Australia,SL Malinga,AD Mathews,SR Watson,0,0,,,,,,,,,
446957,2010/11,2010-11-03,Melbourne Cricket Ground,2,40.5,Sri Lanka,Australia,SL Malinga,AD Mathews,SR Watson,2,0,,,,,,,,,
446957,2010/11,2010-11-03,Melbourne Cricket Ground,2,40.6,Sri Lanka,Australia,SL Malinga,AD Mathews,SR Watson,0,0,,,,,,,,,
446957,2010/11,2010-11-03,Melbourne Cricket Ground,2,41.1,Sri Lanka,Australia,AD Mathews,SL Malinga,MG Johnson,0,1,1,,,,,,,,
446957,2010/11,2010-11-03,Melbourne Cricket Ground,2,41.2,Sri Lanka,Australia,AD Mathews,SL Malinga,MG Johnson,2,0,,,,,,,,,
446957,2010/11,2010-11-03,Melbourne Cricket Ground,2,41.3,Sri Lanka,Australia,AD Mathews,SL Malinga,MG Johnson,0,0,,,,,,,,,
446957,2010/11,2010-11-03,Melbourne Cricket Ground,2,41.4,Sri Lanka,Australia,AD Mathews,SL Malinga,MG Johnson,0,0,,,,,,,,,
446957,2010/11,2010-11-03,Melbourne Cricket Ground,2,41.5,Sri Lanka,Australia,AD Mathews,SL Malinga,MG Johnson,6,0,,,,,,,,,
446957,2010/11,2010-11-03,Melbourne Cricket Ground,2,41.6,Sri Lanka,Australia,AD Mathews,SL Malinga,MG Johnson,0,0,,,,,,,,,
446957,2010/11,2010-11-03,Melbourne Cricket Ground,2,41.7,Sri Lanka,Australia,AD Mathews,SL Malinga,MG Johnson,1,0,,,,,,,,,
446957,2010/11,2010-11-03,Melbourne Cricket Ground,2,42.1,Sri Lanka,Australia,AD Mathews,SL Malinga,SR Watson,1,0,,,,,,,,,
446957,2010/11,2010-11-03,Melbourne Cricket Ground,2,42.2,Sri Lanka,Australia,SL Malinga,AD Mathews,SR Watson,2,0,,,,,,,,,
446957,2010/11,2010-11-03,Melbourne Cricket Ground,2,42.3,Sri Lanka,Australia,SL Malinga,AD Mathews,SR Watson,0,0,,,,,,,,,
446957,2010/11,2010-11-03,Melbourne Cricket Ground,2,42.4,Sri Lanka,Australia,SL Malinga,AD Mathews,SR Watson,4,0,,,,,,,,,
446957,2010/11,2010-11-03,Melbourne Cricket Ground,2,42.5,Sri Lanka,Australia,SL Malinga,AD Mathews,SR Watson,1,0,,,,,,,,,
446957,2010/11,2010-11-03,Melbourne Cricket Ground,2,42.6,Sri Lanka,Australia,AD Mathews,SL Malinga,SR Watson,4,0,,,,,,,,,
446957,2010/11,2010-11-03,Melbourne Cricket Ground,2,43.1,Sri Lanka,Australia,SL Malinga,AD Mathews,MJ Clarke,1,0,,,,,,,,,
446957,2010/11,2010-11-03,Melbourne Cricket Ground,2,43.2,Sri Lanka,Australia,AD Mathews,SL Malinga,MJ Clarke,1,0,,,,,,,,,
446957,2010/11,2010-11-03,Melbourne Cricket Ground,2,43.3,Sri Lanka,Australia,SL Malinga,AD Mathews,MJ Clarke,0,0,,,,,,,,,
446957,2010/11,2010-11-03,Melbourne Cricket Ground,2,43.4,Sri Lanka,Australia,SL Malinga,AD Mathews,MJ Clarke,0,0,,,,,,run out,SL Malinga,,
446957,2010/11,2010-11-03,Melbourne Cricket Ground,2,43.5,Sri Lanka,Australia,AD Mathews,M Muralitharan,MJ Clarke,0,0,,,,,,,,,
446957,2010/11,2010-11-03,Melbourne Cricket Ground,2,43.6,Sri Lanka,Australia,AD Mathews,M Muralitharan,MJ Clarke,0,0,,,,,,,,,
446957,2010/11,2010-11-03,Melbourne Cricket Ground,2,44.1,Sri Lanka,Australia,M Muralitharan,AD Mathews,SR Watson,0,0,,,,,,,,,
446957,2010/11,2010-11-03,Melbourne Cricket Ground,2,44.2,Sri Lanka,Australia,M Muralitharan,AD Mathews,SR Watson,4,0,,,,,,,,,
