match_id,season,start_date,venue,innings,ball,batting_team,bowling_team,striker,non_striker,bowler,runs_off_bat,extras,wides,noballs,byes,legbyes,penalty,wicket_type,player_dismissed,other_wicket_type,other_player_dismissed
446959,2010/11,2010-11-07,"Brisbane Cricket Ground, Woolloongabba",1,0.1,Sri Lanka,Australia,WU Tharanga,TM Dilshan,CJ McKay,0,1,1,,,,,,,,
446959,2010/11,2010-11-07,"Brisbane Cricket Ground, Woolloongabba",1,0.2,Sri Lanka,Australia,WU Tharanga,TM Dilshan,CJ McKay,0,0,,,,,,,,,
446959,2010/11,2010-11-07,"Brisbane Cricket Ground, Woolloongabba",1,0.3,Sri Lanka,Australia,WU Tharanga,TM Dilshan,CJ McKay,0,0,,,,,,,,,
446959,2010/11,2010-11-07,"Brisbane Cricket Ground, Woolloongabba",1,0.4,Sri Lanka,Australia,WU Tharanga,TM Dilshan,CJ McKay,0,0,,,,,,,,,
446959,2010/11,2010-11-07,"Brisbane Cricket Ground, Woolloongabba",1,0.5,Sri Lanka,Australia,WU Tharanga,TM Dilshan,CJ McKay,0,0,,,,,,,,,
446959,2010/11,2010-11-07,"Brisbane Cricket Ground, Woolloongabba",1,0.6,Sri Lanka,Australia,WU Tharanga,TM Dilshan,CJ McKay,0,0,,,,,,,,,
446959,2010/11,2010-11-07,"Brisbane Cricket Ground, Woolloongabba",1,0.7,Sri Lanka,Australia,WU Tharanga,TM Dilshan,CJ McKay,1,0,,,,,,,,,
446959,2010/11,2010-11-07,"Brisbane Cricket Ground, Woolloongabba",1,1.1,Sri Lanka,Australia,WU Tharanga,TM Dilshan,MG Johnson,0,0,,,,,,,,,
446959,2010/11,2010-11-07,"Brisbane Cricket Ground, Woolloongabba",1,1.2,Sri Lanka,Australia,WU Tharanga,TM Dilshan,MG Johnson,0,0,,,,,,,,,
446959,2010/11,2010-11-07,"Brisbane Cricket Ground, Woolloongabba",1,1.3,Sri Lanka,Australia,WU Tharanga,TM Dilshan,MG Johnson,1,0,,,,,,,,,
446959,2010/11,2010-11-07,"Brisbane Cricket Ground, Woolloongabba",1,1.4,Sri Lanka,Australia,TM Dilshan,WU Tharanga,MG Johnson,0,0,,,,,,,,,
446959,2010/11,2010-11-07,"Brisbane Cricket Ground, Woolloongabba",1,1.5,Sri Lanka,Australia,TM Dilshan,WU Tharanga,MG Johnson,1,0,,,,,,,,,
446959,2010/11,2010-11-07,"Brisbane Cricket Ground, Woolloongabba",1,1.6,Sri Lanka,Australia,WU Tharanga,TM Dilshan,MG Johnson,0,4,,,,4,,,,,
446959,2010/11,2010-11-07,"Brisbane Cricket Ground, Woolloongabba",1,2.1,Sri Lanka,Australia,TM Dilshan,WU Tharanga,CJ McKay,0,0,,,,,,,,,
446959,2010/11,2010-11-07,"Brisbane Cricket Ground, Woolloongabba",1,2.2,Sri Lanka,Australia,TM Dilshan,WU Tharanga,CJ McKay,0,0,,,,,,caught,TM Dilshan,,
446959,2010/11,2010-11-07,"Brisbane Cricket Ground, Woolloongabba",1,2.3,Sri Lanka,Australia,KC Sangakkara,WU Tharanga,CJ McKay,0,0,,,,,,,,,
446959,2010/11,2010-11-07,"Brisbane Cricket Ground, Woolloongabba",1,2.4,Sri Lanka,Australia,KC Sangakkara,WU Tharanga,CJ McKay,0,0,,,,,,,,,
446959,2010/11,2010-11-07,"Brisbane Cricket Ground, Woolloongabba",1,2.5,Sri Lanka,Australia,KC Sangakkara,WU Tharanga,CJ McKay,0,0,,,,,,,,,
446959,2010/11,2010-11-07,"Brisbane Cricket Ground, Woolloongabba",1,2.6,Sri Lanka,Australia,KC Sangakkara,WU Tharanga,CJ McKay,0,0,,,,,,caught,KC Sangakkara,,
446959,2010/11,2010-11-07,"Brisbane Cricket Ground, Woolloongabba",1,3.1,Sri Lanka,Australia,WU Tharanga,DPMD Jayawardene,MG Johnson,4,0,,,,,,,,,
446959,2010/11,2010-11-07,"Brisbane Cricket Ground, Woolloongabba",1,3.2,Sri Lanka,Australia,WU Tharanga,DPMD Jayawardene,MG Johnson,0,0,,,,,,,,,
446959,2010/11,2010-11-07,"Brisbane Cricket Ground, Woolloongabba",1,3.3,Sri Lanka,Australia,WU Tharanga,DPMD Jayawardene,MG Johnson,0,0,,,,,,,,,
446959,2010/11,2010-11-07,"Brisbane Cricket Ground, Woolloongabba",1,3.4,Sri Lanka,Australia,WU Tharanga,DPMD Jayawardene,MG Johnson,0,0,,,,,,,,,
446959,2010/11,2010-11-07,"Brisbane Cricket Ground, Woolloongabba",1,3.5,Sri Lanka,Australia,WU Tharanga,DPMD Jayawardene,MG Johnson,2,0,,,,,,,,,
446959,2010/11,2010-11-07,"Brisbane Cricket Ground, Woolloongabba",1,3.6,Sri Lanka,Australia,WU Tharanga,DPMD Jayawardene,MG Johnson,0,0,,,,,,,,,
446959,2010/11,2010-11-07,"Brisbane Cricket Ground, Woolloongabba",1,4.1,Sri Lanka,Australia,DPMD Jayawardene,WU Tharanga,CJ McKay,0,0,,,,,,,,,
446959,2010/11,2010-11-07,"Brisbane Cricket Ground, Woolloongabba",1,4.2,Sri Lanka,Australia,DPMD Jayawardene,WU Tharanga,CJ McKay,0,0,,,,,,,,,
446959,2010/11,2010-11-07,"Brisbane Cricket Ground, Woolloongabba",1,4.3,Sri Lanka,Australia,DPMD Jayawardene,WU Tharanga,CJ McKay,0,0,,,,,,caught,DPMD Jayawardene,,
446959,2010/11,2010-11-07,"Brisbane Cricket Ground, Woolloongabba",1,4.4,Sri Lanka,Australia,LPC Silva,WU Tharanga,CJ McKay,0,0,,,,,,,,,
446959,2010/11,2010-11-07,"Brisbane Cricket Ground, Woolloongabba",1,4.5,Sri Lanka,Australia,LPC Silva,WU Tharanga,CJ McKay,0,0,,,,,,,,,
446959,2010/11,2010-11-07,"Brisbane Cricket Ground, Woolloongabba",1,4.6,Sri Lanka,Australia,LPC Silva,WU Tharanga,CJ McKay,4,1,,1,,,,,,,
446959,2010/11,2010-11-07,"Brisbane Cricket Ground, Woolloongabba",1,4.7,Sri Lanka,Australia,LPC Silva,WU Tharanga,CJ McKay,0,0,,,,,,,,,
446959,2010/11,2010-11-07,"Brisbane Cricket Ground, Woolloongabba",1,5.1,Sri Lanka,Australia,WU Tharanga,LPC Silva,MG Johnson,0,0,,,,,,,,,
446959,2010/11,2010-11-07,"Brisbane Cricket Ground, Woolloongabba",1,5.2,Sri Lanka,Australia,WU Tharanga,LPC Silva,MG Johnson,0,0,,,,,,,,,
446959,2010/11,2010-11-07,"Brisbane Cricket Ground, Woolloongabba",1,5.3,Sri Lanka,Australia,WU Tharanga,LPC Silva,MG Johnson,0,0,,,,,,,,,
446959,2010/11,2010-11-07,"Brisbane Cricket Ground, Woolloongabba",1,5.4,Sri Lanka,Australia,WU Tharanga,LPC Silva,MG Johnson,0,0,,,,,,,,,
446959,2010/11,2010-11-07,"Brisbane Cricket Ground, Woolloongabba",1,5.5,Sri Lanka,Australia,WU Tharanga,LPC Silva,MG Johnson,0,0,,,,,,,,,
446959,2010/11,2010-11-07,"Brisbane Cricket Ground, Woolloongabba",1,5.6,Sri Lanka,Australia,WU Tharanga,LPC Silva,MG Johnson,1,0,,,,,,,,,
446959,2010/11,2010-11-07,"Brisbane Cricket Ground, Woolloongabba",1,6.1,Sri Lanka,Australia,WU Tharanga,LPC Silva,CJ McKay,4,0,,,,,,,,,
446959,2010/11,2010-11-07,"Brisbane Cricket Ground, Woolloongabba",1,6.2,Sri Lanka,Australia,WU Tharanga,LPC Silva,CJ McKay,2,0,,,,,,,,,
446959,2010/11,2010-11-07,"Brisbane Cricket Ground, Woolloongabba",1,6.3,Sri Lanka,Australia,WU Tharanga,LPC Silva,CJ McKay,0,0,,,,,,,,,
446959,2010/11,2010-11-07,"Brisbane Cricket Ground, Woolloongabba",1,6.4,Sri Lanka,Australia,WU Tharanga,LPC Silva,CJ McKay,0,1,,,,1,,,,,
446959,2010/11,2010-11-07,"Brisbane Cricket Ground, Woolloongabba",1,6.5,Sri Lanka,Australia,LPC Silva,WU Tharanga,CJ McKay,0,0,,,,,,,,,
446959,2010/11,2010-11-07,"Brisbane Cricket Ground, Woolloongabba",1,6.6,Sri Lanka,Australia,LPC Silva,WU Tharanga,CJ McKay,0,0,,,,,,,,,
446959,2010/11,2010-11-07,"Brisbane Cricket Ground, Woolloongabba",1,7.1,Sri Lanka,Australia,WU Tharanga,LPC Silva,MG Johnson,0,0,,,,,,,,,
446959,2010/11,2010-11-07,"Brisbane Cricket Ground, Woolloongabba",1,7.2,Sri Lanka,Australia,WU Tharanga,LPC Silva,MG Johnson,3,0,,,,,,,,,
446959,2010/11,2010-11-07,"Brisbane Cricket Ground, Woolloongabba",1,7.3,Sri Lanka,Australia,LPC Silva,WU Tharanga,MG Johnson,1,0,,,,,,,,,
446959,2010/11,2010-11-07,"Brisbane Cricket Ground, Woolloongabba",1,7.4,Sri Lanka,Australia,WU Tharanga,LPC Silva,MG Johnson,0,0,,,,,,,,,
446959,2010/11,2010-11-07,"Brisbane Cricket Ground, Woolloongabba",1,7.5,Sri Lanka,Australia,WU Tharanga,LPC Silva,MG Johnson,0,0,,,,,,,,,
446959,2010/11,2010-11-07,"Brisbane Cricket Ground, Woolloongabba",1,7.6,Sri Lanka,Australia,WU Tharanga,LPC Silva,MG Johnson,0,0,,,,,,,,,
446959,2010/11,2010-11-07,"Brisbane Cricket Ground, Woolloongabba",1,8.1,Sri Lanka,Australia,LPC Silva,WU Tharanga,CJ McKay,0,0,,,,,,,,,
446959,2010/11,2010-11-07,"Brisbane Cricket Ground, Woolloongabba",1,8.2,Sri Lanka,Australia,LPC Silva,WU Tharanga,CJ McKay,4,0,,,,,,,,,
446959,2010/11,2010-11-07,"Brisbane Cricket Ground, Woolloongabba",1,8.3,Sri Lanka,Australia,LPC Silva,WU Tharanga,CJ McKay,0,0,,,,,,,,,
446959,2010/11,2010-11-07,"Brisbane Cricket Ground, Woolloongabba",1,8.4,Sri Lanka,Australia,LPC Silva,WU Tharanga,CJ McKay,0,0,,,,,,,,,
446959,2010/11,2010-11-07,"Brisbane Cricket Ground, Woolloongabba",1,8.5,Sri Lanka,Australia,LPC Silva,WU Tharanga,CJ McKay,0,0,,,,,,,,,
446959,2010/11,2010-11-07,"Brisbane Cricket Ground, Woolloongabba",1,8.6,Sri Lanka,Australia,LPC Silva,WU Tharanga,CJ McKay,0,0,,,,,,,,,
446959,2010/11,2010-11-07,"Brisbane Cricket Ground, Woolloongabba",1,9.1,Sri Lanka,Australia,WU Tharanga,LPC Silva,MG Johnson,0,0,,,,,,,,,
446959,2010/11,2010-11-07,"Brisbane Cricket Ground, Woolloongabba",1,9.2,Sri Lanka,Australia,WU Tharanga,LPC Silva,MG Johnson,0,0,,,,,,,,,
446959,2010/11,2010-11-07,"Brisbane Cricket Ground, Woolloongabba",1,9.3,Sri Lanka,Australia,WU Tharanga,LPC Silva,MG Johnson,0,0,,,,,,,,,
446959,2010/11,2010-11-07,"Brisbane Cricket Ground, Woolloongabba",1,9.4,Sri Lanka,Australia,WU Tharanga,LPC Silva,MG Johnson,4,0,,,,,,,,,
446959,2010/11,2010-11-07,"Brisbane Cricket Ground, Woolloongabba",1,9.5,Sri Lanka,Australia,WU Tharanga,LPC Silva,MG Johnson,0,0,,,,,,,,,
446959,2010/11,2010-11-07,"Brisbane Cricket Ground, Woolloongabba",1,9.6,Sri Lanka,Australia,WU Tharanga,LPC Silva,MG Johnson,0,0,,,,,,,,,
446959,2010/11,2010-11-07,"Brisbane Cricket Ground, Woolloongabba",1,10.1,Sri Lanka,Australia,LPC Silva,WU Tharanga,CJ McKay,1,0,,,,,,,,,
446959,2010/11,2010-11-07,"Brisbane Cricket Ground, Woolloongabba",1,10.2,Sri Lanka,Australia,WU Tharanga,LPC Silva,CJ McKay,2,0,,,,,,,,,
446959,2010/11,2010-11-07,"Brisbane Cricket Ground, Woolloongabba",1,10.3,Sri Lanka,Australia,WU Tharanga,LPC Silva,CJ McKay,0,0,,,,,,,,,
446959,2010/11,2010-11-07,"Brisbane Cricket Ground, Woolloongabba",1,10.4,Sri Lanka,Australia,WU Tharanga,LPC Silva,CJ McKay,0,0,,,,,,,,,
446959,2010/11,2010-11-07,"Brisbane Cricket Ground, Woolloongabba",1,10.5,Sri Lanka,Australia,WU Tharanga,LPC Silva,CJ McKay,0,0,,,,,,,,,
446959,2010/11,2010-11-07,"Brisbane Cricket Ground, Woolloongabba",1,10.6,Sri Lanka,Australia,WU Tharanga,LPC Silva,CJ McKay,1,0,,,,,,,,,
446959,2010/11,2010-11-07,"Brisbane Cricket Ground, Woolloongabba",1,11.1,Sri Lanka,Australia,WU Tharanga,LPC Silva,SR Watson,0,0,,,,,,,,,
446959,2010/11,2010-11-07,"Brisbane Cricket Ground, Woolloongabba",1,11.2,Sri Lanka,Australia,WU Tharanga,LPC Silva,SR Watson,0,2,2,,,,,,,,
446959,2010/11,2010-11-07,"Brisbane Cricket Ground, Woolloongabba",1,11.3,Sri Lanka,Australia,LPC Silva,WU Tharanga,SR Watson,0,0,,,,,,,,,
446959,2010/11,2010-11-07,"Brisbane Cricket Ground, Woolloongabba",1,11.4,Sri Lanka,Australia,LPC Silva,WU Tharanga,SR Watson,0,0,,,,,,,,,
446959,2010/11,2010-11-07,"Brisbane Cricket Ground, Woolloongabba",1,11.5,Sri Lanka,Australia,LPC Silva,WU Tharanga,SR Watson,0,0,,,,,,,,,
446959,2010/11,2010-11-07,"Brisbane Cricket Ground, Woolloongabba",1,11.6,Sri Lanka,Australia,LPC Silva,WU Tharanga,SR Watson,0,0,,,,,,,,,
446959,2010/11,2010-11-07,"Brisbane Cricket Ground, Woolloongabba",1,11.7,Sri Lanka,Australia,LPC Silva,WU Tharanga,SR Watson,0,0,,,,,,,,,
446959,2010/11,2010-11-07,"Brisbane Cricket Ground, Woolloongabba",1,12.1,Sri Lanka,Australia,WU Tharanga,LPC Silva,MA Starc,0,0,,,,,,,,,
446959,2010/11,2010-11-07,"Brisbane Cricket Ground, Woolloongabba",1,12.2,Sri Lanka,Australia,WU Tharanga,LPC Silva,MA Starc,0,0,,,,,,,,,
446959,2010/11,2010-11-07,"Brisbane Cricket Ground, Woolloongabba",1,12.3,Sri Lanka,Australia,WU Tharanga,LPC Silva,MA Starc,0,0,,,,,,,,,
446959,2010/11,2010-11-07,"Brisbane Cricket Ground, Woolloongabba",1,12.4,Sri Lanka,Australia,WU Tharanga,LPC Silva,MA Starc,0,1,1,,,,,,,,
446959,2010/11,2010-11-07,"Brisbane Cricket Ground, Woolloongabba",1,12.5,Sri Lanka,Australia,WU Tharanga,LPC Silva,MA Starc,0,0,,,,,,,,,
446959,2010/11,2010-11-07,"Brisbane Cricket Ground, Woolloongabba",1,12.6,Sri Lanka,Australia,WU Tharanga,LPC Silva,MA Starc,1,0,,,,,,,,,
446959,2010/11,2010-11-07,"Brisbane Cricket Ground, Woolloongabba",1,12.7,Sri Lanka,Australia,LPC Silva,WU Tharanga,MA Starc,0,0,,,,,,,,,
446959,2010/11,2010-11-07,"Brisbane Cricket Ground, Woolloongabba",1,13.1,Sri Lanka,Australia,WU Tharanga,LPC Silva,SR Watson,0,0,,,,,,,,,
446959,2010/11,2010-11-07,"Brisbane Cricket Ground, Woolloongabba",1,13.2,Sri Lanka,Australia,WU Tharanga,LPC Silva,SR Watson,0,0,,,,,,,,,
446959,2010/11,2010-11-07,"Brisbane Cricket Ground, Woolloongabba",1,13.3,Sri Lanka,Australia,WU Tharanga,LPC Silva,SR Watson,0,1,1,,,,,,,,
446959,2010/11,2010-11-07,"Brisbane Cricket Ground, Woolloongabba",1,13.4,Sri Lanka,Australia,WU Tharanga,LPC Silva,SR Watson,2,0,,,,,,,,,
446959,2010/11,2010-11-07,"Brisbane Cricket Ground, Woolloongabba",1,13.5,Sri Lanka,Australia,WU Tharanga,LPC Silva,SR Watson,0,0,,,,,,,,,
446959,2010/11,2010-11-07,"Brisbane Cricket Ground, Woolloongabba",1,13.6,Sri Lanka,Australia,WU Tharanga,LPC Silva,SR Watson,0,0,,,,,,lbw,WU Tharanga,,
446959,2010/11,2010-11-07,"Brisbane Cricket Ground, Woolloongabba",1,13.7,Sri Lanka,Australia,AD Mathews,LPC Silva,SR Watson,0,0,,,,,,,,,
446959,2010/11,2010-11-07,"Brisbane Cricket Ground, Woolloongabba",1,14.1,Sri Lanka,Australia,LPC Silva,AD Mathews,MA Starc,0,0,,,,,,,,,
446959,2010/11,2010-11-07,"Brisbane Cricket Ground, Woolloongabba",1,14.2,Sri Lanka,Australia,LPC Silva,AD Mathews,MA Starc,0,0,,,,,,,,,
446959,2010/11,2010-11-07,"Brisbane Cricket Ground, Woolloongabba",1,14.3,Sri Lanka,Australia,LPC Silva,AD Mathews,MA Starc,1,0,,,,,,,,,
446959,2010/11,2010-11-07,"Brisbane Cricket Ground, Woolloongabba",1,14.4,Sri Lanka,Australia,AD Mathews,LPC Silva,MA Starc,1,0,,,,,,,,,
446959,2010/11,2010-11-07,"Brisbane Cricket Ground, Woolloongabba",1,14.5,Sri Lanka,Australia,LPC Silva,AD Mathews,MA Starc,1,0,,,,,,,,,
446959,2010/11,2010-11-07,"Brisbane Cricket Ground, Woolloongabba",1,14.6,Sri Lanka,Australia,AD Mathews,LPC Silva,MA Starc,2,0,,,,,,,,,
446959,2010/11,2010-11-07,"Brisbane Cricket Ground, Woolloongabba",1,15.1,Sri Lanka,Australia,LPC Silva,AD Mathews,SR Watson,0,0,,,,,,,,,
446959,2010/11,2010-11-07,"Brisbane Cricket Ground, Woolloongabba",1,15.2,Sri Lanka,Australia,LPC Silva,AD Mathews,SR Watson,0,0,,,,,,,,,
446959,2010/11,2010-11-07,"Brisbane Cricket Ground, Woolloongabba",1,15.3,Sri Lanka,Australia,LPC Silva,AD Mathews,SR Watson,0,0,,,,,,,,,
446959,2010/11,2010-11-07,"Brisbane Cricket Ground, Woolloongabba",1,15.4,Sri Lanka,Australia,LPC Silva,AD Mathews,SR Watson,1,0,,,,,,,,,
446959,2010/11,2010-11-07,"Brisbane Cricket Ground, Woolloongabba",1,15.5,Sri Lanka,Australia,AD Mathews,LPC Silva,SR Watson,0,1,1,,,,,,,,
446959,2010/11,2010-11-07,"Brisbane Cricket Ground, Woolloongabba",1,15.6,Sri Lanka,Australia,AD Mathews,LPC Silva,SR Watson,1,0,,,,,,,,,
446959,2010/11,2010-11-07,"Brisbane Cricket Ground, Woolloongabba",1,15.7,Sri Lanka,Australia,LPC Silva,AD Mathews,SR Watson,0,0,,,,,,,,,
446959,2010/11,2010-11-07,"Brisbane Cricket Ground, Woolloongabba",1,16.1,Sri Lanka,Australia,AD Mathews,LPC Silva,MA Starc,1,0,,,,,,,,,
446959,2010/11,2010-11-07,"Brisbane Cricket Ground, Woolloongabba",1,16.2,Sri Lanka,Australia,LPC Silva,AD Mathews,MA Starc,0,0,,,,,,,,,
446959,2010/11,2010-11-07,"Brisbane Cricket Ground, Woolloongabba",1,16.3,Sri Lanka,Australia,LPC Silva,AD Mathews,MA Starc,0,1,1,,,,,,,,
446959,2010/11,2010-11-07,"Brisbane Cricket Ground, Woolloongabba",1,16.4,Sri Lanka,Australia,LPC Silva,AD Mathews,MA Starc,0,0,,,,,,,,,
446959,2010/11,2010-11-07,"Brisbane Cricket Ground, Woolloongabba",1,16.5,Sri Lanka,Australia,LPC Silva,AD Mathews,MA Starc,2,0,,,,,,,,,
446959,2010/11,2010-11-07,"Brisbane Cricket Ground, Woolloongabba",1,16.6,Sri Lanka,Australia,LPC Silva,AD Mathews,MA Starc,0,0,,,,,,,,,
446959,2010/11,2010-11-07,"Brisbane Cricket Ground, Woolloongabba",1,16.7,Sri Lanka,Australia,LPC Silva,AD Mathews,MA Starc,3,0,,,,,,,,,
446959,2010/11,2010-11-07,"Brisbane Cricket Ground, Woolloongabba",1,17.1,Sri Lanka,Australia,LPC Silva,AD Mathews,SR Watson,0,0,,,,,,,,,
446959,2010/11,2010-11-07,"Brisbane Cricket Ground, Woolloongabba",1,17.2,Sri Lanka,Australia,LPC Silva,AD Mathews,SR Watson,0,0,,,,,,,,,
446959,2010/11,2010-11-07,"Brisbane Cricket Ground, Woolloongabba",1,17.3,Sri Lanka,Australia,LPC Silva,AD Mathews,SR Watson,0,1,1,,,,,,,,
446959,2010/11,2010-11-07,"Brisbane Cricket Ground, Woolloongabba",1,17.4,Sri Lanka,Australia,LPC Silva,AD Mathews,SR Watson,0,0,,,,,,,,,
446959,2010/11,2010-11-07,"Brisbane Cricket Ground, Woolloongabba",1,17.5,Sri Lanka,Australia,LPC Silva,AD Mathews,SR Watson,0,0,,,,,,,,,
446959,2010/11,2010-11-07,"Brisbane Cricket Ground, Woolloongabba",1,17.6,Sri Lanka,Australia,LPC Silva,AD Mathews,SR Watson,0,0,,,,,,,,,
446959,2010/11,2010-11-07,"Brisbane Cricket Ground, Woolloongabba",1,17.7,Sri Lanka,Australia,LPC Silva,AD Mathews,SR Watson,0,0,,,,,,,,,
446959,2010/11,2010-11-07,"Brisbane Cricket Ground, Woolloongabba",1,18.1,Sri Lanka,Australia,AD Mathews,LPC Silva,XJ Doherty,2,0,,,,,,,,,
446959,2010/11,2010-11-07,"Brisbane Cricket Ground, Woolloongabba",1,18.2,Sri Lanka,Australia,AD Mathews,LPC Silva,XJ Doherty,0,0,,,,,,,,,
446959,2010/11,2010-11-07,"Brisbane Cricket Ground, Woolloongabba",1,18.3,Sri Lanka,Australia,AD Mathews,LPC Silva,XJ Doherty,0,0,,,,,,,,,
446959,2010/11,2010-11-07,"Brisbane Cricket Ground, Woolloongabba",1,18.4,Sri Lanka,Australia,AD Mathews,LPC Silva,XJ Doherty,0,0,,,,,,,,,
446959,2010/11,2010-11-07,"Brisbane Cricket Ground, Woolloongabba",1,18.5,Sri Lanka,Australia,AD Mathews,LPC Silva,XJ Doherty,1,0,,,,,,,,,
446959,2010/11,2010-11-07,"Brisbane Cricket Ground, Woolloongabba",1,18.6,Sri Lanka,Australia,LPC Silva,AD Mathews,XJ Doherty,0,0,,,,,,,,,
446959,2010/11,2010-11-07,"Brisbane Cricket Ground, Woolloongabba",1,19.1,Sri Lanka,Australia,AD Mathews,LPC Silva,SR Watson,0,0,,,,,,,,,
446959,2010/11,2010-11-07,"Brisbane Cricket Ground, Woolloongabba",1,19.2,Sri Lanka,Australia,AD Mathews,LPC Silva,SR Watson,1,0,,,,,,,,,
446959,2010/11,2010-11-07,"Brisbane Cricket Ground, Woolloongabba",1,19.3,Sri Lanka,Australia,LPC Silva,AD Mathews,SR Watson,0,0,,,,,,,,,
446959,2010/11,2010-11-07,"Brisbane Cricket Ground, Woolloongabba",1,19.4,Sri Lanka,Australia,LPC Silva,AD Mathews,SR Watson,0,0,,,,,,,,,
446959,2010/11,2010-11-07,"Brisbane Cricket Ground, Woolloongabba",1,19.5,Sri Lanka,Australia,LPC Silva,AD Mathews,SR Watson,0,0,,,,,,,,,
446959,2010/11,2010-11-07,"Brisbane Cricket Ground, Woolloongabba",1,19.6,Sri Lanka,Australia,LPC Silva,AD Mathews,SR Watson,1,0,,,,,,,,,
446959,2010/11,2010-11-07,"Brisbane Cricket Ground, Woolloongabba",1,20.1,Sri Lanka,Australia,LPC Silva,AD Mathews,XJ Doherty,2,0,,,,,,,,,
446959,2010/11,2010-11-07,"Brisbane Cricket Ground, Woolloongabba",1,20.2,Sri Lanka,Australia,LPC Silva,AD Mathews,XJ Doherty,0,0,,,,,,,,,
446959,2010/11,2010-11-07,"Brisbane Cricket Ground, Woolloongabba",1,20.3,Sri Lanka,Australia,LPC Silva,AD Mathews,XJ Doherty,0,0,,,,,,,,,
446959,2010/11,2010-11-07,"Brisbane Cricket Ground, Woolloongabba",1,20.4,Sri Lanka,Australia,LPC Silva,AD Mathews,XJ Doherty,2,0,,,,,,,,,
446959,2010/11,2010-11-07,"Brisbane Cricket Ground, Woolloongabba",1,20.5,Sri Lanka,Australia,LPC Silva,AD Mathews,XJ Doherty,0,0,,,,,,,,,
446959,2010/11,2010-11-07,"Brisbane Cricket Ground, Woolloongabba",1,20.6,Sri Lanka,Australia,LPC Silva,AD Mathews,XJ Doherty,4,0,,,,,,,,,
446959,2010/11,2010-11-07,"Brisbane Cricket Ground, Woolloongabba",1,21.1,Sri Lanka,Australia,AD Mathews,LPC Silva,MA Starc,0,0,,,,,,,,,
446959,2010/11,2010-11-07,"Brisbane Cricket Ground, Woolloongabba",1,21.2,Sri Lanka,Australia,AD Mathews,LPC Silva,MA Starc,0,0,,,,,,,,,
446959,2010/11,2010-11-07,"Brisbane Cricket Ground, Woolloongabba",1,21.3,Sri Lanka,Australia,AD Mathews,LPC Silva,MA Starc,0,1,1,,,,,,,,
446959,2010/11,2010-11-07,"Brisbane Cricket Ground, Woolloongabba",1,21.4,Sri Lanka,Australia,AD Mathews,LPC Silva,MA Starc,0,1,1,,,,,,,,
446959,2010/11,2010-11-07,"Brisbane Cricket Ground, Woolloongabba",1,21.5,Sri Lanka,Australia,AD Mathews,LPC Silva,MA Starc,0,0,,,,,,,,,
446959,2010/11,2010-11-07,"Brisbane Cricket Ground, Woolloongabba",1,21.6,Sri Lanka,Australia,AD Mathews,LPC Silva,MA Starc,0,0,,,,,,bowled,AD Mathews,,
446959,2010/11,2010-11-07,"Brisbane Cricket Ground, Woolloongabba",1,21.7,Sri Lanka,Australia,BMAJ Mendis,LPC Silva,MA Starc,0,0,,,,,,,,,
446959,2010/11,2010-11-07,"Brisbane Cricket Ground, Woolloongabba",1,21.8,Sri Lanka,Australia,BMAJ Mendis,LPC Silva,MA Starc,0,0,,,,,,,,,
446959,2010/11,2010-11-07,"Brisbane Cricket Ground, Woolloongabba",1,22.1,Sri Lanka,Australia,LPC Silva,BMAJ Mendis,XJ Doherty,0,0,,,,,,,,,
446959,2010/11,2010-11-07,"Brisbane Cricket Ground, Woolloongabba",1,22.2,Sri Lanka,Australia,LPC Silva,BMAJ Mendis,XJ Doherty,1,0,,,,,,,,,
446959,2010/11,2010-11-07,"Brisbane Cricket Ground, Woolloongabba",1,22.3,Sri Lanka,Australia,BMAJ Mendis,LPC Silva,XJ Doherty,0,0,,,,,,,,,
446959,2010/11,2010-11-07,"Brisbane Cricket Ground, Woolloongabba",1,22.4,Sri Lanka,Australia,BMAJ Mendis,LPC Silva,XJ Doherty,0,0,,,,,,,,,
446959,2010/11,2010-11-07,"Brisbane Cricket Ground, Woolloongabba",1,22.5,Sri Lanka,Australia,BMAJ Mendis,LPC Silva,XJ Doherty,1,0,,,,,,,,,
446959,2010/11,2010-11-07,"Brisbane Cricket Ground, Woolloongabba",1,22.6,Sri Lanka,Australia,LPC Silva,BMAJ Mendis,XJ Doherty,0,0,,,,,,,,,
446959,2010/11,2010-11-07,"Brisbane Cricket Ground, Woolloongabba",1,23.1,Sri Lanka,Australia,BMAJ Mendis,LPC Silva,MA Starc,1,0,,,,,,,,,
446959,2010/11,2010-11-07,"Brisbane Cricket Ground, Woolloongabba",1,23.2,Sri Lanka,Australia,LPC Silva,BMAJ Mendis,MA Starc,0,0,,,,,,,,,
446959,2010/11,2010-11-07,"Brisbane Cricket Ground, Woolloongabba",1,23.3,Sri Lanka,Australia,LPC Silva,BMAJ Mendis,MA Starc,0,0,,,,,,,,,
446959,2010/11,2010-11-07,"Brisbane Cricket Ground, Woolloongabba",1,23.4,Sri Lanka,Australia,LPC Silva,BMAJ Mendis,MA Starc,0,0,,,,,,,,,
446959,2010/11,2010-11-07,"Brisbane Cricket Ground, Woolloongabba",1,23.5,Sri Lanka,Australia,LPC Silva,BMAJ Mendis,MA Starc,0,0,,,,,,,,,
446959,2010/11,2010-11-07,"Brisbane Cricket Ground, Woolloongabba",1,23.6,Sri Lanka,Australia,LPC Silva,BMAJ Mendis,MA Starc,1,0,,,,,,,,,
446959,2010/11,2010-11-07,"Brisbane Cricket Ground, Woolloongabba",1,24.1,Sri Lanka,Australia,LPC Silva,BMAJ Mendis,XJ Doherty,0,0,,,,,,,,,
446959,2010/11,2010-11-07,"Brisbane Cricket Ground, Woolloongabba",1,24.2,Sri Lanka,Australia,LPC Silva,BMAJ Mendis,XJ Doherty,0,1,,,,1,,,,,
446959,2010/11,2010-11-07,"Brisbane Cricket Ground, Woolloongabba",1,24.3,Sri Lanka,Australia,BMAJ Mendis,LPC Silva,XJ Doherty,0,1,1,,,,,,,,
446959,2010/11,2010-11-07,"Brisbane Cricket Ground, Woolloongabba",1,24.4,Sri Lanka,Australia,BMAJ Mendis,LPC Silva,XJ Doherty,1,0,,,,,,,,,
446959,2010/11,2010-11-07,"Brisbane Cricket Ground, Woolloongabba",1,24.5,Sri Lanka,Australia,LPC Silva,BMAJ Mendis,XJ Doherty,0,0,,,,,,,,,
446959,2010/11,2010-11-07,"Brisbane Cricket Ground, Woolloongabba",1,24.6,Sri Lanka,Australia,LPC Silva,BMAJ Mendis,XJ Doherty,1,0,,,,,,,,,
446959,2010/11,2010-11-07,"Brisbane Cricket Ground, Woolloongabba",1,24.7,Sri Lanka,Australia,BMAJ Mendis,LPC Silva,XJ Doherty,1,0,,,,,,,,,
446959,2010/11,2010-11-07,"Brisbane Cricket Ground, Woolloongabba",1,25.1,Sri Lanka,Australia,BMAJ Mendis,LPC Silva,MA Starc,0,0,,,,,,,,,
446959,2010/11,2010-11-07,"Brisbane Cricket Ground, Woolloongabba",1,25.2,Sri Lanka,Australia,BMAJ Mendis,LPC Silva,MA Starc,1,0,,,,,,,,,
446959,2010/11,2010-11-07,"Brisbane Cricket Ground, Woolloongabba",1,25.3,Sri Lanka,Australia,LPC Silva,BMAJ Mendis,MA Starc,0,0,,,,,,,,,
446959,2010/11,2010-11-07,"Brisbane Cricket Ground, Woolloongabba",1,25.4,Sri Lanka,Australia,LPC Silva,BMAJ Mendis,MA Starc,1,0,,,,,,,,,
446959,2010/11,2010-11-07,"Brisbane Cricket Ground, Woolloongabba",1,25.5,Sri Lanka,Australia,BMAJ Mendis,LPC Silva,MA Starc,0,0,,,,,,caught,BMAJ Mendis,,
446959,2010/11,2010-11-07,"Brisbane Cricket Ground, Woolloongabba",1,25.6,Sri Lanka,Australia,S Randiv,LPC Silva,MA Starc,0,0,,,,,,,,,
446959,2010/11,2010-11-07,"Brisbane Cricket Ground, Woolloongabba",1,26.1,Sri Lanka,Australia,LPC Silva,S Randiv,CJ McKay,1,0,,,,,,,,,
446959,2010/11,2010-11-07,"Brisbane Cricket Ground, Woolloongabba",1,26.2,Sri Lanka,Australia,S Randiv,LPC Silva,CJ McKay,1,0,,,,,,,,,
446959,2010/11,2010-11-07,"Brisbane Cricket Ground, Woolloongabba",1,26.3,Sri Lanka,Australia,LPC Silva,S Randiv,CJ McKay,0,0,,,,,,,,,
446959,2010/11,2010-11-07,"Brisbane Cricket Ground, Woolloongabba",1,26.4,Sri Lanka,Australia,LPC Silva,S Randiv,CJ McKay,1,0,,,,,,,,,
446959,2010/11,2010-11-07,"Brisbane Cricket Ground, Woolloongabba",1,26.5,Sri Lanka,Australia,S Randiv,LPC Silva,CJ McKay,0,0,,,,,,,,,
446959,2010/11,2010-11-07,"Brisbane Cricket Ground, Woolloongabba",1,26.6,Sri Lanka,Australia,S Randiv,LPC Silva,CJ McKay,0,0,,,,,,,,,
446959,2010/11,2010-11-07,"Brisbane Cricket Ground, Woolloongabba",1,27.1,Sri Lanka,Australia,LPC Silva,S Randiv,MA Starc,0,0,,,,,,,,,
446959,2010/11,2010-11-07,"Brisbane Cricket Ground, Woolloongabba",1,27.2,Sri Lanka,Australia,LPC Silva,S Randiv,MA Starc,0,0,,,,,,,,,
446959,2010/11,2010-11-07,"Brisbane Cricket Ground, Woolloongabba",1,27.3,Sri Lanka,Australia,LPC Silva,S Randiv,MA Starc,0,0,,,,,,,,,
446959,2010/11,2010-11-07,"Brisbane Cricket Ground, Woolloongabba",1,27.4,Sri Lanka,Australia,LPC Silva,S Randiv,MA Starc,0,0,,,,,,bowled,LPC Silva,,
446959,2010/11,2010-11-07,"Brisbane Cricket Ground, Woolloongabba",1,27.5,Sri Lanka,Australia,NLTC Perera,S Randiv,MA Starc,0,0,,,,,,,,,
446959,2010/11,2010-11-07,"Brisbane Cricket Ground, Woolloongabba",1,27.6,Sri Lanka,Australia,NLTC Perera,S Randiv,MA Starc,1,0,,,,,,,,,
446959,2010/11,2010-11-07,"Brisbane Cricket Ground, Woolloongabba",1,28.1,Sri Lanka,Australia,NLTC Perera,S Randiv,CJ McKay,0,0,,,,,,,,,
446959,2010/11,2010-11-07,"Brisbane Cricket Ground, Woolloongabba",1,28.2,Sri Lanka,Australia,NLTC Perera,S Randiv,CJ McKay,0,4,,,,4,,,,,
446959,2010/11,2010-11-07,"Brisbane Cricket Ground, Woolloongabba",1,28.3,Sri Lanka,Australia,NLTC Perera,S Randiv,CJ McKay,0,1,1,,,,,,,,
446959,2010/11,2010-11-07,"Brisbane Cricket Ground, Woolloongabba",1,28.4,Sri Lanka,Australia,NLTC Perera,S Randiv,CJ McKay,0,0,,,,,,,,,
446959,2010/11,2010-11-07,"Brisbane Cricket Ground, Woolloongabba",1,28.5,Sri Lanka,Australia,NLTC Perera,S Randiv,CJ McKay,2,0,,,,,,,,,
446959,2010/11,2010-11-07,"Brisbane Cricket Ground, Woolloongabba",1,28.6,Sri Lanka,Australia,NLTC Perera,S Randiv,CJ McKay,0,0,,,,,,caught,NLTC Perera,,
446959,2010/11,2010-11-07,"Brisbane Cricket Ground, Woolloongabba",1,28.7,Sri Lanka,Australia,S Randiv,SL Malinga,CJ McKay,1,0,,,,,,,,,
446959,2010/11,2010-11-07,"Brisbane Cricket Ground, Woolloongabba",1,29.1,Sri Lanka,Australia,S Randiv,SL Malinga,MA Starc,1,0,,,,,,,,,
446959,2010/11,2010-11-07,"Brisbane Cricket Ground, Woolloongabba",1,29.2,Sri Lanka,Australia,SL Malinga,S Randiv,MA Starc,0,0,,,,,,,,,
446959,2010/11,2010-11-07,"Brisbane Cricket Ground, Woolloongabba",1,29.3,Sri Lanka,Australia,SL Malinga,S Randiv,MA Starc,0,1,1,,,,,,,,
446959,2010/11,2010-11-07,"Brisbane Cricket Ground, Woolloongabba",1,29.4,Sri Lanka,Australia,SL Malinga,S Randiv,MA Starc,0,0,,,,,,,,,
446959,2010/11,2010-11-07,"Brisbane Cricket Ground, Woolloongabba",1,29.5,Sri Lanka,Australia,SL Malinga,S Randiv,MA Starc,0,0,,,,,,,,,
446959,2010/11,2010-11-07,"Brisbane Cricket Ground, Woolloongabba",1,29.6,Sri Lanka,Australia,SL Malinga,S Randiv,MA Starc,2,0,,,,,,,,,
446959,2010/11,2010-11-07,"Brisbane Cricket Ground, Woolloongabba",1,29.7,Sri Lanka,Australia,SL Malinga,S Randiv,MA Starc,0,0,,,,,,,,,
446959,2010/11,2010-11-07,"Brisbane Cricket Ground, Woolloongabba",1,30.1,Sri Lanka,Australia,S Randiv,SL Malinga,CJ McKay,4,0,,,,,,,,,
446959,2010/11,2010-11-07,"Brisbane Cricket Ground, Woolloongabba",1,30.2,Sri Lanka,Australia,S Randiv,SL Malinga,CJ McKay,0,0,,,,,,,,,
446959,2010/11,2010-11-07,"Brisbane Cricket Ground, Woolloongabba",1,30.3,Sri Lanka,Australia,S Randiv,SL Malinga,CJ McKay,0,0,,,,,,bowled,S Randiv,,
446959,2010/11,2010-11-07,"Brisbane Cricket Ground, Woolloongabba",1,30.4,Sri Lanka,Australia,CRD Fernando,SL Malinga,CJ McKay,0,0,,,,,,,,,
446959,2010/11,2010-11-07,"Brisbane Cricket Ground, Woolloongabba",1,30.5,Sri Lanka,Australia,CRD Fernando,SL Malinga,CJ McKay,1,0,,,,,,,,,
446959,2010/11,2010-11-07,"Brisbane Cricket Ground, Woolloongabba",1,30.6,Sri Lanka,Australia,SL Malinga,CRD Fernando,CJ McKay,0,0,,,,,,,,,
446959,2010/11,2010-11-07,"Brisbane Cricket Ground, Woolloongabba",1,31.1,Sri Lanka,Australia,CRD Fernando,SL Malinga,MA Starc,0,0,,,,,,,,,
446959,2010/11,2010-11-07,"Brisbane Cricket Ground, Woolloongabba",1,31.2,Sri Lanka,Australia,CRD Fernando,SL Malinga,MA Starc,0,1,1,,,,,,,,
446959,2010/11,2010-11-07,"Brisbane Cricket Ground, Woolloongabba",1,31.3,Sri Lanka,Australia,CRD Fernando,SL Malinga,MA Starc,0,0,,,,,,,,,
446959,2010/11,2010-11-07,"Brisbane Cricket Ground, Woolloongabba",1,31.4,Sri Lanka,Australia,CRD Fernando,SL Malinga,MA Starc,1,0,,,,,,,,,
446959,2010/11,2010-11-07,"Brisbane Cricket Ground, Woolloongabba",1,31.5,Sri Lanka,Australia,SL Malinga,CRD Fernando,MA Starc,0,0,,,,,,,,,
446959,2010/11,2010-11-07,"Brisbane Cricket Ground, Woolloongabba",1,31.6,Sri Lanka,Australia,SL Malinga,CRD Fernando,MA Starc,0,0,,,,,,,,,
446959,2010/11,2010-11-07,"Brisbane Cricket Ground, Woolloongabba",1,31.7,Sri Lanka,Australia,SL Malinga,CRD Fernando,MA Starc,0,0,,,,,,caught,SL Malinga,,
446959,2010/11,2010-11-07,"Brisbane Cricket Ground, Woolloongabba",2,0.1,Australia,Sri Lanka,SR Watson,BJ Haddin,SL Malinga,1,0,,,,,,,,,
446959,2010/11,2010-11-07,"Brisbane Cricket Ground, Woolloongabba",2,0.2,Australia,Sri Lanka,BJ Haddin,SR Watson,SL Malinga,0,0,,,,,,,,,
446959,2010/11,2010-11-07,"Brisbane Cricket Ground, Woolloongabba",2,0.3,Australia,Sri Lanka,BJ Haddin,SR Watson,SL Malinga,0,0,,,,,,,,,
446959,2010/11,2010-11-07,"Brisbane Cricket Ground, Woolloongabba",2,0.4,Australia,Sri Lanka,BJ Haddin,SR Watson,SL Malinga,0,0,,,,,,,,,
446959,2010/11,2010-11-07,"Brisbane Cricket Ground, Woolloongabba",2,0.5,Australia,Sri Lanka,BJ Haddin,SR Watson,SL Malinga,2,0,,,,,,,,,
446959,2010/11,2010-11-07,"Brisbane Cricket Ground, Woolloongabba",2,0.6,Australia,Sri Lanka,BJ Haddin,SR Watson,SL Malinga,0,0,,,,,,,,,
446959,2010/11,2010-11-07,"Brisbane Cricket Ground, Woolloongabba",2,1.1,Australia,Sri Lanka,SR Watson,BJ Haddin,CRD Fernando,3,0,,,,,,,,,
446959,2010/11,2010-11-07,"Brisbane Cricket Ground, Woolloongabba",2,1.2,Australia,Sri Lanka,BJ Haddin,SR Watson,CRD Fernando,1,1,,1,,,,,,,
446959,2010/11,2010-11-07,"Brisbane Cricket Ground, Woolloongabba",2,1.3,Australia,Sri Lanka,SR Watson,BJ Haddin,CRD Fernando,2,0,,,,,,,,,
446959,2010/11,2010-11-07,"Brisbane Cricket Ground, Woolloongabba",2,1.4,Australia,Sri Lanka,SR Watson,BJ Haddin,CRD Fernando,0,2,,2,,,,,,,
446959,2010/11,2010-11-07,"Brisbane Cricket Ground, Woolloongabba",2,1.5,Australia,Sri Lanka,BJ Haddin,SR Watson,CRD Fernando,0,1,1,,,,,,,,
446959,2010/11,2010-11-07,"Brisbane Cricket Ground, Woolloongabba",2,1.6,Australia,Sri Lanka,BJ Haddin,SR Watson,CRD Fernando,0,0,,,,,,,,,
446959,2010/11,2010-11-07,"Brisbane Cricket Ground, Woolloongabba",2,1.7,Australia,Sri Lanka,BJ Haddin,SR Watson,CRD Fernando,0,0,,,,,,,,,
446959,2010/11,2010-11-07,"Brisbane Cricket Ground, Woolloongabba",2,1.8,Australia,Sri Lanka,BJ Haddin,SR Watson,CRD Fernando,1,0,,,,,,,,,
446959,2010/11,2010-11-07,"Brisbane Cricket Ground, Woolloongabba",2,1.9,Australia,Sri Lanka,SR Watson,BJ Haddin,CRD Fernando,0,0,,,,,,,,,
446959,2010/11,2010-11-07,"Brisbane Cricket Ground, Woolloongabba",2,2.1,Australia,Sri Lanka,BJ Haddin,SR Watson,SL Malinga,0,1,1,,,,,,,,
446959,2010/11,2010-11-07,"Brisbane Cricket Ground, Woolloongabba",2,2.2,Australia,Sri Lanka,BJ Haddin,SR Watson,SL Malinga,2,0,,,,,,,,,
446959,2010/11,2010-11-07,"Brisbane Cricket Ground, Woolloongabba",2,2.3,Australia,Sri Lanka,BJ Haddin,SR Watson,SL Malinga,0,0,,,,,,,,,
446959,2010/11,2010-11-07,"Brisbane Cricket Ground, Woolloongabba",2,2.4,Australia,Sri Lanka,BJ Haddin,SR Watson,SL Malinga,1,0,,,,,,,,,
446959,2010/11,2010-11-07,"Brisbane Cricket Ground, Woolloongabba",2,2.5,Australia,Sri Lanka,SR Watson,BJ Haddin,SL Malinga,0,1,1,,,,,,,,
446959,2010/11,2010-11-07,"Brisbane Cricket Ground, Woolloongabba",2,2.6,Australia,Sri Lanka,SR Watson,BJ Haddin,SL Malinga,1,0,,,,,,,,,
446959,2010/11,2010-11-07,"Brisbane Cricket Ground, Woolloongabba",2,2.7,Australia,Sri Lanka,BJ Haddin,SR Watson,SL Malinga,0,0,,,,,,,,,
446959,2010/11,2010-11-07,"Brisbane Cricket Ground, Woolloongabba",2,2.8,Australia,Sri Lanka,BJ Haddin,SR Watson,SL Malinga,0,0,,,,,,,,,
446959,2010/11,2010-11-07,"Brisbane Cricket Ground, Woolloongabba",2,3.1,Australia,Sri Lanka,SR Watson,BJ Haddin,CRD Fernando,4,0,,,,,,,,,
446959,2010/11,2010-11-07,"Brisbane Cricket Ground, Woolloongabba",2,3.2,Australia,Sri Lanka,SR Watson,BJ Haddin,CRD Fernando,0,0,,,,,,,,,
446959,2010/11,2010-11-07,"Brisbane Cricket Ground, Woolloongabba",2,3.3,Australia,Sri Lanka,SR Watson,BJ Haddin,CRD Fernando,0,0,,,,,,,,,
446959,2010/11,2010-11-07,"Brisbane Cricket Ground, Woolloongabba",2,3.4,Australia,Sri Lanka,SR Watson,BJ Haddin,CRD Fernando,0,0,,,,,,,,,
446959,2010/11,2010-11-07,"Brisbane Cricket Ground, Woolloongabba",2,3.5,Australia,Sri Lanka,SR Watson,BJ Haddin,CRD Fernando,0,0,,,,,,,,,
446959,2010/11,2010-11-07,"Brisbane Cricket Ground, Woolloongabba",2,3.6,Australia,Sri Lanka,SR Watson,BJ Haddin,CRD Fernando,1,0,,,,,,,,,
446959,2010/11,2010-11-07,"Brisbane Cricket Ground, Woolloongabba",2,4.1,Australia,Sri Lanka,SR Watson,BJ Haddin,SL Malinga,3,0,,,,,,,,,
446959,2010/11,2010-11-07,"Brisbane Cricket Ground, Woolloongabba",2,4.2,Australia,Sri Lanka,BJ Haddin,SR Watson,SL Malinga,0,0,,,,,,,,,
446959,2010/11,2010-11-07,"Brisbane Cricket Ground, Woolloongabba",2,4.3,Australia,Sri Lanka,BJ Haddin,SR Watson,SL Malinga,0,0,,,,,,,,,
446959,2010/11,2010-11-07,"Brisbane Cricket Ground, Woolloongabba",2,4.4,Australia,Sri Lanka,BJ Haddin,SR Watson,SL Malinga,2,0,,,,,,,,,
446959,2010/11,2010-11-07,"Brisbane Cricket Ground, Woolloongabba",2,4.5,Australia,Sri Lanka,BJ Haddin,SR Watson,SL Malinga,0,0,,,,,,,,,
446959,2010/11,2010-11-07,"Brisbane Cricket Ground, Woolloongabba",2,4.6,Australia,Sri Lanka,BJ Haddin,SR Watson,SL Malinga,4,0,,,,,,,,,
446959,2010/11,2010-11-07,"Brisbane Cricket Ground, Woolloongabba",2,5.1,Australia,Sri Lanka,SR Watson,BJ Haddin,CRD Fernando,0,1,1,,,,,,,,
446959,2010/11,2010-11-07,"Brisbane Cricket Ground, Woolloongabba",2,5.2,Australia,Sri Lanka,SR Watson,BJ Haddin,CRD Fernando,0,0,,,,,,caught,SR Watson,,
446959,2010/11,2010-11-07,"Brisbane Cricket Ground, Woolloongabba",2,5.3,Australia,Sri Lanka,MJ Clarke,BJ Haddin,CRD Fernando,0,0,,,,,,,,,
446959,2010/11,2010-11-07,"Brisbane Cricket Ground, Woolloongabba",2,5.4,Australia,Sri Lanka,MJ Clarke,BJ Haddin,CRD Fernando,0,0,,,,,,,,,
446959,2010/11,2010-11-07,"Brisbane Cricket Ground, Woolloongabba",2,5.5,Australia,Sri Lanka,MJ Clarke,BJ Haddin,CRD Fernando,0,0,,,,,,,,,
446959,2010/11,2010-11-07,"Brisbane Cricket Ground, Woolloongabba",2,5.6,Australia,Sri Lanka,MJ Clarke,BJ Haddin,CRD Fernando,4,0,,,,,,,,,
446959,2010/11,2010-11-07,"Brisbane Cricket Ground, Woolloongabba",2,5.7,Australia,Sri Lanka,MJ Clarke,BJ Haddin,CRD Fernando,0,0,,,,,,,,,
446959,2010/11,2010-11-07,"Brisbane Cricket Ground, Woolloongabba",2,6.1,Australia,Sri Lanka,BJ Haddin,MJ Clarke,NLTC Perera,0,0,,,,,,,,,
446959,2010/11,2010-11-07,"Brisbane Cricket Ground, Woolloongabba",2,6.2,Australia,Sri Lanka,BJ Haddin,MJ Clarke,NLTC Perera,1,0,,,,,,,,,
446959,2010/11,2010-11-07,"Brisbane Cricket Ground, Woolloongabba",2,6.3,Australia,Sri Lanka,MJ Clarke,BJ Haddin,NLTC Perera,0,0,,,,,,,,,
446959,2010/11,2010-11-07,"Brisbane Cricket Ground, Woolloongabba",2,6.4,Australia,Sri Lanka,MJ Clarke,BJ Haddin,NLTC Perera,0,0,,,,,,,,,
446959,2010/11,2010-11-07,"Brisbane Cricket Ground, Woolloongabba",2,6.5,Australia,Sri Lanka,MJ Clarke,BJ Haddin,NLTC Perera,2,0,,,,,,,,,
446959,2010/11,2010-11-07,"Brisbane Cricket Ground, Woolloongabba",2,6.6,Australia,Sri Lanka,MJ Clarke,BJ Haddin,NLTC Perera,0,0,,,,,,,,,
446959,2010/11,2010-11-07,"Brisbane Cricket Ground, Woolloongabba",2,7.1,Australia,Sri Lanka,BJ Haddin,MJ Clarke,CRD Fernando,3,0,,,,,,,,,
446959,2010/11,2010-11-07,"Brisbane Cricket Ground, Woolloongabba",2,7.2,Australia,Sri Lanka,MJ Clarke,BJ Haddin,CRD Fernando,1,0,,,,,,,,,
446959,2010/11,2010-11-07,"Brisbane Cricket Ground, Woolloongabba",2,7.3,Australia,Sri Lanka,BJ Haddin,MJ Clarke,CRD Fernando,0,0,,,,,,,,,
446959,2010/11,2010-11-07,"Brisbane Cricket Ground, Woolloongabba",2,7.4,Australia,Sri Lanka,BJ Haddin,MJ Clarke,CRD Fernando,0,0,,,,,,,,,
446959,2010/11,2010-11-07,"Brisbane Cricket Ground, Woolloongabba",2,7.5,Australia,Sri Lanka,BJ Haddin,MJ Clarke,CRD Fernando,0,0,,,,,,,,,
446959,2010/11,2010-11-07,"Brisbane Cricket Ground, Woolloongabba",2,7.6,Australia,Sri Lanka,BJ Haddin,MJ Clarke,CRD Fernando,0,0,,,,,,,,,
446959,2010/11,2010-11-07,"Brisbane Cricket Ground, Woolloongabba",2,8.1,Australia,Sri Lanka,MJ Clarke,BJ Haddin,NLTC Perera,0,0,,,,,,,,,
446959,2010/11,2010-11-07,"Brisbane Cricket Ground, Woolloongabba",2,8.2,Australia,Sri Lanka,MJ Clarke,BJ Haddin,NLTC Perera,0,0,,,,,,,,,
446959,2010/11,2010-11-07,"Brisbane Cricket Ground, Woolloongabba",2,8.3,Australia,Sri Lanka,MJ Clarke,BJ Haddin,NLTC Perera,0,0,,,,,,,,,
446959,2010/11,2010-11-07,"Brisbane Cricket Ground, Woolloongabba",2,8.4,Australia,Sri Lanka,MJ Clarke,BJ Haddin,NLTC Perera,4,0,,,,,,,,,
446959,2010/11,2010-11-07,"Brisbane Cricket Ground, Woolloongabba",2,8.5,Australia,Sri Lanka,MJ Clarke,BJ Haddin,NLTC Perera,4,0,,,,,,,,,
446959,2010/11,2010-11-07,"Brisbane Cricket Ground, Woolloongabba",2,8.6,Australia,Sri Lanka,MJ Clarke,BJ Haddin,NLTC Perera,0,0,,,,,,,,,
446959,2010/11,2010-11-07,"Brisbane Cricket Ground, Woolloongabba",2,9.1,Australia,Sri Lanka,BJ Haddin,MJ Clarke,CRD Fernando,1,0,,,,,,,,,
446959,2010/11,2010-11-07,"Brisbane Cricket Ground, Woolloongabba",2,9.2,Australia,Sri Lanka,MJ Clarke,BJ Haddin,CRD Fernando,0,3,3,,,,,,,,
446959,2010/11,2010-11-07,"Brisbane Cricket Ground, Woolloongabba",2,9.3,Australia,Sri Lanka,MJ Clarke,BJ Haddin,CRD Fernando,0,0,,,,,,,,,
446959,2010/11,2010-11-07,"Brisbane Cricket Ground, Woolloongabba",2,9.4,Australia,Sri Lanka,MJ Clarke,BJ Haddin,CRD Fernando,4,0,,,,,,,,,
446959,2010/11,2010-11-07,"Brisbane Cricket Ground, Woolloongabba",2,9.5,Australia,Sri Lanka,MJ Clarke,BJ Haddin,CRD Fernando,1,0,,,,,,,,,
446959,2010/11,2010-11-07,"Brisbane Cricket Ground, Woolloongabba",2,9.6,Australia,Sri Lanka,BJ Haddin,MJ Clarke,CRD Fernando,0,0,,,,,,,,,
446959,2010/11,2010-11-07,"Brisbane Cricket Ground, Woolloongabba",2,9.7,Australia,Sri Lanka,BJ Haddin,MJ Clarke,CRD Fernando,0,0,,,,,,,,,
446959,2010/11,2010-11-07,"Brisbane Cricket Ground, Woolloongabba",2,10.1,Australia,Sri Lanka,MJ Clarke,BJ Haddin,BMAJ Mendis,1,0,,,,,,,,,
446959,2010/11,2010-11-07,"Brisbane Cricket Ground, Woolloongabba",2,10.2,Australia,Sri Lanka,BJ Haddin,MJ Clarke,BMAJ Mendis,1,0,,,,,,,,,
446959,2010/11,2010-11-07,"Brisbane Cricket Ground, Woolloongabba",2,10.3,Australia,Sri Lanka,MJ Clarke,BJ Haddin,BMAJ Mendis,0,0,,,,,,,,,
446959,2010/11,2010-11-07,"Brisbane Cricket Ground, Woolloongabba",2,10.4,Australia,Sri Lanka,MJ Clarke,BJ Haddin,BMAJ Mendis,3,0,,,,,,,,,
446959,2010/11,2010-11-07,"Brisbane Cricket Ground, Woolloongabba",2,10.5,Australia,Sri Lanka,BJ Haddin,MJ Clarke,BMAJ Mendis,4,0,,,,,,,,,
446959,2010/11,2010-11-07,"Brisbane Cricket Ground, Woolloongabba",2,10.6,Australia,Sri Lanka,BJ Haddin,MJ Clarke,BMAJ Mendis,1,0,,,,,,,,,
446959,2010/11,2010-11-07,"Brisbane Cricket Ground, Woolloongabba",2,11.1,Australia,Sri Lanka,BJ Haddin,MJ Clarke,CRD Fernando,0,0,,,,,,,,,
446959,2010/11,2010-11-07,"Brisbane Cricket Ground, Woolloongabba",2,11.2,Australia,Sri Lanka,BJ Haddin,MJ Clarke,CRD Fernando,0,0,,,,,,,,,
446959,2010/11,2010-11-07,"Brisbane Cricket Ground, Woolloongabba",2,11.3,Australia,Sri Lanka,BJ Haddin,MJ Clarke,CRD Fernando,0,0,,,,,,,,,
446959,2010/11,2010-11-07,"Brisbane Cricket Ground, Woolloongabba",2,11.4,Australia,Sri Lanka,BJ Haddin,MJ Clarke,CRD Fernando,1,0,,,,,,,,,
446959,2010/11,2010-11-07,"Brisbane Cricket Ground, Woolloongabba",2,11.5,Australia,Sri Lanka,MJ Clarke,BJ Haddin,CRD Fernando,1,0,,,,,,,,,
446959,2010/11,2010-11-07,"Brisbane Cricket Ground, Woolloongabba",2,11.6,Australia,Sri Lanka,BJ Haddin,MJ Clarke,CRD Fernando,0,1,,1,,,,,,,
446959,2010/11,2010-11-07,"Brisbane Cricket Ground, Woolloongabba",2,11.7,Australia,Sri Lanka,BJ Haddin,MJ Clarke,CRD Fernando,0,0,,,,,,,,,
446959,2010/11,2010-11-07,"Brisbane Cricket Ground, Woolloongabba",2,12.1,Australia,Sri Lanka,MJ Clarke,BJ Haddin,SL Malinga,0,0,,,,,,,,,
446959,2010/11,2010-11-07,"Brisbane Cricket Ground, Woolloongabba",2,12.2,Australia,Sri Lanka,MJ Clarke,BJ Haddin,SL Malinga,1,0,,,,,,,,,
446959,2010/11,2010-11-07,"Brisbane Cricket Ground, Woolloongabba",2,12.3,Australia,Sri Lanka,BJ Haddin,MJ Clarke,SL Malinga,4,0,,,,,,,,,
446959,2010/11,2010-11-07,"Brisbane Cricket Ground, Woolloongabba",2,12.4,Australia,Sri Lanka,BJ Haddin,MJ Clarke,SL Malinga,1,0,,,,,,,,,
446959,2010/11,2010-11-07,"Brisbane Cricket Ground, Woolloongabba",2,12.5,Australia,Sri Lanka,MJ Clarke,BJ Haddin,SL Malinga,0,0,,,,,,,,,
446959,2010/11,2010-11-07,"Brisbane Cricket Ground, Woolloongabba",2,12.6,Australia,Sri Lanka,MJ Clarke,BJ Haddin,SL Malinga,0,0,,,,,,,,,
446959,2010/11,2010-11-07,"Brisbane Cricket Ground, Woolloongabba",2,13.1,Australia,Sri Lanka,BJ Haddin,MJ Clarke,CRD Fernando,0,0,,,,,,,,,
446959,2010/11,2010-11-07,"Brisbane Cricket Ground, Woolloongabba",2,13.2,Australia,Sri Lanka,BJ Haddin,MJ Clarke,CRD Fernando,0,0,,,,,,,,,
446959,2010/11,2010-11-07,"Brisbane Cricket Ground, Woolloongabba",2,13.3,Australia,Sri Lanka,BJ Haddin,MJ Clarke,CRD Fernando,1,0,,,,,,,,,
446959,2010/11,2010-11-07,"Brisbane Cricket Ground, Woolloongabba",2,13.4,Australia,Sri Lanka,MJ Clarke,BJ Haddin,CRD Fernando,0,0,,,,,,,,,
446959,2010/11,2010-11-07,"Brisbane Cricket Ground, Woolloongabba",2,13.5,Australia,Sri Lanka,MJ Clarke,BJ Haddin,CRD Fernando,1,0,,,,,,,,,
446959,2010/11,2010-11-07,"Brisbane Cricket Ground, Woolloongabba",2,13.6,Australia,Sri Lanka,BJ Haddin,MJ Clarke,CRD Fernando,0,0,,,,,,caught and bowled,BJ Haddin,,
446959,2010/11,2010-11-07,"Brisbane Cricket Ground, Woolloongabba",2,14.1,Australia,Sri Lanka,MEK Hussey,MJ Clarke,SL Malinga,0,1,1,,,,,,,,
446959,2010/11,2010-11-07,"Brisbane Cricket Ground, Woolloongabba",2,14.2,Australia,Sri Lanka,MEK Hussey,MJ Clarke,SL Malinga,0,0,,,,,,,,,
446959,2010/11,2010-11-07,"Brisbane Cricket Ground, Woolloongabba",2,14.3,Australia,Sri Lanka,MEK Hussey,MJ Clarke,SL Malinga,0,0,,,,,,,,,
446959,2010/11,2010-11-07,"Brisbane Cricket Ground, Woolloongabba",2,14.4,Australia,Sri Lanka,MEK Hussey,MJ Clarke,SL Malinga,0,0,,,,,,,,,
446959,2010/11,2010-11-07,"Brisbane Cricket Ground, Woolloongabba",2,14.5,Australia,Sri Lanka,MEK Hussey,MJ Clarke,SL Malinga,0,0,,,,,,,,,
446959,2010/11,2010-11-07,"Brisbane Cricket Ground, Woolloongabba",2,14.6,Australia,Sri Lanka,MEK Hussey,MJ Clarke,SL Malinga,0,1,1,,,,,,,,
446959,2010/11,2010-11-07,"Brisbane Cricket Ground, Woolloongabba",2,14.7,Australia,Sri Lanka,MEK Hussey,MJ Clarke,SL Malinga,0,0,,,,,,,,,
446959,2010/11,2010-11-07,"Brisbane Cricket Ground, Woolloongabba",2,14.8,Australia,Sri Lanka,MEK Hussey,MJ Clarke,SL Malinga,2,0,,,,,,,,,
446959,2010/11,2010-11-07,"Brisbane Cricket Ground, Woolloongabba",2,15.1,Australia,Sri Lanka,MJ Clarke,MEK Hussey,CRD Fernando,0,0,,,,,,,,,
446959,2010/11,2010-11-07,"Brisbane Cricket Ground, Woolloongabba",2,15.2,Australia,Sri Lanka,MJ Clarke,MEK Hussey,CRD Fernando,1,1,,1,,,,,,,
446959,2010/11,2010-11-07,"Brisbane Cricket Ground, Woolloongabba",2,15.3,Australia,Sri Lanka,MEK Hussey,MJ Clarke,CRD Fernando,0,1,,,,1,,,,,
446959,2010/11,2010-11-07,"Brisbane Cricket Ground, Woolloongabba",2,15.4,Australia,Sri Lanka,MJ Clarke,MEK Hussey,CRD Fernando,0,0,,,,,,,,,
446959,2010/11,2010-11-07,"Brisbane Cricket Ground, Woolloongabba",2,15.5,Australia,Sri Lanka,MJ Clarke,MEK Hussey,CRD Fernando,4,0,,,,,,,,,
446959,2010/11,2010-11-07,"Brisbane Cricket Ground, Woolloongabba",2,15.6,Australia,Sri Lanka,MJ Clarke,MEK Hussey,CRD Fernando,1,0,,,,,,,,,
446959,2010/11,2010-11-07,"Brisbane Cricket Ground, Woolloongabba",2,15.7,Australia,Sri Lanka,MEK Hussey,MJ Clarke,CRD Fernando,0,1,,1,,,,,,,
446959,2010/11,2010-11-07,"Brisbane Cricket Ground, Woolloongabba",2,15.8,Australia,Sri Lanka,MEK Hussey,MJ Clarke,CRD Fernando,0,0,,,,,,,,,
446959,2010/11,2010-11-07,"Brisbane Cricket Ground, Woolloongabba",2,16.1,Australia,Sri Lanka,MJ Clarke,MEK Hussey,SL Malinga,0,0,,,,,,,,,
446959,2010/11,2010-11-07,"Brisbane Cricket Ground, Woolloongabba",2,16.2,Australia,Sri Lanka,MJ Clarke,MEK Hussey,SL Malinga,2,0,,,,,,,,,
446959,2010/11,2010-11-07,"Brisbane Cricket Ground, Woolloongabba",2,16.3,Australia,Sri Lanka,MJ Clarke,MEK Hussey,SL Malinga,0,0,,,,,,,,,
446959,2010/11,2010-11-07,"Brisbane Cricket Ground, Woolloongabba",2,16.4,Australia,Sri Lanka,MJ Clarke,MEK Hussey,SL Malinga,0,0,,,,,,,,,
446959,2010/11,2010-11-07,"Brisbane Cricket Ground, Woolloongabba",2,16.5,Australia,Sri Lanka,MJ Clarke,MEK Hussey,SL Malinga,0,1,1,,,,,,,,
446959,2010/11,2010-11-07,"Brisbane Cricket Ground, Woolloongabba",2,16.6,Australia,Sri Lanka,MJ Clarke,MEK Hussey,SL Malinga,0,0,,,,,,,,,
446959,2010/11,2010-11-07,"Brisbane Cricket Ground, Woolloongabba",2,16.7,Australia,Sri Lanka,MJ Clarke,MEK Hussey,SL Malinga,0,0,,,,,,,,,
446959,2010/11,2010-11-07,"Brisbane Cricket Ground, Woolloongabba",2,17.1,Australia,Sri Lanka,MEK Hussey,MJ Clarke,NLTC Perera,2,0,,,,,,,,,
446959,2010/11,2010-11-07,"Brisbane Cricket Ground, Woolloongabba",2,17.2,Australia,Sri Lanka,MEK Hussey,MJ Clarke,NLTC Perera,0,0,,,,,,,,,
446959,2010/11,2010-11-07,"Brisbane Cricket Ground, Woolloongabba",2,17.3,Australia,Sri Lanka,MEK Hussey,MJ Clarke,NLTC Perera,0,0,,,,,,,,,
446959,2010/11,2010-11-07,"Brisbane Cricket Ground, Woolloongabba",2,17.4,Australia,Sri Lanka,MEK Hussey,MJ Clarke,NLTC Perera,0,0,,,,,,,,,
446959,2010/11,2010-11-07,"Brisbane Cricket Ground, Woolloongabba",2,17.5,Australia,Sri Lanka,MEK Hussey,MJ Clarke,NLTC Perera,1,0,,,,,,,,,
446959,2010/11,2010-11-07,"Brisbane Cricket Ground, Woolloongabba",2,17.6,Australia,Sri Lanka,MJ Clarke,MEK Hussey,NLTC Perera,1,0,,,,,,,,,
446959,2010/11,2010-11-07,"Brisbane Cricket Ground, Woolloongabba",2,18.1,Australia,Sri Lanka,MJ Clarke,MEK Hussey,S Randiv,1,0,,,,,,,,,
446959,2010/11,2010-11-07,"Brisbane Cricket Ground, Woolloongabba",2,18.2,Australia,Sri Lanka,MEK Hussey,MJ Clarke,S Randiv,0,0,,,,,,,,,
446959,2010/11,2010-11-07,"Brisbane Cricket Ground, Woolloongabba",2,18.3,Australia,Sri Lanka,MEK Hussey,MJ Clarke,S Randiv,0,0,,,,,,,,,
446959,2010/11,2010-11-07,"Brisbane Cricket Ground, Woolloongabba",2,18.4,Australia,Sri Lanka,MEK Hussey,MJ Clarke,S Randiv,0,0,,,,,,,,,
446959,2010/11,2010-11-07,"Brisbane Cricket Ground, Woolloongabba",2,18.5,Australia,Sri Lanka,MEK Hussey,MJ Clarke,S Randiv,0,0,,,,,,,,,
446959,2010/11,2010-11-07,"Brisbane Cricket Ground, Woolloongabba",2,18.6,Australia,Sri Lanka,MEK Hussey,MJ Clarke,S Randiv,1,0,,,,,,,,,
446959,2010/11,2010-11-07,"Brisbane Cricket Ground, Woolloongabba",2,19.1,Australia,Sri Lanka,MEK Hussey,MJ Clarke,NLTC Perera,0,0,,,,,,,,,
446959,2010/11,2010-11-07,"Brisbane Cricket Ground, Woolloongabba",2,19.2,Australia,Sri Lanka,MEK Hussey,MJ Clarke,NLTC Perera,0,0,,,,,,,,,
446959,2010/11,2010-11-07,"Brisbane Cricket Ground, Woolloongabba",2,19.3,Australia,Sri Lanka,MEK Hussey,MJ Clarke,NLTC Perera,0,0,,,,,,,,,
446959,2010/11,2010-11-07,"Brisbane Cricket Ground, Woolloongabba",2,19.4,Australia,Sri Lanka,MEK Hussey,MJ Clarke,NLTC Perera,0,0,,,,,,,,,
446959,2010/11,2010-11-07,"Brisbane Cricket Ground, Woolloongabba",2,19.5,Australia,Sri Lanka,MEK Hussey,MJ Clarke,NLTC Perera,0,0,,,,,,,,,
446959,2010/11,2010-11-07,"Brisbane Cricket Ground, Woolloongabba",2,19.6,Australia,Sri Lanka,MEK Hussey,MJ Clarke,NLTC Perera,0,0,,,,,,,,,
446959,2010/11,2010-11-07,"Brisbane Cricket Ground, Woolloongabba",2,20.1,Australia,Sri Lanka,MJ Clarke,MEK Hussey,S Randiv,0,0,,,,,,,,,
446959,2010/11,2010-11-07,"Brisbane Cricket Ground, Woolloongabba",2,20.2,Australia,Sri Lanka,MJ Clarke,MEK Hussey,S Randiv,6,0,,,,,,,,,
446959,2010/11,2010-11-07,"Brisbane Cricket Ground, Woolloongabba",2,20.3,Australia,Sri Lanka,MJ Clarke,MEK Hussey,S Randiv,2,0,,,,,,,,,
446959,2010/11,2010-11-07,"Brisbane Cricket Ground, Woolloongabba",2,20.4,Australia,Sri Lanka,MJ Clarke,MEK Hussey,S Randiv,0,0,,,,,,,,,
446959,2010/11,2010-11-07,"Brisbane Cricket Ground, Woolloongabba",2,20.5,Australia,Sri Lanka,MJ Clarke,MEK Hussey,S Randiv,1,0,,,,,,,,,
446959,2010/11,2010-11-07,"Brisbane Cricket Ground, Woolloongabba",2,20.6,Australia,Sri Lanka,MEK Hussey,MJ Clarke,S Randiv,0,0,,,,,,,,,
446959,2010/11,2010-11-07,"Brisbane Cricket Ground, Woolloongabba",2,21.1,Australia,Sri Lanka,MJ Clarke,MEK Hussey,NLTC Perera,0,0,,,,,,,,,
446959,2010/11,2010-11-07,"Brisbane Cricket Ground, Woolloongabba",2,21.2,Australia,Sri Lanka,MJ Clarke,MEK Hussey,NLTC Perera,0,0,,,,,,,,,
446959,2010/11,2010-11-07,"Brisbane Cricket Ground, Woolloongabba",2,21.3,Australia,Sri Lanka,MJ Clarke,MEK Hussey,NLTC Perera,0,0,,,,,,,,,
446959,2010/11,2010-11-07,"Brisbane Cricket Ground, Woolloongabba",2,21.4,Australia,Sri Lanka,MJ Clarke,MEK Hussey,NLTC Perera,4,0,,,,,,,,,
