match_id,season,start_date,venue,innings,ball,batting_team,bowling_team,striker,non_striker,bowler,runs_off_bat,extras,wides,noballs,byes,legbyes,penalty,wicket_type,player_dismissed,other_wicket_type,other_player_dismissed
450379,2010,2010-07-07,VRA Ground,1,0.1,Canada,Ireland,H Patel,Rizwan Cheema,KJ O'Brien,0,0,,,,,,,,,
450379,2010,2010-07-07,VRA Ground,1,0.2,Canada,Ireland,H Patel,Rizwan Cheema,KJ O'Brien,0,0,,,,,,bowled,H Patel,,
450379,2010,2010-07-07,VRA Ground,1,0.3,Canada,Ireland,GEF Barnett,Rizwan Cheema,KJ O'Brien,0,0,,,,,,,,,
450379,2010,2010-07-07,VRA Ground,1,0.4,Canada,Ireland,GEF Barnett,Rizwan Cheema,KJ O'Brien,0,0,,,,,,,,,
450379,2010,2010-07-07,VRA Ground,1,0.5,Canada,Ireland,GEF Barnett,Rizwan Cheema,KJ O'Brien,0,0,,,,,,,,,
450379,2010,2010-07-07,VRA Ground,1,0.6,Canada,Ireland,GEF Barnett,Rizwan Cheema,KJ O'Brien,0,0,,,,,,,,,
450379,2010,2010-07-07,VRA Ground,1,1.1,Canada,Ireland,Rizwan Cheema,GEF Barnett,DT Johnston,1,0,,,,,,,,,
450379,2010,2010-07-07,VRA Ground,1,1.2,Canada,Ireland,GEF Barnett,Rizwan Cheema,DT Johnston,0,0,,,,,,,,,
450379,2010,2010-07-07,VRA Ground,1,1.3,Canada,Ireland,GEF Barnett,Rizwan Cheema,DT Johnston,0,0,,,,,,,,,
450379,2010,2010-07-07,VRA Ground,1,1.4,Canada,Ireland,GEF Barnett,Rizwan Cheema,DT Johnston,0,0,,,,,,,,,
450379,2010,2010-07-07,VRA Ground,1,1.5,Canada,Ireland,GEF Barnett,Rizwan Cheema,DT Johnston,0,0,,,,,,,,,
450379,2010,2010-07-07,VRA Ground,1,1.6,Canada,Ireland,GEF Barnett,Rizwan Cheema,DT Johnston,0,0,,,,,,,,,
450379,2010,2010-07-07,VRA Ground,1,2.1,Canada,Ireland,Rizwan Cheema,GEF Barnett,KJ O'Brien,0,0,,,,,,,,,
450379,2010,2010-07-07,VRA Ground,1,2.2,Canada,Ireland,Rizwan Cheema,GEF Barnett,KJ O'Brien,0,0,,,,,,,,,
450379,2010,2010-07-07,VRA Ground,1,2.3,Canada,Ireland,Rizwan Cheema,GEF Barnett,KJ O'Brien,0,0,,,,,,,,,
450379,2010,2010-07-07,VRA Ground,1,2.4,Canada,Ireland,Rizwan Cheema,GEF Barnett,KJ O'Brien,0,0,,,,,,,,,
450379,2010,2010-07-07,VRA Ground,1,2.5,Canada,Ireland,Rizwan Cheema,GEF Barnett,KJ O'Brien,4,0,,,,,,,,,
450379,2010,2010-07-07,VRA Ground,1,2.6,Canada,Ireland,Rizwan Cheema,GEF Barnett,KJ O'Brien,1,0,,,,,,,,,
450379,2010,2010-07-07,VRA Ground,1,3.1,Canada,Ireland,Rizwan Cheema,GEF Barnett,DT Johnston,0,0,,,,,,,,,
450379,2010,2010-07-07,VRA Ground,1,3.2,Canada,Ireland,Rizwan Cheema,GEF Barnett,DT Johnston,0,0,,,,,,bowled,Rizwan Cheema,,
450379,2010,2010-07-07,VRA Ground,1,3.3,Canada,Ireland,NR Kumar,GEF Barnett,DT Johnston,0,0,,,,,,,,,
450379,2010,2010-07-07,VRA Ground,1,3.4,Canada,Ireland,NR Kumar,GEF Barnett,DT Johnston,0,0,,,,,,,,,
450379,2010,2010-07-07,VRA Ground,1,3.5,Canada,Ireland,NR Kumar,GEF Barnett,DT Johnston,3,0,,,,,,,,,
450379,2010,2010-07-07,VRA Ground,1,3.6,Canada,Ireland,GEF Barnett,NR Kumar,DT Johnston,0,0,,,,,,,,,
450379,2010,2010-07-07,VRA Ground,1,4.1,Canada,Ireland,NR Kumar,GEF Barnett,KJ O'Brien,0,0,,,,,,,,,
450379,2010,2010-07-07,VRA Ground,1,4.2,Canada,Ireland,NR Kumar,GEF Barnett,KJ O'Brien,0,0,,,,,,,,,
450379,2010,2010-07-07,VRA Ground,1,4.3,Canada,Ireland,NR Kumar,GEF Barnett,KJ O'Brien,0,0,,,,,,,,,
450379,2010,2010-07-07,VRA Ground,1,4.4,Canada,Ireland,NR Kumar,GEF Barnett,KJ O'Brien,2,0,,,,,,,,,
450379,2010,2010-07-07,VRA Ground,1,4.5,Canada,Ireland,NR Kumar,GEF Barnett,KJ O'Brien,0,0,,,,,,,,,
450379,2010,2010-07-07,VRA Ground,1,4.6,Canada,Ireland,NR Kumar,GEF Barnett,KJ O'Brien,0,0,,,,,,,,,
450379,2010,2010-07-07,VRA Ground,1,5.1,Canada,Ireland,GEF Barnett,NR Kumar,DT Johnston,0,0,,,,,,,,,
450379,2010,2010-07-07,VRA Ground,1,5.2,Canada,Ireland,GEF Barnett,NR Kumar,DT Johnston,0,0,,,,,,,,,
450379,2010,2010-07-07,VRA Ground,1,5.3,Canada,Ireland,GEF Barnett,NR Kumar,DT Johnston,0,0,,,,,,,,,
450379,2010,2010-07-07,VRA Ground,1,5.4,Canada,Ireland,GEF Barnett,NR Kumar,DT Johnston,0,0,,,,,,,,,
450379,2010,2010-07-07,VRA Ground,1,5.5,Canada,Ireland,GEF Barnett,NR Kumar,DT Johnston,0,5,5,,,,,,,,
450379,2010,2010-07-07,VRA Ground,1,5.6,Canada,Ireland,GEF Barnett,NR Kumar,DT Johnston,0,0,,,,,,,,,
450379,2010,2010-07-07,VRA Ground,1,5.7,Canada,Ireland,GEF Barnett,NR Kumar,DT Johnston,0,0,,,,,,,,,
450379,2010,2010-07-07,VRA Ground,1,6.1,Canada,Ireland,NR Kumar,GEF Barnett,KJ O'Brien,0,0,,,,,,,,,
450379,2010,2010-07-07,VRA Ground,1,6.2,Canada,Ireland,NR Kumar,GEF Barnett,KJ O'Brien,0,0,,,,,,,,,
450379,2010,2010-07-07,VRA Ground,1,6.3,Canada,Ireland,NR Kumar,GEF Barnett,KJ O'Brien,0,0,,,,,,,,,
450379,2010,2010-07-07,VRA Ground,1,6.4,Canada,Ireland,NR Kumar,GEF Barnett,KJ O'Brien,0,0,,,,,,,,,
450379,2010,2010-07-07,VRA Ground,1,6.5,Canada,Ireland,NR Kumar,GEF Barnett,KJ O'Brien,0,0,,,,,,,,,
450379,2010,2010-07-07,VRA Ground,1,6.6,Canada,Ireland,NR Kumar,GEF Barnett,KJ O'Brien,0,0,,,,,,,,,
450379,2010,2010-07-07,VRA Ground,1,7.1,Canada,Ireland,GEF Barnett,NR Kumar,DT Johnston,0,0,,,,,,,,,
450379,2010,2010-07-07,VRA Ground,1,7.2,Canada,Ireland,GEF Barnett,NR Kumar,DT Johnston,4,0,,,,,,,,,
450379,2010,2010-07-07,VRA Ground,1,7.3,Canada,Ireland,GEF Barnett,NR Kumar,DT Johnston,0,0,,,,,,,,,
450379,2010,2010-07-07,VRA Ground,1,7.4,Canada,Ireland,GEF Barnett,NR Kumar,DT Johnston,0,0,,,,,,,,,
450379,2010,2010-07-07,VRA Ground,1,7.5,Canada,Ireland,GEF Barnett,NR Kumar,DT Johnston,0,0,,,,,,,,,
450379,2010,2010-07-07,VRA Ground,1,7.6,Canada,Ireland,GEF Barnett,NR Kumar,DT Johnston,0,0,,,,,,,,,
450379,2010,2010-07-07,VRA Ground,1,8.1,Canada,Ireland,NR Kumar,GEF Barnett,KJ O'Brien,0,0,,,,,,,,,
450379,2010,2010-07-07,VRA Ground,1,8.2,Canada,Ireland,NR Kumar,GEF Barnett,KJ O'Brien,0,0,,,,,,,,,
450379,2010,2010-07-07,VRA Ground,1,8.3,Canada,Ireland,NR Kumar,GEF Barnett,KJ O'Brien,4,0,,,,,,,,,
450379,2010,2010-07-07,VRA Ground,1,8.4,Canada,Ireland,NR Kumar,GEF Barnett,KJ O'Brien,2,0,,,,,,,,,
450379,2010,2010-07-07,VRA Ground,1,8.5,Canada,Ireland,NR Kumar,GEF Barnett,KJ O'Brien,0,0,,,,,,,,,
450379,2010,2010-07-07,VRA Ground,1,8.6,Canada,Ireland,NR Kumar,GEF Barnett,KJ O'Brien,1,0,,,,,,,,,
450379,2010,2010-07-07,VRA Ground,1,9.1,Canada,Ireland,NR Kumar,GEF Barnett,DT Johnston,0,0,,,,,,,,,
450379,2010,2010-07-07,VRA Ground,1,9.2,Canada,Ireland,NR Kumar,GEF Barnett,DT Johnston,0,0,,,,,,,,,
450379,2010,2010-07-07,VRA Ground,1,9.3,Canada,Ireland,NR Kumar,GEF Barnett,DT Johnston,0,0,,,,,,,,,
450379,2010,2010-07-07,VRA Ground,1,9.4,Canada,Ireland,NR Kumar,GEF Barnett,DT Johnston,1,0,,,,,,,,,
450379,2010,2010-07-07,VRA Ground,1,9.5,Canada,Ireland,GEF Barnett,NR Kumar,DT Johnston,0,0,,,,,,,,,
450379,2010,2010-07-07,VRA Ground,1,9.6,Canada,Ireland,GEF Barnett,NR Kumar,DT Johnston,0,0,,,,,,,,,
450379,2010,2010-07-07,VRA Ground,1,10.1,Canada,Ireland,NR Kumar,GEF Barnett,KJ O'Brien,0,0,,,,,,,,,
450379,2010,2010-07-07,VRA Ground,1,10.2,Canada,Ireland,NR Kumar,GEF Barnett,KJ O'Brien,2,0,,,,,,,,,
450379,2010,2010-07-07,VRA Ground,1,10.3,Canada,Ireland,NR Kumar,GEF Barnett,KJ O'Brien,0,0,,,,,,,,,
450379,2010,2010-07-07,VRA Ground,1,10.4,Canada,Ireland,NR Kumar,GEF Barnett,KJ O'Brien,0,0,,,,,,,,,
450379,2010,2010-07-07,VRA Ground,1,10.5,Canada,Ireland,NR Kumar,GEF Barnett,KJ O'Brien,0,0,,,,,,,,,
450379,2010,2010-07-07,VRA Ground,1,10.6,Canada,Ireland,NR Kumar,GEF Barnett,KJ O'Brien,1,0,,,,,,,,,
450379,2010,2010-07-07,VRA Ground,1,11.1,Canada,Ireland,NR Kumar,GEF Barnett,DT Johnston,1,0,,,,,,,,,
450379,2010,2010-07-07,VRA Ground,1,11.2,Canada,Ireland,GEF Barnett,NR Kumar,DT Johnston,0,0,,,,,,,,,
450379,2010,2010-07-07,VRA Ground,1,11.3,Canada,Ireland,GEF Barnett,NR Kumar,DT Johnston,1,0,,,,,,,,,
450379,2010,2010-07-07,VRA Ground,1,11.4,Canada,Ireland,NR Kumar,GEF Barnett,DT Johnston,0,0,,,,,,,,,
450379,2010,2010-07-07,VRA Ground,1,11.5,Canada,Ireland,NR Kumar,GEF Barnett,DT Johnston,1,0,,,,,,,,,
450379,2010,2010-07-07,VRA Ground,1,11.6,Canada,Ireland,GEF Barnett,NR Kumar,DT Johnston,1,0,,,,,,,,,
450379,2010,2010-07-07,VRA Ground,1,12.1,Canada,Ireland,GEF Barnett,NR Kumar,NG Jones,1,0,,,,,,,,,
450379,2010,2010-07-07,VRA Ground,1,12.2,Canada,Ireland,NR Kumar,GEF Barnett,NG Jones,1,0,,,,,,,,,
450379,2010,2010-07-07,VRA Ground,1,12.3,Canada,Ireland,GEF Barnett,NR Kumar,NG Jones,0,0,,,,,,,,,
450379,2010,2010-07-07,VRA Ground,1,12.4,Canada,Ireland,GEF Barnett,NR Kumar,NG Jones,1,0,,,,,,,,,
450379,2010,2010-07-07,VRA Ground,1,12.5,Canada,Ireland,NR Kumar,GEF Barnett,NG Jones,0,0,,,,,,,,,
450379,2010,2010-07-07,VRA Ground,1,12.6,Canada,Ireland,NR Kumar,GEF Barnett,NG Jones,0,0,,,,,,,,,
450379,2010,2010-07-07,VRA Ground,1,13.1,Canada,Ireland,GEF Barnett,NR Kumar,DT Johnston,3,0,,,,,,,,,
450379,2010,2010-07-07,VRA Ground,1,13.2,Canada,Ireland,NR Kumar,GEF Barnett,DT Johnston,0,0,,,,,,,,,
450379,2010,2010-07-07,VRA Ground,1,13.3,Canada,Ireland,NR Kumar,GEF Barnett,DT Johnston,0,0,,,,,,,,,
450379,2010,2010-07-07,VRA Ground,1,13.4,Canada,Ireland,NR Kumar,GEF Barnett,DT Johnston,0,0,,,,,,,,,
450379,2010,2010-07-07,VRA Ground,1,13.5,Canada,Ireland,NR Kumar,GEF Barnett,DT Johnston,0,0,,,,,,,,,
450379,2010,2010-07-07,VRA Ground,1,13.6,Canada,Ireland,NR Kumar,GEF Barnett,DT Johnston,0,0,,,,,,,,,
450379,2010,2010-07-07,VRA Ground,1,14.1,Canada,Ireland,GEF Barnett,NR Kumar,NG Jones,1,0,,,,,,,,,
450379,2010,2010-07-07,VRA Ground,1,14.2,Canada,Ireland,NR Kumar,GEF Barnett,NG Jones,0,0,,,,,,,,,
450379,2010,2010-07-07,VRA Ground,1,14.3,Canada,Ireland,NR Kumar,GEF Barnett,NG Jones,0,0,,,,,,,,,
450379,2010,2010-07-07,VRA Ground,1,14.4,Canada,Ireland,NR Kumar,GEF Barnett,NG Jones,1,0,,,,,,,,,
450379,2010,2010-07-07,VRA Ground,1,14.5,Canada,Ireland,GEF Barnett,NR Kumar,NG Jones,0,0,,,,,,,,,
450379,2010,2010-07-07,VRA Ground,1,14.6,Canada,Ireland,GEF Barnett,NR Kumar,NG Jones,0,0,,,,,,,,,
450379,2010,2010-07-07,VRA Ground,1,15.1,Canada,Ireland,NR Kumar,GEF Barnett,JF Mooney,0,0,,,,,,,,,
450379,2010,2010-07-07,VRA Ground,1,15.2,Canada,Ireland,NR Kumar,GEF Barnett,JF Mooney,0,0,,,,,,,,,
450379,2010,2010-07-07,VRA Ground,1,15.3,Canada,Ireland,NR Kumar,GEF Barnett,JF Mooney,0,0,,,,,,,,,
450379,2010,2010-07-07,VRA Ground,1,15.4,Canada,Ireland,NR Kumar,GEF Barnett,JF Mooney,0,0,,,,,,,,,
450379,2010,2010-07-07,VRA Ground,1,15.5,Canada,Ireland,NR Kumar,GEF Barnett,JF Mooney,2,0,,,,,,,,,
450379,2010,2010-07-07,VRA Ground,1,15.6,Canada,Ireland,NR Kumar,GEF Barnett,JF Mooney,0,0,,,,,,,,,
450379,2010,2010-07-07,VRA Ground,1,16.1,Canada,Ireland,GEF Barnett,NR Kumar,NG Jones,0,0,,,,,,,,,
450379,2010,2010-07-07,VRA Ground,1,16.2,Canada,Ireland,GEF Barnett,NR Kumar,NG Jones,0,0,,,,,,,,,
450379,2010,2010-07-07,VRA Ground,1,16.3,Canada,Ireland,GEF Barnett,NR Kumar,NG Jones,4,0,,,,,,,,,
450379,2010,2010-07-07,VRA Ground,1,16.4,Canada,Ireland,GEF Barnett,NR Kumar,NG Jones,0,0,,,,,,,,,
450379,2010,2010-07-07,VRA Ground,1,16.5,Canada,Ireland,GEF Barnett,NR Kumar,NG Jones,0,0,,,,,,,,,
450379,2010,2010-07-07,VRA Ground,1,16.6,Canada,Ireland,GEF Barnett,NR Kumar,NG Jones,1,0,,,,,,,,,
450379,2010,2010-07-07,VRA Ground,1,17.1,Canada,Ireland,GEF Barnett,NR Kumar,JF Mooney,1,0,,,,,,,,,
450379,2010,2010-07-07,VRA Ground,1,17.2,Canada,Ireland,NR Kumar,GEF Barnett,JF Mooney,1,0,,,,,,,,,
450379,2010,2010-07-07,VRA Ground,1,17.3,Canada,Ireland,GEF Barnett,NR Kumar,JF Mooney,0,0,,,,,,,,,
450379,2010,2010-07-07,VRA Ground,1,17.4,Canada,Ireland,GEF Barnett,NR Kumar,JF Mooney,2,0,,,,,,,,,
450379,2010,2010-07-07,VRA Ground,1,17.5,Canada,Ireland,GEF Barnett,NR Kumar,JF Mooney,0,0,,,,,,,,,
450379,2010,2010-07-07,VRA Ground,1,17.6,Canada,Ireland,GEF Barnett,NR Kumar,JF Mooney,1,0,,,,,,,,,
450379,2010,2010-07-07,VRA Ground,1,18.1,Canada,Ireland,GEF Barnett,NR Kumar,NG Jones,0,0,,,,,,,,,
450379,2010,2010-07-07,VRA Ground,1,18.2,Canada,Ireland,GEF Barnett,NR Kumar,NG Jones,0,0,,,,,,,,,
450379,2010,2010-07-07,VRA Ground,1,18.3,Canada,Ireland,GEF Barnett,NR Kumar,NG Jones,1,0,,,,,,,,,
450379,2010,2010-07-07,VRA Ground,1,18.4,Canada,Ireland,NR Kumar,GEF Barnett,NG Jones,1,0,,,,,,,,,
450379,2010,2010-07-07,VRA Ground,1,18.5,Canada,Ireland,GEF Barnett,NR Kumar,NG Jones,1,0,,,,,,,,,
450379,2010,2010-07-07,VRA Ground,1,18.6,Canada,Ireland,NR Kumar,GEF Barnett,NG Jones,1,0,,,,,,,,,
450379,2010,2010-07-07,VRA Ground,1,19.1,Canada,Ireland,NR Kumar,GEF Barnett,JF Mooney,4,0,,,,,,,,,
450379,2010,2010-07-07,VRA Ground,1,19.2,Canada,Ireland,NR Kumar,GEF Barnett,JF Mooney,1,0,,,,,,,,,
450379,2010,2010-07-07,VRA Ground,1,19.3,Canada,Ireland,GEF Barnett,NR Kumar,JF Mooney,1,0,,,,,,,,,
450379,2010,2010-07-07,VRA Ground,1,19.4,Canada,Ireland,NR Kumar,GEF Barnett,JF Mooney,1,0,,,,,,,,,
450379,2010,2010-07-07,VRA Ground,1,19.5,Canada,Ireland,GEF Barnett,NR Kumar,JF Mooney,1,0,,,,,,,,,
450379,2010,2010-07-07,VRA Ground,1,19.6,Canada,Ireland,NR Kumar,GEF Barnett,JF Mooney,0,0,,,,,,,,,
450379,2010,2010-07-07,VRA Ground,1,20.1,Canada,Ireland,GEF Barnett,NR Kumar,GH Dockrell,0,0,,,,,,,,,
450379,2010,2010-07-07,VRA Ground,1,20.2,Canada,Ireland,GEF Barnett,NR Kumar,GH Dockrell,0,0,,,,,,,,,
450379,2010,2010-07-07,VRA Ground,1,20.3,Canada,Ireland,GEF Barnett,NR Kumar,GH Dockrell,0,0,,,,,,,,,
450379,2010,2010-07-07,VRA Ground,1,20.4,Canada,Ireland,GEF Barnett,NR Kumar,GH Dockrell,0,0,,,,,,,,,
450379,2010,2010-07-07,VRA Ground,1,20.5,Canada,Ireland,GEF Barnett,NR Kumar,GH Dockrell,0,0,,,,,,,,,
450379,2010,2010-07-07,VRA Ground,1,20.6,Canada,Ireland,GEF Barnett,NR Kumar,GH Dockrell,0,0,,,,,,,,,
450379,2010,2010-07-07,VRA Ground,1,21.1,Canada,Ireland,NR Kumar,GEF Barnett,AR White,0,0,,,,,,,,,
450379,2010,2010-07-07,VRA Ground,1,21.2,Canada,Ireland,NR Kumar,GEF Barnett,AR White,1,0,,,,,,,,,
450379,2010,2010-07-07,VRA Ground,1,21.3,Canada,Ireland,GEF Barnett,NR Kumar,AR White,0,0,,,,,,,,,
450379,2010,2010-07-07,VRA Ground,1,21.4,Canada,Ireland,GEF Barnett,NR Kumar,AR White,1,0,,,,,,,,,
450379,2010,2010-07-07,VRA Ground,1,21.5,Canada,Ireland,NR Kumar,GEF Barnett,AR White,1,0,,,,,,,,,
450379,2010,2010-07-07,VRA Ground,1,21.6,Canada,Ireland,GEF Barnett,NR Kumar,AR White,0,0,,,,,,caught,GEF Barnett,,
450379,2010,2010-07-07,VRA Ground,1,22.1,Canada,Ireland,NR Kumar,A Bagai,GH Dockrell,0,0,,,,,,,,,
450379,2010,2010-07-07,VRA Ground,1,22.2,Canada,Ireland,NR Kumar,A Bagai,GH Dockrell,0,0,,,,,,,,,
450379,2010,2010-07-07,VRA Ground,1,22.3,Canada,Ireland,NR Kumar,A Bagai,GH Dockrell,1,0,,,,,,,,,
450379,2010,2010-07-07,VRA Ground,1,22.4,Canada,Ireland,A Bagai,NR Kumar,GH Dockrell,1,0,,,,,,,,,
450379,2010,2010-07-07,VRA Ground,1,22.5,Canada,Ireland,NR Kumar,A Bagai,GH Dockrell,1,0,,,,,,,,,
450379,2010,2010-07-07,VRA Ground,1,22.6,Canada,Ireland,A Bagai,NR Kumar,GH Dockrell,1,0,,,,,,,,,
450379,2010,2010-07-07,VRA Ground,1,23.1,Canada,Ireland,A Bagai,NR Kumar,AR White,1,0,,,,,,,,,
450379,2010,2010-07-07,VRA Ground,1,23.2,Canada,Ireland,NR Kumar,A Bagai,AR White,1,0,,,,,,,,,
450379,2010,2010-07-07,VRA Ground,1,23.3,Canada,Ireland,A Bagai,NR Kumar,AR White,0,0,,,,,,,,,
450379,2010,2010-07-07,VRA Ground,1,23.4,Canada,Ireland,A Bagai,NR Kumar,AR White,0,0,,,,,,,,,
450379,2010,2010-07-07,VRA Ground,1,23.5,Canada,Ireland,A Bagai,NR Kumar,AR White,0,0,,,,,,,,,
450379,2010,2010-07-07,VRA Ground,1,23.6,Canada,Ireland,A Bagai,NR Kumar,AR White,1,0,,,,,,,,,
450379,2010,2010-07-07,VRA Ground,1,24.1,Canada,Ireland,A Bagai,NR Kumar,GH Dockrell,1,0,,,,,,,,,
450379,2010,2010-07-07,VRA Ground,1,24.2,Canada,Ireland,NR Kumar,A Bagai,GH Dockrell,0,0,,,,,,,,,
450379,2010,2010-07-07,VRA Ground,1,24.3,Canada,Ireland,NR Kumar,A Bagai,GH Dockrell,0,0,,,,,,,,,
450379,2010,2010-07-07,VRA Ground,1,24.4,Canada,Ireland,NR Kumar,A Bagai,GH Dockrell,0,0,,,,,,,,,
450379,2010,2010-07-07,VRA Ground,1,24.5,Canada,Ireland,NR Kumar,A Bagai,GH Dockrell,0,0,,,,,,,,,
450379,2010,2010-07-07,VRA Ground,1,24.6,Canada,Ireland,NR Kumar,A Bagai,GH Dockrell,0,0,,,,,,,,,
450379,2010,2010-07-07,VRA Ground,1,25.1,Canada,Ireland,A Bagai,NR Kumar,AR White,0,0,,,,,,,,,
450379,2010,2010-07-07,VRA Ground,1,25.2,Canada,Ireland,A Bagai,NR Kumar,AR White,1,0,,,,,,,,,
450379,2010,2010-07-07,VRA Ground,1,25.3,Canada,Ireland,NR Kumar,A Bagai,AR White,0,0,,,,,,,,,
450379,2010,2010-07-07,VRA Ground,1,25.4,Canada,Ireland,NR Kumar,A Bagai,AR White,1,0,,,,,,,,,
450379,2010,2010-07-07,VRA Ground,1,25.5,Canada,Ireland,A Bagai,NR Kumar,AR White,1,0,,,,,,,,,
450379,2010,2010-07-07,VRA Ground,1,25.6,Canada,Ireland,NR Kumar,A Bagai,AR White,1,0,,,,,,,,,
450379,2010,2010-07-07,VRA Ground,1,26.1,Canada,Ireland,NR Kumar,A Bagai,GH Dockrell,0,0,,,,,,bowled,NR Kumar,,
450379,2010,2010-07-07,VRA Ground,1,26.2,Canada,Ireland,ZE Surkari,A Bagai,GH Dockrell,0,0,,,,,,,,,
450379,2010,2010-07-07,VRA Ground,1,26.3,Canada,Ireland,ZE Surkari,A Bagai,GH Dockrell,0,0,,,,,,,,,
450379,2010,2010-07-07,VRA Ground,1,26.4,Canada,Ireland,ZE Surkari,A Bagai,GH Dockrell,0,0,,,,,,,,,
450379,2010,2010-07-07,VRA Ground,1,26.5,Canada,Ireland,ZE Surkari,A Bagai,GH Dockrell,0,0,,,,,,,,,
450379,2010,2010-07-07,VRA Ground,1,26.6,Canada,Ireland,ZE Surkari,A Bagai,GH Dockrell,0,0,,,,,,,,,
450379,2010,2010-07-07,VRA Ground,1,27.1,Canada,Ireland,A Bagai,ZE Surkari,AR White,1,0,,,,,,,,,
450379,2010,2010-07-07,VRA Ground,1,27.2,Canada,Ireland,ZE Surkari,A Bagai,AR White,1,0,,,,,,,,,
450379,2010,2010-07-07,VRA Ground,1,27.3,Canada,Ireland,A Bagai,ZE Surkari,AR White,0,0,,,,,,,,,
450379,2010,2010-07-07,VRA Ground,1,27.4,Canada,Ireland,A Bagai,ZE Surkari,AR White,1,0,,,,,,,,,
450379,2010,2010-07-07,VRA Ground,1,27.5,Canada,Ireland,ZE Surkari,A Bagai,AR White,0,0,,,,,,,,,
450379,2010,2010-07-07,VRA Ground,1,27.6,Canada,Ireland,ZE Surkari,A Bagai,AR White,0,0,,,,,,,,,
450379,2010,2010-07-07,VRA Ground,1,28.1,Canada,Ireland,A Bagai,ZE Surkari,GH Dockrell,0,0,,,,,,,,,
450379,2010,2010-07-07,VRA Ground,1,28.2,Canada,Ireland,A Bagai,ZE Surkari,GH Dockrell,0,0,,,,,,,,,
450379,2010,2010-07-07,VRA Ground,1,28.3,Canada,Ireland,A Bagai,ZE Surkari,GH Dockrell,0,0,,,,,,,,,
450379,2010,2010-07-07,VRA Ground,1,28.4,Canada,Ireland,A Bagai,ZE Surkari,GH Dockrell,1,0,,,,,,,,,
450379,2010,2010-07-07,VRA Ground,1,28.5,Canada,Ireland,ZE Surkari,A Bagai,GH Dockrell,0,0,,,,,,,,,
450379,2010,2010-07-07,VRA Ground,1,28.6,Canada,Ireland,ZE Surkari,A Bagai,GH Dockrell,0,0,,,,,,,,,
450379,2010,2010-07-07,VRA Ground,1,29.1,Canada,Ireland,A Bagai,ZE Surkari,AR White,0,0,,,,,,,,,
450379,2010,2010-07-07,VRA Ground,1,29.2,Canada,Ireland,A Bagai,ZE Surkari,AR White,1,0,,,,,,,,,
450379,2010,2010-07-07,VRA Ground,1,29.3,Canada,Ireland,ZE Surkari,A Bagai,AR White,0,0,,,,,,,,,
450379,2010,2010-07-07,VRA Ground,1,29.4,Canada,Ireland,ZE Surkari,A Bagai,AR White,0,0,,,,,,,,,
450379,2010,2010-07-07,VRA Ground,1,29.5,Canada,Ireland,ZE Surkari,A Bagai,AR White,1,0,,,,,,,,,
450379,2010,2010-07-07,VRA Ground,1,29.6,Canada,Ireland,A Bagai,ZE Surkari,AR White,0,0,,,,,,,,,
450379,2010,2010-07-07,VRA Ground,1,30.1,Canada,Ireland,ZE Surkari,A Bagai,GH Dockrell,0,0,,,,,,,,,
450379,2010,2010-07-07,VRA Ground,1,30.2,Canada,Ireland,ZE Surkari,A Bagai,GH Dockrell,1,0,,,,,,,,,
450379,2010,2010-07-07,VRA Ground,1,30.3,Canada,Ireland,A Bagai,ZE Surkari,GH Dockrell,0,0,,,,,,,,,
450379,2010,2010-07-07,VRA Ground,1,30.4,Canada,Ireland,A Bagai,ZE Surkari,GH Dockrell,1,0,,,,,,,,,
450379,2010,2010-07-07,VRA Ground,1,30.5,Canada,Ireland,ZE Surkari,A Bagai,GH Dockrell,0,0,,,,,,,,,
450379,2010,2010-07-07,VRA Ground,1,30.6,Canada,Ireland,ZE Surkari,A Bagai,GH Dockrell,0,0,,,,,,,,,
450379,2010,2010-07-07,VRA Ground,1,31.1,Canada,Ireland,A Bagai,ZE Surkari,AR White,0,0,,,,,,,,,
450379,2010,2010-07-07,VRA Ground,1,31.2,Canada,Ireland,A Bagai,ZE Surkari,AR White,0,0,,,,,,,,,
450379,2010,2010-07-07,VRA Ground,1,31.3,Canada,Ireland,A Bagai,ZE Surkari,AR White,0,0,,,,,,,,,
450379,2010,2010-07-07,VRA Ground,1,31.4,Canada,Ireland,A Bagai,ZE Surkari,AR White,0,0,,,,,,,,,
450379,2010,2010-07-07,VRA Ground,1,31.5,Canada,Ireland,A Bagai,ZE Surkari,AR White,0,0,,,,,,,,,
450379,2010,2010-07-07,VRA Ground,1,31.6,Canada,Ireland,A Bagai,ZE Surkari,AR White,1,0,,,,,,,,,
450379,2010,2010-07-07,VRA Ground,1,32.1,Canada,Ireland,A Bagai,ZE Surkari,GH Dockrell,1,0,,,,,,,,,
450379,2010,2010-07-07,VRA Ground,1,32.2,Canada,Ireland,ZE Surkari,A Bagai,GH Dockrell,0,0,,,,,,,,,
450379,2010,2010-07-07,VRA Ground,1,32.3,Canada,Ireland,ZE Surkari,A Bagai,GH Dockrell,0,0,,,,,,,,,
450379,2010,2010-07-07,VRA Ground,1,32.4,Canada,Ireland,ZE Surkari,A Bagai,GH Dockrell,0,1,1,,,,,,,,
450379,2010,2010-07-07,VRA Ground,1,32.5,Canada,Ireland,ZE Surkari,A Bagai,GH Dockrell,0,0,,,,,,,,,
450379,2010,2010-07-07,VRA Ground,1,32.6,Canada,Ireland,ZE Surkari,A Bagai,GH Dockrell,0,0,,,,,,,,,
450379,2010,2010-07-07,VRA Ground,1,32.7,Canada,Ireland,ZE Surkari,A Bagai,GH Dockrell,0,0,,,,,,,,,
450379,2010,2010-07-07,VRA Ground,1,33.1,Canada,Ireland,A Bagai,ZE Surkari,AR White,0,0,,,,,,,,,
450379,2010,2010-07-07,VRA Ground,1,33.2,Canada,Ireland,A Bagai,ZE Surkari,AR White,0,0,,,,,,,,,
450379,2010,2010-07-07,VRA Ground,1,33.3,Canada,Ireland,A Bagai,ZE Surkari,AR White,1,0,,,,,,,,,
450379,2010,2010-07-07,VRA Ground,1,33.4,Canada,Ireland,ZE Surkari,A Bagai,AR White,1,0,,,,,,,,,
450379,2010,2010-07-07,VRA Ground,1,33.5,Canada,Ireland,A Bagai,ZE Surkari,AR White,2,0,,,,,,,,,
450379,2010,2010-07-07,VRA Ground,1,33.6,Canada,Ireland,A Bagai,ZE Surkari,AR White,1,0,,,,,,,,,
450379,2010,2010-07-07,VRA Ground,1,34.1,Canada,Ireland,A Bagai,ZE Surkari,GH Dockrell,0,0,,,,,,,,,
450379,2010,2010-07-07,VRA Ground,1,34.2,Canada,Ireland,A Bagai,ZE Surkari,GH Dockrell,1,0,,,,,,,,,
450379,2010,2010-07-07,VRA Ground,1,34.3,Canada,Ireland,ZE Surkari,A Bagai,GH Dockrell,1,0,,,,,,,,,
450379,2010,2010-07-07,VRA Ground,1,34.4,Canada,Ireland,A Bagai,ZE Surkari,GH Dockrell,1,0,,,,,,,,,
450379,2010,2010-07-07,VRA Ground,1,34.5,Canada,Ireland,ZE Surkari,A Bagai,GH Dockrell,0,0,,,,,,,,,
450379,2010,2010-07-07,VRA Ground,1,34.6,Canada,Ireland,ZE Surkari,A Bagai,GH Dockrell,0,0,,,,,,,,,
450379,2010,2010-07-07,VRA Ground,1,35.1,Canada,Ireland,A Bagai,ZE Surkari,PR Stirling,1,0,,,,,,,,,
450379,2010,2010-07-07,VRA Ground,1,35.2,Canada,Ireland,ZE Surkari,A Bagai,PR Stirling,1,0,,,,,,,,,
450379,2010,2010-07-07,VRA Ground,1,35.3,Canada,Ireland,A Bagai,ZE Surkari,PR Stirling,0,0,,,,,,,,,
450379,2010,2010-07-07,VRA Ground,1,35.4,Canada,Ireland,A Bagai,ZE Surkari,PR Stirling,0,0,,,,,,caught,A Bagai,,
450379,2010,2010-07-07,VRA Ground,1,35.5,Canada,Ireland,AS Hansra,ZE Surkari,PR Stirling,0,1,1,,,,,,,,
450379,2010,2010-07-07,VRA Ground,1,35.6,Canada,Ireland,AS Hansra,ZE Surkari,PR Stirling,1,0,,,,,,,,,
450379,2010,2010-07-07,VRA Ground,1,35.7,Canada,Ireland,ZE Surkari,AS Hansra,PR Stirling,2,0,,,,,,,,,
450379,2010,2010-07-07,VRA Ground,1,36.1,Canada,Ireland,AS Hansra,ZE Surkari,GH Dockrell,0,0,,,,,,,,,
450379,2010,2010-07-07,VRA Ground,1,36.2,Canada,Ireland,AS Hansra,ZE Surkari,GH Dockrell,2,0,,,,,,,,,
450379,2010,2010-07-07,VRA Ground,1,36.3,Canada,Ireland,AS Hansra,ZE Surkari,GH Dockrell,0,0,,,,,,,,,
450379,2010,2010-07-07,VRA Ground,1,36.4,Canada,Ireland,AS Hansra,ZE Surkari,GH Dockrell,0,0,,,,,,caught and bowled,AS Hansra,,
450379,2010,2010-07-07,VRA Ground,1,36.5,Canada,Ireland,U Bhatti,ZE Surkari,GH Dockrell,0,0,,,,,,,,,
450379,2010,2010-07-07,VRA Ground,1,36.6,Canada,Ireland,U Bhatti,ZE Surkari,GH Dockrell,0,0,,,,,,,,,
450379,2010,2010-07-07,VRA Ground,1,37.1,Canada,Ireland,ZE Surkari,U Bhatti,PR Stirling,0,0,,,,,,,,,
450379,2010,2010-07-07,VRA Ground,1,37.2,Canada,Ireland,ZE Surkari,U Bhatti,PR Stirling,1,0,,,,,,,,,
450379,2010,2010-07-07,VRA Ground,1,37.3,Canada,Ireland,U Bhatti,ZE Surkari,PR Stirling,0,0,,,,,,,,,
450379,2010,2010-07-07,VRA Ground,1,37.4,Canada,Ireland,U Bhatti,ZE Surkari,PR Stirling,0,0,,,,,,,,,
450379,2010,2010-07-07,VRA Ground,1,37.5,Canada,Ireland,U Bhatti,ZE Surkari,PR Stirling,1,0,,,,,,,,,
450379,2010,2010-07-07,VRA Ground,1,37.6,Canada,Ireland,ZE Surkari,U Bhatti,PR Stirling,1,0,,,,,,,,,
450379,2010,2010-07-07,VRA Ground,1,38.1,Canada,Ireland,ZE Surkari,U Bhatti,GH Dockrell,0,0,,,,,,,,,
450379,2010,2010-07-07,VRA Ground,1,38.2,Canada,Ireland,ZE Surkari,U Bhatti,GH Dockrell,2,0,,,,,,,,,
450379,2010,2010-07-07,VRA Ground,1,38.3,Canada,Ireland,ZE Surkari,U Bhatti,GH Dockrell,0,0,,,,,,,,,
450379,2010,2010-07-07,VRA Ground,1,38.4,Canada,Ireland,ZE Surkari,U Bhatti,GH Dockrell,1,0,,,,,,,,,
450379,2010,2010-07-07,VRA Ground,1,38.5,Canada,Ireland,U Bhatti,ZE Surkari,GH Dockrell,2,0,,,,,,,,,
450379,2010,2010-07-07,VRA Ground,1,38.6,Canada,Ireland,U Bhatti,ZE Surkari,GH Dockrell,2,0,,,,,,,,,
450379,2010,2010-07-07,VRA Ground,1,39.1,Canada,Ireland,ZE Surkari,U Bhatti,PR Stirling,0,0,,,,,,,,,
450379,2010,2010-07-07,VRA Ground,1,39.2,Canada,Ireland,ZE Surkari,U Bhatti,PR Stirling,1,0,,,,,,,,,
450379,2010,2010-07-07,VRA Ground,1,39.3,Canada,Ireland,U Bhatti,ZE Surkari,PR Stirling,0,0,,,,,,,,,
450379,2010,2010-07-07,VRA Ground,1,39.4,Canada,Ireland,U Bhatti,ZE Surkari,PR Stirling,0,0,,,,,,,,,
450379,2010,2010-07-07,VRA Ground,1,39.5,Canada,Ireland,U Bhatti,ZE Surkari,PR Stirling,1,0,,,,,,,,,
450379,2010,2010-07-07,VRA Ground,1,39.6,Canada,Ireland,ZE Surkari,U Bhatti,PR Stirling,0,0,,,,,,,,,
450379,2010,2010-07-07,VRA Ground,1,40.1,Canada,Ireland,U Bhatti,ZE Surkari,AR White,0,0,,,,,,,,,
450379,2010,2010-07-07,VRA Ground,1,40.2,Canada,Ireland,U Bhatti,ZE Surkari,AR White,0,0,,,,,,,,,
450379,2010,2010-07-07,VRA Ground,1,40.3,Canada,Ireland,U Bhatti,ZE Surkari,AR White,0,0,,,,,,,,,
450379,2010,2010-07-07,VRA Ground,1,40.4,Canada,Ireland,U Bhatti,ZE Surkari,AR White,0,0,,,,,,,,,
450379,2010,2010-07-07,VRA Ground,1,40.5,Canada,Ireland,U Bhatti,ZE Surkari,AR White,1,0,,,,,,,,,
450379,2010,2010-07-07,VRA Ground,1,40.6,Canada,Ireland,ZE Surkari,U Bhatti,AR White,0,0,,,,,,,,,
450379,2010,2010-07-07,VRA Ground,1,41.1,Canada,Ireland,U Bhatti,ZE Surkari,PR Stirling,1,0,,,,,,,,,
450379,2010,2010-07-07,VRA Ground,1,41.2,Canada,Ireland,ZE Surkari,U Bhatti,PR Stirling,0,0,,,,,,,,,
450379,2010,2010-07-07,VRA Ground,1,41.3,Canada,Ireland,ZE Surkari,U Bhatti,PR Stirling,0,0,,,,,,,,,
450379,2010,2010-07-07,VRA Ground,1,41.4,Canada,Ireland,ZE Surkari,U Bhatti,PR Stirling,1,0,,,,,,,,,
450379,2010,2010-07-07,VRA Ground,1,41.5,Canada,Ireland,U Bhatti,ZE Surkari,PR Stirling,1,0,,,,,,,,,
450379,2010,2010-07-07,VRA Ground,1,41.6,Canada,Ireland,ZE Surkari,U Bhatti,PR Stirling,0,0,,,,,,,,,
450379,2010,2010-07-07,VRA Ground,1,42.1,Canada,Ireland,U Bhatti,ZE Surkari,AR White,1,0,,,,,,,,,
450379,2010,2010-07-07,VRA Ground,1,42.2,Canada,Ireland,ZE Surkari,U Bhatti,AR White,0,0,,,,,,,,,
450379,2010,2010-07-07,VRA Ground,1,42.3,Canada,Ireland,ZE Surkari,U Bhatti,AR White,0,0,,,,,,,,,
450379,2010,2010-07-07,VRA Ground,1,42.4,Canada,Ireland,ZE Surkari,U Bhatti,AR White,0,0,,,,,,,,,
450379,2010,2010-07-07,VRA Ground,1,42.5,Canada,Ireland,ZE Surkari,U Bhatti,AR White,1,0,,,,,,,,,
450379,2010,2010-07-07,VRA Ground,1,42.6,Canada,Ireland,U Bhatti,ZE Surkari,AR White,2,0,,,,,,,,,
450379,2010,2010-07-07,VRA Ground,1,43.1,Canada,Ireland,ZE Surkari,U Bhatti,PR Stirling,0,0,,,,,,,,,
450379,2010,2010-07-07,VRA Ground,1,43.2,Canada,Ireland,ZE Surkari,U Bhatti,PR Stirling,0,0,,,,,,,,,
450379,2010,2010-07-07,VRA Ground,1,43.3,Canada,Ireland,ZE Surkari,U Bhatti,PR Stirling,0,0,,,,,,,,,
450379,2010,2010-07-07,VRA Ground,1,43.4,Canada,Ireland,ZE Surkari,U Bhatti,PR Stirling,2,0,,,,,,,,,
450379,2010,2010-07-07,VRA Ground,1,43.5,Canada,Ireland,ZE Surkari,U Bhatti,PR Stirling,0,0,,,,,,,,,
450379,2010,2010-07-07,VRA Ground,1,43.6,Canada,Ireland,ZE Surkari,U Bhatti,PR Stirling,1,0,,,,,,,,,
450379,2010,2010-07-07,VRA Ground,1,44.1,Canada,Ireland,ZE Surkari,U Bhatti,AR White,0,0,,,,,,,,,
450379,2010,2010-07-07,VRA Ground,1,44.2,Canada,Ireland,ZE Surkari,U Bhatti,AR White,1,0,,,,,,,,,
450379,2010,2010-07-07,VRA Ground,1,44.3,Canada,Ireland,U Bhatti,ZE Surkari,AR White,0,0,,,,,,,,,
450379,2010,2010-07-07,VRA Ground,1,44.4,Canada,Ireland,U Bhatti,ZE Surkari,AR White,0,0,,,,,,,,,
450379,2010,2010-07-07,VRA Ground,1,44.5,Canada,Ireland,U Bhatti,ZE Surkari,AR White,1,0,,,,,,,,,
450379,2010,2010-07-07,VRA Ground,1,44.6,Canada,Ireland,ZE Surkari,U Bhatti,AR White,0,0,,,,,,bowled,ZE Surkari,,
450379,2010,2010-07-07,VRA Ground,1,45.1,Canada,Ireland,U Bhatti,CK Hooper,AR Cusack,1,0,,,,,,,,,
450379,2010,2010-07-07,VRA Ground,1,45.2,Canada,Ireland,CK Hooper,U Bhatti,AR Cusack,0,0,,,,,,caught,CK Hooper,,
450379,2010,2010-07-07,VRA Ground,1,45.3,Canada,Ireland,U Bhatti,HS Baidwan,AR Cusack,4,0,,,,,,,,,
450379,2010,2010-07-07,VRA Ground,1,45.4,Canada,Ireland,U Bhatti,HS Baidwan,AR Cusack,1,0,,,,,,,,,
450379,2010,2010-07-07,VRA Ground,1,45.5,Canada,Ireland,HS Baidwan,U Bhatti,AR Cusack,0,0,,,,,,,,,
450379,2010,2010-07-07,VRA Ground,1,45.6,Canada,Ireland,HS Baidwan,U Bhatti,AR Cusack,1,0,,,,,,,,,
450379,2010,2010-07-07,VRA Ground,1,46.1,Canada,Ireland,HS Baidwan,U Bhatti,KJ O'Brien,1,0,,,,,,,,,
450379,2010,2010-07-07,VRA Ground,1,46.2,Canada,Ireland,U Bhatti,HS Baidwan,KJ O'Brien,0,0,,,,,,bowled,U Bhatti,,
450379,2010,2010-07-07,VRA Ground,1,46.3,Canada,Ireland,PA Desai,HS Baidwan,KJ O'Brien,1,0,,,,,,,,,
450379,2010,2010-07-07,VRA Ground,1,46.4,Canada,Ireland,HS Baidwan,PA Desai,KJ O'Brien,1,0,,,,,,,,,
450379,2010,2010-07-07,VRA Ground,1,46.5,Canada,Ireland,PA Desai,HS Baidwan,KJ O'Brien,0,0,,,,,,,,,
450379,2010,2010-07-07,VRA Ground,1,46.6,Canada,Ireland,PA Desai,HS Baidwan,KJ O'Brien,0,0,,,,,,,,,
450379,2010,2010-07-07,VRA Ground,1,47.1,Canada,Ireland,HS Baidwan,PA Desai,AR Cusack,0,0,,,,,,,,,
450379,2010,2010-07-07,VRA Ground,1,47.2,Canada,Ireland,HS Baidwan,PA Desai,AR Cusack,1,0,,,,,,,,,
450379,2010,2010-07-07,VRA Ground,1,47.3,Canada,Ireland,PA Desai,HS Baidwan,AR Cusack,0,0,,,,,,,,,
450379,2010,2010-07-07,VRA Ground,1,47.4,Canada,Ireland,PA Desai,HS Baidwan,AR Cusack,0,0,,,,,,,,,
450379,2010,2010-07-07,VRA Ground,1,47.5,Canada,Ireland,PA Desai,HS Baidwan,AR Cusack,0,0,,,,,,,,,
450379,2010,2010-07-07,VRA Ground,1,47.6,Canada,Ireland,PA Desai,HS Baidwan,AR Cusack,0,0,,,,,,,,,
450379,2010,2010-07-07,VRA Ground,1,48.1,Canada,Ireland,HS Baidwan,PA Desai,KJ O'Brien,0,0,,,,,,,,,
450379,2010,2010-07-07,VRA Ground,1,48.2,Canada,Ireland,HS Baidwan,PA Desai,KJ O'Brien,0,0,,,,,,,,,
450379,2010,2010-07-07,VRA Ground,1,48.3,Canada,Ireland,HS Baidwan,PA Desai,KJ O'Brien,1,0,,,,,,,,,
450379,2010,2010-07-07,VRA Ground,1,48.4,Canada,Ireland,PA Desai,HS Baidwan,KJ O'Brien,0,0,,,,,,,,,
450379,2010,2010-07-07,VRA Ground,1,48.5,Canada,Ireland,PA Desai,HS Baidwan,KJ O'Brien,0,0,,,,,,,,,
450379,2010,2010-07-07,VRA Ground,1,48.6,Canada,Ireland,PA Desai,HS Baidwan,KJ O'Brien,0,0,,,,,,,,,
450379,2010,2010-07-07,VRA Ground,1,49.1,Canada,Ireland,HS Baidwan,PA Desai,AR Cusack,1,0,,,,,,,,,
450379,2010,2010-07-07,VRA Ground,1,49.2,Canada,Ireland,PA Desai,HS Baidwan,AR Cusack,0,0,,,,,,,,,
450379,2010,2010-07-07,VRA Ground,1,49.3,Canada,Ireland,PA Desai,HS Baidwan,AR Cusack,1,0,,,,,,,,,
450379,2010,2010-07-07,VRA Ground,1,49.4,Canada,Ireland,HS Baidwan,PA Desai,AR Cusack,0,0,,,,,,,,,
450379,2010,2010-07-07,VRA Ground,1,49.5,Canada,Ireland,HS Baidwan,PA Desai,AR Cusack,4,0,,,,,,,,,
450379,2010,2010-07-07,VRA Ground,1,49.6,Canada,Ireland,HS Baidwan,PA Desai,AR Cusack,0,1,1,,,,,,,,
450379,2010,2010-07-07,VRA Ground,1,49.7,Canada,Ireland,HS Baidwan,PA Desai,AR Cusack,1,0,,,,,,,,,
450379,2010,2010-07-07,VRA Ground,2,0.1,Ireland,Canada,PR Stirling,A Balbirnie,HS Baidwan,0,0,,,,,,,,,
450379,2010,2010-07-07,VRA Ground,2,0.2,Ireland,Canada,PR Stirling,A Balbirnie,HS Baidwan,0,0,,,,,,,,,
450379,2010,2010-07-07,VRA Ground,2,0.3,Ireland,Canada,PR Stirling,A Balbirnie,HS Baidwan,0,0,,,,,,,,,
450379,2010,2010-07-07,VRA Ground,2,0.4,Ireland,Canada,PR Stirling,A Balbirnie,HS Baidwan,0,0,,,,,,,,,
450379,2010,2010-07-07,VRA Ground,2,0.5,Ireland,Canada,PR Stirling,A Balbirnie,HS Baidwan,0,0,,,,,,,,,
450379,2010,2010-07-07,VRA Ground,2,0.6,Ireland,Canada,PR Stirling,A Balbirnie,HS Baidwan,0,0,,,,,,,,,
450379,2010,2010-07-07,VRA Ground,2,1.1,Ireland,Canada,A Balbirnie,PR Stirling,CK Hooper,0,0,,,,,,,,,
450379,2010,2010-07-07,VRA Ground,2,1.2,Ireland,Canada,A Balbirnie,PR Stirling,CK Hooper,0,0,,,,,,,,,
450379,2010,2010-07-07,VRA Ground,2,1.3,Ireland,Canada,A Balbirnie,PR Stirling,CK Hooper,0,1,1,,,,,,,,
450379,2010,2010-07-07,VRA Ground,2,1.4,Ireland,Canada,A Balbirnie,PR Stirling,CK Hooper,0,0,,,,,,,,,
450379,2010,2010-07-07,VRA Ground,2,1.5,Ireland,Canada,A Balbirnie,PR Stirling,CK Hooper,0,1,1,,,,,,,,
450379,2010,2010-07-07,VRA Ground,2,1.6,Ireland,Canada,A Balbirnie,PR Stirling,CK Hooper,0,0,,,,,,,,,
450379,2010,2010-07-07,VRA Ground,2,1.7,Ireland,Canada,A Balbirnie,PR Stirling,CK Hooper,1,0,,,,,,,,,
450379,2010,2010-07-07,VRA Ground,2,1.8,Ireland,Canada,PR Stirling,A Balbirnie,CK Hooper,0,0,,,,,,,,,
450379,2010,2010-07-07,VRA Ground,2,2.1,Ireland,Canada,A Balbirnie,PR Stirling,HS Baidwan,2,0,,,,,,,,,
450379,2010,2010-07-07,VRA Ground,2,2.2,Ireland,Canada,A Balbirnie,PR Stirling,HS Baidwan,0,0,,,,,,,,,
450379,2010,2010-07-07,VRA Ground,2,2.3,Ireland,Canada,A Balbirnie,PR Stirling,HS Baidwan,0,0,,,,,,,,,
450379,2010,2010-07-07,VRA Ground,2,2.4,Ireland,Canada,A Balbirnie,PR Stirling,HS Baidwan,2,0,,,,,,,,,
450379,2010,2010-07-07,VRA Ground,2,2.5,Ireland,Canada,A Balbirnie,PR Stirling,HS Baidwan,1,0,,,,,,,,,
450379,2010,2010-07-07,VRA Ground,2,2.6,Ireland,Canada,PR Stirling,A Balbirnie,HS Baidwan,0,0,,,,,,,,,
450379,2010,2010-07-07,VRA Ground,2,3.1,Ireland,Canada,A Balbirnie,PR Stirling,CK Hooper,1,0,,,,,,,,,
450379,2010,2010-07-07,VRA Ground,2,3.2,Ireland,Canada,PR Stirling,A Balbirnie,CK Hooper,1,0,,,,,,,,,
450379,2010,2010-07-07,VRA Ground,2,3.3,Ireland,Canada,A Balbirnie,PR Stirling,CK Hooper,1,0,,,,,,,,,
450379,2010,2010-07-07,VRA Ground,2,3.4,Ireland,Canada,PR Stirling,A Balbirnie,CK Hooper,4,0,,,,,,,,,
450379,2010,2010-07-07,VRA Ground,2,3.5,Ireland,Canada,PR Stirling,A Balbirnie,CK Hooper,0,0,,,,,,,,,
450379,2010,2010-07-07,VRA Ground,2,3.6,Ireland,Canada,PR Stirling,A Balbirnie,CK Hooper,0,0,,,,,,,,,
450379,2010,2010-07-07,VRA Ground,2,4.1,Ireland,Canada,A Balbirnie,PR Stirling,HS Baidwan,0,0,,,,,,,,,
450379,2010,2010-07-07,VRA Ground,2,4.2,Ireland,Canada,A Balbirnie,PR Stirling,HS Baidwan,0,0,,,,,,,,,
450379,2010,2010-07-07,VRA Ground,2,4.3,Ireland,Canada,A Balbirnie,PR Stirling,HS Baidwan,0,0,,,,,,,,,
450379,2010,2010-07-07,VRA Ground,2,4.4,Ireland,Canada,A Balbirnie,PR Stirling,HS Baidwan,0,0,,,,,,,,,
450379,2010,2010-07-07,VRA Ground,2,4.5,Ireland,Canada,A Balbirnie,PR Stirling,HS Baidwan,0,0,,,,,,,,,
450379,2010,2010-07-07,VRA Ground,2,4.6,Ireland,Canada,A Balbirnie,PR Stirling,HS Baidwan,0,0,,,,,,,,,
450379,2010,2010-07-07,VRA Ground,2,5.1,Ireland,Canada,PR Stirling,A Balbirnie,CK Hooper,4,0,,,,,,,,,
450379,2010,2010-07-07,VRA Ground,2,5.2,Ireland,Canada,PR Stirling,A Balbirnie,CK Hooper,0,0,,,,,,,,,
450379,2010,2010-07-07,VRA Ground,2,5.3,Ireland,Canada,PR Stirling,A Balbirnie,CK Hooper,0,0,,,,,,,,,
450379,2010,2010-07-07,VRA Ground,2,5.4,Ireland,Canada,PR Stirling,A Balbirnie,CK Hooper,4,0,,,,,,,,,
450379,2010,2010-07-07,VRA Ground,2,5.5,Ireland,Canada,PR Stirling,A Balbirnie,CK Hooper,4,0,,,,,,,,,
450379,2010,2010-07-07,VRA Ground,2,5.6,Ireland,Canada,PR Stirling,A Balbirnie,CK Hooper,0,0,,,,,,,,,
450379,2010,2010-07-07,VRA Ground,2,6.1,Ireland,Canada,A Balbirnie,PR Stirling,HS Baidwan,0,0,,,,,,,,,
450379,2010,2010-07-07,VRA Ground,2,6.2,Ireland,Canada,A Balbirnie,PR Stirling,HS Baidwan,0,0,,,,,,,,,
450379,2010,2010-07-07,VRA Ground,2,6.3,Ireland,Canada,A Balbirnie,PR Stirling,HS Baidwan,0,0,,,,,,,,,
450379,2010,2010-07-07,VRA Ground,2,6.4,Ireland,Canada,A Balbirnie,PR Stirling,HS Baidwan,0,0,,,,,,,,,
450379,2010,2010-07-07,VRA Ground,2,6.5,Ireland,Canada,A Balbirnie,PR Stirling,HS Baidwan,4,0,,,,,,,,,
450379,2010,2010-07-07,VRA Ground,2,6.6,Ireland,Canada,A Balbirnie,PR Stirling,HS Baidwan,0,0,,,,,,,,,
450379,2010,2010-07-07,VRA Ground,2,7.1,Ireland,Canada,PR Stirling,A Balbirnie,U Bhatti,0,0,,,,,,,,,
450379,2010,2010-07-07,VRA Ground,2,7.2,Ireland,Canada,PR Stirling,A Balbirnie,U Bhatti,0,0,,,,,,,,,
450379,2010,2010-07-07,VRA Ground,2,7.3,Ireland,Canada,PR Stirling,A Balbirnie,U Bhatti,0,0,,,,,,,,,
450379,2010,2010-07-07,VRA Ground,2,7.4,Ireland,Canada,PR Stirling,A Balbirnie,U Bhatti,4,0,,,,,,,,,
450379,2010,2010-07-07,VRA Ground,2,7.5,Ireland,Canada,PR Stirling,A Balbirnie,U Bhatti,4,0,,,,,,,,,
450379,2010,2010-07-07,VRA Ground,2,7.6,Ireland,Canada,PR Stirling,A Balbirnie,U Bhatti,1,0,,,,,,,,,
450379,2010,2010-07-07,VRA Ground,2,8.1,Ireland,Canada,PR Stirling,A Balbirnie,HS Baidwan,0,0,,,,,,,,,
450379,2010,2010-07-07,VRA Ground,2,8.2,Ireland,Canada,PR Stirling,A Balbirnie,HS Baidwan,0,0,,,,,,,,,
450379,2010,2010-07-07,VRA Ground,2,8.3,Ireland,Canada,PR Stirling,A Balbirnie,HS Baidwan,0,0,,,,,,,,,
450379,2010,2010-07-07,VRA Ground,2,8.4,Ireland,Canada,PR Stirling,A Balbirnie,HS Baidwan,1,0,,,,,,,,,
450379,2010,2010-07-07,VRA Ground,2,8.5,Ireland,Canada,A Balbirnie,PR Stirling,HS Baidwan,0,0,,,,,,,,,
450379,2010,2010-07-07,VRA Ground,2,8.6,Ireland,Canada,A Balbirnie,PR Stirling,HS Baidwan,2,0,,,,,,,,,
450379,2010,2010-07-07,VRA Ground,2,9.1,Ireland,Canada,PR Stirling,A Balbirnie,PA Desai,1,0,,,,,,,,,
450379,2010,2010-07-07,VRA Ground,2,9.2,Ireland,Canada,A Balbirnie,PR Stirling,PA Desai,0,0,,,,,,,,,
450379,2010,2010-07-07,VRA Ground,2,9.3,Ireland,Canada,A Balbirnie,PR Stirling,PA Desai,0,0,,,,,,,,,
450379,2010,2010-07-07,VRA Ground,2,9.4,Ireland,Canada,A Balbirnie,PR Stirling,PA Desai,0,0,,,,,,,,,
450379,2010,2010-07-07,VRA Ground,2,9.5,Ireland,Canada,A Balbirnie,PR Stirling,PA Desai,3,1,,1,,,,,,,
450379,2010,2010-07-07,VRA Ground,2,9.6,Ireland,Canada,PR Stirling,A Balbirnie,PA Desai,0,0,,,,,,,,,
450379,2010,2010-07-07,VRA Ground,2,9.7,Ireland,Canada,PR Stirling,A Balbirnie,PA Desai,2,0,,,,,,,,,
450379,2010,2010-07-07,VRA Ground,2,10.1,Ireland,Canada,A Balbirnie,PR Stirling,HS Baidwan,0,0,,,,,,caught,A Balbirnie,,
450379,2010,2010-07-07,VRA Ground,2,10.2,Ireland,Canada,PR Stirling,AD Poynter,HS Baidwan,2,0,,,,,,,,,
450379,2010,2010-07-07,VRA Ground,2,10.3,Ireland,Canada,PR Stirling,AD Poynter,HS Baidwan,0,0,,,,,,,,,
450379,2010,2010-07-07,VRA Ground,2,10.4,Ireland,Canada,PR Stirling,AD Poynter,HS Baidwan,0,0,,,,,,,,,
450379,2010,2010-07-07,VRA Ground,2,10.5,Ireland,Canada,PR Stirling,AD Poynter,HS Baidwan,0,0,,,,,,,,,
450379,2010,2010-07-07,VRA Ground,2,10.6,Ireland,Canada,PR Stirling,AD Poynter,HS Baidwan,1,0,,,,,,,,,
450379,2010,2010-07-07,VRA Ground,2,11.1,Ireland,Canada,PR Stirling,AD Poynter,PA Desai,1,0,,,,,,,,,
450379,2010,2010-07-07,VRA Ground,2,11.2,Ireland,Canada,AD Poynter,PR Stirling,PA Desai,0,0,,,,,,,,,
450379,2010,2010-07-07,VRA Ground,2,11.3,Ireland,Canada,AD Poynter,PR Stirling,PA Desai,0,0,,,,,,lbw,AD Poynter,,
450379,2010,2010-07-07,VRA Ground,2,11.4,Ireland,Canada,RD McCann,PR Stirling,PA Desai,0,0,,,,,,,,,
450379,2010,2010-07-07,VRA Ground,2,11.5,Ireland,Canada,RD McCann,PR Stirling,PA Desai,0,0,,,,,,,,,
450379,2010,2010-07-07,VRA Ground,2,11.6,Ireland,Canada,RD McCann,PR Stirling,PA Desai,0,0,,,,,,,,,
450379,2010,2010-07-07,VRA Ground,2,12.1,Ireland,Canada,PR Stirling,RD McCann,HS Baidwan,0,0,,,,,,,,,
450379,2010,2010-07-07,VRA Ground,2,12.2,Ireland,Canada,PR Stirling,RD McCann,HS Baidwan,0,0,,,,,,,,,
450379,2010,2010-07-07,VRA Ground,2,12.3,Ireland,Canada,PR Stirling,RD McCann,HS Baidwan,1,0,,,,,,,,,
450379,2010,2010-07-07,VRA Ground,2,12.4,Ireland,Canada,RD McCann,PR Stirling,HS Baidwan,0,0,,,,,,,,,
450379,2010,2010-07-07,VRA Ground,2,12.5,Ireland,Canada,RD McCann,PR Stirling,HS Baidwan,0,0,,,,,,,,,
450379,2010,2010-07-07,VRA Ground,2,12.6,Ireland,Canada,RD McCann,PR Stirling,HS Baidwan,0,0,,,,,,,,,
450379,2010,2010-07-07,VRA Ground,2,13.1,Ireland,Canada,PR Stirling,RD McCann,PA Desai,0,0,,,,,,,,,
450379,2010,2010-07-07,VRA Ground,2,13.2,Ireland,Canada,PR Stirling,RD McCann,PA Desai,0,0,,,,,,caught,PR Stirling,,
450379,2010,2010-07-07,VRA Ground,2,13.3,Ireland,Canada,KJ O'Brien,RD McCann,PA Desai,0,0,,,,,,,,,
450379,2010,2010-07-07,VRA Ground,2,13.4,Ireland,Canada,KJ O'Brien,RD McCann,PA Desai,0,0,,,,,,,,,
450379,2010,2010-07-07,VRA Ground,2,13.5,Ireland,Canada,KJ O'Brien,RD McCann,PA Desai,0,0,,,,,,,,,
450379,2010,2010-07-07,VRA Ground,2,13.6,Ireland,Canada,KJ O'Brien,RD McCann,PA Desai,0,0,,,,,,,,,
450379,2010,2010-07-07,VRA Ground,2,14.1,Ireland,Canada,RD McCann,KJ O'Brien,Rizwan Cheema,0,0,,,,,,,,,
450379,2010,2010-07-07,VRA Ground,2,14.2,Ireland,Canada,RD McCann,KJ O'Brien,Rizwan Cheema,0,0,,,,,,,,,
450379,2010,2010-07-07,VRA Ground,2,14.3,Ireland,Canada,RD McCann,KJ O'Brien,Rizwan Cheema,0,0,,,,,,,,,
450379,2010,2010-07-07,VRA Ground,2,14.4,Ireland,Canada,RD McCann,KJ O'Brien,Rizwan Cheema,0,0,,,,,,,,,
450379,2010,2010-07-07,VRA Ground,2,14.5,Ireland,Canada,RD McCann,KJ O'Brien,Rizwan Cheema,2,0,,,,,,,,,
450379,2010,2010-07-07,VRA Ground,2,14.6,Ireland,Canada,RD McCann,KJ O'Brien,Rizwan Cheema,0,0,,,,,,,,,
450379,2010,2010-07-07,VRA Ground,2,15.1,Ireland,Canada,KJ O'Brien,RD McCann,PA Desai,0,0,,,,,,,,,
450379,2010,2010-07-07,VRA Ground,2,15.2,Ireland,Canada,KJ O'Brien,RD McCann,PA Desai,0,0,,,,,,,,,
450379,2010,2010-07-07,VRA Ground,2,15.3,Ireland,Canada,KJ O'Brien,RD McCann,PA Desai,3,0,,,,,,,,,
450379,2010,2010-07-07,VRA Ground,2,15.4,Ireland,Canada,RD McCann,KJ O'Brien,PA Desai,0,0,,,,,,,,,
450379,2010,2010-07-07,VRA Ground,2,15.5,Ireland,Canada,RD McCann,KJ O'Brien,PA Desai,0,0,,,,,,,,,
450379,2010,2010-07-07,VRA Ground,2,15.6,Ireland,Canada,RD McCann,KJ O'Brien,PA Desai,0,0,,,,,,,,,
450379,2010,2010-07-07,VRA Ground,2,16.1,Ireland,Canada,KJ O'Brien,RD McCann,Rizwan Cheema,0,0,,,,,,,,,
450379,2010,2010-07-07,VRA Ground,2,16.2,Ireland,Canada,KJ O'Brien,RD McCann,Rizwan Cheema,0,0,,,,,,,,,
450379,2010,2010-07-07,VRA Ground,2,16.3,Ireland,Canada,KJ O'Brien,RD McCann,Rizwan Cheema,0,0,,,,,,,,,
450379,2010,2010-07-07,VRA Ground,2,16.4,Ireland,Canada,KJ O'Brien,RD McCann,Rizwan Cheema,4,0,,,,,,,,,
450379,2010,2010-07-07,VRA Ground,2,16.5,Ireland,Canada,KJ O'Brien,RD McCann,Rizwan Cheema,0,0,,,,,,,,,
450379,2010,2010-07-07,VRA Ground,2,16.6,Ireland,Canada,KJ O'Brien,RD McCann,Rizwan Cheema,0,0,,,,,,,,,
450379,2010,2010-07-07,VRA Ground,2,17.1,Ireland,Canada,RD McCann,KJ O'Brien,PA Desai,0,0,,,,,,,,,
450379,2010,2010-07-07,VRA Ground,2,17.2,Ireland,Canada,RD McCann,KJ O'Brien,PA Desai,0,0,,,,,,,,,
450379,2010,2010-07-07,VRA Ground,2,17.3,Ireland,Canada,RD McCann,KJ O'Brien,PA Desai,0,0,,,,,,,,,
450379,2010,2010-07-07,VRA Ground,2,17.4,Ireland,Canada,RD McCann,KJ O'Brien,PA Desai,0,0,,,,,,,,,
450379,2010,2010-07-07,VRA Ground,2,17.5,Ireland,Canada,RD McCann,KJ O'Brien,PA Desai,0,0,,,,,,,,,
450379,2010,2010-07-07,VRA Ground,2,17.6,Ireland,Canada,RD McCann,KJ O'Brien,PA Desai,0,0,,,,,,,,,
450379,2010,2010-07-07,VRA Ground,2,18.1,Ireland,Canada,KJ O'Brien,RD McCann,Rizwan Cheema,0,0,,,,,,,,,
450379,2010,2010-07-07,VRA Ground,2,18.2,Ireland,Canada,KJ O'Brien,RD McCann,Rizwan Cheema,1,0,,,,,,,,,
450379,2010,2010-07-07,VRA Ground,2,18.3,Ireland,Canada,RD McCann,KJ O'Brien,Rizwan Cheema,0,0,,,,,,,,,
450379,2010,2010-07-07,VRA Ground,2,18.4,Ireland,Canada,RD McCann,KJ O'Brien,Rizwan Cheema,0,0,,,,,,,,,
450379,2010,2010-07-07,VRA Ground,2,18.5,Ireland,Canada,RD McCann,KJ O'Brien,Rizwan Cheema,0,0,,,,,,,,,
450379,2010,2010-07-07,VRA Ground,2,18.6,Ireland,Canada,RD McCann,KJ O'Brien,Rizwan Cheema,1,0,,,,,,,,,
450379,2010,2010-07-07,VRA Ground,2,19.1,Ireland,Canada,RD McCann,KJ O'Brien,PA Desai,0,0,,,,,,,,,
450379,2010,2010-07-07,VRA Ground,2,19.2,Ireland,Canada,RD McCann,KJ O'Brien,PA Desai,0,0,,,,,,,,,
450379,2010,2010-07-07,VRA Ground,2,19.3,Ireland,Canada,RD McCann,KJ O'Brien,PA Desai,0,0,,,,,,,,,
450379,2010,2010-07-07,VRA Ground,2,19.4,Ireland,Canada,RD McCann,KJ O'Brien,PA Desai,1,0,,,,,,,,,
450379,2010,2010-07-07,VRA Ground,2,19.5,Ireland,Canada,KJ O'Brien,RD McCann,PA Desai,0,0,,,,,,,,,
450379,2010,2010-07-07,VRA Ground,2,19.6,Ireland,Canada,KJ O'Brien,RD McCann,PA Desai,0,0,,,,,,,,,
450379,2010,2010-07-07,VRA Ground,2,20.1,Ireland,Canada,RD McCann,KJ O'Brien,Rizwan Cheema,0,0,,,,,,,,,
450379,2010,2010-07-07,VRA Ground,2,20.2,Ireland,Canada,RD McCann,KJ O'Brien,Rizwan Cheema,0,0,,,,,,,,,
450379,2010,2010-07-07,VRA Ground,2,20.3,Ireland,Canada,RD McCann,KJ O'Brien,Rizwan Cheema,1,0,,,,,,,,,
450379,2010,2010-07-07,VRA Ground,2,20.4,Ireland,Canada,KJ O'Brien,RD McCann,Rizwan Cheema,1,0,,,,,,,,,
450379,2010,2010-07-07,VRA Ground,2,20.5,Ireland,Canada,RD McCann,KJ O'Brien,Rizwan Cheema,1,0,,,,,,,,,
450379,2010,2010-07-07,VRA Ground,2,20.6,Ireland,Canada,KJ O'Brien,RD McCann,Rizwan Cheema,3,0,,,,,,,,,
450379,2010,2010-07-07,VRA Ground,2,21.1,Ireland,Canada,KJ O'Brien,RD McCann,PA Desai,4,0,,,,,,,,,
450379,2010,2010-07-07,VRA Ground,2,21.2,Ireland,Canada,KJ O'Brien,RD McCann,PA Desai,0,0,,,,,,,,,
450379,2010,2010-07-07,VRA Ground,2,21.3,Ireland,Canada,KJ O'Brien,RD McCann,PA Desai,4,0,,,,,,,,,
450379,2010,2010-07-07,VRA Ground,2,21.4,Ireland,Canada,KJ O'Brien,RD McCann,PA Desai,4,0,,,,,,,,,
450379,2010,2010-07-07,VRA Ground,2,21.5,Ireland,Canada,KJ O'Brien,RD McCann,PA Desai,1,0,,,,,,,,,
450379,2010,2010-07-07,VRA Ground,2,21.6,Ireland,Canada,RD McCann,KJ O'Brien,PA Desai,0,0,,,,,,,,,
450379,2010,2010-07-07,VRA Ground,2,22.1,Ireland,Canada,KJ O'Brien,RD McCann,H Patel,0,0,,,,,,,,,
450379,2010,2010-07-07,VRA Ground,2,22.2,Ireland,Canada,KJ O'Brien,RD McCann,H Patel,0,0,,,,,,,,,
450379,2010,2010-07-07,VRA Ground,2,22.3,Ireland,Canada,KJ O'Brien,RD McCann,H Patel,0,0,,,,,,,,,
450379,2010,2010-07-07,VRA Ground,2,22.4,Ireland,Canada,KJ O'Brien,RD McCann,H Patel,0,1,1,,,,,,,,
450379,2010,2010-07-07,VRA Ground,2,22.5,Ireland,Canada,KJ O'Brien,RD McCann,H Patel,1,0,,,,,,,,,
450379,2010,2010-07-07,VRA Ground,2,22.6,Ireland,Canada,RD McCann,KJ O'Brien,H Patel,0,2,2,,,,,,,,
450379,2010,2010-07-07,VRA Ground,2,22.7,Ireland,Canada,KJ O'Brien,RD McCann,H Patel,1,0,,,,,,,,,
450379,2010,2010-07-07,VRA Ground,2,22.8,Ireland,Canada,RD McCann,KJ O'Brien,H Patel,0,0,,,,,,lbw,RD McCann,,
450379,2010,2010-07-07,VRA Ground,2,23.1,Ireland,Canada,KJ O'Brien,AR White,PA Desai,1,0,,,,,,,,,
450379,2010,2010-07-07,VRA Ground,2,23.2,Ireland,Canada,AR White,KJ O'Brien,PA Desai,0,0,,,,,,lbw,AR White,,
450379,2010,2010-07-07,VRA Ground,2,23.3,Ireland,Canada,JF Mooney,KJ O'Brien,PA Desai,0,0,,,,,,,,,
450379,2010,2010-07-07,VRA Ground,2,23.4,Ireland,Canada,JF Mooney,KJ O'Brien,PA Desai,0,0,,,,,,,,,
450379,2010,2010-07-07,VRA Ground,2,23.5,Ireland,Canada,JF Mooney,KJ O'Brien,PA Desai,4,0,,,,,,,,,
450379,2010,2010-07-07,VRA Ground,2,23.6,Ireland,Canada,JF Mooney,KJ O'Brien,PA Desai,2,0,,,,,,,,,
450379,2010,2010-07-07,VRA Ground,2,24.1,Ireland,Canada,KJ O'Brien,JF Mooney,H Patel,0,0,,,,,,,,,
450379,2010,2010-07-07,VRA Ground,2,24.2,Ireland,Canada,KJ O'Brien,JF Mooney,H Patel,1,0,,,,,,,,,
450379,2010,2010-07-07,VRA Ground,2,24.3,Ireland,Canada,JF Mooney,KJ O'Brien,H Patel,1,0,,,,,,,,,
450379,2010,2010-07-07,VRA Ground,2,24.4,Ireland,Canada,KJ O'Brien,JF Mooney,H Patel,1,0,,,,,,,,,
450379,2010,2010-07-07,VRA Ground,2,24.5,Ireland,Canada,JF Mooney,KJ O'Brien,H Patel,1,0,,,,,,,,,
450379,2010,2010-07-07,VRA Ground,2,24.6,Ireland,Canada,KJ O'Brien,JF Mooney,H Patel,0,0,,,,,,,,,
450379,2010,2010-07-07,VRA Ground,2,25.1,Ireland,Canada,JF Mooney,KJ O'Brien,PA Desai,0,0,,,,,,,,,
450379,2010,2010-07-07,VRA Ground,2,25.2,Ireland,Canada,JF Mooney,KJ O'Brien,PA Desai,1,0,,,,,,,,,
450379,2010,2010-07-07,VRA Ground,2,25.3,Ireland,Canada,KJ O'Brien,JF Mooney,PA Desai,2,0,,,,,,,,,
450379,2010,2010-07-07,VRA Ground,2,25.4,Ireland,Canada,KJ O'Brien,JF Mooney,PA Desai,0,0,,,,,,,,,
450379,2010,2010-07-07,VRA Ground,2,25.5,Ireland,Canada,KJ O'Brien,JF Mooney,PA Desai,0,0,,,,,,,,,
450379,2010,2010-07-07,VRA Ground,2,25.6,Ireland,Canada,KJ O'Brien,JF Mooney,PA Desai,0,0,,,,,,,,,
450379,2010,2010-07-07,VRA Ground,2,26.1,Ireland,Canada,JF Mooney,KJ O'Brien,H Patel,0,0,,,,,,,,,
450379,2010,2010-07-07,VRA Ground,2,26.2,Ireland,Canada,JF Mooney,KJ O'Brien,H Patel,1,0,,,,,,,,,
450379,2010,2010-07-07,VRA Ground,2,26.3,Ireland,Canada,KJ O'Brien,JF Mooney,H Patel,1,0,,,,,,,,,
450379,2010,2010-07-07,VRA Ground,2,26.4,Ireland,Canada,JF Mooney,KJ O'Brien,H Patel,0,0,,,,,,,,,
450379,2010,2010-07-07,VRA Ground,2,26.5,Ireland,Canada,JF Mooney,KJ O'Brien,H Patel,0,0,,,,,,,,,
450379,2010,2010-07-07,VRA Ground,2,26.6,Ireland,Canada,JF Mooney,KJ O'Brien,H Patel,0,0,,,,,,,,,
450379,2010,2010-07-07,VRA Ground,2,27.1,Ireland,Canada,KJ O'Brien,JF Mooney,PA Desai,0,0,,,,,,,,,
450379,2010,2010-07-07,VRA Ground,2,27.2,Ireland,Canada,KJ O'Brien,JF Mooney,PA Desai,0,0,,,,,,,,,
450379,2010,2010-07-07,VRA Ground,2,27.3,Ireland,Canada,KJ O'Brien,JF Mooney,PA Desai,0,0,,,,,,,,,
450379,2010,2010-07-07,VRA Ground,2,27.4,Ireland,Canada,KJ O'Brien,JF Mooney,PA Desai,0,0,,,,,,,,,
450379,2010,2010-07-07,VRA Ground,2,27.5,Ireland,Canada,KJ O'Brien,JF Mooney,PA Desai,0,0,,,,,,,,,
450379,2010,2010-07-07,VRA Ground,2,27.6,Ireland,Canada,KJ O'Brien,JF Mooney,PA Desai,0,0,,,,,,,,,
450379,2010,2010-07-07,VRA Ground,2,28.1,Ireland,Canada,JF Mooney,KJ O'Brien,H Patel,0,0,,,,,,,,,
450379,2010,2010-07-07,VRA Ground,2,28.2,Ireland,Canada,JF Mooney,KJ O'Brien,H Patel,1,0,,,,,,,,,
450379,2010,2010-07-07,VRA Ground,2,28.3,Ireland,Canada,KJ O'Brien,JF Mooney,H Patel,0,0,,,,,,,,,
450379,2010,2010-07-07,VRA Ground,2,28.4,Ireland,Canada,KJ O'Brien,JF Mooney,H Patel,0,0,,,,,,,,,
450379,2010,2010-07-07,VRA Ground,2,28.5,Ireland,Canada,KJ O'Brien,JF Mooney,H Patel,0,0,,,,,,,,,
450379,2010,2010-07-07,VRA Ground,2,28.6,Ireland,Canada,KJ O'Brien,JF Mooney,H Patel,1,0,,,,,,,,,
450379,2010,2010-07-07,VRA Ground,2,29.1,Ireland,Canada,KJ O'Brien,JF Mooney,AS Hansra,0,0,,,,,,,,,
450379,2010,2010-07-07,VRA Ground,2,29.2,Ireland,Canada,KJ O'Brien,JF Mooney,AS Hansra,0,0,,,,,,,,,
450379,2010,2010-07-07,VRA Ground,2,29.3,Ireland,Canada,KJ O'Brien,JF Mooney,AS Hansra,1,0,,,,,,,,,
450379,2010,2010-07-07,VRA Ground,2,29.4,Ireland,Canada,JF Mooney,KJ O'Brien,AS Hansra,0,0,,,,,,,,,
450379,2010,2010-07-07,VRA Ground,2,29.5,Ireland,Canada,JF Mooney,KJ O'Brien,AS Hansra,4,0,,,,,,,,,
450379,2010,2010-07-07,VRA Ground,2,29.6,Ireland,Canada,JF Mooney,KJ O'Brien,AS Hansra,0,0,,,,,,,,,
450379,2010,2010-07-07,VRA Ground,2,30.1,Ireland,Canada,KJ O'Brien,JF Mooney,H Patel,1,0,,,,,,,,,
450379,2010,2010-07-07,VRA Ground,2,30.2,Ireland,Canada,JF Mooney,KJ O'Brien,H Patel,0,0,,,,,,,,,
450379,2010,2010-07-07,VRA Ground,2,30.3,Ireland,Canada,JF Mooney,KJ O'Brien,H Patel,0,0,,,,,,,,,
450379,2010,2010-07-07,VRA Ground,2,30.4,Ireland,Canada,JF Mooney,KJ O'Brien,H Patel,0,0,,,,,,,,,
450379,2010,2010-07-07,VRA Ground,2,30.5,Ireland,Canada,JF Mooney,KJ O'Brien,H Patel,0,0,,,,,,,,,
450379,2010,2010-07-07,VRA Ground,2,30.6,Ireland,Canada,JF Mooney,KJ O'Brien,H Patel,0,0,,,,,,,,,
450379,2010,2010-07-07,VRA Ground,2,31.1,Ireland,Canada,KJ O'Brien,JF Mooney,AS Hansra,0,0,,,,,,,,,
450379,2010,2010-07-07,VRA Ground,2,31.2,Ireland,Canada,KJ O'Brien,JF Mooney,AS Hansra,1,0,,,,,,,,,
450379,2010,2010-07-07,VRA Ground,2,31.3,Ireland,Canada,JF Mooney,KJ O'Brien,AS Hansra,0,0,,,,,,,,,
450379,2010,2010-07-07,VRA Ground,2,31.4,Ireland,Canada,JF Mooney,KJ O'Brien,AS Hansra,0,0,,,,,,,,,
450379,2010,2010-07-07,VRA Ground,2,31.5,Ireland,Canada,JF Mooney,KJ O'Brien,AS Hansra,0,0,,,,,,,,,
450379,2010,2010-07-07,VRA Ground,2,31.6,Ireland,Canada,JF Mooney,KJ O'Brien,AS Hansra,4,0,,,,,,,,,
450379,2010,2010-07-07,VRA Ground,2,32.1,Ireland,Canada,KJ O'Brien,JF Mooney,H Patel,1,0,,,,,,,,,
450379,2010,2010-07-07,VRA Ground,2,32.2,Ireland,Canada,JF Mooney,KJ O'Brien,H Patel,1,0,,,,,,,,,
450379,2010,2010-07-07,VRA Ground,2,32.3,Ireland,Canada,KJ O'Brien,JF Mooney,H Patel,1,0,,,,,,,,,
450379,2010,2010-07-07,VRA Ground,2,32.4,Ireland,Canada,JF Mooney,KJ O'Brien,H Patel,0,0,,,,,,,,,
450379,2010,2010-07-07,VRA Ground,2,32.5,Ireland,Canada,JF Mooney,KJ O'Brien,H Patel,1,0,,,,,,,,,
450379,2010,2010-07-07,VRA Ground,2,32.6,Ireland,Canada,KJ O'Brien,JF Mooney,H Patel,0,0,,,,,,,,,
450379,2010,2010-07-07,VRA Ground,2,33.1,Ireland,Canada,JF Mooney,KJ O'Brien,AS Hansra,1,0,,,,,,,,,
450379,2010,2010-07-07,VRA Ground,2,33.2,Ireland,Canada,KJ O'Brien,JF Mooney,AS Hansra,0,0,,,,,,,,,
450379,2010,2010-07-07,VRA Ground,2,33.3,Ireland,Canada,KJ O'Brien,JF Mooney,AS Hansra,1,0,,,,,,,,,
450379,2010,2010-07-07,VRA Ground,2,33.4,Ireland,Canada,JF Mooney,KJ O'Brien,AS Hansra,0,0,,,,,,,,,
450379,2010,2010-07-07,VRA Ground,2,33.5,Ireland,Canada,JF Mooney,KJ O'Brien,AS Hansra,0,0,,,,,,,,,
450379,2010,2010-07-07,VRA Ground,2,33.6,Ireland,Canada,JF Mooney,KJ O'Brien,AS Hansra,0,1,1,,,,,,,,
450379,2010,2010-07-07,VRA Ground,2,33.7,Ireland,Canada,JF Mooney,KJ O'Brien,AS Hansra,1,0,,,,,,,,,
450379,2010,2010-07-07,VRA Ground,2,34.1,Ireland,Canada,JF Mooney,KJ O'Brien,HS Baidwan,2,0,,,,,,,,,
450379,2010,2010-07-07,VRA Ground,2,34.2,Ireland,Canada,JF Mooney,KJ O'Brien,HS Baidwan,0,0,,,,,,,,,
450379,2010,2010-07-07,VRA Ground,2,34.3,Ireland,Canada,JF Mooney,KJ O'Brien,HS Baidwan,0,0,,,,,,,,,
450379,2010,2010-07-07,VRA Ground,2,34.4,Ireland,Canada,JF Mooney,KJ O'Brien,HS Baidwan,0,0,,,,,,,,,
450379,2010,2010-07-07,VRA Ground,2,34.5,Ireland,Canada,JF Mooney,KJ O'Brien,HS Baidwan,2,0,,,,,,,,,
450379,2010,2010-07-07,VRA Ground,2,34.6,Ireland,Canada,JF Mooney,KJ O'Brien,HS Baidwan,0,0,,,,,,,,,
450379,2010,2010-07-07,VRA Ground,2,35.1,Ireland,Canada,KJ O'Brien,JF Mooney,U Bhatti,1,0,,,,,,,,,
450379,2010,2010-07-07,VRA Ground,2,35.2,Ireland,Canada,JF Mooney,KJ O'Brien,U Bhatti,0,0,,,,,,,,,
450379,2010,2010-07-07,VRA Ground,2,35.3,Ireland,Canada,JF Mooney,KJ O'Brien,U Bhatti,0,0,,,,,,,,,
450379,2010,2010-07-07,VRA Ground,2,35.4,Ireland,Canada,JF Mooney,KJ O'Brien,U Bhatti,0,0,,,,,,,,,
450379,2010,2010-07-07,VRA Ground,2,35.5,Ireland,Canada,JF Mooney,KJ O'Brien,U Bhatti,0,0,,,,,,,,,
450379,2010,2010-07-07,VRA Ground,2,35.6,Ireland,Canada,JF Mooney,KJ O'Brien,U Bhatti,1,0,,,,,,,,,
450379,2010,2010-07-07,VRA Ground,2,36.1,Ireland,Canada,JF Mooney,KJ O'Brien,HS Baidwan,0,0,,,,,,,,,
450379,2010,2010-07-07,VRA Ground,2,36.2,Ireland,Canada,JF Mooney,KJ O'Brien,HS Baidwan,0,0,,,,,,,,,
450379,2010,2010-07-07,VRA Ground,2,36.3,Ireland,Canada,JF Mooney,KJ O'Brien,HS Baidwan,0,0,,,,,,,,,
450379,2010,2010-07-07,VRA Ground,2,36.4,Ireland,Canada,JF Mooney,KJ O'Brien,HS Baidwan,1,0,,,,,,,,,
450379,2010,2010-07-07,VRA Ground,2,36.5,Ireland,Canada,KJ O'Brien,JF Mooney,HS Baidwan,0,0,,,,,,,,,
450379,2010,2010-07-07,VRA Ground,2,36.6,Ireland,Canada,KJ O'Brien,JF Mooney,HS Baidwan,0,0,,,,,,,,,
450379,2010,2010-07-07,VRA Ground,2,37.1,Ireland,Canada,JF Mooney,KJ O'Brien,U Bhatti,0,0,,,,,,,,,
450379,2010,2010-07-07,VRA Ground,2,37.2,Ireland,Canada,JF Mooney,KJ O'Brien,U Bhatti,4,0,,,,,,,,,
450379,2010,2010-07-07,VRA Ground,2,37.3,Ireland,Canada,JF Mooney,KJ O'Brien,U Bhatti,0,1,,1,,,,,,,
450379,2010,2010-07-07,VRA Ground,2,37.4,Ireland,Canada,JF Mooney,KJ O'Brien,U Bhatti,0,2,,,,2,,,,,
450379,2010,2010-07-07,VRA Ground,2,37.5,Ireland,Canada,JF Mooney,KJ O'Brien,U Bhatti,0,0,,,,,,,,,
450379,2010,2010-07-07,VRA Ground,2,37.6,Ireland,Canada,JF Mooney,KJ O'Brien,U Bhatti,1,0,,,,,,,,,
450379,2010,2010-07-07,VRA Ground,2,37.7,Ireland,Canada,KJ O'Brien,JF Mooney,U Bhatti,0,0,,,,,,,,,
450379,2010,2010-07-07,VRA Ground,2,38.1,Ireland,Canada,JF Mooney,KJ O'Brien,HS Baidwan,0,0,,,,,,,,,
450379,2010,2010-07-07,VRA Ground,2,38.2,Ireland,Canada,JF Mooney,KJ O'Brien,HS Baidwan,0,0,,,,,,,,,
450379,2010,2010-07-07,VRA Ground,2,38.3,Ireland,Canada,JF Mooney,KJ O'Brien,HS Baidwan,2,0,,,,,,,,,
450379,2010,2010-07-07,VRA Ground,2,38.4,Ireland,Canada,JF Mooney,KJ O'Brien,HS Baidwan,0,0,,,,,,,,,
450379,2010,2010-07-07,VRA Ground,2,38.5,Ireland,Canada,JF Mooney,KJ O'Brien,HS Baidwan,4,0,,,,,,,,,
450379,2010,2010-07-07,VRA Ground,2,38.6,Ireland,Canada,JF Mooney,KJ O'Brien,HS Baidwan,4,0,,,,,,,,,
450379,2010,2010-07-07,VRA Ground,2,39.1,Ireland,Canada,KJ O'Brien,JF Mooney,U Bhatti,2,0,,,,,,,,,
