version,2.1.0
info,balls_per_over,6
info,team,Scotland
info,team,Afghanistan
info,gender,male
info,season,2010
info,date,2010/08/16
info,event,Afghanistan in Scotland ODI Series
info,match_number,1
info,venue,Cambusdoon New Ground
info,city,Ayr
info,toss_winner,Scotland
info,toss_decision,bat
info,umpire,EAR de Silva
info,umpire,IN Ramage
info,reserve_umpire,RM Wylie
info,match_referee,BC Broad
info,winner,Afghanistan
info,winner_wickets,9
info,player,Afghanistan,Noor Ali Zadran
info,player,Afghanistan,Karim Sadiq
info,player,Afghanistan,Mohammad Shahzad
info,player,Afghanistan,Nawroz Mangal
info,player,Afghanistan,Asghar Stanikzai
info,player,Afghanistan,Mohammad Nabi
info,player,Afghanistan,Samiullah Shenwari
info,player,Afghanistan,Mirwais Ashraf
info,player,Afghanistan,Javed Ahmadi
info,player,Afghanistan,Hamid Hassan
info,player,Afghanistan,Shapoor Zadran
info,player,Scotland,DF Watts
info,player,Scotland,PL Mommsen
info,player,Scotland,JH Davey
info,player,Scotland,RD Berrington
info,player,Scotland,GM Hamilton
info,player,Scotland,MM Iqbal
info,player,Scotland,DR Lockhart
info,player,Scotland,RM Haq
info,player,Scotland,MA Parker
info,player,Scotland,GD Drummond
info,player,Scotland,JD Nel
info,registry,people,Asghar Stanikzai,88679525
info,registry,people,BC Broad,d6a7dd38
info,registry,people,DF Watts,ad733e72
info,registry,people,DR Lockhart,14d0fd35
info,registry,people,EAR de Silva,dc63f509
info,registry,people,GD Drummond,5b8fffb4
info,registry,people,GM Hamilton,8187519b
info,registry,people,Hamid Hassan,093ae70b
info,registry,people,IN Ramage,33cb7803
info,registry,people,JD Nel,7c7303eb
info,registry,people,JH Davey,d3868bd0
info,registry,people,Javed Ahmadi,0087a35d
info,registry,people,Karim Sadiq,13e5908b
info,registry,people,MA Parker,4d0055a0
info,registry,people,MM Iqbal,4ff67681
info,registry,people,Mirwais Ashraf,bdd985f2
info,registry,people,Mohammad Nabi,62af8546
info,registry,people,Mohammad Shahzad,d6dcb0c9
info,registry,people,Nawroz Mangal,0503ae22
info,registry,people,Noor Ali Zadran,72e46d30
info,registry,people,PL Mommsen,a56f4b65
info,registry,people,RD Berrington,e21bc7f3
info,registry,people,RM Haq,27159c6a
info,registry,people,RM Wylie,6a6ba226
info,registry,people,Samiullah Shenwari,61646132
info,registry,people,Shapoor Zadran,fccebff9
