match_id,season,start_date,venue,innings,ball,batting_team,bowling_team,striker,non_striker,bowler,runs_off_bat,extras,wides,noballs,byes,legbyes,penalty,wicket_type,player_dismissed,other_wicket_type,other_player_dismissed
452152,2010,2010-06-09,Harare Sports Club,1,0.1,Zimbabwe,Sri Lanka,H Masakadza,BRM Taylor,KMDN Kulasekara,0,0,,,,,,,,,
452152,2010,2010-06-09,Harare Sports Club,1,0.2,Zimbabwe,Sri Lanka,H Masakadza,BRM Taylor,KMDN Kulasekara,0,1,1,,,,,,,,
452152,2010,2010-06-09,Harare Sports Club,1,0.3,Zimbabwe,Sri Lanka,H Masakadza,BRM Taylor,KMDN Kulasekara,0,0,,,,,,,,,
452152,2010,2010-06-09,Harare Sports Club,1,0.4,Zimbabwe,Sri Lanka,H Masakadza,BRM Taylor,KMDN Kulasekara,0,0,,,,,,,,,
452152,2010,2010-06-09,Harare Sports Club,1,0.5,Zimbabwe,Sri Lanka,H Masakadza,BRM Taylor,KMDN Kulasekara,0,0,,,,,,,,,
452152,2010,2010-06-09,Harare Sports Club,1,0.6,Zimbabwe,Sri Lanka,H Masakadza,BRM Taylor,KMDN Kulasekara,0,0,,,,,,,,,
452152,2010,2010-06-09,Harare Sports Club,1,0.7,Zimbabwe,Sri Lanka,H Masakadza,BRM Taylor,KMDN Kulasekara,1,0,,,,,,,,,
452152,2010,2010-06-09,Harare Sports Club,1,1.1,Zimbabwe,Sri Lanka,H Masakadza,BRM Taylor,CRD Fernando,0,0,,,,,,,,,
452152,2010,2010-06-09,Harare Sports Club,1,1.2,Zimbabwe,Sri Lanka,H Masakadza,BRM Taylor,CRD Fernando,2,0,,,,,,,,,
452152,2010,2010-06-09,Harare Sports Club,1,1.3,Zimbabwe,Sri Lanka,H Masakadza,BRM Taylor,CRD Fernando,0,0,,,,,,,,,
452152,2010,2010-06-09,Harare Sports Club,1,1.4,Zimbabwe,Sri Lanka,H Masakadza,BRM Taylor,CRD Fernando,0,0,,,,,,,,,
452152,2010,2010-06-09,Harare Sports Club,1,1.5,Zimbabwe,Sri Lanka,H Masakadza,BRM Taylor,CRD Fernando,0,0,,,,,,,,,
452152,2010,2010-06-09,Harare Sports Club,1,1.6,Zimbabwe,Sri Lanka,H Masakadza,BRM Taylor,CRD Fernando,0,0,,,,,,,,,
452152,2010,2010-06-09,Harare Sports Club,1,2.1,Zimbabwe,Sri Lanka,BRM Taylor,H Masakadza,KMDN Kulasekara,0,0,,,,,,,,,
452152,2010,2010-06-09,Harare Sports Club,1,2.2,Zimbabwe,Sri Lanka,BRM Taylor,H Masakadza,KMDN Kulasekara,0,1,1,,,,,,,,
452152,2010,2010-06-09,Harare Sports Club,1,2.3,Zimbabwe,Sri Lanka,BRM Taylor,H Masakadza,KMDN Kulasekara,1,0,,,,,,,,,
452152,2010,2010-06-09,Harare Sports Club,1,2.4,Zimbabwe,Sri Lanka,H Masakadza,BRM Taylor,KMDN Kulasekara,0,0,,,,,,,,,
452152,2010,2010-06-09,Harare Sports Club,1,2.5,Zimbabwe,Sri Lanka,H Masakadza,BRM Taylor,KMDN Kulasekara,0,0,,,,,,,,,
452152,2010,2010-06-09,Harare Sports Club,1,2.6,Zimbabwe,Sri Lanka,H Masakadza,BRM Taylor,KMDN Kulasekara,0,0,,,,,,,,,
452152,2010,2010-06-09,Harare Sports Club,1,2.7,Zimbabwe,Sri Lanka,H Masakadza,BRM Taylor,KMDN Kulasekara,0,0,,,,,,,,,
452152,2010,2010-06-09,Harare Sports Club,1,3.1,Zimbabwe,Sri Lanka,BRM Taylor,H Masakadza,CRD Fernando,0,1,1,,,,,,,,
452152,2010,2010-06-09,Harare Sports Club,1,3.2,Zimbabwe,Sri Lanka,BRM Taylor,H Masakadza,CRD Fernando,0,0,,,,,,,,,
452152,2010,2010-06-09,Harare Sports Club,1,3.3,Zimbabwe,Sri Lanka,BRM Taylor,H Masakadza,CRD Fernando,2,0,,,,,,,,,
452152,2010,2010-06-09,Harare Sports Club,1,3.4,Zimbabwe,Sri Lanka,BRM Taylor,H Masakadza,CRD Fernando,1,0,,,,,,,,,
452152,2010,2010-06-09,Harare Sports Club,1,3.5,Zimbabwe,Sri Lanka,H Masakadza,BRM Taylor,CRD Fernando,0,0,,,,,,,,,
452152,2010,2010-06-09,Harare Sports Club,1,3.6,Zimbabwe,Sri Lanka,H Masakadza,BRM Taylor,CRD Fernando,1,0,,,,,,,,,
452152,2010,2010-06-09,Harare Sports Club,1,3.7,Zimbabwe,Sri Lanka,BRM Taylor,H Masakadza,CRD Fernando,0,0,,,,,,,,,
452152,2010,2010-06-09,Harare Sports Club,1,4.1,Zimbabwe,Sri Lanka,H Masakadza,BRM Taylor,KMDN Kulasekara,0,0,,,,,,,,,
452152,2010,2010-06-09,Harare Sports Club,1,4.2,Zimbabwe,Sri Lanka,H Masakadza,BRM Taylor,KMDN Kulasekara,0,0,,,,,,,,,
452152,2010,2010-06-09,Harare Sports Club,1,4.3,Zimbabwe,Sri Lanka,H Masakadza,BRM Taylor,KMDN Kulasekara,0,0,,,,,,,,,
452152,2010,2010-06-09,Harare Sports Club,1,4.4,Zimbabwe,Sri Lanka,H Masakadza,BRM Taylor,KMDN Kulasekara,0,0,,,,,,,,,
452152,2010,2010-06-09,Harare Sports Club,1,4.5,Zimbabwe,Sri Lanka,H Masakadza,BRM Taylor,KMDN Kulasekara,0,0,,,,,,caught,H Masakadza,,
452152,2010,2010-06-09,Harare Sports Club,1,4.6,Zimbabwe,Sri Lanka,T Taibu,BRM Taylor,KMDN Kulasekara,0,0,,,,,,,,,
452152,2010,2010-06-09,Harare Sports Club,1,5.1,Zimbabwe,Sri Lanka,BRM Taylor,T Taibu,CRD Fernando,0,0,,,,,,,,,
452152,2010,2010-06-09,Harare Sports Club,1,5.2,Zimbabwe,Sri Lanka,BRM Taylor,T Taibu,CRD Fernando,0,0,,,,,,,,,
452152,2010,2010-06-09,Harare Sports Club,1,5.3,Zimbabwe,Sri Lanka,BRM Taylor,T Taibu,CRD Fernando,0,0,,,,,,,,,
452152,2010,2010-06-09,Harare Sports Club,1,5.4,Zimbabwe,Sri Lanka,BRM Taylor,T Taibu,CRD Fernando,0,0,,,,,,,,,
452152,2010,2010-06-09,Harare Sports Club,1,5.5,Zimbabwe,Sri Lanka,BRM Taylor,T Taibu,CRD Fernando,4,0,,,,,,,,,
452152,2010,2010-06-09,Harare Sports Club,1,5.6,Zimbabwe,Sri Lanka,BRM Taylor,T Taibu,CRD Fernando,0,0,,,,,,,,,
452152,2010,2010-06-09,Harare Sports Club,1,6.1,Zimbabwe,Sri Lanka,T Taibu,BRM Taylor,KMDN Kulasekara,0,0,,,,,,,,,
452152,2010,2010-06-09,Harare Sports Club,1,6.2,Zimbabwe,Sri Lanka,T Taibu,BRM Taylor,KMDN Kulasekara,0,0,,,,,,,,,
452152,2010,2010-06-09,Harare Sports Club,1,6.3,Zimbabwe,Sri Lanka,T Taibu,BRM Taylor,KMDN Kulasekara,0,0,,,,,,,,,
452152,2010,2010-06-09,Harare Sports Club,1,6.4,Zimbabwe,Sri Lanka,T Taibu,BRM Taylor,KMDN Kulasekara,0,0,,,,,,,,,
452152,2010,2010-06-09,Harare Sports Club,1,6.5,Zimbabwe,Sri Lanka,T Taibu,BRM Taylor,KMDN Kulasekara,0,0,,,,,,,,,
452152,2010,2010-06-09,Harare Sports Club,1,6.6,Zimbabwe,Sri Lanka,T Taibu,BRM Taylor,KMDN Kulasekara,0,0,,,,,,,,,
452152,2010,2010-06-09,Harare Sports Club,1,7.1,Zimbabwe,Sri Lanka,BRM Taylor,T Taibu,CRD Fernando,0,1,,,,1,,,,,
452152,2010,2010-06-09,Harare Sports Club,1,7.2,Zimbabwe,Sri Lanka,T Taibu,BRM Taylor,CRD Fernando,0,0,,,,,,,,,
452152,2010,2010-06-09,Harare Sports Club,1,7.3,Zimbabwe,Sri Lanka,T Taibu,BRM Taylor,CRD Fernando,1,0,,,,,,,,,
452152,2010,2010-06-09,Harare Sports Club,1,7.4,Zimbabwe,Sri Lanka,BRM Taylor,T Taibu,CRD Fernando,0,0,,,,,,,,,
452152,2010,2010-06-09,Harare Sports Club,1,7.5,Zimbabwe,Sri Lanka,BRM Taylor,T Taibu,CRD Fernando,1,0,,,,,,,,,
452152,2010,2010-06-09,Harare Sports Club,1,7.6,Zimbabwe,Sri Lanka,T Taibu,BRM Taylor,CRD Fernando,0,0,,,,,,,,,
452152,2010,2010-06-09,Harare Sports Club,1,8.1,Zimbabwe,Sri Lanka,BRM Taylor,T Taibu,KMDN Kulasekara,0,0,,,,,,,,,
452152,2010,2010-06-09,Harare Sports Club,1,8.2,Zimbabwe,Sri Lanka,BRM Taylor,T Taibu,KMDN Kulasekara,4,0,,,,,,,,,
452152,2010,2010-06-09,Harare Sports Club,1,8.3,Zimbabwe,Sri Lanka,BRM Taylor,T Taibu,KMDN Kulasekara,1,0,,,,,,,,,
452152,2010,2010-06-09,Harare Sports Club,1,8.4,Zimbabwe,Sri Lanka,T Taibu,BRM Taylor,KMDN Kulasekara,0,0,,,,,,,,,
452152,2010,2010-06-09,Harare Sports Club,1,8.5,Zimbabwe,Sri Lanka,T Taibu,BRM Taylor,KMDN Kulasekara,1,0,,,,,,,,,
452152,2010,2010-06-09,Harare Sports Club,1,8.6,Zimbabwe,Sri Lanka,BRM Taylor,T Taibu,KMDN Kulasekara,1,0,,,,,,,,,
452152,2010,2010-06-09,Harare Sports Club,1,9.1,Zimbabwe,Sri Lanka,BRM Taylor,T Taibu,CRD Fernando,0,0,,,,,,,,,
452152,2010,2010-06-09,Harare Sports Club,1,9.2,Zimbabwe,Sri Lanka,BRM Taylor,T Taibu,CRD Fernando,4,0,,,,,,,,,
452152,2010,2010-06-09,Harare Sports Club,1,9.3,Zimbabwe,Sri Lanka,BRM Taylor,T Taibu,CRD Fernando,0,0,,,,,,caught,BRM Taylor,,
452152,2010,2010-06-09,Harare Sports Club,1,9.4,Zimbabwe,Sri Lanka,CR Ervine,T Taibu,CRD Fernando,0,0,,,,,,,,,
452152,2010,2010-06-09,Harare Sports Club,1,9.5,Zimbabwe,Sri Lanka,CR Ervine,T Taibu,CRD Fernando,0,0,,,,,,,,,
452152,2010,2010-06-09,Harare Sports Club,1,9.6,Zimbabwe,Sri Lanka,CR Ervine,T Taibu,CRD Fernando,0,1,1,,,,,,,,
452152,2010,2010-06-09,Harare Sports Club,1,9.7,Zimbabwe,Sri Lanka,CR Ervine,T Taibu,CRD Fernando,0,0,,,,,,,,,
452152,2010,2010-06-09,Harare Sports Club,1,10.1,Zimbabwe,Sri Lanka,T Taibu,CR Ervine,KMDN Kulasekara,0,0,,,,,,,,,
452152,2010,2010-06-09,Harare Sports Club,1,10.2,Zimbabwe,Sri Lanka,T Taibu,CR Ervine,KMDN Kulasekara,0,0,,,,,,,,,
452152,2010,2010-06-09,Harare Sports Club,1,10.3,Zimbabwe,Sri Lanka,T Taibu,CR Ervine,KMDN Kulasekara,1,0,,,,,,,,,
452152,2010,2010-06-09,Harare Sports Club,1,10.4,Zimbabwe,Sri Lanka,CR Ervine,T Taibu,KMDN Kulasekara,0,0,,,,,,,,,
452152,2010,2010-06-09,Harare Sports Club,1,10.5,Zimbabwe,Sri Lanka,CR Ervine,T Taibu,KMDN Kulasekara,0,0,,,,,,,,,
452152,2010,2010-06-09,Harare Sports Club,1,10.6,Zimbabwe,Sri Lanka,CR Ervine,T Taibu,KMDN Kulasekara,0,0,,,,,,,,,
452152,2010,2010-06-09,Harare Sports Club,1,11.1,Zimbabwe,Sri Lanka,T Taibu,CR Ervine,CRD Fernando,0,0,,,,,,,,,
452152,2010,2010-06-09,Harare Sports Club,1,11.2,Zimbabwe,Sri Lanka,T Taibu,CR Ervine,CRD Fernando,1,0,,,,,,,,,
452152,2010,2010-06-09,Harare Sports Club,1,11.3,Zimbabwe,Sri Lanka,CR Ervine,T Taibu,CRD Fernando,0,1,1,,,,,,,,
452152,2010,2010-06-09,Harare Sports Club,1,11.4,Zimbabwe,Sri Lanka,CR Ervine,T Taibu,CRD Fernando,0,0,,,,,,,,,
452152,2010,2010-06-09,Harare Sports Club,1,11.5,Zimbabwe,Sri Lanka,CR Ervine,T Taibu,CRD Fernando,0,0,,,,,,,,,
452152,2010,2010-06-09,Harare Sports Club,1,11.6,Zimbabwe,Sri Lanka,CR Ervine,T Taibu,CRD Fernando,1,0,,,,,,,,,
452152,2010,2010-06-09,Harare Sports Club,1,11.7,Zimbabwe,Sri Lanka,T Taibu,CR Ervine,CRD Fernando,0,0,,,,,,,,,
452152,2010,2010-06-09,Harare Sports Club,1,12.1,Zimbabwe,Sri Lanka,CR Ervine,T Taibu,KMDN Kulasekara,0,0,,,,,,,,,
452152,2010,2010-06-09,Harare Sports Club,1,12.2,Zimbabwe,Sri Lanka,CR Ervine,T Taibu,KMDN Kulasekara,0,0,,,,,,,,,
452152,2010,2010-06-09,Harare Sports Club,1,12.3,Zimbabwe,Sri Lanka,CR Ervine,T Taibu,KMDN Kulasekara,4,0,,,,,,,,,
452152,2010,2010-06-09,Harare Sports Club,1,12.4,Zimbabwe,Sri Lanka,CR Ervine,T Taibu,KMDN Kulasekara,0,0,,,,,,,,,
452152,2010,2010-06-09,Harare Sports Club,1,12.5,Zimbabwe,Sri Lanka,CR Ervine,T Taibu,KMDN Kulasekara,1,0,,,,,,,,,
452152,2010,2010-06-09,Harare Sports Club,1,12.6,Zimbabwe,Sri Lanka,T Taibu,CR Ervine,KMDN Kulasekara,0,0,,,,,,,,,
452152,2010,2010-06-09,Harare Sports Club,1,13.1,Zimbabwe,Sri Lanka,CR Ervine,T Taibu,BAW Mendis,0,0,,,,,,,,,
452152,2010,2010-06-09,Harare Sports Club,1,13.2,Zimbabwe,Sri Lanka,CR Ervine,T Taibu,BAW Mendis,0,0,,,,,,,,,
452152,2010,2010-06-09,Harare Sports Club,1,13.3,Zimbabwe,Sri Lanka,CR Ervine,T Taibu,BAW Mendis,0,0,,,,,,,,,
452152,2010,2010-06-09,Harare Sports Club,1,13.4,Zimbabwe,Sri Lanka,CR Ervine,T Taibu,BAW Mendis,0,0,,,,,,,,,
452152,2010,2010-06-09,Harare Sports Club,1,13.5,Zimbabwe,Sri Lanka,CR Ervine,T Taibu,BAW Mendis,0,0,,,,,,,,,
452152,2010,2010-06-09,Harare Sports Club,1,13.6,Zimbabwe,Sri Lanka,CR Ervine,T Taibu,BAW Mendis,0,0,,,,,,,,,
452152,2010,2010-06-09,Harare Sports Club,1,14.1,Zimbabwe,Sri Lanka,T Taibu,CR Ervine,AD Mathews,0,0,,,,,,,,,
452152,2010,2010-06-09,Harare Sports Club,1,14.2,Zimbabwe,Sri Lanka,T Taibu,CR Ervine,AD Mathews,0,0,,,,,,,,,
452152,2010,2010-06-09,Harare Sports Club,1,14.3,Zimbabwe,Sri Lanka,T Taibu,CR Ervine,AD Mathews,0,0,,,,,,,,,
452152,2010,2010-06-09,Harare Sports Club,1,14.4,Zimbabwe,Sri Lanka,T Taibu,CR Ervine,AD Mathews,0,0,,,,,,,,,
452152,2010,2010-06-09,Harare Sports Club,1,14.5,Zimbabwe,Sri Lanka,T Taibu,CR Ervine,AD Mathews,1,0,,,,,,,,,
452152,2010,2010-06-09,Harare Sports Club,1,14.6,Zimbabwe,Sri Lanka,CR Ervine,T Taibu,AD Mathews,0,0,,,,,,,,,
452152,2010,2010-06-09,Harare Sports Club,1,15.1,Zimbabwe,Sri Lanka,T Taibu,CR Ervine,BAW Mendis,1,0,,,,,,,,,
452152,2010,2010-06-09,Harare Sports Club,1,15.2,Zimbabwe,Sri Lanka,CR Ervine,T Taibu,BAW Mendis,0,0,,,,,,,,,
452152,2010,2010-06-09,Harare Sports Club,1,15.3,Zimbabwe,Sri Lanka,CR Ervine,T Taibu,BAW Mendis,1,0,,,,,,,,,
452152,2010,2010-06-09,Harare Sports Club,1,15.4,Zimbabwe,Sri Lanka,T Taibu,CR Ervine,BAW Mendis,0,0,,,,,,,,,
452152,2010,2010-06-09,Harare Sports Club,1,15.5,Zimbabwe,Sri Lanka,T Taibu,CR Ervine,BAW Mendis,1,0,,,,,,,,,
452152,2010,2010-06-09,Harare Sports Club,1,15.6,Zimbabwe,Sri Lanka,CR Ervine,T Taibu,BAW Mendis,2,0,,,,,,,,,
452152,2010,2010-06-09,Harare Sports Club,1,16.1,Zimbabwe,Sri Lanka,T Taibu,CR Ervine,AD Mathews,0,0,,,,,,,,,
452152,2010,2010-06-09,Harare Sports Club,1,16.2,Zimbabwe,Sri Lanka,T Taibu,CR Ervine,AD Mathews,4,0,,,,,,,,,
452152,2010,2010-06-09,Harare Sports Club,1,16.3,Zimbabwe,Sri Lanka,T Taibu,CR Ervine,AD Mathews,0,0,,,,,,run out,CR Ervine,,
452152,2010,2010-06-09,Harare Sports Club,1,16.4,Zimbabwe,Sri Lanka,T Taibu,GA Lamb,AD Mathews,1,0,,,,,,,,,
452152,2010,2010-06-09,Harare Sports Club,1,16.5,Zimbabwe,Sri Lanka,GA Lamb,T Taibu,AD Mathews,0,0,,,,,,,,,
452152,2010,2010-06-09,Harare Sports Club,1,16.6,Zimbabwe,Sri Lanka,GA Lamb,T Taibu,AD Mathews,0,0,,,,,,,,,
452152,2010,2010-06-09,Harare Sports Club,1,17.1,Zimbabwe,Sri Lanka,T Taibu,GA Lamb,BAW Mendis,2,0,,,,,,,,,
452152,2010,2010-06-09,Harare Sports Club,1,17.2,Zimbabwe,Sri Lanka,T Taibu,GA Lamb,BAW Mendis,2,0,,,,,,,,,
452152,2010,2010-06-09,Harare Sports Club,1,17.3,Zimbabwe,Sri Lanka,T Taibu,GA Lamb,BAW Mendis,1,0,,,,,,,,,
452152,2010,2010-06-09,Harare Sports Club,1,17.4,Zimbabwe,Sri Lanka,GA Lamb,T Taibu,BAW Mendis,0,0,,,,,,,,,
452152,2010,2010-06-09,Harare Sports Club,1,17.5,Zimbabwe,Sri Lanka,GA Lamb,T Taibu,BAW Mendis,0,0,,,,,,,,,
452152,2010,2010-06-09,Harare Sports Club,1,17.6,Zimbabwe,Sri Lanka,GA Lamb,T Taibu,BAW Mendis,0,0,,,,,,,,,
452152,2010,2010-06-09,Harare Sports Club,1,18.1,Zimbabwe,Sri Lanka,T Taibu,GA Lamb,AD Mathews,1,0,,,,,,,,,
452152,2010,2010-06-09,Harare Sports Club,1,18.2,Zimbabwe,Sri Lanka,GA Lamb,T Taibu,AD Mathews,0,0,,,,,,,,,
452152,2010,2010-06-09,Harare Sports Club,1,18.3,Zimbabwe,Sri Lanka,GA Lamb,T Taibu,AD Mathews,1,0,,,,,,,,,
452152,2010,2010-06-09,Harare Sports Club,1,18.4,Zimbabwe,Sri Lanka,T Taibu,GA Lamb,AD Mathews,1,0,,,,,,,,,
452152,2010,2010-06-09,Harare Sports Club,1,18.5,Zimbabwe,Sri Lanka,GA Lamb,T Taibu,AD Mathews,0,0,,,,,,,,,
452152,2010,2010-06-09,Harare Sports Club,1,18.6,Zimbabwe,Sri Lanka,GA Lamb,T Taibu,AD Mathews,0,0,,,,,,,,,
452152,2010,2010-06-09,Harare Sports Club,1,19.1,Zimbabwe,Sri Lanka,T Taibu,GA Lamb,S Randiv,1,0,,,,,,,,,
452152,2010,2010-06-09,Harare Sports Club,1,19.2,Zimbabwe,Sri Lanka,GA Lamb,T Taibu,S Randiv,1,0,,,,,,,,,
452152,2010,2010-06-09,Harare Sports Club,1,19.3,Zimbabwe,Sri Lanka,T Taibu,GA Lamb,S Randiv,0,0,,,,,,,,,
452152,2010,2010-06-09,Harare Sports Club,1,19.4,Zimbabwe,Sri Lanka,T Taibu,GA Lamb,S Randiv,5,0,,,,,,,,,
452152,2010,2010-06-09,Harare Sports Club,1,19.5,Zimbabwe,Sri Lanka,GA Lamb,T Taibu,S Randiv,1,0,,,,,,,,,
452152,2010,2010-06-09,Harare Sports Club,1,19.6,Zimbabwe,Sri Lanka,T Taibu,GA Lamb,S Randiv,0,0,,,,,,,,,
452152,2010,2010-06-09,Harare Sports Club,1,20.1,Zimbabwe,Sri Lanka,GA Lamb,T Taibu,AD Mathews,1,0,,,,,,,,,
452152,2010,2010-06-09,Harare Sports Club,1,20.2,Zimbabwe,Sri Lanka,T Taibu,GA Lamb,AD Mathews,1,0,,,,,,,,,
452152,2010,2010-06-09,Harare Sports Club,1,20.3,Zimbabwe,Sri Lanka,GA Lamb,T Taibu,AD Mathews,1,0,,,,,,,,,
452152,2010,2010-06-09,Harare Sports Club,1,20.4,Zimbabwe,Sri Lanka,T Taibu,GA Lamb,AD Mathews,0,0,,,,,,,,,
452152,2010,2010-06-09,Harare Sports Club,1,20.5,Zimbabwe,Sri Lanka,T Taibu,GA Lamb,AD Mathews,2,0,,,,,,,,,
452152,2010,2010-06-09,Harare Sports Club,1,20.6,Zimbabwe,Sri Lanka,T Taibu,GA Lamb,AD Mathews,0,0,,,,,,,,,
452152,2010,2010-06-09,Harare Sports Club,1,21.1,Zimbabwe,Sri Lanka,GA Lamb,T Taibu,S Randiv,1,0,,,,,,,,,
452152,2010,2010-06-09,Harare Sports Club,1,21.2,Zimbabwe,Sri Lanka,T Taibu,GA Lamb,S Randiv,1,0,,,,,,,,,
452152,2010,2010-06-09,Harare Sports Club,1,21.3,Zimbabwe,Sri Lanka,GA Lamb,T Taibu,S Randiv,0,0,,,,,,,,,
452152,2010,2010-06-09,Harare Sports Club,1,21.4,Zimbabwe,Sri Lanka,GA Lamb,T Taibu,S Randiv,1,0,,,,,,,,,
452152,2010,2010-06-09,Harare Sports Club,1,21.5,Zimbabwe,Sri Lanka,T Taibu,GA Lamb,S Randiv,0,0,,,,,,,,,
452152,2010,2010-06-09,Harare Sports Club,1,21.6,Zimbabwe,Sri Lanka,T Taibu,GA Lamb,S Randiv,1,0,,,,,,,,,
452152,2010,2010-06-09,Harare Sports Club,1,22.1,Zimbabwe,Sri Lanka,T Taibu,GA Lamb,BAW Mendis,1,0,,,,,,,,,
452152,2010,2010-06-09,Harare Sports Club,1,22.2,Zimbabwe,Sri Lanka,GA Lamb,T Taibu,BAW Mendis,0,0,,,,,,,,,
452152,2010,2010-06-09,Harare Sports Club,1,22.3,Zimbabwe,Sri Lanka,GA Lamb,T Taibu,BAW Mendis,1,0,,,,,,,,,
452152,2010,2010-06-09,Harare Sports Club,1,22.4,Zimbabwe,Sri Lanka,T Taibu,GA Lamb,BAW Mendis,1,0,,,,,,,,,
452152,2010,2010-06-09,Harare Sports Club,1,22.5,Zimbabwe,Sri Lanka,GA Lamb,T Taibu,BAW Mendis,0,0,,,,,,,,,
452152,2010,2010-06-09,Harare Sports Club,1,22.6,Zimbabwe,Sri Lanka,GA Lamb,T Taibu,BAW Mendis,0,0,,,,,,,,,
452152,2010,2010-06-09,Harare Sports Club,1,23.1,Zimbabwe,Sri Lanka,T Taibu,GA Lamb,S Randiv,0,0,,,,,,,,,
452152,2010,2010-06-09,Harare Sports Club,1,23.2,Zimbabwe,Sri Lanka,T Taibu,GA Lamb,S Randiv,4,0,,,,,,,,,
452152,2010,2010-06-09,Harare Sports Club,1,23.3,Zimbabwe,Sri Lanka,T Taibu,GA Lamb,S Randiv,0,0,,,,,,,,,
452152,2010,2010-06-09,Harare Sports Club,1,23.4,Zimbabwe,Sri Lanka,T Taibu,GA Lamb,S Randiv,4,0,,,,,,,,,
452152,2010,2010-06-09,Harare Sports Club,1,23.5,Zimbabwe,Sri Lanka,T Taibu,GA Lamb,S Randiv,1,0,,,,,,,,,
452152,2010,2010-06-09,Harare Sports Club,1,23.6,Zimbabwe,Sri Lanka,GA Lamb,T Taibu,S Randiv,1,0,,,,,,,,,
452152,2010,2010-06-09,Harare Sports Club,1,24.1,Zimbabwe,Sri Lanka,GA Lamb,T Taibu,BAW Mendis,1,0,,,,,,,,,
452152,2010,2010-06-09,Harare Sports Club,1,24.2,Zimbabwe,Sri Lanka,T Taibu,GA Lamb,BAW Mendis,1,0,,,,,,,,,
452152,2010,2010-06-09,Harare Sports Club,1,24.3,Zimbabwe,Sri Lanka,GA Lamb,T Taibu,BAW Mendis,1,0,,,,,,,,,
452152,2010,2010-06-09,Harare Sports Club,1,24.4,Zimbabwe,Sri Lanka,T Taibu,GA Lamb,BAW Mendis,2,0,,,,,,,,,
452152,2010,2010-06-09,Harare Sports Club,1,24.5,Zimbabwe,Sri Lanka,T Taibu,GA Lamb,BAW Mendis,0,0,,,,,,,,,
452152,2010,2010-06-09,Harare Sports Club,1,24.6,Zimbabwe,Sri Lanka,T Taibu,GA Lamb,BAW Mendis,0,0,,,,,,,,,
452152,2010,2010-06-09,Harare Sports Club,1,25.1,Zimbabwe,Sri Lanka,GA Lamb,T Taibu,BMAJ Mendis,0,0,,,,,,,,,
452152,2010,2010-06-09,Harare Sports Club,1,25.2,Zimbabwe,Sri Lanka,GA Lamb,T Taibu,BMAJ Mendis,1,0,,,,,,,,,
452152,2010,2010-06-09,Harare Sports Club,1,25.3,Zimbabwe,Sri Lanka,T Taibu,GA Lamb,BMAJ Mendis,0,0,,,,,,,,,
452152,2010,2010-06-09,Harare Sports Club,1,25.4,Zimbabwe,Sri Lanka,T Taibu,GA Lamb,BMAJ Mendis,0,0,,,,,,,,,
452152,2010,2010-06-09,Harare Sports Club,1,25.5,Zimbabwe,Sri Lanka,T Taibu,GA Lamb,BMAJ Mendis,0,0,,,,,,,,,
452152,2010,2010-06-09,Harare Sports Club,1,25.6,Zimbabwe,Sri Lanka,T Taibu,GA Lamb,BMAJ Mendis,0,0,,,,,,,,,
452152,2010,2010-06-09,Harare Sports Club,1,26.1,Zimbabwe,Sri Lanka,GA Lamb,T Taibu,BAW Mendis,0,0,,,,,,,,,
452152,2010,2010-06-09,Harare Sports Club,1,26.2,Zimbabwe,Sri Lanka,GA Lamb,T Taibu,BAW Mendis,1,0,,,,,,,,,
452152,2010,2010-06-09,Harare Sports Club,1,26.3,Zimbabwe,Sri Lanka,T Taibu,GA Lamb,BAW Mendis,0,0,,,,,,,,,
452152,2010,2010-06-09,Harare Sports Club,1,26.4,Zimbabwe,Sri Lanka,T Taibu,GA Lamb,BAW Mendis,1,0,,,,,,,,,
452152,2010,2010-06-09,Harare Sports Club,1,26.5,Zimbabwe,Sri Lanka,GA Lamb,T Taibu,BAW Mendis,0,0,,,,,,,,,
452152,2010,2010-06-09,Harare Sports Club,1,26.6,Zimbabwe,Sri Lanka,GA Lamb,T Taibu,BAW Mendis,0,0,,,,,,,,,
452152,2010,2010-06-09,Harare Sports Club,1,27.1,Zimbabwe,Sri Lanka,T Taibu,GA Lamb,BMAJ Mendis,1,0,,,,,,,,,
452152,2010,2010-06-09,Harare Sports Club,1,27.2,Zimbabwe,Sri Lanka,GA Lamb,T Taibu,BMAJ Mendis,1,0,,,,,,,,,
452152,2010,2010-06-09,Harare Sports Club,1,27.3,Zimbabwe,Sri Lanka,T Taibu,GA Lamb,BMAJ Mendis,1,0,,,,,,,,,
452152,2010,2010-06-09,Harare Sports Club,1,27.4,Zimbabwe,Sri Lanka,GA Lamb,T Taibu,BMAJ Mendis,0,0,,,,,,,,,
452152,2010,2010-06-09,Harare Sports Club,1,27.5,Zimbabwe,Sri Lanka,GA Lamb,T Taibu,BMAJ Mendis,1,0,,,,,,,,,
452152,2010,2010-06-09,Harare Sports Club,1,27.6,Zimbabwe,Sri Lanka,T Taibu,GA Lamb,BMAJ Mendis,1,0,,,,,,,,,
452152,2010,2010-06-09,Harare Sports Club,1,28.1,Zimbabwe,Sri Lanka,T Taibu,GA Lamb,TM Dilshan,0,0,,,,,,,,,
452152,2010,2010-06-09,Harare Sports Club,1,28.2,Zimbabwe,Sri Lanka,T Taibu,GA Lamb,TM Dilshan,1,0,,,,,,,,,
452152,2010,2010-06-09,Harare Sports Club,1,28.3,Zimbabwe,Sri Lanka,GA Lamb,T Taibu,TM Dilshan,1,0,,,,,,,,,
452152,2010,2010-06-09,Harare Sports Club,1,28.4,Zimbabwe,Sri Lanka,T Taibu,GA Lamb,TM Dilshan,1,0,,,,,,,,,
452152,2010,2010-06-09,Harare Sports Club,1,28.5,Zimbabwe,Sri Lanka,GA Lamb,T Taibu,TM Dilshan,0,0,,,,,,,,,
452152,2010,2010-06-09,Harare Sports Club,1,28.6,Zimbabwe,Sri Lanka,GA Lamb,T Taibu,TM Dilshan,1,0,,,,,,,,,
452152,2010,2010-06-09,Harare Sports Club,1,29.1,Zimbabwe,Sri Lanka,GA Lamb,T Taibu,BMAJ Mendis,1,0,,,,,,,,,
452152,2010,2010-06-09,Harare Sports Club,1,29.2,Zimbabwe,Sri Lanka,T Taibu,GA Lamb,BMAJ Mendis,0,0,,,,,,,,,
452152,2010,2010-06-09,Harare Sports Club,1,29.3,Zimbabwe,Sri Lanka,T Taibu,GA Lamb,BMAJ Mendis,0,0,,,,,,,,,
452152,2010,2010-06-09,Harare Sports Club,1,29.4,Zimbabwe,Sri Lanka,T Taibu,GA Lamb,BMAJ Mendis,1,0,,,,,,,,,
452152,2010,2010-06-09,Harare Sports Club,1,29.5,Zimbabwe,Sri Lanka,GA Lamb,T Taibu,BMAJ Mendis,0,0,,,,,,,,,
452152,2010,2010-06-09,Harare Sports Club,1,29.6,Zimbabwe,Sri Lanka,GA Lamb,T Taibu,BMAJ Mendis,0,0,,,,,,,,,
452152,2010,2010-06-09,Harare Sports Club,1,30.1,Zimbabwe,Sri Lanka,T Taibu,GA Lamb,TM Dilshan,4,0,,,,,,,,,
452152,2010,2010-06-09,Harare Sports Club,1,30.2,Zimbabwe,Sri Lanka,T Taibu,GA Lamb,TM Dilshan,0,1,1,,,,,,,,
452152,2010,2010-06-09,Harare Sports Club,1,30.3,Zimbabwe,Sri Lanka,T Taibu,GA Lamb,TM Dilshan,1,0,,,,,,,,,
452152,2010,2010-06-09,Harare Sports Club,1,30.4,Zimbabwe,Sri Lanka,GA Lamb,T Taibu,TM Dilshan,1,0,,,,,,,,,
452152,2010,2010-06-09,Harare Sports Club,1,30.5,Zimbabwe,Sri Lanka,T Taibu,GA Lamb,TM Dilshan,2,0,,,,,,,,,
452152,2010,2010-06-09,Harare Sports Club,1,30.6,Zimbabwe,Sri Lanka,T Taibu,GA Lamb,TM Dilshan,1,0,,,,,,,,,
452152,2010,2010-06-09,Harare Sports Club,1,30.7,Zimbabwe,Sri Lanka,GA Lamb,T Taibu,TM Dilshan,0,0,,,,,,,,,
452152,2010,2010-06-09,Harare Sports Club,1,31.1,Zimbabwe,Sri Lanka,T Taibu,GA Lamb,BMAJ Mendis,0,0,,,,,,,,,
452152,2010,2010-06-09,Harare Sports Club,1,31.2,Zimbabwe,Sri Lanka,T Taibu,GA Lamb,BMAJ Mendis,2,0,,,,,,,,,
452152,2010,2010-06-09,Harare Sports Club,1,31.3,Zimbabwe,Sri Lanka,T Taibu,GA Lamb,BMAJ Mendis,1,0,,,,,,,,,
452152,2010,2010-06-09,Harare Sports Club,1,31.4,Zimbabwe,Sri Lanka,GA Lamb,T Taibu,BMAJ Mendis,1,0,,,,,,,,,
452152,2010,2010-06-09,Harare Sports Club,1,31.5,Zimbabwe,Sri Lanka,T Taibu,GA Lamb,BMAJ Mendis,1,0,,,,,,,,,
452152,2010,2010-06-09,Harare Sports Club,1,31.6,Zimbabwe,Sri Lanka,GA Lamb,T Taibu,BMAJ Mendis,0,0,,,,,,,,,
452152,2010,2010-06-09,Harare Sports Club,1,32.1,Zimbabwe,Sri Lanka,T Taibu,GA Lamb,S Randiv,0,0,,,,,,,,,
452152,2010,2010-06-09,Harare Sports Club,1,32.2,Zimbabwe,Sri Lanka,T Taibu,GA Lamb,S Randiv,0,0,,,,,,,,,
452152,2010,2010-06-09,Harare Sports Club,1,32.3,Zimbabwe,Sri Lanka,T Taibu,GA Lamb,S Randiv,1,0,,,,,,,,,
452152,2010,2010-06-09,Harare Sports Club,1,32.4,Zimbabwe,Sri Lanka,GA Lamb,T Taibu,S Randiv,0,0,,,,,,,,,
452152,2010,2010-06-09,Harare Sports Club,1,32.5,Zimbabwe,Sri Lanka,GA Lamb,T Taibu,S Randiv,0,0,,,,,,,,,
452152,2010,2010-06-09,Harare Sports Club,1,32.6,Zimbabwe,Sri Lanka,GA Lamb,T Taibu,S Randiv,0,0,,,,,,,,,
452152,2010,2010-06-09,Harare Sports Club,1,33.1,Zimbabwe,Sri Lanka,T Taibu,GA Lamb,BMAJ Mendis,1,0,,,,,,,,,
452152,2010,2010-06-09,Harare Sports Club,1,33.2,Zimbabwe,Sri Lanka,GA Lamb,T Taibu,BMAJ Mendis,0,0,,,,,,,,,
452152,2010,2010-06-09,Harare Sports Club,1,33.3,Zimbabwe,Sri Lanka,GA Lamb,T Taibu,BMAJ Mendis,1,0,,,,,,,,,
452152,2010,2010-06-09,Harare Sports Club,1,33.4,Zimbabwe,Sri Lanka,T Taibu,GA Lamb,BMAJ Mendis,0,0,,,,,,,,,
452152,2010,2010-06-09,Harare Sports Club,1,33.5,Zimbabwe,Sri Lanka,T Taibu,GA Lamb,BMAJ Mendis,2,0,,,,,,,,,
452152,2010,2010-06-09,Harare Sports Club,1,33.6,Zimbabwe,Sri Lanka,T Taibu,GA Lamb,BMAJ Mendis,0,0,,,,,,,,,
452152,2010,2010-06-09,Harare Sports Club,1,34.1,Zimbabwe,Sri Lanka,GA Lamb,T Taibu,S Randiv,1,0,,,,,,,,,
452152,2010,2010-06-09,Harare Sports Club,1,34.2,Zimbabwe,Sri Lanka,T Taibu,GA Lamb,S Randiv,0,0,,,,,,,,,
452152,2010,2010-06-09,Harare Sports Club,1,34.3,Zimbabwe,Sri Lanka,T Taibu,GA Lamb,S Randiv,1,0,,,,,,,,,
452152,2010,2010-06-09,Harare Sports Club,1,34.4,Zimbabwe,Sri Lanka,GA Lamb,T Taibu,S Randiv,0,0,,,,,,,,,
452152,2010,2010-06-09,Harare Sports Club,1,34.5,Zimbabwe,Sri Lanka,GA Lamb,T Taibu,S Randiv,2,0,,,,,,,,,
452152,2010,2010-06-09,Harare Sports Club,1,34.6,Zimbabwe,Sri Lanka,GA Lamb,T Taibu,S Randiv,0,0,,,,,,,,,
452152,2010,2010-06-09,Harare Sports Club,1,35.1,Zimbabwe,Sri Lanka,T Taibu,GA Lamb,CRD Fernando,2,0,,,,,,,,,
452152,2010,2010-06-09,Harare Sports Club,1,35.2,Zimbabwe,Sri Lanka,T Taibu,GA Lamb,CRD Fernando,1,0,,,,,,,,,
452152,2010,2010-06-09,Harare Sports Club,1,35.3,Zimbabwe,Sri Lanka,GA Lamb,T Taibu,CRD Fernando,4,0,,,,,,,,,
452152,2010,2010-06-09,Harare Sports Club,1,35.4,Zimbabwe,Sri Lanka,GA Lamb,T Taibu,CRD Fernando,1,0,,,,,,,,,
452152,2010,2010-06-09,Harare Sports Club,1,35.5,Zimbabwe,Sri Lanka,T Taibu,GA Lamb,CRD Fernando,0,0,,,,,,caught,T Taibu,,
452152,2010,2010-06-09,Harare Sports Club,1,35.6,Zimbabwe,Sri Lanka,E Chigumbura,GA Lamb,CRD Fernando,0,1,1,,,,,,,,
452152,2010,2010-06-09,Harare Sports Club,1,35.7,Zimbabwe,Sri Lanka,E Chigumbura,GA Lamb,CRD Fernando,0,0,,,,,,,,,
452152,2010,2010-06-09,Harare Sports Club,1,36.1,Zimbabwe,Sri Lanka,GA Lamb,E Chigumbura,S Randiv,0,0,,,,,,,,,
452152,2010,2010-06-09,Harare Sports Club,1,36.2,Zimbabwe,Sri Lanka,GA Lamb,E Chigumbura,S Randiv,0,0,,,,,,,,,
452152,2010,2010-06-09,Harare Sports Club,1,36.3,Zimbabwe,Sri Lanka,GA Lamb,E Chigumbura,S Randiv,1,0,,,,,,,,,
452152,2010,2010-06-09,Harare Sports Club,1,36.4,Zimbabwe,Sri Lanka,E Chigumbura,GA Lamb,S Randiv,0,0,,,,,,,,,
452152,2010,2010-06-09,Harare Sports Club,1,36.5,Zimbabwe,Sri Lanka,E Chigumbura,GA Lamb,S Randiv,0,0,,,,,,,,,
452152,2010,2010-06-09,Harare Sports Club,1,36.6,Zimbabwe,Sri Lanka,E Chigumbura,GA Lamb,S Randiv,0,0,,,,,,,,,
452152,2010,2010-06-09,Harare Sports Club,1,37.1,Zimbabwe,Sri Lanka,GA Lamb,E Chigumbura,BMAJ Mendis,1,0,,,,,,,,,
452152,2010,2010-06-09,Harare Sports Club,1,37.2,Zimbabwe,Sri Lanka,E Chigumbura,GA Lamb,BMAJ Mendis,1,0,,,,,,,,,
452152,2010,2010-06-09,Harare Sports Club,1,37.3,Zimbabwe,Sri Lanka,GA Lamb,E Chigumbura,BMAJ Mendis,0,0,,,,,,,,,
452152,2010,2010-06-09,Harare Sports Club,1,37.4,Zimbabwe,Sri Lanka,GA Lamb,E Chigumbura,BMAJ Mendis,1,0,,,,,,,,,
452152,2010,2010-06-09,Harare Sports Club,1,37.5,Zimbabwe,Sri Lanka,E Chigumbura,GA Lamb,BMAJ Mendis,0,0,,,,,,,,,
452152,2010,2010-06-09,Harare Sports Club,1,37.6,Zimbabwe,Sri Lanka,E Chigumbura,GA Lamb,BMAJ Mendis,1,0,,,,,,,,,
452152,2010,2010-06-09,Harare Sports Club,1,38.1,Zimbabwe,Sri Lanka,E Chigumbura,GA Lamb,S Randiv,2,0,,,,,,,,,
452152,2010,2010-06-09,Harare Sports Club,1,38.2,Zimbabwe,Sri Lanka,E Chigumbura,GA Lamb,S Randiv,0,0,,,,,,,,,
452152,2010,2010-06-09,Harare Sports Club,1,38.3,Zimbabwe,Sri Lanka,E Chigumbura,GA Lamb,S Randiv,0,0,,,,,,,,,
452152,2010,2010-06-09,Harare Sports Club,1,38.4,Zimbabwe,Sri Lanka,E Chigumbura,GA Lamb,S Randiv,0,0,,,,,,,,,
452152,2010,2010-06-09,Harare Sports Club,1,38.5,Zimbabwe,Sri Lanka,E Chigumbura,GA Lamb,S Randiv,1,0,,,,,,,,,
452152,2010,2010-06-09,Harare Sports Club,1,38.6,Zimbabwe,Sri Lanka,GA Lamb,E Chigumbura,S Randiv,1,0,,,,,,,,,
452152,2010,2010-06-09,Harare Sports Club,1,39.1,Zimbabwe,Sri Lanka,GA Lamb,E Chigumbura,BMAJ Mendis,1,0,,,,,,,,,
452152,2010,2010-06-09,Harare Sports Club,1,39.2,Zimbabwe,Sri Lanka,E Chigumbura,GA Lamb,BMAJ Mendis,0,0,,,,,,,,,
452152,2010,2010-06-09,Harare Sports Club,1,39.3,Zimbabwe,Sri Lanka,E Chigumbura,GA Lamb,BMAJ Mendis,2,0,,,,,,,,,
452152,2010,2010-06-09,Harare Sports Club,1,39.4,Zimbabwe,Sri Lanka,E Chigumbura,GA Lamb,BMAJ Mendis,0,0,,,,,,,,,
452152,2010,2010-06-09,Harare Sports Club,1,39.5,Zimbabwe,Sri Lanka,E Chigumbura,GA Lamb,BMAJ Mendis,2,0,,,,,,,,,
452152,2010,2010-06-09,Harare Sports Club,1,39.6,Zimbabwe,Sri Lanka,E Chigumbura,GA Lamb,BMAJ Mendis,1,0,,,,,,,,,
452152,2010,2010-06-09,Harare Sports Club,1,40.1,Zimbabwe,Sri Lanka,E Chigumbura,GA Lamb,BAW Mendis,0,0,,,,,,caught,E Chigumbura,,
452152,2010,2010-06-09,Harare Sports Club,1,40.2,Zimbabwe,Sri Lanka,CK Coventry,GA Lamb,BAW Mendis,1,0,,,,,,,,,
452152,2010,2010-06-09,Harare Sports Club,1,40.3,Zimbabwe,Sri Lanka,GA Lamb,CK Coventry,BAW Mendis,1,0,,,,,,,,,
452152,2010,2010-06-09,Harare Sports Club,1,40.4,Zimbabwe,Sri Lanka,CK Coventry,GA Lamb,BAW Mendis,2,0,,,,,,,,,
452152,2010,2010-06-09,Harare Sports Club,1,40.5,Zimbabwe,Sri Lanka,CK Coventry,GA Lamb,BAW Mendis,1,0,,,,,,,,,
452152,2010,2010-06-09,Harare Sports Club,1,40.6,Zimbabwe,Sri Lanka,GA Lamb,CK Coventry,BAW Mendis,1,0,,,,,,,,,
452152,2010,2010-06-09,Harare Sports Club,1,41.1,Zimbabwe,Sri Lanka,GA Lamb,CK Coventry,BMAJ Mendis,1,0,,,,,,,,,
452152,2010,2010-06-09,Harare Sports Club,1,41.2,Zimbabwe,Sri Lanka,CK Coventry,GA Lamb,BMAJ Mendis,0,0,,,,,,,,,
452152,2010,2010-06-09,Harare Sports Club,1,41.3,Zimbabwe,Sri Lanka,CK Coventry,GA Lamb,BMAJ Mendis,1,0,,,,,,,,,
452152,2010,2010-06-09,Harare Sports Club,1,41.4,Zimbabwe,Sri Lanka,GA Lamb,CK Coventry,BMAJ Mendis,0,0,,,,,,bowled,GA Lamb,,
452152,2010,2010-06-09,Harare Sports Club,1,41.5,Zimbabwe,Sri Lanka,AG Cremer,CK Coventry,BMAJ Mendis,0,0,,,,,,,,,
452152,2010,2010-06-09,Harare Sports Club,1,41.6,Zimbabwe,Sri Lanka,AG Cremer,CK Coventry,BMAJ Mendis,1,0,,,,,,,,,
452152,2010,2010-06-09,Harare Sports Club,1,42.1,Zimbabwe,Sri Lanka,AG Cremer,CK Coventry,BAW Mendis,0,0,,,,,,,,,
452152,2010,2010-06-09,Harare Sports Club,1,42.2,Zimbabwe,Sri Lanka,AG Cremer,CK Coventry,BAW Mendis,1,0,,,,,,,,,
452152,2010,2010-06-09,Harare Sports Club,1,42.3,Zimbabwe,Sri Lanka,CK Coventry,AG Cremer,BAW Mendis,4,0,,,,,,,,,
452152,2010,2010-06-09,Harare Sports Club,1,42.4,Zimbabwe,Sri Lanka,CK Coventry,AG Cremer,BAW Mendis,4,0,,,,,,,,,
452152,2010,2010-06-09,Harare Sports Club,1,42.5,Zimbabwe,Sri Lanka,CK Coventry,AG Cremer,BAW Mendis,0,0,,,,,,,,,
452152,2010,2010-06-09,Harare Sports Club,1,42.6,Zimbabwe,Sri Lanka,CK Coventry,AG Cremer,BAW Mendis,1,0,,,,,,,,,
452152,2010,2010-06-09,Harare Sports Club,1,43.1,Zimbabwe,Sri Lanka,CK Coventry,AG Cremer,BMAJ Mendis,0,0,,,,,,,,,
452152,2010,2010-06-09,Harare Sports Club,1,43.2,Zimbabwe,Sri Lanka,CK Coventry,AG Cremer,BMAJ Mendis,4,0,,,,,,,,,
452152,2010,2010-06-09,Harare Sports Club,1,43.3,Zimbabwe,Sri Lanka,CK Coventry,AG Cremer,BMAJ Mendis,0,0,,,,,,caught,CK Coventry,,
452152,2010,2010-06-09,Harare Sports Club,1,43.4,Zimbabwe,Sri Lanka,AG Cremer,P Utseya,BMAJ Mendis,0,0,,,,,,,,,
452152,2010,2010-06-09,Harare Sports Club,1,43.5,Zimbabwe,Sri Lanka,AG Cremer,P Utseya,BMAJ Mendis,1,0,,,,,,,,,
452152,2010,2010-06-09,Harare Sports Club,1,43.6,Zimbabwe,Sri Lanka,P Utseya,AG Cremer,BMAJ Mendis,0,1,1,,,,,,,,
452152,2010,2010-06-09,Harare Sports Club,1,43.7,Zimbabwe,Sri Lanka,P Utseya,AG Cremer,BMAJ Mendis,0,1,,,,1,,,,,
452152,2010,2010-06-09,Harare Sports Club,1,44.1,Zimbabwe,Sri Lanka,P Utseya,AG Cremer,S Randiv,2,0,,,,,,,,,
452152,2010,2010-06-09,Harare Sports Club,1,44.2,Zimbabwe,Sri Lanka,P Utseya,AG Cremer,S Randiv,0,0,,,,,,,,,
452152,2010,2010-06-09,Harare Sports Club,1,44.3,Zimbabwe,Sri Lanka,P Utseya,AG Cremer,S Randiv,0,0,,,,,,,,,
452152,2010,2010-06-09,Harare Sports Club,1,44.4,Zimbabwe,Sri Lanka,P Utseya,AG Cremer,S Randiv,1,0,,,,,,,,,
452152,2010,2010-06-09,Harare Sports Club,1,44.5,Zimbabwe,Sri Lanka,AG Cremer,P Utseya,S Randiv,0,0,,,,,,,,,
452152,2010,2010-06-09,Harare Sports Club,1,44.6,Zimbabwe,Sri Lanka,AG Cremer,P Utseya,S Randiv,1,0,,,,,,,,,
452152,2010,2010-06-09,Harare Sports Club,1,45.1,Zimbabwe,Sri Lanka,AG Cremer,P Utseya,CRD Fernando,1,0,,,,,,,,,
452152,2010,2010-06-09,Harare Sports Club,1,45.2,Zimbabwe,Sri Lanka,P Utseya,AG Cremer,CRD Fernando,2,0,,,,,,,,,
452152,2010,2010-06-09,Harare Sports Club,1,45.3,Zimbabwe,Sri Lanka,P Utseya,AG Cremer,CRD Fernando,0,0,,,,,,,,,
452152,2010,2010-06-09,Harare Sports Club,1,45.4,Zimbabwe,Sri Lanka,P Utseya,AG Cremer,CRD Fernando,1,0,,,,,,,,,
452152,2010,2010-06-09,Harare Sports Club,1,45.5,Zimbabwe,Sri Lanka,AG Cremer,P Utseya,CRD Fernando,0,0,,,,,,bowled,AG Cremer,,
452152,2010,2010-06-09,Harare Sports Club,1,45.6,Zimbabwe,Sri Lanka,RW Price,P Utseya,CRD Fernando,0,0,,,,,,,,,
452152,2010,2010-06-09,Harare Sports Club,1,46.1,Zimbabwe,Sri Lanka,P Utseya,RW Price,BAW Mendis,0,0,,,,,,,,,
452152,2010,2010-06-09,Harare Sports Club,1,46.2,Zimbabwe,Sri Lanka,P Utseya,RW Price,BAW Mendis,1,0,,,,,,,,,
452152,2010,2010-06-09,Harare Sports Club,1,46.3,Zimbabwe,Sri Lanka,RW Price,P Utseya,BAW Mendis,0,0,,,,,,,,,
452152,2010,2010-06-09,Harare Sports Club,1,46.4,Zimbabwe,Sri Lanka,RW Price,P Utseya,BAW Mendis,0,0,,,,,,caught,RW Price,,
452152,2010,2010-06-09,Harare Sports Club,1,46.5,Zimbabwe,Sri Lanka,CB Mpofu,P Utseya,BAW Mendis,0,0,,,,,,,,,
452152,2010,2010-06-09,Harare Sports Club,1,46.6,Zimbabwe,Sri Lanka,CB Mpofu,P Utseya,BAW Mendis,0,0,,,,,,,,,
452152,2010,2010-06-09,Harare Sports Club,1,47.1,Zimbabwe,Sri Lanka,P Utseya,CB Mpofu,CRD Fernando,0,0,,,,,,,,,
452152,2010,2010-06-09,Harare Sports Club,1,47.2,Zimbabwe,Sri Lanka,P Utseya,CB Mpofu,CRD Fernando,1,0,,,,,,,,,
452152,2010,2010-06-09,Harare Sports Club,1,47.3,Zimbabwe,Sri Lanka,CB Mpofu,P Utseya,CRD Fernando,0,0,,,,,,,,,
452152,2010,2010-06-09,Harare Sports Club,1,47.4,Zimbabwe,Sri Lanka,CB Mpofu,P Utseya,CRD Fernando,0,0,,,,,,,,,
452152,2010,2010-06-09,Harare Sports Club,1,47.5,Zimbabwe,Sri Lanka,CB Mpofu,P Utseya,CRD Fernando,0,0,,,,,,,,,
452152,2010,2010-06-09,Harare Sports Club,1,47.6,Zimbabwe,Sri Lanka,CB Mpofu,P Utseya,CRD Fernando,1,0,,,,,,,,,
452152,2010,2010-06-09,Harare Sports Club,1,48.1,Zimbabwe,Sri Lanka,CB Mpofu,P Utseya,BAW Mendis,1,0,,,,,,,,,
452152,2010,2010-06-09,Harare Sports Club,1,48.2,Zimbabwe,Sri Lanka,P Utseya,CB Mpofu,BAW Mendis,1,0,,,,,,,,,
452152,2010,2010-06-09,Harare Sports Club,1,48.3,Zimbabwe,Sri Lanka,CB Mpofu,P Utseya,BAW Mendis,1,0,,,,,,,,,
452152,2010,2010-06-09,Harare Sports Club,1,48.4,Zimbabwe,Sri Lanka,P Utseya,CB Mpofu,BAW Mendis,1,0,,,,,,,,,
452152,2010,2010-06-09,Harare Sports Club,1,48.5,Zimbabwe,Sri Lanka,CB Mpofu,P Utseya,BAW Mendis,3,0,,,,,,,,,
452152,2010,2010-06-09,Harare Sports Club,1,48.6,Zimbabwe,Sri Lanka,P Utseya,CB Mpofu,BAW Mendis,0,0,,,,,,run out,CB Mpofu,,
452152,2010,2010-06-09,Harare Sports Club,2,0.1,Sri Lanka,Zimbabwe,WU Tharanga,TM Dilshan,CB Mpofu,1,0,,,,,,,,,
452152,2010,2010-06-09,Harare Sports Club,2,0.2,Sri Lanka,Zimbabwe,TM Dilshan,WU Tharanga,CB Mpofu,4,0,,,,,,,,,
452152,2010,2010-06-09,Harare Sports Club,2,0.3,Sri Lanka,Zimbabwe,TM Dilshan,WU Tharanga,CB Mpofu,0,0,,,,,,,,,
452152,2010,2010-06-09,Harare Sports Club,2,0.4,Sri Lanka,Zimbabwe,TM Dilshan,WU Tharanga,CB Mpofu,0,0,,,,,,,,,
452152,2010,2010-06-09,Harare Sports Club,2,0.5,Sri Lanka,Zimbabwe,TM Dilshan,WU Tharanga,CB Mpofu,0,0,,,,,,,,,
452152,2010,2010-06-09,Harare Sports Club,2,0.6,Sri Lanka,Zimbabwe,TM Dilshan,WU Tharanga,CB Mpofu,2,0,,,,,,,,,
452152,2010,2010-06-09,Harare Sports Club,2,1.1,Sri Lanka,Zimbabwe,WU Tharanga,TM Dilshan,E Chigumbura,1,0,,,,,,,,,
452152,2010,2010-06-09,Harare Sports Club,2,1.2,Sri Lanka,Zimbabwe,TM Dilshan,WU Tharanga,E Chigumbura,4,0,,,,,,,,,
452152,2010,2010-06-09,Harare Sports Club,2,1.3,Sri Lanka,Zimbabwe,TM Dilshan,WU Tharanga,E Chigumbura,1,0,,,,,,,,,
452152,2010,2010-06-09,Harare Sports Club,2,1.4,Sri Lanka,Zimbabwe,WU Tharanga,TM Dilshan,E Chigumbura,0,0,,,,,,,,,
452152,2010,2010-06-09,Harare Sports Club,2,1.5,Sri Lanka,Zimbabwe,WU Tharanga,TM Dilshan,E Chigumbura,0,2,,,,2,,,,,
452152,2010,2010-06-09,Harare Sports Club,2,1.6,Sri Lanka,Zimbabwe,WU Tharanga,TM Dilshan,E Chigumbura,0,0,,,,,,,,,
452152,2010,2010-06-09,Harare Sports Club,2,2.1,Sri Lanka,Zimbabwe,TM Dilshan,WU Tharanga,CB Mpofu,0,0,,,,,,,,,
452152,2010,2010-06-09,Harare Sports Club,2,2.2,Sri Lanka,Zimbabwe,TM Dilshan,WU Tharanga,CB Mpofu,0,0,,,,,,,,,
452152,2010,2010-06-09,Harare Sports Club,2,2.3,Sri Lanka,Zimbabwe,TM Dilshan,WU Tharanga,CB Mpofu,0,0,,,,,,,,,
452152,2010,2010-06-09,Harare Sports Club,2,2.4,Sri Lanka,Zimbabwe,TM Dilshan,WU Tharanga,CB Mpofu,0,0,,,,,,,,,
452152,2010,2010-06-09,Harare Sports Club,2,2.5,Sri Lanka,Zimbabwe,TM Dilshan,WU Tharanga,CB Mpofu,0,0,,,,,,,,,
452152,2010,2010-06-09,Harare Sports Club,2,2.6,Sri Lanka,Zimbabwe,TM Dilshan,WU Tharanga,CB Mpofu,4,0,,,,,,,,,
452152,2010,2010-06-09,Harare Sports Club,2,3.1,Sri Lanka,Zimbabwe,WU Tharanga,TM Dilshan,E Chigumbura,0,1,1,,,,,,,,
452152,2010,2010-06-09,Harare Sports Club,2,3.2,Sri Lanka,Zimbabwe,WU Tharanga,TM Dilshan,E Chigumbura,0,0,,,,,,,,,
452152,2010,2010-06-09,Harare Sports Club,2,3.3,Sri Lanka,Zimbabwe,WU Tharanga,TM Dilshan,E Chigumbura,0,0,,,,,,,,,
452152,2010,2010-06-09,Harare Sports Club,2,3.4,Sri Lanka,Zimbabwe,WU Tharanga,TM Dilshan,E Chigumbura,0,0,,,,,,,,,
452152,2010,2010-06-09,Harare Sports Club,2,3.5,Sri Lanka,Zimbabwe,WU Tharanga,TM Dilshan,E Chigumbura,0,0,,,,,,,,,
452152,2010,2010-06-09,Harare Sports Club,2,3.6,Sri Lanka,Zimbabwe,WU Tharanga,TM Dilshan,E Chigumbura,0,0,,,,,,,,,
452152,2010,2010-06-09,Harare Sports Club,2,3.7,Sri Lanka,Zimbabwe,WU Tharanga,TM Dilshan,E Chigumbura,4,0,,,,,,,,,
452152,2010,2010-06-09,Harare Sports Club,2,4.1,Sri Lanka,Zimbabwe,TM Dilshan,WU Tharanga,CB Mpofu,4,0,,,,,,,,,
452152,2010,2010-06-09,Harare Sports Club,2,4.2,Sri Lanka,Zimbabwe,TM Dilshan,WU Tharanga,CB Mpofu,4,0,,,,,,,,,
452152,2010,2010-06-09,Harare Sports Club,2,4.3,Sri Lanka,Zimbabwe,TM Dilshan,WU Tharanga,CB Mpofu,0,0,,,,,,,,,
452152,2010,2010-06-09,Harare Sports Club,2,4.4,Sri Lanka,Zimbabwe,TM Dilshan,WU Tharanga,CB Mpofu,0,0,,,,,,,,,
452152,2010,2010-06-09,Harare Sports Club,2,4.5,Sri Lanka,Zimbabwe,TM Dilshan,WU Tharanga,CB Mpofu,0,0,,,,,,,,,
452152,2010,2010-06-09,Harare Sports Club,2,4.6,Sri Lanka,Zimbabwe,TM Dilshan,WU Tharanga,CB Mpofu,2,0,,,,,,,,,
452152,2010,2010-06-09,Harare Sports Club,2,5.1,Sri Lanka,Zimbabwe,WU Tharanga,TM Dilshan,E Chigumbura,2,0,,,,,,,,,
452152,2010,2010-06-09,Harare Sports Club,2,5.2,Sri Lanka,Zimbabwe,WU Tharanga,TM Dilshan,E Chigumbura,0,0,,,,,,,,,
452152,2010,2010-06-09,Harare Sports Club,2,5.3,Sri Lanka,Zimbabwe,WU Tharanga,TM Dilshan,E Chigumbura,2,0,,,,,,,,,
452152,2010,2010-06-09,Harare Sports Club,2,5.4,Sri Lanka,Zimbabwe,WU Tharanga,TM Dilshan,E Chigumbura,0,0,,,,,,,,,
452152,2010,2010-06-09,Harare Sports Club,2,5.5,Sri Lanka,Zimbabwe,WU Tharanga,TM Dilshan,E Chigumbura,0,0,,,,,,,,,
452152,2010,2010-06-09,Harare Sports Club,2,5.6,Sri Lanka,Zimbabwe,WU Tharanga,TM Dilshan,E Chigumbura,0,0,,,,,,,,,
452152,2010,2010-06-09,Harare Sports Club,2,6.1,Sri Lanka,Zimbabwe,TM Dilshan,WU Tharanga,RW Price,0,0,,,,,,,,,
452152,2010,2010-06-09,Harare Sports Club,2,6.2,Sri Lanka,Zimbabwe,TM Dilshan,WU Tharanga,RW Price,2,0,,,,,,,,,
452152,2010,2010-06-09,Harare Sports Club,2,6.3,Sri Lanka,Zimbabwe,TM Dilshan,WU Tharanga,RW Price,4,0,,,,,,,,,
452152,2010,2010-06-09,Harare Sports Club,2,6.4,Sri Lanka,Zimbabwe,TM Dilshan,WU Tharanga,RW Price,1,0,,,,,,,,,
452152,2010,2010-06-09,Harare Sports Club,2,6.5,Sri Lanka,Zimbabwe,WU Tharanga,TM Dilshan,RW Price,1,0,,,,,,,,,
452152,2010,2010-06-09,Harare Sports Club,2,6.6,Sri Lanka,Zimbabwe,TM Dilshan,WU Tharanga,RW Price,0,0,,,,,,,,,
452152,2010,2010-06-09,Harare Sports Club,2,7.1,Sri Lanka,Zimbabwe,WU Tharanga,TM Dilshan,E Chigumbura,4,0,,,,,,,,,
452152,2010,2010-06-09,Harare Sports Club,2,7.2,Sri Lanka,Zimbabwe,WU Tharanga,TM Dilshan,E Chigumbura,0,0,,,,,,,,,
452152,2010,2010-06-09,Harare Sports Club,2,7.3,Sri Lanka,Zimbabwe,WU Tharanga,TM Dilshan,E Chigumbura,1,0,,,,,,,,,
452152,2010,2010-06-09,Harare Sports Club,2,7.4,Sri Lanka,Zimbabwe,TM Dilshan,WU Tharanga,E Chigumbura,0,1,1,,,,,,,,
452152,2010,2010-06-09,Harare Sports Club,2,7.5,Sri Lanka,Zimbabwe,TM Dilshan,WU Tharanga,E Chigumbura,1,0,,,,,,,,,
452152,2010,2010-06-09,Harare Sports Club,2,7.6,Sri Lanka,Zimbabwe,WU Tharanga,TM Dilshan,E Chigumbura,0,0,,,,,,,,,
452152,2010,2010-06-09,Harare Sports Club,2,7.7,Sri Lanka,Zimbabwe,WU Tharanga,TM Dilshan,E Chigumbura,0,0,,,,,,,,,
452152,2010,2010-06-09,Harare Sports Club,2,8.1,Sri Lanka,Zimbabwe,TM Dilshan,WU Tharanga,RW Price,0,0,,,,,,,,,
452152,2010,2010-06-09,Harare Sports Club,2,8.2,Sri Lanka,Zimbabwe,TM Dilshan,WU Tharanga,RW Price,0,0,,,,,,,,,
452152,2010,2010-06-09,Harare Sports Club,2,8.3,Sri Lanka,Zimbabwe,TM Dilshan,WU Tharanga,RW Price,0,0,,,,,,,,,
452152,2010,2010-06-09,Harare Sports Club,2,8.4,Sri Lanka,Zimbabwe,TM Dilshan,WU Tharanga,RW Price,4,0,,,,,,,,,
452152,2010,2010-06-09,Harare Sports Club,2,8.5,Sri Lanka,Zimbabwe,TM Dilshan,WU Tharanga,RW Price,0,0,,,,,,,,,
452152,2010,2010-06-09,Harare Sports Club,2,8.6,Sri Lanka,Zimbabwe,TM Dilshan,WU Tharanga,RW Price,0,0,,,,,,,,,
452152,2010,2010-06-09,Harare Sports Club,2,9.1,Sri Lanka,Zimbabwe,WU Tharanga,TM Dilshan,E Chigumbura,0,0,,,,,,,,,
452152,2010,2010-06-09,Harare Sports Club,2,9.2,Sri Lanka,Zimbabwe,WU Tharanga,TM Dilshan,E Chigumbura,2,0,,,,,,,,,
452152,2010,2010-06-09,Harare Sports Club,2,9.3,Sri Lanka,Zimbabwe,WU Tharanga,TM Dilshan,E Chigumbura,0,0,,,,,,,,,
452152,2010,2010-06-09,Harare Sports Club,2,9.4,Sri Lanka,Zimbabwe,WU Tharanga,TM Dilshan,E Chigumbura,0,0,,,,,,,,,
452152,2010,2010-06-09,Harare Sports Club,2,9.5,Sri Lanka,Zimbabwe,WU Tharanga,TM Dilshan,E Chigumbura,4,0,,,,,,,,,
452152,2010,2010-06-09,Harare Sports Club,2,9.6,Sri Lanka,Zimbabwe,WU Tharanga,TM Dilshan,E Chigumbura,0,0,,,,,,,,,
452152,2010,2010-06-09,Harare Sports Club,2,10.1,Sri Lanka,Zimbabwe,TM Dilshan,WU Tharanga,GA Lamb,1,0,,,,,,,,,
452152,2010,2010-06-09,Harare Sports Club,2,10.2,Sri Lanka,Zimbabwe,WU Tharanga,TM Dilshan,GA Lamb,0,0,,,,,,,,,
452152,2010,2010-06-09,Harare Sports Club,2,10.3,Sri Lanka,Zimbabwe,WU Tharanga,TM Dilshan,GA Lamb,0,0,,,,,,,,,
452152,2010,2010-06-09,Harare Sports Club,2,10.4,Sri Lanka,Zimbabwe,WU Tharanga,TM Dilshan,GA Lamb,4,0,,,,,,,,,
452152,2010,2010-06-09,Harare Sports Club,2,10.5,Sri Lanka,Zimbabwe,WU Tharanga,TM Dilshan,GA Lamb,0,0,,,,,,,,,
452152,2010,2010-06-09,Harare Sports Club,2,10.6,Sri Lanka,Zimbabwe,WU Tharanga,TM Dilshan,GA Lamb,0,0,,,,,,,,,
452152,2010,2010-06-09,Harare Sports Club,2,11.1,Sri Lanka,Zimbabwe,TM Dilshan,WU Tharanga,RW Price,0,0,,,,,,,,,
452152,2010,2010-06-09,Harare Sports Club,2,11.2,Sri Lanka,Zimbabwe,TM Dilshan,WU Tharanga,RW Price,1,0,,,,,,,,,
452152,2010,2010-06-09,Harare Sports Club,2,11.3,Sri Lanka,Zimbabwe,WU Tharanga,TM Dilshan,RW Price,0,0,,,,,,,,,
452152,2010,2010-06-09,Harare Sports Club,2,11.4,Sri Lanka,Zimbabwe,WU Tharanga,TM Dilshan,RW Price,4,0,,,,,,,,,
452152,2010,2010-06-09,Harare Sports Club,2,11.5,Sri Lanka,Zimbabwe,WU Tharanga,TM Dilshan,RW Price,1,0,,,,,,,,,
452152,2010,2010-06-09,Harare Sports Club,2,11.6,Sri Lanka,Zimbabwe,TM Dilshan,WU Tharanga,RW Price,1,0,,,,,,,,,
452152,2010,2010-06-09,Harare Sports Club,2,12.1,Sri Lanka,Zimbabwe,TM Dilshan,WU Tharanga,GA Lamb,0,0,,,,,,,,,
452152,2010,2010-06-09,Harare Sports Club,2,12.2,Sri Lanka,Zimbabwe,TM Dilshan,WU Tharanga,GA Lamb,4,0,,,,,,,,,
452152,2010,2010-06-09,Harare Sports Club,2,12.3,Sri Lanka,Zimbabwe,TM Dilshan,WU Tharanga,GA Lamb,0,1,1,,,,,,,,
452152,2010,2010-06-09,Harare Sports Club,2,12.4,Sri Lanka,Zimbabwe,TM Dilshan,WU Tharanga,GA Lamb,0,0,,,,,,,,,
452152,2010,2010-06-09,Harare Sports Club,2,12.5,Sri Lanka,Zimbabwe,TM Dilshan,WU Tharanga,GA Lamb,0,0,,,,,,,,,
452152,2010,2010-06-09,Harare Sports Club,2,12.6,Sri Lanka,Zimbabwe,TM Dilshan,WU Tharanga,GA Lamb,1,0,,,,,,,,,
452152,2010,2010-06-09,Harare Sports Club,2,12.7,Sri Lanka,Zimbabwe,WU Tharanga,TM Dilshan,GA Lamb,1,0,,,,,,,,,
452152,2010,2010-06-09,Harare Sports Club,2,13.1,Sri Lanka,Zimbabwe,WU Tharanga,TM Dilshan,RW Price,1,0,,,,,,,,,
452152,2010,2010-06-09,Harare Sports Club,2,13.2,Sri Lanka,Zimbabwe,TM Dilshan,WU Tharanga,RW Price,1,0,,,,,,,,,
452152,2010,2010-06-09,Harare Sports Club,2,13.3,Sri Lanka,Zimbabwe,WU Tharanga,TM Dilshan,RW Price,1,0,,,,,,,,,
452152,2010,2010-06-09,Harare Sports Club,2,13.4,Sri Lanka,Zimbabwe,TM Dilshan,WU Tharanga,RW Price,1,0,,,,,,,,,
452152,2010,2010-06-09,Harare Sports Club,2,13.5,Sri Lanka,Zimbabwe,WU Tharanga,TM Dilshan,RW Price,1,0,,,,,,,,,
452152,2010,2010-06-09,Harare Sports Club,2,13.6,Sri Lanka,Zimbabwe,TM Dilshan,WU Tharanga,RW Price,0,0,,,,,,,,,
452152,2010,2010-06-09,Harare Sports Club,2,14.1,Sri Lanka,Zimbabwe,WU Tharanga,TM Dilshan,GA Lamb,0,0,,,,,,,,,
452152,2010,2010-06-09,Harare Sports Club,2,14.2,Sri Lanka,Zimbabwe,WU Tharanga,TM Dilshan,GA Lamb,1,0,,,,,,,,,
452152,2010,2010-06-09,Harare Sports Club,2,14.3,Sri Lanka,Zimbabwe,TM Dilshan,WU Tharanga,GA Lamb,1,0,,,,,,,,,
452152,2010,2010-06-09,Harare Sports Club,2,14.4,Sri Lanka,Zimbabwe,WU Tharanga,TM Dilshan,GA Lamb,0,0,,,,,,,,,
452152,2010,2010-06-09,Harare Sports Club,2,14.5,Sri Lanka,Zimbabwe,WU Tharanga,TM Dilshan,GA Lamb,0,0,,,,,,,,,
452152,2010,2010-06-09,Harare Sports Club,2,14.6,Sri Lanka,Zimbabwe,WU Tharanga,TM Dilshan,GA Lamb,0,0,,,,,,,,,
452152,2010,2010-06-09,Harare Sports Club,2,15.1,Sri Lanka,Zimbabwe,TM Dilshan,WU Tharanga,AG Cremer,0,0,,,,,,,,,
452152,2010,2010-06-09,Harare Sports Club,2,15.2,Sri Lanka,Zimbabwe,TM Dilshan,WU Tharanga,AG Cremer,2,0,,,,,,,,,
452152,2010,2010-06-09,Harare Sports Club,2,15.3,Sri Lanka,Zimbabwe,TM Dilshan,WU Tharanga,AG Cremer,1,0,,,,,,,,,
452152,2010,2010-06-09,Harare Sports Club,2,15.4,Sri Lanka,Zimbabwe,WU Tharanga,TM Dilshan,AG Cremer,0,0,,,,,,,,,
452152,2010,2010-06-09,Harare Sports Club,2,15.5,Sri Lanka,Zimbabwe,WU Tharanga,TM Dilshan,AG Cremer,0,0,,,,,,,,,
452152,2010,2010-06-09,Harare Sports Club,2,15.6,Sri Lanka,Zimbabwe,WU Tharanga,TM Dilshan,AG Cremer,2,0,,,,,,,,,
452152,2010,2010-06-09,Harare Sports Club,2,16.1,Sri Lanka,Zimbabwe,TM Dilshan,WU Tharanga,P Utseya,1,0,,,,,,,,,
452152,2010,2010-06-09,Harare Sports Club,2,16.2,Sri Lanka,Zimbabwe,WU Tharanga,TM Dilshan,P Utseya,6,0,,,,,,,,,
452152,2010,2010-06-09,Harare Sports Club,2,16.3,Sri Lanka,Zimbabwe,WU Tharanga,TM Dilshan,P Utseya,1,0,,,,,,,,,
452152,2010,2010-06-09,Harare Sports Club,2,16.4,Sri Lanka,Zimbabwe,TM Dilshan,WU Tharanga,P Utseya,2,0,,,,,,,,,
452152,2010,2010-06-09,Harare Sports Club,2,16.5,Sri Lanka,Zimbabwe,TM Dilshan,WU Tharanga,P Utseya,0,0,,,,,,,,,
452152,2010,2010-06-09,Harare Sports Club,2,16.6,Sri Lanka,Zimbabwe,TM Dilshan,WU Tharanga,P Utseya,0,0,,,,,,,,,
452152,2010,2010-06-09,Harare Sports Club,2,17.1,Sri Lanka,Zimbabwe,WU Tharanga,TM Dilshan,AG Cremer,0,0,,,,,,,,,
452152,2010,2010-06-09,Harare Sports Club,2,17.2,Sri Lanka,Zimbabwe,WU Tharanga,TM Dilshan,AG Cremer,0,0,,,,,,,,,
452152,2010,2010-06-09,Harare Sports Club,2,17.3,Sri Lanka,Zimbabwe,WU Tharanga,TM Dilshan,AG Cremer,4,0,,,,,,,,,
452152,2010,2010-06-09,Harare Sports Club,2,17.4,Sri Lanka,Zimbabwe,WU Tharanga,TM Dilshan,AG Cremer,1,0,,,,,,,,,
452152,2010,2010-06-09,Harare Sports Club,2,17.5,Sri Lanka,Zimbabwe,TM Dilshan,WU Tharanga,AG Cremer,0,0,,,,,,,,,
452152,2010,2010-06-09,Harare Sports Club,2,17.6,Sri Lanka,Zimbabwe,TM Dilshan,WU Tharanga,AG Cremer,4,0,,,,,,,,,
452152,2010,2010-06-09,Harare Sports Club,2,18.1,Sri Lanka,Zimbabwe,WU Tharanga,TM Dilshan,P Utseya,0,0,,,,,,,,,
452152,2010,2010-06-09,Harare Sports Club,2,18.2,Sri Lanka,Zimbabwe,WU Tharanga,TM Dilshan,P Utseya,0,0,,,,,,,,,
452152,2010,2010-06-09,Harare Sports Club,2,18.3,Sri Lanka,Zimbabwe,WU Tharanga,TM Dilshan,P Utseya,1,0,,,,,,,,,
452152,2010,2010-06-09,Harare Sports Club,2,18.4,Sri Lanka,Zimbabwe,TM Dilshan,WU Tharanga,P Utseya,0,0,,,,,,,,,
452152,2010,2010-06-09,Harare Sports Club,2,18.5,Sri Lanka,Zimbabwe,TM Dilshan,WU Tharanga,P Utseya,1,0,,,,,,,,,
452152,2010,2010-06-09,Harare Sports Club,2,18.6,Sri Lanka,Zimbabwe,WU Tharanga,TM Dilshan,P Utseya,0,0,,,,,,,,,
452152,2010,2010-06-09,Harare Sports Club,2,19.1,Sri Lanka,Zimbabwe,TM Dilshan,WU Tharanga,CB Mpofu,1,0,,,,,,,,,
452152,2010,2010-06-09,Harare Sports Club,2,19.2,Sri Lanka,Zimbabwe,WU Tharanga,TM Dilshan,CB Mpofu,4,0,,,,,,,,,
452152,2010,2010-06-09,Harare Sports Club,2,19.3,Sri Lanka,Zimbabwe,WU Tharanga,TM Dilshan,CB Mpofu,0,0,,,,,,,,,
452152,2010,2010-06-09,Harare Sports Club,2,19.4,Sri Lanka,Zimbabwe,WU Tharanga,TM Dilshan,CB Mpofu,0,0,,,,,,,,,
452152,2010,2010-06-09,Harare Sports Club,2,19.5,Sri Lanka,Zimbabwe,WU Tharanga,TM Dilshan,CB Mpofu,1,0,,,,,,,,,
452152,2010,2010-06-09,Harare Sports Club,2,19.6,Sri Lanka,Zimbabwe,TM Dilshan,WU Tharanga,CB Mpofu,0,0,,,,,,,,,
452152,2010,2010-06-09,Harare Sports Club,2,20.1,Sri Lanka,Zimbabwe,WU Tharanga,TM Dilshan,P Utseya,1,0,,,,,,,,,
452152,2010,2010-06-09,Harare Sports Club,2,20.2,Sri Lanka,Zimbabwe,TM Dilshan,WU Tharanga,P Utseya,1,0,,,,,,,,,
452152,2010,2010-06-09,Harare Sports Club,2,20.3,Sri Lanka,Zimbabwe,WU Tharanga,TM Dilshan,P Utseya,2,0,,,,,,,,,
452152,2010,2010-06-09,Harare Sports Club,2,20.4,Sri Lanka,Zimbabwe,WU Tharanga,TM Dilshan,P Utseya,0,0,,,,,,,,,
452152,2010,2010-06-09,Harare Sports Club,2,20.5,Sri Lanka,Zimbabwe,WU Tharanga,TM Dilshan,P Utseya,1,0,,,,,,,,,
452152,2010,2010-06-09,Harare Sports Club,2,20.6,Sri Lanka,Zimbabwe,TM Dilshan,WU Tharanga,P Utseya,1,0,,,,,,,,,
452152,2010,2010-06-09,Harare Sports Club,2,21.1,Sri Lanka,Zimbabwe,TM Dilshan,WU Tharanga,CB Mpofu,1,0,,,,,,,,,
452152,2010,2010-06-09,Harare Sports Club,2,21.2,Sri Lanka,Zimbabwe,WU Tharanga,TM Dilshan,CB Mpofu,1,0,,,,,,,,,
452152,2010,2010-06-09,Harare Sports Club,2,21.3,Sri Lanka,Zimbabwe,TM Dilshan,WU Tharanga,CB Mpofu,2,0,,,,,,,,,
452152,2010,2010-06-09,Harare Sports Club,2,21.4,Sri Lanka,Zimbabwe,TM Dilshan,WU Tharanga,CB Mpofu,4,0,,,,,,,,,
452152,2010,2010-06-09,Harare Sports Club,2,21.5,Sri Lanka,Zimbabwe,TM Dilshan,WU Tharanga,CB Mpofu,0,1,1,,,,,,,,
452152,2010,2010-06-09,Harare Sports Club,2,21.6,Sri Lanka,Zimbabwe,TM Dilshan,WU Tharanga,CB Mpofu,0,0,,,,,,,,,
452152,2010,2010-06-09,Harare Sports Club,2,21.7,Sri Lanka,Zimbabwe,TM Dilshan,WU Tharanga,CB Mpofu,0,0,,,,,,,,,
452152,2010,2010-06-09,Harare Sports Club,2,22.1,Sri Lanka,Zimbabwe,WU Tharanga,TM Dilshan,P Utseya,0,0,,,,,,,,,
452152,2010,2010-06-09,Harare Sports Club,2,22.2,Sri Lanka,Zimbabwe,WU Tharanga,TM Dilshan,P Utseya,0,0,,,,,,,,,
452152,2010,2010-06-09,Harare Sports Club,2,22.3,Sri Lanka,Zimbabwe,WU Tharanga,TM Dilshan,P Utseya,2,0,,,,,,,,,
452152,2010,2010-06-09,Harare Sports Club,2,22.4,Sri Lanka,Zimbabwe,WU Tharanga,TM Dilshan,P Utseya,4,0,,,,,,,,,
452152,2010,2010-06-09,Harare Sports Club,2,22.5,Sri Lanka,Zimbabwe,WU Tharanga,TM Dilshan,P Utseya,1,0,,,,,,,,,
452152,2010,2010-06-09,Harare Sports Club,2,22.6,Sri Lanka,Zimbabwe,TM Dilshan,WU Tharanga,P Utseya,1,0,,,,,,,,,
452152,2010,2010-06-09,Harare Sports Club,2,23.1,Sri Lanka,Zimbabwe,TM Dilshan,WU Tharanga,H Masakadza,2,0,,,,,,,,,
452152,2010,2010-06-09,Harare Sports Club,2,23.2,Sri Lanka,Zimbabwe,TM Dilshan,WU Tharanga,H Masakadza,0,0,,,,,,,,,
452152,2010,2010-06-09,Harare Sports Club,2,23.3,Sri Lanka,Zimbabwe,TM Dilshan,WU Tharanga,H Masakadza,1,0,,,,,,,,,
452152,2010,2010-06-09,Harare Sports Club,2,23.4,Sri Lanka,Zimbabwe,WU Tharanga,TM Dilshan,H Masakadza,1,0,,,,,,,,,
452152,2010,2010-06-09,Harare Sports Club,2,23.5,Sri Lanka,Zimbabwe,TM Dilshan,WU Tharanga,H Masakadza,4,0,,,,,,,,,
452152,2010,2010-06-09,Harare Sports Club,2,23.6,Sri Lanka,Zimbabwe,TM Dilshan,WU Tharanga,H Masakadza,0,0,,,,,,,,,
452152,2010,2010-06-09,Harare Sports Club,2,24.1,Sri Lanka,Zimbabwe,WU Tharanga,TM Dilshan,RW Price,0,0,,,,,,,,,
452152,2010,2010-06-09,Harare Sports Club,2,24.2,Sri Lanka,Zimbabwe,WU Tharanga,TM Dilshan,RW Price,0,0,,,,,,,,,
452152,2010,2010-06-09,Harare Sports Club,2,24.3,Sri Lanka,Zimbabwe,WU Tharanga,TM Dilshan,RW Price,1,0,,,,,,,,,
452152,2010,2010-06-09,Harare Sports Club,2,24.4,Sri Lanka,Zimbabwe,TM Dilshan,WU Tharanga,RW Price,0,0,,,,,,,,,
452152,2010,2010-06-09,Harare Sports Club,2,24.5,Sri Lanka,Zimbabwe,TM Dilshan,WU Tharanga,RW Price,1,0,,,,,,,,,
452152,2010,2010-06-09,Harare Sports Club,2,24.6,Sri Lanka,Zimbabwe,WU Tharanga,TM Dilshan,RW Price,1,0,,,,,,,,,
452152,2010,2010-06-09,Harare Sports Club,2,25.1,Sri Lanka,Zimbabwe,WU Tharanga,TM Dilshan,GA Lamb,1,0,,,,,,,,,
452152,2010,2010-06-09,Harare Sports Club,2,25.2,Sri Lanka,Zimbabwe,TM Dilshan,WU Tharanga,GA Lamb,4,0,,,,,,,,,
452152,2010,2010-06-09,Harare Sports Club,2,25.3,Sri Lanka,Zimbabwe,TM Dilshan,WU Tharanga,GA Lamb,0,0,,,,,,,,,
452152,2010,2010-06-09,Harare Sports Club,2,25.4,Sri Lanka,Zimbabwe,TM Dilshan,WU Tharanga,GA Lamb,0,0,,,,,,,,,
452152,2010,2010-06-09,Harare Sports Club,2,25.5,Sri Lanka,Zimbabwe,TM Dilshan,WU Tharanga,GA Lamb,0,0,,,,,,run out,WU Tharanga,,
452152,2010,2010-06-09,Harare Sports Club,2,25.6,Sri Lanka,Zimbabwe,LD Chandimal,TM Dilshan,GA Lamb,0,0,,,,,,,,,
452152,2010,2010-06-09,Harare Sports Club,2,26.1,Sri Lanka,Zimbabwe,TM Dilshan,LD Chandimal,RW Price,1,0,,,,,,,,,
452152,2010,2010-06-09,Harare Sports Club,2,26.2,Sri Lanka,Zimbabwe,LD Chandimal,TM Dilshan,RW Price,0,0,,,,,,,,,
452152,2010,2010-06-09,Harare Sports Club,2,26.3,Sri Lanka,Zimbabwe,LD Chandimal,TM Dilshan,RW Price,0,0,,,,,,,,,
452152,2010,2010-06-09,Harare Sports Club,2,26.4,Sri Lanka,Zimbabwe,LD Chandimal,TM Dilshan,RW Price,1,0,,,,,,,,,
452152,2010,2010-06-09,Harare Sports Club,2,26.5,Sri Lanka,Zimbabwe,TM Dilshan,LD Chandimal,RW Price,1,0,,,,,,,,,
452152,2010,2010-06-09,Harare Sports Club,2,26.6,Sri Lanka,Zimbabwe,LD Chandimal,TM Dilshan,RW Price,0,0,,,,,,,,,
452152,2010,2010-06-09,Harare Sports Club,2,27.1,Sri Lanka,Zimbabwe,TM Dilshan,LD Chandimal,GA Lamb,1,0,,,,,,,,,
452152,2010,2010-06-09,Harare Sports Club,2,27.2,Sri Lanka,Zimbabwe,LD Chandimal,TM Dilshan,GA Lamb,0,0,,,,,,,,,
452152,2010,2010-06-09,Harare Sports Club,2,27.3,Sri Lanka,Zimbabwe,LD Chandimal,TM Dilshan,GA Lamb,0,0,,,,,,,,,
452152,2010,2010-06-09,Harare Sports Club,2,27.4,Sri Lanka,Zimbabwe,LD Chandimal,TM Dilshan,GA Lamb,0,0,,,,,,,,,
452152,2010,2010-06-09,Harare Sports Club,2,27.5,Sri Lanka,Zimbabwe,LD Chandimal,TM Dilshan,GA Lamb,1,0,,,,,,,,,
452152,2010,2010-06-09,Harare Sports Club,2,27.6,Sri Lanka,Zimbabwe,TM Dilshan,LD Chandimal,GA Lamb,0,0,,,,,,,,,
452152,2010,2010-06-09,Harare Sports Club,2,28.1,Sri Lanka,Zimbabwe,LD Chandimal,TM Dilshan,RW Price,0,0,,,,,,,,,
452152,2010,2010-06-09,Harare Sports Club,2,28.2,Sri Lanka,Zimbabwe,LD Chandimal,TM Dilshan,RW Price,1,0,,,,,,,,,
452152,2010,2010-06-09,Harare Sports Club,2,28.3,Sri Lanka,Zimbabwe,TM Dilshan,LD Chandimal,RW Price,1,0,,,,,,,,,
452152,2010,2010-06-09,Harare Sports Club,2,28.4,Sri Lanka,Zimbabwe,LD Chandimal,TM Dilshan,RW Price,0,0,,,,,,,,,
452152,2010,2010-06-09,Harare Sports Club,2,28.5,Sri Lanka,Zimbabwe,LD Chandimal,TM Dilshan,RW Price,1,0,,,,,,,,,
452152,2010,2010-06-09,Harare Sports Club,2,28.6,Sri Lanka,Zimbabwe,TM Dilshan,LD Chandimal,RW Price,1,0,,,,,,,,,
452152,2010,2010-06-09,Harare Sports Club,2,29.1,Sri Lanka,Zimbabwe,TM Dilshan,LD Chandimal,GA Lamb,1,0,,,,,,,,,
452152,2010,2010-06-09,Harare Sports Club,2,29.2,Sri Lanka,Zimbabwe,LD Chandimal,TM Dilshan,GA Lamb,0,0,,,,,,,,,
452152,2010,2010-06-09,Harare Sports Club,2,29.3,Sri Lanka,Zimbabwe,LD Chandimal,TM Dilshan,GA Lamb,2,0,,,,,,,,,
452152,2010,2010-06-09,Harare Sports Club,2,29.4,Sri Lanka,Zimbabwe,LD Chandimal,TM Dilshan,GA Lamb,0,0,,,,,,,,,
452152,2010,2010-06-09,Harare Sports Club,2,29.5,Sri Lanka,Zimbabwe,LD Chandimal,TM Dilshan,GA Lamb,0,0,,,,,,,,,
452152,2010,2010-06-09,Harare Sports Club,2,29.6,Sri Lanka,Zimbabwe,LD Chandimal,TM Dilshan,GA Lamb,0,0,,,,,,,,,
452152,2010,2010-06-09,Harare Sports Club,2,30.1,Sri Lanka,Zimbabwe,TM Dilshan,LD Chandimal,AG Cremer,0,0,,,,,,,,,
452152,2010,2010-06-09,Harare Sports Club,2,30.2,Sri Lanka,Zimbabwe,TM Dilshan,LD Chandimal,AG Cremer,0,0,,,,,,,,,
452152,2010,2010-06-09,Harare Sports Club,2,30.3,Sri Lanka,Zimbabwe,TM Dilshan,LD Chandimal,AG Cremer,0,0,,,,,,,,,
452152,2010,2010-06-09,Harare Sports Club,2,30.4,Sri Lanka,Zimbabwe,TM Dilshan,LD Chandimal,AG Cremer,2,0,,,,,,,,,
452152,2010,2010-06-09,Harare Sports Club,2,30.5,Sri Lanka,Zimbabwe,TM Dilshan,LD Chandimal,AG Cremer,0,0,,,,,,,,,
452152,2010,2010-06-09,Harare Sports Club,2,30.6,Sri Lanka,Zimbabwe,TM Dilshan,LD Chandimal,AG Cremer,0,0,,,,,,,,,
452152,2010,2010-06-09,Harare Sports Club,2,31.1,Sri Lanka,Zimbabwe,LD Chandimal,TM Dilshan,P Utseya,1,0,,,,,,,,,
452152,2010,2010-06-09,Harare Sports Club,2,31.2,Sri Lanka,Zimbabwe,TM Dilshan,LD Chandimal,P Utseya,2,0,,,,,,,,,
452152,2010,2010-06-09,Harare Sports Club,2,31.3,Sri Lanka,Zimbabwe,TM Dilshan,LD Chandimal,P Utseya,0,0,,,,,,,,,
452152,2010,2010-06-09,Harare Sports Club,2,31.4,Sri Lanka,Zimbabwe,TM Dilshan,LD Chandimal,P Utseya,1,0,,,,,,,,,
452152,2010,2010-06-09,Harare Sports Club,2,31.5,Sri Lanka,Zimbabwe,LD Chandimal,TM Dilshan,P Utseya,1,0,,,,,,,,,
452152,2010,2010-06-09,Harare Sports Club,2,31.6,Sri Lanka,Zimbabwe,TM Dilshan,LD Chandimal,P Utseya,2,0,,,,,,,,,
452152,2010,2010-06-09,Harare Sports Club,2,32.1,Sri Lanka,Zimbabwe,LD Chandimal,TM Dilshan,AG Cremer,0,0,,,,,,,,,
452152,2010,2010-06-09,Harare Sports Club,2,32.2,Sri Lanka,Zimbabwe,LD Chandimal,TM Dilshan,AG Cremer,1,0,,,,,,,,,
452152,2010,2010-06-09,Harare Sports Club,2,32.3,Sri Lanka,Zimbabwe,TM Dilshan,LD Chandimal,AG Cremer,0,0,,,,,,,,,
452152,2010,2010-06-09,Harare Sports Club,2,32.4,Sri Lanka,Zimbabwe,TM Dilshan,LD Chandimal,AG Cremer,1,0,,,,,,,,,
452152,2010,2010-06-09,Harare Sports Club,2,32.5,Sri Lanka,Zimbabwe,LD Chandimal,TM Dilshan,AG Cremer,1,0,,,,,,,,,
452152,2010,2010-06-09,Harare Sports Club,2,32.6,Sri Lanka,Zimbabwe,TM Dilshan,LD Chandimal,AG Cremer,0,0,,,,,,,,,
452152,2010,2010-06-09,Harare Sports Club,2,33.1,Sri Lanka,Zimbabwe,LD Chandimal,TM Dilshan,P Utseya,0,0,,,,,,,,,
452152,2010,2010-06-09,Harare Sports Club,2,33.2,Sri Lanka,Zimbabwe,LD Chandimal,TM Dilshan,P Utseya,4,0,,,,,,,,,
452152,2010,2010-06-09,Harare Sports Club,2,33.3,Sri Lanka,Zimbabwe,LD Chandimal,TM Dilshan,P Utseya,1,0,,,,,,,,,
452152,2010,2010-06-09,Harare Sports Club,2,33.4,Sri Lanka,Zimbabwe,TM Dilshan,LD Chandimal,P Utseya,4,0,,,,,,,,,
452152,2010,2010-06-09,Harare Sports Club,2,33.5,Sri Lanka,Zimbabwe,TM Dilshan,LD Chandimal,P Utseya,0,0,,,,,,,,,
452152,2010,2010-06-09,Harare Sports Club,2,33.6,Sri Lanka,Zimbabwe,TM Dilshan,LD Chandimal,P Utseya,0,1,1,,,,,,,,
452152,2010,2010-06-09,Harare Sports Club,2,33.7,Sri Lanka,Zimbabwe,TM Dilshan,LD Chandimal,P Utseya,1,0,,,,,,,,,
452152,2010,2010-06-09,Harare Sports Club,2,34.1,Sri Lanka,Zimbabwe,TM Dilshan,LD Chandimal,AG Cremer,1,0,,,,,,,,,
452152,2010,2010-06-09,Harare Sports Club,2,34.2,Sri Lanka,Zimbabwe,LD Chandimal,TM Dilshan,AG Cremer,1,0,,,,,,,,,
452152,2010,2010-06-09,Harare Sports Club,2,34.3,Sri Lanka,Zimbabwe,TM Dilshan,LD Chandimal,AG Cremer,2,0,,,,,,,,,
452152,2010,2010-06-09,Harare Sports Club,2,34.4,Sri Lanka,Zimbabwe,TM Dilshan,LD Chandimal,AG Cremer,4,0,,,,,,,,,
