match_id,season,start_date,venue,innings,ball,batting_team,bowling_team,striker,non_striker,bowler,runs_off_bat,extras,wides,noballs,byes,legbyes,penalty,wicket_type,player_dismissed,other_wicket_type,other_player_dismissed
456665,2010,2010-08-25,Rangiri Dambulla International Stadium,1,0.1,India,New Zealand,KD Karthik,V Sehwag,KD Mills,0,0,,,,,,,,,
456665,2010,2010-08-25,Rangiri Dambulla International Stadium,1,0.2,India,New Zealand,KD Karthik,V Sehwag,KD Mills,0,0,,,,,,,,,
456665,2010,2010-08-25,Rangiri Dambulla International Stadium,1,0.3,India,New Zealand,KD Karthik,V Sehwag,KD Mills,0,0,,,,,,caught,KD Karthik,,
456665,2010,2010-08-25,Rangiri Dambulla International Stadium,1,0.4,India,New Zealand,V Kohli,V Sehwag,KD Mills,0,0,,,,,,,,,
456665,2010,2010-08-25,Rangiri Dambulla International Stadium,1,0.5,India,New Zealand,V Kohli,V Sehwag,KD Mills,0,0,,,,,,,,,
456665,2010,2010-08-25,Rangiri Dambulla International Stadium,1,0.6,India,New Zealand,V Kohli,V Sehwag,KD Mills,0,0,,,,,,,,,
456665,2010,2010-08-25,Rangiri Dambulla International Stadium,1,1.1,India,New Zealand,V Sehwag,V Kohli,TG Southee,0,0,,,,,,,,,
456665,2010,2010-08-25,Rangiri Dambulla International Stadium,1,1.2,India,New Zealand,V Sehwag,V Kohli,TG Southee,0,0,,,,,,,,,
456665,2010,2010-08-25,Rangiri Dambulla International Stadium,1,1.3,India,New Zealand,V Sehwag,V Kohli,TG Southee,3,0,,,,,,,,,
456665,2010,2010-08-25,Rangiri Dambulla International Stadium,1,1.4,India,New Zealand,V Kohli,V Sehwag,TG Southee,2,0,,,,,,,,,
456665,2010,2010-08-25,Rangiri Dambulla International Stadium,1,1.5,India,New Zealand,V Kohli,V Sehwag,TG Southee,0,0,,,,,,,,,
456665,2010,2010-08-25,Rangiri Dambulla International Stadium,1,1.6,India,New Zealand,V Kohli,V Sehwag,TG Southee,0,0,,,,,,,,,
456665,2010,2010-08-25,Rangiri Dambulla International Stadium,1,2.1,India,New Zealand,V Sehwag,V Kohli,KD Mills,0,0,,,,,,,,,
456665,2010,2010-08-25,Rangiri Dambulla International Stadium,1,2.2,India,New Zealand,V Sehwag,V Kohli,KD Mills,0,0,,,,,,,,,
456665,2010,2010-08-25,Rangiri Dambulla International Stadium,1,2.3,India,New Zealand,V Sehwag,V Kohli,KD Mills,0,0,,,,,,,,,
456665,2010,2010-08-25,Rangiri Dambulla International Stadium,1,2.4,India,New Zealand,V Sehwag,V Kohli,KD Mills,0,1,,1,,,,,,,
456665,2010,2010-08-25,Rangiri Dambulla International Stadium,1,2.5,India,New Zealand,V Sehwag,V Kohli,KD Mills,1,0,,,,,,,,,
456665,2010,2010-08-25,Rangiri Dambulla International Stadium,1,2.6,India,New Zealand,V Kohli,V Sehwag,KD Mills,0,0,,,,,,,,,
456665,2010,2010-08-25,Rangiri Dambulla International Stadium,1,2.7,India,New Zealand,V Kohli,V Sehwag,KD Mills,1,0,,,,,,,,,
456665,2010,2010-08-25,Rangiri Dambulla International Stadium,1,3.1,India,New Zealand,V Kohli,V Sehwag,TG Southee,0,0,,,,,,,,,
456665,2010,2010-08-25,Rangiri Dambulla International Stadium,1,3.2,India,New Zealand,V Kohli,V Sehwag,TG Southee,0,0,,,,,,,,,
456665,2010,2010-08-25,Rangiri Dambulla International Stadium,1,3.3,India,New Zealand,V Kohli,V Sehwag,TG Southee,1,0,,,,,,,,,
456665,2010,2010-08-25,Rangiri Dambulla International Stadium,1,3.4,India,New Zealand,V Sehwag,V Kohli,TG Southee,0,0,,,,,,,,,
456665,2010,2010-08-25,Rangiri Dambulla International Stadium,1,3.5,India,New Zealand,V Sehwag,V Kohli,TG Southee,1,0,,,,,,,,,
456665,2010,2010-08-25,Rangiri Dambulla International Stadium,1,3.6,India,New Zealand,V Kohli,V Sehwag,TG Southee,4,0,,,,,,,,,
456665,2010,2010-08-25,Rangiri Dambulla International Stadium,1,4.1,India,New Zealand,V Sehwag,V Kohli,KD Mills,0,0,,,,,,,,,
456665,2010,2010-08-25,Rangiri Dambulla International Stadium,1,4.2,India,New Zealand,V Sehwag,V Kohli,KD Mills,0,0,,,,,,,,,
456665,2010,2010-08-25,Rangiri Dambulla International Stadium,1,4.3,India,New Zealand,V Sehwag,V Kohli,KD Mills,0,1,1,,,,,,,,
456665,2010,2010-08-25,Rangiri Dambulla International Stadium,1,4.4,India,New Zealand,V Sehwag,V Kohli,KD Mills,4,0,,,,,,,,,
456665,2010,2010-08-25,Rangiri Dambulla International Stadium,1,4.5,India,New Zealand,V Sehwag,V Kohli,KD Mills,4,0,,,,,,,,,
456665,2010,2010-08-25,Rangiri Dambulla International Stadium,1,4.6,India,New Zealand,V Sehwag,V Kohli,KD Mills,4,0,,,,,,,,,
456665,2010,2010-08-25,Rangiri Dambulla International Stadium,1,4.7,India,New Zealand,V Sehwag,V Kohli,KD Mills,0,0,,,,,,,,,
456665,2010,2010-08-25,Rangiri Dambulla International Stadium,1,5.1,India,New Zealand,V Kohli,V Sehwag,TG Southee,0,0,,,,,,,,,
456665,2010,2010-08-25,Rangiri Dambulla International Stadium,1,5.2,India,New Zealand,V Kohli,V Sehwag,TG Southee,0,0,,,,,,,,,
456665,2010,2010-08-25,Rangiri Dambulla International Stadium,1,5.3,India,New Zealand,V Kohli,V Sehwag,TG Southee,0,0,,,,,,,,,
456665,2010,2010-08-25,Rangiri Dambulla International Stadium,1,5.4,India,New Zealand,V Kohli,V Sehwag,TG Southee,0,0,,,,,,caught,V Kohli,,
456665,2010,2010-08-25,Rangiri Dambulla International Stadium,1,5.5,India,New Zealand,Yuvraj Singh,V Sehwag,TG Southee,0,0,,,,,,,,,
456665,2010,2010-08-25,Rangiri Dambulla International Stadium,1,5.6,India,New Zealand,Yuvraj Singh,V Sehwag,TG Southee,0,0,,,,,,,,,
456665,2010,2010-08-25,Rangiri Dambulla International Stadium,1,6.1,India,New Zealand,V Sehwag,Yuvraj Singh,KD Mills,0,0,,,,,,,,,
456665,2010,2010-08-25,Rangiri Dambulla International Stadium,1,6.2,India,New Zealand,V Sehwag,Yuvraj Singh,KD Mills,0,0,,,,,,,,,
456665,2010,2010-08-25,Rangiri Dambulla International Stadium,1,6.3,India,New Zealand,V Sehwag,Yuvraj Singh,KD Mills,1,1,,1,,,,,,,
456665,2010,2010-08-25,Rangiri Dambulla International Stadium,1,6.4,India,New Zealand,Yuvraj Singh,V Sehwag,KD Mills,1,0,,,,,,,,,
456665,2010,2010-08-25,Rangiri Dambulla International Stadium,1,6.5,India,New Zealand,V Sehwag,Yuvraj Singh,KD Mills,4,0,,,,,,,,,
456665,2010,2010-08-25,Rangiri Dambulla International Stadium,1,6.6,India,New Zealand,V Sehwag,Yuvraj Singh,KD Mills,4,0,,,,,,,,,
456665,2010,2010-08-25,Rangiri Dambulla International Stadium,1,6.7,India,New Zealand,V Sehwag,Yuvraj Singh,KD Mills,0,0,,,,,,,,,
456665,2010,2010-08-25,Rangiri Dambulla International Stadium,1,7.1,India,New Zealand,Yuvraj Singh,V Sehwag,AJ McKay,0,0,,,,,,,,,
456665,2010,2010-08-25,Rangiri Dambulla International Stadium,1,7.2,India,New Zealand,Yuvraj Singh,V Sehwag,AJ McKay,0,0,,,,,,,,,
456665,2010,2010-08-25,Rangiri Dambulla International Stadium,1,7.3,India,New Zealand,Yuvraj Singh,V Sehwag,AJ McKay,0,0,,,,,,,,,
456665,2010,2010-08-25,Rangiri Dambulla International Stadium,1,7.4,India,New Zealand,Yuvraj Singh,V Sehwag,AJ McKay,0,0,,,,,,,,,
456665,2010,2010-08-25,Rangiri Dambulla International Stadium,1,7.5,India,New Zealand,Yuvraj Singh,V Sehwag,AJ McKay,0,0,,,,,,,,,
456665,2010,2010-08-25,Rangiri Dambulla International Stadium,1,7.6,India,New Zealand,Yuvraj Singh,V Sehwag,AJ McKay,0,0,,,,,,,,,
456665,2010,2010-08-25,Rangiri Dambulla International Stadium,1,8.1,India,New Zealand,V Sehwag,Yuvraj Singh,TG Southee,0,0,,,,,,,,,
456665,2010,2010-08-25,Rangiri Dambulla International Stadium,1,8.2,India,New Zealand,V Sehwag,Yuvraj Singh,TG Southee,4,0,,,,,,,,,
456665,2010,2010-08-25,Rangiri Dambulla International Stadium,1,8.3,India,New Zealand,V Sehwag,Yuvraj Singh,TG Southee,0,0,,,,,,,,,
456665,2010,2010-08-25,Rangiri Dambulla International Stadium,1,8.4,India,New Zealand,V Sehwag,Yuvraj Singh,TG Southee,4,0,,,,,,,,,
456665,2010,2010-08-25,Rangiri Dambulla International Stadium,1,8.5,India,New Zealand,V Sehwag,Yuvraj Singh,TG Southee,0,0,,,,,,,,,
456665,2010,2010-08-25,Rangiri Dambulla International Stadium,1,8.6,India,New Zealand,V Sehwag,Yuvraj Singh,TG Southee,1,0,,,,,,,,,
456665,2010,2010-08-25,Rangiri Dambulla International Stadium,1,9.1,India,New Zealand,V Sehwag,Yuvraj Singh,AJ McKay,1,0,,,,,,,,,
456665,2010,2010-08-25,Rangiri Dambulla International Stadium,1,9.2,India,New Zealand,Yuvraj Singh,V Sehwag,AJ McKay,0,0,,,,,,,,,
456665,2010,2010-08-25,Rangiri Dambulla International Stadium,1,9.3,India,New Zealand,Yuvraj Singh,V Sehwag,AJ McKay,0,0,,,,,,,,,
456665,2010,2010-08-25,Rangiri Dambulla International Stadium,1,9.4,India,New Zealand,Yuvraj Singh,V Sehwag,AJ McKay,0,1,1,,,,,,,,
456665,2010,2010-08-25,Rangiri Dambulla International Stadium,1,9.5,India,New Zealand,Yuvraj Singh,V Sehwag,AJ McKay,0,0,,,,,,,,,
456665,2010,2010-08-25,Rangiri Dambulla International Stadium,1,9.6,India,New Zealand,Yuvraj Singh,V Sehwag,AJ McKay,0,0,,,,,,,,,
456665,2010,2010-08-25,Rangiri Dambulla International Stadium,1,9.7,India,New Zealand,Yuvraj Singh,V Sehwag,AJ McKay,4,0,,,,,,,,,
456665,2010,2010-08-25,Rangiri Dambulla International Stadium,1,10.1,India,New Zealand,V Sehwag,Yuvraj Singh,TG Southee,1,0,,,,,,,,,
456665,2010,2010-08-25,Rangiri Dambulla International Stadium,1,10.2,India,New Zealand,Yuvraj Singh,V Sehwag,TG Southee,0,0,,,,,,,,,
456665,2010,2010-08-25,Rangiri Dambulla International Stadium,1,10.3,India,New Zealand,Yuvraj Singh,V Sehwag,TG Southee,1,0,,,,,,,,,
456665,2010,2010-08-25,Rangiri Dambulla International Stadium,1,10.4,India,New Zealand,V Sehwag,Yuvraj Singh,TG Southee,4,0,,,,,,,,,
456665,2010,2010-08-25,Rangiri Dambulla International Stadium,1,10.5,India,New Zealand,V Sehwag,Yuvraj Singh,TG Southee,1,0,,,,,,,,,
456665,2010,2010-08-25,Rangiri Dambulla International Stadium,1,10.6,India,New Zealand,Yuvraj Singh,V Sehwag,TG Southee,0,0,,,,,,,,,
456665,2010,2010-08-25,Rangiri Dambulla International Stadium,1,11.1,India,New Zealand,V Sehwag,Yuvraj Singh,AJ McKay,1,0,,,,,,,,,
456665,2010,2010-08-25,Rangiri Dambulla International Stadium,1,11.2,India,New Zealand,Yuvraj Singh,V Sehwag,AJ McKay,0,0,,,,,,,,,
456665,2010,2010-08-25,Rangiri Dambulla International Stadium,1,11.3,India,New Zealand,Yuvraj Singh,V Sehwag,AJ McKay,0,0,,,,,,caught,Yuvraj Singh,,
456665,2010,2010-08-25,Rangiri Dambulla International Stadium,1,11.4,India,New Zealand,V Sehwag,SK Raina,AJ McKay,0,0,,,,,,,,,
456665,2010,2010-08-25,Rangiri Dambulla International Stadium,1,11.5,India,New Zealand,V Sehwag,SK Raina,AJ McKay,0,0,,,,,,,,,
456665,2010,2010-08-25,Rangiri Dambulla International Stadium,1,11.6,India,New Zealand,V Sehwag,SK Raina,AJ McKay,0,1,1,,,,,,,,
456665,2010,2010-08-25,Rangiri Dambulla International Stadium,1,11.7,India,New Zealand,V Sehwag,SK Raina,AJ McKay,1,0,,,,,,,,,
456665,2010,2010-08-25,Rangiri Dambulla International Stadium,1,12.1,India,New Zealand,V Sehwag,SK Raina,TG Southee,0,0,,,,,,,,,
456665,2010,2010-08-25,Rangiri Dambulla International Stadium,1,12.2,India,New Zealand,V Sehwag,SK Raina,TG Southee,1,0,,,,,,,,,
456665,2010,2010-08-25,Rangiri Dambulla International Stadium,1,12.3,India,New Zealand,SK Raina,V Sehwag,TG Southee,0,0,,,,,,,,,
456665,2010,2010-08-25,Rangiri Dambulla International Stadium,1,12.4,India,New Zealand,SK Raina,V Sehwag,TG Southee,1,0,,,,,,,,,
456665,2010,2010-08-25,Rangiri Dambulla International Stadium,1,12.5,India,New Zealand,V Sehwag,SK Raina,TG Southee,1,0,,,,,,,,,
456665,2010,2010-08-25,Rangiri Dambulla International Stadium,1,12.6,India,New Zealand,SK Raina,V Sehwag,TG Southee,0,0,,,,,,caught,SK Raina,,
456665,2010,2010-08-25,Rangiri Dambulla International Stadium,1,13.1,India,New Zealand,V Sehwag,MS Dhoni,AJ McKay,1,0,,,,,,,,,
456665,2010,2010-08-25,Rangiri Dambulla International Stadium,1,13.2,India,New Zealand,MS Dhoni,V Sehwag,AJ McKay,0,0,,,,,,,,,
456665,2010,2010-08-25,Rangiri Dambulla International Stadium,1,13.3,India,New Zealand,MS Dhoni,V Sehwag,AJ McKay,0,0,,,,,,,,,
456665,2010,2010-08-25,Rangiri Dambulla International Stadium,1,13.4,India,New Zealand,MS Dhoni,V Sehwag,AJ McKay,0,0,,,,,,,,,
456665,2010,2010-08-25,Rangiri Dambulla International Stadium,1,13.5,India,New Zealand,MS Dhoni,V Sehwag,AJ McKay,0,0,,,,,,,,,
456665,2010,2010-08-25,Rangiri Dambulla International Stadium,1,13.6,India,New Zealand,MS Dhoni,V Sehwag,AJ McKay,0,0,,,,,,,,,
456665,2010,2010-08-25,Rangiri Dambulla International Stadium,1,14.1,India,New Zealand,V Sehwag,MS Dhoni,SB Styris,4,0,,,,,,,,,
456665,2010,2010-08-25,Rangiri Dambulla International Stadium,1,14.2,India,New Zealand,V Sehwag,MS Dhoni,SB Styris,0,1,1,,,,,,,,
456665,2010,2010-08-25,Rangiri Dambulla International Stadium,1,14.3,India,New Zealand,V Sehwag,MS Dhoni,SB Styris,1,0,,,,,,,,,
456665,2010,2010-08-25,Rangiri Dambulla International Stadium,1,14.4,India,New Zealand,MS Dhoni,V Sehwag,SB Styris,0,0,,,,,,,,,
456665,2010,2010-08-25,Rangiri Dambulla International Stadium,1,14.5,India,New Zealand,MS Dhoni,V Sehwag,SB Styris,4,0,,,,,,,,,
456665,2010,2010-08-25,Rangiri Dambulla International Stadium,1,14.6,India,New Zealand,MS Dhoni,V Sehwag,SB Styris,4,0,,,,,,,,,
456665,2010,2010-08-25,Rangiri Dambulla International Stadium,1,14.7,India,New Zealand,MS Dhoni,V Sehwag,SB Styris,0,0,,,,,,,,,
456665,2010,2010-08-25,Rangiri Dambulla International Stadium,1,15.1,India,New Zealand,V Sehwag,MS Dhoni,AJ McKay,1,0,,,,,,,,,
456665,2010,2010-08-25,Rangiri Dambulla International Stadium,1,15.2,India,New Zealand,MS Dhoni,V Sehwag,AJ McKay,0,0,,,,,,,,,
456665,2010,2010-08-25,Rangiri Dambulla International Stadium,1,15.3,India,New Zealand,MS Dhoni,V Sehwag,AJ McKay,1,0,,,,,,,,,
456665,2010,2010-08-25,Rangiri Dambulla International Stadium,1,15.4,India,New Zealand,V Sehwag,MS Dhoni,AJ McKay,0,0,,,,,,,,,
456665,2010,2010-08-25,Rangiri Dambulla International Stadium,1,15.5,India,New Zealand,V Sehwag,MS Dhoni,AJ McKay,4,0,,,,,,,,,
456665,2010,2010-08-25,Rangiri Dambulla International Stadium,1,15.6,India,New Zealand,V Sehwag,MS Dhoni,AJ McKay,1,0,,,,,,,,,
456665,2010,2010-08-25,Rangiri Dambulla International Stadium,1,16.1,India,New Zealand,V Sehwag,MS Dhoni,SB Styris,0,0,,,,,,,,,
456665,2010,2010-08-25,Rangiri Dambulla International Stadium,1,16.2,India,New Zealand,V Sehwag,MS Dhoni,SB Styris,1,0,,,,,,,,,
456665,2010,2010-08-25,Rangiri Dambulla International Stadium,1,16.3,India,New Zealand,MS Dhoni,V Sehwag,SB Styris,0,0,,,,,,,,,
456665,2010,2010-08-25,Rangiri Dambulla International Stadium,1,16.4,India,New Zealand,MS Dhoni,V Sehwag,SB Styris,1,0,,,,,,,,,
456665,2010,2010-08-25,Rangiri Dambulla International Stadium,1,16.5,India,New Zealand,V Sehwag,MS Dhoni,SB Styris,1,0,,,,,,,,,
456665,2010,2010-08-25,Rangiri Dambulla International Stadium,1,16.6,India,New Zealand,MS Dhoni,V Sehwag,SB Styris,0,0,,,,,,,,,
456665,2010,2010-08-25,Rangiri Dambulla International Stadium,1,17.1,India,New Zealand,V Sehwag,MS Dhoni,AJ McKay,0,0,,,,,,,,,
456665,2010,2010-08-25,Rangiri Dambulla International Stadium,1,17.2,India,New Zealand,V Sehwag,MS Dhoni,AJ McKay,1,0,,,,,,,,,
456665,2010,2010-08-25,Rangiri Dambulla International Stadium,1,17.3,India,New Zealand,MS Dhoni,V Sehwag,AJ McKay,0,0,,,,,,,,,
456665,2010,2010-08-25,Rangiri Dambulla International Stadium,1,17.4,India,New Zealand,MS Dhoni,V Sehwag,AJ McKay,0,0,,,,,,,,,
456665,2010,2010-08-25,Rangiri Dambulla International Stadium,1,17.5,India,New Zealand,MS Dhoni,V Sehwag,AJ McKay,0,0,,,,,,,,,
456665,2010,2010-08-25,Rangiri Dambulla International Stadium,1,17.6,India,New Zealand,MS Dhoni,V Sehwag,AJ McKay,0,0,,,,,,,,,
456665,2010,2010-08-25,Rangiri Dambulla International Stadium,1,18.1,India,New Zealand,V Sehwag,MS Dhoni,SB Styris,0,0,,,,,,,,,
456665,2010,2010-08-25,Rangiri Dambulla International Stadium,1,18.2,India,New Zealand,V Sehwag,MS Dhoni,SB Styris,1,0,,,,,,,,,
456665,2010,2010-08-25,Rangiri Dambulla International Stadium,1,18.3,India,New Zealand,MS Dhoni,V Sehwag,SB Styris,0,0,,,,,,,,,
456665,2010,2010-08-25,Rangiri Dambulla International Stadium,1,18.4,India,New Zealand,MS Dhoni,V Sehwag,SB Styris,0,0,,,,,,,,,
456665,2010,2010-08-25,Rangiri Dambulla International Stadium,1,18.5,India,New Zealand,MS Dhoni,V Sehwag,SB Styris,1,0,,,,,,,,,
456665,2010,2010-08-25,Rangiri Dambulla International Stadium,1,18.6,India,New Zealand,V Sehwag,MS Dhoni,SB Styris,1,0,,,,,,,,,
456665,2010,2010-08-25,Rangiri Dambulla International Stadium,1,19.1,India,New Zealand,V Sehwag,MS Dhoni,NL McCullum,1,0,,,,,,,,,
456665,2010,2010-08-25,Rangiri Dambulla International Stadium,1,19.2,India,New Zealand,MS Dhoni,V Sehwag,NL McCullum,1,0,,,,,,,,,
456665,2010,2010-08-25,Rangiri Dambulla International Stadium,1,19.3,India,New Zealand,V Sehwag,MS Dhoni,NL McCullum,0,0,,,,,,,,,
456665,2010,2010-08-25,Rangiri Dambulla International Stadium,1,19.4,India,New Zealand,V Sehwag,MS Dhoni,NL McCullum,1,0,,,,,,,,,
456665,2010,2010-08-25,Rangiri Dambulla International Stadium,1,19.5,India,New Zealand,MS Dhoni,V Sehwag,NL McCullum,0,1,1,,,,,,,,
456665,2010,2010-08-25,Rangiri Dambulla International Stadium,1,19.6,India,New Zealand,MS Dhoni,V Sehwag,NL McCullum,1,0,,,,,,,,,
456665,2010,2010-08-25,Rangiri Dambulla International Stadium,1,19.7,India,New Zealand,V Sehwag,MS Dhoni,NL McCullum,1,0,,,,,,,,,
456665,2010,2010-08-25,Rangiri Dambulla International Stadium,1,20.1,India,New Zealand,V Sehwag,MS Dhoni,SB Styris,0,1,1,,,,,,,,
456665,2010,2010-08-25,Rangiri Dambulla International Stadium,1,20.2,India,New Zealand,V Sehwag,MS Dhoni,SB Styris,1,0,,,,,,,,,
456665,2010,2010-08-25,Rangiri Dambulla International Stadium,1,20.3,India,New Zealand,MS Dhoni,V Sehwag,SB Styris,0,0,,,,,,,,,
456665,2010,2010-08-25,Rangiri Dambulla International Stadium,1,20.4,India,New Zealand,MS Dhoni,V Sehwag,SB Styris,1,0,,,,,,,,,
456665,2010,2010-08-25,Rangiri Dambulla International Stadium,1,20.5,India,New Zealand,V Sehwag,MS Dhoni,SB Styris,0,0,,,,,,,,,
456665,2010,2010-08-25,Rangiri Dambulla International Stadium,1,20.6,India,New Zealand,V Sehwag,MS Dhoni,SB Styris,1,0,,,,,,,,,
456665,2010,2010-08-25,Rangiri Dambulla International Stadium,1,20.7,India,New Zealand,MS Dhoni,V Sehwag,SB Styris,1,0,,,,,,,,,
456665,2010,2010-08-25,Rangiri Dambulla International Stadium,1,21.1,India,New Zealand,MS Dhoni,V Sehwag,NL McCullum,2,0,,,,,,,,,
456665,2010,2010-08-25,Rangiri Dambulla International Stadium,1,21.2,India,New Zealand,MS Dhoni,V Sehwag,NL McCullum,1,0,,,,,,,,,
456665,2010,2010-08-25,Rangiri Dambulla International Stadium,1,21.3,India,New Zealand,V Sehwag,MS Dhoni,NL McCullum,2,0,,,,,,,,,
456665,2010,2010-08-25,Rangiri Dambulla International Stadium,1,21.4,India,New Zealand,V Sehwag,MS Dhoni,NL McCullum,0,0,,,,,,,,,
456665,2010,2010-08-25,Rangiri Dambulla International Stadium,1,21.5,India,New Zealand,V Sehwag,MS Dhoni,NL McCullum,0,0,,,,,,,,,
456665,2010,2010-08-25,Rangiri Dambulla International Stadium,1,21.6,India,New Zealand,V Sehwag,MS Dhoni,NL McCullum,0,0,,,,,,,,,
456665,2010,2010-08-25,Rangiri Dambulla International Stadium,1,22.1,India,New Zealand,MS Dhoni,V Sehwag,SB Styris,1,0,,,,,,,,,
456665,2010,2010-08-25,Rangiri Dambulla International Stadium,1,22.2,India,New Zealand,V Sehwag,MS Dhoni,SB Styris,0,0,,,,,,,,,
456665,2010,2010-08-25,Rangiri Dambulla International Stadium,1,22.3,India,New Zealand,V Sehwag,MS Dhoni,SB Styris,0,4,,,,4,,,,,
456665,2010,2010-08-25,Rangiri Dambulla International Stadium,1,22.4,India,New Zealand,V Sehwag,MS Dhoni,SB Styris,4,0,,,,,,,,,
456665,2010,2010-08-25,Rangiri Dambulla International Stadium,1,22.5,India,New Zealand,V Sehwag,MS Dhoni,SB Styris,1,0,,,,,,,,,
456665,2010,2010-08-25,Rangiri Dambulla International Stadium,1,22.6,India,New Zealand,MS Dhoni,V Sehwag,SB Styris,0,0,,,,,,,,,
456665,2010,2010-08-25,Rangiri Dambulla International Stadium,1,23.1,India,New Zealand,V Sehwag,MS Dhoni,NL McCullum,0,0,,,,,,,,,
456665,2010,2010-08-25,Rangiri Dambulla International Stadium,1,23.2,India,New Zealand,V Sehwag,MS Dhoni,NL McCullum,0,0,,,,,,,,,
456665,2010,2010-08-25,Rangiri Dambulla International Stadium,1,23.3,India,New Zealand,V Sehwag,MS Dhoni,NL McCullum,0,0,,,,,,,,,
456665,2010,2010-08-25,Rangiri Dambulla International Stadium,1,23.4,India,New Zealand,V Sehwag,MS Dhoni,NL McCullum,1,0,,,,,,,,,
456665,2010,2010-08-25,Rangiri Dambulla International Stadium,1,23.5,India,New Zealand,MS Dhoni,V Sehwag,NL McCullum,1,0,,,,,,,,,
456665,2010,2010-08-25,Rangiri Dambulla International Stadium,1,23.6,India,New Zealand,V Sehwag,MS Dhoni,NL McCullum,0,0,,,,,,,,,
456665,2010,2010-08-25,Rangiri Dambulla International Stadium,1,24.1,India,New Zealand,MS Dhoni,V Sehwag,KS Williamson,0,0,,,,,,,,,
456665,2010,2010-08-25,Rangiri Dambulla International Stadium,1,24.2,India,New Zealand,MS Dhoni,V Sehwag,KS Williamson,0,0,,,,,,,,,
456665,2010,2010-08-25,Rangiri Dambulla International Stadium,1,24.3,India,New Zealand,MS Dhoni,V Sehwag,KS Williamson,1,0,,,,,,,,,
456665,2010,2010-08-25,Rangiri Dambulla International Stadium,1,24.4,India,New Zealand,V Sehwag,MS Dhoni,KS Williamson,0,1,1,,,,,,,,
456665,2010,2010-08-25,Rangiri Dambulla International Stadium,1,24.5,India,New Zealand,V Sehwag,MS Dhoni,KS Williamson,0,0,,,,,,,,,
456665,2010,2010-08-25,Rangiri Dambulla International Stadium,1,24.6,India,New Zealand,V Sehwag,MS Dhoni,KS Williamson,1,0,,,,,,,,,
456665,2010,2010-08-25,Rangiri Dambulla International Stadium,1,24.7,India,New Zealand,MS Dhoni,V Sehwag,KS Williamson,0,0,,,,,,,,,
456665,2010,2010-08-25,Rangiri Dambulla International Stadium,1,25.1,India,New Zealand,V Sehwag,MS Dhoni,NL McCullum,6,0,,,,,,,,,
456665,2010,2010-08-25,Rangiri Dambulla International Stadium,1,25.2,India,New Zealand,V Sehwag,MS Dhoni,NL McCullum,4,0,,,,,,,,,
456665,2010,2010-08-25,Rangiri Dambulla International Stadium,1,25.3,India,New Zealand,V Sehwag,MS Dhoni,NL McCullum,0,0,,,,,,,,,
456665,2010,2010-08-25,Rangiri Dambulla International Stadium,1,25.4,India,New Zealand,V Sehwag,MS Dhoni,NL McCullum,1,0,,,,,,,,,
456665,2010,2010-08-25,Rangiri Dambulla International Stadium,1,25.5,India,New Zealand,MS Dhoni,V Sehwag,NL McCullum,0,1,,,1,,,,,,
456665,2010,2010-08-25,Rangiri Dambulla International Stadium,1,25.6,India,New Zealand,V Sehwag,MS Dhoni,NL McCullum,0,0,,,,,,,,,
456665,2010,2010-08-25,Rangiri Dambulla International Stadium,1,26.1,India,New Zealand,MS Dhoni,V Sehwag,KS Williamson,0,1,1,,,,,,,,
456665,2010,2010-08-25,Rangiri Dambulla International Stadium,1,26.2,India,New Zealand,MS Dhoni,V Sehwag,KS Williamson,0,0,,,,,,,,,
456665,2010,2010-08-25,Rangiri Dambulla International Stadium,1,26.3,India,New Zealand,MS Dhoni,V Sehwag,KS Williamson,0,0,,,,,,,,,
456665,2010,2010-08-25,Rangiri Dambulla International Stadium,1,26.4,India,New Zealand,MS Dhoni,V Sehwag,KS Williamson,0,0,,,,,,,,,
456665,2010,2010-08-25,Rangiri Dambulla International Stadium,1,26.5,India,New Zealand,MS Dhoni,V Sehwag,KS Williamson,4,0,,,,,,,,,
456665,2010,2010-08-25,Rangiri Dambulla International Stadium,1,26.6,India,New Zealand,MS Dhoni,V Sehwag,KS Williamson,0,0,,,,,,,,,
456665,2010,2010-08-25,Rangiri Dambulla International Stadium,1,26.7,India,New Zealand,MS Dhoni,V Sehwag,KS Williamson,0,0,,,,,,,,,
456665,2010,2010-08-25,Rangiri Dambulla International Stadium,1,27.1,India,New Zealand,V Sehwag,MS Dhoni,KD Mills,1,0,,,,,,,,,
456665,2010,2010-08-25,Rangiri Dambulla International Stadium,1,27.2,India,New Zealand,MS Dhoni,V Sehwag,KD Mills,0,0,,,,,,,,,
456665,2010,2010-08-25,Rangiri Dambulla International Stadium,1,27.3,India,New Zealand,MS Dhoni,V Sehwag,KD Mills,0,0,,,,,,,,,
456665,2010,2010-08-25,Rangiri Dambulla International Stadium,1,27.4,India,New Zealand,MS Dhoni,V Sehwag,KD Mills,0,0,,,,,,,,,
456665,2010,2010-08-25,Rangiri Dambulla International Stadium,1,27.5,India,New Zealand,MS Dhoni,V Sehwag,KD Mills,0,0,,,,,,,,,
456665,2010,2010-08-25,Rangiri Dambulla International Stadium,1,27.6,India,New Zealand,MS Dhoni,V Sehwag,KD Mills,0,0,,,,,,,,,
456665,2010,2010-08-25,Rangiri Dambulla International Stadium,1,28.1,India,New Zealand,V Sehwag,MS Dhoni,KS Williamson,1,0,,,,,,,,,
456665,2010,2010-08-25,Rangiri Dambulla International Stadium,1,28.2,India,New Zealand,MS Dhoni,V Sehwag,KS Williamson,0,1,1,,,,,,,,
456665,2010,2010-08-25,Rangiri Dambulla International Stadium,1,28.3,India,New Zealand,MS Dhoni,V Sehwag,KS Williamson,1,0,,,,,,,,,
456665,2010,2010-08-25,Rangiri Dambulla International Stadium,1,28.4,India,New Zealand,V Sehwag,MS Dhoni,KS Williamson,4,0,,,,,,,,,
456665,2010,2010-08-25,Rangiri Dambulla International Stadium,1,28.5,India,New Zealand,V Sehwag,MS Dhoni,KS Williamson,1,0,,,,,,,,,
456665,2010,2010-08-25,Rangiri Dambulla International Stadium,1,28.6,India,New Zealand,MS Dhoni,V Sehwag,KS Williamson,0,0,,,,,,,,,
456665,2010,2010-08-25,Rangiri Dambulla International Stadium,1,28.7,India,New Zealand,MS Dhoni,V Sehwag,KS Williamson,1,0,,,,,,,,,
456665,2010,2010-08-25,Rangiri Dambulla International Stadium,1,29.1,India,New Zealand,MS Dhoni,V Sehwag,KD Mills,0,0,,,,,,,,,
456665,2010,2010-08-25,Rangiri Dambulla International Stadium,1,29.2,India,New Zealand,MS Dhoni,V Sehwag,KD Mills,2,0,,,,,,,,,
456665,2010,2010-08-25,Rangiri Dambulla International Stadium,1,29.3,India,New Zealand,MS Dhoni,V Sehwag,KD Mills,0,0,,,,,,,,,
456665,2010,2010-08-25,Rangiri Dambulla International Stadium,1,29.4,India,New Zealand,MS Dhoni,V Sehwag,KD Mills,0,0,,,,,,,,,
456665,2010,2010-08-25,Rangiri Dambulla International Stadium,1,29.5,India,New Zealand,MS Dhoni,V Sehwag,KD Mills,0,0,,,,,,,,,
456665,2010,2010-08-25,Rangiri Dambulla International Stadium,1,29.6,India,New Zealand,MS Dhoni,V Sehwag,KD Mills,1,0,,,,,,,,,
456665,2010,2010-08-25,Rangiri Dambulla International Stadium,1,30.1,India,New Zealand,MS Dhoni,V Sehwag,KS Williamson,0,0,,,,,,,,,
456665,2010,2010-08-25,Rangiri Dambulla International Stadium,1,30.2,India,New Zealand,MS Dhoni,V Sehwag,KS Williamson,0,0,,,,,,,,,
456665,2010,2010-08-25,Rangiri Dambulla International Stadium,1,30.3,India,New Zealand,MS Dhoni,V Sehwag,KS Williamson,1,0,,,,,,,,,
456665,2010,2010-08-25,Rangiri Dambulla International Stadium,1,30.4,India,New Zealand,V Sehwag,MS Dhoni,KS Williamson,4,0,,,,,,,,,
456665,2010,2010-08-25,Rangiri Dambulla International Stadium,1,30.5,India,New Zealand,V Sehwag,MS Dhoni,KS Williamson,1,0,,,,,,,,,
456665,2010,2010-08-25,Rangiri Dambulla International Stadium,1,30.6,India,New Zealand,MS Dhoni,V Sehwag,KS Williamson,0,0,,,,,,,,,
456665,2010,2010-08-25,Rangiri Dambulla International Stadium,1,31.1,India,New Zealand,V Sehwag,MS Dhoni,KD Mills,4,0,,,,,,,,,
456665,2010,2010-08-25,Rangiri Dambulla International Stadium,1,31.2,India,New Zealand,V Sehwag,MS Dhoni,KD Mills,4,0,,,,,,,,,
456665,2010,2010-08-25,Rangiri Dambulla International Stadium,1,31.3,India,New Zealand,V Sehwag,MS Dhoni,KD Mills,0,0,,,,,,,,,
456665,2010,2010-08-25,Rangiri Dambulla International Stadium,1,31.4,India,New Zealand,V Sehwag,MS Dhoni,KD Mills,0,1,,,,1,,,,,
456665,2010,2010-08-25,Rangiri Dambulla International Stadium,1,31.5,India,New Zealand,MS Dhoni,V Sehwag,KD Mills,0,0,,,,,,,,,
456665,2010,2010-08-25,Rangiri Dambulla International Stadium,1,31.6,India,New Zealand,MS Dhoni,V Sehwag,KD Mills,0,0,,,,,,,,,
456665,2010,2010-08-25,Rangiri Dambulla International Stadium,1,32.1,India,New Zealand,V Sehwag,MS Dhoni,NL McCullum,2,0,,,,,,,,,
456665,2010,2010-08-25,Rangiri Dambulla International Stadium,1,32.2,India,New Zealand,V Sehwag,MS Dhoni,NL McCullum,0,0,,,,,,caught,V Sehwag,,
456665,2010,2010-08-25,Rangiri Dambulla International Stadium,1,32.3,India,New Zealand,MS Dhoni,RA Jadeja,NL McCullum,0,0,,,,,,,,,
456665,2010,2010-08-25,Rangiri Dambulla International Stadium,1,32.4,India,New Zealand,MS Dhoni,RA Jadeja,NL McCullum,0,0,,,,,,,,,
456665,2010,2010-08-25,Rangiri Dambulla International Stadium,1,32.5,India,New Zealand,MS Dhoni,RA Jadeja,NL McCullum,0,0,,,,,,,,,
456665,2010,2010-08-25,Rangiri Dambulla International Stadium,1,32.6,India,New Zealand,MS Dhoni,RA Jadeja,NL McCullum,1,0,,,,,,,,,
456665,2010,2010-08-25,Rangiri Dambulla International Stadium,1,33.1,India,New Zealand,MS Dhoni,RA Jadeja,AJ McKay,0,0,,,,,,,,,
456665,2010,2010-08-25,Rangiri Dambulla International Stadium,1,33.2,India,New Zealand,MS Dhoni,RA Jadeja,AJ McKay,1,0,,,,,,,,,
456665,2010,2010-08-25,Rangiri Dambulla International Stadium,1,33.3,India,New Zealand,RA Jadeja,MS Dhoni,AJ McKay,0,0,,,,,,,,,
456665,2010,2010-08-25,Rangiri Dambulla International Stadium,1,33.4,India,New Zealand,RA Jadeja,MS Dhoni,AJ McKay,4,0,,,,,,,,,
456665,2010,2010-08-25,Rangiri Dambulla International Stadium,1,33.5,India,New Zealand,RA Jadeja,MS Dhoni,AJ McKay,0,0,,,,,,,,,
456665,2010,2010-08-25,Rangiri Dambulla International Stadium,1,33.6,India,New Zealand,RA Jadeja,MS Dhoni,AJ McKay,0,0,,,,,,,,,
456665,2010,2010-08-25,Rangiri Dambulla International Stadium,1,34.1,India,New Zealand,MS Dhoni,RA Jadeja,NL McCullum,1,0,,,,,,,,,
456665,2010,2010-08-25,Rangiri Dambulla International Stadium,1,34.2,India,New Zealand,RA Jadeja,MS Dhoni,NL McCullum,0,0,,,,,,,,,
456665,2010,2010-08-25,Rangiri Dambulla International Stadium,1,34.3,India,New Zealand,RA Jadeja,MS Dhoni,NL McCullum,0,0,,,,,,,,,
456665,2010,2010-08-25,Rangiri Dambulla International Stadium,1,34.4,India,New Zealand,RA Jadeja,MS Dhoni,NL McCullum,0,0,,,,,,,,,
456665,2010,2010-08-25,Rangiri Dambulla International Stadium,1,34.5,India,New Zealand,RA Jadeja,MS Dhoni,NL McCullum,0,0,,,,,,,,,
456665,2010,2010-08-25,Rangiri Dambulla International Stadium,1,34.6,India,New Zealand,RA Jadeja,MS Dhoni,NL McCullum,1,0,,,,,,,,,
456665,2010,2010-08-25,Rangiri Dambulla International Stadium,1,35.1,India,New Zealand,RA Jadeja,MS Dhoni,AJ McKay,0,0,,,,,,,,,
456665,2010,2010-08-25,Rangiri Dambulla International Stadium,1,35.2,India,New Zealand,RA Jadeja,MS Dhoni,AJ McKay,0,0,,,,,,,,,
456665,2010,2010-08-25,Rangiri Dambulla International Stadium,1,35.3,India,New Zealand,RA Jadeja,MS Dhoni,AJ McKay,1,0,,,,,,,,,
456665,2010,2010-08-25,Rangiri Dambulla International Stadium,1,35.4,India,New Zealand,MS Dhoni,RA Jadeja,AJ McKay,0,1,1,,,,,,,,
456665,2010,2010-08-25,Rangiri Dambulla International Stadium,1,35.5,India,New Zealand,MS Dhoni,RA Jadeja,AJ McKay,1,0,,,,,,,,,
456665,2010,2010-08-25,Rangiri Dambulla International Stadium,1,35.6,India,New Zealand,RA Jadeja,MS Dhoni,AJ McKay,0,1,1,,,,,,,,
456665,2010,2010-08-25,Rangiri Dambulla International Stadium,1,35.7,India,New Zealand,RA Jadeja,MS Dhoni,AJ McKay,0,0,,,,,,,,,
456665,2010,2010-08-25,Rangiri Dambulla International Stadium,1,35.8,India,New Zealand,RA Jadeja,MS Dhoni,AJ McKay,4,0,,,,,,,,,
456665,2010,2010-08-25,Rangiri Dambulla International Stadium,1,36.1,India,New Zealand,MS Dhoni,RA Jadeja,NL McCullum,1,0,,,,,,,,,
456665,2010,2010-08-25,Rangiri Dambulla International Stadium,1,36.2,India,New Zealand,RA Jadeja,MS Dhoni,NL McCullum,1,0,,,,,,,,,
456665,2010,2010-08-25,Rangiri Dambulla International Stadium,1,36.3,India,New Zealand,MS Dhoni,RA Jadeja,NL McCullum,1,0,,,,,,,,,
456665,2010,2010-08-25,Rangiri Dambulla International Stadium,1,36.4,India,New Zealand,RA Jadeja,MS Dhoni,NL McCullum,0,0,,,,,,,,,
456665,2010,2010-08-25,Rangiri Dambulla International Stadium,1,36.5,India,New Zealand,RA Jadeja,MS Dhoni,NL McCullum,0,0,,,,,,,,,
456665,2010,2010-08-25,Rangiri Dambulla International Stadium,1,36.6,India,New Zealand,RA Jadeja,MS Dhoni,NL McCullum,0,0,,,,,,,,,
456665,2010,2010-08-25,Rangiri Dambulla International Stadium,1,37.1,India,New Zealand,MS Dhoni,RA Jadeja,SB Styris,1,0,,,,,,,,,
456665,2010,2010-08-25,Rangiri Dambulla International Stadium,1,37.2,India,New Zealand,RA Jadeja,MS Dhoni,SB Styris,4,0,,,,,,,,,
456665,2010,2010-08-25,Rangiri Dambulla International Stadium,1,37.3,India,New Zealand,RA Jadeja,MS Dhoni,SB Styris,0,0,,,,,,,,,
456665,2010,2010-08-25,Rangiri Dambulla International Stadium,1,37.4,India,New Zealand,RA Jadeja,MS Dhoni,SB Styris,0,0,,,,,,,,,
456665,2010,2010-08-25,Rangiri Dambulla International Stadium,1,37.5,India,New Zealand,RA Jadeja,MS Dhoni,SB Styris,1,0,,,,,,,,,
456665,2010,2010-08-25,Rangiri Dambulla International Stadium,1,37.6,India,New Zealand,MS Dhoni,RA Jadeja,SB Styris,0,0,,,,,,,,,
456665,2010,2010-08-25,Rangiri Dambulla International Stadium,1,38.1,India,New Zealand,RA Jadeja,MS Dhoni,NL McCullum,0,0,,,,,,,,,
456665,2010,2010-08-25,Rangiri Dambulla International Stadium,1,38.2,India,New Zealand,RA Jadeja,MS Dhoni,NL McCullum,1,0,,,,,,,,,
456665,2010,2010-08-25,Rangiri Dambulla International Stadium,1,38.3,India,New Zealand,MS Dhoni,RA Jadeja,NL McCullum,0,0,,,,,,caught,MS Dhoni,,
456665,2010,2010-08-25,Rangiri Dambulla International Stadium,1,38.4,India,New Zealand,P Kumar,RA Jadeja,NL McCullum,0,0,,,,,,,,,
456665,2010,2010-08-25,Rangiri Dambulla International Stadium,1,38.5,India,New Zealand,P Kumar,RA Jadeja,NL McCullum,0,0,,,,,,,,,
456665,2010,2010-08-25,Rangiri Dambulla International Stadium,1,38.6,India,New Zealand,P Kumar,RA Jadeja,NL McCullum,0,0,,,,,,,,,
456665,2010,2010-08-25,Rangiri Dambulla International Stadium,1,39.1,India,New Zealand,RA Jadeja,P Kumar,TG Southee,0,0,,,,,,,,,
456665,2010,2010-08-25,Rangiri Dambulla International Stadium,1,39.2,India,New Zealand,RA Jadeja,P Kumar,TG Southee,0,0,,,,,,caught,RA Jadeja,,
456665,2010,2010-08-25,Rangiri Dambulla International Stadium,1,39.3,India,New Zealand,A Nehra,P Kumar,TG Southee,0,0,,,,,,,,,
456665,2010,2010-08-25,Rangiri Dambulla International Stadium,1,39.4,India,New Zealand,A Nehra,P Kumar,TG Southee,0,0,,,,,,,,,
456665,2010,2010-08-25,Rangiri Dambulla International Stadium,1,39.5,India,New Zealand,A Nehra,P Kumar,TG Southee,0,0,,,,,,,,,
456665,2010,2010-08-25,Rangiri Dambulla International Stadium,1,39.6,India,New Zealand,A Nehra,P Kumar,TG Southee,0,0,,,,,,,,,
456665,2010,2010-08-25,Rangiri Dambulla International Stadium,1,40.1,India,New Zealand,P Kumar,A Nehra,NL McCullum,0,0,,,,,,,,,
456665,2010,2010-08-25,Rangiri Dambulla International Stadium,1,40.2,India,New Zealand,P Kumar,A Nehra,NL McCullum,0,0,,,,,,,,,
456665,2010,2010-08-25,Rangiri Dambulla International Stadium,1,40.3,India,New Zealand,P Kumar,A Nehra,NL McCullum,1,0,,,,,,,,,
456665,2010,2010-08-25,Rangiri Dambulla International Stadium,1,40.4,India,New Zealand,A Nehra,P Kumar,NL McCullum,0,0,,,,,,,,,
456665,2010,2010-08-25,Rangiri Dambulla International Stadium,1,40.5,India,New Zealand,A Nehra,P Kumar,NL McCullum,0,0,,,,,,,,,
456665,2010,2010-08-25,Rangiri Dambulla International Stadium,1,40.6,India,New Zealand,A Nehra,P Kumar,NL McCullum,0,0,,,,,,,,,
456665,2010,2010-08-25,Rangiri Dambulla International Stadium,1,41.1,India,New Zealand,P Kumar,A Nehra,TG Southee,0,0,,,,,,,,,
456665,2010,2010-08-25,Rangiri Dambulla International Stadium,1,41.2,India,New Zealand,P Kumar,A Nehra,TG Southee,0,0,,,,,,,,,
456665,2010,2010-08-25,Rangiri Dambulla International Stadium,1,41.3,India,New Zealand,P Kumar,A Nehra,TG Southee,4,0,,,,,,,,,
456665,2010,2010-08-25,Rangiri Dambulla International Stadium,1,41.4,India,New Zealand,P Kumar,A Nehra,TG Southee,0,0,,,,,,,,,
456665,2010,2010-08-25,Rangiri Dambulla International Stadium,1,41.5,India,New Zealand,P Kumar,A Nehra,TG Southee,0,2,2,,,,,,,,
456665,2010,2010-08-25,Rangiri Dambulla International Stadium,1,41.6,India,New Zealand,A Nehra,P Kumar,TG Southee,0,0,,,,,,,,,
456665,2010,2010-08-25,Rangiri Dambulla International Stadium,1,41.7,India,New Zealand,A Nehra,P Kumar,TG Southee,0,0,,,,,,,,,
456665,2010,2010-08-25,Rangiri Dambulla International Stadium,1,42.1,India,New Zealand,P Kumar,A Nehra,NL McCullum,1,0,,,,,,,,,
456665,2010,2010-08-25,Rangiri Dambulla International Stadium,1,42.2,India,New Zealand,A Nehra,P Kumar,NL McCullum,0,0,,,,,,,,,
456665,2010,2010-08-25,Rangiri Dambulla International Stadium,1,42.3,India,New Zealand,A Nehra,P Kumar,NL McCullum,0,0,,,,,,,,,
456665,2010,2010-08-25,Rangiri Dambulla International Stadium,1,42.4,India,New Zealand,A Nehra,P Kumar,NL McCullum,0,0,,,,,,caught and bowled,A Nehra,,
456665,2010,2010-08-25,Rangiri Dambulla International Stadium,1,42.5,India,New Zealand,I Sharma,P Kumar,NL McCullum,0,0,,,,,,,,,
456665,2010,2010-08-25,Rangiri Dambulla International Stadium,1,42.6,India,New Zealand,I Sharma,P Kumar,NL McCullum,0,0,,,,,,,,,
456665,2010,2010-08-25,Rangiri Dambulla International Stadium,1,43.1,India,New Zealand,P Kumar,I Sharma,TG Southee,0,0,,,,,,caught,P Kumar,,
456665,2010,2010-08-25,Rangiri Dambulla International Stadium,1,43.2,India,New Zealand,MM Patel,I Sharma,TG Southee,1,0,,,,,,,,,
456665,2010,2010-08-25,Rangiri Dambulla International Stadium,1,43.3,India,New Zealand,I Sharma,MM Patel,TG Southee,1,0,,,,,,,,,
456665,2010,2010-08-25,Rangiri Dambulla International Stadium,1,43.4,India,New Zealand,MM Patel,I Sharma,TG Southee,0,0,,,,,,,,,
456665,2010,2010-08-25,Rangiri Dambulla International Stadium,1,43.5,India,New Zealand,MM Patel,I Sharma,TG Southee,0,0,,,,,,,,,
456665,2010,2010-08-25,Rangiri Dambulla International Stadium,1,43.6,India,New Zealand,MM Patel,I Sharma,TG Southee,0,0,,,,,,,,,
456665,2010,2010-08-25,Rangiri Dambulla International Stadium,1,44.1,India,New Zealand,I Sharma,MM Patel,KD Mills,0,0,,,,,,,,,
456665,2010,2010-08-25,Rangiri Dambulla International Stadium,1,44.2,India,New Zealand,I Sharma,MM Patel,KD Mills,0,0,,,,,,,,,
456665,2010,2010-08-25,Rangiri Dambulla International Stadium,1,44.3,India,New Zealand,I Sharma,MM Patel,KD Mills,0,0,,,,,,,,,
456665,2010,2010-08-25,Rangiri Dambulla International Stadium,1,44.4,India,New Zealand,I Sharma,MM Patel,KD Mills,1,0,,,,,,,,,
456665,2010,2010-08-25,Rangiri Dambulla International Stadium,1,44.5,India,New Zealand,MM Patel,I Sharma,KD Mills,0,0,,,,,,,,,
456665,2010,2010-08-25,Rangiri Dambulla International Stadium,1,44.6,India,New Zealand,MM Patel,I Sharma,KD Mills,0,0,,,,,,,,,
456665,2010,2010-08-25,Rangiri Dambulla International Stadium,1,45.1,India,New Zealand,I Sharma,MM Patel,TG Southee,4,0,,,,,,,,,
456665,2010,2010-08-25,Rangiri Dambulla International Stadium,1,45.2,India,New Zealand,I Sharma,MM Patel,TG Southee,1,0,,,,,,,,,
456665,2010,2010-08-25,Rangiri Dambulla International Stadium,1,45.3,India,New Zealand,MM Patel,I Sharma,TG Southee,0,1,1,,,,,,,,
456665,2010,2010-08-25,Rangiri Dambulla International Stadium,1,45.4,India,New Zealand,MM Patel,I Sharma,TG Southee,4,0,,,,,,,,,
456665,2010,2010-08-25,Rangiri Dambulla International Stadium,1,45.5,India,New Zealand,MM Patel,I Sharma,TG Southee,1,0,,,,,,,,,
456665,2010,2010-08-25,Rangiri Dambulla International Stadium,1,45.6,India,New Zealand,I Sharma,MM Patel,TG Southee,0,0,,,,,,,,,
456665,2010,2010-08-25,Rangiri Dambulla International Stadium,1,45.7,India,New Zealand,I Sharma,MM Patel,TG Southee,0,0,,,,,,,,,
456665,2010,2010-08-25,Rangiri Dambulla International Stadium,1,46.1,India,New Zealand,MM Patel,I Sharma,KD Mills,1,0,,,,,,,,,
456665,2010,2010-08-25,Rangiri Dambulla International Stadium,1,46.2,India,New Zealand,I Sharma,MM Patel,KD Mills,1,0,,,,,,,,,
456665,2010,2010-08-25,Rangiri Dambulla International Stadium,1,46.3,India,New Zealand,MM Patel,I Sharma,KD Mills,0,0,,,,,,caught,MM Patel,,
456665,2010,2010-08-25,Rangiri Dambulla International Stadium,2,0.1,New Zealand,India,BJ Watling,MJ Guptill,P Kumar,1,0,,,,,,,,,
456665,2010,2010-08-25,Rangiri Dambulla International Stadium,2,0.2,New Zealand,India,MJ Guptill,BJ Watling,P Kumar,0,0,,,,,,lbw,MJ Guptill,,
456665,2010,2010-08-25,Rangiri Dambulla International Stadium,2,0.3,New Zealand,India,LRPL Taylor,BJ Watling,P Kumar,0,1,1,,,,,,,,
456665,2010,2010-08-25,Rangiri Dambulla International Stadium,2,0.4,New Zealand,India,LRPL Taylor,BJ Watling,P Kumar,0,1,,,,1,,,,,
456665,2010,2010-08-25,Rangiri Dambulla International Stadium,2,0.5,New Zealand,India,BJ Watling,LRPL Taylor,P Kumar,0,0,,,,,,,,,
456665,2010,2010-08-25,Rangiri Dambulla International Stadium,2,0.6,New Zealand,India,BJ Watling,LRPL Taylor,P Kumar,0,1,1,,,,,,,,
456665,2010,2010-08-25,Rangiri Dambulla International Stadium,2,0.7,New Zealand,India,BJ Watling,LRPL Taylor,P Kumar,0,0,,,,,,,,,
456665,2010,2010-08-25,Rangiri Dambulla International Stadium,2,0.8,New Zealand,India,BJ Watling,LRPL Taylor,P Kumar,0,0,,,,,,,,,
456665,2010,2010-08-25,Rangiri Dambulla International Stadium,2,1.1,New Zealand,India,LRPL Taylor,BJ Watling,A Nehra,0,0,,,,,,,,,
456665,2010,2010-08-25,Rangiri Dambulla International Stadium,2,1.2,New Zealand,India,LRPL Taylor,BJ Watling,A Nehra,0,0,,,,,,,,,
456665,2010,2010-08-25,Rangiri Dambulla International Stadium,2,1.3,New Zealand,India,LRPL Taylor,BJ Watling,A Nehra,0,0,,,,,,,,,
456665,2010,2010-08-25,Rangiri Dambulla International Stadium,2,1.4,New Zealand,India,LRPL Taylor,BJ Watling,A Nehra,0,0,,,,,,,,,
456665,2010,2010-08-25,Rangiri Dambulla International Stadium,2,1.5,New Zealand,India,LRPL Taylor,BJ Watling,A Nehra,0,0,,,,,,,,,
456665,2010,2010-08-25,Rangiri Dambulla International Stadium,2,1.6,New Zealand,India,LRPL Taylor,BJ Watling,A Nehra,0,0,,,,,,,,,
456665,2010,2010-08-25,Rangiri Dambulla International Stadium,2,2.1,New Zealand,India,BJ Watling,LRPL Taylor,P Kumar,0,0,,,,,,,,,
456665,2010,2010-08-25,Rangiri Dambulla International Stadium,2,2.2,New Zealand,India,BJ Watling,LRPL Taylor,P Kumar,0,0,,,,,,,,,
456665,2010,2010-08-25,Rangiri Dambulla International Stadium,2,2.3,New Zealand,India,BJ Watling,LRPL Taylor,P Kumar,1,0,,,,,,,,,
456665,2010,2010-08-25,Rangiri Dambulla International Stadium,2,2.4,New Zealand,India,LRPL Taylor,BJ Watling,P Kumar,0,0,,,,,,,,,
456665,2010,2010-08-25,Rangiri Dambulla International Stadium,2,2.5,New Zealand,India,LRPL Taylor,BJ Watling,P Kumar,0,0,,,,,,,,,
456665,2010,2010-08-25,Rangiri Dambulla International Stadium,2,2.6,New Zealand,India,LRPL Taylor,BJ Watling,P Kumar,0,0,,,,,,,,,
456665,2010,2010-08-25,Rangiri Dambulla International Stadium,2,3.1,New Zealand,India,BJ Watling,LRPL Taylor,A Nehra,0,0,,,,,,,,,
456665,2010,2010-08-25,Rangiri Dambulla International Stadium,2,3.2,New Zealand,India,BJ Watling,LRPL Taylor,A Nehra,0,1,1,,,,,,,,
456665,2010,2010-08-25,Rangiri Dambulla International Stadium,2,3.3,New Zealand,India,BJ Watling,LRPL Taylor,A Nehra,0,0,,,,,,,,,
456665,2010,2010-08-25,Rangiri Dambulla International Stadium,2,3.4,New Zealand,India,BJ Watling,LRPL Taylor,A Nehra,0,0,,,,,,,,,
456665,2010,2010-08-25,Rangiri Dambulla International Stadium,2,3.5,New Zealand,India,BJ Watling,LRPL Taylor,A Nehra,0,0,,,,,,bowled,BJ Watling,,
456665,2010,2010-08-25,Rangiri Dambulla International Stadium,2,3.6,New Zealand,India,GD Elliott,LRPL Taylor,A Nehra,0,0,,,,,,,,,
456665,2010,2010-08-25,Rangiri Dambulla International Stadium,2,3.7,New Zealand,India,GD Elliott,LRPL Taylor,A Nehra,0,0,,,,,,,,,
456665,2010,2010-08-25,Rangiri Dambulla International Stadium,2,4.1,New Zealand,India,LRPL Taylor,GD Elliott,P Kumar,0,0,,,,,,,,,
456665,2010,2010-08-25,Rangiri Dambulla International Stadium,2,4.2,New Zealand,India,LRPL Taylor,GD Elliott,P Kumar,4,0,,,,,,,,,
456665,2010,2010-08-25,Rangiri Dambulla International Stadium,2,4.3,New Zealand,India,LRPL Taylor,GD Elliott,P Kumar,4,0,,,,,,,,,
456665,2010,2010-08-25,Rangiri Dambulla International Stadium,2,4.4,New Zealand,India,LRPL Taylor,GD Elliott,P Kumar,0,0,,,,,,caught,LRPL Taylor,,
456665,2010,2010-08-25,Rangiri Dambulla International Stadium,2,4.5,New Zealand,India,SB Styris,GD Elliott,P Kumar,0,0,,,,,,,,,
456665,2010,2010-08-25,Rangiri Dambulla International Stadium,2,4.6,New Zealand,India,SB Styris,GD Elliott,P Kumar,0,0,,,,,,,,,
456665,2010,2010-08-25,Rangiri Dambulla International Stadium,2,5.1,New Zealand,India,GD Elliott,SB Styris,A Nehra,0,0,,,,,,,,,
456665,2010,2010-08-25,Rangiri Dambulla International Stadium,2,5.2,New Zealand,India,GD Elliott,SB Styris,A Nehra,0,0,,,,,,,,,
456665,2010,2010-08-25,Rangiri Dambulla International Stadium,2,5.3,New Zealand,India,GD Elliott,SB Styris,A Nehra,0,0,,,,,,,,,
456665,2010,2010-08-25,Rangiri Dambulla International Stadium,2,5.4,New Zealand,India,GD Elliott,SB Styris,A Nehra,0,0,,,,,,,,,
456665,2010,2010-08-25,Rangiri Dambulla International Stadium,2,5.5,New Zealand,India,GD Elliott,SB Styris,A Nehra,0,1,1,,,,,,,,
456665,2010,2010-08-25,Rangiri Dambulla International Stadium,2,5.6,New Zealand,India,GD Elliott,SB Styris,A Nehra,0,0,,,,,,,,,
456665,2010,2010-08-25,Rangiri Dambulla International Stadium,2,5.7,New Zealand,India,GD Elliott,SB Styris,A Nehra,0,1,1,,,,,,,,
456665,2010,2010-08-25,Rangiri Dambulla International Stadium,2,5.8,New Zealand,India,GD Elliott,SB Styris,A Nehra,0,0,,,,,,,,,
456665,2010,2010-08-25,Rangiri Dambulla International Stadium,2,6.1,New Zealand,India,SB Styris,GD Elliott,P Kumar,0,0,,,,,,,,,
456665,2010,2010-08-25,Rangiri Dambulla International Stadium,2,6.2,New Zealand,India,SB Styris,GD Elliott,P Kumar,0,2,,,,2,,,,,
456665,2010,2010-08-25,Rangiri Dambulla International Stadium,2,6.3,New Zealand,India,SB Styris,GD Elliott,P Kumar,0,0,,,,,,,,,
456665,2010,2010-08-25,Rangiri Dambulla International Stadium,2,6.4,New Zealand,India,SB Styris,GD Elliott,P Kumar,0,0,,,,,,,,,
456665,2010,2010-08-25,Rangiri Dambulla International Stadium,2,6.5,New Zealand,India,SB Styris,GD Elliott,P Kumar,0,0,,,,,,,,,
456665,2010,2010-08-25,Rangiri Dambulla International Stadium,2,6.6,New Zealand,India,SB Styris,GD Elliott,P Kumar,0,0,,,,,,,,,
456665,2010,2010-08-25,Rangiri Dambulla International Stadium,2,7.1,New Zealand,India,GD Elliott,SB Styris,MM Patel,0,1,1,,,,,,,,
456665,2010,2010-08-25,Rangiri Dambulla International Stadium,2,7.2,New Zealand,India,GD Elliott,SB Styris,MM Patel,0,0,,,,,,,,,
456665,2010,2010-08-25,Rangiri Dambulla International Stadium,2,7.3,New Zealand,India,GD Elliott,SB Styris,MM Patel,0,1,1,,,,,,,,
456665,2010,2010-08-25,Rangiri Dambulla International Stadium,2,7.4,New Zealand,India,GD Elliott,SB Styris,MM Patel,0,0,,,,,,,,,
456665,2010,2010-08-25,Rangiri Dambulla International Stadium,2,7.5,New Zealand,India,GD Elliott,SB Styris,MM Patel,0,0,,,,,,,,,
456665,2010,2010-08-25,Rangiri Dambulla International Stadium,2,7.6,New Zealand,India,GD Elliott,SB Styris,MM Patel,1,0,,,,,,,,,
456665,2010,2010-08-25,Rangiri Dambulla International Stadium,2,7.7,New Zealand,India,SB Styris,GD Elliott,MM Patel,0,0,,,,,,,,,
456665,2010,2010-08-25,Rangiri Dambulla International Stadium,2,7.8,New Zealand,India,SB Styris,GD Elliott,MM Patel,1,0,,,,,,,,,
456665,2010,2010-08-25,Rangiri Dambulla International Stadium,2,8.1,New Zealand,India,SB Styris,GD Elliott,P Kumar,0,0,,,,,,,,,
456665,2010,2010-08-25,Rangiri Dambulla International Stadium,2,8.2,New Zealand,India,SB Styris,GD Elliott,P Kumar,0,0,,,,,,,,,
456665,2010,2010-08-25,Rangiri Dambulla International Stadium,2,8.3,New Zealand,India,SB Styris,GD Elliott,P Kumar,0,0,,,,,,,,,
456665,2010,2010-08-25,Rangiri Dambulla International Stadium,2,8.4,New Zealand,India,SB Styris,GD Elliott,P Kumar,0,0,,,,,,,,,
456665,2010,2010-08-25,Rangiri Dambulla International Stadium,2,8.5,New Zealand,India,SB Styris,GD Elliott,P Kumar,0,0,,,,,,bowled,SB Styris,,
456665,2010,2010-08-25,Rangiri Dambulla International Stadium,2,8.6,New Zealand,India,KS Williamson,GD Elliott,P Kumar,0,1,,,,1,,,,,
456665,2010,2010-08-25,Rangiri Dambulla International Stadium,2,9.1,New Zealand,India,KS Williamson,GD Elliott,A Nehra,0,0,,,,,,,,,
456665,2010,2010-08-25,Rangiri Dambulla International Stadium,2,9.2,New Zealand,India,KS Williamson,GD Elliott,A Nehra,1,0,,,,,,,,,
456665,2010,2010-08-25,Rangiri Dambulla International Stadium,2,9.3,New Zealand,India,GD Elliott,KS Williamson,A Nehra,0,0,,,,,,,,,
456665,2010,2010-08-25,Rangiri Dambulla International Stadium,2,9.4,New Zealand,India,GD Elliott,KS Williamson,A Nehra,0,0,,,,,,,,,
456665,2010,2010-08-25,Rangiri Dambulla International Stadium,2,9.5,New Zealand,India,GD Elliott,KS Williamson,A Nehra,0,0,,,,,,,,,
456665,2010,2010-08-25,Rangiri Dambulla International Stadium,2,9.6,New Zealand,India,GD Elliott,KS Williamson,A Nehra,0,0,,,,,,,,,
456665,2010,2010-08-25,Rangiri Dambulla International Stadium,2,10.1,New Zealand,India,KS Williamson,GD Elliott,P Kumar,0,0,,,,,,,,,
456665,2010,2010-08-25,Rangiri Dambulla International Stadium,2,10.2,New Zealand,India,KS Williamson,GD Elliott,P Kumar,0,0,,,,,,,,,
456665,2010,2010-08-25,Rangiri Dambulla International Stadium,2,10.3,New Zealand,India,KS Williamson,GD Elliott,P Kumar,2,0,,,,,,,,,
456665,2010,2010-08-25,Rangiri Dambulla International Stadium,2,10.4,New Zealand,India,KS Williamson,GD Elliott,P Kumar,0,0,,,,,,,,,
456665,2010,2010-08-25,Rangiri Dambulla International Stadium,2,10.5,New Zealand,India,KS Williamson,GD Elliott,P Kumar,1,0,,,,,,,,,
456665,2010,2010-08-25,Rangiri Dambulla International Stadium,2,10.6,New Zealand,India,GD Elliott,KS Williamson,P Kumar,0,0,,,,,,,,,
456665,2010,2010-08-25,Rangiri Dambulla International Stadium,2,11.1,New Zealand,India,KS Williamson,GD Elliott,A Nehra,0,0,,,,,,,,,
456665,2010,2010-08-25,Rangiri Dambulla International Stadium,2,11.2,New Zealand,India,KS Williamson,GD Elliott,A Nehra,0,0,,,,,,,,,
456665,2010,2010-08-25,Rangiri Dambulla International Stadium,2,11.3,New Zealand,India,KS Williamson,GD Elliott,A Nehra,0,1,,,,1,,,,,
456665,2010,2010-08-25,Rangiri Dambulla International Stadium,2,11.4,New Zealand,India,GD Elliott,KS Williamson,A Nehra,0,0,,,,,,,,,
456665,2010,2010-08-25,Rangiri Dambulla International Stadium,2,11.5,New Zealand,India,GD Elliott,KS Williamson,A Nehra,1,0,,,,,,,,,
456665,2010,2010-08-25,Rangiri Dambulla International Stadium,2,11.6,New Zealand,India,KS Williamson,GD Elliott,A Nehra,1,0,,,,,,,,,
456665,2010,2010-08-25,Rangiri Dambulla International Stadium,2,12.1,New Zealand,India,KS Williamson,GD Elliott,MM Patel,0,0,,,,,,,,,
456665,2010,2010-08-25,Rangiri Dambulla International Stadium,2,12.2,New Zealand,India,KS Williamson,GD Elliott,MM Patel,0,0,,,,,,,,,
456665,2010,2010-08-25,Rangiri Dambulla International Stadium,2,12.3,New Zealand,India,KS Williamson,GD Elliott,MM Patel,2,0,,,,,,,,,
456665,2010,2010-08-25,Rangiri Dambulla International Stadium,2,12.4,New Zealand,India,KS Williamson,GD Elliott,MM Patel,4,0,,,,,,,,,
456665,2010,2010-08-25,Rangiri Dambulla International Stadium,2,12.5,New Zealand,India,KS Williamson,GD Elliott,MM Patel,0,0,,,,,,,,,
456665,2010,2010-08-25,Rangiri Dambulla International Stadium,2,12.6,New Zealand,India,KS Williamson,GD Elliott,MM Patel,2,0,,,,,,,,,
456665,2010,2010-08-25,Rangiri Dambulla International Stadium,2,13.1,New Zealand,India,GD Elliott,KS Williamson,I Sharma,0,0,,,,,,,,,
456665,2010,2010-08-25,Rangiri Dambulla International Stadium,2,13.2,New Zealand,India,GD Elliott,KS Williamson,I Sharma,1,0,,,,,,,,,
456665,2010,2010-08-25,Rangiri Dambulla International Stadium,2,13.3,New Zealand,India,KS Williamson,GD Elliott,I Sharma,0,0,,,,,,,,,
456665,2010,2010-08-25,Rangiri Dambulla International Stadium,2,13.4,New Zealand,India,KS Williamson,GD Elliott,I Sharma,0,0,,,,,,,,,
456665,2010,2010-08-25,Rangiri Dambulla International Stadium,2,13.5,New Zealand,India,KS Williamson,GD Elliott,I Sharma,0,0,,,,,,,,,
456665,2010,2010-08-25,Rangiri Dambulla International Stadium,2,13.6,New Zealand,India,KS Williamson,GD Elliott,I Sharma,0,0,,,,,,,,,
456665,2010,2010-08-25,Rangiri Dambulla International Stadium,2,14.1,New Zealand,India,GD Elliott,KS Williamson,MM Patel,0,0,,,,,,,,,
456665,2010,2010-08-25,Rangiri Dambulla International Stadium,2,14.2,New Zealand,India,GD Elliott,KS Williamson,MM Patel,0,0,,,,,,,,,
456665,2010,2010-08-25,Rangiri Dambulla International Stadium,2,14.3,New Zealand,India,GD Elliott,KS Williamson,MM Patel,0,0,,,,,,,,,
456665,2010,2010-08-25,Rangiri Dambulla International Stadium,2,14.4,New Zealand,India,GD Elliott,KS Williamson,MM Patel,1,0,,,,,,,,,
456665,2010,2010-08-25,Rangiri Dambulla International Stadium,2,14.5,New Zealand,India,KS Williamson,GD Elliott,MM Patel,0,0,,,,,,,,,
456665,2010,2010-08-25,Rangiri Dambulla International Stadium,2,14.6,New Zealand,India,KS Williamson,GD Elliott,MM Patel,0,0,,,,,,,,,
456665,2010,2010-08-25,Rangiri Dambulla International Stadium,2,15.1,New Zealand,India,GD Elliott,KS Williamson,I Sharma,0,0,,,,,,,,,
456665,2010,2010-08-25,Rangiri Dambulla International Stadium,2,15.2,New Zealand,India,GD Elliott,KS Williamson,I Sharma,1,0,,,,,,,,,
456665,2010,2010-08-25,Rangiri Dambulla International Stadium,2,15.3,New Zealand,India,KS Williamson,GD Elliott,I Sharma,0,0,,,,,,,,,
456665,2010,2010-08-25,Rangiri Dambulla International Stadium,2,15.4,New Zealand,India,KS Williamson,GD Elliott,I Sharma,0,0,,,,,,,,,
456665,2010,2010-08-25,Rangiri Dambulla International Stadium,2,15.5,New Zealand,India,KS Williamson,GD Elliott,I Sharma,0,0,,,,,,bowled,KS Williamson,,
456665,2010,2010-08-25,Rangiri Dambulla International Stadium,2,15.6,New Zealand,India,GJ Hopkins,GD Elliott,I Sharma,0,0,,,,,,,,,
456665,2010,2010-08-25,Rangiri Dambulla International Stadium,2,16.1,New Zealand,India,GD Elliott,GJ Hopkins,MM Patel,1,0,,,,,,,,,
456665,2010,2010-08-25,Rangiri Dambulla International Stadium,2,16.2,New Zealand,India,GJ Hopkins,GD Elliott,MM Patel,0,0,,,,,,,,,
456665,2010,2010-08-25,Rangiri Dambulla International Stadium,2,16.3,New Zealand,India,GJ Hopkins,GD Elliott,MM Patel,0,0,,,,,,,,,
456665,2010,2010-08-25,Rangiri Dambulla International Stadium,2,16.4,New Zealand,India,GJ Hopkins,GD Elliott,MM Patel,0,0,,,,,,,,,
456665,2010,2010-08-25,Rangiri Dambulla International Stadium,2,16.5,New Zealand,India,GJ Hopkins,GD Elliott,MM Patel,0,0,,,,,,lbw,GJ Hopkins,,
456665,2010,2010-08-25,Rangiri Dambulla International Stadium,2,16.6,New Zealand,India,NL McCullum,GD Elliott,MM Patel,0,1,1,,,,,,,,
456665,2010,2010-08-25,Rangiri Dambulla International Stadium,2,16.7,New Zealand,India,NL McCullum,GD Elliott,MM Patel,0,0,,,,,,,,,
456665,2010,2010-08-25,Rangiri Dambulla International Stadium,2,17.1,New Zealand,India,GD Elliott,NL McCullum,I Sharma,0,0,,,,,,,,,
456665,2010,2010-08-25,Rangiri Dambulla International Stadium,2,17.2,New Zealand,India,GD Elliott,NL McCullum,I Sharma,0,0,,,,,,,,,
456665,2010,2010-08-25,Rangiri Dambulla International Stadium,2,17.3,New Zealand,India,GD Elliott,NL McCullum,I Sharma,0,0,,,,,,,,,
456665,2010,2010-08-25,Rangiri Dambulla International Stadium,2,17.4,New Zealand,India,GD Elliott,NL McCullum,I Sharma,0,0,,,,,,,,,
456665,2010,2010-08-25,Rangiri Dambulla International Stadium,2,17.5,New Zealand,India,GD Elliott,NL McCullum,I Sharma,0,0,,,,,,,,,
456665,2010,2010-08-25,Rangiri Dambulla International Stadium,2,17.6,New Zealand,India,GD Elliott,NL McCullum,I Sharma,0,0,,,,,,,,,
456665,2010,2010-08-25,Rangiri Dambulla International Stadium,2,18.1,New Zealand,India,NL McCullum,GD Elliott,MM Patel,0,0,,,,,,,,,
456665,2010,2010-08-25,Rangiri Dambulla International Stadium,2,18.2,New Zealand,India,NL McCullum,GD Elliott,MM Patel,0,0,,,,,,,,,
456665,2010,2010-08-25,Rangiri Dambulla International Stadium,2,18.3,New Zealand,India,NL McCullum,GD Elliott,MM Patel,0,0,,,,,,,,,
456665,2010,2010-08-25,Rangiri Dambulla International Stadium,2,18.4,New Zealand,India,NL McCullum,GD Elliott,MM Patel,0,0,,,,,,,,,
456665,2010,2010-08-25,Rangiri Dambulla International Stadium,2,18.5,New Zealand,India,NL McCullum,GD Elliott,MM Patel,0,0,,,,,,,,,
456665,2010,2010-08-25,Rangiri Dambulla International Stadium,2,18.6,New Zealand,India,NL McCullum,GD Elliott,MM Patel,0,0,,,,,,,,,
456665,2010,2010-08-25,Rangiri Dambulla International Stadium,2,19.1,New Zealand,India,GD Elliott,NL McCullum,I Sharma,1,0,,,,,,,,,
456665,2010,2010-08-25,Rangiri Dambulla International Stadium,2,19.2,New Zealand,India,NL McCullum,GD Elliott,I Sharma,2,0,,,,,,,,,
456665,2010,2010-08-25,Rangiri Dambulla International Stadium,2,19.3,New Zealand,India,NL McCullum,GD Elliott,I Sharma,0,0,,,,,,,,,
456665,2010,2010-08-25,Rangiri Dambulla International Stadium,2,19.4,New Zealand,India,NL McCullum,GD Elliott,I Sharma,1,0,,,,,,,,,
456665,2010,2010-08-25,Rangiri Dambulla International Stadium,2,19.5,New Zealand,India,GD Elliott,NL McCullum,I Sharma,4,0,,,,,,,,,
456665,2010,2010-08-25,Rangiri Dambulla International Stadium,2,19.6,New Zealand,India,GD Elliott,NL McCullum,I Sharma,0,0,,,,,,,,,
456665,2010,2010-08-25,Rangiri Dambulla International Stadium,2,20.1,New Zealand,India,NL McCullum,GD Elliott,MM Patel,0,0,,,,,,,,,
456665,2010,2010-08-25,Rangiri Dambulla International Stadium,2,20.2,New Zealand,India,NL McCullum,GD Elliott,MM Patel,0,0,,,,,,,,,
456665,2010,2010-08-25,Rangiri Dambulla International Stadium,2,20.3,New Zealand,India,NL McCullum,GD Elliott,MM Patel,0,0,,,,,,,,,
456665,2010,2010-08-25,Rangiri Dambulla International Stadium,2,20.4,New Zealand,India,NL McCullum,GD Elliott,MM Patel,1,0,,,,,,,,,
456665,2010,2010-08-25,Rangiri Dambulla International Stadium,2,20.5,New Zealand,India,GD Elliott,NL McCullum,MM Patel,0,0,,,,,,lbw,GD Elliott,,
456665,2010,2010-08-25,Rangiri Dambulla International Stadium,2,20.6,New Zealand,India,KD Mills,NL McCullum,MM Patel,0,0,,,,,,,,,
456665,2010,2010-08-25,Rangiri Dambulla International Stadium,2,21.1,New Zealand,India,NL McCullum,KD Mills,I Sharma,0,0,,,,,,,,,
456665,2010,2010-08-25,Rangiri Dambulla International Stadium,2,21.2,New Zealand,India,NL McCullum,KD Mills,I Sharma,1,0,,,,,,,,,
456665,2010,2010-08-25,Rangiri Dambulla International Stadium,2,21.3,New Zealand,India,KD Mills,NL McCullum,I Sharma,0,0,,,,,,,,,
456665,2010,2010-08-25,Rangiri Dambulla International Stadium,2,21.4,New Zealand,India,KD Mills,NL McCullum,I Sharma,0,0,,,,,,,,,
456665,2010,2010-08-25,Rangiri Dambulla International Stadium,2,21.5,New Zealand,India,KD Mills,NL McCullum,I Sharma,0,0,,,,,,,,,
456665,2010,2010-08-25,Rangiri Dambulla International Stadium,2,21.6,New Zealand,India,KD Mills,NL McCullum,I Sharma,0,0,,,,,,,,,
456665,2010,2010-08-25,Rangiri Dambulla International Stadium,2,22.1,New Zealand,India,NL McCullum,KD Mills,MM Patel,0,0,,,,,,,,,
456665,2010,2010-08-25,Rangiri Dambulla International Stadium,2,22.2,New Zealand,India,NL McCullum,KD Mills,MM Patel,0,0,,,,,,caught,NL McCullum,,
456665,2010,2010-08-25,Rangiri Dambulla International Stadium,2,22.3,New Zealand,India,KD Mills,TG Southee,MM Patel,1,0,,,,,,,,,
456665,2010,2010-08-25,Rangiri Dambulla International Stadium,2,22.4,New Zealand,India,TG Southee,KD Mills,MM Patel,0,0,,,,,,,,,
456665,2010,2010-08-25,Rangiri Dambulla International Stadium,2,22.5,New Zealand,India,TG Southee,KD Mills,MM Patel,4,0,,,,,,,,,
456665,2010,2010-08-25,Rangiri Dambulla International Stadium,2,22.6,New Zealand,India,TG Southee,KD Mills,MM Patel,0,0,,,,,,,,,
456665,2010,2010-08-25,Rangiri Dambulla International Stadium,2,23.1,New Zealand,India,KD Mills,TG Southee,I Sharma,4,0,,,,,,,,,
456665,2010,2010-08-25,Rangiri Dambulla International Stadium,2,23.2,New Zealand,India,KD Mills,TG Southee,I Sharma,4,0,,,,,,,,,
456665,2010,2010-08-25,Rangiri Dambulla International Stadium,2,23.3,New Zealand,India,KD Mills,TG Southee,I Sharma,4,0,,,,,,,,,
456665,2010,2010-08-25,Rangiri Dambulla International Stadium,2,23.4,New Zealand,India,KD Mills,TG Southee,I Sharma,0,0,,,,,,,,,
456665,2010,2010-08-25,Rangiri Dambulla International Stadium,2,23.5,New Zealand,India,KD Mills,TG Southee,I Sharma,0,0,,,,,,,,,
456665,2010,2010-08-25,Rangiri Dambulla International Stadium,2,23.6,New Zealand,India,KD Mills,TG Southee,I Sharma,4,0,,,,,,,,,
456665,2010,2010-08-25,Rangiri Dambulla International Stadium,2,24.1,New Zealand,India,TG Southee,KD Mills,RA Jadeja,6,0,,,,,,,,,
456665,2010,2010-08-25,Rangiri Dambulla International Stadium,2,24.2,New Zealand,India,TG Southee,KD Mills,RA Jadeja,0,0,,,,,,caught,TG Southee,,
456665,2010,2010-08-25,Rangiri Dambulla International Stadium,2,24.3,New Zealand,India,KD Mills,AJ McKay,RA Jadeja,0,0,,,,,,,,,
456665,2010,2010-08-25,Rangiri Dambulla International Stadium,2,24.4,New Zealand,India,KD Mills,AJ McKay,RA Jadeja,0,0,,,,,,,,,
456665,2010,2010-08-25,Rangiri Dambulla International Stadium,2,24.5,New Zealand,India,KD Mills,AJ McKay,RA Jadeja,0,0,,,,,,,,,
456665,2010,2010-08-25,Rangiri Dambulla International Stadium,2,24.6,New Zealand,India,KD Mills,AJ McKay,RA Jadeja,0,0,,,,,,,,,
456665,2010,2010-08-25,Rangiri Dambulla International Stadium,2,25.1,New Zealand,India,AJ McKay,KD Mills,P Kumar,1,0,,,,,,,,,
456665,2010,2010-08-25,Rangiri Dambulla International Stadium,2,25.2,New Zealand,India,KD Mills,AJ McKay,P Kumar,1,0,,,,,,,,,
456665,2010,2010-08-25,Rangiri Dambulla International Stadium,2,25.3,New Zealand,India,AJ McKay,KD Mills,P Kumar,0,0,,,,,,,,,
456665,2010,2010-08-25,Rangiri Dambulla International Stadium,2,25.4,New Zealand,India,AJ McKay,KD Mills,P Kumar,0,0,,,,,,,,,
456665,2010,2010-08-25,Rangiri Dambulla International Stadium,2,25.5,New Zealand,India,AJ McKay,KD Mills,P Kumar,0,0,,,,,,,,,
456665,2010,2010-08-25,Rangiri Dambulla International Stadium,2,25.6,New Zealand,India,AJ McKay,KD Mills,P Kumar,0,0,,,,,,,,,
456665,2010,2010-08-25,Rangiri Dambulla International Stadium,2,26.1,New Zealand,India,KD Mills,AJ McKay,RA Jadeja,0,0,,,,,,,,,
456665,2010,2010-08-25,Rangiri Dambulla International Stadium,2,26.2,New Zealand,India,KD Mills,AJ McKay,RA Jadeja,6,0,,,,,,,,,
456665,2010,2010-08-25,Rangiri Dambulla International Stadium,2,26.3,New Zealand,India,KD Mills,AJ McKay,RA Jadeja,6,0,,,,,,,,,
456665,2010,2010-08-25,Rangiri Dambulla International Stadium,2,26.4,New Zealand,India,KD Mills,AJ McKay,RA Jadeja,0,0,,,,,,,,,
456665,2010,2010-08-25,Rangiri Dambulla International Stadium,2,26.5,New Zealand,India,KD Mills,AJ McKay,RA Jadeja,1,0,,,,,,,,,
456665,2010,2010-08-25,Rangiri Dambulla International Stadium,2,26.6,New Zealand,India,AJ McKay,KD Mills,RA Jadeja,0,0,,,,,,,,,
456665,2010,2010-08-25,Rangiri Dambulla International Stadium,2,27.1,New Zealand,India,KD Mills,AJ McKay,P Kumar,4,0,,,,,,,,,
456665,2010,2010-08-25,Rangiri Dambulla International Stadium,2,27.2,New Zealand,India,KD Mills,AJ McKay,P Kumar,6,0,,,,,,,,,
456665,2010,2010-08-25,Rangiri Dambulla International Stadium,2,27.3,New Zealand,India,KD Mills,AJ McKay,P Kumar,2,0,,,,,,,,,
456665,2010,2010-08-25,Rangiri Dambulla International Stadium,2,27.4,New Zealand,India,KD Mills,AJ McKay,P Kumar,0,0,,,,,,,,,
456665,2010,2010-08-25,Rangiri Dambulla International Stadium,2,27.5,New Zealand,India,KD Mills,AJ McKay,P Kumar,4,0,,,,,,,,,
456665,2010,2010-08-25,Rangiri Dambulla International Stadium,2,27.6,New Zealand,India,KD Mills,AJ McKay,P Kumar,1,0,,,,,,,,,
456665,2010,2010-08-25,Rangiri Dambulla International Stadium,2,28.1,New Zealand,India,KD Mills,AJ McKay,A Nehra,0,0,,,,,,,,,
456665,2010,2010-08-25,Rangiri Dambulla International Stadium,2,28.2,New Zealand,India,KD Mills,AJ McKay,A Nehra,0,0,,,,,,,,,
456665,2010,2010-08-25,Rangiri Dambulla International Stadium,2,28.3,New Zealand,India,KD Mills,AJ McKay,A Nehra,0,0,,,,,,,,,
456665,2010,2010-08-25,Rangiri Dambulla International Stadium,2,28.4,New Zealand,India,KD Mills,AJ McKay,A Nehra,4,0,,,,,,,,,
456665,2010,2010-08-25,Rangiri Dambulla International Stadium,2,28.5,New Zealand,India,KD Mills,AJ McKay,A Nehra,0,0,,,,,,,,,
456665,2010,2010-08-25,Rangiri Dambulla International Stadium,2,28.6,New Zealand,India,KD Mills,AJ McKay,A Nehra,0,0,,,,,,,,,
456665,2010,2010-08-25,Rangiri Dambulla International Stadium,2,29.1,New Zealand,India,AJ McKay,KD Mills,RA Jadeja,0,0,,,,,,,,,
456665,2010,2010-08-25,Rangiri Dambulla International Stadium,2,29.2,New Zealand,India,AJ McKay,KD Mills,RA Jadeja,2,0,,,,,,,,,
456665,2010,2010-08-25,Rangiri Dambulla International Stadium,2,29.3,New Zealand,India,AJ McKay,KD Mills,RA Jadeja,0,0,,,,,,,,,
456665,2010,2010-08-25,Rangiri Dambulla International Stadium,2,29.4,New Zealand,India,AJ McKay,KD Mills,RA Jadeja,0,0,,,,,,,,,
456665,2010,2010-08-25,Rangiri Dambulla International Stadium,2,29.5,New Zealand,India,AJ McKay,KD Mills,RA Jadeja,0,0,,,,,,,,,
456665,2010,2010-08-25,Rangiri Dambulla International Stadium,2,29.6,New Zealand,India,AJ McKay,KD Mills,RA Jadeja,0,0,,,,,,,,,
456665,2010,2010-08-25,Rangiri Dambulla International Stadium,2,30.1,New Zealand,India,KD Mills,AJ McKay,A Nehra,0,0,,,,,,caught,KD Mills,,
