version,2.1.0
info,balls_per_over,6
info,team,Sri Lanka
info,team,India
info,gender,male
info,season,2010
info,date,2010/08/28
info,event,Sri Lanka Triangular Series
info,venue,Rangiri Dambulla International Stadium
info,city,
info,toss_winner,Sri Lanka
info,toss_decision,bat
info,player_of_match,TM Dilshan
info,umpire,Asad Rauf
info,umpire,EAR de Silva
info,reserve_umpire,SH Sarathkumara
info,tv_umpire,TH Wijewardene
info,match_referee,AG Hurst
info,winner,Sri Lanka
info,winner_runs,74
info,player,India,V Sehwag
info,player,India,KD Karthik
info,player,India,V Kohli
info,player,India,Yuvraj Singh
info,player,India,MS Dhoni
info,player,India,SK Raina
info,player,India,RG Sharma
info,player,India,P Kumar
info,player,India,I Sharma
info,player,India,A Nehra
info,player,India,MM Patel
info,player,Sri Lanka,DPMD Jayawardene
info,player,Sri Lanka,TM Dilshan
info,player,Sri Lanka,WU Tharanga
info,player,Sri Lanka,KC Sangakkara
info,player,Sri Lanka,CK Kapugedera
info,player,Sri Lanka,AD Mathews
info,player,Sri Lanka,LPC Silva
info,player,Sri Lanka,NLTC Perera
info,player,Sri Lanka,S Randiv
info,player,Sri Lanka,KMDN Kulasekara
info,player,Sri Lanka,SL Malinga
info,registry,people,A Nehra,96fd40ae
info,registry,people,AD Mathews,896d78ad
info,registry,people,AG Hurst,ad7945c6
info,registry,people,Asad Rauf,861606b7
info,registry,people,CK Kapugedera,cfad138c
info,registry,people,DPMD Jayawardene,d18f9182
info,registry,people,EAR de Silva,dc63f509
info,registry,people,I Sharma,5bb1a1c4
info,registry,people,KC Sangakkara,6b71e6cf
info,registry,people,KD Karthik,c03f1114
info,registry,people,KMDN Kulasekara,469ea22b
info,registry,people,LPC Silva,1be70c88
info,registry,people,MM Patel,f0f628c7
info,registry,people,MS Dhoni,4a8a2e3b
info,registry,people,NLTC Perera,0f12f9df
info,registry,people,P Kumar,e938e1bc
info,registry,people,RG Sharma,740742ef
info,registry,people,S Randiv,f5f18a18
info,registry,people,SH Sarathkumara,0fd94db3
info,registry,people,SK Raina,1dc12ab9
info,registry,people,SL Malinga,a12e1d51
info,registry,people,TH Wijewardene,6a6be119
info,registry,people,TM Dilshan,5bdcdb72
info,registry,people,V Kohli,ba607b88
info,registry,people,V Sehwag,8ba8195d
info,registry,people,WU Tharanga,7ed9fd56
info,registry,people,Yuvraj Singh,1c914163
