match_id,season,start_date,venue,innings,ball,batting_team,bowling_team,striker,non_striker,bowler,runs_off_bat,extras,wides,noballs,byes,legbyes,penalty,wicket_type,player_dismissed,other_wicket_type,other_player_dismissed
456662,2010,2010-08-10,Rangiri Dambulla International Stadium,1,0.1,New Zealand,India,PJ Ingram,MJ Guptill,P Kumar,0,0,,,,,,,,,
456662,2010,2010-08-10,Rangiri Dambulla International Stadium,1,0.2,New Zealand,India,PJ Ingram,MJ Guptill,P Kumar,0,0,,,,,,,,,
456662,2010,2010-08-10,Rangiri Dambulla International Stadium,1,0.3,New Zealand,India,PJ Ingram,MJ Guptill,P Kumar,0,0,,,,,,,,,
456662,2010,2010-08-10,Rangiri Dambulla International Stadium,1,0.4,New Zealand,India,PJ Ingram,MJ Guptill,P Kumar,4,0,,,,,,,,,
456662,2010,2010-08-10,Rangiri Dambulla International Stadium,1,0.5,New Zealand,India,PJ Ingram,MJ Guptill,P Kumar,0,0,,,,,,,,,
456662,2010,2010-08-10,Rangiri Dambulla International Stadium,1,0.6,New Zealand,India,PJ Ingram,MJ Guptill,P Kumar,0,0,,,,,,,,,
456662,2010,2010-08-10,Rangiri Dambulla International Stadium,1,1.1,New Zealand,India,MJ Guptill,PJ Ingram,A Nehra,2,0,,,,,,,,,
456662,2010,2010-08-10,Rangiri Dambulla International Stadium,1,1.2,New Zealand,India,MJ Guptill,PJ Ingram,A Nehra,4,0,,,,,,,,,
456662,2010,2010-08-10,Rangiri Dambulla International Stadium,1,1.3,New Zealand,India,MJ Guptill,PJ Ingram,A Nehra,1,0,,,,,,,,,
456662,2010,2010-08-10,Rangiri Dambulla International Stadium,1,1.4,New Zealand,India,PJ Ingram,MJ Guptill,A Nehra,0,0,,,,,,,,,
456662,2010,2010-08-10,Rangiri Dambulla International Stadium,1,1.5,New Zealand,India,PJ Ingram,MJ Guptill,A Nehra,0,0,,,,,,,,,
456662,2010,2010-08-10,Rangiri Dambulla International Stadium,1,1.6,New Zealand,India,PJ Ingram,MJ Guptill,A Nehra,0,0,,,,,,,,,
456662,2010,2010-08-10,Rangiri Dambulla International Stadium,1,2.1,New Zealand,India,MJ Guptill,PJ Ingram,P Kumar,4,0,,,,,,,,,
456662,2010,2010-08-10,Rangiri Dambulla International Stadium,1,2.2,New Zealand,India,MJ Guptill,PJ Ingram,P Kumar,0,0,,,,,,,,,
456662,2010,2010-08-10,Rangiri Dambulla International Stadium,1,2.3,New Zealand,India,MJ Guptill,PJ Ingram,P Kumar,0,0,,,,,,caught,MJ Guptill,,
456662,2010,2010-08-10,Rangiri Dambulla International Stadium,1,2.4,New Zealand,India,LRPL Taylor,PJ Ingram,P Kumar,0,0,,,,,,,,,
456662,2010,2010-08-10,Rangiri Dambulla International Stadium,1,2.5,New Zealand,India,LRPL Taylor,PJ Ingram,P Kumar,1,0,,,,,,,,,
456662,2010,2010-08-10,Rangiri Dambulla International Stadium,1,2.6,New Zealand,India,PJ Ingram,LRPL Taylor,P Kumar,0,0,,,,,,,,,
456662,2010,2010-08-10,Rangiri Dambulla International Stadium,1,3.1,New Zealand,India,LRPL Taylor,PJ Ingram,A Nehra,0,0,,,,,,,,,
456662,2010,2010-08-10,Rangiri Dambulla International Stadium,1,3.2,New Zealand,India,LRPL Taylor,PJ Ingram,A Nehra,0,0,,,,,,,,,
456662,2010,2010-08-10,Rangiri Dambulla International Stadium,1,3.3,New Zealand,India,LRPL Taylor,PJ Ingram,A Nehra,0,0,,,,,,,,,
456662,2010,2010-08-10,Rangiri Dambulla International Stadium,1,3.4,New Zealand,India,LRPL Taylor,PJ Ingram,A Nehra,0,0,,,,,,,,,
456662,2010,2010-08-10,Rangiri Dambulla International Stadium,1,3.5,New Zealand,India,LRPL Taylor,PJ Ingram,A Nehra,0,1,,,,1,,,,,
456662,2010,2010-08-10,Rangiri Dambulla International Stadium,1,3.6,New Zealand,India,PJ Ingram,LRPL Taylor,A Nehra,1,0,,,,,,,,,
456662,2010,2010-08-10,Rangiri Dambulla International Stadium,1,4.1,New Zealand,India,PJ Ingram,LRPL Taylor,P Kumar,0,0,,,,,,,,,
456662,2010,2010-08-10,Rangiri Dambulla International Stadium,1,4.2,New Zealand,India,PJ Ingram,LRPL Taylor,P Kumar,4,0,,,,,,,,,
456662,2010,2010-08-10,Rangiri Dambulla International Stadium,1,4.3,New Zealand,India,PJ Ingram,LRPL Taylor,P Kumar,2,0,,,,,,,,,
456662,2010,2010-08-10,Rangiri Dambulla International Stadium,1,4.4,New Zealand,India,PJ Ingram,LRPL Taylor,P Kumar,1,0,,,,,,,,,
456662,2010,2010-08-10,Rangiri Dambulla International Stadium,1,4.5,New Zealand,India,LRPL Taylor,PJ Ingram,P Kumar,2,0,,,,,,,,,
456662,2010,2010-08-10,Rangiri Dambulla International Stadium,1,4.6,New Zealand,India,LRPL Taylor,PJ Ingram,P Kumar,0,0,,,,,,,,,
456662,2010,2010-08-10,Rangiri Dambulla International Stadium,1,5.1,New Zealand,India,PJ Ingram,LRPL Taylor,A Nehra,0,0,,,,,,,,,
456662,2010,2010-08-10,Rangiri Dambulla International Stadium,1,5.2,New Zealand,India,PJ Ingram,LRPL Taylor,A Nehra,0,0,,,,,,caught,PJ Ingram,,
456662,2010,2010-08-10,Rangiri Dambulla International Stadium,1,5.3,New Zealand,India,KS Williamson,LRPL Taylor,A Nehra,0,0,,,,,,,,,
456662,2010,2010-08-10,Rangiri Dambulla International Stadium,1,5.4,New Zealand,India,KS Williamson,LRPL Taylor,A Nehra,0,0,,,,,,,,,
456662,2010,2010-08-10,Rangiri Dambulla International Stadium,1,5.5,New Zealand,India,KS Williamson,LRPL Taylor,A Nehra,0,0,,,,,,,,,
456662,2010,2010-08-10,Rangiri Dambulla International Stadium,1,5.6,New Zealand,India,KS Williamson,LRPL Taylor,A Nehra,0,1,,,,1,,,,,
456662,2010,2010-08-10,Rangiri Dambulla International Stadium,1,6.1,New Zealand,India,KS Williamson,LRPL Taylor,P Kumar,0,0,,,,,,,,,
456662,2010,2010-08-10,Rangiri Dambulla International Stadium,1,6.2,New Zealand,India,KS Williamson,LRPL Taylor,P Kumar,0,0,,,,,,,,,
456662,2010,2010-08-10,Rangiri Dambulla International Stadium,1,6.3,New Zealand,India,KS Williamson,LRPL Taylor,P Kumar,0,0,,,,,,,,,
456662,2010,2010-08-10,Rangiri Dambulla International Stadium,1,6.4,New Zealand,India,KS Williamson,LRPL Taylor,P Kumar,0,0,,,,,,,,,
456662,2010,2010-08-10,Rangiri Dambulla International Stadium,1,6.5,New Zealand,India,KS Williamson,LRPL Taylor,P Kumar,0,0,,,,,,bowled,KS Williamson,,
456662,2010,2010-08-10,Rangiri Dambulla International Stadium,1,6.6,New Zealand,India,SB Styris,LRPL Taylor,P Kumar,0,0,,,,,,,,,
456662,2010,2010-08-10,Rangiri Dambulla International Stadium,1,7.1,New Zealand,India,LRPL Taylor,SB Styris,A Nehra,1,0,,,,,,,,,
456662,2010,2010-08-10,Rangiri Dambulla International Stadium,1,7.2,New Zealand,India,SB Styris,LRPL Taylor,A Nehra,0,0,,,,,,,,,
456662,2010,2010-08-10,Rangiri Dambulla International Stadium,1,7.3,New Zealand,India,SB Styris,LRPL Taylor,A Nehra,1,0,,,,,,,,,
456662,2010,2010-08-10,Rangiri Dambulla International Stadium,1,7.4,New Zealand,India,LRPL Taylor,SB Styris,A Nehra,0,0,,,,,,,,,
456662,2010,2010-08-10,Rangiri Dambulla International Stadium,1,7.5,New Zealand,India,LRPL Taylor,SB Styris,A Nehra,0,0,,,,,,,,,
456662,2010,2010-08-10,Rangiri Dambulla International Stadium,1,7.6,New Zealand,India,LRPL Taylor,SB Styris,A Nehra,0,0,,,,,,,,,
456662,2010,2010-08-10,Rangiri Dambulla International Stadium,1,8.1,New Zealand,India,SB Styris,LRPL Taylor,P Kumar,0,0,,,,,,,,,
456662,2010,2010-08-10,Rangiri Dambulla International Stadium,1,8.2,New Zealand,India,SB Styris,LRPL Taylor,P Kumar,0,0,,,,,,,,,
456662,2010,2010-08-10,Rangiri Dambulla International Stadium,1,8.3,New Zealand,India,SB Styris,LRPL Taylor,P Kumar,0,0,,,,,,,,,
456662,2010,2010-08-10,Rangiri Dambulla International Stadium,1,8.4,New Zealand,India,SB Styris,LRPL Taylor,P Kumar,0,0,,,,,,,,,
456662,2010,2010-08-10,Rangiri Dambulla International Stadium,1,8.5,New Zealand,India,SB Styris,LRPL Taylor,P Kumar,0,0,,,,,,,,,
456662,2010,2010-08-10,Rangiri Dambulla International Stadium,1,8.6,New Zealand,India,SB Styris,LRPL Taylor,P Kumar,0,0,,,,,,,,,
456662,2010,2010-08-10,Rangiri Dambulla International Stadium,1,9.1,New Zealand,India,LRPL Taylor,SB Styris,A Mithun,0,1,1,,,,,,,,
456662,2010,2010-08-10,Rangiri Dambulla International Stadium,1,9.2,New Zealand,India,LRPL Taylor,SB Styris,A Mithun,0,0,,,,,,,,,
456662,2010,2010-08-10,Rangiri Dambulla International Stadium,1,9.3,New Zealand,India,LRPL Taylor,SB Styris,A Mithun,1,0,,,,,,,,,
456662,2010,2010-08-10,Rangiri Dambulla International Stadium,1,9.4,New Zealand,India,SB Styris,LRPL Taylor,A Mithun,2,0,,,,,,,,,
456662,2010,2010-08-10,Rangiri Dambulla International Stadium,1,9.5,New Zealand,India,SB Styris,LRPL Taylor,A Mithun,0,0,,,,,,,,,
456662,2010,2010-08-10,Rangiri Dambulla International Stadium,1,9.6,New Zealand,India,SB Styris,LRPL Taylor,A Mithun,0,0,,,,,,,,,
456662,2010,2010-08-10,Rangiri Dambulla International Stadium,1,9.7,New Zealand,India,SB Styris,LRPL Taylor,A Mithun,0,0,,,,,,,,,
456662,2010,2010-08-10,Rangiri Dambulla International Stadium,1,10.1,New Zealand,India,LRPL Taylor,SB Styris,P Kumar,0,0,,,,,,,,,
456662,2010,2010-08-10,Rangiri Dambulla International Stadium,1,10.2,New Zealand,India,LRPL Taylor,SB Styris,P Kumar,0,0,,,,,,,,,
456662,2010,2010-08-10,Rangiri Dambulla International Stadium,1,10.3,New Zealand,India,LRPL Taylor,SB Styris,P Kumar,0,0,,,,,,,,,
456662,2010,2010-08-10,Rangiri Dambulla International Stadium,1,10.4,New Zealand,India,LRPL Taylor,SB Styris,P Kumar,0,0,,,,,,,,,
456662,2010,2010-08-10,Rangiri Dambulla International Stadium,1,10.5,New Zealand,India,LRPL Taylor,SB Styris,P Kumar,0,0,,,,,,,,,
456662,2010,2010-08-10,Rangiri Dambulla International Stadium,1,10.6,New Zealand,India,LRPL Taylor,SB Styris,P Kumar,0,0,,,,,,,,,
456662,2010,2010-08-10,Rangiri Dambulla International Stadium,1,11.1,New Zealand,India,SB Styris,LRPL Taylor,A Mithun,0,4,,,,4,,,,,
456662,2010,2010-08-10,Rangiri Dambulla International Stadium,1,11.2,New Zealand,India,SB Styris,LRPL Taylor,A Mithun,0,0,,,,,,,,,
456662,2010,2010-08-10,Rangiri Dambulla International Stadium,1,11.3,New Zealand,India,SB Styris,LRPL Taylor,A Mithun,0,0,,,,,,,,,
456662,2010,2010-08-10,Rangiri Dambulla International Stadium,1,11.4,New Zealand,India,SB Styris,LRPL Taylor,A Mithun,1,0,,,,,,,,,
456662,2010,2010-08-10,Rangiri Dambulla International Stadium,1,11.5,New Zealand,India,LRPL Taylor,SB Styris,A Mithun,0,0,,,,,,,,,
456662,2010,2010-08-10,Rangiri Dambulla International Stadium,1,11.6,New Zealand,India,LRPL Taylor,SB Styris,A Mithun,2,0,,,,,,,,,
456662,2010,2010-08-10,Rangiri Dambulla International Stadium,1,12.1,New Zealand,India,SB Styris,LRPL Taylor,P Kumar,0,0,,,,,,,,,
456662,2010,2010-08-10,Rangiri Dambulla International Stadium,1,12.2,New Zealand,India,SB Styris,LRPL Taylor,P Kumar,0,0,,,,,,,,,
456662,2010,2010-08-10,Rangiri Dambulla International Stadium,1,12.3,New Zealand,India,SB Styris,LRPL Taylor,P Kumar,0,0,,,,,,,,,
456662,2010,2010-08-10,Rangiri Dambulla International Stadium,1,12.4,New Zealand,India,SB Styris,LRPL Taylor,P Kumar,1,0,,,,,,,,,
456662,2010,2010-08-10,Rangiri Dambulla International Stadium,1,12.5,New Zealand,India,LRPL Taylor,SB Styris,P Kumar,4,0,,,,,,,,,
456662,2010,2010-08-10,Rangiri Dambulla International Stadium,1,12.6,New Zealand,India,LRPL Taylor,SB Styris,P Kumar,0,1,1,,,,,,,,
456662,2010,2010-08-10,Rangiri Dambulla International Stadium,1,12.7,New Zealand,India,LRPL Taylor,SB Styris,P Kumar,0,0,,,,,,,,,
456662,2010,2010-08-10,Rangiri Dambulla International Stadium,1,13.1,New Zealand,India,SB Styris,LRPL Taylor,A Mithun,1,0,,,,,,,,,
456662,2010,2010-08-10,Rangiri Dambulla International Stadium,1,13.2,New Zealand,India,LRPL Taylor,SB Styris,A Mithun,1,0,,,,,,,,,
456662,2010,2010-08-10,Rangiri Dambulla International Stadium,1,13.3,New Zealand,India,SB Styris,LRPL Taylor,A Mithun,0,0,,,,,,,,,
456662,2010,2010-08-10,Rangiri Dambulla International Stadium,1,13.4,New Zealand,India,SB Styris,LRPL Taylor,A Mithun,0,0,,,,,,,,,
456662,2010,2010-08-10,Rangiri Dambulla International Stadium,1,13.5,New Zealand,India,SB Styris,LRPL Taylor,A Mithun,3,0,,,,,,,,,
456662,2010,2010-08-10,Rangiri Dambulla International Stadium,1,13.6,New Zealand,India,LRPL Taylor,SB Styris,A Mithun,0,0,,,,,,,,,
456662,2010,2010-08-10,Rangiri Dambulla International Stadium,1,14.1,New Zealand,India,SB Styris,LRPL Taylor,PP Ojha,0,0,,,,,,,,,
456662,2010,2010-08-10,Rangiri Dambulla International Stadium,1,14.2,New Zealand,India,SB Styris,LRPL Taylor,PP Ojha,1,0,,,,,,,,,
456662,2010,2010-08-10,Rangiri Dambulla International Stadium,1,14.3,New Zealand,India,LRPL Taylor,SB Styris,PP Ojha,1,0,,,,,,,,,
456662,2010,2010-08-10,Rangiri Dambulla International Stadium,1,14.4,New Zealand,India,SB Styris,LRPL Taylor,PP Ojha,1,0,,,,,,,,,
456662,2010,2010-08-10,Rangiri Dambulla International Stadium,1,14.5,New Zealand,India,LRPL Taylor,SB Styris,PP Ojha,0,0,,,,,,,,,
456662,2010,2010-08-10,Rangiri Dambulla International Stadium,1,14.6,New Zealand,India,LRPL Taylor,SB Styris,PP Ojha,1,0,,,,,,,,,
456662,2010,2010-08-10,Rangiri Dambulla International Stadium,1,15.1,New Zealand,India,LRPL Taylor,SB Styris,A Mithun,0,1,1,,,,,,,,
456662,2010,2010-08-10,Rangiri Dambulla International Stadium,1,15.2,New Zealand,India,LRPL Taylor,SB Styris,A Mithun,0,0,,,,,,,,,
456662,2010,2010-08-10,Rangiri Dambulla International Stadium,1,15.3,New Zealand,India,LRPL Taylor,SB Styris,A Mithun,4,0,,,,,,,,,
456662,2010,2010-08-10,Rangiri Dambulla International Stadium,1,15.4,New Zealand,India,LRPL Taylor,SB Styris,A Mithun,1,0,,,,,,,,,
456662,2010,2010-08-10,Rangiri Dambulla International Stadium,1,15.5,New Zealand,India,SB Styris,LRPL Taylor,A Mithun,4,0,,,,,,,,,
456662,2010,2010-08-10,Rangiri Dambulla International Stadium,1,15.6,New Zealand,India,SB Styris,LRPL Taylor,A Mithun,0,1,1,,,,,,,,
456662,2010,2010-08-10,Rangiri Dambulla International Stadium,1,15.7,New Zealand,India,SB Styris,LRPL Taylor,A Mithun,1,0,,,,,,,,,
456662,2010,2010-08-10,Rangiri Dambulla International Stadium,1,15.8,New Zealand,India,LRPL Taylor,SB Styris,A Mithun,0,1,,,,1,,,,,
456662,2010,2010-08-10,Rangiri Dambulla International Stadium,1,16.1,New Zealand,India,LRPL Taylor,SB Styris,PP Ojha,0,0,,,,,,,,,
456662,2010,2010-08-10,Rangiri Dambulla International Stadium,1,16.2,New Zealand,India,LRPL Taylor,SB Styris,PP Ojha,0,0,,,,,,,,,
456662,2010,2010-08-10,Rangiri Dambulla International Stadium,1,16.3,New Zealand,India,LRPL Taylor,SB Styris,PP Ojha,0,0,,,,,,,,,
456662,2010,2010-08-10,Rangiri Dambulla International Stadium,1,16.4,New Zealand,India,LRPL Taylor,SB Styris,PP Ojha,2,0,,,,,,,,,
456662,2010,2010-08-10,Rangiri Dambulla International Stadium,1,16.5,New Zealand,India,LRPL Taylor,SB Styris,PP Ojha,0,0,,,,,,,,,
456662,2010,2010-08-10,Rangiri Dambulla International Stadium,1,16.6,New Zealand,India,LRPL Taylor,SB Styris,PP Ojha,1,0,,,,,,,,,
456662,2010,2010-08-10,Rangiri Dambulla International Stadium,1,17.1,New Zealand,India,LRPL Taylor,SB Styris,RA Jadeja,0,0,,,,,,,,,
456662,2010,2010-08-10,Rangiri Dambulla International Stadium,1,17.2,New Zealand,India,LRPL Taylor,SB Styris,RA Jadeja,2,0,,,,,,,,,
456662,2010,2010-08-10,Rangiri Dambulla International Stadium,1,17.3,New Zealand,India,LRPL Taylor,SB Styris,RA Jadeja,0,0,,,,,,,,,
456662,2010,2010-08-10,Rangiri Dambulla International Stadium,1,17.4,New Zealand,India,LRPL Taylor,SB Styris,RA Jadeja,4,0,,,,,,,,,
456662,2010,2010-08-10,Rangiri Dambulla International Stadium,1,17.5,New Zealand,India,LRPL Taylor,SB Styris,RA Jadeja,0,0,,,,,,,,,
456662,2010,2010-08-10,Rangiri Dambulla International Stadium,1,17.6,New Zealand,India,LRPL Taylor,SB Styris,RA Jadeja,4,0,,,,,,,,,
456662,2010,2010-08-10,Rangiri Dambulla International Stadium,1,18.1,New Zealand,India,SB Styris,LRPL Taylor,PP Ojha,0,0,,,,,,,,,
456662,2010,2010-08-10,Rangiri Dambulla International Stadium,1,18.2,New Zealand,India,SB Styris,LRPL Taylor,PP Ojha,0,1,,,1,,,,,,
456662,2010,2010-08-10,Rangiri Dambulla International Stadium,1,18.3,New Zealand,India,LRPL Taylor,SB Styris,PP Ojha,0,0,,,,,,,,,
456662,2010,2010-08-10,Rangiri Dambulla International Stadium,1,18.4,New Zealand,India,LRPL Taylor,SB Styris,PP Ojha,0,0,,,,,,,,,
456662,2010,2010-08-10,Rangiri Dambulla International Stadium,1,18.5,New Zealand,India,LRPL Taylor,SB Styris,PP Ojha,1,0,,,,,,,,,
456662,2010,2010-08-10,Rangiri Dambulla International Stadium,1,18.6,New Zealand,India,SB Styris,LRPL Taylor,PP Ojha,0,0,,,,,,,,,
456662,2010,2010-08-10,Rangiri Dambulla International Stadium,1,19.1,New Zealand,India,LRPL Taylor,SB Styris,Yuvraj Singh,1,0,,,,,,,,,
456662,2010,2010-08-10,Rangiri Dambulla International Stadium,1,19.2,New Zealand,India,SB Styris,LRPL Taylor,Yuvraj Singh,1,0,,,,,,,,,
456662,2010,2010-08-10,Rangiri Dambulla International Stadium,1,19.3,New Zealand,India,LRPL Taylor,SB Styris,Yuvraj Singh,2,0,,,,,,,,,
456662,2010,2010-08-10,Rangiri Dambulla International Stadium,1,19.4,New Zealand,India,LRPL Taylor,SB Styris,Yuvraj Singh,0,0,,,,,,,,,
456662,2010,2010-08-10,Rangiri Dambulla International Stadium,1,19.5,New Zealand,India,LRPL Taylor,SB Styris,Yuvraj Singh,1,0,,,,,,,,,
456662,2010,2010-08-10,Rangiri Dambulla International Stadium,1,19.6,New Zealand,India,SB Styris,LRPL Taylor,Yuvraj Singh,1,0,,,,,,,,,
456662,2010,2010-08-10,Rangiri Dambulla International Stadium,1,20.1,New Zealand,India,SB Styris,LRPL Taylor,PP Ojha,2,0,,,,,,,,,
456662,2010,2010-08-10,Rangiri Dambulla International Stadium,1,20.2,New Zealand,India,SB Styris,LRPL Taylor,PP Ojha,1,0,,,,,,,,,
456662,2010,2010-08-10,Rangiri Dambulla International Stadium,1,20.3,New Zealand,India,LRPL Taylor,SB Styris,PP Ojha,0,0,,,,,,,,,
456662,2010,2010-08-10,Rangiri Dambulla International Stadium,1,20.4,New Zealand,India,LRPL Taylor,SB Styris,PP Ojha,2,0,,,,,,,,,
456662,2010,2010-08-10,Rangiri Dambulla International Stadium,1,20.5,New Zealand,India,LRPL Taylor,SB Styris,PP Ojha,4,0,,,,,,,,,
456662,2010,2010-08-10,Rangiri Dambulla International Stadium,1,20.6,New Zealand,India,LRPL Taylor,SB Styris,PP Ojha,0,0,,,,,,,,,
456662,2010,2010-08-10,Rangiri Dambulla International Stadium,1,21.1,New Zealand,India,SB Styris,LRPL Taylor,Yuvraj Singh,1,0,,,,,,,,,
456662,2010,2010-08-10,Rangiri Dambulla International Stadium,1,21.2,New Zealand,India,LRPL Taylor,SB Styris,Yuvraj Singh,1,0,,,,,,,,,
456662,2010,2010-08-10,Rangiri Dambulla International Stadium,1,21.3,New Zealand,India,SB Styris,LRPL Taylor,Yuvraj Singh,1,0,,,,,,,,,
456662,2010,2010-08-10,Rangiri Dambulla International Stadium,1,21.4,New Zealand,India,LRPL Taylor,SB Styris,Yuvraj Singh,1,0,,,,,,,,,
456662,2010,2010-08-10,Rangiri Dambulla International Stadium,1,21.5,New Zealand,India,SB Styris,LRPL Taylor,Yuvraj Singh,1,0,,,,,,,,,
456662,2010,2010-08-10,Rangiri Dambulla International Stadium,1,21.6,New Zealand,India,LRPL Taylor,SB Styris,Yuvraj Singh,0,0,,,,,,,,,
456662,2010,2010-08-10,Rangiri Dambulla International Stadium,1,22.1,New Zealand,India,SB Styris,LRPL Taylor,PP Ojha,0,0,,,,,,,,,
456662,2010,2010-08-10,Rangiri Dambulla International Stadium,1,22.2,New Zealand,India,SB Styris,LRPL Taylor,PP Ojha,1,0,,,,,,,,,
456662,2010,2010-08-10,Rangiri Dambulla International Stadium,1,22.3,New Zealand,India,LRPL Taylor,SB Styris,PP Ojha,1,0,,,,,,,,,
456662,2010,2010-08-10,Rangiri Dambulla International Stadium,1,22.4,New Zealand,India,SB Styris,LRPL Taylor,PP Ojha,0,0,,,,,,,,,
456662,2010,2010-08-10,Rangiri Dambulla International Stadium,1,22.5,New Zealand,India,SB Styris,LRPL Taylor,PP Ojha,4,0,,,,,,,,,
456662,2010,2010-08-10,Rangiri Dambulla International Stadium,1,22.6,New Zealand,India,SB Styris,LRPL Taylor,PP Ojha,4,0,,,,,,,,,
456662,2010,2010-08-10,Rangiri Dambulla International Stadium,1,23.1,New Zealand,India,LRPL Taylor,SB Styris,Yuvraj Singh,1,0,,,,,,,,,
456662,2010,2010-08-10,Rangiri Dambulla International Stadium,1,23.2,New Zealand,India,SB Styris,LRPL Taylor,Yuvraj Singh,0,0,,,,,,,,,
456662,2010,2010-08-10,Rangiri Dambulla International Stadium,1,23.3,New Zealand,India,SB Styris,LRPL Taylor,Yuvraj Singh,1,0,,,,,,,,,
456662,2010,2010-08-10,Rangiri Dambulla International Stadium,1,23.4,New Zealand,India,LRPL Taylor,SB Styris,Yuvraj Singh,1,0,,,,,,,,,
456662,2010,2010-08-10,Rangiri Dambulla International Stadium,1,23.5,New Zealand,India,SB Styris,LRPL Taylor,Yuvraj Singh,1,0,,,,,,,,,
456662,2010,2010-08-10,Rangiri Dambulla International Stadium,1,23.6,New Zealand,India,LRPL Taylor,SB Styris,Yuvraj Singh,1,0,,,,,,,,,
456662,2010,2010-08-10,Rangiri Dambulla International Stadium,1,24.1,New Zealand,India,LRPL Taylor,SB Styris,V Sehwag,1,0,,,,,,,,,
456662,2010,2010-08-10,Rangiri Dambulla International Stadium,1,24.2,New Zealand,India,SB Styris,LRPL Taylor,V Sehwag,1,0,,,,,,,,,
456662,2010,2010-08-10,Rangiri Dambulla International Stadium,1,24.3,New Zealand,India,LRPL Taylor,SB Styris,V Sehwag,0,0,,,,,,,,,
456662,2010,2010-08-10,Rangiri Dambulla International Stadium,1,24.4,New Zealand,India,LRPL Taylor,SB Styris,V Sehwag,0,0,,,,,,,,,
456662,2010,2010-08-10,Rangiri Dambulla International Stadium,1,24.5,New Zealand,India,LRPL Taylor,SB Styris,V Sehwag,1,0,,,,,,,,,
456662,2010,2010-08-10,Rangiri Dambulla International Stadium,1,24.6,New Zealand,India,SB Styris,LRPL Taylor,V Sehwag,1,0,,,,,,,,,
456662,2010,2010-08-10,Rangiri Dambulla International Stadium,1,25.1,New Zealand,India,SB Styris,LRPL Taylor,RA Jadeja,4,0,,,,,,,,,
456662,2010,2010-08-10,Rangiri Dambulla International Stadium,1,25.2,New Zealand,India,SB Styris,LRPL Taylor,RA Jadeja,0,0,,,,,,,,,
456662,2010,2010-08-10,Rangiri Dambulla International Stadium,1,25.3,New Zealand,India,SB Styris,LRPL Taylor,RA Jadeja,0,0,,,,,,,,,
456662,2010,2010-08-10,Rangiri Dambulla International Stadium,1,25.4,New Zealand,India,SB Styris,LRPL Taylor,RA Jadeja,1,0,,,,,,,,,
456662,2010,2010-08-10,Rangiri Dambulla International Stadium,1,25.5,New Zealand,India,LRPL Taylor,SB Styris,RA Jadeja,0,0,,,,,,,,,
456662,2010,2010-08-10,Rangiri Dambulla International Stadium,1,25.6,New Zealand,India,LRPL Taylor,SB Styris,RA Jadeja,0,0,,,,,,,,,
456662,2010,2010-08-10,Rangiri Dambulla International Stadium,1,26.1,New Zealand,India,SB Styris,LRPL Taylor,V Sehwag,2,0,,,,,,,,,
456662,2010,2010-08-10,Rangiri Dambulla International Stadium,1,26.2,New Zealand,India,SB Styris,LRPL Taylor,V Sehwag,1,0,,,,,,,,,
456662,2010,2010-08-10,Rangiri Dambulla International Stadium,1,26.3,New Zealand,India,LRPL Taylor,SB Styris,V Sehwag,0,0,,,,,,,,,
456662,2010,2010-08-10,Rangiri Dambulla International Stadium,1,26.4,New Zealand,India,LRPL Taylor,SB Styris,V Sehwag,0,0,,,,,,,,,
456662,2010,2010-08-10,Rangiri Dambulla International Stadium,1,26.5,New Zealand,India,LRPL Taylor,SB Styris,V Sehwag,0,0,,,,,,,,,
456662,2010,2010-08-10,Rangiri Dambulla International Stadium,1,26.6,New Zealand,India,LRPL Taylor,SB Styris,V Sehwag,1,0,,,,,,,,,
456662,2010,2010-08-10,Rangiri Dambulla International Stadium,1,27.1,New Zealand,India,LRPL Taylor,SB Styris,RA Jadeja,1,0,,,,,,,,,
456662,2010,2010-08-10,Rangiri Dambulla International Stadium,1,27.2,New Zealand,India,SB Styris,LRPL Taylor,RA Jadeja,1,0,,,,,,,,,
456662,2010,2010-08-10,Rangiri Dambulla International Stadium,1,27.3,New Zealand,India,LRPL Taylor,SB Styris,RA Jadeja,1,0,,,,,,,,,
456662,2010,2010-08-10,Rangiri Dambulla International Stadium,1,27.4,New Zealand,India,SB Styris,LRPL Taylor,RA Jadeja,0,0,,,,,,,,,
456662,2010,2010-08-10,Rangiri Dambulla International Stadium,1,27.5,New Zealand,India,SB Styris,LRPL Taylor,RA Jadeja,0,0,,,,,,,,,
456662,2010,2010-08-10,Rangiri Dambulla International Stadium,1,27.6,New Zealand,India,SB Styris,LRPL Taylor,RA Jadeja,1,0,,,,,,,,,
456662,2010,2010-08-10,Rangiri Dambulla International Stadium,1,28.1,New Zealand,India,SB Styris,LRPL Taylor,V Sehwag,0,0,,,,,,,,,
456662,2010,2010-08-10,Rangiri Dambulla International Stadium,1,28.2,New Zealand,India,SB Styris,LRPL Taylor,V Sehwag,0,1,1,,,,,,,,
456662,2010,2010-08-10,Rangiri Dambulla International Stadium,1,28.3,New Zealand,India,SB Styris,LRPL Taylor,V Sehwag,0,0,,,,,,,,,
456662,2010,2010-08-10,Rangiri Dambulla International Stadium,1,28.4,New Zealand,India,SB Styris,LRPL Taylor,V Sehwag,1,0,,,,,,,,,
456662,2010,2010-08-10,Rangiri Dambulla International Stadium,1,28.5,New Zealand,India,LRPL Taylor,SB Styris,V Sehwag,6,0,,,,,,,,,
456662,2010,2010-08-10,Rangiri Dambulla International Stadium,1,28.6,New Zealand,India,LRPL Taylor,SB Styris,V Sehwag,0,0,,,,,,,,,
456662,2010,2010-08-10,Rangiri Dambulla International Stadium,1,28.7,New Zealand,India,LRPL Taylor,SB Styris,V Sehwag,1,0,,,,,,,,,
456662,2010,2010-08-10,Rangiri Dambulla International Stadium,1,29.1,New Zealand,India,LRPL Taylor,SB Styris,RA Jadeja,0,1,,,,1,,,,,
456662,2010,2010-08-10,Rangiri Dambulla International Stadium,1,29.2,New Zealand,India,SB Styris,LRPL Taylor,RA Jadeja,1,0,,,,,,,,,
456662,2010,2010-08-10,Rangiri Dambulla International Stadium,1,29.3,New Zealand,India,LRPL Taylor,SB Styris,RA Jadeja,1,0,,,,,,,,,
456662,2010,2010-08-10,Rangiri Dambulla International Stadium,1,29.4,New Zealand,India,SB Styris,LRPL Taylor,RA Jadeja,0,0,,,,,,,,,
456662,2010,2010-08-10,Rangiri Dambulla International Stadium,1,29.5,New Zealand,India,SB Styris,LRPL Taylor,RA Jadeja,2,0,,,,,,,,,
456662,2010,2010-08-10,Rangiri Dambulla International Stadium,1,29.6,New Zealand,India,SB Styris,LRPL Taylor,RA Jadeja,0,0,,,,,,,,,
456662,2010,2010-08-10,Rangiri Dambulla International Stadium,1,30.1,New Zealand,India,LRPL Taylor,SB Styris,PP Ojha,1,0,,,,,,,,,
456662,2010,2010-08-10,Rangiri Dambulla International Stadium,1,30.2,New Zealand,India,SB Styris,LRPL Taylor,PP Ojha,0,0,,,,,,,,,
456662,2010,2010-08-10,Rangiri Dambulla International Stadium,1,30.3,New Zealand,India,SB Styris,LRPL Taylor,PP Ojha,0,0,,,,,,,,,
456662,2010,2010-08-10,Rangiri Dambulla International Stadium,1,30.4,New Zealand,India,SB Styris,LRPL Taylor,PP Ojha,1,0,,,,,,,,,
456662,2010,2010-08-10,Rangiri Dambulla International Stadium,1,30.5,New Zealand,India,LRPL Taylor,SB Styris,PP Ojha,0,0,,,,,,,,,
456662,2010,2010-08-10,Rangiri Dambulla International Stadium,1,30.6,New Zealand,India,LRPL Taylor,SB Styris,PP Ojha,0,0,,,,,,,,,
456662,2010,2010-08-10,Rangiri Dambulla International Stadium,1,31.1,New Zealand,India,SB Styris,LRPL Taylor,RA Jadeja,4,0,,,,,,,,,
456662,2010,2010-08-10,Rangiri Dambulla International Stadium,1,31.2,New Zealand,India,SB Styris,LRPL Taylor,RA Jadeja,4,0,,,,,,,,,
456662,2010,2010-08-10,Rangiri Dambulla International Stadium,1,31.3,New Zealand,India,SB Styris,LRPL Taylor,RA Jadeja,0,0,,,,,,,,,
456662,2010,2010-08-10,Rangiri Dambulla International Stadium,1,31.4,New Zealand,India,SB Styris,LRPL Taylor,RA Jadeja,1,0,,,,,,,,,
456662,2010,2010-08-10,Rangiri Dambulla International Stadium,1,31.5,New Zealand,India,LRPL Taylor,SB Styris,RA Jadeja,0,0,,,,,,,,,
456662,2010,2010-08-10,Rangiri Dambulla International Stadium,1,31.6,New Zealand,India,LRPL Taylor,SB Styris,RA Jadeja,1,0,,,,,,,,,
456662,2010,2010-08-10,Rangiri Dambulla International Stadium,1,32.1,New Zealand,India,LRPL Taylor,SB Styris,PP Ojha,0,0,,,,,,,,,
456662,2010,2010-08-10,Rangiri Dambulla International Stadium,1,32.2,New Zealand,India,LRPL Taylor,SB Styris,PP Ojha,4,0,,,,,,,,,
456662,2010,2010-08-10,Rangiri Dambulla International Stadium,1,32.3,New Zealand,India,LRPL Taylor,SB Styris,PP Ojha,0,0,,,,,,,,,
456662,2010,2010-08-10,Rangiri Dambulla International Stadium,1,32.4,New Zealand,India,LRPL Taylor,SB Styris,PP Ojha,0,1,1,,,,,,,,
456662,2010,2010-08-10,Rangiri Dambulla International Stadium,1,32.5,New Zealand,India,LRPL Taylor,SB Styris,PP Ojha,1,0,,,,,,,,,
456662,2010,2010-08-10,Rangiri Dambulla International Stadium,1,32.6,New Zealand,India,SB Styris,LRPL Taylor,PP Ojha,4,0,,,,,,,,,
456662,2010,2010-08-10,Rangiri Dambulla International Stadium,1,32.7,New Zealand,India,SB Styris,LRPL Taylor,PP Ojha,0,0,,,,,,,,,
456662,2010,2010-08-10,Rangiri Dambulla International Stadium,1,33.1,New Zealand,India,LRPL Taylor,SB Styris,A Nehra,1,0,,,,,,,,,
456662,2010,2010-08-10,Rangiri Dambulla International Stadium,1,33.2,New Zealand,India,SB Styris,LRPL Taylor,A Nehra,0,0,,,,,,,,,
456662,2010,2010-08-10,Rangiri Dambulla International Stadium,1,33.3,New Zealand,India,SB Styris,LRPL Taylor,A Nehra,0,0,,,,,,,,,
456662,2010,2010-08-10,Rangiri Dambulla International Stadium,1,33.4,New Zealand,India,SB Styris,LRPL Taylor,A Nehra,4,0,,,,,,,,,
456662,2010,2010-08-10,Rangiri Dambulla International Stadium,1,33.5,New Zealand,India,SB Styris,LRPL Taylor,A Nehra,2,0,,,,,,,,,
456662,2010,2010-08-10,Rangiri Dambulla International Stadium,1,33.6,New Zealand,India,SB Styris,LRPL Taylor,A Nehra,4,0,,,,,,,,,
456662,2010,2010-08-10,Rangiri Dambulla International Stadium,1,34.1,New Zealand,India,LRPL Taylor,SB Styris,P Kumar,0,0,,,,,,,,,
456662,2010,2010-08-10,Rangiri Dambulla International Stadium,1,34.2,New Zealand,India,LRPL Taylor,SB Styris,P Kumar,4,0,,,,,,,,,
456662,2010,2010-08-10,Rangiri Dambulla International Stadium,1,34.3,New Zealand,India,LRPL Taylor,SB Styris,P Kumar,0,0,,,,,,,,,
456662,2010,2010-08-10,Rangiri Dambulla International Stadium,1,34.4,New Zealand,India,LRPL Taylor,SB Styris,P Kumar,4,0,,,,,,,,,
456662,2010,2010-08-10,Rangiri Dambulla International Stadium,1,34.5,New Zealand,India,LRPL Taylor,SB Styris,P Kumar,1,0,,,,,,,,,
456662,2010,2010-08-10,Rangiri Dambulla International Stadium,1,34.6,New Zealand,India,SB Styris,LRPL Taylor,P Kumar,1,0,,,,,,,,,
456662,2010,2010-08-10,Rangiri Dambulla International Stadium,1,35.1,New Zealand,India,SB Styris,LRPL Taylor,A Nehra,1,0,,,,,,,,,
456662,2010,2010-08-10,Rangiri Dambulla International Stadium,1,35.2,New Zealand,India,LRPL Taylor,SB Styris,A Nehra,1,0,,,,,,,,,
456662,2010,2010-08-10,Rangiri Dambulla International Stadium,1,35.3,New Zealand,India,SB Styris,LRPL Taylor,A Nehra,0,0,,,,,,,,,
456662,2010,2010-08-10,Rangiri Dambulla International Stadium,1,35.4,New Zealand,India,SB Styris,LRPL Taylor,A Nehra,1,0,,,,,,,,,
456662,2010,2010-08-10,Rangiri Dambulla International Stadium,1,35.5,New Zealand,India,LRPL Taylor,SB Styris,A Nehra,0,0,,,,,,,,,
456662,2010,2010-08-10,Rangiri Dambulla International Stadium,1,35.6,New Zealand,India,LRPL Taylor,SB Styris,A Nehra,3,0,,,,,,,,,
456662,2010,2010-08-10,Rangiri Dambulla International Stadium,1,36.1,New Zealand,India,LRPL Taylor,SB Styris,PP Ojha,1,0,,,,,,,,,
456662,2010,2010-08-10,Rangiri Dambulla International Stadium,1,36.2,New Zealand,India,SB Styris,LRPL Taylor,PP Ojha,1,0,,,,,,,,,
456662,2010,2010-08-10,Rangiri Dambulla International Stadium,1,36.3,New Zealand,India,LRPL Taylor,SB Styris,PP Ojha,2,0,,,,,,,,,
456662,2010,2010-08-10,Rangiri Dambulla International Stadium,1,36.4,New Zealand,India,LRPL Taylor,SB Styris,PP Ojha,1,0,,,,,,,,,
456662,2010,2010-08-10,Rangiri Dambulla International Stadium,1,36.5,New Zealand,India,SB Styris,LRPL Taylor,PP Ojha,1,0,,,,,,,,,
456662,2010,2010-08-10,Rangiri Dambulla International Stadium,1,36.6,New Zealand,India,LRPL Taylor,SB Styris,PP Ojha,2,0,,,,,,,,,
456662,2010,2010-08-10,Rangiri Dambulla International Stadium,1,37.1,New Zealand,India,SB Styris,LRPL Taylor,RA Jadeja,0,1,,,,1,,,,,
456662,2010,2010-08-10,Rangiri Dambulla International Stadium,1,37.2,New Zealand,India,LRPL Taylor,SB Styris,RA Jadeja,0,1,,,,1,,,,,
456662,2010,2010-08-10,Rangiri Dambulla International Stadium,1,37.3,New Zealand,India,SB Styris,LRPL Taylor,RA Jadeja,0,0,,,,,,,,,
456662,2010,2010-08-10,Rangiri Dambulla International Stadium,1,37.4,New Zealand,India,SB Styris,LRPL Taylor,RA Jadeja,0,0,,,,,,,,,
456662,2010,2010-08-10,Rangiri Dambulla International Stadium,1,37.5,New Zealand,India,SB Styris,LRPL Taylor,RA Jadeja,2,0,,,,,,,,,
456662,2010,2010-08-10,Rangiri Dambulla International Stadium,1,37.6,New Zealand,India,SB Styris,LRPL Taylor,RA Jadeja,1,0,,,,,,,,,
456662,2010,2010-08-10,Rangiri Dambulla International Stadium,1,38.1,New Zealand,India,SB Styris,LRPL Taylor,PP Ojha,6,0,,,,,,,,,
456662,2010,2010-08-10,Rangiri Dambulla International Stadium,1,38.2,New Zealand,India,SB Styris,LRPL Taylor,PP Ojha,0,0,,,,,,,,,
456662,2010,2010-08-10,Rangiri Dambulla International Stadium,1,38.3,New Zealand,India,SB Styris,LRPL Taylor,PP Ojha,0,0,,,,,,bowled,SB Styris,,
456662,2010,2010-08-10,Rangiri Dambulla International Stadium,1,38.4,New Zealand,India,JDP Oram,LRPL Taylor,PP Ojha,0,0,,,,,,,,,
456662,2010,2010-08-10,Rangiri Dambulla International Stadium,1,38.5,New Zealand,India,JDP Oram,LRPL Taylor,PP Ojha,1,0,,,,,,,,,
456662,2010,2010-08-10,Rangiri Dambulla International Stadium,1,38.6,New Zealand,India,LRPL Taylor,JDP Oram,PP Ojha,0,0,,,,,,,,,
456662,2010,2010-08-10,Rangiri Dambulla International Stadium,1,39.1,New Zealand,India,JDP Oram,LRPL Taylor,RA Jadeja,4,0,,,,,,,,,
456662,2010,2010-08-10,Rangiri Dambulla International Stadium,1,39.2,New Zealand,India,JDP Oram,LRPL Taylor,RA Jadeja,1,0,,,,,,,,,
456662,2010,2010-08-10,Rangiri Dambulla International Stadium,1,39.3,New Zealand,India,LRPL Taylor,JDP Oram,RA Jadeja,1,0,,,,,,,,,
456662,2010,2010-08-10,Rangiri Dambulla International Stadium,1,39.4,New Zealand,India,JDP Oram,LRPL Taylor,RA Jadeja,2,0,,,,,,,,,
456662,2010,2010-08-10,Rangiri Dambulla International Stadium,1,39.5,New Zealand,India,JDP Oram,LRPL Taylor,RA Jadeja,4,0,,,,,,,,,
456662,2010,2010-08-10,Rangiri Dambulla International Stadium,1,39.6,New Zealand,India,JDP Oram,LRPL Taylor,RA Jadeja,1,0,,,,,,,,,
456662,2010,2010-08-10,Rangiri Dambulla International Stadium,1,40.1,New Zealand,India,JDP Oram,LRPL Taylor,A Nehra,1,0,,,,,,,,,
456662,2010,2010-08-10,Rangiri Dambulla International Stadium,1,40.2,New Zealand,India,LRPL Taylor,JDP Oram,A Nehra,2,0,,,,,,,,,
456662,2010,2010-08-10,Rangiri Dambulla International Stadium,1,40.3,New Zealand,India,LRPL Taylor,JDP Oram,A Nehra,1,0,,,,,,,,,
456662,2010,2010-08-10,Rangiri Dambulla International Stadium,1,40.4,New Zealand,India,JDP Oram,LRPL Taylor,A Nehra,0,0,,,,,,,,,
456662,2010,2010-08-10,Rangiri Dambulla International Stadium,1,40.5,New Zealand,India,JDP Oram,LRPL Taylor,A Nehra,0,0,,,,,,lbw,JDP Oram,,
456662,2010,2010-08-10,Rangiri Dambulla International Stadium,1,40.6,New Zealand,India,GD Elliott,LRPL Taylor,A Nehra,1,0,,,,,,,,,
456662,2010,2010-08-10,Rangiri Dambulla International Stadium,1,41.1,New Zealand,India,GD Elliott,LRPL Taylor,PP Ojha,0,0,,,,,,,,,
456662,2010,2010-08-10,Rangiri Dambulla International Stadium,1,41.2,New Zealand,India,GD Elliott,LRPL Taylor,PP Ojha,1,0,,,,,,,,,
456662,2010,2010-08-10,Rangiri Dambulla International Stadium,1,41.3,New Zealand,India,LRPL Taylor,GD Elliott,PP Ojha,1,0,,,,,,,,,
456662,2010,2010-08-10,Rangiri Dambulla International Stadium,1,41.4,New Zealand,India,GD Elliott,LRPL Taylor,PP Ojha,1,0,,,,,,,,,
456662,2010,2010-08-10,Rangiri Dambulla International Stadium,1,41.5,New Zealand,India,LRPL Taylor,GD Elliott,PP Ojha,0,0,,,,,,,,,
456662,2010,2010-08-10,Rangiri Dambulla International Stadium,1,41.6,New Zealand,India,LRPL Taylor,GD Elliott,PP Ojha,1,0,,,,,,,,,
456662,2010,2010-08-10,Rangiri Dambulla International Stadium,1,42.1,New Zealand,India,LRPL Taylor,GD Elliott,A Nehra,0,0,,,,,,,,,
456662,2010,2010-08-10,Rangiri Dambulla International Stadium,1,42.2,New Zealand,India,LRPL Taylor,GD Elliott,A Nehra,0,0,,,,,,lbw,LRPL Taylor,,
456662,2010,2010-08-10,Rangiri Dambulla International Stadium,1,42.3,New Zealand,India,GJ Hopkins,GD Elliott,A Nehra,0,1,1,,,,,,,,
456662,2010,2010-08-10,Rangiri Dambulla International Stadium,1,42.4,New Zealand,India,GJ Hopkins,GD Elliott,A Nehra,1,0,,,,,,,,,
456662,2010,2010-08-10,Rangiri Dambulla International Stadium,1,42.5,New Zealand,India,GD Elliott,GJ Hopkins,A Nehra,0,1,1,,,,,,,,
456662,2010,2010-08-10,Rangiri Dambulla International Stadium,1,42.6,New Zealand,India,GD Elliott,GJ Hopkins,A Nehra,0,0,,,,,,,,,
456662,2010,2010-08-10,Rangiri Dambulla International Stadium,1,42.7,New Zealand,India,GD Elliott,GJ Hopkins,A Nehra,1,0,,,,,,,,,
456662,2010,2010-08-10,Rangiri Dambulla International Stadium,1,42.8,New Zealand,India,GJ Hopkins,GD Elliott,A Nehra,2,0,,,,,,,,,
456662,2010,2010-08-10,Rangiri Dambulla International Stadium,1,43.1,New Zealand,India,GD Elliott,GJ Hopkins,RA Jadeja,2,0,,,,,,,,,
456662,2010,2010-08-10,Rangiri Dambulla International Stadium,1,43.2,New Zealand,India,GD Elliott,GJ Hopkins,RA Jadeja,0,1,,,,1,,,,,
456662,2010,2010-08-10,Rangiri Dambulla International Stadium,1,43.3,New Zealand,India,GJ Hopkins,GD Elliott,RA Jadeja,1,0,,,,,,,,,
456662,2010,2010-08-10,Rangiri Dambulla International Stadium,1,43.4,New Zealand,India,GD Elliott,GJ Hopkins,RA Jadeja,0,0,,,,,,,,,
456662,2010,2010-08-10,Rangiri Dambulla International Stadium,1,43.5,New Zealand,India,GD Elliott,GJ Hopkins,RA Jadeja,0,0,,,,,,,,,
456662,2010,2010-08-10,Rangiri Dambulla International Stadium,1,43.6,New Zealand,India,GD Elliott,GJ Hopkins,RA Jadeja,0,0,,,,,,,,,
456662,2010,2010-08-10,Rangiri Dambulla International Stadium,1,44.1,New Zealand,India,GJ Hopkins,GD Elliott,Yuvraj Singh,1,0,,,,,,,,,
456662,2010,2010-08-10,Rangiri Dambulla International Stadium,1,44.2,New Zealand,India,GD Elliott,GJ Hopkins,Yuvraj Singh,1,0,,,,,,,,,
456662,2010,2010-08-10,Rangiri Dambulla International Stadium,1,44.3,New Zealand,India,GJ Hopkins,GD Elliott,Yuvraj Singh,1,0,,,,,,,,,
456662,2010,2010-08-10,Rangiri Dambulla International Stadium,1,44.4,New Zealand,India,GD Elliott,GJ Hopkins,Yuvraj Singh,0,0,,,,,,stumped,GD Elliott,,
456662,2010,2010-08-10,Rangiri Dambulla International Stadium,1,44.5,New Zealand,India,DR Tuffey,GJ Hopkins,Yuvraj Singh,0,0,,,,,,,,,
456662,2010,2010-08-10,Rangiri Dambulla International Stadium,1,44.6,New Zealand,India,DR Tuffey,GJ Hopkins,Yuvraj Singh,4,0,,,,,,,,,
456662,2010,2010-08-10,Rangiri Dambulla International Stadium,1,45.1,New Zealand,India,GJ Hopkins,DR Tuffey,RA Jadeja,0,0,,,,,,,,,
456662,2010,2010-08-10,Rangiri Dambulla International Stadium,1,45.2,New Zealand,India,GJ Hopkins,DR Tuffey,RA Jadeja,1,0,,,,,,,,,
456662,2010,2010-08-10,Rangiri Dambulla International Stadium,1,45.3,New Zealand,India,DR Tuffey,GJ Hopkins,RA Jadeja,0,0,,,,,,,,,
456662,2010,2010-08-10,Rangiri Dambulla International Stadium,1,45.4,New Zealand,India,DR Tuffey,GJ Hopkins,RA Jadeja,4,0,,,,,,,,,
456662,2010,2010-08-10,Rangiri Dambulla International Stadium,1,45.5,New Zealand,India,DR Tuffey,GJ Hopkins,RA Jadeja,0,0,,,,,,,,,
456662,2010,2010-08-10,Rangiri Dambulla International Stadium,1,45.6,New Zealand,India,DR Tuffey,GJ Hopkins,RA Jadeja,6,0,,,,,,,,,
456662,2010,2010-08-10,Rangiri Dambulla International Stadium,1,46.1,New Zealand,India,GJ Hopkins,DR Tuffey,A Nehra,1,0,,,,,,,,,
456662,2010,2010-08-10,Rangiri Dambulla International Stadium,1,46.2,New Zealand,India,DR Tuffey,GJ Hopkins,A Nehra,0,1,1,,,,,,,,
456662,2010,2010-08-10,Rangiri Dambulla International Stadium,1,46.3,New Zealand,India,DR Tuffey,GJ Hopkins,A Nehra,0,1,,,,1,,,,,
456662,2010,2010-08-10,Rangiri Dambulla International Stadium,1,46.4,New Zealand,India,GJ Hopkins,DR Tuffey,A Nehra,1,0,,,,,,,,,
456662,2010,2010-08-10,Rangiri Dambulla International Stadium,1,46.5,New Zealand,India,DR Tuffey,GJ Hopkins,A Nehra,3,0,,,,,,,,,
456662,2010,2010-08-10,Rangiri Dambulla International Stadium,1,46.6,New Zealand,India,GJ Hopkins,DR Tuffey,A Nehra,1,0,,,,,,,,,
456662,2010,2010-08-10,Rangiri Dambulla International Stadium,1,46.7,New Zealand,India,DR Tuffey,GJ Hopkins,A Nehra,0,0,,,,,,,,,
456662,2010,2010-08-10,Rangiri Dambulla International Stadium,1,47.1,New Zealand,India,GJ Hopkins,DR Tuffey,P Kumar,0,0,,,,,,caught,GJ Hopkins,,
456662,2010,2010-08-10,Rangiri Dambulla International Stadium,1,47.2,New Zealand,India,DR Tuffey,KD Mills,P Kumar,1,0,,,,,,,,,
456662,2010,2010-08-10,Rangiri Dambulla International Stadium,1,47.3,New Zealand,India,KD Mills,DR Tuffey,P Kumar,0,0,,,,,,,,,
456662,2010,2010-08-10,Rangiri Dambulla International Stadium,1,47.4,New Zealand,India,KD Mills,DR Tuffey,P Kumar,4,0,,,,,,,,,
456662,2010,2010-08-10,Rangiri Dambulla International Stadium,1,47.5,New Zealand,India,KD Mills,DR Tuffey,P Kumar,0,0,,,,,,,,,
456662,2010,2010-08-10,Rangiri Dambulla International Stadium,1,47.6,New Zealand,India,KD Mills,DR Tuffey,P Kumar,4,0,,,,,,,,,
456662,2010,2010-08-10,Rangiri Dambulla International Stadium,1,48.1,New Zealand,India,DR Tuffey,KD Mills,A Nehra,0,0,,,,,,,,,
456662,2010,2010-08-10,Rangiri Dambulla International Stadium,1,48.2,New Zealand,India,DR Tuffey,KD Mills,A Nehra,1,0,,,,,,,,,
456662,2010,2010-08-10,Rangiri Dambulla International Stadium,1,48.3,New Zealand,India,KD Mills,DR Tuffey,A Nehra,1,0,,,,,,,,,
456662,2010,2010-08-10,Rangiri Dambulla International Stadium,1,48.4,New Zealand,India,DR Tuffey,KD Mills,A Nehra,0,0,,,,,,caught,DR Tuffey,,
456662,2010,2010-08-10,Rangiri Dambulla International Stadium,1,48.5,New Zealand,India,AJ McKay,KD Mills,A Nehra,0,0,,,,,,run out,KD Mills,,
456662,2010,2010-08-10,Rangiri Dambulla International Stadium,2,0.1,India,New Zealand,KD Karthik,V Sehwag,KD Mills,0,0,,,,,,,,,
456662,2010,2010-08-10,Rangiri Dambulla International Stadium,2,0.2,India,New Zealand,KD Karthik,V Sehwag,KD Mills,0,0,,,,,,,,,
456662,2010,2010-08-10,Rangiri Dambulla International Stadium,2,0.3,India,New Zealand,KD Karthik,V Sehwag,KD Mills,0,0,,,,,,,,,
456662,2010,2010-08-10,Rangiri Dambulla International Stadium,2,0.4,India,New Zealand,KD Karthik,V Sehwag,KD Mills,4,0,,,,,,,,,
456662,2010,2010-08-10,Rangiri Dambulla International Stadium,2,0.5,India,New Zealand,KD Karthik,V Sehwag,KD Mills,2,0,,,,,,,,,
456662,2010,2010-08-10,Rangiri Dambulla International Stadium,2,0.6,India,New Zealand,KD Karthik,V Sehwag,KD Mills,0,0,,,,,,,,,
456662,2010,2010-08-10,Rangiri Dambulla International Stadium,2,1.1,India,New Zealand,V Sehwag,KD Karthik,DR Tuffey,4,0,,,,,,,,,
456662,2010,2010-08-10,Rangiri Dambulla International Stadium,2,1.2,India,New Zealand,V Sehwag,KD Karthik,DR Tuffey,0,0,,,,,,,,,
456662,2010,2010-08-10,Rangiri Dambulla International Stadium,2,1.3,India,New Zealand,V Sehwag,KD Karthik,DR Tuffey,0,0,,,,,,,,,
456662,2010,2010-08-10,Rangiri Dambulla International Stadium,2,1.4,India,New Zealand,V Sehwag,KD Karthik,DR Tuffey,0,0,,,,,,,,,
456662,2010,2010-08-10,Rangiri Dambulla International Stadium,2,1.5,India,New Zealand,V Sehwag,KD Karthik,DR Tuffey,0,0,,,,,,,,,
456662,2010,2010-08-10,Rangiri Dambulla International Stadium,2,1.6,India,New Zealand,V Sehwag,KD Karthik,DR Tuffey,0,0,,,,,,,,,
456662,2010,2010-08-10,Rangiri Dambulla International Stadium,2,2.1,India,New Zealand,KD Karthik,V Sehwag,KD Mills,0,0,,,,,,,,,
456662,2010,2010-08-10,Rangiri Dambulla International Stadium,2,2.2,India,New Zealand,KD Karthik,V Sehwag,KD Mills,0,0,,,,,,,,,
456662,2010,2010-08-10,Rangiri Dambulla International Stadium,2,2.3,India,New Zealand,KD Karthik,V Sehwag,KD Mills,0,0,,,,,,,,,
456662,2010,2010-08-10,Rangiri Dambulla International Stadium,2,2.4,India,New Zealand,KD Karthik,V Sehwag,KD Mills,0,0,,,,,,,,,
456662,2010,2010-08-10,Rangiri Dambulla International Stadium,2,2.5,India,New Zealand,KD Karthik,V Sehwag,KD Mills,0,0,,,,,,,,,
456662,2010,2010-08-10,Rangiri Dambulla International Stadium,2,2.6,India,New Zealand,KD Karthik,V Sehwag,KD Mills,0,0,,,,,,,,,
456662,2010,2010-08-10,Rangiri Dambulla International Stadium,2,3.1,India,New Zealand,V Sehwag,KD Karthik,DR Tuffey,0,0,,,,,,,,,
456662,2010,2010-08-10,Rangiri Dambulla International Stadium,2,3.2,India,New Zealand,V Sehwag,KD Karthik,DR Tuffey,0,0,,,,,,,,,
456662,2010,2010-08-10,Rangiri Dambulla International Stadium,2,3.3,India,New Zealand,V Sehwag,KD Karthik,DR Tuffey,1,0,,,,,,,,,
456662,2010,2010-08-10,Rangiri Dambulla International Stadium,2,3.4,India,New Zealand,KD Karthik,V Sehwag,DR Tuffey,1,0,,,,,,,,,
456662,2010,2010-08-10,Rangiri Dambulla International Stadium,2,3.5,India,New Zealand,V Sehwag,KD Karthik,DR Tuffey,0,0,,,,,,,,,
456662,2010,2010-08-10,Rangiri Dambulla International Stadium,2,3.6,India,New Zealand,V Sehwag,KD Karthik,DR Tuffey,1,0,,,,,,,,,
456662,2010,2010-08-10,Rangiri Dambulla International Stadium,2,4.1,India,New Zealand,V Sehwag,KD Karthik,KD Mills,2,0,,,,,,,,,
456662,2010,2010-08-10,Rangiri Dambulla International Stadium,2,4.2,India,New Zealand,V Sehwag,KD Karthik,KD Mills,4,0,,,,,,,,,
456662,2010,2010-08-10,Rangiri Dambulla International Stadium,2,4.3,India,New Zealand,V Sehwag,KD Karthik,KD Mills,0,0,,,,,,,,,
456662,2010,2010-08-10,Rangiri Dambulla International Stadium,2,4.4,India,New Zealand,V Sehwag,KD Karthik,KD Mills,1,0,,,,,,,,,
456662,2010,2010-08-10,Rangiri Dambulla International Stadium,2,4.5,India,New Zealand,KD Karthik,V Sehwag,KD Mills,1,0,,,,,,,,,
456662,2010,2010-08-10,Rangiri Dambulla International Stadium,2,4.6,India,New Zealand,V Sehwag,KD Karthik,KD Mills,0,1,1,,,,,,,,
456662,2010,2010-08-10,Rangiri Dambulla International Stadium,2,4.7,India,New Zealand,V Sehwag,KD Karthik,KD Mills,0,0,,,,,,,,,
456662,2010,2010-08-10,Rangiri Dambulla International Stadium,2,5.1,India,New Zealand,KD Karthik,V Sehwag,DR Tuffey,0,5,5,,,,,,,,
456662,2010,2010-08-10,Rangiri Dambulla International Stadium,2,5.2,India,New Zealand,KD Karthik,V Sehwag,DR Tuffey,0,0,,,,,,,,,
456662,2010,2010-08-10,Rangiri Dambulla International Stadium,2,5.3,India,New Zealand,KD Karthik,V Sehwag,DR Tuffey,1,0,,,,,,,,,
456662,2010,2010-08-10,Rangiri Dambulla International Stadium,2,5.4,India,New Zealand,V Sehwag,KD Karthik,DR Tuffey,0,0,,,,,,,,,
456662,2010,2010-08-10,Rangiri Dambulla International Stadium,2,5.5,India,New Zealand,V Sehwag,KD Karthik,DR Tuffey,0,0,,,,,,,,,
456662,2010,2010-08-10,Rangiri Dambulla International Stadium,2,5.6,India,New Zealand,V Sehwag,KD Karthik,DR Tuffey,1,0,,,,,,,,,
456662,2010,2010-08-10,Rangiri Dambulla International Stadium,2,5.7,India,New Zealand,KD Karthik,V Sehwag,DR Tuffey,4,0,,,,,,,,,
456662,2010,2010-08-10,Rangiri Dambulla International Stadium,2,6.1,India,New Zealand,V Sehwag,KD Karthik,KD Mills,1,0,,,,,,,,,
456662,2010,2010-08-10,Rangiri Dambulla International Stadium,2,6.2,India,New Zealand,KD Karthik,V Sehwag,KD Mills,0,0,,,,,,,,,
456662,2010,2010-08-10,Rangiri Dambulla International Stadium,2,6.3,India,New Zealand,KD Karthik,V Sehwag,KD Mills,1,0,,,,,,,,,
456662,2010,2010-08-10,Rangiri Dambulla International Stadium,2,6.4,India,New Zealand,V Sehwag,KD Karthik,KD Mills,0,0,,,,,,,,,
456662,2010,2010-08-10,Rangiri Dambulla International Stadium,2,6.5,India,New Zealand,V Sehwag,KD Karthik,KD Mills,4,0,,,,,,,,,
456662,2010,2010-08-10,Rangiri Dambulla International Stadium,2,6.6,India,New Zealand,V Sehwag,KD Karthik,KD Mills,0,0,,,,,,caught,V Sehwag,,
456662,2010,2010-08-10,Rangiri Dambulla International Stadium,2,7.1,India,New Zealand,KD Karthik,RG Sharma,DR Tuffey,0,0,,,,,,lbw,KD Karthik,,
456662,2010,2010-08-10,Rangiri Dambulla International Stadium,2,7.2,India,New Zealand,Yuvraj Singh,RG Sharma,DR Tuffey,0,0,,,,,,,,,
456662,2010,2010-08-10,Rangiri Dambulla International Stadium,2,7.3,India,New Zealand,Yuvraj Singh,RG Sharma,DR Tuffey,1,0,,,,,,,,,
456662,2010,2010-08-10,Rangiri Dambulla International Stadium,2,7.4,India,New Zealand,RG Sharma,Yuvraj Singh,DR Tuffey,0,0,,,,,,,,,
456662,2010,2010-08-10,Rangiri Dambulla International Stadium,2,7.5,India,New Zealand,RG Sharma,Yuvraj Singh,DR Tuffey,0,0,,,,,,,,,
456662,2010,2010-08-10,Rangiri Dambulla International Stadium,2,7.6,India,New Zealand,RG Sharma,Yuvraj Singh,DR Tuffey,3,0,,,,,,,,,
456662,2010,2010-08-10,Rangiri Dambulla International Stadium,2,8.1,India,New Zealand,RG Sharma,Yuvraj Singh,KD Mills,0,0,,,,,,,,,
456662,2010,2010-08-10,Rangiri Dambulla International Stadium,2,8.2,India,New Zealand,RG Sharma,Yuvraj Singh,KD Mills,0,0,,,,,,,,,
456662,2010,2010-08-10,Rangiri Dambulla International Stadium,2,8.3,India,New Zealand,RG Sharma,Yuvraj Singh,KD Mills,0,0,,,,,,,,,
456662,2010,2010-08-10,Rangiri Dambulla International Stadium,2,8.4,India,New Zealand,RG Sharma,Yuvraj Singh,KD Mills,0,0,,,,,,,,,
456662,2010,2010-08-10,Rangiri Dambulla International Stadium,2,8.5,India,New Zealand,RG Sharma,Yuvraj Singh,KD Mills,0,0,,,,,,,,,
456662,2010,2010-08-10,Rangiri Dambulla International Stadium,2,8.6,India,New Zealand,RG Sharma,Yuvraj Singh,KD Mills,1,0,,,,,,,,,
456662,2010,2010-08-10,Rangiri Dambulla International Stadium,2,9.1,India,New Zealand,RG Sharma,Yuvraj Singh,DR Tuffey,0,0,,,,,,,,,
456662,2010,2010-08-10,Rangiri Dambulla International Stadium,2,9.2,India,New Zealand,RG Sharma,Yuvraj Singh,DR Tuffey,0,0,,,,,,caught,RG Sharma,,
456662,2010,2010-08-10,Rangiri Dambulla International Stadium,2,9.3,India,New Zealand,SK Raina,Yuvraj Singh,DR Tuffey,0,0,,,,,,,,,
456662,2010,2010-08-10,Rangiri Dambulla International Stadium,2,9.4,India,New Zealand,SK Raina,Yuvraj Singh,DR Tuffey,0,0,,,,,,,,,
456662,2010,2010-08-10,Rangiri Dambulla International Stadium,2,9.5,India,New Zealand,SK Raina,Yuvraj Singh,DR Tuffey,0,0,,,,,,,,,
456662,2010,2010-08-10,Rangiri Dambulla International Stadium,2,9.6,India,New Zealand,SK Raina,Yuvraj Singh,DR Tuffey,4,0,,,,,,,,,
456662,2010,2010-08-10,Rangiri Dambulla International Stadium,2,10.1,India,New Zealand,Yuvraj Singh,SK Raina,KD Mills,0,0,,,,,,,,,
456662,2010,2010-08-10,Rangiri Dambulla International Stadium,2,10.2,India,New Zealand,Yuvraj Singh,SK Raina,KD Mills,0,0,,,,,,,,,
456662,2010,2010-08-10,Rangiri Dambulla International Stadium,2,10.3,India,New Zealand,Yuvraj Singh,SK Raina,KD Mills,0,0,,,,,,,,,
456662,2010,2010-08-10,Rangiri Dambulla International Stadium,2,10.4,India,New Zealand,Yuvraj Singh,SK Raina,KD Mills,0,0,,,,,,,,,
456662,2010,2010-08-10,Rangiri Dambulla International Stadium,2,10.5,India,New Zealand,Yuvraj Singh,SK Raina,KD Mills,0,0,,,,,,,,,
456662,2010,2010-08-10,Rangiri Dambulla International Stadium,2,10.6,India,New Zealand,Yuvraj Singh,SK Raina,KD Mills,0,0,,,,,,,,,
456662,2010,2010-08-10,Rangiri Dambulla International Stadium,2,11.1,India,New Zealand,SK Raina,Yuvraj Singh,DR Tuffey,2,0,,,,,,,,,
456662,2010,2010-08-10,Rangiri Dambulla International Stadium,2,11.2,India,New Zealand,SK Raina,Yuvraj Singh,DR Tuffey,0,0,,,,,,caught,SK Raina,,
456662,2010,2010-08-10,Rangiri Dambulla International Stadium,2,11.3,India,New Zealand,MS Dhoni,Yuvraj Singh,DR Tuffey,0,0,,,,,,,,,
456662,2010,2010-08-10,Rangiri Dambulla International Stadium,2,11.4,India,New Zealand,MS Dhoni,Yuvraj Singh,DR Tuffey,2,0,,,,,,,,,
456662,2010,2010-08-10,Rangiri Dambulla International Stadium,2,11.5,India,New Zealand,MS Dhoni,Yuvraj Singh,DR Tuffey,0,0,,,,,,,,,
456662,2010,2010-08-10,Rangiri Dambulla International Stadium,2,11.6,India,New Zealand,MS Dhoni,Yuvraj Singh,DR Tuffey,0,0,,,,,,,,,
456662,2010,2010-08-10,Rangiri Dambulla International Stadium,2,12.1,India,New Zealand,Yuvraj Singh,MS Dhoni,AJ McKay,0,1,1,,,,,,,,
456662,2010,2010-08-10,Rangiri Dambulla International Stadium,2,12.2,India,New Zealand,Yuvraj Singh,MS Dhoni,AJ McKay,0,0,,,,,,,,,
456662,2010,2010-08-10,Rangiri Dambulla International Stadium,2,12.3,India,New Zealand,Yuvraj Singh,MS Dhoni,AJ McKay,0,0,,,,,,,,,
456662,2010,2010-08-10,Rangiri Dambulla International Stadium,2,12.4,India,New Zealand,Yuvraj Singh,MS Dhoni,AJ McKay,0,0,,,,,,,,,
456662,2010,2010-08-10,Rangiri Dambulla International Stadium,2,12.5,India,New Zealand,Yuvraj Singh,MS Dhoni,AJ McKay,0,0,,,,,,,,,
456662,2010,2010-08-10,Rangiri Dambulla International Stadium,2,12.6,India,New Zealand,Yuvraj Singh,MS Dhoni,AJ McKay,0,0,,,,,,,,,
456662,2010,2010-08-10,Rangiri Dambulla International Stadium,2,12.7,India,New Zealand,Yuvraj Singh,MS Dhoni,AJ McKay,0,0,,,,,,,,,
456662,2010,2010-08-10,Rangiri Dambulla International Stadium,2,13.1,India,New Zealand,MS Dhoni,Yuvraj Singh,DR Tuffey,0,0,,,,,,,,,
456662,2010,2010-08-10,Rangiri Dambulla International Stadium,2,13.2,India,New Zealand,MS Dhoni,Yuvraj Singh,DR Tuffey,0,0,,,,,,,,,
456662,2010,2010-08-10,Rangiri Dambulla International Stadium,2,13.3,India,New Zealand,MS Dhoni,Yuvraj Singh,DR Tuffey,0,0,,,,,,,,,
456662,2010,2010-08-10,Rangiri Dambulla International Stadium,2,13.4,India,New Zealand,MS Dhoni,Yuvraj Singh,DR Tuffey,0,0,,,,,,,,,
456662,2010,2010-08-10,Rangiri Dambulla International Stadium,2,13.5,India,New Zealand,MS Dhoni,Yuvraj Singh,DR Tuffey,0,0,,,,,,run out,MS Dhoni,,
456662,2010,2010-08-10,Rangiri Dambulla International Stadium,2,13.6,India,New Zealand,RA Jadeja,Yuvraj Singh,DR Tuffey,0,0,,,,,,,,,
456662,2010,2010-08-10,Rangiri Dambulla International Stadium,2,14.1,India,New Zealand,Yuvraj Singh,RA Jadeja,AJ McKay,0,0,,,,,,,,,
456662,2010,2010-08-10,Rangiri Dambulla International Stadium,2,14.2,India,New Zealand,Yuvraj Singh,RA Jadeja,AJ McKay,0,0,,,,,,,,,
456662,2010,2010-08-10,Rangiri Dambulla International Stadium,2,14.3,India,New Zealand,Yuvraj Singh,RA Jadeja,AJ McKay,0,0,,,,,,,,,
456662,2010,2010-08-10,Rangiri Dambulla International Stadium,2,14.4,India,New Zealand,Yuvraj Singh,RA Jadeja,AJ McKay,0,1,1,,,,,,,,
456662,2010,2010-08-10,Rangiri Dambulla International Stadium,2,14.5,India,New Zealand,Yuvraj Singh,RA Jadeja,AJ McKay,0,0,,,,,,,,,
456662,2010,2010-08-10,Rangiri Dambulla International Stadium,2,14.6,India,New Zealand,Yuvraj Singh,RA Jadeja,AJ McKay,0,0,,,,,,,,,
456662,2010,2010-08-10,Rangiri Dambulla International Stadium,2,14.7,India,New Zealand,Yuvraj Singh,RA Jadeja,AJ McKay,0,0,,,,,,,,,
456662,2010,2010-08-10,Rangiri Dambulla International Stadium,2,15.1,India,New Zealand,RA Jadeja,Yuvraj Singh,DR Tuffey,0,0,,,,,,,,,
456662,2010,2010-08-10,Rangiri Dambulla International Stadium,2,15.2,India,New Zealand,RA Jadeja,Yuvraj Singh,DR Tuffey,2,0,,,,,,,,,
456662,2010,2010-08-10,Rangiri Dambulla International Stadium,2,15.3,India,New Zealand,RA Jadeja,Yuvraj Singh,DR Tuffey,2,0,,,,,,,,,
456662,2010,2010-08-10,Rangiri Dambulla International Stadium,2,15.4,India,New Zealand,RA Jadeja,Yuvraj Singh,DR Tuffey,0,0,,,,,,,,,
456662,2010,2010-08-10,Rangiri Dambulla International Stadium,2,15.5,India,New Zealand,RA Jadeja,Yuvraj Singh,DR Tuffey,0,0,,,,,,,,,
456662,2010,2010-08-10,Rangiri Dambulla International Stadium,2,15.6,India,New Zealand,RA Jadeja,Yuvraj Singh,DR Tuffey,0,0,,,,,,,,,
456662,2010,2010-08-10,Rangiri Dambulla International Stadium,2,16.1,India,New Zealand,Yuvraj Singh,RA Jadeja,AJ McKay,0,0,,,,,,,,,
456662,2010,2010-08-10,Rangiri Dambulla International Stadium,2,16.2,India,New Zealand,Yuvraj Singh,RA Jadeja,AJ McKay,0,0,,,,,,,,,
456662,2010,2010-08-10,Rangiri Dambulla International Stadium,2,16.3,India,New Zealand,Yuvraj Singh,RA Jadeja,AJ McKay,0,0,,,,,,,,,
456662,2010,2010-08-10,Rangiri Dambulla International Stadium,2,16.4,India,New Zealand,Yuvraj Singh,RA Jadeja,AJ McKay,4,0,,,,,,,,,
456662,2010,2010-08-10,Rangiri Dambulla International Stadium,2,16.5,India,New Zealand,Yuvraj Singh,RA Jadeja,AJ McKay,0,0,,,,,,caught,Yuvraj Singh,,
456662,2010,2010-08-10,Rangiri Dambulla International Stadium,2,16.6,India,New Zealand,P Kumar,RA Jadeja,AJ McKay,0,0,,,,,,,,,
456662,2010,2010-08-10,Rangiri Dambulla International Stadium,2,17.1,India,New Zealand,RA Jadeja,P Kumar,JDP Oram,0,0,,,,,,,,,
456662,2010,2010-08-10,Rangiri Dambulla International Stadium,2,17.2,India,New Zealand,RA Jadeja,P Kumar,JDP Oram,0,0,,,,,,,,,
456662,2010,2010-08-10,Rangiri Dambulla International Stadium,2,17.3,India,New Zealand,RA Jadeja,P Kumar,JDP Oram,0,0,,,,,,,,,
456662,2010,2010-08-10,Rangiri Dambulla International Stadium,2,17.4,India,New Zealand,RA Jadeja,P Kumar,JDP Oram,0,0,,,,,,,,,
456662,2010,2010-08-10,Rangiri Dambulla International Stadium,2,17.5,India,New Zealand,RA Jadeja,P Kumar,JDP Oram,4,0,,,,,,,,,
456662,2010,2010-08-10,Rangiri Dambulla International Stadium,2,17.6,India,New Zealand,RA Jadeja,P Kumar,JDP Oram,0,0,,,,,,,,,
456662,2010,2010-08-10,Rangiri Dambulla International Stadium,2,18.1,India,New Zealand,P Kumar,RA Jadeja,AJ McKay,0,0,,,,,,,,,
456662,2010,2010-08-10,Rangiri Dambulla International Stadium,2,18.2,India,New Zealand,P Kumar,RA Jadeja,AJ McKay,0,0,,,,,,,,,
456662,2010,2010-08-10,Rangiri Dambulla International Stadium,2,18.3,India,New Zealand,P Kumar,RA Jadeja,AJ McKay,0,0,,,,,,,,,
456662,2010,2010-08-10,Rangiri Dambulla International Stadium,2,18.4,India,New Zealand,P Kumar,RA Jadeja,AJ McKay,0,0,,,,,,,,,
456662,2010,2010-08-10,Rangiri Dambulla International Stadium,2,18.5,India,New Zealand,P Kumar,RA Jadeja,AJ McKay,0,0,,,,,,,,,
456662,2010,2010-08-10,Rangiri Dambulla International Stadium,2,18.6,India,New Zealand,P Kumar,RA Jadeja,AJ McKay,1,0,,,,,,,,,
456662,2010,2010-08-10,Rangiri Dambulla International Stadium,2,19.1,India,New Zealand,P Kumar,RA Jadeja,JDP Oram,0,0,,,,,,caught,P Kumar,,
456662,2010,2010-08-10,Rangiri Dambulla International Stadium,2,19.2,India,New Zealand,A Mithun,RA Jadeja,JDP Oram,0,0,,,,,,,,,
456662,2010,2010-08-10,Rangiri Dambulla International Stadium,2,19.3,India,New Zealand,A Mithun,RA Jadeja,JDP Oram,0,0,,,,,,,,,
456662,2010,2010-08-10,Rangiri Dambulla International Stadium,2,19.4,India,New Zealand,A Mithun,RA Jadeja,JDP Oram,0,1,1,,,,,,,,
456662,2010,2010-08-10,Rangiri Dambulla International Stadium,2,19.5,India,New Zealand,A Mithun,RA Jadeja,JDP Oram,0,0,,,,,,,,,
456662,2010,2010-08-10,Rangiri Dambulla International Stadium,2,19.6,India,New Zealand,A Mithun,RA Jadeja,JDP Oram,0,0,,,,,,,,,
456662,2010,2010-08-10,Rangiri Dambulla International Stadium,2,19.7,India,New Zealand,A Mithun,RA Jadeja,JDP Oram,0,0,,,,,,,,,
456662,2010,2010-08-10,Rangiri Dambulla International Stadium,2,20.1,India,New Zealand,RA Jadeja,A Mithun,AJ McKay,0,0,,,,,,,,,
456662,2010,2010-08-10,Rangiri Dambulla International Stadium,2,20.2,India,New Zealand,RA Jadeja,A Mithun,AJ McKay,1,0,,,,,,,,,
456662,2010,2010-08-10,Rangiri Dambulla International Stadium,2,20.3,India,New Zealand,A Mithun,RA Jadeja,AJ McKay,1,0,,,,,,,,,
456662,2010,2010-08-10,Rangiri Dambulla International Stadium,2,20.4,India,New Zealand,RA Jadeja,A Mithun,AJ McKay,1,0,,,,,,,,,
456662,2010,2010-08-10,Rangiri Dambulla International Stadium,2,20.5,India,New Zealand,A Mithun,RA Jadeja,AJ McKay,0,0,,,,,,,,,
456662,2010,2010-08-10,Rangiri Dambulla International Stadium,2,20.6,India,New Zealand,A Mithun,RA Jadeja,AJ McKay,0,0,,,,,,,,,
456662,2010,2010-08-10,Rangiri Dambulla International Stadium,2,21.1,India,New Zealand,RA Jadeja,A Mithun,JDP Oram,4,0,,,,,,,,,
456662,2010,2010-08-10,Rangiri Dambulla International Stadium,2,21.2,India,New Zealand,RA Jadeja,A Mithun,JDP Oram,0,0,,,,,,,,,
456662,2010,2010-08-10,Rangiri Dambulla International Stadium,2,21.3,India,New Zealand,RA Jadeja,A Mithun,JDP Oram,0,0,,,,,,,,,
456662,2010,2010-08-10,Rangiri Dambulla International Stadium,2,21.4,India,New Zealand,RA Jadeja,A Mithun,JDP Oram,0,0,,,,,,,,,
456662,2010,2010-08-10,Rangiri Dambulla International Stadium,2,21.5,India,New Zealand,RA Jadeja,A Mithun,JDP Oram,0,0,,,,,,,,,
456662,2010,2010-08-10,Rangiri Dambulla International Stadium,2,21.6,India,New Zealand,RA Jadeja,A Mithun,JDP Oram,0,0,,,,,,,,,
456662,2010,2010-08-10,Rangiri Dambulla International Stadium,2,22.1,India,New Zealand,A Mithun,RA Jadeja,AJ McKay,0,0,,,,,,,,,
456662,2010,2010-08-10,Rangiri Dambulla International Stadium,2,22.2,India,New Zealand,A Mithun,RA Jadeja,AJ McKay,1,0,,,,,,,,,
456662,2010,2010-08-10,Rangiri Dambulla International Stadium,2,22.3,India,New Zealand,RA Jadeja,A Mithun,AJ McKay,0,0,,,,,,,,,
456662,2010,2010-08-10,Rangiri Dambulla International Stadium,2,22.4,India,New Zealand,RA Jadeja,A Mithun,AJ McKay,0,0,,,,,,,,,
456662,2010,2010-08-10,Rangiri Dambulla International Stadium,2,22.5,India,New Zealand,RA Jadeja,A Mithun,AJ McKay,0,0,,,,,,,,,
456662,2010,2010-08-10,Rangiri Dambulla International Stadium,2,22.6,India,New Zealand,RA Jadeja,A Mithun,AJ McKay,0,0,,,,,,,,,
456662,2010,2010-08-10,Rangiri Dambulla International Stadium,2,23.1,India,New Zealand,A Mithun,RA Jadeja,JDP Oram,0,0,,,,,,,,,
456662,2010,2010-08-10,Rangiri Dambulla International Stadium,2,23.2,India,New Zealand,A Mithun,RA Jadeja,JDP Oram,1,0,,,,,,,,,
456662,2010,2010-08-10,Rangiri Dambulla International Stadium,2,23.3,India,New Zealand,RA Jadeja,A Mithun,JDP Oram,0,0,,,,,,,,,
456662,2010,2010-08-10,Rangiri Dambulla International Stadium,2,23.4,India,New Zealand,RA Jadeja,A Mithun,JDP Oram,0,0,,,,,,,,,
456662,2010,2010-08-10,Rangiri Dambulla International Stadium,2,23.5,India,New Zealand,RA Jadeja,A Mithun,JDP Oram,1,0,,,,,,,,,
456662,2010,2010-08-10,Rangiri Dambulla International Stadium,2,23.6,India,New Zealand,A Mithun,RA Jadeja,JDP Oram,0,0,,,,,,,,,
456662,2010,2010-08-10,Rangiri Dambulla International Stadium,2,24.1,India,New Zealand,RA Jadeja,A Mithun,KS Williamson,0,0,,,,,,,,,
456662,2010,2010-08-10,Rangiri Dambulla International Stadium,2,24.2,India,New Zealand,RA Jadeja,A Mithun,KS Williamson,0,0,,,,,,,,,
456662,2010,2010-08-10,Rangiri Dambulla International Stadium,2,24.3,India,New Zealand,RA Jadeja,A Mithun,KS Williamson,0,0,,,,,,,,,
456662,2010,2010-08-10,Rangiri Dambulla International Stadium,2,24.4,India,New Zealand,RA Jadeja,A Mithun,KS Williamson,0,0,,,,,,,,,
456662,2010,2010-08-10,Rangiri Dambulla International Stadium,2,24.5,India,New Zealand,RA Jadeja,A Mithun,KS Williamson,0,0,,,,,,,,,
456662,2010,2010-08-10,Rangiri Dambulla International Stadium,2,24.6,India,New Zealand,RA Jadeja,A Mithun,KS Williamson,1,0,,,,,,,,,
456662,2010,2010-08-10,Rangiri Dambulla International Stadium,2,25.1,India,New Zealand,RA Jadeja,A Mithun,JDP Oram,1,0,,,,,,,,,
456662,2010,2010-08-10,Rangiri Dambulla International Stadium,2,25.2,India,New Zealand,A Mithun,RA Jadeja,JDP Oram,0,0,,,,,,,,,
456662,2010,2010-08-10,Rangiri Dambulla International Stadium,2,25.3,India,New Zealand,A Mithun,RA Jadeja,JDP Oram,1,0,,,,,,,,,
456662,2010,2010-08-10,Rangiri Dambulla International Stadium,2,25.4,India,New Zealand,RA Jadeja,A Mithun,JDP Oram,0,0,,,,,,,,,
456662,2010,2010-08-10,Rangiri Dambulla International Stadium,2,25.5,India,New Zealand,RA Jadeja,A Mithun,JDP Oram,1,0,,,,,,,,,
456662,2010,2010-08-10,Rangiri Dambulla International Stadium,2,25.6,India,New Zealand,A Mithun,RA Jadeja,JDP Oram,0,0,,,,,,caught,A Mithun,,
456662,2010,2010-08-10,Rangiri Dambulla International Stadium,2,26.1,India,New Zealand,RA Jadeja,A Nehra,KS Williamson,0,0,,,,,,,,,
456662,2010,2010-08-10,Rangiri Dambulla International Stadium,2,26.2,India,New Zealand,RA Jadeja,A Nehra,KS Williamson,0,0,,,,,,,,,
456662,2010,2010-08-10,Rangiri Dambulla International Stadium,2,26.3,India,New Zealand,RA Jadeja,A Nehra,KS Williamson,1,0,,,,,,,,,
456662,2010,2010-08-10,Rangiri Dambulla International Stadium,2,26.4,India,New Zealand,A Nehra,RA Jadeja,KS Williamson,0,0,,,,,,,,,
456662,2010,2010-08-10,Rangiri Dambulla International Stadium,2,26.5,India,New Zealand,A Nehra,RA Jadeja,KS Williamson,0,0,,,,,,,,,
456662,2010,2010-08-10,Rangiri Dambulla International Stadium,2,26.6,India,New Zealand,A Nehra,RA Jadeja,KS Williamson,0,0,,,,,,,,,
456662,2010,2010-08-10,Rangiri Dambulla International Stadium,2,27.1,India,New Zealand,RA Jadeja,A Nehra,JDP Oram,1,0,,,,,,,,,
456662,2010,2010-08-10,Rangiri Dambulla International Stadium,2,27.2,India,New Zealand,A Nehra,RA Jadeja,JDP Oram,0,0,,,,,,,,,
456662,2010,2010-08-10,Rangiri Dambulla International Stadium,2,27.3,India,New Zealand,A Nehra,RA Jadeja,JDP Oram,0,0,,,,,,,,,
456662,2010,2010-08-10,Rangiri Dambulla International Stadium,2,27.4,India,New Zealand,A Nehra,RA Jadeja,JDP Oram,0,0,,,,,,,,,
456662,2010,2010-08-10,Rangiri Dambulla International Stadium,2,27.5,India,New Zealand,A Nehra,RA Jadeja,JDP Oram,0,0,,,,,,,,,
456662,2010,2010-08-10,Rangiri Dambulla International Stadium,2,27.6,India,New Zealand,A Nehra,RA Jadeja,JDP Oram,0,0,,,,,,,,,
456662,2010,2010-08-10,Rangiri Dambulla International Stadium,2,28.1,India,New Zealand,RA Jadeja,A Nehra,KS Williamson,0,0,,,,,,,,,
456662,2010,2010-08-10,Rangiri Dambulla International Stadium,2,28.2,India,New Zealand,RA Jadeja,A Nehra,KS Williamson,0,0,,,,,,caught,RA Jadeja,,
456662,2010,2010-08-10,Rangiri Dambulla International Stadium,2,28.3,India,New Zealand,PP Ojha,A Nehra,KS Williamson,0,0,,,,,,,,,
456662,2010,2010-08-10,Rangiri Dambulla International Stadium,2,28.4,India,New Zealand,PP Ojha,A Nehra,KS Williamson,0,0,,,,,,,,,
456662,2010,2010-08-10,Rangiri Dambulla International Stadium,2,28.5,India,New Zealand,PP Ojha,A Nehra,KS Williamson,0,0,,,,,,,,,
456662,2010,2010-08-10,Rangiri Dambulla International Stadium,2,28.6,India,New Zealand,PP Ojha,A Nehra,KS Williamson,0,0,,,,,,,,,
456662,2010,2010-08-10,Rangiri Dambulla International Stadium,2,29.1,India,New Zealand,A Nehra,PP Ojha,KD Mills,0,0,,,,,,,,,
456662,2010,2010-08-10,Rangiri Dambulla International Stadium,2,29.2,India,New Zealand,A Nehra,PP Ojha,KD Mills,4,0,,,,,,,,,
456662,2010,2010-08-10,Rangiri Dambulla International Stadium,2,29.3,India,New Zealand,A Nehra,PP Ojha,KD Mills,0,0,,,,,,caught,A Nehra,,
