match_id,season,start_date,venue,innings,ball,batting_team,bowling_team,striker,non_striker,bowler,runs_off_bat,extras,wides,noballs,byes,legbyes,penalty,wicket_type,player_dismissed,other_wicket_type,other_player_dismissed
463150,2010/11,2011-01-12,Kingsmead,1,0.1,South Africa,India,GC Smith,HM Amla,Z Khan,0,2,2,,,,,,,,
463150,2010/11,2011-01-12,Kingsmead,1,0.2,South Africa,India,HM Amla,GC Smith,Z Khan,0,0,,,,,,,,,
463150,2010/11,2011-01-12,Kingsmead,1,0.3,South Africa,India,HM Amla,GC Smith,Z Khan,0,0,,,,,,,,,
463150,2010/11,2011-01-12,Kingsmead,1,0.4,South Africa,India,HM Amla,GC Smith,Z Khan,1,0,,,,,,,,,
463150,2010/11,2011-01-12,Kingsmead,1,0.5,South Africa,India,GC Smith,HM Amla,Z Khan,0,0,,,,,,,,,
463150,2010/11,2011-01-12,Kingsmead,1,0.6,South Africa,India,GC Smith,HM Amla,Z Khan,0,0,,,,,,,,,
463150,2010/11,2011-01-12,Kingsmead,1,0.7,South Africa,India,GC Smith,HM Amla,Z Khan,0,0,,,,,,,,,
463150,2010/11,2011-01-12,Kingsmead,1,1.1,South Africa,India,HM Amla,GC Smith,A Nehra,4,0,,,,,,,,,
463150,2010/11,2011-01-12,Kingsmead,1,1.2,South Africa,India,HM Amla,GC Smith,A Nehra,0,1,1,,,,,,,,
463150,2010/11,2011-01-12,Kingsmead,1,1.3,South Africa,India,HM Amla,GC Smith,A Nehra,1,0,,,,,,,,,
463150,2010/11,2011-01-12,Kingsmead,1,1.4,South Africa,India,GC Smith,HM Amla,A Nehra,4,0,,,,,,,,,
463150,2010/11,2011-01-12,Kingsmead,1,1.5,South Africa,India,GC Smith,HM Amla,A Nehra,0,0,,,,,,,,,
463150,2010/11,2011-01-12,Kingsmead,1,1.6,South Africa,India,GC Smith,HM Amla,A Nehra,4,0,,,,,,,,,
463150,2010/11,2011-01-12,Kingsmead,1,1.7,South Africa,India,GC Smith,HM Amla,A Nehra,0,0,,,,,,,,,
463150,2010/11,2011-01-12,Kingsmead,1,2.1,South Africa,India,HM Amla,GC Smith,Z Khan,1,0,,,,,,,,,
463150,2010/11,2011-01-12,Kingsmead,1,2.2,South Africa,India,GC Smith,HM Amla,Z Khan,0,0,,,,,,,,,
463150,2010/11,2011-01-12,Kingsmead,1,2.3,South Africa,India,GC Smith,HM Amla,Z Khan,0,0,,,,,,,,,
463150,2010/11,2011-01-12,Kingsmead,1,2.4,South Africa,India,GC Smith,HM Amla,Z Khan,1,0,,,,,,,,,
463150,2010/11,2011-01-12,Kingsmead,1,2.5,South Africa,India,HM Amla,GC Smith,Z Khan,0,0,,,,,,,,,
463150,2010/11,2011-01-12,Kingsmead,1,2.6,South Africa,India,HM Amla,GC Smith,Z Khan,0,0,,,,,,,,,
463150,2010/11,2011-01-12,Kingsmead,1,3.1,South Africa,India,GC Smith,HM Amla,A Nehra,2,0,,,,,,,,,
463150,2010/11,2011-01-12,Kingsmead,1,3.2,South Africa,India,GC Smith,HM Amla,A Nehra,0,0,,,,,,,,,
463150,2010/11,2011-01-12,Kingsmead,1,3.3,South Africa,India,GC Smith,HM Amla,A Nehra,0,0,,,,,,,,,
463150,2010/11,2011-01-12,Kingsmead,1,3.4,South Africa,India,GC Smith,HM Amla,A Nehra,0,0,,,,,,,,,
463150,2010/11,2011-01-12,Kingsmead,1,3.5,South Africa,India,GC Smith,HM Amla,A Nehra,0,0,,,,,,caught,GC Smith,,
463150,2010/11,2011-01-12,Kingsmead,1,3.6,South Africa,India,HM Amla,CA Ingram,A Nehra,1,0,,,,,,,,,
463150,2010/11,2011-01-12,Kingsmead,1,4.1,South Africa,India,HM Amla,CA Ingram,Z Khan,0,0,,,,,,,,,
463150,2010/11,2011-01-12,Kingsmead,1,4.2,South Africa,India,HM Amla,CA Ingram,Z Khan,0,0,,,,,,,,,
463150,2010/11,2011-01-12,Kingsmead,1,4.3,South Africa,India,HM Amla,CA Ingram,Z Khan,4,0,,,,,,,,,
463150,2010/11,2011-01-12,Kingsmead,1,4.4,South Africa,India,HM Amla,CA Ingram,Z Khan,3,0,,,,,,,,,
463150,2010/11,2011-01-12,Kingsmead,1,4.5,South Africa,India,CA Ingram,HM Amla,Z Khan,0,0,,,,,,,,,
463150,2010/11,2011-01-12,Kingsmead,1,4.6,South Africa,India,CA Ingram,HM Amla,Z Khan,0,0,,,,,,,,,
463150,2010/11,2011-01-12,Kingsmead,1,5.1,South Africa,India,HM Amla,CA Ingram,A Nehra,4,0,,,,,,,,,
463150,2010/11,2011-01-12,Kingsmead,1,5.2,South Africa,India,HM Amla,CA Ingram,A Nehra,4,0,,,,,,,,,
463150,2010/11,2011-01-12,Kingsmead,1,5.3,South Africa,India,HM Amla,CA Ingram,A Nehra,4,0,,,,,,,,,
463150,2010/11,2011-01-12,Kingsmead,1,5.4,South Africa,India,HM Amla,CA Ingram,A Nehra,0,0,,,,,,,,,
463150,2010/11,2011-01-12,Kingsmead,1,5.5,South Africa,India,HM Amla,CA Ingram,A Nehra,3,0,,,,,,,,,
463150,2010/11,2011-01-12,Kingsmead,1,5.6,South Africa,India,CA Ingram,HM Amla,A Nehra,0,0,,,,,,,,,
463150,2010/11,2011-01-12,Kingsmead,1,6.1,South Africa,India,HM Amla,CA Ingram,Z Khan,0,4,,,,4,,,,,
463150,2010/11,2011-01-12,Kingsmead,1,6.2,South Africa,India,HM Amla,CA Ingram,Z Khan,0,0,,,,,,,,,
463150,2010/11,2011-01-12,Kingsmead,1,6.3,South Africa,India,HM Amla,CA Ingram,Z Khan,0,0,,,,,,,,,
463150,2010/11,2011-01-12,Kingsmead,1,6.4,South Africa,India,HM Amla,CA Ingram,Z Khan,4,0,,,,,,,,,
463150,2010/11,2011-01-12,Kingsmead,1,6.5,South Africa,India,HM Amla,CA Ingram,Z Khan,0,0,,,,,,,,,
463150,2010/11,2011-01-12,Kingsmead,1,6.6,South Africa,India,HM Amla,CA Ingram,Z Khan,0,0,,,,,,,,,
463150,2010/11,2011-01-12,Kingsmead,1,7.1,South Africa,India,CA Ingram,HM Amla,MM Patel,0,0,,,,,,,,,
463150,2010/11,2011-01-12,Kingsmead,1,7.2,South Africa,India,CA Ingram,HM Amla,MM Patel,0,0,,,,,,,,,
463150,2010/11,2011-01-12,Kingsmead,1,7.3,South Africa,India,CA Ingram,HM Amla,MM Patel,0,0,,,,,,,,,
463150,2010/11,2011-01-12,Kingsmead,1,7.4,South Africa,India,CA Ingram,HM Amla,MM Patel,0,0,,,,,,,,,
463150,2010/11,2011-01-12,Kingsmead,1,7.5,South Africa,India,CA Ingram,HM Amla,MM Patel,0,0,,,,,,,,,
463150,2010/11,2011-01-12,Kingsmead,1,7.6,South Africa,India,CA Ingram,HM Amla,MM Patel,0,0,,,,,,,,,
463150,2010/11,2011-01-12,Kingsmead,1,8.1,South Africa,India,HM Amla,CA Ingram,Z Khan,1,0,,,,,,,,,
463150,2010/11,2011-01-12,Kingsmead,1,8.2,South Africa,India,CA Ingram,HM Amla,Z Khan,0,0,,,,,,,,,
463150,2010/11,2011-01-12,Kingsmead,1,8.3,South Africa,India,CA Ingram,HM Amla,Z Khan,0,0,,,,,,,,,
463150,2010/11,2011-01-12,Kingsmead,1,8.4,South Africa,India,CA Ingram,HM Amla,Z Khan,0,0,,,,,,,,,
463150,2010/11,2011-01-12,Kingsmead,1,8.5,South Africa,India,CA Ingram,HM Amla,Z Khan,1,0,,,,,,,,,
463150,2010/11,2011-01-12,Kingsmead,1,8.6,South Africa,India,HM Amla,CA Ingram,Z Khan,0,0,,,,,,,,,
463150,2010/11,2011-01-12,Kingsmead,1,9.1,South Africa,India,CA Ingram,HM Amla,MM Patel,1,0,,,,,,,,,
463150,2010/11,2011-01-12,Kingsmead,1,9.2,South Africa,India,HM Amla,CA Ingram,MM Patel,3,0,,,,,,,,,
463150,2010/11,2011-01-12,Kingsmead,1,9.3,South Africa,India,CA Ingram,HM Amla,MM Patel,0,0,,,,,,,,,
463150,2010/11,2011-01-12,Kingsmead,1,9.4,South Africa,India,CA Ingram,HM Amla,MM Patel,1,0,,,,,,,,,
463150,2010/11,2011-01-12,Kingsmead,1,9.5,South Africa,India,HM Amla,CA Ingram,MM Patel,0,0,,,,,,,,,
463150,2010/11,2011-01-12,Kingsmead,1,9.6,South Africa,India,HM Amla,CA Ingram,MM Patel,4,0,,,,,,,,,
463150,2010/11,2011-01-12,Kingsmead,1,10.1,South Africa,India,CA Ingram,HM Amla,Z Khan,0,0,,,,,,,,,
463150,2010/11,2011-01-12,Kingsmead,1,10.2,South Africa,India,CA Ingram,HM Amla,Z Khan,1,0,,,,,,,,,
463150,2010/11,2011-01-12,Kingsmead,1,10.3,South Africa,India,HM Amla,CA Ingram,Z Khan,0,0,,,,,,,,,
463150,2010/11,2011-01-12,Kingsmead,1,10.4,South Africa,India,HM Amla,CA Ingram,Z Khan,1,0,,,,,,,,,
463150,2010/11,2011-01-12,Kingsmead,1,10.5,South Africa,India,CA Ingram,HM Amla,Z Khan,0,0,,,,,,,,,
463150,2010/11,2011-01-12,Kingsmead,1,10.6,South Africa,India,CA Ingram,HM Amla,Z Khan,0,0,,,,,,,,,
463150,2010/11,2011-01-12,Kingsmead,1,11.1,South Africa,India,HM Amla,CA Ingram,MM Patel,1,0,,,,,,,,,
463150,2010/11,2011-01-12,Kingsmead,1,11.2,South Africa,India,CA Ingram,HM Amla,MM Patel,0,0,,,,,,,,,
463150,2010/11,2011-01-12,Kingsmead,1,11.3,South Africa,India,CA Ingram,HM Amla,MM Patel,1,0,,,,,,,,,
463150,2010/11,2011-01-12,Kingsmead,1,11.4,South Africa,India,HM Amla,CA Ingram,MM Patel,4,0,,,,,,,,,
463150,2010/11,2011-01-12,Kingsmead,1,11.5,South Africa,India,HM Amla,CA Ingram,MM Patel,1,0,,,,,,,,,
463150,2010/11,2011-01-12,Kingsmead,1,11.6,South Africa,India,CA Ingram,HM Amla,MM Patel,0,0,,,,,,caught,CA Ingram,,
463150,2010/11,2011-01-12,Kingsmead,1,12.1,South Africa,India,AB de Villiers,HM Amla,A Nehra,4,0,,,,,,,,,
463150,2010/11,2011-01-12,Kingsmead,1,12.2,South Africa,India,AB de Villiers,HM Amla,A Nehra,0,0,,,,,,,,,
463150,2010/11,2011-01-12,Kingsmead,1,12.3,South Africa,India,AB de Villiers,HM Amla,A Nehra,0,0,,,,,,,,,
463150,2010/11,2011-01-12,Kingsmead,1,12.4,South Africa,India,AB de Villiers,HM Amla,A Nehra,0,0,,,,,,,,,
463150,2010/11,2011-01-12,Kingsmead,1,12.5,South Africa,India,AB de Villiers,HM Amla,A Nehra,4,0,,,,,,,,,
463150,2010/11,2011-01-12,Kingsmead,1,12.6,South Africa,India,AB de Villiers,HM Amla,A Nehra,0,0,,,,,,,,,
463150,2010/11,2011-01-12,Kingsmead,1,13.1,South Africa,India,HM Amla,AB de Villiers,MM Patel,1,0,,,,,,,,,
463150,2010/11,2011-01-12,Kingsmead,1,13.2,South Africa,India,AB de Villiers,HM Amla,MM Patel,1,0,,,,,,,,,
463150,2010/11,2011-01-12,Kingsmead,1,13.3,South Africa,India,HM Amla,AB de Villiers,MM Patel,0,0,,,,,,caught,HM Amla,,
463150,2010/11,2011-01-12,Kingsmead,1,13.4,South Africa,India,AB de Villiers,JP Duminy,MM Patel,0,0,,,,,,,,,
463150,2010/11,2011-01-12,Kingsmead,1,13.5,South Africa,India,AB de Villiers,JP Duminy,MM Patel,0,0,,,,,,,,,
463150,2010/11,2011-01-12,Kingsmead,1,13.6,South Africa,India,AB de Villiers,JP Duminy,MM Patel,0,0,,,,,,,,,
463150,2010/11,2011-01-12,Kingsmead,1,14.1,South Africa,India,JP Duminy,AB de Villiers,Harbhajan Singh,1,0,,,,,,,,,
463150,2010/11,2011-01-12,Kingsmead,1,14.2,South Africa,India,AB de Villiers,JP Duminy,Harbhajan Singh,0,0,,,,,,,,,
463150,2010/11,2011-01-12,Kingsmead,1,14.3,South Africa,India,AB de Villiers,JP Duminy,Harbhajan Singh,0,0,,,,,,,,,
463150,2010/11,2011-01-12,Kingsmead,1,14.4,South Africa,India,AB de Villiers,JP Duminy,Harbhajan Singh,1,0,,,,,,,,,
463150,2010/11,2011-01-12,Kingsmead,1,14.5,South Africa,India,JP Duminy,AB de Villiers,Harbhajan Singh,0,0,,,,,,,,,
463150,2010/11,2011-01-12,Kingsmead,1,14.6,South Africa,India,JP Duminy,AB de Villiers,Harbhajan Singh,0,0,,,,,,,,,
463150,2010/11,2011-01-12,Kingsmead,1,15.1,South Africa,India,AB de Villiers,JP Duminy,MM Patel,0,0,,,,,,,,,
463150,2010/11,2011-01-12,Kingsmead,1,15.2,South Africa,India,AB de Villiers,JP Duminy,MM Patel,1,0,,,,,,,,,
463150,2010/11,2011-01-12,Kingsmead,1,15.3,South Africa,India,JP Duminy,AB de Villiers,MM Patel,0,0,,,,,,,,,
463150,2010/11,2011-01-12,Kingsmead,1,15.4,South Africa,India,JP Duminy,AB de Villiers,MM Patel,0,0,,,,,,,,,
463150,2010/11,2011-01-12,Kingsmead,1,15.5,South Africa,India,JP Duminy,AB de Villiers,MM Patel,2,0,,,,,,,,,
463150,2010/11,2011-01-12,Kingsmead,1,15.6,South Africa,India,JP Duminy,AB de Villiers,MM Patel,1,0,,,,,,,,,
463150,2010/11,2011-01-12,Kingsmead,1,16.1,South Africa,India,JP Duminy,AB de Villiers,Harbhajan Singh,0,0,,,,,,,,,
463150,2010/11,2011-01-12,Kingsmead,1,16.2,South Africa,India,JP Duminy,AB de Villiers,Harbhajan Singh,0,0,,,,,,,,,
463150,2010/11,2011-01-12,Kingsmead,1,16.3,South Africa,India,JP Duminy,AB de Villiers,Harbhajan Singh,0,0,,,,,,,,,
463150,2010/11,2011-01-12,Kingsmead,1,16.4,South Africa,India,JP Duminy,AB de Villiers,Harbhajan Singh,1,0,,,,,,,,,
463150,2010/11,2011-01-12,Kingsmead,1,16.5,South Africa,India,AB de Villiers,JP Duminy,Harbhajan Singh,1,0,,,,,,,,,
463150,2010/11,2011-01-12,Kingsmead,1,16.6,South Africa,India,JP Duminy,AB de Villiers,Harbhajan Singh,1,0,,,,,,,,,
463150,2010/11,2011-01-12,Kingsmead,1,17.1,South Africa,India,JP Duminy,AB de Villiers,MM Patel,1,0,,,,,,,,,
463150,2010/11,2011-01-12,Kingsmead,1,17.2,South Africa,India,AB de Villiers,JP Duminy,MM Patel,0,0,,,,,,,,,
463150,2010/11,2011-01-12,Kingsmead,1,17.3,South Africa,India,AB de Villiers,JP Duminy,MM Patel,2,0,,,,,,,,,
463150,2010/11,2011-01-12,Kingsmead,1,17.4,South Africa,India,AB de Villiers,JP Duminy,MM Patel,1,0,,,,,,,,,
463150,2010/11,2011-01-12,Kingsmead,1,17.5,South Africa,India,JP Duminy,AB de Villiers,MM Patel,2,0,,,,,,,,,
463150,2010/11,2011-01-12,Kingsmead,1,17.6,South Africa,India,JP Duminy,AB de Villiers,MM Patel,0,0,,,,,,,,,
463150,2010/11,2011-01-12,Kingsmead,1,18.1,South Africa,India,AB de Villiers,JP Duminy,Harbhajan Singh,1,0,,,,,,,,,
463150,2010/11,2011-01-12,Kingsmead,1,18.2,South Africa,India,JP Duminy,AB de Villiers,Harbhajan Singh,0,0,,,,,,,,,
463150,2010/11,2011-01-12,Kingsmead,1,18.3,South Africa,India,JP Duminy,AB de Villiers,Harbhajan Singh,0,0,,,,,,,,,
463150,2010/11,2011-01-12,Kingsmead,1,18.4,South Africa,India,JP Duminy,AB de Villiers,Harbhajan Singh,0,0,,,,,,,,,
463150,2010/11,2011-01-12,Kingsmead,1,18.5,South Africa,India,JP Duminy,AB de Villiers,Harbhajan Singh,2,0,,,,,,,,,
463150,2010/11,2011-01-12,Kingsmead,1,18.6,South Africa,India,JP Duminy,AB de Villiers,Harbhajan Singh,1,0,,,,,,,,,
463150,2010/11,2011-01-12,Kingsmead,1,19.1,South Africa,India,JP Duminy,AB de Villiers,Yuvraj Singh,2,0,,,,,,,,,
463150,2010/11,2011-01-12,Kingsmead,1,19.2,South Africa,India,JP Duminy,AB de Villiers,Yuvraj Singh,0,0,,,,,,,,,
463150,2010/11,2011-01-12,Kingsmead,1,19.3,South Africa,India,JP Duminy,AB de Villiers,Yuvraj Singh,0,0,,,,,,,,,
463150,2010/11,2011-01-12,Kingsmead,1,19.4,South Africa,India,JP Duminy,AB de Villiers,Yuvraj Singh,1,0,,,,,,,,,
463150,2010/11,2011-01-12,Kingsmead,1,19.5,South Africa,India,AB de Villiers,JP Duminy,Yuvraj Singh,1,0,,,,,,,,,
463150,2010/11,2011-01-12,Kingsmead,1,19.6,South Africa,India,JP Duminy,AB de Villiers,Yuvraj Singh,0,0,,,,,,,,,
463150,2010/11,2011-01-12,Kingsmead,1,20.1,South Africa,India,AB de Villiers,JP Duminy,RG Sharma,1,0,,,,,,,,,
463150,2010/11,2011-01-12,Kingsmead,1,20.2,South Africa,India,JP Duminy,AB de Villiers,RG Sharma,1,0,,,,,,,,,
463150,2010/11,2011-01-12,Kingsmead,1,20.3,South Africa,India,AB de Villiers,JP Duminy,RG Sharma,1,0,,,,,,,,,
463150,2010/11,2011-01-12,Kingsmead,1,20.4,South Africa,India,JP Duminy,AB de Villiers,RG Sharma,0,0,,,,,,,,,
463150,2010/11,2011-01-12,Kingsmead,1,20.5,South Africa,India,JP Duminy,AB de Villiers,RG Sharma,1,0,,,,,,,,,
463150,2010/11,2011-01-12,Kingsmead,1,20.6,South Africa,India,AB de Villiers,JP Duminy,RG Sharma,0,0,,,,,,,,,
463150,2010/11,2011-01-12,Kingsmead,1,21.1,South Africa,India,JP Duminy,AB de Villiers,Harbhajan Singh,1,0,,,,,,,,,
463150,2010/11,2011-01-12,Kingsmead,1,21.2,South Africa,India,AB de Villiers,JP Duminy,Harbhajan Singh,0,0,,,,,,,,,
463150,2010/11,2011-01-12,Kingsmead,1,21.3,South Africa,India,AB de Villiers,JP Duminy,Harbhajan Singh,1,0,,,,,,,,,
463150,2010/11,2011-01-12,Kingsmead,1,21.4,South Africa,India,JP Duminy,AB de Villiers,Harbhajan Singh,1,0,,,,,,,,,
463150,2010/11,2011-01-12,Kingsmead,1,21.5,South Africa,India,AB de Villiers,JP Duminy,Harbhajan Singh,0,0,,,,,,,,,
463150,2010/11,2011-01-12,Kingsmead,1,21.6,South Africa,India,AB de Villiers,JP Duminy,Harbhajan Singh,1,0,,,,,,,,,
463150,2010/11,2011-01-12,Kingsmead,1,22.1,South Africa,India,AB de Villiers,JP Duminy,Yuvraj Singh,0,0,,,,,,,,,
463150,2010/11,2011-01-12,Kingsmead,1,22.2,South Africa,India,AB de Villiers,JP Duminy,Yuvraj Singh,1,0,,,,,,,,,
463150,2010/11,2011-01-12,Kingsmead,1,22.3,South Africa,India,JP Duminy,AB de Villiers,Yuvraj Singh,0,0,,,,,,,,,
463150,2010/11,2011-01-12,Kingsmead,1,22.4,South Africa,India,JP Duminy,AB de Villiers,Yuvraj Singh,1,0,,,,,,,,,
463150,2010/11,2011-01-12,Kingsmead,1,22.5,South Africa,India,AB de Villiers,JP Duminy,Yuvraj Singh,0,0,,,,,,,,,
463150,2010/11,2011-01-12,Kingsmead,1,22.6,South Africa,India,AB de Villiers,JP Duminy,Yuvraj Singh,1,0,,,,,,,,,
463150,2010/11,2011-01-12,Kingsmead,1,23.1,South Africa,India,AB de Villiers,JP Duminy,Harbhajan Singh,3,0,,,,,,,,,
463150,2010/11,2011-01-12,Kingsmead,1,23.2,South Africa,India,JP Duminy,AB de Villiers,Harbhajan Singh,0,0,,,,,,,,,
463150,2010/11,2011-01-12,Kingsmead,1,23.3,South Africa,India,JP Duminy,AB de Villiers,Harbhajan Singh,1,0,,,,,,,,,
463150,2010/11,2011-01-12,Kingsmead,1,23.4,South Africa,India,AB de Villiers,JP Duminy,Harbhajan Singh,1,0,,,,,,,,,
463150,2010/11,2011-01-12,Kingsmead,1,23.5,South Africa,India,JP Duminy,AB de Villiers,Harbhajan Singh,2,0,,,,,,,,,
463150,2010/11,2011-01-12,Kingsmead,1,23.6,South Africa,India,JP Duminy,AB de Villiers,Harbhajan Singh,1,0,,,,,,,,,
463150,2010/11,2011-01-12,Kingsmead,1,24.1,South Africa,India,JP Duminy,AB de Villiers,Yuvraj Singh,1,0,,,,,,,,,
463150,2010/11,2011-01-12,Kingsmead,1,24.2,South Africa,India,AB de Villiers,JP Duminy,Yuvraj Singh,0,0,,,,,,,,,
463150,2010/11,2011-01-12,Kingsmead,1,24.3,South Africa,India,AB de Villiers,JP Duminy,Yuvraj Singh,2,0,,,,,,,,,
463150,2010/11,2011-01-12,Kingsmead,1,24.4,South Africa,India,AB de Villiers,JP Duminy,Yuvraj Singh,1,0,,,,,,,,,
463150,2010/11,2011-01-12,Kingsmead,1,24.5,South Africa,India,JP Duminy,AB de Villiers,Yuvraj Singh,0,0,,,,,,,,,
463150,2010/11,2011-01-12,Kingsmead,1,24.6,South Africa,India,JP Duminy,AB de Villiers,Yuvraj Singh,1,0,,,,,,,,,
463150,2010/11,2011-01-12,Kingsmead,1,25.1,South Africa,India,JP Duminy,AB de Villiers,Harbhajan Singh,1,0,,,,,,,,,
463150,2010/11,2011-01-12,Kingsmead,1,25.2,South Africa,India,AB de Villiers,JP Duminy,Harbhajan Singh,1,0,,,,,,,,,
463150,2010/11,2011-01-12,Kingsmead,1,25.3,South Africa,India,JP Duminy,AB de Villiers,Harbhajan Singh,1,0,,,,,,,,,
463150,2010/11,2011-01-12,Kingsmead,1,25.4,South Africa,India,AB de Villiers,JP Duminy,Harbhajan Singh,0,0,,,,,,,,,
463150,2010/11,2011-01-12,Kingsmead,1,25.5,South Africa,India,AB de Villiers,JP Duminy,Harbhajan Singh,6,0,,,,,,,,,
463150,2010/11,2011-01-12,Kingsmead,1,25.6,South Africa,India,AB de Villiers,JP Duminy,Harbhajan Singh,0,0,,,,,,,,,
463150,2010/11,2011-01-12,Kingsmead,1,26.1,South Africa,India,JP Duminy,AB de Villiers,Yuvraj Singh,0,0,,,,,,,,,
463150,2010/11,2011-01-12,Kingsmead,1,26.2,South Africa,India,JP Duminy,AB de Villiers,Yuvraj Singh,0,1,,,,1,,,,,
463150,2010/11,2011-01-12,Kingsmead,1,26.3,South Africa,India,AB de Villiers,JP Duminy,Yuvraj Singh,1,0,,,,,,,,,
463150,2010/11,2011-01-12,Kingsmead,1,26.4,South Africa,India,JP Duminy,AB de Villiers,Yuvraj Singh,6,0,,,,,,,,,
463150,2010/11,2011-01-12,Kingsmead,1,26.5,South Africa,India,JP Duminy,AB de Villiers,Yuvraj Singh,1,0,,,,,,,,,
463150,2010/11,2011-01-12,Kingsmead,1,26.6,South Africa,India,AB de Villiers,JP Duminy,Yuvraj Singh,1,0,,,,,,,,,
463150,2010/11,2011-01-12,Kingsmead,1,27.1,South Africa,India,AB de Villiers,JP Duminy,MM Patel,1,0,,,,,,,,,
463150,2010/11,2011-01-12,Kingsmead,1,27.2,South Africa,India,JP Duminy,AB de Villiers,MM Patel,1,0,,,,,,,,,
463150,2010/11,2011-01-12,Kingsmead,1,27.3,South Africa,India,AB de Villiers,JP Duminy,MM Patel,4,0,,,,,,,,,
463150,2010/11,2011-01-12,Kingsmead,1,27.4,South Africa,India,AB de Villiers,JP Duminy,MM Patel,1,0,,,,,,,,,
463150,2010/11,2011-01-12,Kingsmead,1,27.5,South Africa,India,JP Duminy,AB de Villiers,MM Patel,0,0,,,,,,,,,
463150,2010/11,2011-01-12,Kingsmead,1,27.6,South Africa,India,JP Duminy,AB de Villiers,MM Patel,1,0,,,,,,,,,
463150,2010/11,2011-01-12,Kingsmead,1,28.1,South Africa,India,JP Duminy,AB de Villiers,Z Khan,2,0,,,,,,,,,
463150,2010/11,2011-01-12,Kingsmead,1,28.2,South Africa,India,JP Duminy,AB de Villiers,Z Khan,0,1,,,,1,,,,,
463150,2010/11,2011-01-12,Kingsmead,1,28.3,South Africa,India,AB de Villiers,JP Duminy,Z Khan,1,0,,,,,,,,,
463150,2010/11,2011-01-12,Kingsmead,1,28.4,South Africa,India,JP Duminy,AB de Villiers,Z Khan,4,0,,,,,,,,,
463150,2010/11,2011-01-12,Kingsmead,1,28.5,South Africa,India,JP Duminy,AB de Villiers,Z Khan,2,0,,,,,,,,,
463150,2010/11,2011-01-12,Kingsmead,1,28.6,South Africa,India,JP Duminy,AB de Villiers,Z Khan,1,0,,,,,,,,,
463150,2010/11,2011-01-12,Kingsmead,1,29.1,South Africa,India,JP Duminy,AB de Villiers,Harbhajan Singh,0,0,,,,,,,,,
463150,2010/11,2011-01-12,Kingsmead,1,29.2,South Africa,India,JP Duminy,AB de Villiers,Harbhajan Singh,1,0,,,,,,,,,
463150,2010/11,2011-01-12,Kingsmead,1,29.3,South Africa,India,AB de Villiers,JP Duminy,Harbhajan Singh,4,0,,,,,,,,,
463150,2010/11,2011-01-12,Kingsmead,1,29.4,South Africa,India,AB de Villiers,JP Duminy,Harbhajan Singh,0,0,,,,,,,,,
463150,2010/11,2011-01-12,Kingsmead,1,29.5,South Africa,India,AB de Villiers,JP Duminy,Harbhajan Singh,1,0,,,,,,,,,
463150,2010/11,2011-01-12,Kingsmead,1,29.6,South Africa,India,JP Duminy,AB de Villiers,Harbhajan Singh,0,0,,,,,,,,,
463150,2010/11,2011-01-12,Kingsmead,1,30.1,South Africa,India,AB de Villiers,JP Duminy,Z Khan,0,1,,,,1,,,,,
463150,2010/11,2011-01-12,Kingsmead,1,30.2,South Africa,India,JP Duminy,AB de Villiers,Z Khan,1,0,,,,,,,,,
463150,2010/11,2011-01-12,Kingsmead,1,30.3,South Africa,India,AB de Villiers,JP Duminy,Z Khan,1,0,,,,,,,,,
463150,2010/11,2011-01-12,Kingsmead,1,30.4,South Africa,India,JP Duminy,AB de Villiers,Z Khan,0,1,,,,1,,,,,
463150,2010/11,2011-01-12,Kingsmead,1,30.5,South Africa,India,AB de Villiers,JP Duminy,Z Khan,0,0,,,,,,,,,
463150,2010/11,2011-01-12,Kingsmead,1,30.6,South Africa,India,AB de Villiers,JP Duminy,Z Khan,2,0,,,,,,,,,
463150,2010/11,2011-01-12,Kingsmead,1,31.1,South Africa,India,JP Duminy,AB de Villiers,A Nehra,0,1,,,1,,,,,,
463150,2010/11,2011-01-12,Kingsmead,1,31.2,South Africa,India,AB de Villiers,JP Duminy,A Nehra,4,0,,,,,,,,,
463150,2010/11,2011-01-12,Kingsmead,1,31.3,South Africa,India,AB de Villiers,JP Duminy,A Nehra,4,0,,,,,,,,,
463150,2010/11,2011-01-12,Kingsmead,1,31.4,South Africa,India,AB de Villiers,JP Duminy,A Nehra,4,0,,,,,,,,,
463150,2010/11,2011-01-12,Kingsmead,1,31.5,South Africa,India,AB de Villiers,JP Duminy,A Nehra,0,0,,,,,,,,,
463150,2010/11,2011-01-12,Kingsmead,1,31.6,South Africa,India,AB de Villiers,JP Duminy,A Nehra,1,0,,,,,,,,,
463150,2010/11,2011-01-12,Kingsmead,1,32.1,South Africa,India,AB de Villiers,JP Duminy,Yuvraj Singh,1,0,,,,,,,,,
463150,2010/11,2011-01-12,Kingsmead,1,32.2,South Africa,India,JP Duminy,AB de Villiers,Yuvraj Singh,0,1,1,,,,,,,,
463150,2010/11,2011-01-12,Kingsmead,1,32.3,South Africa,India,JP Duminy,AB de Villiers,Yuvraj Singh,1,0,,,,,,,,,
463150,2010/11,2011-01-12,Kingsmead,1,32.4,South Africa,India,AB de Villiers,JP Duminy,Yuvraj Singh,1,0,,,,,,,,,
463150,2010/11,2011-01-12,Kingsmead,1,32.5,South Africa,India,JP Duminy,AB de Villiers,Yuvraj Singh,1,0,,,,,,,,,
463150,2010/11,2011-01-12,Kingsmead,1,32.6,South Africa,India,AB de Villiers,JP Duminy,Yuvraj Singh,1,0,,,,,,,,,
463150,2010/11,2011-01-12,Kingsmead,1,32.7,South Africa,India,JP Duminy,AB de Villiers,Yuvraj Singh,0,0,,,,,,,,,
463150,2010/11,2011-01-12,Kingsmead,1,33.1,South Africa,India,AB de Villiers,JP Duminy,A Nehra,1,0,,,,,,,,,
463150,2010/11,2011-01-12,Kingsmead,1,33.2,South Africa,India,JP Duminy,AB de Villiers,A Nehra,1,0,,,,,,,,,
463150,2010/11,2011-01-12,Kingsmead,1,33.3,South Africa,India,AB de Villiers,JP Duminy,A Nehra,1,0,,,,,,,,,
463150,2010/11,2011-01-12,Kingsmead,1,33.4,South Africa,India,JP Duminy,AB de Villiers,A Nehra,2,0,,,,,,,,,
463150,2010/11,2011-01-12,Kingsmead,1,33.5,South Africa,India,JP Duminy,AB de Villiers,A Nehra,1,0,,,,,,,,,
463150,2010/11,2011-01-12,Kingsmead,1,33.6,South Africa,India,AB de Villiers,JP Duminy,A Nehra,2,0,,,,,,,,,
463150,2010/11,2011-01-12,Kingsmead,1,34.1,South Africa,India,JP Duminy,AB de Villiers,Yuvraj Singh,1,0,,,,,,,,,
463150,2010/11,2011-01-12,Kingsmead,1,34.2,South Africa,India,AB de Villiers,JP Duminy,Yuvraj Singh,0,0,,,,,,,,,
463150,2010/11,2011-01-12,Kingsmead,1,34.3,South Africa,India,AB de Villiers,JP Duminy,Yuvraj Singh,1,0,,,,,,,,,
463150,2010/11,2011-01-12,Kingsmead,1,34.4,South Africa,India,JP Duminy,AB de Villiers,Yuvraj Singh,1,0,,,,,,,,,
463150,2010/11,2011-01-12,Kingsmead,1,34.5,South Africa,India,AB de Villiers,JP Duminy,Yuvraj Singh,1,0,,,,,,,,,
463150,2010/11,2011-01-12,Kingsmead,1,34.6,South Africa,India,JP Duminy,AB de Villiers,Yuvraj Singh,1,0,,,,,,,,,
463150,2010/11,2011-01-12,Kingsmead,1,35.1,South Africa,India,JP Duminy,AB de Villiers,RG Sharma,1,0,,,,,,,,,
463150,2010/11,2011-01-12,Kingsmead,1,35.2,South Africa,India,AB de Villiers,JP Duminy,RG Sharma,0,0,,,,,,caught,AB de Villiers,,
463150,2010/11,2011-01-12,Kingsmead,1,35.3,South Africa,India,DA Miller,JP Duminy,RG Sharma,0,0,,,,,,,,,
463150,2010/11,2011-01-12,Kingsmead,1,35.4,South Africa,India,DA Miller,JP Duminy,RG Sharma,2,0,,,,,,,,,
463150,2010/11,2011-01-12,Kingsmead,1,35.5,South Africa,India,DA Miller,JP Duminy,RG Sharma,0,0,,,,,,,,,
463150,2010/11,2011-01-12,Kingsmead,1,35.6,South Africa,India,DA Miller,JP Duminy,RG Sharma,0,0,,,,,,,,,
463150,2010/11,2011-01-12,Kingsmead,1,36.1,South Africa,India,JP Duminy,DA Miller,SK Raina,1,0,,,,,,,,,
463150,2010/11,2011-01-12,Kingsmead,1,36.2,South Africa,India,DA Miller,JP Duminy,SK Raina,0,0,,,,,,,,,
463150,2010/11,2011-01-12,Kingsmead,1,36.3,South Africa,India,DA Miller,JP Duminy,SK Raina,1,0,,,,,,,,,
463150,2010/11,2011-01-12,Kingsmead,1,36.4,South Africa,India,JP Duminy,DA Miller,SK Raina,0,0,,,,,,,,,
463150,2010/11,2011-01-12,Kingsmead,1,36.5,South Africa,India,JP Duminy,DA Miller,SK Raina,1,0,,,,,,,,,
463150,2010/11,2011-01-12,Kingsmead,1,36.6,South Africa,India,DA Miller,JP Duminy,SK Raina,2,0,,,,,,,,,
463150,2010/11,2011-01-12,Kingsmead,1,37.1,South Africa,India,JP Duminy,DA Miller,RG Sharma,0,0,,,,,,,,,
463150,2010/11,2011-01-12,Kingsmead,1,37.2,South Africa,India,JP Duminy,DA Miller,RG Sharma,1,0,,,,,,,,,
463150,2010/11,2011-01-12,Kingsmead,1,37.3,South Africa,India,DA Miller,JP Duminy,RG Sharma,1,0,,,,,,,,,
463150,2010/11,2011-01-12,Kingsmead,1,37.4,South Africa,India,JP Duminy,DA Miller,RG Sharma,1,0,,,,,,,,,
463150,2010/11,2011-01-12,Kingsmead,1,37.5,South Africa,India,DA Miller,JP Duminy,RG Sharma,2,0,,,,,,,,,
463150,2010/11,2011-01-12,Kingsmead,1,37.6,South Africa,India,DA Miller,JP Duminy,RG Sharma,1,0,,,,,,,,,
463150,2010/11,2011-01-12,Kingsmead,1,38.1,South Africa,India,DA Miller,JP Duminy,SK Raina,0,0,,,,,,bowled,DA Miller,,
463150,2010/11,2011-01-12,Kingsmead,1,38.2,South Africa,India,J Botha,JP Duminy,SK Raina,1,0,,,,,,,,,
463150,2010/11,2011-01-12,Kingsmead,1,38.3,South Africa,India,JP Duminy,J Botha,SK Raina,0,0,,,,,,,,,
463150,2010/11,2011-01-12,Kingsmead,1,38.4,South Africa,India,JP Duminy,J Botha,SK Raina,2,0,,,,,,,,,
463150,2010/11,2011-01-12,Kingsmead,1,38.5,South Africa,India,JP Duminy,J Botha,SK Raina,0,0,,,,,,,,,
463150,2010/11,2011-01-12,Kingsmead,1,38.6,South Africa,India,JP Duminy,J Botha,SK Raina,0,0,,,,,,,,,
463150,2010/11,2011-01-12,Kingsmead,1,39.1,South Africa,India,J Botha,JP Duminy,RG Sharma,0,0,,,,,,,,,
463150,2010/11,2011-01-12,Kingsmead,1,39.2,South Africa,India,J Botha,JP Duminy,RG Sharma,0,0,,,,,,,,,
463150,2010/11,2011-01-12,Kingsmead,1,39.3,South Africa,India,J Botha,JP Duminy,RG Sharma,1,0,,,,,,,,,
463150,2010/11,2011-01-12,Kingsmead,1,39.4,South Africa,India,JP Duminy,J Botha,RG Sharma,1,0,,,,,,,,,
463150,2010/11,2011-01-12,Kingsmead,1,39.5,South Africa,India,J Botha,JP Duminy,RG Sharma,1,0,,,,,,,,,
463150,2010/11,2011-01-12,Kingsmead,1,39.6,South Africa,India,JP Duminy,J Botha,RG Sharma,1,0,,,,,,,,,
463150,2010/11,2011-01-12,Kingsmead,1,40.1,South Africa,India,JP Duminy,J Botha,SK Raina,1,0,,,,,,,,,
463150,2010/11,2011-01-12,Kingsmead,1,40.2,South Africa,India,J Botha,JP Duminy,SK Raina,1,0,,,,,,,,,
463150,2010/11,2011-01-12,Kingsmead,1,40.3,South Africa,India,JP Duminy,J Botha,SK Raina,1,0,,,,,,,,,
463150,2010/11,2011-01-12,Kingsmead,1,40.4,South Africa,India,J Botha,JP Duminy,SK Raina,1,0,,,,,,,,,
463150,2010/11,2011-01-12,Kingsmead,1,40.5,South Africa,India,JP Duminy,J Botha,SK Raina,2,0,,,,,,,,,
463150,2010/11,2011-01-12,Kingsmead,1,40.6,South Africa,India,JP Duminy,J Botha,SK Raina,1,0,,,,,,,,,
463150,2010/11,2011-01-12,Kingsmead,1,41.1,South Africa,India,JP Duminy,J Botha,RG Sharma,0,0,,,,,,,,,
463150,2010/11,2011-01-12,Kingsmead,1,41.2,South Africa,India,JP Duminy,J Botha,RG Sharma,1,0,,,,,,,,,
463150,2010/11,2011-01-12,Kingsmead,1,41.3,South Africa,India,J Botha,JP Duminy,RG Sharma,1,0,,,,,,,,,
463150,2010/11,2011-01-12,Kingsmead,1,41.4,South Africa,India,JP Duminy,J Botha,RG Sharma,1,0,,,,,,,,,
463150,2010/11,2011-01-12,Kingsmead,1,41.5,South Africa,India,J Botha,JP Duminy,RG Sharma,1,0,,,,,,,,,
463150,2010/11,2011-01-12,Kingsmead,1,41.6,South Africa,India,JP Duminy,J Botha,RG Sharma,0,0,,,,,,lbw,JP Duminy,,
463150,2010/11,2011-01-12,Kingsmead,1,42.1,South Africa,India,J Botha,WD Parnell,SK Raina,1,0,,,,,,,,,
463150,2010/11,2011-01-12,Kingsmead,1,42.2,South Africa,India,WD Parnell,J Botha,SK Raina,1,0,,,,,,,,,
463150,2010/11,2011-01-12,Kingsmead,1,42.3,South Africa,India,J Botha,WD Parnell,SK Raina,1,0,,,,,,,,,
463150,2010/11,2011-01-12,Kingsmead,1,42.4,South Africa,India,WD Parnell,J Botha,SK Raina,1,0,,,,,,,,,
463150,2010/11,2011-01-12,Kingsmead,1,42.5,South Africa,India,J Botha,WD Parnell,SK Raina,2,0,,,,,,,,,
463150,2010/11,2011-01-12,Kingsmead,1,42.6,South Africa,India,J Botha,WD Parnell,SK Raina,0,0,,,,,,,,,
463150,2010/11,2011-01-12,Kingsmead,1,43.1,South Africa,India,WD Parnell,J Botha,RG Sharma,1,0,,,,,,,,,
463150,2010/11,2011-01-12,Kingsmead,1,43.2,South Africa,India,J Botha,WD Parnell,RG Sharma,1,0,,,,,,,,,
463150,2010/11,2011-01-12,Kingsmead,1,43.3,South Africa,India,WD Parnell,J Botha,RG Sharma,0,0,,,,,,,,,
463150,2010/11,2011-01-12,Kingsmead,1,43.4,South Africa,India,WD Parnell,J Botha,RG Sharma,1,0,,,,,,,,,
463150,2010/11,2011-01-12,Kingsmead,1,43.5,South Africa,India,J Botha,WD Parnell,RG Sharma,0,0,,,,,,,,,
463150,2010/11,2011-01-12,Kingsmead,1,43.6,South Africa,India,J Botha,WD Parnell,RG Sharma,1,0,,,,,,,,,
463150,2010/11,2011-01-12,Kingsmead,1,44.1,South Africa,India,J Botha,WD Parnell,Harbhajan Singh,0,0,,,,,,,,,
463150,2010/11,2011-01-12,Kingsmead,1,44.2,South Africa,India,J Botha,WD Parnell,Harbhajan Singh,0,0,,,,,,,,,
463150,2010/11,2011-01-12,Kingsmead,1,44.3,South Africa,India,J Botha,WD Parnell,Harbhajan Singh,2,0,,,,,,,,,
463150,2010/11,2011-01-12,Kingsmead,1,44.4,South Africa,India,J Botha,WD Parnell,Harbhajan Singh,0,0,,,,,,,,,
463150,2010/11,2011-01-12,Kingsmead,1,44.5,South Africa,India,J Botha,WD Parnell,Harbhajan Singh,1,0,,,,,,,,,
463150,2010/11,2011-01-12,Kingsmead,1,44.6,South Africa,India,WD Parnell,J Botha,Harbhajan Singh,0,0,,,,,,,,,
463150,2010/11,2011-01-12,Kingsmead,1,45.1,South Africa,India,J Botha,WD Parnell,RG Sharma,1,0,,,,,,,,,
463150,2010/11,2011-01-12,Kingsmead,1,45.2,South Africa,India,WD Parnell,J Botha,RG Sharma,1,0,,,,,,,,,
463150,2010/11,2011-01-12,Kingsmead,1,45.3,South Africa,India,J Botha,WD Parnell,RG Sharma,1,0,,,,,,,,,
463150,2010/11,2011-01-12,Kingsmead,1,45.4,South Africa,India,WD Parnell,J Botha,RG Sharma,0,0,,,,,,,,,
463150,2010/11,2011-01-12,Kingsmead,1,45.5,South Africa,India,WD Parnell,J Botha,RG Sharma,1,0,,,,,,,,,
463150,2010/11,2011-01-12,Kingsmead,1,45.6,South Africa,India,J Botha,WD Parnell,RG Sharma,1,0,,,,,,,,,
463150,2010/11,2011-01-12,Kingsmead,1,46.1,South Africa,India,J Botha,WD Parnell,Harbhajan Singh,0,0,,,,,,,,,
463150,2010/11,2011-01-12,Kingsmead,1,46.2,South Africa,India,J Botha,WD Parnell,Harbhajan Singh,4,0,,,,,,,,,
463150,2010/11,2011-01-12,Kingsmead,1,46.3,South Africa,India,J Botha,WD Parnell,Harbhajan Singh,0,0,,,,,,bowled,J Botha,,
463150,2010/11,2011-01-12,Kingsmead,1,46.4,South Africa,India,DW Steyn,WD Parnell,Harbhajan Singh,1,0,,,,,,,,,
463150,2010/11,2011-01-12,Kingsmead,1,46.5,South Africa,India,WD Parnell,DW Steyn,Harbhajan Singh,0,0,,,,,,,,,
463150,2010/11,2011-01-12,Kingsmead,1,46.6,South Africa,India,WD Parnell,DW Steyn,Harbhajan Singh,0,0,,,,,,,,,
463150,2010/11,2011-01-12,Kingsmead,1,47.1,South Africa,India,DW Steyn,WD Parnell,Z Khan,1,0,,,,,,,,,
463150,2010/11,2011-01-12,Kingsmead,1,47.2,South Africa,India,WD Parnell,DW Steyn,Z Khan,1,0,,,,,,,,,
463150,2010/11,2011-01-12,Kingsmead,1,47.3,South Africa,India,DW Steyn,WD Parnell,Z Khan,0,0,,,,,,,,,
463150,2010/11,2011-01-12,Kingsmead,1,47.4,South Africa,India,DW Steyn,WD Parnell,Z Khan,1,0,,,,,,,,,
463150,2010/11,2011-01-12,Kingsmead,1,47.5,South Africa,India,WD Parnell,DW Steyn,Z Khan,1,0,,,,,,,,,
463150,2010/11,2011-01-12,Kingsmead,1,47.6,South Africa,India,DW Steyn,WD Parnell,Z Khan,1,0,,,,,,,,,
463150,2010/11,2011-01-12,Kingsmead,1,48.1,South Africa,India,DW Steyn,WD Parnell,Harbhajan Singh,0,0,,,,,,,,,
463150,2010/11,2011-01-12,Kingsmead,1,48.2,South Africa,India,DW Steyn,WD Parnell,Harbhajan Singh,1,0,,,,,,,,,
463150,2010/11,2011-01-12,Kingsmead,1,48.3,South Africa,India,WD Parnell,DW Steyn,Harbhajan Singh,2,0,,,,,,,,,
463150,2010/11,2011-01-12,Kingsmead,1,48.4,South Africa,India,WD Parnell,DW Steyn,Harbhajan Singh,6,0,,,,,,,,,
463150,2010/11,2011-01-12,Kingsmead,1,48.5,South Africa,India,WD Parnell,DW Steyn,Harbhajan Singh,1,0,,,,,,,,,
463150,2010/11,2011-01-12,Kingsmead,1,48.6,South Africa,India,DW Steyn,WD Parnell,Harbhajan Singh,2,0,,,,,,,,,
463150,2010/11,2011-01-12,Kingsmead,1,49.1,South Africa,India,WD Parnell,DW Steyn,Z Khan,1,0,,,,,,,,,
463150,2010/11,2011-01-12,Kingsmead,1,49.2,South Africa,India,DW Steyn,WD Parnell,Z Khan,0,0,,,,,,caught,DW Steyn,,
463150,2010/11,2011-01-12,Kingsmead,1,49.3,South Africa,India,WD Parnell,M Morkel,Z Khan,1,0,,,,,,,,,
463150,2010/11,2011-01-12,Kingsmead,1,49.4,South Africa,India,M Morkel,WD Parnell,Z Khan,0,0,,,,,,bowled,M Morkel,,
463150,2010/11,2011-01-12,Kingsmead,1,49.5,South Africa,India,LL Tsotsobe,WD Parnell,Z Khan,1,0,,,,,,,,,
463150,2010/11,2011-01-12,Kingsmead,1,49.6,South Africa,India,WD Parnell,LL Tsotsobe,Z Khan,2,0,,,,,,,,,
463150,2010/11,2011-01-12,Kingsmead,2,0.1,India,South Africa,M Vijay,SR Tendulkar,DW Steyn,0,1,1,,,,,,,,
463150,2010/11,2011-01-12,Kingsmead,2,0.2,India,South Africa,M Vijay,SR Tendulkar,DW Steyn,0,0,,,,,,,,,
463150,2010/11,2011-01-12,Kingsmead,2,0.3,India,South Africa,M Vijay,SR Tendulkar,DW Steyn,1,0,,,,,,,,,
463150,2010/11,2011-01-12,Kingsmead,2,0.4,India,South Africa,SR Tendulkar,M Vijay,DW Steyn,1,0,,,,,,,,,
463150,2010/11,2011-01-12,Kingsmead,2,0.5,India,South Africa,M Vijay,SR Tendulkar,DW Steyn,0,0,,,,,,lbw,M Vijay,,
463150,2010/11,2011-01-12,Kingsmead,2,0.6,India,South Africa,V Kohli,SR Tendulkar,DW Steyn,0,0,,,,,,,,,
463150,2010/11,2011-01-12,Kingsmead,2,0.7,India,South Africa,V Kohli,SR Tendulkar,DW Steyn,1,0,,,,,,,,,
463150,2010/11,2011-01-12,Kingsmead,2,1.1,India,South Africa,V Kohli,SR Tendulkar,LL Tsotsobe,1,0,,,,,,,,,
463150,2010/11,2011-01-12,Kingsmead,2,1.2,India,South Africa,SR Tendulkar,V Kohli,LL Tsotsobe,0,0,,,,,,,,,
463150,2010/11,2011-01-12,Kingsmead,2,1.3,India,South Africa,SR Tendulkar,V Kohli,LL Tsotsobe,0,0,,,,,,,,,
463150,2010/11,2011-01-12,Kingsmead,2,1.4,India,South Africa,SR Tendulkar,V Kohli,LL Tsotsobe,0,0,,,,,,,,,
463150,2010/11,2011-01-12,Kingsmead,2,1.5,India,South Africa,SR Tendulkar,V Kohli,LL Tsotsobe,0,0,,,,,,,,,
463150,2010/11,2011-01-12,Kingsmead,2,1.6,India,South Africa,SR Tendulkar,V Kohli,LL Tsotsobe,1,0,,,,,,,,,
463150,2010/11,2011-01-12,Kingsmead,2,2.1,India,South Africa,SR Tendulkar,V Kohli,DW Steyn,2,0,,,,,,,,,
463150,2010/11,2011-01-12,Kingsmead,2,2.2,India,South Africa,SR Tendulkar,V Kohli,DW Steyn,1,0,,,,,,,,,
463150,2010/11,2011-01-12,Kingsmead,2,2.3,India,South Africa,V Kohli,SR Tendulkar,DW Steyn,0,0,,,,,,,,,
463150,2010/11,2011-01-12,Kingsmead,2,2.4,India,South Africa,V Kohli,SR Tendulkar,DW Steyn,0,0,,,,,,,,,
463150,2010/11,2011-01-12,Kingsmead,2,2.5,India,South Africa,V Kohli,SR Tendulkar,DW Steyn,2,0,,,,,,,,,
463150,2010/11,2011-01-12,Kingsmead,2,2.6,India,South Africa,V Kohli,SR Tendulkar,DW Steyn,0,0,,,,,,,,,
463150,2010/11,2011-01-12,Kingsmead,2,3.1,India,South Africa,SR Tendulkar,V Kohli,LL Tsotsobe,0,0,,,,,,,,,
463150,2010/11,2011-01-12,Kingsmead,2,3.2,India,South Africa,SR Tendulkar,V Kohli,LL Tsotsobe,2,0,,,,,,,,,
463150,2010/11,2011-01-12,Kingsmead,2,3.3,India,South Africa,SR Tendulkar,V Kohli,LL Tsotsobe,0,0,,,,,,caught,SR Tendulkar,,
463150,2010/11,2011-01-12,Kingsmead,2,3.4,India,South Africa,V Kohli,RG Sharma,LL Tsotsobe,0,0,,,,,,,,,
463150,2010/11,2011-01-12,Kingsmead,2,3.5,India,South Africa,V Kohli,RG Sharma,LL Tsotsobe,1,0,,,,,,,,,
463150,2010/11,2011-01-12,Kingsmead,2,3.6,India,South Africa,RG Sharma,V Kohli,LL Tsotsobe,0,0,,,,,,,,,
463150,2010/11,2011-01-12,Kingsmead,2,4.1,India,South Africa,V Kohli,RG Sharma,DW Steyn,0,0,,,,,,,,,
463150,2010/11,2011-01-12,Kingsmead,2,4.2,India,South Africa,V Kohli,RG Sharma,DW Steyn,1,0,,,,,,,,,
463150,2010/11,2011-01-12,Kingsmead,2,4.3,India,South Africa,RG Sharma,V Kohli,DW Steyn,0,4,,,4,,,,,,
463150,2010/11,2011-01-12,Kingsmead,2,4.4,India,South Africa,RG Sharma,V Kohli,DW Steyn,1,0,,,,,,,,,
463150,2010/11,2011-01-12,Kingsmead,2,4.5,India,South Africa,V Kohli,RG Sharma,DW Steyn,0,0,,,,,,,,,
463150,2010/11,2011-01-12,Kingsmead,2,4.6,India,South Africa,V Kohli,RG Sharma,DW Steyn,0,1,1,,,,,,,,
463150,2010/11,2011-01-12,Kingsmead,2,4.7,India,South Africa,V Kohli,RG Sharma,DW Steyn,4,0,,,,,,,,,
463150,2010/11,2011-01-12,Kingsmead,2,5.1,India,South Africa,RG Sharma,V Kohli,LL Tsotsobe,0,0,,,,,,,,,
463150,2010/11,2011-01-12,Kingsmead,2,5.2,India,South Africa,RG Sharma,V Kohli,LL Tsotsobe,0,0,,,,,,,,,
463150,2010/11,2011-01-12,Kingsmead,2,5.3,India,South Africa,RG Sharma,V Kohli,LL Tsotsobe,0,0,,,,,,,,,
463150,2010/11,2011-01-12,Kingsmead,2,5.4,India,South Africa,RG Sharma,V Kohli,LL Tsotsobe,0,1,1,,,,,,,,
463150,2010/11,2011-01-12,Kingsmead,2,5.5,India,South Africa,RG Sharma,V Kohli,LL Tsotsobe,1,0,,,,,,,,,
463150,2010/11,2011-01-12,Kingsmead,2,5.6,India,South Africa,V Kohli,RG Sharma,LL Tsotsobe,0,0,,,,,,,,,
463150,2010/11,2011-01-12,Kingsmead,2,5.7,India,South Africa,V Kohli,RG Sharma,LL Tsotsobe,0,0,,,,,,,,,
463150,2010/11,2011-01-12,Kingsmead,2,6.1,India,South Africa,RG Sharma,V Kohli,M Morkel,0,0,,,,,,,,,
463150,2010/11,2011-01-12,Kingsmead,2,6.2,India,South Africa,RG Sharma,V Kohli,M Morkel,0,0,,,,,,,,,
463150,2010/11,2011-01-12,Kingsmead,2,6.3,India,South Africa,RG Sharma,V Kohli,M Morkel,0,0,,,,,,,,,
463150,2010/11,2011-01-12,Kingsmead,2,6.4,India,South Africa,RG Sharma,V Kohli,M Morkel,0,0,,,,,,,,,
463150,2010/11,2011-01-12,Kingsmead,2,6.5,India,South Africa,RG Sharma,V Kohli,M Morkel,0,0,,,,,,,,,
463150,2010/11,2011-01-12,Kingsmead,2,6.6,India,South Africa,RG Sharma,V Kohli,M Morkel,2,0,,,,,,,,,
463150,2010/11,2011-01-12,Kingsmead,2,7.1,India,South Africa,V Kohli,RG Sharma,LL Tsotsobe,1,0,,,,,,,,,
463150,2010/11,2011-01-12,Kingsmead,2,7.2,India,South Africa,RG Sharma,V Kohli,LL Tsotsobe,0,0,,,,,,,,,
463150,2010/11,2011-01-12,Kingsmead,2,7.3,India,South Africa,RG Sharma,V Kohli,LL Tsotsobe,4,0,,,,,,,,,
463150,2010/11,2011-01-12,Kingsmead,2,7.4,India,South Africa,RG Sharma,V Kohli,LL Tsotsobe,0,0,,,,,,,,,
463150,2010/11,2011-01-12,Kingsmead,2,7.5,India,South Africa,RG Sharma,V Kohli,LL Tsotsobe,0,0,,,,,,,,,
463150,2010/11,2011-01-12,Kingsmead,2,7.6,India,South Africa,RG Sharma,V Kohli,LL Tsotsobe,0,0,,,,,,,,,
463150,2010/11,2011-01-12,Kingsmead,2,8.1,India,South Africa,V Kohli,RG Sharma,M Morkel,1,0,,,,,,,,,
463150,2010/11,2011-01-12,Kingsmead,2,8.2,India,South Africa,RG Sharma,V Kohli,M Morkel,0,0,,,,,,,,,
463150,2010/11,2011-01-12,Kingsmead,2,8.3,India,South Africa,RG Sharma,V Kohli,M Morkel,0,0,,,,,,,,,
463150,2010/11,2011-01-12,Kingsmead,2,8.4,India,South Africa,RG Sharma,V Kohli,M Morkel,0,0,,,,,,,,,
463150,2010/11,2011-01-12,Kingsmead,2,8.5,India,South Africa,RG Sharma,V Kohli,M Morkel,0,0,,,,,,,,,
463150,2010/11,2011-01-12,Kingsmead,2,8.6,India,South Africa,RG Sharma,V Kohli,M Morkel,2,0,,,,,,,,,
463150,2010/11,2011-01-12,Kingsmead,2,9.1,India,South Africa,V Kohli,RG Sharma,LL Tsotsobe,0,0,,,,,,,,,
463150,2010/11,2011-01-12,Kingsmead,2,9.2,India,South Africa,V Kohli,RG Sharma,LL Tsotsobe,2,0,,,,,,,,,
463150,2010/11,2011-01-12,Kingsmead,2,9.3,India,South Africa,V Kohli,RG Sharma,LL Tsotsobe,1,0,,,,,,,,,
463150,2010/11,2011-01-12,Kingsmead,2,9.4,India,South Africa,RG Sharma,V Kohli,LL Tsotsobe,0,0,,,,,,,,,
463150,2010/11,2011-01-12,Kingsmead,2,9.5,India,South Africa,RG Sharma,V Kohli,LL Tsotsobe,0,0,,,,,,,,,
463150,2010/11,2011-01-12,Kingsmead,2,9.6,India,South Africa,RG Sharma,V Kohli,LL Tsotsobe,1,0,,,,,,,,,
463150,2010/11,2011-01-12,Kingsmead,2,10.1,India,South Africa,RG Sharma,V Kohli,M Morkel,0,0,,,,,,caught,RG Sharma,,
463150,2010/11,2011-01-12,Kingsmead,2,10.2,India,South Africa,Yuvraj Singh,V Kohli,M Morkel,2,0,,,,,,,,,
463150,2010/11,2011-01-12,Kingsmead,2,10.3,India,South Africa,Yuvraj Singh,V Kohli,M Morkel,0,0,,,,,,,,,
463150,2010/11,2011-01-12,Kingsmead,2,10.4,India,South Africa,Yuvraj Singh,V Kohli,M Morkel,0,0,,,,,,,,,
463150,2010/11,2011-01-12,Kingsmead,2,10.5,India,South Africa,Yuvraj Singh,V Kohli,M Morkel,0,0,,,,,,caught,Yuvraj Singh,,
463150,2010/11,2011-01-12,Kingsmead,2,10.6,India,South Africa,MS Dhoni,V Kohli,M Morkel,0,0,,,,,,,,,
463150,2010/11,2011-01-12,Kingsmead,2,11.1,India,South Africa,V Kohli,MS Dhoni,LL Tsotsobe,0,0,,,,,,,,,
463150,2010/11,2011-01-12,Kingsmead,2,11.2,India,South Africa,V Kohli,MS Dhoni,LL Tsotsobe,1,0,,,,,,,,,
463150,2010/11,2011-01-12,Kingsmead,2,11.3,India,South Africa,MS Dhoni,V Kohli,LL Tsotsobe,0,0,,,,,,,,,
463150,2010/11,2011-01-12,Kingsmead,2,11.4,India,South Africa,MS Dhoni,V Kohli,LL Tsotsobe,0,0,,,,,,,,,
463150,2010/11,2011-01-12,Kingsmead,2,11.5,India,South Africa,MS Dhoni,V Kohli,LL Tsotsobe,1,0,,,,,,,,,
463150,2010/11,2011-01-12,Kingsmead,2,11.6,India,South Africa,V Kohli,MS Dhoni,LL Tsotsobe,1,0,,,,,,,,,
463150,2010/11,2011-01-12,Kingsmead,2,12.1,India,South Africa,V Kohli,MS Dhoni,M Morkel,0,0,,,,,,,,,
463150,2010/11,2011-01-12,Kingsmead,2,12.2,India,South Africa,V Kohli,MS Dhoni,M Morkel,2,0,,,,,,,,,
463150,2010/11,2011-01-12,Kingsmead,2,12.3,India,South Africa,V Kohli,MS Dhoni,M Morkel,0,0,,,,,,,,,
463150,2010/11,2011-01-12,Kingsmead,2,12.4,India,South Africa,V Kohli,MS Dhoni,M Morkel,0,0,,,,,,,,,
463150,2010/11,2011-01-12,Kingsmead,2,12.5,India,South Africa,V Kohli,MS Dhoni,M Morkel,0,0,,,,,,,,,
463150,2010/11,2011-01-12,Kingsmead,2,12.6,India,South Africa,V Kohli,MS Dhoni,M Morkel,0,0,,,,,,,,,
463150,2010/11,2011-01-12,Kingsmead,2,13.1,India,South Africa,MS Dhoni,V Kohli,LL Tsotsobe,0,0,,,,,,,,,
463150,2010/11,2011-01-12,Kingsmead,2,13.2,India,South Africa,MS Dhoni,V Kohli,LL Tsotsobe,1,0,,,,,,,,,
463150,2010/11,2011-01-12,Kingsmead,2,13.3,India,South Africa,V Kohli,MS Dhoni,LL Tsotsobe,0,0,,,,,,,,,
463150,2010/11,2011-01-12,Kingsmead,2,13.4,India,South Africa,V Kohli,MS Dhoni,LL Tsotsobe,1,0,,,,,,,,,
463150,2010/11,2011-01-12,Kingsmead,2,13.5,India,South Africa,MS Dhoni,V Kohli,LL Tsotsobe,0,0,,,,,,,,,
463150,2010/11,2011-01-12,Kingsmead,2,13.6,India,South Africa,MS Dhoni,V Kohli,LL Tsotsobe,3,0,,,,,,,,,
463150,2010/11,2011-01-12,Kingsmead,2,14.1,India,South Africa,MS Dhoni,V Kohli,WD Parnell,0,0,,,,,,,,,
463150,2010/11,2011-01-12,Kingsmead,2,14.2,India,South Africa,MS Dhoni,V Kohli,WD Parnell,0,0,,,,,,,,,
463150,2010/11,2011-01-12,Kingsmead,2,14.3,India,South Africa,MS Dhoni,V Kohli,WD Parnell,2,0,,,,,,,,,
463150,2010/11,2011-01-12,Kingsmead,2,14.4,India,South Africa,MS Dhoni,V Kohli,WD Parnell,1,0,,,,,,,,,
463150,2010/11,2011-01-12,Kingsmead,2,14.5,India,South Africa,V Kohli,MS Dhoni,WD Parnell,0,0,,,,,,,,,
463150,2010/11,2011-01-12,Kingsmead,2,14.6,India,South Africa,V Kohli,MS Dhoni,WD Parnell,1,0,,,,,,,,,
463150,2010/11,2011-01-12,Kingsmead,2,15.1,India,South Africa,V Kohli,MS Dhoni,J Botha,1,0,,,,,,,,,
463150,2010/11,2011-01-12,Kingsmead,2,15.2,India,South Africa,MS Dhoni,V Kohli,J Botha,0,0,,,,,,,,,
463150,2010/11,2011-01-12,Kingsmead,2,15.3,India,South Africa,MS Dhoni,V Kohli,J Botha,0,0,,,,,,,,,
463150,2010/11,2011-01-12,Kingsmead,2,15.4,India,South Africa,MS Dhoni,V Kohli,J Botha,0,0,,,,,,,,,
463150,2010/11,2011-01-12,Kingsmead,2,15.5,India,South Africa,MS Dhoni,V Kohli,J Botha,0,0,,,,,,,,,
463150,2010/11,2011-01-12,Kingsmead,2,15.6,India,South Africa,MS Dhoni,V Kohli,J Botha,1,0,,,,,,,,,
463150,2010/11,2011-01-12,Kingsmead,2,16.1,India,South Africa,MS Dhoni,V Kohli,WD Parnell,1,0,,,,,,,,,
463150,2010/11,2011-01-12,Kingsmead,2,16.2,India,South Africa,V Kohli,MS Dhoni,WD Parnell,0,0,,,,,,,,,
463150,2010/11,2011-01-12,Kingsmead,2,16.3,India,South Africa,V Kohli,MS Dhoni,WD Parnell,0,0,,,,,,,,,
463150,2010/11,2011-01-12,Kingsmead,2,16.4,India,South Africa,V Kohli,MS Dhoni,WD Parnell,0,0,,,,,,,,,
463150,2010/11,2011-01-12,Kingsmead,2,16.5,India,South Africa,V Kohli,MS Dhoni,WD Parnell,0,0,,,,,,,,,
463150,2010/11,2011-01-12,Kingsmead,2,16.6,India,South Africa,V Kohli,MS Dhoni,WD Parnell,0,0,,,,,,,,,
463150,2010/11,2011-01-12,Kingsmead,2,17.1,India,South Africa,MS Dhoni,V Kohli,J Botha,0,0,,,,,,,,,
463150,2010/11,2011-01-12,Kingsmead,2,17.2,India,South Africa,MS Dhoni,V Kohli,J Botha,1,0,,,,,,,,,
463150,2010/11,2011-01-12,Kingsmead,2,17.3,India,South Africa,V Kohli,MS Dhoni,J Botha,1,0,,,,,,,,,
463150,2010/11,2011-01-12,Kingsmead,2,17.4,India,South Africa,MS Dhoni,V Kohli,J Botha,2,0,,,,,,,,,
463150,2010/11,2011-01-12,Kingsmead,2,17.5,India,South Africa,MS Dhoni,V Kohli,J Botha,1,0,,,,,,,,,
463150,2010/11,2011-01-12,Kingsmead,2,17.6,India,South Africa,V Kohli,MS Dhoni,J Botha,0,0,,,,,,,,,
463150,2010/11,2011-01-12,Kingsmead,2,18.1,India,South Africa,MS Dhoni,V Kohli,WD Parnell,1,0,,,,,,,,,
463150,2010/11,2011-01-12,Kingsmead,2,18.2,India,South Africa,V Kohli,MS Dhoni,WD Parnell,1,0,,,,,,,,,
463150,2010/11,2011-01-12,Kingsmead,2,18.3,India,South Africa,MS Dhoni,V Kohli,WD Parnell,1,0,,,,,,,,,
463150,2010/11,2011-01-12,Kingsmead,2,18.4,India,South Africa,V Kohli,MS Dhoni,WD Parnell,1,0,,,,,,,,,
463150,2010/11,2011-01-12,Kingsmead,2,18.5,India,South Africa,MS Dhoni,V Kohli,WD Parnell,0,0,,,,,,,,,
463150,2010/11,2011-01-12,Kingsmead,2,18.6,India,South Africa,MS Dhoni,V Kohli,WD Parnell,0,0,,,,,,,,,
463150,2010/11,2011-01-12,Kingsmead,2,19.1,India,South Africa,V Kohli,MS Dhoni,J Botha,1,0,,,,,,,,,
463150,2010/11,2011-01-12,Kingsmead,2,19.2,India,South Africa,MS Dhoni,V Kohli,J Botha,2,0,,,,,,,,,
463150,2010/11,2011-01-12,Kingsmead,2,19.3,India,South Africa,MS Dhoni,V Kohli,J Botha,0,0,,,,,,,,,
463150,2010/11,2011-01-12,Kingsmead,2,19.4,India,South Africa,MS Dhoni,V Kohli,J Botha,1,0,,,,,,,,,
463150,2010/11,2011-01-12,Kingsmead,2,19.5,India,South Africa,V Kohli,MS Dhoni,J Botha,0,0,,,,,,,,,
463150,2010/11,2011-01-12,Kingsmead,2,19.6,India,South Africa,V Kohli,MS Dhoni,J Botha,1,0,,,,,,,,,
463150,2010/11,2011-01-12,Kingsmead,2,20.1,India,South Africa,V Kohli,MS Dhoni,WD Parnell,0,1,1,,,,,,,,
463150,2010/11,2011-01-12,Kingsmead,2,20.2,India,South Africa,V Kohli,MS Dhoni,WD Parnell,0,0,,,,,,,,,
463150,2010/11,2011-01-12,Kingsmead,2,20.3,India,South Africa,V Kohli,MS Dhoni,WD Parnell,0,0,,,,,,,,,
463150,2010/11,2011-01-12,Kingsmead,2,20.4,India,South Africa,V Kohli,MS Dhoni,WD Parnell,0,0,,,,,,,,,
463150,2010/11,2011-01-12,Kingsmead,2,20.5,India,South Africa,V Kohli,MS Dhoni,WD Parnell,0,0,,,,,,,,,
463150,2010/11,2011-01-12,Kingsmead,2,20.6,India,South Africa,V Kohli,MS Dhoni,WD Parnell,1,0,,,,,,,,,
463150,2010/11,2011-01-12,Kingsmead,2,20.7,India,South Africa,MS Dhoni,V Kohli,WD Parnell,0,0,,,,,,,,,
463150,2010/11,2011-01-12,Kingsmead,2,21.1,India,South Africa,V Kohli,MS Dhoni,J Botha,6,0,,,,,,,,,
463150,2010/11,2011-01-12,Kingsmead,2,21.2,India,South Africa,V Kohli,MS Dhoni,J Botha,4,0,,,,,,,,,
463150,2010/11,2011-01-12,Kingsmead,2,21.3,India,South Africa,V Kohli,MS Dhoni,J Botha,1,0,,,,,,,,,
463150,2010/11,2011-01-12,Kingsmead,2,21.4,India,South Africa,MS Dhoni,V Kohli,J Botha,4,0,,,,,,,,,
463150,2010/11,2011-01-12,Kingsmead,2,21.5,India,South Africa,MS Dhoni,V Kohli,J Botha,0,0,,,,,,,,,
463150,2010/11,2011-01-12,Kingsmead,2,21.6,India,South Africa,MS Dhoni,V Kohli,J Botha,0,0,,,,,,,,,
463150,2010/11,2011-01-12,Kingsmead,2,22.1,India,South Africa,V Kohli,MS Dhoni,WD Parnell,1,0,,,,,,,,,
463150,2010/11,2011-01-12,Kingsmead,2,22.2,India,South Africa,MS Dhoni,V Kohli,WD Parnell,1,0,,,,,,,,,
463150,2010/11,2011-01-12,Kingsmead,2,22.3,India,South Africa,V Kohli,MS Dhoni,WD Parnell,1,0,,,,,,,,,
463150,2010/11,2011-01-12,Kingsmead,2,22.4,India,South Africa,MS Dhoni,V Kohli,WD Parnell,1,0,,,,,,,,,
463150,2010/11,2011-01-12,Kingsmead,2,22.5,India,South Africa,V Kohli,MS Dhoni,WD Parnell,0,0,,,,,,run out,MS Dhoni,,
463150,2010/11,2011-01-12,Kingsmead,2,22.6,India,South Africa,V Kohli,SK Raina,WD Parnell,1,0,,,,,,,,,
463150,2010/11,2011-01-12,Kingsmead,2,23.1,India,South Africa,V Kohli,SK Raina,J Botha,1,0,,,,,,,,,
463150,2010/11,2011-01-12,Kingsmead,2,23.2,India,South Africa,SK Raina,V Kohli,J Botha,2,0,,,,,,,,,
463150,2010/11,2011-01-12,Kingsmead,2,23.3,India,South Africa,SK Raina,V Kohli,J Botha,0,0,,,,,,,,,
463150,2010/11,2011-01-12,Kingsmead,2,23.4,India,South Africa,SK Raina,V Kohli,J Botha,1,0,,,,,,,,,
463150,2010/11,2011-01-12,Kingsmead,2,23.5,India,South Africa,V Kohli,SK Raina,J Botha,1,0,,,,,,,,,
463150,2010/11,2011-01-12,Kingsmead,2,23.6,India,South Africa,SK Raina,V Kohli,J Botha,1,0,,,,,,,,,
463150,2010/11,2011-01-12,Kingsmead,2,24.1,India,South Africa,SK Raina,V Kohli,DW Steyn,0,0,,,,,,,,,
463150,2010/11,2011-01-12,Kingsmead,2,24.2,India,South Africa,SK Raina,V Kohli,DW Steyn,0,1,1,,,,,,,,
463150,2010/11,2011-01-12,Kingsmead,2,24.3,India,South Africa,SK Raina,V Kohli,DW Steyn,0,1,1,,,,,,,,
463150,2010/11,2011-01-12,Kingsmead,2,24.4,India,South Africa,SK Raina,V Kohli,DW Steyn,0,0,,,,,,,,,
463150,2010/11,2011-01-12,Kingsmead,2,24.5,India,South Africa,SK Raina,V Kohli,DW Steyn,1,0,,,,,,,,,
463150,2010/11,2011-01-12,Kingsmead,2,24.6,India,South Africa,V Kohli,SK Raina,DW Steyn,1,0,,,,,,,,,
463150,2010/11,2011-01-12,Kingsmead,2,24.7,India,South Africa,SK Raina,V Kohli,DW Steyn,0,0,,,,,,,,,
463150,2010/11,2011-01-12,Kingsmead,2,24.8,India,South Africa,SK Raina,V Kohli,DW Steyn,0,0,,,,,,,,,
463150,2010/11,2011-01-12,Kingsmead,2,25.1,India,South Africa,V Kohli,SK Raina,J Botha,1,0,,,,,,,,,
463150,2010/11,2011-01-12,Kingsmead,2,25.2,India,South Africa,SK Raina,V Kohli,J Botha,0,0,,,,,,,,,
463150,2010/11,2011-01-12,Kingsmead,2,25.3,India,South Africa,SK Raina,V Kohli,J Botha,0,0,,,,,,,,,
463150,2010/11,2011-01-12,Kingsmead,2,25.4,India,South Africa,SK Raina,V Kohli,J Botha,1,0,,,,,,,,,
463150,2010/11,2011-01-12,Kingsmead,2,25.5,India,South Africa,V Kohli,SK Raina,J Botha,1,0,,,,,,,,,
463150,2010/11,2011-01-12,Kingsmead,2,25.6,India,South Africa,SK Raina,V Kohli,J Botha,0,0,,,,,,,,,
463150,2010/11,2011-01-12,Kingsmead,2,26.1,India,South Africa,V Kohli,SK Raina,JP Duminy,1,0,,,,,,,,,
463150,2010/11,2011-01-12,Kingsmead,2,26.2,India,South Africa,SK Raina,V Kohli,JP Duminy,1,0,,,,,,,,,
463150,2010/11,2011-01-12,Kingsmead,2,26.3,India,South Africa,V Kohli,SK Raina,JP Duminy,1,0,,,,,,,,,
463150,2010/11,2011-01-12,Kingsmead,2,26.4,India,South Africa,SK Raina,V Kohli,JP Duminy,0,0,,,,,,,,,
463150,2010/11,2011-01-12,Kingsmead,2,26.5,India,South Africa,SK Raina,V Kohli,JP Duminy,0,0,,,,,,,,,
463150,2010/11,2011-01-12,Kingsmead,2,26.6,India,South Africa,SK Raina,V Kohli,JP Duminy,0,0,,,,,,,,,
463150,2010/11,2011-01-12,Kingsmead,2,27.1,India,South Africa,V Kohli,SK Raina,J Botha,1,0,,,,,,,,,
463150,2010/11,2011-01-12,Kingsmead,2,27.2,India,South Africa,SK Raina,V Kohli,J Botha,2,0,,,,,,,,,
463150,2010/11,2011-01-12,Kingsmead,2,27.3,India,South Africa,SK Raina,V Kohli,J Botha,0,0,,,,,,,,,
463150,2010/11,2011-01-12,Kingsmead,2,27.4,India,South Africa,SK Raina,V Kohli,J Botha,6,0,,,,,,,,,
463150,2010/11,2011-01-12,Kingsmead,2,27.5,India,South Africa,SK Raina,V Kohli,J Botha,0,0,,,,,,,,,
463150,2010/11,2011-01-12,Kingsmead,2,27.6,India,South Africa,SK Raina,V Kohli,J Botha,1,0,,,,,,,,,
463150,2010/11,2011-01-12,Kingsmead,2,28.1,India,South Africa,SK Raina,V Kohli,JP Duminy,0,0,,,,,,,,,
463150,2010/11,2011-01-12,Kingsmead,2,28.2,India,South Africa,SK Raina,V Kohli,JP Duminy,1,0,,,,,,,,,
463150,2010/11,2011-01-12,Kingsmead,2,28.3,India,South Africa,V Kohli,SK Raina,JP Duminy,2,0,,,,,,,,,
463150,2010/11,2011-01-12,Kingsmead,2,28.4,India,South Africa,V Kohli,SK Raina,JP Duminy,1,0,,,,,,,,,
463150,2010/11,2011-01-12,Kingsmead,2,28.5,India,South Africa,SK Raina,V Kohli,JP Duminy,0,0,,,,,,,,,
463150,2010/11,2011-01-12,Kingsmead,2,28.6,India,South Africa,SK Raina,V Kohli,JP Duminy,0,0,,,,,,,,,
463150,2010/11,2011-01-12,Kingsmead,2,29.1,India,South Africa,V Kohli,SK Raina,DW Steyn,1,0,,,,,,,,,
463150,2010/11,2011-01-12,Kingsmead,2,29.2,India,South Africa,SK Raina,V Kohli,DW Steyn,1,0,,,,,,,,,
463150,2010/11,2011-01-12,Kingsmead,2,29.3,India,South Africa,V Kohli,SK Raina,DW Steyn,0,0,,,,,,caught,V Kohli,,
463150,2010/11,2011-01-12,Kingsmead,2,29.4,India,South Africa,Harbhajan Singh,SK Raina,DW Steyn,0,0,,,,,,,,,
463150,2010/11,2011-01-12,Kingsmead,2,29.5,India,South Africa,Harbhajan Singh,SK Raina,DW Steyn,0,0,,,,,,,,,
463150,2010/11,2011-01-12,Kingsmead,2,29.6,India,South Africa,Harbhajan Singh,SK Raina,DW Steyn,0,0,,,,,,,,,
463150,2010/11,2011-01-12,Kingsmead,2,30.1,India,South Africa,SK Raina,Harbhajan Singh,WD Parnell,1,0,,,,,,,,,
463150,2010/11,2011-01-12,Kingsmead,2,30.2,India,South Africa,Harbhajan Singh,SK Raina,WD Parnell,0,0,,,,,,bowled,Harbhajan Singh,,
463150,2010/11,2011-01-12,Kingsmead,2,30.3,India,South Africa,Z Khan,SK Raina,WD Parnell,1,0,,,,,,,,,
463150,2010/11,2011-01-12,Kingsmead,2,30.4,India,South Africa,SK Raina,Z Khan,WD Parnell,0,1,1,,,,,,,,
463150,2010/11,2011-01-12,Kingsmead,2,30.5,India,South Africa,SK Raina,Z Khan,WD Parnell,0,1,1,,,,,,,,
463150,2010/11,2011-01-12,Kingsmead,2,30.6,India,South Africa,SK Raina,Z Khan,WD Parnell,1,0,,,,,,,,,
463150,2010/11,2011-01-12,Kingsmead,2,30.7,India,South Africa,Z Khan,SK Raina,WD Parnell,0,0,,,,,,,,,
463150,2010/11,2011-01-12,Kingsmead,2,30.8,India,South Africa,Z Khan,SK Raina,WD Parnell,0,0,,,,,,,,,
463150,2010/11,2011-01-12,Kingsmead,2,31.1,India,South Africa,SK Raina,Z Khan,DW Steyn,4,0,,,,,,,,,
463150,2010/11,2011-01-12,Kingsmead,2,31.2,India,South Africa,SK Raina,Z Khan,DW Steyn,1,0,,,,,,,,,
463150,2010/11,2011-01-12,Kingsmead,2,31.3,India,South Africa,Z Khan,SK Raina,DW Steyn,0,0,,,,,,,,,
463150,2010/11,2011-01-12,Kingsmead,2,31.4,India,South Africa,Z Khan,SK Raina,DW Steyn,1,0,,,,,,,,,
463150,2010/11,2011-01-12,Kingsmead,2,31.5,India,South Africa,SK Raina,Z Khan,DW Steyn,1,0,,,,,,,,,
463150,2010/11,2011-01-12,Kingsmead,2,31.6,India,South Africa,Z Khan,SK Raina,DW Steyn,0,0,,,,,,,,,
463150,2010/11,2011-01-12,Kingsmead,2,32.1,India,South Africa,SK Raina,Z Khan,WD Parnell,0,1,1,,,,,,,,
463150,2010/11,2011-01-12,Kingsmead,2,32.2,India,South Africa,SK Raina,Z Khan,WD Parnell,1,0,,,,,,,,,
463150,2010/11,2011-01-12,Kingsmead,2,32.3,India,South Africa,Z Khan,SK Raina,WD Parnell,0,0,,,,,,,,,
463150,2010/11,2011-01-12,Kingsmead,2,32.4,India,South Africa,Z Khan,SK Raina,WD Parnell,0,0,,,,,,,,,
463150,2010/11,2011-01-12,Kingsmead,2,32.5,India,South Africa,Z Khan,SK Raina,WD Parnell,0,0,,,,,,,,,
463150,2010/11,2011-01-12,Kingsmead,2,32.6,India,South Africa,Z Khan,SK Raina,WD Parnell,1,0,,,,,,,,,
463150,2010/11,2011-01-12,Kingsmead,2,32.7,India,South Africa,SK Raina,Z Khan,WD Parnell,1,0,,,,,,,,,
463150,2010/11,2011-01-12,Kingsmead,2,33.1,India,South Africa,SK Raina,Z Khan,LL Tsotsobe,4,0,,,,,,,,,
463150,2010/11,2011-01-12,Kingsmead,2,33.2,India,South Africa,SK Raina,Z Khan,LL Tsotsobe,0,0,,,,,,caught,SK Raina,,
463150,2010/11,2011-01-12,Kingsmead,2,33.3,India,South Africa,A Nehra,Z Khan,LL Tsotsobe,0,0,,,,,,,,,
463150,2010/11,2011-01-12,Kingsmead,2,33.4,India,South Africa,A Nehra,Z Khan,LL Tsotsobe,0,0,,,,,,,,,
463150,2010/11,2011-01-12,Kingsmead,2,33.5,India,South Africa,A Nehra,Z Khan,LL Tsotsobe,0,1,1,,,,,,,,
463150,2010/11,2011-01-12,Kingsmead,2,33.6,India,South Africa,A Nehra,Z Khan,LL Tsotsobe,0,0,,,,,,,,,
463150,2010/11,2011-01-12,Kingsmead,2,33.7,India,South Africa,A Nehra,Z Khan,LL Tsotsobe,0,0,,,,,,,,,
463150,2010/11,2011-01-12,Kingsmead,2,34.1,India,South Africa,Z Khan,A Nehra,M Morkel,1,0,,,,,,,,,
463150,2010/11,2011-01-12,Kingsmead,2,34.2,India,South Africa,A Nehra,Z Khan,M Morkel,0,0,,,,,,,,,
463150,2010/11,2011-01-12,Kingsmead,2,34.3,India,South Africa,A Nehra,Z Khan,M Morkel,1,0,,,,,,,,,
463150,2010/11,2011-01-12,Kingsmead,2,34.4,India,South Africa,Z Khan,A Nehra,M Morkel,0,0,,,,,,,,,
463150,2010/11,2011-01-12,Kingsmead,2,34.5,India,South Africa,Z Khan,A Nehra,M Morkel,0,0,,,,,,,,,
463150,2010/11,2011-01-12,Kingsmead,2,34.6,India,South Africa,Z Khan,A Nehra,M Morkel,1,0,,,,,,,,,
463150,2010/11,2011-01-12,Kingsmead,2,35.1,India,South Africa,Z Khan,A Nehra,LL Tsotsobe,1,0,,,,,,,,,
463150,2010/11,2011-01-12,Kingsmead,2,35.2,India,South Africa,A Nehra,Z Khan,LL Tsotsobe,0,0,,,,,,bowled,A Nehra,,
463150,2010/11,2011-01-12,Kingsmead,2,35.3,India,South Africa,MM Patel,Z Khan,LL Tsotsobe,1,0,,,,,,,,,
463150,2010/11,2011-01-12,Kingsmead,2,35.4,India,South Africa,Z Khan,MM Patel,LL Tsotsobe,0,0,,,,,,caught,Z Khan,,
