match_id,season,start_date,venue,innings,ball,batting_team,bowling_team,striker,non_striker,bowler,runs_off_bat,extras,wides,noballs,byes,legbyes,penalty,wicket_type,player_dismissed,other_wicket_type,other_player_dismissed
467885,2010/11,2010-12-04,Reliance Stadium,1,0.1,New Zealand,India,MJ Guptill,BB McCullum,Z Khan,1,0,,,,,,,,,
467885,2010/11,2010-12-04,Reliance Stadium,1,0.2,New Zealand,India,BB McCullum,MJ Guptill,Z Khan,0,1,1,,,,,,,,
467885,2010/11,2010-12-04,Reliance Stadium,1,0.3,New Zealand,India,BB McCullum,MJ Guptill,Z Khan,0,0,,,,,,caught,BB McCullum,,
467885,2010/11,2010-12-04,Reliance Stadium,1,0.4,New Zealand,India,KS Williamson,MJ Guptill,Z Khan,0,1,1,,,,,,,,
467885,2010/11,2010-12-04,Reliance Stadium,1,0.5,New Zealand,India,KS Williamson,MJ Guptill,Z Khan,0,0,,,,,,,,,
467885,2010/11,2010-12-04,Reliance Stadium,1,0.6,New Zealand,India,KS Williamson,MJ Guptill,Z Khan,0,1,,,,1,,,,,
467885,2010/11,2010-12-04,Reliance Stadium,1,0.7,New Zealand,India,MJ Guptill,KS Williamson,Z Khan,0,0,,,,,,,,,
467885,2010/11,2010-12-04,Reliance Stadium,1,0.8,New Zealand,India,MJ Guptill,KS Williamson,Z Khan,0,0,,,,,,,,,
467885,2010/11,2010-12-04,Reliance Stadium,1,1.1,New Zealand,India,KS Williamson,MJ Guptill,A Nehra,0,0,,,,,,,,,
467885,2010/11,2010-12-04,Reliance Stadium,1,1.2,New Zealand,India,KS Williamson,MJ Guptill,A Nehra,0,0,,,,,,,,,
467885,2010/11,2010-12-04,Reliance Stadium,1,1.3,New Zealand,India,KS Williamson,MJ Guptill,A Nehra,1,0,,,,,,,,,
467885,2010/11,2010-12-04,Reliance Stadium,1,1.4,New Zealand,India,MJ Guptill,KS Williamson,A Nehra,0,0,,,,,,,,,
467885,2010/11,2010-12-04,Reliance Stadium,1,1.5,New Zealand,India,MJ Guptill,KS Williamson,A Nehra,0,0,,,,,,,,,
467885,2010/11,2010-12-04,Reliance Stadium,1,1.6,New Zealand,India,MJ Guptill,KS Williamson,A Nehra,1,0,,,,,,,,,
467885,2010/11,2010-12-04,Reliance Stadium,1,2.1,New Zealand,India,MJ Guptill,KS Williamson,Z Khan,0,1,1,,,,,,,,
467885,2010/11,2010-12-04,Reliance Stadium,1,2.2,New Zealand,India,MJ Guptill,KS Williamson,Z Khan,0,0,,,,,,,,,
467885,2010/11,2010-12-04,Reliance Stadium,1,2.3,New Zealand,India,MJ Guptill,KS Williamson,Z Khan,0,0,,,,,,,,,
467885,2010/11,2010-12-04,Reliance Stadium,1,2.4,New Zealand,India,MJ Guptill,KS Williamson,Z Khan,0,1,,,,1,,,,,
467885,2010/11,2010-12-04,Reliance Stadium,1,2.5,New Zealand,India,KS Williamson,MJ Guptill,Z Khan,0,0,,,,,,,,,
467885,2010/11,2010-12-04,Reliance Stadium,1,2.6,New Zealand,India,KS Williamson,MJ Guptill,Z Khan,1,0,,,,,,,,,
467885,2010/11,2010-12-04,Reliance Stadium,1,2.7,New Zealand,India,MJ Guptill,KS Williamson,Z Khan,0,0,,,,,,,,,
467885,2010/11,2010-12-04,Reliance Stadium,1,3.1,New Zealand,India,KS Williamson,MJ Guptill,A Nehra,0,0,,,,,,,,,
467885,2010/11,2010-12-04,Reliance Stadium,1,3.2,New Zealand,India,KS Williamson,MJ Guptill,A Nehra,0,0,,,,,,,,,
467885,2010/11,2010-12-04,Reliance Stadium,1,3.3,New Zealand,India,KS Williamson,MJ Guptill,A Nehra,0,0,,,,,,,,,
467885,2010/11,2010-12-04,Reliance Stadium,1,3.4,New Zealand,India,KS Williamson,MJ Guptill,A Nehra,0,0,,,,,,,,,
467885,2010/11,2010-12-04,Reliance Stadium,1,3.5,New Zealand,India,KS Williamson,MJ Guptill,A Nehra,0,0,,,,,,,,,
467885,2010/11,2010-12-04,Reliance Stadium,1,3.6,New Zealand,India,KS Williamson,MJ Guptill,A Nehra,0,0,,,,,,,,,
467885,2010/11,2010-12-04,Reliance Stadium,1,4.1,New Zealand,India,MJ Guptill,KS Williamson,Z Khan,4,0,,,,,,,,,
467885,2010/11,2010-12-04,Reliance Stadium,1,4.2,New Zealand,India,MJ Guptill,KS Williamson,Z Khan,0,0,,,,,,,,,
467885,2010/11,2010-12-04,Reliance Stadium,1,4.3,New Zealand,India,MJ Guptill,KS Williamson,Z Khan,6,0,,,,,,,,,
467885,2010/11,2010-12-04,Reliance Stadium,1,4.4,New Zealand,India,MJ Guptill,KS Williamson,Z Khan,0,0,,,,,,,,,
467885,2010/11,2010-12-04,Reliance Stadium,1,4.5,New Zealand,India,MJ Guptill,KS Williamson,Z Khan,0,0,,,,,,run out,MJ Guptill,,
467885,2010/11,2010-12-04,Reliance Stadium,1,4.6,New Zealand,India,KS Williamson,LRPL Taylor,Z Khan,0,0,,,,,,,,,
467885,2010/11,2010-12-04,Reliance Stadium,1,5.1,New Zealand,India,LRPL Taylor,KS Williamson,A Nehra,0,0,,,,,,,,,
467885,2010/11,2010-12-04,Reliance Stadium,1,5.2,New Zealand,India,LRPL Taylor,KS Williamson,A Nehra,1,0,,,,,,,,,
467885,2010/11,2010-12-04,Reliance Stadium,1,5.3,New Zealand,India,KS Williamson,LRPL Taylor,A Nehra,0,0,,,,,,,,,
467885,2010/11,2010-12-04,Reliance Stadium,1,5.4,New Zealand,India,KS Williamson,LRPL Taylor,A Nehra,2,0,,,,,,,,,
467885,2010/11,2010-12-04,Reliance Stadium,1,5.5,New Zealand,India,KS Williamson,LRPL Taylor,A Nehra,0,0,,,,,,,,,
467885,2010/11,2010-12-04,Reliance Stadium,1,5.6,New Zealand,India,KS Williamson,LRPL Taylor,A Nehra,1,0,,,,,,,,,
467885,2010/11,2010-12-04,Reliance Stadium,1,6.1,New Zealand,India,KS Williamson,LRPL Taylor,Z Khan,0,0,,,,,,,,,
467885,2010/11,2010-12-04,Reliance Stadium,1,6.2,New Zealand,India,KS Williamson,LRPL Taylor,Z Khan,0,0,,,,,,,,,
467885,2010/11,2010-12-04,Reliance Stadium,1,6.3,New Zealand,India,KS Williamson,LRPL Taylor,Z Khan,0,0,,,,,,,,,
467885,2010/11,2010-12-04,Reliance Stadium,1,6.4,New Zealand,India,KS Williamson,LRPL Taylor,Z Khan,0,0,,,,,,,,,
467885,2010/11,2010-12-04,Reliance Stadium,1,6.5,New Zealand,India,KS Williamson,LRPL Taylor,Z Khan,0,0,,,,,,,,,
467885,2010/11,2010-12-04,Reliance Stadium,1,6.6,New Zealand,India,KS Williamson,LRPL Taylor,Z Khan,0,0,,,,,,,,,
467885,2010/11,2010-12-04,Reliance Stadium,1,7.1,New Zealand,India,LRPL Taylor,KS Williamson,A Nehra,0,0,,,,,,,,,
467885,2010/11,2010-12-04,Reliance Stadium,1,7.2,New Zealand,India,LRPL Taylor,KS Williamson,A Nehra,0,0,,,,,,,,,
467885,2010/11,2010-12-04,Reliance Stadium,1,7.3,New Zealand,India,LRPL Taylor,KS Williamson,A Nehra,1,0,,,,,,,,,
467885,2010/11,2010-12-04,Reliance Stadium,1,7.4,New Zealand,India,KS Williamson,LRPL Taylor,A Nehra,0,0,,,,,,,,,
467885,2010/11,2010-12-04,Reliance Stadium,1,7.5,New Zealand,India,KS Williamson,LRPL Taylor,A Nehra,4,0,,,,,,,,,
467885,2010/11,2010-12-04,Reliance Stadium,1,7.6,New Zealand,India,KS Williamson,LRPL Taylor,A Nehra,2,0,,,,,,,,,
467885,2010/11,2010-12-04,Reliance Stadium,1,8.1,New Zealand,India,LRPL Taylor,KS Williamson,Z Khan,0,0,,,,,,,,,
467885,2010/11,2010-12-04,Reliance Stadium,1,8.2,New Zealand,India,LRPL Taylor,KS Williamson,Z Khan,0,0,,,,,,,,,
467885,2010/11,2010-12-04,Reliance Stadium,1,8.3,New Zealand,India,LRPL Taylor,KS Williamson,Z Khan,0,0,,,,,,,,,
467885,2010/11,2010-12-04,Reliance Stadium,1,8.4,New Zealand,India,LRPL Taylor,KS Williamson,Z Khan,0,0,,,,,,,,,
467885,2010/11,2010-12-04,Reliance Stadium,1,8.5,New Zealand,India,LRPL Taylor,KS Williamson,Z Khan,0,0,,,,,,,,,
467885,2010/11,2010-12-04,Reliance Stadium,1,8.6,New Zealand,India,LRPL Taylor,KS Williamson,Z Khan,0,0,,,,,,,,,
467885,2010/11,2010-12-04,Reliance Stadium,1,9.1,New Zealand,India,KS Williamson,LRPL Taylor,A Nehra,2,0,,,,,,,,,
467885,2010/11,2010-12-04,Reliance Stadium,1,9.2,New Zealand,India,KS Williamson,LRPL Taylor,A Nehra,0,0,,,,,,,,,
467885,2010/11,2010-12-04,Reliance Stadium,1,9.3,New Zealand,India,KS Williamson,LRPL Taylor,A Nehra,0,0,,,,,,,,,
467885,2010/11,2010-12-04,Reliance Stadium,1,9.4,New Zealand,India,KS Williamson,LRPL Taylor,A Nehra,0,0,,,,,,,,,
467885,2010/11,2010-12-04,Reliance Stadium,1,9.5,New Zealand,India,KS Williamson,LRPL Taylor,A Nehra,0,0,,,,,,,,,
467885,2010/11,2010-12-04,Reliance Stadium,1,9.6,New Zealand,India,KS Williamson,LRPL Taylor,A Nehra,0,0,,,,,,,,,
467885,2010/11,2010-12-04,Reliance Stadium,1,10.1,New Zealand,India,LRPL Taylor,KS Williamson,Z Khan,0,0,,,,,,,,,
467885,2010/11,2010-12-04,Reliance Stadium,1,10.2,New Zealand,India,LRPL Taylor,KS Williamson,Z Khan,0,0,,,,,,,,,
467885,2010/11,2010-12-04,Reliance Stadium,1,10.3,New Zealand,India,LRPL Taylor,KS Williamson,Z Khan,2,0,,,,,,,,,
467885,2010/11,2010-12-04,Reliance Stadium,1,10.4,New Zealand,India,LRPL Taylor,KS Williamson,Z Khan,0,0,,,,,,,,,
467885,2010/11,2010-12-04,Reliance Stadium,1,10.5,New Zealand,India,LRPL Taylor,KS Williamson,Z Khan,0,0,,,,,,caught,LRPL Taylor,,
467885,2010/11,2010-12-04,Reliance Stadium,1,10.6,New Zealand,India,SB Styris,KS Williamson,Z Khan,0,0,,,,,,,,,
467885,2010/11,2010-12-04,Reliance Stadium,1,11.1,New Zealand,India,KS Williamson,SB Styris,MM Patel,0,0,,,,,,,,,
467885,2010/11,2010-12-04,Reliance Stadium,1,11.2,New Zealand,India,KS Williamson,SB Styris,MM Patel,0,1,1,,,,,,,,
467885,2010/11,2010-12-04,Reliance Stadium,1,11.3,New Zealand,India,KS Williamson,SB Styris,MM Patel,0,0,,,,,,,,,
467885,2010/11,2010-12-04,Reliance Stadium,1,11.4,New Zealand,India,KS Williamson,SB Styris,MM Patel,0,0,,,,,,,,,
467885,2010/11,2010-12-04,Reliance Stadium,1,11.5,New Zealand,India,KS Williamson,SB Styris,MM Patel,0,0,,,,,,,,,
467885,2010/11,2010-12-04,Reliance Stadium,1,11.6,New Zealand,India,KS Williamson,SB Styris,MM Patel,1,0,,,,,,,,,
467885,2010/11,2010-12-04,Reliance Stadium,1,11.7,New Zealand,India,SB Styris,KS Williamson,MM Patel,0,0,,,,,,,,,
467885,2010/11,2010-12-04,Reliance Stadium,1,12.1,New Zealand,India,KS Williamson,SB Styris,Z Khan,0,0,,,,,,,,,
467885,2010/11,2010-12-04,Reliance Stadium,1,12.2,New Zealand,India,KS Williamson,SB Styris,Z Khan,1,0,,,,,,,,,
467885,2010/11,2010-12-04,Reliance Stadium,1,12.3,New Zealand,India,SB Styris,KS Williamson,Z Khan,1,0,,,,,,,,,
467885,2010/11,2010-12-04,Reliance Stadium,1,12.4,New Zealand,India,KS Williamson,SB Styris,Z Khan,0,1,1,,,,,,,,
467885,2010/11,2010-12-04,Reliance Stadium,1,12.5,New Zealand,India,KS Williamson,SB Styris,Z Khan,1,0,,,,,,,,,
467885,2010/11,2010-12-04,Reliance Stadium,1,12.6,New Zealand,India,SB Styris,KS Williamson,Z Khan,0,0,,,,,,,,,
467885,2010/11,2010-12-04,Reliance Stadium,1,12.7,New Zealand,India,SB Styris,KS Williamson,Z Khan,0,0,,,,,,,,,
467885,2010/11,2010-12-04,Reliance Stadium,1,13.1,New Zealand,India,KS Williamson,SB Styris,MM Patel,0,0,,,,,,,,,
467885,2010/11,2010-12-04,Reliance Stadium,1,13.2,New Zealand,India,KS Williamson,SB Styris,MM Patel,0,0,,,,,,,,,
467885,2010/11,2010-12-04,Reliance Stadium,1,13.3,New Zealand,India,KS Williamson,SB Styris,MM Patel,0,0,,,,,,,,,
467885,2010/11,2010-12-04,Reliance Stadium,1,13.4,New Zealand,India,KS Williamson,SB Styris,MM Patel,0,0,,,,,,,,,
467885,2010/11,2010-12-04,Reliance Stadium,1,13.5,New Zealand,India,KS Williamson,SB Styris,MM Patel,0,0,,,,,,,,,
467885,2010/11,2010-12-04,Reliance Stadium,1,13.6,New Zealand,India,KS Williamson,SB Styris,MM Patel,0,1,1,,,,,,,,
467885,2010/11,2010-12-04,Reliance Stadium,1,13.7,New Zealand,India,KS Williamson,SB Styris,MM Patel,0,0,,,,,,,,,
467885,2010/11,2010-12-04,Reliance Stadium,1,14.1,New Zealand,India,SB Styris,KS Williamson,A Nehra,0,1,,,,1,,,,,
467885,2010/11,2010-12-04,Reliance Stadium,1,14.2,New Zealand,India,KS Williamson,SB Styris,A Nehra,0,0,,,,,,,,,
467885,2010/11,2010-12-04,Reliance Stadium,1,14.3,New Zealand,India,KS Williamson,SB Styris,A Nehra,5,0,,,,,,,,,
467885,2010/11,2010-12-04,Reliance Stadium,1,14.4,New Zealand,India,SB Styris,KS Williamson,A Nehra,0,0,,,,,,,,,
467885,2010/11,2010-12-04,Reliance Stadium,1,14.5,New Zealand,India,SB Styris,KS Williamson,A Nehra,0,0,,,,,,,,,
467885,2010/11,2010-12-04,Reliance Stadium,1,14.6,New Zealand,India,SB Styris,KS Williamson,A Nehra,1,0,,,,,,,,,
467885,2010/11,2010-12-04,Reliance Stadium,1,15.1,New Zealand,India,SB Styris,KS Williamson,MM Patel,1,0,,,,,,,,,
467885,2010/11,2010-12-04,Reliance Stadium,1,15.2,New Zealand,India,KS Williamson,SB Styris,MM Patel,0,0,,,,,,lbw,KS Williamson,,
467885,2010/11,2010-12-04,Reliance Stadium,1,15.3,New Zealand,India,JEC Franklin,SB Styris,MM Patel,0,1,1,,,,,,,,
467885,2010/11,2010-12-04,Reliance Stadium,1,15.4,New Zealand,India,JEC Franklin,SB Styris,MM Patel,0,0,,,,,,,,,
467885,2010/11,2010-12-04,Reliance Stadium,1,15.5,New Zealand,India,JEC Franklin,SB Styris,MM Patel,0,0,,,,,,,,,
467885,2010/11,2010-12-04,Reliance Stadium,1,15.6,New Zealand,India,JEC Franklin,SB Styris,MM Patel,0,0,,,,,,,,,
467885,2010/11,2010-12-04,Reliance Stadium,1,15.7,New Zealand,India,JEC Franklin,SB Styris,MM Patel,0,0,,,,,,,,,
467885,2010/11,2010-12-04,Reliance Stadium,1,16.1,New Zealand,India,SB Styris,JEC Franklin,A Nehra,4,0,,,,,,,,,
467885,2010/11,2010-12-04,Reliance Stadium,1,16.2,New Zealand,India,SB Styris,JEC Franklin,A Nehra,0,0,,,,,,,,,
467885,2010/11,2010-12-04,Reliance Stadium,1,16.3,New Zealand,India,SB Styris,JEC Franklin,A Nehra,0,0,,,,,,,,,
467885,2010/11,2010-12-04,Reliance Stadium,1,16.4,New Zealand,India,SB Styris,JEC Franklin,A Nehra,0,0,,,,,,,,,
467885,2010/11,2010-12-04,Reliance Stadium,1,16.5,New Zealand,India,SB Styris,JEC Franklin,A Nehra,4,0,,,,,,,,,
467885,2010/11,2010-12-04,Reliance Stadium,1,16.6,New Zealand,India,SB Styris,JEC Franklin,A Nehra,1,0,,,,,,,,,
467885,2010/11,2010-12-04,Reliance Stadium,1,17.1,New Zealand,India,SB Styris,JEC Franklin,MM Patel,0,0,,,,,,,,,
467885,2010/11,2010-12-04,Reliance Stadium,1,17.2,New Zealand,India,SB Styris,JEC Franklin,MM Patel,1,0,,,,,,,,,
467885,2010/11,2010-12-04,Reliance Stadium,1,17.3,New Zealand,India,JEC Franklin,SB Styris,MM Patel,0,0,,,,,,,,,
467885,2010/11,2010-12-04,Reliance Stadium,1,17.4,New Zealand,India,JEC Franklin,SB Styris,MM Patel,0,0,,,,,,,,,
467885,2010/11,2010-12-04,Reliance Stadium,1,17.5,New Zealand,India,JEC Franklin,SB Styris,MM Patel,0,0,,,,,,,,,
467885,2010/11,2010-12-04,Reliance Stadium,1,17.6,New Zealand,India,JEC Franklin,SB Styris,MM Patel,0,0,,,,,,,,,
467885,2010/11,2010-12-04,Reliance Stadium,1,18.1,New Zealand,India,SB Styris,JEC Franklin,R Ashwin,0,5,5,,,,,,,,
467885,2010/11,2010-12-04,Reliance Stadium,1,18.2,New Zealand,India,SB Styris,JEC Franklin,R Ashwin,0,0,,,,,,,,,
467885,2010/11,2010-12-04,Reliance Stadium,1,18.3,New Zealand,India,SB Styris,JEC Franklin,R Ashwin,0,0,,,,,,,,,
467885,2010/11,2010-12-04,Reliance Stadium,1,18.4,New Zealand,India,SB Styris,JEC Franklin,R Ashwin,1,0,,,,,,,,,
467885,2010/11,2010-12-04,Reliance Stadium,1,18.5,New Zealand,India,JEC Franklin,SB Styris,R Ashwin,0,0,,,,,,,,,
467885,2010/11,2010-12-04,Reliance Stadium,1,18.6,New Zealand,India,JEC Franklin,SB Styris,R Ashwin,0,0,,,,,,,,,
467885,2010/11,2010-12-04,Reliance Stadium,1,18.7,New Zealand,India,JEC Franklin,SB Styris,R Ashwin,2,0,,,,,,,,,
467885,2010/11,2010-12-04,Reliance Stadium,1,19.1,New Zealand,India,SB Styris,JEC Franklin,MM Patel,0,0,,,,,,,,,
467885,2010/11,2010-12-04,Reliance Stadium,1,19.2,New Zealand,India,SB Styris,JEC Franklin,MM Patel,1,0,,,,,,,,,
467885,2010/11,2010-12-04,Reliance Stadium,1,19.3,New Zealand,India,JEC Franklin,SB Styris,MM Patel,0,0,,,,,,,,,
467885,2010/11,2010-12-04,Reliance Stadium,1,19.4,New Zealand,India,JEC Franklin,SB Styris,MM Patel,0,0,,,,,,,,,
467885,2010/11,2010-12-04,Reliance Stadium,1,19.5,New Zealand,India,JEC Franklin,SB Styris,MM Patel,0,0,,,,,,,,,
467885,2010/11,2010-12-04,Reliance Stadium,1,19.6,New Zealand,India,JEC Franklin,SB Styris,MM Patel,1,0,,,,,,,,,
467885,2010/11,2010-12-04,Reliance Stadium,1,20.1,New Zealand,India,JEC Franklin,SB Styris,R Ashwin,0,0,,,,,,,,,
467885,2010/11,2010-12-04,Reliance Stadium,1,20.2,New Zealand,India,JEC Franklin,SB Styris,R Ashwin,0,0,,,,,,,,,
467885,2010/11,2010-12-04,Reliance Stadium,1,20.3,New Zealand,India,JEC Franklin,SB Styris,R Ashwin,0,0,,,,,,,,,
467885,2010/11,2010-12-04,Reliance Stadium,1,20.4,New Zealand,India,JEC Franklin,SB Styris,R Ashwin,0,0,,,,,,,,,
467885,2010/11,2010-12-04,Reliance Stadium,1,20.5,New Zealand,India,JEC Franklin,SB Styris,R Ashwin,0,0,,,,,,,,,
467885,2010/11,2010-12-04,Reliance Stadium,1,20.6,New Zealand,India,JEC Franklin,SB Styris,R Ashwin,0,0,,,,,,,,,
467885,2010/11,2010-12-04,Reliance Stadium,1,21.1,New Zealand,India,SB Styris,JEC Franklin,MM Patel,0,0,,,,,,,,,
467885,2010/11,2010-12-04,Reliance Stadium,1,21.2,New Zealand,India,SB Styris,JEC Franklin,MM Patel,4,0,,,,,,,,,
467885,2010/11,2010-12-04,Reliance Stadium,1,21.3,New Zealand,India,SB Styris,JEC Franklin,MM Patel,0,0,,,,,,,,,
467885,2010/11,2010-12-04,Reliance Stadium,1,21.4,New Zealand,India,SB Styris,JEC Franklin,MM Patel,0,0,,,,,,,,,
467885,2010/11,2010-12-04,Reliance Stadium,1,21.5,New Zealand,India,SB Styris,JEC Franklin,MM Patel,0,0,,,,,,,,,
467885,2010/11,2010-12-04,Reliance Stadium,1,21.6,New Zealand,India,SB Styris,JEC Franklin,MM Patel,1,0,,,,,,,,,
467885,2010/11,2010-12-04,Reliance Stadium,1,22.1,New Zealand,India,SB Styris,JEC Franklin,R Ashwin,2,0,,,,,,,,,
467885,2010/11,2010-12-04,Reliance Stadium,1,22.2,New Zealand,India,SB Styris,JEC Franklin,R Ashwin,0,0,,,,,,,,,
467885,2010/11,2010-12-04,Reliance Stadium,1,22.3,New Zealand,India,SB Styris,JEC Franklin,R Ashwin,0,0,,,,,,,,,
467885,2010/11,2010-12-04,Reliance Stadium,1,22.4,New Zealand,India,SB Styris,JEC Franklin,R Ashwin,0,0,,,,,,,,,
467885,2010/11,2010-12-04,Reliance Stadium,1,22.5,New Zealand,India,SB Styris,JEC Franklin,R Ashwin,0,0,,,,,,,,,
467885,2010/11,2010-12-04,Reliance Stadium,1,22.6,New Zealand,India,SB Styris,JEC Franklin,R Ashwin,0,0,,,,,,caught,SB Styris,,
467885,2010/11,2010-12-04,Reliance Stadium,1,23.1,New Zealand,India,JEC Franklin,DL Vettori,MM Patel,0,0,,,,,,,,,
467885,2010/11,2010-12-04,Reliance Stadium,1,23.2,New Zealand,India,JEC Franklin,DL Vettori,MM Patel,0,0,,,,,,,,,
467885,2010/11,2010-12-04,Reliance Stadium,1,23.3,New Zealand,India,JEC Franklin,DL Vettori,MM Patel,0,0,,,,,,,,,
467885,2010/11,2010-12-04,Reliance Stadium,1,23.4,New Zealand,India,JEC Franklin,DL Vettori,MM Patel,0,0,,,,,,,,,
467885,2010/11,2010-12-04,Reliance Stadium,1,23.5,New Zealand,India,JEC Franklin,DL Vettori,MM Patel,0,0,,,,,,,,,
467885,2010/11,2010-12-04,Reliance Stadium,1,23.6,New Zealand,India,JEC Franklin,DL Vettori,MM Patel,1,0,,,,,,,,,
467885,2010/11,2010-12-04,Reliance Stadium,1,24.1,New Zealand,India,JEC Franklin,DL Vettori,R Ashwin,4,0,,,,,,,,,
467885,2010/11,2010-12-04,Reliance Stadium,1,24.2,New Zealand,India,JEC Franklin,DL Vettori,R Ashwin,2,0,,,,,,,,,
467885,2010/11,2010-12-04,Reliance Stadium,1,24.3,New Zealand,India,JEC Franklin,DL Vettori,R Ashwin,4,0,,,,,,,,,
467885,2010/11,2010-12-04,Reliance Stadium,1,24.4,New Zealand,India,JEC Franklin,DL Vettori,R Ashwin,0,0,,,,,,,,,
467885,2010/11,2010-12-04,Reliance Stadium,1,24.5,New Zealand,India,JEC Franklin,DL Vettori,R Ashwin,0,0,,,,,,,,,
467885,2010/11,2010-12-04,Reliance Stadium,1,24.6,New Zealand,India,JEC Franklin,DL Vettori,R Ashwin,0,0,,,,,,,,,
467885,2010/11,2010-12-04,Reliance Stadium,1,25.1,New Zealand,India,DL Vettori,JEC Franklin,MM Patel,0,0,,,,,,,,,
467885,2010/11,2010-12-04,Reliance Stadium,1,25.2,New Zealand,India,DL Vettori,JEC Franklin,MM Patel,1,0,,,,,,,,,
467885,2010/11,2010-12-04,Reliance Stadium,1,25.3,New Zealand,India,JEC Franklin,DL Vettori,MM Patel,0,0,,,,,,,,,
467885,2010/11,2010-12-04,Reliance Stadium,1,25.4,New Zealand,India,JEC Franklin,DL Vettori,MM Patel,0,0,,,,,,,,,
467885,2010/11,2010-12-04,Reliance Stadium,1,25.5,New Zealand,India,JEC Franklin,DL Vettori,MM Patel,0,0,,,,,,,,,
467885,2010/11,2010-12-04,Reliance Stadium,1,25.6,New Zealand,India,JEC Franklin,DL Vettori,MM Patel,0,0,,,,,,,,,
467885,2010/11,2010-12-04,Reliance Stadium,1,26.1,New Zealand,India,DL Vettori,JEC Franklin,R Ashwin,1,0,,,,,,,,,
467885,2010/11,2010-12-04,Reliance Stadium,1,26.2,New Zealand,India,JEC Franklin,DL Vettori,R Ashwin,2,0,,,,,,,,,
467885,2010/11,2010-12-04,Reliance Stadium,1,26.3,New Zealand,India,JEC Franklin,DL Vettori,R Ashwin,0,0,,,,,,,,,
467885,2010/11,2010-12-04,Reliance Stadium,1,26.4,New Zealand,India,JEC Franklin,DL Vettori,R Ashwin,0,0,,,,,,,,,
467885,2010/11,2010-12-04,Reliance Stadium,1,26.5,New Zealand,India,JEC Franklin,DL Vettori,R Ashwin,1,0,,,,,,,,,
467885,2010/11,2010-12-04,Reliance Stadium,1,26.6,New Zealand,India,DL Vettori,JEC Franklin,R Ashwin,0,0,,,,,,,,,
467885,2010/11,2010-12-04,Reliance Stadium,1,27.1,New Zealand,India,JEC Franklin,DL Vettori,YK Pathan,0,0,,,,,,,,,
467885,2010/11,2010-12-04,Reliance Stadium,1,27.2,New Zealand,India,JEC Franklin,DL Vettori,YK Pathan,1,0,,,,,,,,,
467885,2010/11,2010-12-04,Reliance Stadium,1,27.3,New Zealand,India,DL Vettori,JEC Franklin,YK Pathan,1,0,,,,,,,,,
467885,2010/11,2010-12-04,Reliance Stadium,1,27.4,New Zealand,India,JEC Franklin,DL Vettori,YK Pathan,1,0,,,,,,,,,
467885,2010/11,2010-12-04,Reliance Stadium,1,27.5,New Zealand,India,DL Vettori,JEC Franklin,YK Pathan,0,0,,,,,,,,,
467885,2010/11,2010-12-04,Reliance Stadium,1,27.6,New Zealand,India,DL Vettori,JEC Franklin,YK Pathan,0,0,,,,,,caught,DL Vettori,,
467885,2010/11,2010-12-04,Reliance Stadium,1,28.1,New Zealand,India,JEC Franklin,GJ Hopkins,R Ashwin,1,0,,,,,,,,,
467885,2010/11,2010-12-04,Reliance Stadium,1,28.2,New Zealand,India,GJ Hopkins,JEC Franklin,R Ashwin,2,0,,,,,,,,,
467885,2010/11,2010-12-04,Reliance Stadium,1,28.3,New Zealand,India,GJ Hopkins,JEC Franklin,R Ashwin,0,0,,,,,,,,,
467885,2010/11,2010-12-04,Reliance Stadium,1,28.4,New Zealand,India,GJ Hopkins,JEC Franklin,R Ashwin,4,0,,,,,,,,,
467885,2010/11,2010-12-04,Reliance Stadium,1,28.5,New Zealand,India,GJ Hopkins,JEC Franklin,R Ashwin,0,0,,,,,,,,,
467885,2010/11,2010-12-04,Reliance Stadium,1,28.6,New Zealand,India,GJ Hopkins,JEC Franklin,R Ashwin,0,0,,,,,,,,,
467885,2010/11,2010-12-04,Reliance Stadium,1,29.1,New Zealand,India,JEC Franklin,GJ Hopkins,YK Pathan,2,0,,,,,,,,,
467885,2010/11,2010-12-04,Reliance Stadium,1,29.2,New Zealand,India,JEC Franklin,GJ Hopkins,YK Pathan,1,0,,,,,,,,,
467885,2010/11,2010-12-04,Reliance Stadium,1,29.3,New Zealand,India,GJ Hopkins,JEC Franklin,YK Pathan,0,0,,,,,,caught,GJ Hopkins,,
467885,2010/11,2010-12-04,Reliance Stadium,1,29.4,New Zealand,India,NL McCullum,JEC Franklin,YK Pathan,1,0,,,,,,,,,
467885,2010/11,2010-12-04,Reliance Stadium,1,29.5,New Zealand,India,JEC Franklin,NL McCullum,YK Pathan,0,0,,,,,,,,,
467885,2010/11,2010-12-04,Reliance Stadium,1,29.6,New Zealand,India,JEC Franklin,NL McCullum,YK Pathan,1,0,,,,,,,,,
467885,2010/11,2010-12-04,Reliance Stadium,1,30.1,New Zealand,India,JEC Franklin,NL McCullum,RA Jadeja,0,1,1,,,,,,,,
467885,2010/11,2010-12-04,Reliance Stadium,1,30.2,New Zealand,India,JEC Franklin,NL McCullum,RA Jadeja,2,0,,,,,,,,,
467885,2010/11,2010-12-04,Reliance Stadium,1,30.3,New Zealand,India,JEC Franklin,NL McCullum,RA Jadeja,0,1,,,1,,,,,,
467885,2010/11,2010-12-04,Reliance Stadium,1,30.4,New Zealand,India,NL McCullum,JEC Franklin,RA Jadeja,0,0,,,,,,,,,
467885,2010/11,2010-12-04,Reliance Stadium,1,30.5,New Zealand,India,NL McCullum,JEC Franklin,RA Jadeja,2,0,,,,,,,,,
467885,2010/11,2010-12-04,Reliance Stadium,1,30.6,New Zealand,India,NL McCullum,JEC Franklin,RA Jadeja,1,0,,,,,,,,,
467885,2010/11,2010-12-04,Reliance Stadium,1,30.7,New Zealand,India,JEC Franklin,NL McCullum,RA Jadeja,0,0,,,,,,,,,
467885,2010/11,2010-12-04,Reliance Stadium,1,31.1,New Zealand,India,NL McCullum,JEC Franklin,YK Pathan,0,0,,,,,,,,,
467885,2010/11,2010-12-04,Reliance Stadium,1,31.2,New Zealand,India,NL McCullum,JEC Franklin,YK Pathan,0,0,,,,,,,,,
467885,2010/11,2010-12-04,Reliance Stadium,1,31.3,New Zealand,India,NL McCullum,JEC Franklin,YK Pathan,1,0,,,,,,,,,
467885,2010/11,2010-12-04,Reliance Stadium,1,31.4,New Zealand,India,JEC Franklin,NL McCullum,YK Pathan,0,0,,,,,,,,,
467885,2010/11,2010-12-04,Reliance Stadium,1,31.5,New Zealand,India,JEC Franklin,NL McCullum,YK Pathan,0,0,,,,,,,,,
467885,2010/11,2010-12-04,Reliance Stadium,1,31.6,New Zealand,India,JEC Franklin,NL McCullum,YK Pathan,0,0,,,,,,,,,
467885,2010/11,2010-12-04,Reliance Stadium,1,32.1,New Zealand,India,NL McCullum,JEC Franklin,RA Jadeja,1,0,,,,,,,,,
467885,2010/11,2010-12-04,Reliance Stadium,1,32.2,New Zealand,India,JEC Franklin,NL McCullum,RA Jadeja,2,0,,,,,,,,,
467885,2010/11,2010-12-04,Reliance Stadium,1,32.3,New Zealand,India,JEC Franklin,NL McCullum,RA Jadeja,0,0,,,,,,,,,
467885,2010/11,2010-12-04,Reliance Stadium,1,32.4,New Zealand,India,JEC Franklin,NL McCullum,RA Jadeja,1,0,,,,,,,,,
467885,2010/11,2010-12-04,Reliance Stadium,1,32.5,New Zealand,India,NL McCullum,JEC Franklin,RA Jadeja,0,0,,,,,,,,,
467885,2010/11,2010-12-04,Reliance Stadium,1,32.6,New Zealand,India,NL McCullum,JEC Franklin,RA Jadeja,1,0,,,,,,,,,
467885,2010/11,2010-12-04,Reliance Stadium,1,33.1,New Zealand,India,NL McCullum,JEC Franklin,YK Pathan,4,0,,,,,,,,,
467885,2010/11,2010-12-04,Reliance Stadium,1,33.2,New Zealand,India,NL McCullum,JEC Franklin,YK Pathan,0,0,,,,,,,,,
467885,2010/11,2010-12-04,Reliance Stadium,1,33.3,New Zealand,India,NL McCullum,JEC Franklin,YK Pathan,0,1,1,,,,,,,,
467885,2010/11,2010-12-04,Reliance Stadium,1,33.4,New Zealand,India,NL McCullum,JEC Franklin,YK Pathan,1,0,,,,,,,,,
467885,2010/11,2010-12-04,Reliance Stadium,1,33.5,New Zealand,India,JEC Franklin,NL McCullum,YK Pathan,0,0,,,,,,,,,
467885,2010/11,2010-12-04,Reliance Stadium,1,33.6,New Zealand,India,JEC Franklin,NL McCullum,YK Pathan,0,0,,,,,,,,,
467885,2010/11,2010-12-04,Reliance Stadium,1,33.7,New Zealand,India,JEC Franklin,NL McCullum,YK Pathan,0,0,,,,,,,,,
467885,2010/11,2010-12-04,Reliance Stadium,1,34.1,New Zealand,India,NL McCullum,JEC Franklin,MM Patel,0,0,,,,,,,,,
467885,2010/11,2010-12-04,Reliance Stadium,1,34.2,New Zealand,India,NL McCullum,JEC Franklin,MM Patel,1,0,,,,,,,,,
467885,2010/11,2010-12-04,Reliance Stadium,1,34.3,New Zealand,India,JEC Franklin,NL McCullum,MM Patel,0,0,,,,,,,,,
467885,2010/11,2010-12-04,Reliance Stadium,1,34.4,New Zealand,India,JEC Franklin,NL McCullum,MM Patel,1,0,,,,,,,,,
467885,2010/11,2010-12-04,Reliance Stadium,1,34.5,New Zealand,India,NL McCullum,JEC Franklin,MM Patel,4,0,,,,,,,,,
467885,2010/11,2010-12-04,Reliance Stadium,1,34.6,New Zealand,India,NL McCullum,JEC Franklin,MM Patel,0,0,,,,,,,,,
467885,2010/11,2010-12-04,Reliance Stadium,1,35.1,New Zealand,India,JEC Franklin,NL McCullum,YK Pathan,1,0,,,,,,,,,
467885,2010/11,2010-12-04,Reliance Stadium,1,35.2,New Zealand,India,NL McCullum,JEC Franklin,YK Pathan,0,0,,,,,,,,,
467885,2010/11,2010-12-04,Reliance Stadium,1,35.3,New Zealand,India,NL McCullum,JEC Franklin,YK Pathan,1,0,,,,,,,,,
467885,2010/11,2010-12-04,Reliance Stadium,1,35.4,New Zealand,India,JEC Franklin,NL McCullum,YK Pathan,0,0,,,,,,,,,
467885,2010/11,2010-12-04,Reliance Stadium,1,35.5,New Zealand,India,JEC Franklin,NL McCullum,YK Pathan,1,0,,,,,,,,,
467885,2010/11,2010-12-04,Reliance Stadium,1,35.6,New Zealand,India,NL McCullum,JEC Franklin,YK Pathan,1,0,,,,,,,,,
467885,2010/11,2010-12-04,Reliance Stadium,1,36.1,New Zealand,India,NL McCullum,JEC Franklin,MM Patel,1,0,,,,,,,,,
467885,2010/11,2010-12-04,Reliance Stadium,1,36.2,New Zealand,India,JEC Franklin,NL McCullum,MM Patel,0,0,,,,,,,,,
467885,2010/11,2010-12-04,Reliance Stadium,1,36.3,New Zealand,India,JEC Franklin,NL McCullum,MM Patel,0,0,,,,,,,,,
467885,2010/11,2010-12-04,Reliance Stadium,1,36.4,New Zealand,India,JEC Franklin,NL McCullum,MM Patel,1,0,,,,,,,,,
467885,2010/11,2010-12-04,Reliance Stadium,1,36.5,New Zealand,India,NL McCullum,JEC Franklin,MM Patel,1,0,,,,,,,,,
467885,2010/11,2010-12-04,Reliance Stadium,1,36.6,New Zealand,India,JEC Franklin,NL McCullum,MM Patel,4,0,,,,,,,,,
467885,2010/11,2010-12-04,Reliance Stadium,1,37.1,New Zealand,India,NL McCullum,JEC Franklin,YK Pathan,0,0,,,,,,,,,
467885,2010/11,2010-12-04,Reliance Stadium,1,37.2,New Zealand,India,NL McCullum,JEC Franklin,YK Pathan,1,0,,,,,,,,,
467885,2010/11,2010-12-04,Reliance Stadium,1,37.3,New Zealand,India,JEC Franklin,NL McCullum,YK Pathan,1,0,,,,,,,,,
467885,2010/11,2010-12-04,Reliance Stadium,1,37.4,New Zealand,India,NL McCullum,JEC Franklin,YK Pathan,1,0,,,,,,,,,
467885,2010/11,2010-12-04,Reliance Stadium,1,37.5,New Zealand,India,JEC Franklin,NL McCullum,YK Pathan,1,0,,,,,,,,,
467885,2010/11,2010-12-04,Reliance Stadium,1,37.6,New Zealand,India,NL McCullum,JEC Franklin,YK Pathan,1,0,,,,,,,,,
467885,2010/11,2010-12-04,Reliance Stadium,1,38.1,New Zealand,India,NL McCullum,JEC Franklin,RA Jadeja,0,0,,,,,,,,,
467885,2010/11,2010-12-04,Reliance Stadium,1,38.2,New Zealand,India,NL McCullum,JEC Franklin,RA Jadeja,2,0,,,,,,,,,
467885,2010/11,2010-12-04,Reliance Stadium,1,38.3,New Zealand,India,NL McCullum,JEC Franklin,RA Jadeja,0,0,,,,,,,,,
467885,2010/11,2010-12-04,Reliance Stadium,1,38.4,New Zealand,India,NL McCullum,JEC Franklin,RA Jadeja,0,4,,,,4,,,,,
467885,2010/11,2010-12-04,Reliance Stadium,1,38.5,New Zealand,India,NL McCullum,JEC Franklin,RA Jadeja,0,0,,,,,,,,,
467885,2010/11,2010-12-04,Reliance Stadium,1,38.6,New Zealand,India,NL McCullum,JEC Franklin,RA Jadeja,0,0,,,,,,,,,
467885,2010/11,2010-12-04,Reliance Stadium,1,39.1,New Zealand,India,JEC Franklin,NL McCullum,YK Pathan,0,0,,,,,,,,,
467885,2010/11,2010-12-04,Reliance Stadium,1,39.2,New Zealand,India,JEC Franklin,NL McCullum,YK Pathan,0,0,,,,,,,,,
467885,2010/11,2010-12-04,Reliance Stadium,1,39.3,New Zealand,India,JEC Franklin,NL McCullum,YK Pathan,0,0,,,,,,,,,
467885,2010/11,2010-12-04,Reliance Stadium,1,39.4,New Zealand,India,JEC Franklin,NL McCullum,YK Pathan,1,0,,,,,,,,,
467885,2010/11,2010-12-04,Reliance Stadium,1,39.5,New Zealand,India,NL McCullum,JEC Franklin,YK Pathan,0,0,,,,,,,,,
467885,2010/11,2010-12-04,Reliance Stadium,1,39.6,New Zealand,India,NL McCullum,JEC Franklin,YK Pathan,0,0,,,,,,,,,
467885,2010/11,2010-12-04,Reliance Stadium,1,40.1,New Zealand,India,JEC Franklin,NL McCullum,RA Jadeja,0,0,,,,,,,,,
467885,2010/11,2010-12-04,Reliance Stadium,1,40.2,New Zealand,India,JEC Franklin,NL McCullum,RA Jadeja,0,0,,,,,,,,,
467885,2010/11,2010-12-04,Reliance Stadium,1,40.3,New Zealand,India,JEC Franklin,NL McCullum,RA Jadeja,1,0,,,,,,,,,
467885,2010/11,2010-12-04,Reliance Stadium,1,40.4,New Zealand,India,NL McCullum,JEC Franklin,RA Jadeja,1,0,,,,,,,,,
467885,2010/11,2010-12-04,Reliance Stadium,1,40.5,New Zealand,India,JEC Franklin,NL McCullum,RA Jadeja,0,0,,,,,,,,,
467885,2010/11,2010-12-04,Reliance Stadium,1,40.6,New Zealand,India,JEC Franklin,NL McCullum,RA Jadeja,1,0,,,,,,,,,
467885,2010/11,2010-12-04,Reliance Stadium,1,41.1,New Zealand,India,JEC Franklin,NL McCullum,YK Pathan,0,0,,,,,,,,,
467885,2010/11,2010-12-04,Reliance Stadium,1,41.2,New Zealand,India,JEC Franklin,NL McCullum,YK Pathan,0,0,,,,,,,,,
467885,2010/11,2010-12-04,Reliance Stadium,1,41.3,New Zealand,India,JEC Franklin,NL McCullum,YK Pathan,0,0,,,,,,,,,
467885,2010/11,2010-12-04,Reliance Stadium,1,41.4,New Zealand,India,JEC Franklin,NL McCullum,YK Pathan,0,0,,,,,,,,,
467885,2010/11,2010-12-04,Reliance Stadium,1,41.5,New Zealand,India,JEC Franklin,NL McCullum,YK Pathan,2,0,,,,,,,,,
467885,2010/11,2010-12-04,Reliance Stadium,1,41.6,New Zealand,India,JEC Franklin,NL McCullum,YK Pathan,0,0,,,,,,,,,
467885,2010/11,2010-12-04,Reliance Stadium,1,42.1,New Zealand,India,NL McCullum,JEC Franklin,RA Jadeja,0,0,,,,,,,,,
467885,2010/11,2010-12-04,Reliance Stadium,1,42.2,New Zealand,India,NL McCullum,JEC Franklin,RA Jadeja,0,0,,,,,,,,,
467885,2010/11,2010-12-04,Reliance Stadium,1,42.3,New Zealand,India,NL McCullum,JEC Franklin,RA Jadeja,1,0,,,,,,,,,
467885,2010/11,2010-12-04,Reliance Stadium,1,42.4,New Zealand,India,JEC Franklin,NL McCullum,RA Jadeja,0,0,,,,,,,,,
467885,2010/11,2010-12-04,Reliance Stadium,1,42.5,New Zealand,India,JEC Franklin,NL McCullum,RA Jadeja,1,0,,,,,,,,,
467885,2010/11,2010-12-04,Reliance Stadium,1,42.6,New Zealand,India,NL McCullum,JEC Franklin,RA Jadeja,0,0,,,,,,,,,
467885,2010/11,2010-12-04,Reliance Stadium,1,43.1,New Zealand,India,JEC Franklin,NL McCullum,R Ashwin,0,0,,,,,,,,,
467885,2010/11,2010-12-04,Reliance Stadium,1,43.2,New Zealand,India,JEC Franklin,NL McCullum,R Ashwin,4,0,,,,,,,,,
467885,2010/11,2010-12-04,Reliance Stadium,1,43.3,New Zealand,India,JEC Franklin,NL McCullum,R Ashwin,1,0,,,,,,,,,
467885,2010/11,2010-12-04,Reliance Stadium,1,43.4,New Zealand,India,NL McCullum,JEC Franklin,R Ashwin,0,0,,,,,,,,,
467885,2010/11,2010-12-04,Reliance Stadium,1,43.5,New Zealand,India,NL McCullum,JEC Franklin,R Ashwin,0,0,,,,,,,,,
467885,2010/11,2010-12-04,Reliance Stadium,1,43.6,New Zealand,India,NL McCullum,JEC Franklin,R Ashwin,1,0,,,,,,,,,
467885,2010/11,2010-12-04,Reliance Stadium,1,44.1,New Zealand,India,NL McCullum,JEC Franklin,RA Jadeja,0,0,,,,,,,,,
467885,2010/11,2010-12-04,Reliance Stadium,1,44.2,New Zealand,India,NL McCullum,JEC Franklin,RA Jadeja,4,0,,,,,,,,,
467885,2010/11,2010-12-04,Reliance Stadium,1,44.3,New Zealand,India,NL McCullum,JEC Franklin,RA Jadeja,1,0,,,,,,,,,
467885,2010/11,2010-12-04,Reliance Stadium,1,44.4,New Zealand,India,JEC Franklin,NL McCullum,RA Jadeja,1,0,,,,,,,,,
467885,2010/11,2010-12-04,Reliance Stadium,1,44.5,New Zealand,India,NL McCullum,JEC Franklin,RA Jadeja,1,0,,,,,,,,,
467885,2010/11,2010-12-04,Reliance Stadium,1,44.6,New Zealand,India,JEC Franklin,NL McCullum,RA Jadeja,1,0,,,,,,,,,
467885,2010/11,2010-12-04,Reliance Stadium,1,45.1,New Zealand,India,JEC Franklin,NL McCullum,R Ashwin,1,0,,,,,,,,,
467885,2010/11,2010-12-04,Reliance Stadium,1,45.2,New Zealand,India,NL McCullum,JEC Franklin,R Ashwin,1,0,,,,,,,,,
467885,2010/11,2010-12-04,Reliance Stadium,1,45.3,New Zealand,India,JEC Franklin,NL McCullum,R Ashwin,1,0,,,,,,,,,
467885,2010/11,2010-12-04,Reliance Stadium,1,45.4,New Zealand,India,NL McCullum,JEC Franklin,R Ashwin,1,0,,,,,,,,,
467885,2010/11,2010-12-04,Reliance Stadium,1,45.5,New Zealand,India,JEC Franklin,NL McCullum,R Ashwin,1,0,,,,,,,,,
467885,2010/11,2010-12-04,Reliance Stadium,1,45.6,New Zealand,India,NL McCullum,JEC Franklin,R Ashwin,4,0,,,,,,,,,
467885,2010/11,2010-12-04,Reliance Stadium,1,46.1,New Zealand,India,JEC Franklin,NL McCullum,RA Jadeja,1,0,,,,,,,,,
467885,2010/11,2010-12-04,Reliance Stadium,1,46.2,New Zealand,India,NL McCullum,JEC Franklin,RA Jadeja,1,0,,,,,,,,,
467885,2010/11,2010-12-04,Reliance Stadium,1,46.3,New Zealand,India,JEC Franklin,NL McCullum,RA Jadeja,6,0,,,,,,,,,
467885,2010/11,2010-12-04,Reliance Stadium,1,46.4,New Zealand,India,JEC Franklin,NL McCullum,RA Jadeja,1,0,,,,,,,,,
467885,2010/11,2010-12-04,Reliance Stadium,1,46.5,New Zealand,India,NL McCullum,JEC Franklin,RA Jadeja,1,0,,,,,,,,,
467885,2010/11,2010-12-04,Reliance Stadium,1,46.6,New Zealand,India,JEC Franklin,NL McCullum,RA Jadeja,4,0,,,,,,,,,
467885,2010/11,2010-12-04,Reliance Stadium,1,47.1,New Zealand,India,NL McCullum,JEC Franklin,R Ashwin,0,0,,,,,,,,,
467885,2010/11,2010-12-04,Reliance Stadium,1,47.2,New Zealand,India,NL McCullum,JEC Franklin,R Ashwin,0,0,,,,,,caught,NL McCullum,,
467885,2010/11,2010-12-04,Reliance Stadium,1,47.3,New Zealand,India,KD Mills,JEC Franklin,R Ashwin,1,0,,,,,,,,,
467885,2010/11,2010-12-04,Reliance Stadium,1,47.4,New Zealand,India,JEC Franklin,KD Mills,R Ashwin,0,0,,,,,,,,,
467885,2010/11,2010-12-04,Reliance Stadium,1,47.5,New Zealand,India,JEC Franklin,KD Mills,R Ashwin,1,0,,,,,,,,,
467885,2010/11,2010-12-04,Reliance Stadium,1,47.6,New Zealand,India,KD Mills,JEC Franklin,R Ashwin,0,1,1,,,,,,,,
467885,2010/11,2010-12-04,Reliance Stadium,1,47.7,New Zealand,India,KD Mills,JEC Franklin,R Ashwin,0,0,,,,,,,,,
467885,2010/11,2010-12-04,Reliance Stadium,1,48.1,New Zealand,India,JEC Franklin,KD Mills,Z Khan,1,0,,,,,,,,,
467885,2010/11,2010-12-04,Reliance Stadium,1,48.2,New Zealand,India,KD Mills,JEC Franklin,Z Khan,1,0,,,,,,,,,
467885,2010/11,2010-12-04,Reliance Stadium,1,48.3,New Zealand,India,JEC Franklin,KD Mills,Z Khan,0,0,,,,,,,,,
467885,2010/11,2010-12-04,Reliance Stadium,1,48.4,New Zealand,India,JEC Franklin,KD Mills,Z Khan,1,0,,,,,,,,,
467885,2010/11,2010-12-04,Reliance Stadium,1,48.5,New Zealand,India,KD Mills,JEC Franklin,Z Khan,6,0,,,,,,,,,
467885,2010/11,2010-12-04,Reliance Stadium,1,48.6,New Zealand,India,KD Mills,JEC Franklin,Z Khan,1,0,,,,,,,,,
467885,2010/11,2010-12-04,Reliance Stadium,1,49.1,New Zealand,India,KD Mills,JEC Franklin,A Nehra,0,3,,,,3,,,,,
467885,2010/11,2010-12-04,Reliance Stadium,1,49.2,New Zealand,India,JEC Franklin,KD Mills,A Nehra,1,0,,,,,,,,,
467885,2010/11,2010-12-04,Reliance Stadium,1,49.3,New Zealand,India,KD Mills,JEC Franklin,A Nehra,1,0,,,,,,,,,
467885,2010/11,2010-12-04,Reliance Stadium,1,49.4,New Zealand,India,JEC Franklin,KD Mills,A Nehra,1,0,,,,,,,,,
467885,2010/11,2010-12-04,Reliance Stadium,1,49.5,New Zealand,India,KD Mills,JEC Franklin,A Nehra,4,0,,,,,,,,,
467885,2010/11,2010-12-04,Reliance Stadium,1,49.6,New Zealand,India,KD Mills,JEC Franklin,A Nehra,1,0,,,,,,run out,KD Mills,,
467885,2010/11,2010-12-04,Reliance Stadium,2,0.1,India,New Zealand,M Vijay,G Gambhir,KD Mills,1,0,,,,,,,,,
467885,2010/11,2010-12-04,Reliance Stadium,2,0.2,India,New Zealand,G Gambhir,M Vijay,KD Mills,0,0,,,,,,,,,
467885,2010/11,2010-12-04,Reliance Stadium,2,0.3,India,New Zealand,G Gambhir,M Vijay,KD Mills,4,0,,,,,,,,,
467885,2010/11,2010-12-04,Reliance Stadium,2,0.4,India,New Zealand,G Gambhir,M Vijay,KD Mills,0,1,,,,1,,,,,
467885,2010/11,2010-12-04,Reliance Stadium,2,0.5,India,New Zealand,M Vijay,G Gambhir,KD Mills,1,0,,,,,,,,,
467885,2010/11,2010-12-04,Reliance Stadium,2,0.6,India,New Zealand,G Gambhir,M Vijay,KD Mills,0,0,,,,,,,,,
467885,2010/11,2010-12-04,Reliance Stadium,2,1.1,India,New Zealand,M Vijay,G Gambhir,AJ McKay,1,0,,,,,,,,,
467885,2010/11,2010-12-04,Reliance Stadium,2,1.2,India,New Zealand,G Gambhir,M Vijay,AJ McKay,0,1,1,,,,,,,,
467885,2010/11,2010-12-04,Reliance Stadium,2,1.3,India,New Zealand,G Gambhir,M Vijay,AJ McKay,1,0,,,,,,,,,
467885,2010/11,2010-12-04,Reliance Stadium,2,1.4,India,New Zealand,M Vijay,G Gambhir,AJ McKay,0,0,,,,,,,,,
467885,2010/11,2010-12-04,Reliance Stadium,2,1.5,India,New Zealand,M Vijay,G Gambhir,AJ McKay,0,0,,,,,,,,,
467885,2010/11,2010-12-04,Reliance Stadium,2,1.6,India,New Zealand,M Vijay,G Gambhir,AJ McKay,0,0,,,,,,,,,
467885,2010/11,2010-12-04,Reliance Stadium,2,1.7,India,New Zealand,M Vijay,G Gambhir,AJ McKay,0,0,,,,,,,,,
467885,2010/11,2010-12-04,Reliance Stadium,2,2.1,India,New Zealand,G Gambhir,M Vijay,KD Mills,0,0,,,,,,,,,
467885,2010/11,2010-12-04,Reliance Stadium,2,2.2,India,New Zealand,G Gambhir,M Vijay,KD Mills,4,0,,,,,,,,,
467885,2010/11,2010-12-04,Reliance Stadium,2,2.3,India,New Zealand,G Gambhir,M Vijay,KD Mills,1,0,,,,,,,,,
467885,2010/11,2010-12-04,Reliance Stadium,2,2.4,India,New Zealand,M Vijay,G Gambhir,KD Mills,0,0,,,,,,,,,
467885,2010/11,2010-12-04,Reliance Stadium,2,2.5,India,New Zealand,M Vijay,G Gambhir,KD Mills,1,0,,,,,,,,,
467885,2010/11,2010-12-04,Reliance Stadium,2,2.6,India,New Zealand,G Gambhir,M Vijay,KD Mills,0,0,,,,,,,,,
467885,2010/11,2010-12-04,Reliance Stadium,2,3.1,India,New Zealand,M Vijay,G Gambhir,AJ McKay,0,1,1,,,,,,,,
467885,2010/11,2010-12-04,Reliance Stadium,2,3.2,India,New Zealand,M Vijay,G Gambhir,AJ McKay,0,4,,,,4,,,,,
467885,2010/11,2010-12-04,Reliance Stadium,2,3.3,India,New Zealand,M Vijay,G Gambhir,AJ McKay,1,0,,,,,,,,,
467885,2010/11,2010-12-04,Reliance Stadium,2,3.4,India,New Zealand,G Gambhir,M Vijay,AJ McKay,0,0,,,,,,,,,
467885,2010/11,2010-12-04,Reliance Stadium,2,3.5,India,New Zealand,G Gambhir,M Vijay,AJ McKay,5,0,,,,,,,,,
467885,2010/11,2010-12-04,Reliance Stadium,2,3.6,India,New Zealand,M Vijay,G Gambhir,AJ McKay,0,0,,,,,,,,,
467885,2010/11,2010-12-04,Reliance Stadium,2,3.7,India,New Zealand,M Vijay,G Gambhir,AJ McKay,0,0,,,,,,,,,
467885,2010/11,2010-12-04,Reliance Stadium,2,4.1,India,New Zealand,G Gambhir,M Vijay,KD Mills,4,0,,,,,,,,,
467885,2010/11,2010-12-04,Reliance Stadium,2,4.2,India,New Zealand,G Gambhir,M Vijay,KD Mills,4,0,,,,,,,,,
467885,2010/11,2010-12-04,Reliance Stadium,2,4.3,India,New Zealand,G Gambhir,M Vijay,KD Mills,0,0,,,,,,,,,
467885,2010/11,2010-12-04,Reliance Stadium,2,4.4,India,New Zealand,G Gambhir,M Vijay,KD Mills,1,0,,,,,,,,,
467885,2010/11,2010-12-04,Reliance Stadium,2,4.5,India,New Zealand,M Vijay,G Gambhir,KD Mills,0,0,,,,,,,,,
467885,2010/11,2010-12-04,Reliance Stadium,2,4.6,India,New Zealand,M Vijay,G Gambhir,KD Mills,0,0,,,,,,,,,
467885,2010/11,2010-12-04,Reliance Stadium,2,5.1,India,New Zealand,G Gambhir,M Vijay,JEC Franklin,0,0,,,,,,,,,
467885,2010/11,2010-12-04,Reliance Stadium,2,5.2,India,New Zealand,G Gambhir,M Vijay,JEC Franklin,2,0,,,,,,,,,
467885,2010/11,2010-12-04,Reliance Stadium,2,5.3,India,New Zealand,G Gambhir,M Vijay,JEC Franklin,0,0,,,,,,,,,
467885,2010/11,2010-12-04,Reliance Stadium,2,5.4,India,New Zealand,G Gambhir,M Vijay,JEC Franklin,0,0,,,,,,,,,
467885,2010/11,2010-12-04,Reliance Stadium,2,5.5,India,New Zealand,G Gambhir,M Vijay,JEC Franklin,2,0,,,,,,,,,
467885,2010/11,2010-12-04,Reliance Stadium,2,5.6,India,New Zealand,G Gambhir,M Vijay,JEC Franklin,1,0,,,,,,,,,
467885,2010/11,2010-12-04,Reliance Stadium,2,6.1,India,New Zealand,G Gambhir,M Vijay,AJ McKay,0,0,,,,,,,,,
467885,2010/11,2010-12-04,Reliance Stadium,2,6.2,India,New Zealand,G Gambhir,M Vijay,AJ McKay,4,0,,,,,,,,,
467885,2010/11,2010-12-04,Reliance Stadium,2,6.3,India,New Zealand,G Gambhir,M Vijay,AJ McKay,4,0,,,,,,,,,
467885,2010/11,2010-12-04,Reliance Stadium,2,6.4,India,New Zealand,G Gambhir,M Vijay,AJ McKay,4,0,,,,,,,,,
467885,2010/11,2010-12-04,Reliance Stadium,2,6.5,India,New Zealand,G Gambhir,M Vijay,AJ McKay,0,0,,,,,,,,,
467885,2010/11,2010-12-04,Reliance Stadium,2,6.6,India,New Zealand,G Gambhir,M Vijay,AJ McKay,0,0,,,,,,,,,
467885,2010/11,2010-12-04,Reliance Stadium,2,7.1,India,New Zealand,M Vijay,G Gambhir,JEC Franklin,0,0,,,,,,,,,
467885,2010/11,2010-12-04,Reliance Stadium,2,7.2,India,New Zealand,M Vijay,G Gambhir,JEC Franklin,0,0,,,,,,,,,
467885,2010/11,2010-12-04,Reliance Stadium,2,7.3,India,New Zealand,M Vijay,G Gambhir,JEC Franklin,0,0,,,,,,,,,
467885,2010/11,2010-12-04,Reliance Stadium,2,7.4,India,New Zealand,M Vijay,G Gambhir,JEC Franklin,1,0,,,,,,,,,
467885,2010/11,2010-12-04,Reliance Stadium,2,7.5,India,New Zealand,G Gambhir,M Vijay,JEC Franklin,4,0,,,,,,,,,
467885,2010/11,2010-12-04,Reliance Stadium,2,7.6,India,New Zealand,G Gambhir,M Vijay,JEC Franklin,4,0,,,,,,,,,
467885,2010/11,2010-12-04,Reliance Stadium,2,8.1,India,New Zealand,M Vijay,G Gambhir,DL Vettori,0,0,,,,,,,,,
467885,2010/11,2010-12-04,Reliance Stadium,2,8.2,India,New Zealand,M Vijay,G Gambhir,DL Vettori,1,0,,,,,,,,,
467885,2010/11,2010-12-04,Reliance Stadium,2,8.3,India,New Zealand,G Gambhir,M Vijay,DL Vettori,1,0,,,,,,,,,
467885,2010/11,2010-12-04,Reliance Stadium,2,8.4,India,New Zealand,M Vijay,G Gambhir,DL Vettori,0,0,,,,,,,,,
467885,2010/11,2010-12-04,Reliance Stadium,2,8.5,India,New Zealand,M Vijay,G Gambhir,DL Vettori,0,0,,,,,,,,,
467885,2010/11,2010-12-04,Reliance Stadium,2,8.6,India,New Zealand,M Vijay,G Gambhir,DL Vettori,0,0,,,,,,,,,
467885,2010/11,2010-12-04,Reliance Stadium,2,9.1,India,New Zealand,G Gambhir,M Vijay,JEC Franklin,1,0,,,,,,,,,
467885,2010/11,2010-12-04,Reliance Stadium,2,9.2,India,New Zealand,M Vijay,G Gambhir,JEC Franklin,0,0,,,,,,,,,
467885,2010/11,2010-12-04,Reliance Stadium,2,9.3,India,New Zealand,M Vijay,G Gambhir,JEC Franklin,4,0,,,,,,,,,
467885,2010/11,2010-12-04,Reliance Stadium,2,9.4,India,New Zealand,M Vijay,G Gambhir,JEC Franklin,4,0,,,,,,,,,
467885,2010/11,2010-12-04,Reliance Stadium,2,9.5,India,New Zealand,M Vijay,G Gambhir,JEC Franklin,0,0,,,,,,,,,
467885,2010/11,2010-12-04,Reliance Stadium,2,9.6,India,New Zealand,M Vijay,G Gambhir,JEC Franklin,0,0,,,,,,,,,
467885,2010/11,2010-12-04,Reliance Stadium,2,10.1,India,New Zealand,G Gambhir,M Vijay,DL Vettori,0,0,,,,,,,,,
467885,2010/11,2010-12-04,Reliance Stadium,2,10.2,India,New Zealand,G Gambhir,M Vijay,DL Vettori,4,0,,,,,,,,,
467885,2010/11,2010-12-04,Reliance Stadium,2,10.3,India,New Zealand,G Gambhir,M Vijay,DL Vettori,0,0,,,,,,,,,
467885,2010/11,2010-12-04,Reliance Stadium,2,10.4,India,New Zealand,G Gambhir,M Vijay,DL Vettori,2,0,,,,,,,,,
467885,2010/11,2010-12-04,Reliance Stadium,2,10.5,India,New Zealand,G Gambhir,M Vijay,DL Vettori,1,0,,,,,,,,,
467885,2010/11,2010-12-04,Reliance Stadium,2,10.6,India,New Zealand,M Vijay,G Gambhir,DL Vettori,0,0,,,,,,,,,
467885,2010/11,2010-12-04,Reliance Stadium,2,11.1,India,New Zealand,G Gambhir,M Vijay,NL McCullum,0,0,,,,,,,,,
467885,2010/11,2010-12-04,Reliance Stadium,2,11.2,India,New Zealand,G Gambhir,M Vijay,NL McCullum,0,0,,,,,,,,,
467885,2010/11,2010-12-04,Reliance Stadium,2,11.3,India,New Zealand,G Gambhir,M Vijay,NL McCullum,2,0,,,,,,,,,
467885,2010/11,2010-12-04,Reliance Stadium,2,11.4,India,New Zealand,G Gambhir,M Vijay,NL McCullum,1,0,,,,,,,,,
467885,2010/11,2010-12-04,Reliance Stadium,2,11.5,India,New Zealand,M Vijay,G Gambhir,NL McCullum,4,0,,,,,,,,,
467885,2010/11,2010-12-04,Reliance Stadium,2,11.6,India,New Zealand,M Vijay,G Gambhir,NL McCullum,0,0,,,,,,,,,
467885,2010/11,2010-12-04,Reliance Stadium,2,12.1,India,New Zealand,G Gambhir,M Vijay,DL Vettori,1,0,,,,,,,,,
467885,2010/11,2010-12-04,Reliance Stadium,2,12.2,India,New Zealand,M Vijay,G Gambhir,DL Vettori,0,0,,,,,,,,,
467885,2010/11,2010-12-04,Reliance Stadium,2,12.3,India,New Zealand,M Vijay,G Gambhir,DL Vettori,1,0,,,,,,,,,
467885,2010/11,2010-12-04,Reliance Stadium,2,12.4,India,New Zealand,G Gambhir,M Vijay,DL Vettori,1,0,,,,,,,,,
467885,2010/11,2010-12-04,Reliance Stadium,2,12.5,India,New Zealand,M Vijay,G Gambhir,DL Vettori,0,0,,,,,,,,,
467885,2010/11,2010-12-04,Reliance Stadium,2,12.6,India,New Zealand,M Vijay,G Gambhir,DL Vettori,0,0,,,,,,,,,
467885,2010/11,2010-12-04,Reliance Stadium,2,13.1,India,New Zealand,G Gambhir,M Vijay,NL McCullum,0,0,,,,,,,,,
467885,2010/11,2010-12-04,Reliance Stadium,2,13.2,India,New Zealand,G Gambhir,M Vijay,NL McCullum,0,0,,,,,,,,,
467885,2010/11,2010-12-04,Reliance Stadium,2,13.3,India,New Zealand,G Gambhir,M Vijay,NL McCullum,0,0,,,,,,,,,
467885,2010/11,2010-12-04,Reliance Stadium,2,13.4,India,New Zealand,G Gambhir,M Vijay,NL McCullum,2,0,,,,,,,,,
467885,2010/11,2010-12-04,Reliance Stadium,2,13.5,India,New Zealand,G Gambhir,M Vijay,NL McCullum,2,0,,,,,,,,,
467885,2010/11,2010-12-04,Reliance Stadium,2,13.6,India,New Zealand,G Gambhir,M Vijay,NL McCullum,4,0,,,,,,,,,
467885,2010/11,2010-12-04,Reliance Stadium,2,14.1,India,New Zealand,M Vijay,G Gambhir,DL Vettori,1,0,,,,,,,,,
467885,2010/11,2010-12-04,Reliance Stadium,2,14.2,India,New Zealand,G Gambhir,M Vijay,DL Vettori,1,0,,,,,,,,,
467885,2010/11,2010-12-04,Reliance Stadium,2,14.3,India,New Zealand,M Vijay,G Gambhir,DL Vettori,0,0,,,,,,,,,
467885,2010/11,2010-12-04,Reliance Stadium,2,14.4,India,New Zealand,M Vijay,G Gambhir,DL Vettori,0,0,,,,,,,,,
467885,2010/11,2010-12-04,Reliance Stadium,2,14.5,India,New Zealand,M Vijay,G Gambhir,DL Vettori,0,0,,,,,,,,,
467885,2010/11,2010-12-04,Reliance Stadium,2,14.6,India,New Zealand,M Vijay,G Gambhir,DL Vettori,6,0,,,,,,,,,
467885,2010/11,2010-12-04,Reliance Stadium,2,15.1,India,New Zealand,G Gambhir,M Vijay,NL McCullum,1,0,,,,,,,,,
467885,2010/11,2010-12-04,Reliance Stadium,2,15.2,India,New Zealand,M Vijay,G Gambhir,NL McCullum,1,0,,,,,,,,,
467885,2010/11,2010-12-04,Reliance Stadium,2,15.3,India,New Zealand,G Gambhir,M Vijay,NL McCullum,1,0,,,,,,,,,
467885,2010/11,2010-12-04,Reliance Stadium,2,15.4,India,New Zealand,M Vijay,G Gambhir,NL McCullum,0,0,,,,,,,,,
467885,2010/11,2010-12-04,Reliance Stadium,2,15.5,India,New Zealand,M Vijay,G Gambhir,NL McCullum,0,0,,,,,,,,,
467885,2010/11,2010-12-04,Reliance Stadium,2,15.6,India,New Zealand,M Vijay,G Gambhir,NL McCullum,0,0,,,,,,,,,
467885,2010/11,2010-12-04,Reliance Stadium,2,16.1,India,New Zealand,G Gambhir,M Vijay,SB Styris,0,0,,,,,,,,,
467885,2010/11,2010-12-04,Reliance Stadium,2,16.2,India,New Zealand,G Gambhir,M Vijay,SB Styris,1,0,,,,,,,,,
467885,2010/11,2010-12-04,Reliance Stadium,2,16.3,India,New Zealand,M Vijay,G Gambhir,SB Styris,1,0,,,,,,,,,
467885,2010/11,2010-12-04,Reliance Stadium,2,16.4,India,New Zealand,G Gambhir,M Vijay,SB Styris,0,0,,,,,,,,,
467885,2010/11,2010-12-04,Reliance Stadium,2,16.5,India,New Zealand,G Gambhir,M Vijay,SB Styris,1,0,,,,,,,,,
467885,2010/11,2010-12-04,Reliance Stadium,2,16.6,India,New Zealand,M Vijay,G Gambhir,SB Styris,0,0,,,,,,,,,
467885,2010/11,2010-12-04,Reliance Stadium,2,17.1,India,New Zealand,G Gambhir,M Vijay,NL McCullum,0,0,,,,,,,,,
467885,2010/11,2010-12-04,Reliance Stadium,2,17.2,India,New Zealand,G Gambhir,M Vijay,NL McCullum,0,0,,,,,,,,,
467885,2010/11,2010-12-04,Reliance Stadium,2,17.3,India,New Zealand,G Gambhir,M Vijay,NL McCullum,0,0,,,,,,,,,
467885,2010/11,2010-12-04,Reliance Stadium,2,17.4,India,New Zealand,G Gambhir,M Vijay,NL McCullum,1,0,,,,,,,,,
467885,2010/11,2010-12-04,Reliance Stadium,2,17.5,India,New Zealand,M Vijay,G Gambhir,NL McCullum,0,0,,,,,,,,,
467885,2010/11,2010-12-04,Reliance Stadium,2,17.6,India,New Zealand,M Vijay,G Gambhir,NL McCullum,0,0,,,,,,,,,
467885,2010/11,2010-12-04,Reliance Stadium,2,18.1,India,New Zealand,G Gambhir,M Vijay,SB Styris,0,0,,,,,,,,,
467885,2010/11,2010-12-04,Reliance Stadium,2,18.2,India,New Zealand,G Gambhir,M Vijay,SB Styris,1,0,,,,,,,,,
467885,2010/11,2010-12-04,Reliance Stadium,2,18.3,India,New Zealand,M Vijay,G Gambhir,SB Styris,1,0,,,,,,,,,
467885,2010/11,2010-12-04,Reliance Stadium,2,18.4,India,New Zealand,G Gambhir,M Vijay,SB Styris,0,0,,,,,,run out,M Vijay,,
467885,2010/11,2010-12-04,Reliance Stadium,2,18.5,India,New Zealand,V Kohli,G Gambhir,SB Styris,0,0,,,,,,,,,
467885,2010/11,2010-12-04,Reliance Stadium,2,18.6,India,New Zealand,V Kohli,G Gambhir,SB Styris,1,0,,,,,,,,,
467885,2010/11,2010-12-04,Reliance Stadium,2,19.1,India,New Zealand,V Kohli,G Gambhir,NL McCullum,0,0,,,,,,,,,
467885,2010/11,2010-12-04,Reliance Stadium,2,19.2,India,New Zealand,V Kohli,G Gambhir,NL McCullum,1,0,,,,,,,,,
467885,2010/11,2010-12-04,Reliance Stadium,2,19.3,India,New Zealand,G Gambhir,V Kohli,NL McCullum,0,0,,,,,,,,,
467885,2010/11,2010-12-04,Reliance Stadium,2,19.4,India,New Zealand,G Gambhir,V Kohli,NL McCullum,1,0,,,,,,,,,
467885,2010/11,2010-12-04,Reliance Stadium,2,19.5,India,New Zealand,V Kohli,G Gambhir,NL McCullum,0,0,,,,,,,,,
467885,2010/11,2010-12-04,Reliance Stadium,2,19.6,India,New Zealand,V Kohli,G Gambhir,NL McCullum,1,0,,,,,,,,,
467885,2010/11,2010-12-04,Reliance Stadium,2,20.1,India,New Zealand,V Kohli,G Gambhir,SB Styris,0,0,,,,,,,,,
467885,2010/11,2010-12-04,Reliance Stadium,2,20.2,India,New Zealand,V Kohli,G Gambhir,SB Styris,4,0,,,,,,,,,
467885,2010/11,2010-12-04,Reliance Stadium,2,20.3,India,New Zealand,V Kohli,G Gambhir,SB Styris,1,0,,,,,,,,,
467885,2010/11,2010-12-04,Reliance Stadium,2,20.4,India,New Zealand,G Gambhir,V Kohli,SB Styris,0,0,,,,,,,,,
467885,2010/11,2010-12-04,Reliance Stadium,2,20.5,India,New Zealand,G Gambhir,V Kohli,SB Styris,0,0,,,,,,,,,
467885,2010/11,2010-12-04,Reliance Stadium,2,20.6,India,New Zealand,G Gambhir,V Kohli,SB Styris,0,0,,,,,,,,,
467885,2010/11,2010-12-04,Reliance Stadium,2,21.1,India,New Zealand,V Kohli,G Gambhir,NL McCullum,1,0,,,,,,,,,
467885,2010/11,2010-12-04,Reliance Stadium,2,21.2,India,New Zealand,G Gambhir,V Kohli,NL McCullum,0,0,,,,,,,,,
467885,2010/11,2010-12-04,Reliance Stadium,2,21.3,India,New Zealand,G Gambhir,V Kohli,NL McCullum,0,0,,,,,,,,,
467885,2010/11,2010-12-04,Reliance Stadium,2,21.4,India,New Zealand,G Gambhir,V Kohli,NL McCullum,1,0,,,,,,,,,
467885,2010/11,2010-12-04,Reliance Stadium,2,21.5,India,New Zealand,V Kohli,G Gambhir,NL McCullum,1,0,,,,,,,,,
467885,2010/11,2010-12-04,Reliance Stadium,2,21.6,India,New Zealand,G Gambhir,V Kohli,NL McCullum,4,0,,,,,,,,,
467885,2010/11,2010-12-04,Reliance Stadium,2,22.1,India,New Zealand,V Kohli,G Gambhir,DL Vettori,0,0,,,,,,,,,
467885,2010/11,2010-12-04,Reliance Stadium,2,22.2,India,New Zealand,V Kohli,G Gambhir,DL Vettori,0,0,,,,,,,,,
467885,2010/11,2010-12-04,Reliance Stadium,2,22.3,India,New Zealand,V Kohli,G Gambhir,DL Vettori,1,0,,,,,,,,,
467885,2010/11,2010-12-04,Reliance Stadium,2,22.4,India,New Zealand,G Gambhir,V Kohli,DL Vettori,1,0,,,,,,,,,
467885,2010/11,2010-12-04,Reliance Stadium,2,22.5,India,New Zealand,V Kohli,G Gambhir,DL Vettori,0,0,,,,,,,,,
467885,2010/11,2010-12-04,Reliance Stadium,2,22.6,India,New Zealand,V Kohli,G Gambhir,DL Vettori,1,0,,,,,,,,,
467885,2010/11,2010-12-04,Reliance Stadium,2,23.1,India,New Zealand,V Kohli,G Gambhir,NL McCullum,0,0,,,,,,,,,
467885,2010/11,2010-12-04,Reliance Stadium,2,23.2,India,New Zealand,V Kohli,G Gambhir,NL McCullum,0,0,,,,,,,,,
467885,2010/11,2010-12-04,Reliance Stadium,2,23.3,India,New Zealand,V Kohli,G Gambhir,NL McCullum,1,0,,,,,,,,,
467885,2010/11,2010-12-04,Reliance Stadium,2,23.4,India,New Zealand,G Gambhir,V Kohli,NL McCullum,1,0,,,,,,,,,
467885,2010/11,2010-12-04,Reliance Stadium,2,23.5,India,New Zealand,V Kohli,G Gambhir,NL McCullum,1,0,,,,,,,,,
467885,2010/11,2010-12-04,Reliance Stadium,2,23.6,India,New Zealand,G Gambhir,V Kohli,NL McCullum,0,0,,,,,,,,,
467885,2010/11,2010-12-04,Reliance Stadium,2,24.1,India,New Zealand,V Kohli,G Gambhir,DL Vettori,0,0,,,,,,,,,
467885,2010/11,2010-12-04,Reliance Stadium,2,24.2,India,New Zealand,V Kohli,G Gambhir,DL Vettori,0,0,,,,,,,,,
467885,2010/11,2010-12-04,Reliance Stadium,2,24.3,India,New Zealand,V Kohli,G Gambhir,DL Vettori,1,0,,,,,,,,,
467885,2010/11,2010-12-04,Reliance Stadium,2,24.4,India,New Zealand,G Gambhir,V Kohli,DL Vettori,1,0,,,,,,,,,
467885,2010/11,2010-12-04,Reliance Stadium,2,24.5,India,New Zealand,V Kohli,G Gambhir,DL Vettori,0,0,,,,,,,,,
467885,2010/11,2010-12-04,Reliance Stadium,2,24.6,India,New Zealand,V Kohli,G Gambhir,DL Vettori,1,0,,,,,,,,,
467885,2010/11,2010-12-04,Reliance Stadium,2,25.1,India,New Zealand,V Kohli,G Gambhir,NL McCullum,0,0,,,,,,,,,
467885,2010/11,2010-12-04,Reliance Stadium,2,25.2,India,New Zealand,V Kohli,G Gambhir,NL McCullum,0,0,,,,,,,,,
467885,2010/11,2010-12-04,Reliance Stadium,2,25.3,India,New Zealand,V Kohli,G Gambhir,NL McCullum,1,0,,,,,,,,,
467885,2010/11,2010-12-04,Reliance Stadium,2,25.4,India,New Zealand,G Gambhir,V Kohli,NL McCullum,1,0,,,,,,,,,
467885,2010/11,2010-12-04,Reliance Stadium,2,25.5,India,New Zealand,V Kohli,G Gambhir,NL McCullum,1,0,,,,,,,,,
467885,2010/11,2010-12-04,Reliance Stadium,2,25.6,India,New Zealand,G Gambhir,V Kohli,NL McCullum,1,0,,,,,,,,,
467885,2010/11,2010-12-04,Reliance Stadium,2,26.1,India,New Zealand,G Gambhir,V Kohli,DL Vettori,0,0,,,,,,,,,
467885,2010/11,2010-12-04,Reliance Stadium,2,26.2,India,New Zealand,G Gambhir,V Kohli,DL Vettori,1,0,,,,,,,,,
467885,2010/11,2010-12-04,Reliance Stadium,2,26.3,India,New Zealand,V Kohli,G Gambhir,DL Vettori,0,0,,,,,,,,,
467885,2010/11,2010-12-04,Reliance Stadium,2,26.4,India,New Zealand,V Kohli,G Gambhir,DL Vettori,1,0,,,,,,,,,
467885,2010/11,2010-12-04,Reliance Stadium,2,26.5,India,New Zealand,G Gambhir,V Kohli,DL Vettori,1,0,,,,,,,,,
467885,2010/11,2010-12-04,Reliance Stadium,2,26.6,India,New Zealand,V Kohli,G Gambhir,DL Vettori,0,0,,,,,,,,,
467885,2010/11,2010-12-04,Reliance Stadium,2,27.1,India,New Zealand,G Gambhir,V Kohli,SB Styris,0,0,,,,,,,,,
467885,2010/11,2010-12-04,Reliance Stadium,2,27.2,India,New Zealand,G Gambhir,V Kohli,SB Styris,0,0,,,,,,,,,
467885,2010/11,2010-12-04,Reliance Stadium,2,27.3,India,New Zealand,G Gambhir,V Kohli,SB Styris,4,0,,,,,,,,,
467885,2010/11,2010-12-04,Reliance Stadium,2,27.4,India,New Zealand,G Gambhir,V Kohli,SB Styris,1,0,,,,,,,,,
467885,2010/11,2010-12-04,Reliance Stadium,2,27.5,India,New Zealand,V Kohli,G Gambhir,SB Styris,0,0,,,,,,,,,
467885,2010/11,2010-12-04,Reliance Stadium,2,27.6,India,New Zealand,V Kohli,G Gambhir,SB Styris,0,0,,,,,,,,,
467885,2010/11,2010-12-04,Reliance Stadium,2,28.1,India,New Zealand,G Gambhir,V Kohli,KD Mills,1,0,,,,,,,,,
467885,2010/11,2010-12-04,Reliance Stadium,2,28.2,India,New Zealand,V Kohli,G Gambhir,KD Mills,0,0,,,,,,,,,
467885,2010/11,2010-12-04,Reliance Stadium,2,28.3,India,New Zealand,V Kohli,G Gambhir,KD Mills,0,0,,,,,,,,,
467885,2010/11,2010-12-04,Reliance Stadium,2,28.4,India,New Zealand,V Kohli,G Gambhir,KD Mills,0,0,,,,,,,,,
467885,2010/11,2010-12-04,Reliance Stadium,2,28.5,India,New Zealand,V Kohli,G Gambhir,KD Mills,2,0,,,,,,,,,
467885,2010/11,2010-12-04,Reliance Stadium,2,28.6,India,New Zealand,V Kohli,G Gambhir,KD Mills,0,0,,,,,,,,,
467885,2010/11,2010-12-04,Reliance Stadium,2,29.1,India,New Zealand,G Gambhir,V Kohli,SB Styris,1,0,,,,,,,,,
467885,2010/11,2010-12-04,Reliance Stadium,2,29.2,India,New Zealand,V Kohli,G Gambhir,SB Styris,1,0,,,,,,,,,
467885,2010/11,2010-12-04,Reliance Stadium,2,29.3,India,New Zealand,G Gambhir,V Kohli,SB Styris,1,0,,,,,,,,,
467885,2010/11,2010-12-04,Reliance Stadium,2,29.4,India,New Zealand,V Kohli,G Gambhir,SB Styris,1,0,,,,,,,,,
467885,2010/11,2010-12-04,Reliance Stadium,2,29.5,India,New Zealand,G Gambhir,V Kohli,SB Styris,1,0,,,,,,,,,
467885,2010/11,2010-12-04,Reliance Stadium,2,29.6,India,New Zealand,V Kohli,G Gambhir,SB Styris,4,0,,,,,,,,,
467885,2010/11,2010-12-04,Reliance Stadium,2,30.1,India,New Zealand,G Gambhir,V Kohli,KD Mills,2,0,,,,,,,,,
467885,2010/11,2010-12-04,Reliance Stadium,2,30.2,India,New Zealand,G Gambhir,V Kohli,KD Mills,0,0,,,,,,,,,
467885,2010/11,2010-12-04,Reliance Stadium,2,30.3,India,New Zealand,G Gambhir,V Kohli,KD Mills,0,0,,,,,,,,,
467885,2010/11,2010-12-04,Reliance Stadium,2,30.4,India,New Zealand,G Gambhir,V Kohli,KD Mills,4,0,,,,,,,,,
467885,2010/11,2010-12-04,Reliance Stadium,2,30.5,India,New Zealand,G Gambhir,V Kohli,KD Mills,0,0,,,,,,,,,
467885,2010/11,2010-12-04,Reliance Stadium,2,30.6,India,New Zealand,G Gambhir,V Kohli,KD Mills,1,0,,,,,,,,,
467885,2010/11,2010-12-04,Reliance Stadium,2,31.1,India,New Zealand,G Gambhir,V Kohli,SB Styris,2,0,,,,,,,,,
467885,2010/11,2010-12-04,Reliance Stadium,2,31.2,India,New Zealand,G Gambhir,V Kohli,SB Styris,0,0,,,,,,,,,
467885,2010/11,2010-12-04,Reliance Stadium,2,31.3,India,New Zealand,G Gambhir,V Kohli,SB Styris,1,0,,,,,,,,,
467885,2010/11,2010-12-04,Reliance Stadium,2,31.4,India,New Zealand,V Kohli,G Gambhir,SB Styris,0,0,,,,,,,,,
467885,2010/11,2010-12-04,Reliance Stadium,2,31.5,India,New Zealand,V Kohli,G Gambhir,SB Styris,4,0,,,,,,,,,
467885,2010/11,2010-12-04,Reliance Stadium,2,31.6,India,New Zealand,V Kohli,G Gambhir,SB Styris,0,0,,,,,,,,,
467885,2010/11,2010-12-04,Reliance Stadium,2,32.1,India,New Zealand,G Gambhir,V Kohli,KD Mills,0,0,,,,,,,,,
467885,2010/11,2010-12-04,Reliance Stadium,2,32.2,India,New Zealand,G Gambhir,V Kohli,KD Mills,1,0,,,,,,,,,
467885,2010/11,2010-12-04,Reliance Stadium,2,32.3,India,New Zealand,V Kohli,G Gambhir,KD Mills,0,0,,,,,,,,,
467885,2010/11,2010-12-04,Reliance Stadium,2,32.4,India,New Zealand,V Kohli,G Gambhir,KD Mills,2,0,,,,,,,,,
467885,2010/11,2010-12-04,Reliance Stadium,2,32.5,India,New Zealand,V Kohli,G Gambhir,KD Mills,4,0,,,,,,,,,
467885,2010/11,2010-12-04,Reliance Stadium,2,32.6,India,New Zealand,V Kohli,G Gambhir,KD Mills,1,0,,,,,,,,,
467885,2010/11,2010-12-04,Reliance Stadium,2,33.1,India,New Zealand,V Kohli,G Gambhir,AJ McKay,0,0,,,,,,,,,
467885,2010/11,2010-12-04,Reliance Stadium,2,33.2,India,New Zealand,V Kohli,G Gambhir,AJ McKay,0,0,,,,,,,,,
467885,2010/11,2010-12-04,Reliance Stadium,2,33.3,India,New Zealand,V Kohli,G Gambhir,AJ McKay,1,0,,,,,,,,,
467885,2010/11,2010-12-04,Reliance Stadium,2,33.4,India,New Zealand,G Gambhir,V Kohli,AJ McKay,2,0,,,,,,,,,
467885,2010/11,2010-12-04,Reliance Stadium,2,33.5,India,New Zealand,G Gambhir,V Kohli,AJ McKay,1,0,,,,,,,,,
467885,2010/11,2010-12-04,Reliance Stadium,2,33.6,India,New Zealand,V Kohli,G Gambhir,AJ McKay,0,1,1,,,,,,,,
467885,2010/11,2010-12-04,Reliance Stadium,2,33.7,India,New Zealand,V Kohli,G Gambhir,AJ McKay,0,0,,,,,,,,,
467885,2010/11,2010-12-04,Reliance Stadium,2,34.1,India,New Zealand,G Gambhir,V Kohli,DL Vettori,0,0,,,,,,,,,
467885,2010/11,2010-12-04,Reliance Stadium,2,34.2,India,New Zealand,G Gambhir,V Kohli,DL Vettori,0,0,,,,,,,,,
467885,2010/11,2010-12-04,Reliance Stadium,2,34.3,India,New Zealand,G Gambhir,V Kohli,DL Vettori,2,0,,,,,,,,,
467885,2010/11,2010-12-04,Reliance Stadium,2,34.4,India,New Zealand,G Gambhir,V Kohli,DL Vettori,0,0,,,,,,,,,
467885,2010/11,2010-12-04,Reliance Stadium,2,34.5,India,New Zealand,G Gambhir,V Kohli,DL Vettori,1,0,,,,,,,,,
467885,2010/11,2010-12-04,Reliance Stadium,2,34.6,India,New Zealand,V Kohli,G Gambhir,DL Vettori,0,0,,,,,,,,,
467885,2010/11,2010-12-04,Reliance Stadium,2,35.1,India,New Zealand,G Gambhir,V Kohli,AJ McKay,4,0,,,,,,,,,
467885,2010/11,2010-12-04,Reliance Stadium,2,35.2,India,New Zealand,G Gambhir,V Kohli,AJ McKay,0,0,,,,,,,,,
467885,2010/11,2010-12-04,Reliance Stadium,2,35.3,India,New Zealand,G Gambhir,V Kohli,AJ McKay,0,0,,,,,,,,,
467885,2010/11,2010-12-04,Reliance Stadium,2,35.4,India,New Zealand,G Gambhir,V Kohli,AJ McKay,0,0,,,,,,,,,
467885,2010/11,2010-12-04,Reliance Stadium,2,35.5,India,New Zealand,G Gambhir,V Kohli,AJ McKay,0,0,,,,,,,,,
467885,2010/11,2010-12-04,Reliance Stadium,2,35.6,India,New Zealand,G Gambhir,V Kohli,AJ McKay,0,0,,,,,,,,,
467885,2010/11,2010-12-04,Reliance Stadium,2,36.1,India,New Zealand,V Kohli,G Gambhir,DL Vettori,0,0,,,,,,,,,
467885,2010/11,2010-12-04,Reliance Stadium,2,36.2,India,New Zealand,V Kohli,G Gambhir,DL Vettori,4,0,,,,,,,,,
467885,2010/11,2010-12-04,Reliance Stadium,2,36.3,India,New Zealand,V Kohli,G Gambhir,DL Vettori,1,0,,,,,,,,,
467885,2010/11,2010-12-04,Reliance Stadium,2,36.4,India,New Zealand,G Gambhir,V Kohli,DL Vettori,0,0,,,,,,,,,
467885,2010/11,2010-12-04,Reliance Stadium,2,36.5,India,New Zealand,G Gambhir,V Kohli,DL Vettori,0,0,,,,,,,,,
467885,2010/11,2010-12-04,Reliance Stadium,2,36.6,India,New Zealand,G Gambhir,V Kohli,DL Vettori,4,0,,,,,,,,,
467885,2010/11,2010-12-04,Reliance Stadium,2,37.1,India,New Zealand,V Kohli,G Gambhir,AJ McKay,0,0,,,,,,,,,
467885,2010/11,2010-12-04,Reliance Stadium,2,37.2,India,New Zealand,V Kohli,G Gambhir,AJ McKay,0,1,1,,,,,,,,
467885,2010/11,2010-12-04,Reliance Stadium,2,37.3,India,New Zealand,V Kohli,G Gambhir,AJ McKay,1,0,,,,,,,,,
467885,2010/11,2010-12-04,Reliance Stadium,2,37.4,India,New Zealand,G Gambhir,V Kohli,AJ McKay,1,0,,,,,,,,,
467885,2010/11,2010-12-04,Reliance Stadium,2,37.5,India,New Zealand,V Kohli,G Gambhir,AJ McKay,0,0,,,,,,,,,
467885,2010/11,2010-12-04,Reliance Stadium,2,37.6,India,New Zealand,V Kohli,G Gambhir,AJ McKay,0,0,,,,,,,,,
467885,2010/11,2010-12-04,Reliance Stadium,2,37.7,India,New Zealand,V Kohli,G Gambhir,AJ McKay,1,0,,,,,,,,,
467885,2010/11,2010-12-04,Reliance Stadium,2,38.1,India,New Zealand,V Kohli,G Gambhir,JEC Franklin,0,0,,,,,,,,,
467885,2010/11,2010-12-04,Reliance Stadium,2,38.2,India,New Zealand,V Kohli,G Gambhir,JEC Franklin,4,0,,,,,,,,,
467885,2010/11,2010-12-04,Reliance Stadium,2,38.3,India,New Zealand,V Kohli,G Gambhir,JEC Franklin,6,0,,,,,,,,,
467885,2010/11,2010-12-04,Reliance Stadium,2,38.4,India,New Zealand,V Kohli,G Gambhir,JEC Franklin,0,0,,,,,,,,,
467885,2010/11,2010-12-04,Reliance Stadium,2,38.5,India,New Zealand,V Kohli,G Gambhir,JEC Franklin,1,0,,,,,,,,,
467885,2010/11,2010-12-04,Reliance Stadium,2,38.6,India,New Zealand,G Gambhir,V Kohli,JEC Franklin,0,0,,,,,,,,,
467885,2010/11,2010-12-04,Reliance Stadium,2,39.1,India,New Zealand,V Kohli,G Gambhir,AJ McKay,0,0,,,,,,,,,
467885,2010/11,2010-12-04,Reliance Stadium,2,39.2,India,New Zealand,V Kohli,G Gambhir,AJ McKay,0,0,,,,,,,,,
467885,2010/11,2010-12-04,Reliance Stadium,2,39.3,India,New Zealand,V Kohli,G Gambhir,AJ McKay,0,1,1,,,,,,,,
467885,2010/11,2010-12-04,Reliance Stadium,2,39.4,India,New Zealand,V Kohli,G Gambhir,AJ McKay,6,0,,,,,,,,,
