match_id,season,start_date,venue,innings,ball,batting_team,bowling_team,striker,non_striker,bowler,runs_off_bat,extras,wides,noballs,byes,legbyes,penalty,wicket_type,player_dismissed,other_wicket_type,other_player_dismissed
473925,2010/11,2011-01-29,AMI Stadium,1,0.1,Pakistan,New Zealand,Mohammad Hafeez,Ahmed Shehzad,KD Mills,0,0,,,,,,,,,
473925,2010/11,2011-01-29,AMI Stadium,1,0.2,Pakistan,New Zealand,Mohammad Hafeez,Ahmed Shehzad,KD Mills,0,0,,,,,,,,,
473925,2010/11,2011-01-29,AMI Stadium,1,0.3,Pakistan,New Zealand,Mohammad Hafeez,Ahmed Shehzad,KD Mills,2,0,,,,,,,,,
473925,2010/11,2011-01-29,AMI Stadium,1,0.4,Pakistan,New Zealand,Mohammad Hafeez,Ahmed Shehzad,KD Mills,0,0,,,,,,,,,
473925,2010/11,2011-01-29,AMI Stadium,1,0.5,Pakistan,New Zealand,Mohammad Hafeez,Ahmed Shehzad,KD Mills,0,0,,,,,,,,,
473925,2010/11,2011-01-29,AMI Stadium,1,0.6,Pakistan,New Zealand,Mohammad Hafeez,Ahmed Shehzad,KD Mills,0,0,,,,,,,,,
473925,2010/11,2011-01-29,AMI Stadium,1,1.1,Pakistan,New Zealand,Ahmed Shehzad,Mohammad Hafeez,TG Southee,0,0,,,,,,,,,
473925,2010/11,2011-01-29,AMI Stadium,1,1.2,Pakistan,New Zealand,Ahmed Shehzad,Mohammad Hafeez,TG Southee,0,0,,,,,,,,,
473925,2010/11,2011-01-29,AMI Stadium,1,1.3,Pakistan,New Zealand,Ahmed Shehzad,Mohammad Hafeez,TG Southee,0,0,,,,,,caught,Ahmed Shehzad,,
473925,2010/11,2011-01-29,AMI Stadium,1,1.4,Pakistan,New Zealand,Kamran Akmal,Mohammad Hafeez,TG Southee,0,0,,,,,,,,,
473925,2010/11,2011-01-29,AMI Stadium,1,1.5,Pakistan,New Zealand,Kamran Akmal,Mohammad Hafeez,TG Southee,1,0,,,,,,,,,
473925,2010/11,2011-01-29,AMI Stadium,1,1.6,Pakistan,New Zealand,Mohammad Hafeez,Kamran Akmal,TG Southee,0,0,,,,,,,,,
473925,2010/11,2011-01-29,AMI Stadium,1,2.1,Pakistan,New Zealand,Kamran Akmal,Mohammad Hafeez,KD Mills,4,0,,,,,,,,,
473925,2010/11,2011-01-29,AMI Stadium,1,2.2,Pakistan,New Zealand,Kamran Akmal,Mohammad Hafeez,KD Mills,0,0,,,,,,,,,
473925,2010/11,2011-01-29,AMI Stadium,1,2.3,Pakistan,New Zealand,Kamran Akmal,Mohammad Hafeez,KD Mills,0,0,,,,,,,,,
473925,2010/11,2011-01-29,AMI Stadium,1,2.4,Pakistan,New Zealand,Kamran Akmal,Mohammad Hafeez,KD Mills,0,0,,,,,,,,,
473925,2010/11,2011-01-29,AMI Stadium,1,2.5,Pakistan,New Zealand,Kamran Akmal,Mohammad Hafeez,KD Mills,0,0,,,,,,,,,
473925,2010/11,2011-01-29,AMI Stadium,1,2.6,Pakistan,New Zealand,Kamran Akmal,Mohammad Hafeez,KD Mills,1,0,,,,,,,,,
473925,2010/11,2011-01-29,AMI Stadium,1,3.1,Pakistan,New Zealand,Kamran Akmal,Mohammad Hafeez,TG Southee,0,0,,,,,,bowled,Kamran Akmal,,
473925,2010/11,2011-01-29,AMI Stadium,1,3.2,Pakistan,New Zealand,Younis Khan,Mohammad Hafeez,TG Southee,0,0,,,,,,,,,
473925,2010/11,2011-01-29,AMI Stadium,1,3.3,Pakistan,New Zealand,Younis Khan,Mohammad Hafeez,TG Southee,1,0,,,,,,,,,
473925,2010/11,2011-01-29,AMI Stadium,1,3.4,Pakistan,New Zealand,Mohammad Hafeez,Younis Khan,TG Southee,0,0,,,,,,,,,
473925,2010/11,2011-01-29,AMI Stadium,1,3.5,Pakistan,New Zealand,Mohammad Hafeez,Younis Khan,TG Southee,0,0,,,,,,,,,
473925,2010/11,2011-01-29,AMI Stadium,1,3.6,Pakistan,New Zealand,Mohammad Hafeez,Younis Khan,TG Southee,1,0,,,,,,,,,
473925,2010/11,2011-01-29,AMI Stadium,1,4.1,Pakistan,New Zealand,Mohammad Hafeez,Younis Khan,KD Mills,0,0,,,,,,,,,
473925,2010/11,2011-01-29,AMI Stadium,1,4.2,Pakistan,New Zealand,Mohammad Hafeez,Younis Khan,KD Mills,0,0,,,,,,,,,
473925,2010/11,2011-01-29,AMI Stadium,1,4.3,Pakistan,New Zealand,Mohammad Hafeez,Younis Khan,KD Mills,0,0,,,,,,,,,
473925,2010/11,2011-01-29,AMI Stadium,1,4.4,Pakistan,New Zealand,Mohammad Hafeez,Younis Khan,KD Mills,0,0,,,,,,,,,
473925,2010/11,2011-01-29,AMI Stadium,1,4.5,Pakistan,New Zealand,Mohammad Hafeez,Younis Khan,KD Mills,0,0,,,,,,,,,
473925,2010/11,2011-01-29,AMI Stadium,1,4.6,Pakistan,New Zealand,Mohammad Hafeez,Younis Khan,KD Mills,3,0,,,,,,,,,
473925,2010/11,2011-01-29,AMI Stadium,1,5.1,Pakistan,New Zealand,Mohammad Hafeez,Younis Khan,TG Southee,4,0,,,,,,,,,
473925,2010/11,2011-01-29,AMI Stadium,1,5.2,Pakistan,New Zealand,Mohammad Hafeez,Younis Khan,TG Southee,4,0,,,,,,,,,
473925,2010/11,2011-01-29,AMI Stadium,1,5.3,Pakistan,New Zealand,Mohammad Hafeez,Younis Khan,TG Southee,0,0,,,,,,,,,
473925,2010/11,2011-01-29,AMI Stadium,1,5.4,Pakistan,New Zealand,Mohammad Hafeez,Younis Khan,TG Southee,0,0,,,,,,,,,
473925,2010/11,2011-01-29,AMI Stadium,1,5.5,Pakistan,New Zealand,Mohammad Hafeez,Younis Khan,TG Southee,0,0,,,,,,,,,
473925,2010/11,2011-01-29,AMI Stadium,1,5.6,Pakistan,New Zealand,Mohammad Hafeez,Younis Khan,TG Southee,0,0,,,,,,,,,
473925,2010/11,2011-01-29,AMI Stadium,1,6.1,Pakistan,New Zealand,Younis Khan,Mohammad Hafeez,KD Mills,0,0,,,,,,,,,
473925,2010/11,2011-01-29,AMI Stadium,1,6.2,Pakistan,New Zealand,Younis Khan,Mohammad Hafeez,KD Mills,1,0,,,,,,,,,
473925,2010/11,2011-01-29,AMI Stadium,1,6.3,Pakistan,New Zealand,Mohammad Hafeez,Younis Khan,KD Mills,0,0,,,,,,,,,
473925,2010/11,2011-01-29,AMI Stadium,1,6.4,Pakistan,New Zealand,Mohammad Hafeez,Younis Khan,KD Mills,0,0,,,,,,,,,
473925,2010/11,2011-01-29,AMI Stadium,1,6.5,Pakistan,New Zealand,Mohammad Hafeez,Younis Khan,KD Mills,1,0,,,,,,,,,
473925,2010/11,2011-01-29,AMI Stadium,1,6.6,Pakistan,New Zealand,Younis Khan,Mohammad Hafeez,KD Mills,0,0,,,,,,,,,
473925,2010/11,2011-01-29,AMI Stadium,1,7.1,Pakistan,New Zealand,Mohammad Hafeez,Younis Khan,HK Bennett,4,0,,,,,,,,,
473925,2010/11,2011-01-29,AMI Stadium,1,7.2,Pakistan,New Zealand,Mohammad Hafeez,Younis Khan,HK Bennett,0,1,,1,,,,,,,
473925,2010/11,2011-01-29,AMI Stadium,1,7.3,Pakistan,New Zealand,Mohammad Hafeez,Younis Khan,HK Bennett,6,0,,,,,,,,,
473925,2010/11,2011-01-29,AMI Stadium,1,7.4,Pakistan,New Zealand,Mohammad Hafeez,Younis Khan,HK Bennett,1,0,,,,,,,,,
473925,2010/11,2011-01-29,AMI Stadium,1,7.5,Pakistan,New Zealand,Younis Khan,Mohammad Hafeez,HK Bennett,0,0,,,,,,,,,
473925,2010/11,2011-01-29,AMI Stadium,1,7.6,Pakistan,New Zealand,Younis Khan,Mohammad Hafeez,HK Bennett,0,0,,,,,,,,,
473925,2010/11,2011-01-29,AMI Stadium,1,7.7,Pakistan,New Zealand,Younis Khan,Mohammad Hafeez,HK Bennett,0,0,,,,,,,,,
473925,2010/11,2011-01-29,AMI Stadium,1,8.1,Pakistan,New Zealand,Mohammad Hafeez,Younis Khan,KD Mills,0,0,,,,,,,,,
473925,2010/11,2011-01-29,AMI Stadium,1,8.2,Pakistan,New Zealand,Mohammad Hafeez,Younis Khan,KD Mills,0,0,,,,,,,,,
473925,2010/11,2011-01-29,AMI Stadium,1,8.3,Pakistan,New Zealand,Mohammad Hafeez,Younis Khan,KD Mills,4,0,,,,,,,,,
473925,2010/11,2011-01-29,AMI Stadium,1,8.4,Pakistan,New Zealand,Mohammad Hafeez,Younis Khan,KD Mills,0,0,,,,,,,,,
473925,2010/11,2011-01-29,AMI Stadium,1,8.5,Pakistan,New Zealand,Mohammad Hafeez,Younis Khan,KD Mills,0,0,,,,,,,,,
473925,2010/11,2011-01-29,AMI Stadium,1,8.6,Pakistan,New Zealand,Mohammad Hafeez,Younis Khan,KD Mills,0,0,,,,,,,,,
473925,2010/11,2011-01-29,AMI Stadium,1,9.1,Pakistan,New Zealand,Younis Khan,Mohammad Hafeez,HK Bennett,0,0,,,,,,,,,
473925,2010/11,2011-01-29,AMI Stadium,1,9.2,Pakistan,New Zealand,Younis Khan,Mohammad Hafeez,HK Bennett,1,0,,,,,,,,,
473925,2010/11,2011-01-29,AMI Stadium,1,9.3,Pakistan,New Zealand,Mohammad Hafeez,Younis Khan,HK Bennett,1,0,,,,,,,,,
473925,2010/11,2011-01-29,AMI Stadium,1,9.4,Pakistan,New Zealand,Younis Khan,Mohammad Hafeez,HK Bennett,2,0,,,,,,,,,
473925,2010/11,2011-01-29,AMI Stadium,1,9.5,Pakistan,New Zealand,Younis Khan,Mohammad Hafeez,HK Bennett,1,0,,,,,,,,,
473925,2010/11,2011-01-29,AMI Stadium,1,9.6,Pakistan,New Zealand,Mohammad Hafeez,Younis Khan,HK Bennett,0,0,,,,,,,,,
473925,2010/11,2011-01-29,AMI Stadium,1,10.1,Pakistan,New Zealand,Younis Khan,Mohammad Hafeez,TG Southee,1,0,,,,,,,,,
473925,2010/11,2011-01-29,AMI Stadium,1,10.2,Pakistan,New Zealand,Mohammad Hafeez,Younis Khan,TG Southee,0,0,,,,,,,,,
473925,2010/11,2011-01-29,AMI Stadium,1,10.3,Pakistan,New Zealand,Mohammad Hafeez,Younis Khan,TG Southee,0,0,,,,,,,,,
473925,2010/11,2011-01-29,AMI Stadium,1,10.4,Pakistan,New Zealand,Mohammad Hafeez,Younis Khan,TG Southee,0,0,,,,,,,,,
473925,2010/11,2011-01-29,AMI Stadium,1,10.5,Pakistan,New Zealand,Mohammad Hafeez,Younis Khan,TG Southee,1,0,,,,,,,,,
473925,2010/11,2011-01-29,AMI Stadium,1,10.6,Pakistan,New Zealand,Younis Khan,Mohammad Hafeez,TG Southee,0,0,,,,,,,,,
473925,2010/11,2011-01-29,AMI Stadium,1,11.1,Pakistan,New Zealand,Mohammad Hafeez,Younis Khan,HK Bennett,1,0,,,,,,,,,
473925,2010/11,2011-01-29,AMI Stadium,1,11.2,Pakistan,New Zealand,Younis Khan,Mohammad Hafeez,HK Bennett,4,0,,,,,,,,,
473925,2010/11,2011-01-29,AMI Stadium,1,11.3,Pakistan,New Zealand,Younis Khan,Mohammad Hafeez,HK Bennett,0,0,,,,,,,,,
473925,2010/11,2011-01-29,AMI Stadium,1,11.4,Pakistan,New Zealand,Younis Khan,Mohammad Hafeez,HK Bennett,0,0,,,,,,,,,
473925,2010/11,2011-01-29,AMI Stadium,1,11.5,Pakistan,New Zealand,Younis Khan,Mohammad Hafeez,HK Bennett,0,0,,,,,,,,,
473925,2010/11,2011-01-29,AMI Stadium,1,11.6,Pakistan,New Zealand,Younis Khan,Mohammad Hafeez,HK Bennett,0,0,,,,,,,,,
473925,2010/11,2011-01-29,AMI Stadium,1,12.1,Pakistan,New Zealand,Mohammad Hafeez,Younis Khan,TG Southee,0,0,,,,,,,,,
473925,2010/11,2011-01-29,AMI Stadium,1,12.2,Pakistan,New Zealand,Mohammad Hafeez,Younis Khan,TG Southee,0,0,,,,,,,,,
473925,2010/11,2011-01-29,AMI Stadium,1,12.3,Pakistan,New Zealand,Mohammad Hafeez,Younis Khan,TG Southee,1,0,,,,,,,,,
473925,2010/11,2011-01-29,AMI Stadium,1,12.4,Pakistan,New Zealand,Younis Khan,Mohammad Hafeez,TG Southee,0,1,1,,,,,,,,
473925,2010/11,2011-01-29,AMI Stadium,1,12.5,Pakistan,New Zealand,Younis Khan,Mohammad Hafeez,TG Southee,1,0,,,,,,,,,
473925,2010/11,2011-01-29,AMI Stadium,1,12.6,Pakistan,New Zealand,Mohammad Hafeez,Younis Khan,TG Southee,1,0,,,,,,,,,
473925,2010/11,2011-01-29,AMI Stadium,1,12.7,Pakistan,New Zealand,Younis Khan,Mohammad Hafeez,TG Southee,0,0,,,,,,,,,
473925,2010/11,2011-01-29,AMI Stadium,1,13.1,Pakistan,New Zealand,Mohammad Hafeez,Younis Khan,JDP Oram,0,0,,,,,,,,,
473925,2010/11,2011-01-29,AMI Stadium,1,13.2,Pakistan,New Zealand,Mohammad Hafeez,Younis Khan,JDP Oram,1,0,,,,,,,,,
473925,2010/11,2011-01-29,AMI Stadium,1,13.3,Pakistan,New Zealand,Younis Khan,Mohammad Hafeez,JDP Oram,0,0,,,,,,caught,Younis Khan,,
473925,2010/11,2011-01-29,AMI Stadium,1,13.4,Pakistan,New Zealand,Mohammad Hafeez,Misbah-ul-Haq,JDP Oram,0,0,,,,,,,,,
473925,2010/11,2011-01-29,AMI Stadium,1,13.5,Pakistan,New Zealand,Mohammad Hafeez,Misbah-ul-Haq,JDP Oram,0,0,,,,,,,,,
473925,2010/11,2011-01-29,AMI Stadium,1,13.6,Pakistan,New Zealand,Mohammad Hafeez,Misbah-ul-Haq,JDP Oram,4,0,,,,,,,,,
473925,2010/11,2011-01-29,AMI Stadium,1,14.1,Pakistan,New Zealand,Misbah-ul-Haq,Mohammad Hafeez,TG Southee,0,0,,,,,,,,,
473925,2010/11,2011-01-29,AMI Stadium,1,14.2,Pakistan,New Zealand,Misbah-ul-Haq,Mohammad Hafeez,TG Southee,0,0,,,,,,,,,
473925,2010/11,2011-01-29,AMI Stadium,1,14.3,Pakistan,New Zealand,Misbah-ul-Haq,Mohammad Hafeez,TG Southee,1,0,,,,,,,,,
473925,2010/11,2011-01-29,AMI Stadium,1,14.4,Pakistan,New Zealand,Mohammad Hafeez,Misbah-ul-Haq,TG Southee,0,0,,,,,,,,,
473925,2010/11,2011-01-29,AMI Stadium,1,14.5,Pakistan,New Zealand,Mohammad Hafeez,Misbah-ul-Haq,TG Southee,1,0,,,,,,,,,
473925,2010/11,2011-01-29,AMI Stadium,1,14.6,Pakistan,New Zealand,Misbah-ul-Haq,Mohammad Hafeez,TG Southee,0,0,,,,,,,,,
473925,2010/11,2011-01-29,AMI Stadium,1,15.1,Pakistan,New Zealand,Mohammad Hafeez,Misbah-ul-Haq,JDP Oram,0,0,,,,,,,,,
473925,2010/11,2011-01-29,AMI Stadium,1,15.2,Pakistan,New Zealand,Mohammad Hafeez,Misbah-ul-Haq,JDP Oram,0,0,,,,,,,,,
473925,2010/11,2011-01-29,AMI Stadium,1,15.3,Pakistan,New Zealand,Mohammad Hafeez,Misbah-ul-Haq,JDP Oram,0,0,,,,,,,,,
473925,2010/11,2011-01-29,AMI Stadium,1,15.4,Pakistan,New Zealand,Mohammad Hafeez,Misbah-ul-Haq,JDP Oram,2,0,,,,,,,,,
473925,2010/11,2011-01-29,AMI Stadium,1,15.5,Pakistan,New Zealand,Mohammad Hafeez,Misbah-ul-Haq,JDP Oram,4,0,,,,,,,,,
473925,2010/11,2011-01-29,AMI Stadium,1,15.6,Pakistan,New Zealand,Mohammad Hafeez,Misbah-ul-Haq,JDP Oram,0,0,,,,,,,,,
473925,2010/11,2011-01-29,AMI Stadium,1,16.1,Pakistan,New Zealand,Misbah-ul-Haq,Mohammad Hafeez,HK Bennett,0,0,,,,,,,,,
473925,2010/11,2011-01-29,AMI Stadium,1,16.2,Pakistan,New Zealand,Misbah-ul-Haq,Mohammad Hafeez,HK Bennett,0,0,,,,,,,,,
473925,2010/11,2011-01-29,AMI Stadium,1,16.3,Pakistan,New Zealand,Misbah-ul-Haq,Mohammad Hafeez,HK Bennett,0,0,,,,,,,,,
473925,2010/11,2011-01-29,AMI Stadium,1,16.4,Pakistan,New Zealand,Misbah-ul-Haq,Mohammad Hafeez,HK Bennett,1,0,,,,,,,,,
473925,2010/11,2011-01-29,AMI Stadium,1,16.5,Pakistan,New Zealand,Mohammad Hafeez,Misbah-ul-Haq,HK Bennett,1,0,,,,,,,,,
473925,2010/11,2011-01-29,AMI Stadium,1,16.6,Pakistan,New Zealand,Misbah-ul-Haq,Mohammad Hafeez,HK Bennett,0,0,,,,,,,,,
473925,2010/11,2011-01-29,AMI Stadium,1,17.1,Pakistan,New Zealand,Mohammad Hafeez,Misbah-ul-Haq,JDP Oram,0,0,,,,,,,,,
473925,2010/11,2011-01-29,AMI Stadium,1,17.2,Pakistan,New Zealand,Mohammad Hafeez,Misbah-ul-Haq,JDP Oram,1,0,,,,,,,,,
473925,2010/11,2011-01-29,AMI Stadium,1,17.3,Pakistan,New Zealand,Misbah-ul-Haq,Mohammad Hafeez,JDP Oram,1,0,,,,,,,,,
473925,2010/11,2011-01-29,AMI Stadium,1,17.4,Pakistan,New Zealand,Mohammad Hafeez,Misbah-ul-Haq,JDP Oram,0,0,,,,,,,,,
473925,2010/11,2011-01-29,AMI Stadium,1,17.5,Pakistan,New Zealand,Mohammad Hafeez,Misbah-ul-Haq,JDP Oram,0,0,,,,,,,,,
473925,2010/11,2011-01-29,AMI Stadium,1,17.6,Pakistan,New Zealand,Mohammad Hafeez,Misbah-ul-Haq,JDP Oram,1,0,,,,,,,,,
473925,2010/11,2011-01-29,AMI Stadium,1,18.1,Pakistan,New Zealand,Mohammad Hafeez,Misbah-ul-Haq,HK Bennett,0,0,,,,,,,,,
473925,2010/11,2011-01-29,AMI Stadium,1,18.2,Pakistan,New Zealand,Mohammad Hafeez,Misbah-ul-Haq,HK Bennett,0,4,4,,,,,,,,
473925,2010/11,2011-01-29,AMI Stadium,1,18.3,Pakistan,New Zealand,Misbah-ul-Haq,Mohammad Hafeez,HK Bennett,1,0,,,,,,,,,
473925,2010/11,2011-01-29,AMI Stadium,1,18.4,Pakistan,New Zealand,Mohammad Hafeez,Misbah-ul-Haq,HK Bennett,4,0,,,,,,,,,
473925,2010/11,2011-01-29,AMI Stadium,1,18.5,Pakistan,New Zealand,Mohammad Hafeez,Misbah-ul-Haq,HK Bennett,0,0,,,,,,,,,
473925,2010/11,2011-01-29,AMI Stadium,1,18.6,Pakistan,New Zealand,Mohammad Hafeez,Misbah-ul-Haq,HK Bennett,0,0,,,,,,,,,
473925,2010/11,2011-01-29,AMI Stadium,1,18.7,Pakistan,New Zealand,Mohammad Hafeez,Misbah-ul-Haq,HK Bennett,1,0,,,,,,,,,
473925,2010/11,2011-01-29,AMI Stadium,1,19.1,Pakistan,New Zealand,Mohammad Hafeez,Misbah-ul-Haq,LJ Woodcock,1,0,,,,,,,,,
473925,2010/11,2011-01-29,AMI Stadium,1,19.2,Pakistan,New Zealand,Misbah-ul-Haq,Mohammad Hafeez,LJ Woodcock,0,0,,,,,,,,,
473925,2010/11,2011-01-29,AMI Stadium,1,19.3,Pakistan,New Zealand,Misbah-ul-Haq,Mohammad Hafeez,LJ Woodcock,1,0,,,,,,,,,
473925,2010/11,2011-01-29,AMI Stadium,1,19.4,Pakistan,New Zealand,Mohammad Hafeez,Misbah-ul-Haq,LJ Woodcock,0,0,,,,,,,,,
473925,2010/11,2011-01-29,AMI Stadium,1,19.5,Pakistan,New Zealand,Mohammad Hafeez,Misbah-ul-Haq,LJ Woodcock,0,0,,,,,,,,,
473925,2010/11,2011-01-29,AMI Stadium,1,19.6,Pakistan,New Zealand,Mohammad Hafeez,Misbah-ul-Haq,LJ Woodcock,1,0,,,,,,,,,
473925,2010/11,2011-01-29,AMI Stadium,1,20.1,Pakistan,New Zealand,Mohammad Hafeez,Misbah-ul-Haq,JDP Oram,1,0,,,,,,,,,
473925,2010/11,2011-01-29,AMI Stadium,1,20.2,Pakistan,New Zealand,Misbah-ul-Haq,Mohammad Hafeez,JDP Oram,0,0,,,,,,,,,
473925,2010/11,2011-01-29,AMI Stadium,1,20.3,Pakistan,New Zealand,Misbah-ul-Haq,Mohammad Hafeez,JDP Oram,1,0,,,,,,,,,
473925,2010/11,2011-01-29,AMI Stadium,1,20.4,Pakistan,New Zealand,Mohammad Hafeez,Misbah-ul-Haq,JDP Oram,0,0,,,,,,,,,
473925,2010/11,2011-01-29,AMI Stadium,1,20.5,Pakistan,New Zealand,Mohammad Hafeez,Misbah-ul-Haq,JDP Oram,0,0,,,,,,,,,
473925,2010/11,2011-01-29,AMI Stadium,1,20.6,Pakistan,New Zealand,Mohammad Hafeez,Misbah-ul-Haq,JDP Oram,0,0,,,,,,,,,
473925,2010/11,2011-01-29,AMI Stadium,1,21.1,Pakistan,New Zealand,Misbah-ul-Haq,Mohammad Hafeez,LJ Woodcock,0,0,,,,,,,,,
473925,2010/11,2011-01-29,AMI Stadium,1,21.2,Pakistan,New Zealand,Misbah-ul-Haq,Mohammad Hafeez,LJ Woodcock,0,0,,,,,,,,,
473925,2010/11,2011-01-29,AMI Stadium,1,21.3,Pakistan,New Zealand,Misbah-ul-Haq,Mohammad Hafeez,LJ Woodcock,1,0,,,,,,,,,
473925,2010/11,2011-01-29,AMI Stadium,1,21.4,Pakistan,New Zealand,Mohammad Hafeez,Misbah-ul-Haq,LJ Woodcock,0,0,,,,,,,,,
473925,2010/11,2011-01-29,AMI Stadium,1,21.5,Pakistan,New Zealand,Mohammad Hafeez,Misbah-ul-Haq,LJ Woodcock,0,0,,,,,,,,,
473925,2010/11,2011-01-29,AMI Stadium,1,21.6,Pakistan,New Zealand,Mohammad Hafeez,Misbah-ul-Haq,LJ Woodcock,1,0,,,,,,,,,
473925,2010/11,2011-01-29,AMI Stadium,1,22.1,Pakistan,New Zealand,Mohammad Hafeez,Misbah-ul-Haq,JDP Oram,0,0,,,,,,,,,
473925,2010/11,2011-01-29,AMI Stadium,1,22.2,Pakistan,New Zealand,Mohammad Hafeez,Misbah-ul-Haq,JDP Oram,0,0,,,,,,,,,
473925,2010/11,2011-01-29,AMI Stadium,1,22.3,Pakistan,New Zealand,Mohammad Hafeez,Misbah-ul-Haq,JDP Oram,1,0,,,,,,,,,
473925,2010/11,2011-01-29,AMI Stadium,1,22.4,Pakistan,New Zealand,Misbah-ul-Haq,Mohammad Hafeez,JDP Oram,0,0,,,,,,,,,
473925,2010/11,2011-01-29,AMI Stadium,1,22.5,Pakistan,New Zealand,Misbah-ul-Haq,Mohammad Hafeez,JDP Oram,0,0,,,,,,,,,
473925,2010/11,2011-01-29,AMI Stadium,1,22.6,Pakistan,New Zealand,Misbah-ul-Haq,Mohammad Hafeez,JDP Oram,1,0,,,,,,,,,
473925,2010/11,2011-01-29,AMI Stadium,1,23.1,Pakistan,New Zealand,Misbah-ul-Haq,Mohammad Hafeez,LJ Woodcock,0,0,,,,,,,,,
473925,2010/11,2011-01-29,AMI Stadium,1,23.2,Pakistan,New Zealand,Misbah-ul-Haq,Mohammad Hafeez,LJ Woodcock,0,0,,,,,,,,,
473925,2010/11,2011-01-29,AMI Stadium,1,23.3,Pakistan,New Zealand,Misbah-ul-Haq,Mohammad Hafeez,LJ Woodcock,0,0,,,,,,,,,
473925,2010/11,2011-01-29,AMI Stadium,1,23.4,Pakistan,New Zealand,Misbah-ul-Haq,Mohammad Hafeez,LJ Woodcock,0,0,,,,,,,,,
473925,2010/11,2011-01-29,AMI Stadium,1,23.5,Pakistan,New Zealand,Misbah-ul-Haq,Mohammad Hafeez,LJ Woodcock,0,0,,,,,,,,,
473925,2010/11,2011-01-29,AMI Stadium,1,23.6,Pakistan,New Zealand,Misbah-ul-Haq,Mohammad Hafeez,LJ Woodcock,1,0,,,,,,,,,
473925,2010/11,2011-01-29,AMI Stadium,1,24.1,Pakistan,New Zealand,Misbah-ul-Haq,Mohammad Hafeez,JDP Oram,1,0,,,,,,,,,
473925,2010/11,2011-01-29,AMI Stadium,1,24.2,Pakistan,New Zealand,Mohammad Hafeez,Misbah-ul-Haq,JDP Oram,1,0,,,,,,,,,
473925,2010/11,2011-01-29,AMI Stadium,1,24.3,Pakistan,New Zealand,Misbah-ul-Haq,Mohammad Hafeez,JDP Oram,1,0,,,,,,,,,
473925,2010/11,2011-01-29,AMI Stadium,1,24.4,Pakistan,New Zealand,Mohammad Hafeez,Misbah-ul-Haq,JDP Oram,1,0,,,,,,,,,
473925,2010/11,2011-01-29,AMI Stadium,1,24.5,Pakistan,New Zealand,Misbah-ul-Haq,Mohammad Hafeez,JDP Oram,0,0,,,,,,,,,
473925,2010/11,2011-01-29,AMI Stadium,1,24.6,Pakistan,New Zealand,Misbah-ul-Haq,Mohammad Hafeez,JDP Oram,1,0,,,,,,,,,
473925,2010/11,2011-01-29,AMI Stadium,1,25.1,Pakistan,New Zealand,Misbah-ul-Haq,Mohammad Hafeez,LJ Woodcock,0,0,,,,,,,,,
473925,2010/11,2011-01-29,AMI Stadium,1,25.2,Pakistan,New Zealand,Misbah-ul-Haq,Mohammad Hafeez,LJ Woodcock,0,0,,,,,,,,,
473925,2010/11,2011-01-29,AMI Stadium,1,25.3,Pakistan,New Zealand,Misbah-ul-Haq,Mohammad Hafeez,LJ Woodcock,1,0,,,,,,,,,
473925,2010/11,2011-01-29,AMI Stadium,1,25.4,Pakistan,New Zealand,Mohammad Hafeez,Misbah-ul-Haq,LJ Woodcock,4,0,,,,,,,,,
473925,2010/11,2011-01-29,AMI Stadium,1,25.5,Pakistan,New Zealand,Mohammad Hafeez,Misbah-ul-Haq,LJ Woodcock,0,0,,,,,,,,,
473925,2010/11,2011-01-29,AMI Stadium,1,25.6,Pakistan,New Zealand,Mohammad Hafeez,Misbah-ul-Haq,LJ Woodcock,0,0,,,,,,,,,
473925,2010/11,2011-01-29,AMI Stadium,1,26.1,Pakistan,New Zealand,Misbah-ul-Haq,Mohammad Hafeez,SB Styris,1,0,,,,,,,,,
473925,2010/11,2011-01-29,AMI Stadium,1,26.2,Pakistan,New Zealand,Mohammad Hafeez,Misbah-ul-Haq,SB Styris,1,0,,,,,,,,,
473925,2010/11,2011-01-29,AMI Stadium,1,26.3,Pakistan,New Zealand,Misbah-ul-Haq,Mohammad Hafeez,SB Styris,0,0,,,,,,,,,
473925,2010/11,2011-01-29,AMI Stadium,1,26.4,Pakistan,New Zealand,Misbah-ul-Haq,Mohammad Hafeez,SB Styris,0,0,,,,,,,,,
473925,2010/11,2011-01-29,AMI Stadium,1,26.5,Pakistan,New Zealand,Misbah-ul-Haq,Mohammad Hafeez,SB Styris,1,0,,,,,,,,,
473925,2010/11,2011-01-29,AMI Stadium,1,26.6,Pakistan,New Zealand,Mohammad Hafeez,Misbah-ul-Haq,SB Styris,0,0,,,,,,,,,
473925,2010/11,2011-01-29,AMI Stadium,1,27.1,Pakistan,New Zealand,Misbah-ul-Haq,Mohammad Hafeez,LJ Woodcock,1,0,,,,,,,,,
473925,2010/11,2011-01-29,AMI Stadium,1,27.2,Pakistan,New Zealand,Mohammad Hafeez,Misbah-ul-Haq,LJ Woodcock,1,0,,,,,,,,,
473925,2010/11,2011-01-29,AMI Stadium,1,27.3,Pakistan,New Zealand,Misbah-ul-Haq,Mohammad Hafeez,LJ Woodcock,1,0,,,,,,,,,
473925,2010/11,2011-01-29,AMI Stadium,1,27.4,Pakistan,New Zealand,Mohammad Hafeez,Misbah-ul-Haq,LJ Woodcock,4,0,,,,,,,,,
473925,2010/11,2011-01-29,AMI Stadium,1,27.5,Pakistan,New Zealand,Mohammad Hafeez,Misbah-ul-Haq,LJ Woodcock,0,0,,,,,,,,,
473925,2010/11,2011-01-29,AMI Stadium,1,27.6,Pakistan,New Zealand,Mohammad Hafeez,Misbah-ul-Haq,LJ Woodcock,1,0,,,,,,,,,
473925,2010/11,2011-01-29,AMI Stadium,1,28.1,Pakistan,New Zealand,Mohammad Hafeez,Misbah-ul-Haq,SB Styris,0,0,,,,,,,,,
473925,2010/11,2011-01-29,AMI Stadium,1,28.2,Pakistan,New Zealand,Mohammad Hafeez,Misbah-ul-Haq,SB Styris,1,0,,,,,,,,,
473925,2010/11,2011-01-29,AMI Stadium,1,28.3,Pakistan,New Zealand,Misbah-ul-Haq,Mohammad Hafeez,SB Styris,0,0,,,,,,,,,
473925,2010/11,2011-01-29,AMI Stadium,1,28.4,Pakistan,New Zealand,Misbah-ul-Haq,Mohammad Hafeez,SB Styris,1,0,,,,,,,,,
473925,2010/11,2011-01-29,AMI Stadium,1,28.5,Pakistan,New Zealand,Mohammad Hafeez,Misbah-ul-Haq,SB Styris,0,0,,,,,,,,,
473925,2010/11,2011-01-29,AMI Stadium,1,28.6,Pakistan,New Zealand,Mohammad Hafeez,Misbah-ul-Haq,SB Styris,0,0,,,,,,,,,
473925,2010/11,2011-01-29,AMI Stadium,1,29.1,Pakistan,New Zealand,Misbah-ul-Haq,Mohammad Hafeez,LJ Woodcock,0,0,,,,,,,,,
473925,2010/11,2011-01-29,AMI Stadium,1,29.2,Pakistan,New Zealand,Misbah-ul-Haq,Mohammad Hafeez,LJ Woodcock,0,0,,,,,,,,,
473925,2010/11,2011-01-29,AMI Stadium,1,29.3,Pakistan,New Zealand,Misbah-ul-Haq,Mohammad Hafeez,LJ Woodcock,1,0,,,,,,,,,
473925,2010/11,2011-01-29,AMI Stadium,1,29.4,Pakistan,New Zealand,Mohammad Hafeez,Misbah-ul-Haq,LJ Woodcock,1,0,,,,,,,,,
473925,2010/11,2011-01-29,AMI Stadium,1,29.5,Pakistan,New Zealand,Misbah-ul-Haq,Mohammad Hafeez,LJ Woodcock,1,0,,,,,,,,,
473925,2010/11,2011-01-29,AMI Stadium,1,29.6,Pakistan,New Zealand,Mohammad Hafeez,Misbah-ul-Haq,LJ Woodcock,1,0,,,,,,,,,
473925,2010/11,2011-01-29,AMI Stadium,1,30.1,Pakistan,New Zealand,Mohammad Hafeez,Misbah-ul-Haq,SB Styris,1,0,,,,,,,,,
473925,2010/11,2011-01-29,AMI Stadium,1,30.2,Pakistan,New Zealand,Misbah-ul-Haq,Mohammad Hafeez,SB Styris,2,0,,,,,,,,,
473925,2010/11,2011-01-29,AMI Stadium,1,30.3,Pakistan,New Zealand,Misbah-ul-Haq,Mohammad Hafeez,SB Styris,0,0,,,,,,,,,
473925,2010/11,2011-01-29,AMI Stadium,1,30.4,Pakistan,New Zealand,Misbah-ul-Haq,Mohammad Hafeez,SB Styris,4,0,,,,,,,,,
473925,2010/11,2011-01-29,AMI Stadium,1,30.5,Pakistan,New Zealand,Misbah-ul-Haq,Mohammad Hafeez,SB Styris,1,0,,,,,,,,,
473925,2010/11,2011-01-29,AMI Stadium,1,30.6,Pakistan,New Zealand,Mohammad Hafeez,Misbah-ul-Haq,SB Styris,1,0,,,,,,,,,
473925,2010/11,2011-01-29,AMI Stadium,1,31.1,Pakistan,New Zealand,Mohammad Hafeez,Misbah-ul-Haq,LJ Woodcock,0,0,,,,,,,,,
473925,2010/11,2011-01-29,AMI Stadium,1,31.2,Pakistan,New Zealand,Mohammad Hafeez,Misbah-ul-Haq,LJ Woodcock,1,0,,,,,,,,,
473925,2010/11,2011-01-29,AMI Stadium,1,31.3,Pakistan,New Zealand,Misbah-ul-Haq,Mohammad Hafeez,LJ Woodcock,1,0,,,,,,,,,
473925,2010/11,2011-01-29,AMI Stadium,1,31.4,Pakistan,New Zealand,Mohammad Hafeez,Misbah-ul-Haq,LJ Woodcock,1,0,,,,,,,,,
473925,2010/11,2011-01-29,AMI Stadium,1,31.5,Pakistan,New Zealand,Misbah-ul-Haq,Mohammad Hafeez,LJ Woodcock,1,0,,,,,,,,,
473925,2010/11,2011-01-29,AMI Stadium,1,31.6,Pakistan,New Zealand,Mohammad Hafeez,Misbah-ul-Haq,LJ Woodcock,1,0,,,,,,,,,
473925,2010/11,2011-01-29,AMI Stadium,1,32.1,Pakistan,New Zealand,Mohammad Hafeez,Misbah-ul-Haq,SB Styris,1,0,,,,,,,,,
473925,2010/11,2011-01-29,AMI Stadium,1,32.2,Pakistan,New Zealand,Misbah-ul-Haq,Mohammad Hafeez,SB Styris,1,0,,,,,,,,,
473925,2010/11,2011-01-29,AMI Stadium,1,32.3,Pakistan,New Zealand,Mohammad Hafeez,Misbah-ul-Haq,SB Styris,1,0,,,,,,,,,
473925,2010/11,2011-01-29,AMI Stadium,1,32.4,Pakistan,New Zealand,Misbah-ul-Haq,Mohammad Hafeez,SB Styris,1,0,,,,,,,,,
473925,2010/11,2011-01-29,AMI Stadium,1,32.5,Pakistan,New Zealand,Mohammad Hafeez,Misbah-ul-Haq,SB Styris,0,0,,,,,,,,,
473925,2010/11,2011-01-29,AMI Stadium,1,32.6,Pakistan,New Zealand,Mohammad Hafeez,Misbah-ul-Haq,SB Styris,0,0,,,,,,,,,
473925,2010/11,2011-01-29,AMI Stadium,1,33.1,Pakistan,New Zealand,Misbah-ul-Haq,Mohammad Hafeez,LJ Woodcock,0,0,,,,,,,,,
473925,2010/11,2011-01-29,AMI Stadium,1,33.2,Pakistan,New Zealand,Misbah-ul-Haq,Mohammad Hafeez,LJ Woodcock,0,0,,,,,,,,,
473925,2010/11,2011-01-29,AMI Stadium,1,33.3,Pakistan,New Zealand,Misbah-ul-Haq,Mohammad Hafeez,LJ Woodcock,1,0,,,,,,,,,
473925,2010/11,2011-01-29,AMI Stadium,1,33.4,Pakistan,New Zealand,Mohammad Hafeez,Misbah-ul-Haq,LJ Woodcock,0,0,,,,,,,,,
473925,2010/11,2011-01-29,AMI Stadium,1,33.5,Pakistan,New Zealand,Mohammad Hafeez,Misbah-ul-Haq,LJ Woodcock,1,0,,,,,,,,,
473925,2010/11,2011-01-29,AMI Stadium,1,33.6,Pakistan,New Zealand,Misbah-ul-Haq,Mohammad Hafeez,LJ Woodcock,1,0,,,,,,,,,
473925,2010/11,2011-01-29,AMI Stadium,1,34.1,Pakistan,New Zealand,Misbah-ul-Haq,Mohammad Hafeez,KD Mills,0,0,,,,,,,,,
473925,2010/11,2011-01-29,AMI Stadium,1,34.2,Pakistan,New Zealand,Misbah-ul-Haq,Mohammad Hafeez,KD Mills,0,0,,,,,,,,,
473925,2010/11,2011-01-29,AMI Stadium,1,34.3,Pakistan,New Zealand,Misbah-ul-Haq,Mohammad Hafeez,KD Mills,1,0,,,,,,,,,
473925,2010/11,2011-01-29,AMI Stadium,1,34.4,Pakistan,New Zealand,Mohammad Hafeez,Misbah-ul-Haq,KD Mills,0,0,,,,,,,,,
473925,2010/11,2011-01-29,AMI Stadium,1,34.5,Pakistan,New Zealand,Mohammad Hafeez,Misbah-ul-Haq,KD Mills,1,0,,,,,,,,,
473925,2010/11,2011-01-29,AMI Stadium,1,34.6,Pakistan,New Zealand,Misbah-ul-Haq,Mohammad Hafeez,KD Mills,0,0,,,,,,,,,
473925,2010/11,2011-01-29,AMI Stadium,1,35.1,Pakistan,New Zealand,Mohammad Hafeez,Misbah-ul-Haq,JDP Oram,0,1,1,,,,,,,,
473925,2010/11,2011-01-29,AMI Stadium,1,35.2,Pakistan,New Zealand,Mohammad Hafeez,Misbah-ul-Haq,JDP Oram,0,0,,,,,,,,,
473925,2010/11,2011-01-29,AMI Stadium,1,35.3,Pakistan,New Zealand,Mohammad Hafeez,Misbah-ul-Haq,JDP Oram,0,0,,,,,,,,,
473925,2010/11,2011-01-29,AMI Stadium,1,35.4,Pakistan,New Zealand,Mohammad Hafeez,Misbah-ul-Haq,JDP Oram,0,1,,,,1,,,,,
473925,2010/11,2011-01-29,AMI Stadium,1,35.5,Pakistan,New Zealand,Misbah-ul-Haq,Mohammad Hafeez,JDP Oram,1,0,,,,,,,,,
473925,2010/11,2011-01-29,AMI Stadium,1,35.6,Pakistan,New Zealand,Mohammad Hafeez,Misbah-ul-Haq,JDP Oram,4,0,,,,,,,,,
473925,2010/11,2011-01-29,AMI Stadium,1,35.7,Pakistan,New Zealand,Mohammad Hafeez,Misbah-ul-Haq,JDP Oram,0,0,,,,,,,,,
473925,2010/11,2011-01-29,AMI Stadium,1,36.1,Pakistan,New Zealand,Misbah-ul-Haq,Mohammad Hafeez,KD Mills,0,0,,,,,,caught,Misbah-ul-Haq,,
473925,2010/11,2011-01-29,AMI Stadium,1,36.2,Pakistan,New Zealand,Umar Akmal,Mohammad Hafeez,KD Mills,0,0,,,,,,,,,
473925,2010/11,2011-01-29,AMI Stadium,1,36.3,Pakistan,New Zealand,Umar Akmal,Mohammad Hafeez,KD Mills,0,0,,,,,,,,,
473925,2010/11,2011-01-29,AMI Stadium,1,36.4,Pakistan,New Zealand,Umar Akmal,Mohammad Hafeez,KD Mills,0,0,,,,,,,,,
473925,2010/11,2011-01-29,AMI Stadium,1,36.5,Pakistan,New Zealand,Umar Akmal,Mohammad Hafeez,KD Mills,1,0,,,,,,,,,
473925,2010/11,2011-01-29,AMI Stadium,1,36.6,Pakistan,New Zealand,Mohammad Hafeez,Umar Akmal,KD Mills,0,0,,,,,,,,,
473925,2010/11,2011-01-29,AMI Stadium,1,37.1,Pakistan,New Zealand,Umar Akmal,Mohammad Hafeez,JDP Oram,0,0,,,,,,,,,
473925,2010/11,2011-01-29,AMI Stadium,1,37.2,Pakistan,New Zealand,Umar Akmal,Mohammad Hafeez,JDP Oram,0,0,,,,,,,,,
473925,2010/11,2011-01-29,AMI Stadium,1,37.3,Pakistan,New Zealand,Umar Akmal,Mohammad Hafeez,JDP Oram,2,0,,,,,,,,,
473925,2010/11,2011-01-29,AMI Stadium,1,37.4,Pakistan,New Zealand,Umar Akmal,Mohammad Hafeez,JDP Oram,1,0,,,,,,,,,
473925,2010/11,2011-01-29,AMI Stadium,1,37.5,Pakistan,New Zealand,Mohammad Hafeez,Umar Akmal,JDP Oram,1,0,,,,,,,,,
473925,2010/11,2011-01-29,AMI Stadium,1,37.6,Pakistan,New Zealand,Umar Akmal,Mohammad Hafeez,JDP Oram,0,0,,,,,,,,,
473925,2010/11,2011-01-29,AMI Stadium,1,38.1,Pakistan,New Zealand,Mohammad Hafeez,Umar Akmal,KD Mills,1,0,,,,,,,,,
473925,2010/11,2011-01-29,AMI Stadium,1,38.2,Pakistan,New Zealand,Umar Akmal,Mohammad Hafeez,KD Mills,6,0,,,,,,,,,
473925,2010/11,2011-01-29,AMI Stadium,1,38.3,Pakistan,New Zealand,Umar Akmal,Mohammad Hafeez,KD Mills,1,0,,,,,,,,,
473925,2010/11,2011-01-29,AMI Stadium,1,38.4,Pakistan,New Zealand,Mohammad Hafeez,Umar Akmal,KD Mills,0,0,,,,,,,,,
473925,2010/11,2011-01-29,AMI Stadium,1,38.5,Pakistan,New Zealand,Mohammad Hafeez,Umar Akmal,KD Mills,0,0,,,,,,,,,
473925,2010/11,2011-01-29,AMI Stadium,1,38.6,Pakistan,New Zealand,Mohammad Hafeez,Umar Akmal,KD Mills,1,0,,,,,,,,,
473925,2010/11,2011-01-29,AMI Stadium,1,39.1,Pakistan,New Zealand,Mohammad Hafeez,Umar Akmal,LJ Woodcock,0,0,,,,,,,,,
473925,2010/11,2011-01-29,AMI Stadium,1,39.2,Pakistan,New Zealand,Mohammad Hafeez,Umar Akmal,LJ Woodcock,0,0,,,,,,,,,
473925,2010/11,2011-01-29,AMI Stadium,1,39.3,Pakistan,New Zealand,Mohammad Hafeez,Umar Akmal,LJ Woodcock,0,0,,,,,,,,,
473925,2010/11,2011-01-29,AMI Stadium,1,39.4,Pakistan,New Zealand,Mohammad Hafeez,Umar Akmal,LJ Woodcock,1,0,,,,,,,,,
473925,2010/11,2011-01-29,AMI Stadium,1,39.5,Pakistan,New Zealand,Umar Akmal,Mohammad Hafeez,LJ Woodcock,1,0,,,,,,,,,
473925,2010/11,2011-01-29,AMI Stadium,1,39.6,Pakistan,New Zealand,Mohammad Hafeez,Umar Akmal,LJ Woodcock,1,0,,,,,,,,,
473925,2010/11,2011-01-29,AMI Stadium,1,40.1,Pakistan,New Zealand,Mohammad Hafeez,Umar Akmal,TG Southee,2,0,,,,,,,,,
473925,2010/11,2011-01-29,AMI Stadium,1,40.2,Pakistan,New Zealand,Mohammad Hafeez,Umar Akmal,TG Southee,1,0,,,,,,,,,
473925,2010/11,2011-01-29,AMI Stadium,1,40.3,Pakistan,New Zealand,Umar Akmal,Mohammad Hafeez,TG Southee,1,0,,,,,,,,,
473925,2010/11,2011-01-29,AMI Stadium,1,40.4,Pakistan,New Zealand,Mohammad Hafeez,Umar Akmal,TG Southee,0,0,,,,,,,,,
473925,2010/11,2011-01-29,AMI Stadium,1,40.5,Pakistan,New Zealand,Mohammad Hafeez,Umar Akmal,TG Southee,0,0,,,,,,,,,
473925,2010/11,2011-01-29,AMI Stadium,1,40.6,Pakistan,New Zealand,Mohammad Hafeez,Umar Akmal,TG Southee,1,0,,,,,,,,,
473925,2010/11,2011-01-29,AMI Stadium,1,41.1,Pakistan,New Zealand,Mohammad Hafeez,Umar Akmal,LJ Woodcock,1,0,,,,,,,,,
473925,2010/11,2011-01-29,AMI Stadium,1,41.2,Pakistan,New Zealand,Umar Akmal,Mohammad Hafeez,LJ Woodcock,4,0,,,,,,,,,
473925,2010/11,2011-01-29,AMI Stadium,1,41.3,Pakistan,New Zealand,Umar Akmal,Mohammad Hafeez,LJ Woodcock,4,0,,,,,,,,,
473925,2010/11,2011-01-29,AMI Stadium,1,41.4,Pakistan,New Zealand,Umar Akmal,Mohammad Hafeez,LJ Woodcock,1,0,,,,,,,,,
473925,2010/11,2011-01-29,AMI Stadium,1,41.5,Pakistan,New Zealand,Mohammad Hafeez,Umar Akmal,LJ Woodcock,1,0,,,,,,,,,
473925,2010/11,2011-01-29,AMI Stadium,1,41.6,Pakistan,New Zealand,Umar Akmal,Mohammad Hafeez,LJ Woodcock,1,0,,,,,,,,,
473925,2010/11,2011-01-29,AMI Stadium,1,42.1,Pakistan,New Zealand,Umar Akmal,Mohammad Hafeez,TG Southee,1,0,,,,,,,,,
473925,2010/11,2011-01-29,AMI Stadium,1,42.2,Pakistan,New Zealand,Mohammad Hafeez,Umar Akmal,TG Southee,0,0,,,,,,,,,
473925,2010/11,2011-01-29,AMI Stadium,1,42.3,Pakistan,New Zealand,Mohammad Hafeez,Umar Akmal,TG Southee,1,0,,,,,,,,,
473925,2010/11,2011-01-29,AMI Stadium,1,42.4,Pakistan,New Zealand,Umar Akmal,Mohammad Hafeez,TG Southee,1,0,,,,,,,,,
473925,2010/11,2011-01-29,AMI Stadium,1,42.5,Pakistan,New Zealand,Mohammad Hafeez,Umar Akmal,TG Southee,4,0,,,,,,,,,
473925,2010/11,2011-01-29,AMI Stadium,1,42.6,Pakistan,New Zealand,Mohammad Hafeez,Umar Akmal,TG Southee,4,0,,,,,,,,,
473925,2010/11,2011-01-29,AMI Stadium,1,43.1,Pakistan,New Zealand,Umar Akmal,Mohammad Hafeez,KD Mills,0,0,,,,,,,,,
473925,2010/11,2011-01-29,AMI Stadium,1,43.2,Pakistan,New Zealand,Umar Akmal,Mohammad Hafeez,KD Mills,1,0,,,,,,,,,
473925,2010/11,2011-01-29,AMI Stadium,1,43.3,Pakistan,New Zealand,Mohammad Hafeez,Umar Akmal,KD Mills,6,0,,,,,,,,,
473925,2010/11,2011-01-29,AMI Stadium,1,43.4,Pakistan,New Zealand,Mohammad Hafeez,Umar Akmal,KD Mills,0,0,,,,,,caught,Mohammad Hafeez,,
473925,2010/11,2011-01-29,AMI Stadium,1,43.5,Pakistan,New Zealand,Umar Akmal,Shahid Afridi,KD Mills,6,0,,,,,,,,,
473925,2010/11,2011-01-29,AMI Stadium,1,43.6,Pakistan,New Zealand,Umar Akmal,Shahid Afridi,KD Mills,4,0,,,,,,,,,
473925,2010/11,2011-01-29,AMI Stadium,1,44.1,Pakistan,New Zealand,Shahid Afridi,Umar Akmal,TG Southee,1,0,,,,,,,,,
473925,2010/11,2011-01-29,AMI Stadium,1,44.2,Pakistan,New Zealand,Umar Akmal,Shahid Afridi,TG Southee,1,0,,,,,,,,,
473925,2010/11,2011-01-29,AMI Stadium,1,44.3,Pakistan,New Zealand,Shahid Afridi,Umar Akmal,TG Southee,1,0,,,,,,,,,
473925,2010/11,2011-01-29,AMI Stadium,1,44.4,Pakistan,New Zealand,Umar Akmal,Shahid Afridi,TG Southee,4,0,,,,,,,,,
473925,2010/11,2011-01-29,AMI Stadium,1,44.5,Pakistan,New Zealand,Umar Akmal,Shahid Afridi,TG Southee,1,0,,,,,,,,,
473925,2010/11,2011-01-29,AMI Stadium,1,44.6,Pakistan,New Zealand,Shahid Afridi,Umar Akmal,TG Southee,1,0,,,,,,,,,
473925,2010/11,2011-01-29,AMI Stadium,1,45.1,Pakistan,New Zealand,Shahid Afridi,Umar Akmal,JDP Oram,2,0,,,,,,,,,
473925,2010/11,2011-01-29,AMI Stadium,1,45.2,Pakistan,New Zealand,Shahid Afridi,Umar Akmal,JDP Oram,6,0,,,,,,,,,
473925,2010/11,2011-01-29,AMI Stadium,1,45.3,Pakistan,New Zealand,Shahid Afridi,Umar Akmal,JDP Oram,2,0,,,,,,,,,
473925,2010/11,2011-01-29,AMI Stadium,1,45.4,Pakistan,New Zealand,Shahid Afridi,Umar Akmal,JDP Oram,6,0,,,,,,,,,
473925,2010/11,2011-01-29,AMI Stadium,1,45.5,Pakistan,New Zealand,Shahid Afridi,Umar Akmal,JDP Oram,0,1,,1,,,,,,,
473925,2010/11,2011-01-29,AMI Stadium,1,45.6,Pakistan,New Zealand,Shahid Afridi,Umar Akmal,JDP Oram,4,0,,,,,,,,,
473925,2010/11,2011-01-29,AMI Stadium,1,45.7,Pakistan,New Zealand,Shahid Afridi,Umar Akmal,JDP Oram,1,0,,,,,,,,,
473925,2010/11,2011-01-29,AMI Stadium,1,46.1,Pakistan,New Zealand,Shahid Afridi,Umar Akmal,TG Southee,1,0,,,,,,,,,
473925,2010/11,2011-01-29,AMI Stadium,1,46.2,Pakistan,New Zealand,Umar Akmal,Shahid Afridi,TG Southee,1,0,,,,,,,,,
473925,2010/11,2011-01-29,AMI Stadium,1,46.3,Pakistan,New Zealand,Shahid Afridi,Umar Akmal,TG Southee,6,0,,,,,,,,,
473925,2010/11,2011-01-29,AMI Stadium,1,46.4,Pakistan,New Zealand,Shahid Afridi,Umar Akmal,TG Southee,4,0,,,,,,,,,
473925,2010/11,2011-01-29,AMI Stadium,1,46.5,Pakistan,New Zealand,Shahid Afridi,Umar Akmal,TG Southee,0,0,,,,,,,,,
473925,2010/11,2011-01-29,AMI Stadium,1,46.6,Pakistan,New Zealand,Shahid Afridi,Umar Akmal,TG Southee,1,0,,,,,,,,,
473925,2010/11,2011-01-29,AMI Stadium,1,47.1,Pakistan,New Zealand,Shahid Afridi,Umar Akmal,HK Bennett,1,0,,,,,,,,,
473925,2010/11,2011-01-29,AMI Stadium,1,47.2,Pakistan,New Zealand,Umar Akmal,Shahid Afridi,HK Bennett,1,0,,,,,,,,,
473925,2010/11,2011-01-29,AMI Stadium,1,47.3,Pakistan,New Zealand,Shahid Afridi,Umar Akmal,HK Bennett,6,0,,,,,,,,,
473925,2010/11,2011-01-29,AMI Stadium,1,47.4,Pakistan,New Zealand,Shahid Afridi,Umar Akmal,HK Bennett,6,0,,,,,,,,,
473925,2010/11,2011-01-29,AMI Stadium,1,47.5,Pakistan,New Zealand,Shahid Afridi,Umar Akmal,HK Bennett,1,0,,,,,,,,,
473925,2010/11,2011-01-29,AMI Stadium,1,47.6,Pakistan,New Zealand,Umar Akmal,Shahid Afridi,HK Bennett,0,0,,,,,,bowled,Umar Akmal,,
473925,2010/11,2011-01-29,AMI Stadium,1,48.1,Pakistan,New Zealand,Shahid Afridi,Abdul Razzaq,KD Mills,2,0,,,,,,,,,
473925,2010/11,2011-01-29,AMI Stadium,1,48.2,Pakistan,New Zealand,Shahid Afridi,Abdul Razzaq,KD Mills,4,0,,,,,,,,,
473925,2010/11,2011-01-29,AMI Stadium,1,48.3,Pakistan,New Zealand,Shahid Afridi,Abdul Razzaq,KD Mills,1,0,,,,,,,,,
473925,2010/11,2011-01-29,AMI Stadium,1,48.4,Pakistan,New Zealand,Abdul Razzaq,Shahid Afridi,KD Mills,1,0,,,,,,,,,
473925,2010/11,2011-01-29,AMI Stadium,1,48.5,Pakistan,New Zealand,Shahid Afridi,Abdul Razzaq,KD Mills,4,0,,,,,,,,,
473925,2010/11,2011-01-29,AMI Stadium,1,48.6,Pakistan,New Zealand,Shahid Afridi,Abdul Razzaq,KD Mills,4,0,,,,,,,,,
473925,2010/11,2011-01-29,AMI Stadium,1,49.1,Pakistan,New Zealand,Abdul Razzaq,Shahid Afridi,HK Bennett,1,0,,,,,,,,,
473925,2010/11,2011-01-29,AMI Stadium,1,49.2,Pakistan,New Zealand,Shahid Afridi,Abdul Razzaq,HK Bennett,0,0,,,,,,caught,Shahid Afridi,,
473925,2010/11,2011-01-29,AMI Stadium,1,49.3,Pakistan,New Zealand,Wahab Riaz,Abdul Razzaq,HK Bennett,1,0,,,,,,,,,
473925,2010/11,2011-01-29,AMI Stadium,1,49.4,Pakistan,New Zealand,Abdul Razzaq,Wahab Riaz,HK Bennett,1,0,,,,,,,,,
473925,2010/11,2011-01-29,AMI Stadium,1,49.5,Pakistan,New Zealand,Wahab Riaz,Abdul Razzaq,HK Bennett,0,1,,,,1,,,,,
473925,2010/11,2011-01-29,AMI Stadium,1,49.6,Pakistan,New Zealand,Abdul Razzaq,Wahab Riaz,HK Bennett,2,0,,,,,,,,,
473925,2010/11,2011-01-29,AMI Stadium,2,0.1,New Zealand,Pakistan,MJ Guptill,JM How,Abdul Razzaq,0,0,,,,,,,,,
473925,2010/11,2011-01-29,AMI Stadium,2,0.2,New Zealand,Pakistan,MJ Guptill,JM How,Abdul Razzaq,4,0,,,,,,,,,
473925,2010/11,2011-01-29,AMI Stadium,2,0.3,New Zealand,Pakistan,MJ Guptill,JM How,Abdul Razzaq,0,0,,,,,,,,,
473925,2010/11,2011-01-29,AMI Stadium,2,0.4,New Zealand,Pakistan,MJ Guptill,JM How,Abdul Razzaq,0,0,,,,,,,,,
473925,2010/11,2011-01-29,AMI Stadium,2,0.5,New Zealand,Pakistan,MJ Guptill,JM How,Abdul Razzaq,0,0,,,,,,,,,
473925,2010/11,2011-01-29,AMI Stadium,2,0.6,New Zealand,Pakistan,MJ Guptill,JM How,Abdul Razzaq,0,0,,,,,,,,,
473925,2010/11,2011-01-29,AMI Stadium,2,1.1,New Zealand,Pakistan,JM How,MJ Guptill,Sohail Tanvir,4,0,,,,,,,,,
473925,2010/11,2011-01-29,AMI Stadium,2,1.2,New Zealand,Pakistan,JM How,MJ Guptill,Sohail Tanvir,2,0,,,,,,,,,
473925,2010/11,2011-01-29,AMI Stadium,2,1.3,New Zealand,Pakistan,JM How,MJ Guptill,Sohail Tanvir,1,0,,,,,,,,,
473925,2010/11,2011-01-29,AMI Stadium,2,1.4,New Zealand,Pakistan,MJ Guptill,JM How,Sohail Tanvir,0,0,,,,,,,,,
473925,2010/11,2011-01-29,AMI Stadium,2,1.5,New Zealand,Pakistan,MJ Guptill,JM How,Sohail Tanvir,0,0,,,,,,,,,
473925,2010/11,2011-01-29,AMI Stadium,2,1.6,New Zealand,Pakistan,MJ Guptill,JM How,Sohail Tanvir,0,0,,,,,,,,,
473925,2010/11,2011-01-29,AMI Stadium,2,2.1,New Zealand,Pakistan,JM How,MJ Guptill,Abdul Razzaq,0,0,,,,,,,,,
473925,2010/11,2011-01-29,AMI Stadium,2,2.2,New Zealand,Pakistan,JM How,MJ Guptill,Abdul Razzaq,0,0,,,,,,,,,
473925,2010/11,2011-01-29,AMI Stadium,2,2.3,New Zealand,Pakistan,JM How,MJ Guptill,Abdul Razzaq,0,0,,,,,,,,,
473925,2010/11,2011-01-29,AMI Stadium,2,2.4,New Zealand,Pakistan,JM How,MJ Guptill,Abdul Razzaq,0,0,,,,,,,,,
473925,2010/11,2011-01-29,AMI Stadium,2,2.5,New Zealand,Pakistan,JM How,MJ Guptill,Abdul Razzaq,0,0,,,,,,,,,
473925,2010/11,2011-01-29,AMI Stadium,2,2.6,New Zealand,Pakistan,JM How,MJ Guptill,Abdul Razzaq,0,0,,,,,,,,,
473925,2010/11,2011-01-29,AMI Stadium,2,3.1,New Zealand,Pakistan,MJ Guptill,JM How,Sohail Tanvir,0,0,,,,,,,,,
473925,2010/11,2011-01-29,AMI Stadium,2,3.2,New Zealand,Pakistan,MJ Guptill,JM How,Sohail Tanvir,0,0,,,,,,,,,
473925,2010/11,2011-01-29,AMI Stadium,2,3.3,New Zealand,Pakistan,MJ Guptill,JM How,Sohail Tanvir,0,0,,,,,,,,,
473925,2010/11,2011-01-29,AMI Stadium,2,3.4,New Zealand,Pakistan,MJ Guptill,JM How,Sohail Tanvir,1,0,,,,,,,,,
473925,2010/11,2011-01-29,AMI Stadium,2,3.5,New Zealand,Pakistan,JM How,MJ Guptill,Sohail Tanvir,0,0,,,,,,,,,
473925,2010/11,2011-01-29,AMI Stadium,2,3.6,New Zealand,Pakistan,JM How,MJ Guptill,Sohail Tanvir,1,0,,,,,,,,,
473925,2010/11,2011-01-29,AMI Stadium,2,4.1,New Zealand,Pakistan,JM How,MJ Guptill,Abdul Razzaq,1,0,,,,,,,,,
473925,2010/11,2011-01-29,AMI Stadium,2,4.2,New Zealand,Pakistan,MJ Guptill,JM How,Abdul Razzaq,0,0,,,,,,,,,
473925,2010/11,2011-01-29,AMI Stadium,2,4.3,New Zealand,Pakistan,MJ Guptill,JM How,Abdul Razzaq,0,0,,,,,,,,,
473925,2010/11,2011-01-29,AMI Stadium,2,4.4,New Zealand,Pakistan,MJ Guptill,JM How,Abdul Razzaq,6,0,,,,,,,,,
473925,2010/11,2011-01-29,AMI Stadium,2,4.5,New Zealand,Pakistan,MJ Guptill,JM How,Abdul Razzaq,0,0,,,,,,,,,
473925,2010/11,2011-01-29,AMI Stadium,2,4.6,New Zealand,Pakistan,MJ Guptill,JM How,Abdul Razzaq,6,0,,,,,,,,,
473925,2010/11,2011-01-29,AMI Stadium,2,5.1,New Zealand,Pakistan,JM How,MJ Guptill,Sohail Tanvir,4,0,,,,,,,,,
473925,2010/11,2011-01-29,AMI Stadium,2,5.2,New Zealand,Pakistan,JM How,MJ Guptill,Sohail Tanvir,6,0,,,,,,,,,
473925,2010/11,2011-01-29,AMI Stadium,2,5.3,New Zealand,Pakistan,JM How,MJ Guptill,Sohail Tanvir,0,0,,,,,,,,,
473925,2010/11,2011-01-29,AMI Stadium,2,5.4,New Zealand,Pakistan,JM How,MJ Guptill,Sohail Tanvir,0,0,,,,,,,,,
473925,2010/11,2011-01-29,AMI Stadium,2,5.5,New Zealand,Pakistan,JM How,MJ Guptill,Sohail Tanvir,1,0,,,,,,,,,
473925,2010/11,2011-01-29,AMI Stadium,2,5.6,New Zealand,Pakistan,MJ Guptill,JM How,Sohail Tanvir,2,0,,,,,,,,,
473925,2010/11,2011-01-29,AMI Stadium,2,6.1,New Zealand,Pakistan,JM How,MJ Guptill,Wahab Riaz,0,0,,,,,,,,,
473925,2010/11,2011-01-29,AMI Stadium,2,6.2,New Zealand,Pakistan,JM How,MJ Guptill,Wahab Riaz,0,0,,,,,,,,,
473925,2010/11,2011-01-29,AMI Stadium,2,6.3,New Zealand,Pakistan,JM How,MJ Guptill,Wahab Riaz,0,0,,,,,,,,,
473925,2010/11,2011-01-29,AMI Stadium,2,6.4,New Zealand,Pakistan,JM How,MJ Guptill,Wahab Riaz,0,0,,,,,,,,,
473925,2010/11,2011-01-29,AMI Stadium,2,6.5,New Zealand,Pakistan,JM How,MJ Guptill,Wahab Riaz,0,0,,,,,,,,,
473925,2010/11,2011-01-29,AMI Stadium,2,6.6,New Zealand,Pakistan,JM How,MJ Guptill,Wahab Riaz,4,0,,,,,,,,,
473925,2010/11,2011-01-29,AMI Stadium,2,7.1,New Zealand,Pakistan,MJ Guptill,JM How,Sohail Tanvir,0,0,,,,,,,,,
473925,2010/11,2011-01-29,AMI Stadium,2,7.2,New Zealand,Pakistan,MJ Guptill,JM How,Sohail Tanvir,1,0,,,,,,,,,
473925,2010/11,2011-01-29,AMI Stadium,2,7.3,New Zealand,Pakistan,JM How,MJ Guptill,Sohail Tanvir,0,0,,,,,,,,,
473925,2010/11,2011-01-29,AMI Stadium,2,7.4,New Zealand,Pakistan,JM How,MJ Guptill,Sohail Tanvir,0,0,,,,,,caught,JM How,,
473925,2010/11,2011-01-29,AMI Stadium,2,7.5,New Zealand,Pakistan,MJ Guptill,LRPL Taylor,Sohail Tanvir,0,0,,,,,,,,,
473925,2010/11,2011-01-29,AMI Stadium,2,7.6,New Zealand,Pakistan,MJ Guptill,LRPL Taylor,Sohail Tanvir,0,0,,,,,,,,,
473925,2010/11,2011-01-29,AMI Stadium,2,8.1,New Zealand,Pakistan,LRPL Taylor,MJ Guptill,Wahab Riaz,0,0,,,,,,,,,
473925,2010/11,2011-01-29,AMI Stadium,2,8.2,New Zealand,Pakistan,LRPL Taylor,MJ Guptill,Wahab Riaz,0,0,,,,,,,,,
473925,2010/11,2011-01-29,AMI Stadium,2,8.3,New Zealand,Pakistan,LRPL Taylor,MJ Guptill,Wahab Riaz,1,0,,,,,,,,,
473925,2010/11,2011-01-29,AMI Stadium,2,8.4,New Zealand,Pakistan,MJ Guptill,LRPL Taylor,Wahab Riaz,4,0,,,,,,,,,
473925,2010/11,2011-01-29,AMI Stadium,2,8.5,New Zealand,Pakistan,MJ Guptill,LRPL Taylor,Wahab Riaz,0,0,,,,,,,,,
473925,2010/11,2011-01-29,AMI Stadium,2,8.6,New Zealand,Pakistan,MJ Guptill,LRPL Taylor,Wahab Riaz,4,0,,,,,,,,,
473925,2010/11,2011-01-29,AMI Stadium,2,9.1,New Zealand,Pakistan,LRPL Taylor,MJ Guptill,Sohail Tanvir,2,0,,,,,,,,,
473925,2010/11,2011-01-29,AMI Stadium,2,9.2,New Zealand,Pakistan,LRPL Taylor,MJ Guptill,Sohail Tanvir,0,0,,,,,,,,,
473925,2010/11,2011-01-29,AMI Stadium,2,9.3,New Zealand,Pakistan,LRPL Taylor,MJ Guptill,Sohail Tanvir,0,0,,,,,,,,,
473925,2010/11,2011-01-29,AMI Stadium,2,9.4,New Zealand,Pakistan,LRPL Taylor,MJ Guptill,Sohail Tanvir,1,0,,,,,,,,,
473925,2010/11,2011-01-29,AMI Stadium,2,9.5,New Zealand,Pakistan,MJ Guptill,LRPL Taylor,Sohail Tanvir,0,0,,,,,,,,,
473925,2010/11,2011-01-29,AMI Stadium,2,9.6,New Zealand,Pakistan,MJ Guptill,LRPL Taylor,Sohail Tanvir,0,1,1,,,,,,,,
473925,2010/11,2011-01-29,AMI Stadium,2,9.7,New Zealand,Pakistan,MJ Guptill,LRPL Taylor,Sohail Tanvir,4,0,,,,,,,,,
473925,2010/11,2011-01-29,AMI Stadium,2,10.1,New Zealand,Pakistan,LRPL Taylor,MJ Guptill,Wahab Riaz,1,0,,,,,,,,,
473925,2010/11,2011-01-29,AMI Stadium,2,10.2,New Zealand,Pakistan,MJ Guptill,LRPL Taylor,Wahab Riaz,2,0,,,,,,,,,
473925,2010/11,2011-01-29,AMI Stadium,2,10.3,New Zealand,Pakistan,MJ Guptill,LRPL Taylor,Wahab Riaz,0,0,,,,,,,,,
473925,2010/11,2011-01-29,AMI Stadium,2,10.4,New Zealand,Pakistan,MJ Guptill,LRPL Taylor,Wahab Riaz,1,0,,,,,,,,,
473925,2010/11,2011-01-29,AMI Stadium,2,10.5,New Zealand,Pakistan,LRPL Taylor,MJ Guptill,Wahab Riaz,0,0,,,,,,,,,
473925,2010/11,2011-01-29,AMI Stadium,2,10.6,New Zealand,Pakistan,LRPL Taylor,MJ Guptill,Wahab Riaz,1,0,,,,,,,,,
473925,2010/11,2011-01-29,AMI Stadium,2,11.1,New Zealand,Pakistan,LRPL Taylor,MJ Guptill,Umar Gul,0,1,1,,,,,,,,
473925,2010/11,2011-01-29,AMI Stadium,2,11.2,New Zealand,Pakistan,LRPL Taylor,MJ Guptill,Umar Gul,0,0,,,,,,,,,
473925,2010/11,2011-01-29,AMI Stadium,2,11.3,New Zealand,Pakistan,LRPL Taylor,MJ Guptill,Umar Gul,0,0,,,,,,,,,
473925,2010/11,2011-01-29,AMI Stadium,2,11.4,New Zealand,Pakistan,LRPL Taylor,MJ Guptill,Umar Gul,0,0,,,,,,,,,
473925,2010/11,2011-01-29,AMI Stadium,2,11.5,New Zealand,Pakistan,LRPL Taylor,MJ Guptill,Umar Gul,0,0,,,,,,caught,LRPL Taylor,,
473925,2010/11,2011-01-29,AMI Stadium,2,11.6,New Zealand,Pakistan,SB Styris,MJ Guptill,Umar Gul,0,0,,,,,,,,,
473925,2010/11,2011-01-29,AMI Stadium,2,11.7,New Zealand,Pakistan,SB Styris,MJ Guptill,Umar Gul,0,0,,,,,,,,,
473925,2010/11,2011-01-29,AMI Stadium,2,12.1,New Zealand,Pakistan,MJ Guptill,SB Styris,Wahab Riaz,1,0,,,,,,,,,
473925,2010/11,2011-01-29,AMI Stadium,2,12.2,New Zealand,Pakistan,SB Styris,MJ Guptill,Wahab Riaz,1,0,,,,,,,,,
473925,2010/11,2011-01-29,AMI Stadium,2,12.3,New Zealand,Pakistan,MJ Guptill,SB Styris,Wahab Riaz,0,0,,,,,,,,,
473925,2010/11,2011-01-29,AMI Stadium,2,12.4,New Zealand,Pakistan,MJ Guptill,SB Styris,Wahab Riaz,1,0,,,,,,,,,
473925,2010/11,2011-01-29,AMI Stadium,2,12.5,New Zealand,Pakistan,SB Styris,MJ Guptill,Wahab Riaz,0,0,,,,,,,,,
473925,2010/11,2011-01-29,AMI Stadium,2,12.6,New Zealand,Pakistan,SB Styris,MJ Guptill,Wahab Riaz,0,1,1,,,,,,,,
473925,2010/11,2011-01-29,AMI Stadium,2,12.7,New Zealand,Pakistan,SB Styris,MJ Guptill,Wahab Riaz,1,0,,,,,,,,,
473925,2010/11,2011-01-29,AMI Stadium,2,13.1,New Zealand,Pakistan,SB Styris,MJ Guptill,Umar Gul,1,0,,,,,,,,,
473925,2010/11,2011-01-29,AMI Stadium,2,13.2,New Zealand,Pakistan,MJ Guptill,SB Styris,Umar Gul,0,0,,,,,,,,,
473925,2010/11,2011-01-29,AMI Stadium,2,13.3,New Zealand,Pakistan,MJ Guptill,SB Styris,Umar Gul,0,0,,,,,,,,,
473925,2010/11,2011-01-29,AMI Stadium,2,13.4,New Zealand,Pakistan,MJ Guptill,SB Styris,Umar Gul,0,1,1,,,,,,,,
473925,2010/11,2011-01-29,AMI Stadium,2,13.5,New Zealand,Pakistan,MJ Guptill,SB Styris,Umar Gul,1,0,,,,,,,,,
473925,2010/11,2011-01-29,AMI Stadium,2,13.6,New Zealand,Pakistan,SB Styris,MJ Guptill,Umar Gul,0,0,,,,,,,,,
473925,2010/11,2011-01-29,AMI Stadium,2,13.7,New Zealand,Pakistan,SB Styris,MJ Guptill,Umar Gul,1,0,,,,,,,,,
473925,2010/11,2011-01-29,AMI Stadium,2,14.1,New Zealand,Pakistan,SB Styris,MJ Guptill,Wahab Riaz,0,0,,,,,,,,,
473925,2010/11,2011-01-29,AMI Stadium,2,14.2,New Zealand,Pakistan,SB Styris,MJ Guptill,Wahab Riaz,1,0,,,,,,,,,
473925,2010/11,2011-01-29,AMI Stadium,2,14.3,New Zealand,Pakistan,MJ Guptill,SB Styris,Wahab Riaz,1,0,,,,,,,,,
473925,2010/11,2011-01-29,AMI Stadium,2,14.4,New Zealand,Pakistan,SB Styris,MJ Guptill,Wahab Riaz,1,0,,,,,,,,,
473925,2010/11,2011-01-29,AMI Stadium,2,14.5,New Zealand,Pakistan,MJ Guptill,SB Styris,Wahab Riaz,0,1,1,,,,,,,,
473925,2010/11,2011-01-29,AMI Stadium,2,14.6,New Zealand,Pakistan,MJ Guptill,SB Styris,Wahab Riaz,0,0,,,,,,caught,MJ Guptill,,
473925,2010/11,2011-01-29,AMI Stadium,2,14.7,New Zealand,Pakistan,KS Williamson,SB Styris,Wahab Riaz,0,1,,1,,,,,,,
473925,2010/11,2011-01-29,AMI Stadium,2,14.8,New Zealand,Pakistan,KS Williamson,SB Styris,Wahab Riaz,4,0,,,,,,,,,
473925,2010/11,2011-01-29,AMI Stadium,2,15.1,New Zealand,Pakistan,SB Styris,KS Williamson,Umar Gul,0,0,,,,,,,,,
473925,2010/11,2011-01-29,AMI Stadium,2,15.2,New Zealand,Pakistan,SB Styris,KS Williamson,Umar Gul,1,0,,,,,,,,,
473925,2010/11,2011-01-29,AMI Stadium,2,15.3,New Zealand,Pakistan,KS Williamson,SB Styris,Umar Gul,1,0,,,,,,,,,
473925,2010/11,2011-01-29,AMI Stadium,2,15.4,New Zealand,Pakistan,SB Styris,KS Williamson,Umar Gul,0,0,,,,,,,,,
473925,2010/11,2011-01-29,AMI Stadium,2,15.5,New Zealand,Pakistan,SB Styris,KS Williamson,Umar Gul,1,0,,,,,,,,,
473925,2010/11,2011-01-29,AMI Stadium,2,15.6,New Zealand,Pakistan,KS Williamson,SB Styris,Umar Gul,0,0,,,,,,,,,
473925,2010/11,2011-01-29,AMI Stadium,2,16.1,New Zealand,Pakistan,SB Styris,KS Williamson,Shahid Afridi,1,0,,,,,,,,,
473925,2010/11,2011-01-29,AMI Stadium,2,16.2,New Zealand,Pakistan,KS Williamson,SB Styris,Shahid Afridi,0,0,,,,,,,,,
473925,2010/11,2011-01-29,AMI Stadium,2,16.3,New Zealand,Pakistan,KS Williamson,SB Styris,Shahid Afridi,1,0,,,,,,,,,
473925,2010/11,2011-01-29,AMI Stadium,2,16.4,New Zealand,Pakistan,SB Styris,KS Williamson,Shahid Afridi,1,0,,,,,,,,,
473925,2010/11,2011-01-29,AMI Stadium,2,16.5,New Zealand,Pakistan,KS Williamson,SB Styris,Shahid Afridi,0,0,,,,,,,,,
473925,2010/11,2011-01-29,AMI Stadium,2,16.6,New Zealand,Pakistan,KS Williamson,SB Styris,Shahid Afridi,0,0,,,,,,,,,
473925,2010/11,2011-01-29,AMI Stadium,2,17.1,New Zealand,Pakistan,SB Styris,KS Williamson,Umar Gul,1,0,,,,,,,,,
473925,2010/11,2011-01-29,AMI Stadium,2,17.2,New Zealand,Pakistan,KS Williamson,SB Styris,Umar Gul,0,0,,,,,,,,,
473925,2010/11,2011-01-29,AMI Stadium,2,17.3,New Zealand,Pakistan,KS Williamson,SB Styris,Umar Gul,0,0,,,,,,,,,
473925,2010/11,2011-01-29,AMI Stadium,2,17.4,New Zealand,Pakistan,KS Williamson,SB Styris,Umar Gul,1,0,,,,,,,,,
473925,2010/11,2011-01-29,AMI Stadium,2,17.5,New Zealand,Pakistan,SB Styris,KS Williamson,Umar Gul,0,0,,,,,,,,,
473925,2010/11,2011-01-29,AMI Stadium,2,17.6,New Zealand,Pakistan,SB Styris,KS Williamson,Umar Gul,0,0,,,,,,,,,
473925,2010/11,2011-01-29,AMI Stadium,2,18.1,New Zealand,Pakistan,KS Williamson,SB Styris,Shahid Afridi,1,0,,,,,,,,,
473925,2010/11,2011-01-29,AMI Stadium,2,18.2,New Zealand,Pakistan,SB Styris,KS Williamson,Shahid Afridi,0,0,,,,,,,,,
473925,2010/11,2011-01-29,AMI Stadium,2,18.3,New Zealand,Pakistan,SB Styris,KS Williamson,Shahid Afridi,0,0,,,,,,,,,
473925,2010/11,2011-01-29,AMI Stadium,2,18.4,New Zealand,Pakistan,SB Styris,KS Williamson,Shahid Afridi,1,0,,,,,,,,,
473925,2010/11,2011-01-29,AMI Stadium,2,18.5,New Zealand,Pakistan,KS Williamson,SB Styris,Shahid Afridi,0,0,,,,,,,,,
473925,2010/11,2011-01-29,AMI Stadium,2,18.6,New Zealand,Pakistan,KS Williamson,SB Styris,Shahid Afridi,1,0,,,,,,,,,
473925,2010/11,2011-01-29,AMI Stadium,2,19.1,New Zealand,Pakistan,KS Williamson,SB Styris,Umar Gul,0,0,,,,,,,,,
473925,2010/11,2011-01-29,AMI Stadium,2,19.2,New Zealand,Pakistan,KS Williamson,SB Styris,Umar Gul,0,0,,,,,,,,,
473925,2010/11,2011-01-29,AMI Stadium,2,19.3,New Zealand,Pakistan,KS Williamson,SB Styris,Umar Gul,0,0,,,,,,,,,
473925,2010/11,2011-01-29,AMI Stadium,2,19.4,New Zealand,Pakistan,KS Williamson,SB Styris,Umar Gul,0,0,,,,,,,,,
473925,2010/11,2011-01-29,AMI Stadium,2,19.5,New Zealand,Pakistan,KS Williamson,SB Styris,Umar Gul,1,0,,,,,,,,,
473925,2010/11,2011-01-29,AMI Stadium,2,19.6,New Zealand,Pakistan,SB Styris,KS Williamson,Umar Gul,0,0,,,,,,,,,
473925,2010/11,2011-01-29,AMI Stadium,2,20.1,New Zealand,Pakistan,KS Williamson,SB Styris,Shahid Afridi,1,0,,,,,,,,,
473925,2010/11,2011-01-29,AMI Stadium,2,20.2,New Zealand,Pakistan,SB Styris,KS Williamson,Shahid Afridi,1,0,,,,,,,,,
473925,2010/11,2011-01-29,AMI Stadium,2,20.3,New Zealand,Pakistan,KS Williamson,SB Styris,Shahid Afridi,1,0,,,,,,,,,
473925,2010/11,2011-01-29,AMI Stadium,2,20.4,New Zealand,Pakistan,SB Styris,KS Williamson,Shahid Afridi,0,0,,,,,,,,,
473925,2010/11,2011-01-29,AMI Stadium,2,20.5,New Zealand,Pakistan,SB Styris,KS Williamson,Shahid Afridi,0,0,,,,,,,,,
473925,2010/11,2011-01-29,AMI Stadium,2,20.6,New Zealand,Pakistan,SB Styris,KS Williamson,Shahid Afridi,0,0,,,,,,,,,
473925,2010/11,2011-01-29,AMI Stadium,2,21.1,New Zealand,Pakistan,KS Williamson,SB Styris,Abdul Razzaq,1,0,,,,,,,,,
473925,2010/11,2011-01-29,AMI Stadium,2,21.2,New Zealand,Pakistan,SB Styris,KS Williamson,Abdul Razzaq,0,0,,,,,,,,,
473925,2010/11,2011-01-29,AMI Stadium,2,21.3,New Zealand,Pakistan,SB Styris,KS Williamson,Abdul Razzaq,1,0,,,,,,,,,
473925,2010/11,2011-01-29,AMI Stadium,2,21.4,New Zealand,Pakistan,KS Williamson,SB Styris,Abdul Razzaq,0,1,,,,1,,,,,
473925,2010/11,2011-01-29,AMI Stadium,2,21.5,New Zealand,Pakistan,SB Styris,KS Williamson,Abdul Razzaq,2,0,,,,,,,,,
473925,2010/11,2011-01-29,AMI Stadium,2,21.6,New Zealand,Pakistan,SB Styris,KS Williamson,Abdul Razzaq,1,0,,,,,,,,,
473925,2010/11,2011-01-29,AMI Stadium,2,22.1,New Zealand,Pakistan,SB Styris,KS Williamson,Shahid Afridi,0,0,,,,,,,,,
473925,2010/11,2011-01-29,AMI Stadium,2,22.2,New Zealand,Pakistan,SB Styris,KS Williamson,Shahid Afridi,1,0,,,,,,,,,
473925,2010/11,2011-01-29,AMI Stadium,2,22.3,New Zealand,Pakistan,KS Williamson,SB Styris,Shahid Afridi,0,0,,,,,,,,,
473925,2010/11,2011-01-29,AMI Stadium,2,22.4,New Zealand,Pakistan,KS Williamson,SB Styris,Shahid Afridi,1,0,,,,,,,,,
473925,2010/11,2011-01-29,AMI Stadium,2,22.5,New Zealand,Pakistan,SB Styris,KS Williamson,Shahid Afridi,1,0,,,,,,,,,
473925,2010/11,2011-01-29,AMI Stadium,2,22.6,New Zealand,Pakistan,KS Williamson,SB Styris,Shahid Afridi,1,0,,,,,,,,,
473925,2010/11,2011-01-29,AMI Stadium,2,23.1,New Zealand,Pakistan,KS Williamson,SB Styris,Abdul Razzaq,1,0,,,,,,,,,
473925,2010/11,2011-01-29,AMI Stadium,2,23.2,New Zealand,Pakistan,SB Styris,KS Williamson,Abdul Razzaq,0,0,,,,,,,,,
473925,2010/11,2011-01-29,AMI Stadium,2,23.3,New Zealand,Pakistan,SB Styris,KS Williamson,Abdul Razzaq,4,0,,,,,,,,,
473925,2010/11,2011-01-29,AMI Stadium,2,23.4,New Zealand,Pakistan,SB Styris,KS Williamson,Abdul Razzaq,0,0,,,,,,,,,
473925,2010/11,2011-01-29,AMI Stadium,2,23.5,New Zealand,Pakistan,SB Styris,KS Williamson,Abdul Razzaq,0,0,,,,,,,,,
473925,2010/11,2011-01-29,AMI Stadium,2,23.6,New Zealand,Pakistan,SB Styris,KS Williamson,Abdul Razzaq,1,0,,,,,,,,,
473925,2010/11,2011-01-29,AMI Stadium,2,24.1,New Zealand,Pakistan,SB Styris,KS Williamson,Shahid Afridi,2,0,,,,,,,,,
473925,2010/11,2011-01-29,AMI Stadium,2,24.2,New Zealand,Pakistan,SB Styris,KS Williamson,Shahid Afridi,1,0,,,,,,,,,
473925,2010/11,2011-01-29,AMI Stadium,2,24.3,New Zealand,Pakistan,KS Williamson,SB Styris,Shahid Afridi,1,0,,,,,,,,,
473925,2010/11,2011-01-29,AMI Stadium,2,24.4,New Zealand,Pakistan,SB Styris,KS Williamson,Shahid Afridi,1,0,,,,,,,,,
473925,2010/11,2011-01-29,AMI Stadium,2,24.5,New Zealand,Pakistan,KS Williamson,SB Styris,Shahid Afridi,1,0,,,,,,,,,
473925,2010/11,2011-01-29,AMI Stadium,2,24.6,New Zealand,Pakistan,SB Styris,KS Williamson,Shahid Afridi,1,0,,,,,,,,,
473925,2010/11,2011-01-29,AMI Stadium,2,25.1,New Zealand,Pakistan,SB Styris,KS Williamson,Mohammad Hafeez,1,0,,,,,,,,,
473925,2010/11,2011-01-29,AMI Stadium,2,25.2,New Zealand,Pakistan,KS Williamson,SB Styris,Mohammad Hafeez,0,0,,,,,,,,,
473925,2010/11,2011-01-29,AMI Stadium,2,25.3,New Zealand,Pakistan,KS Williamson,SB Styris,Mohammad Hafeez,0,0,,,,,,,,,
473925,2010/11,2011-01-29,AMI Stadium,2,25.4,New Zealand,Pakistan,KS Williamson,SB Styris,Mohammad Hafeez,2,0,,,,,,,,,
473925,2010/11,2011-01-29,AMI Stadium,2,25.5,New Zealand,Pakistan,KS Williamson,SB Styris,Mohammad Hafeez,2,0,,,,,,,,,
473925,2010/11,2011-01-29,AMI Stadium,2,25.6,New Zealand,Pakistan,KS Williamson,SB Styris,Mohammad Hafeez,2,0,,,,,,,,,
473925,2010/11,2011-01-29,AMI Stadium,2,26.1,New Zealand,Pakistan,SB Styris,KS Williamson,Shahid Afridi,1,0,,,,,,,,,
473925,2010/11,2011-01-29,AMI Stadium,2,26.2,New Zealand,Pakistan,KS Williamson,SB Styris,Shahid Afridi,1,0,,,,,,,,,
473925,2010/11,2011-01-29,AMI Stadium,2,26.3,New Zealand,Pakistan,SB Styris,KS Williamson,Shahid Afridi,1,0,,,,,,,,,
473925,2010/11,2011-01-29,AMI Stadium,2,26.4,New Zealand,Pakistan,KS Williamson,SB Styris,Shahid Afridi,0,0,,,,,,,,,
473925,2010/11,2011-01-29,AMI Stadium,2,26.5,New Zealand,Pakistan,KS Williamson,SB Styris,Shahid Afridi,0,0,,,,,,,,,
473925,2010/11,2011-01-29,AMI Stadium,2,26.6,New Zealand,Pakistan,KS Williamson,SB Styris,Shahid Afridi,1,0,,,,,,,,,
473925,2010/11,2011-01-29,AMI Stadium,2,27.1,New Zealand,Pakistan,KS Williamson,SB Styris,Mohammad Hafeez,2,0,,,,,,,,,
473925,2010/11,2011-01-29,AMI Stadium,2,27.2,New Zealand,Pakistan,KS Williamson,SB Styris,Mohammad Hafeez,1,0,,,,,,,,,
473925,2010/11,2011-01-29,AMI Stadium,2,27.3,New Zealand,Pakistan,SB Styris,KS Williamson,Mohammad Hafeez,0,0,,,,,,,,,
473925,2010/11,2011-01-29,AMI Stadium,2,27.4,New Zealand,Pakistan,SB Styris,KS Williamson,Mohammad Hafeez,1,0,,,,,,,,,
473925,2010/11,2011-01-29,AMI Stadium,2,27.5,New Zealand,Pakistan,KS Williamson,SB Styris,Mohammad Hafeez,1,0,,,,,,,,,
473925,2010/11,2011-01-29,AMI Stadium,2,27.6,New Zealand,Pakistan,SB Styris,KS Williamson,Mohammad Hafeez,2,0,,,,,,,,,
473925,2010/11,2011-01-29,AMI Stadium,2,28.1,New Zealand,Pakistan,KS Williamson,SB Styris,Shahid Afridi,1,0,,,,,,,,,
473925,2010/11,2011-01-29,AMI Stadium,2,28.2,New Zealand,Pakistan,SB Styris,KS Williamson,Shahid Afridi,1,0,,,,,,,,,
473925,2010/11,2011-01-29,AMI Stadium,2,28.3,New Zealand,Pakistan,KS Williamson,SB Styris,Shahid Afridi,1,0,,,,,,,,,
473925,2010/11,2011-01-29,AMI Stadium,2,28.4,New Zealand,Pakistan,SB Styris,KS Williamson,Shahid Afridi,0,0,,,,,,,,,
473925,2010/11,2011-01-29,AMI Stadium,2,28.5,New Zealand,Pakistan,SB Styris,KS Williamson,Shahid Afridi,0,0,,,,,,,,,
473925,2010/11,2011-01-29,AMI Stadium,2,28.6,New Zealand,Pakistan,SB Styris,KS Williamson,Shahid Afridi,0,0,,,,,,,,,
473925,2010/11,2011-01-29,AMI Stadium,2,29.1,New Zealand,Pakistan,KS Williamson,SB Styris,Mohammad Hafeez,0,0,,,,,,,,,
473925,2010/11,2011-01-29,AMI Stadium,2,29.2,New Zealand,Pakistan,KS Williamson,SB Styris,Mohammad Hafeez,1,0,,,,,,,,,
473925,2010/11,2011-01-29,AMI Stadium,2,29.3,New Zealand,Pakistan,SB Styris,KS Williamson,Mohammad Hafeez,1,0,,,,,,,,,
473925,2010/11,2011-01-29,AMI Stadium,2,29.4,New Zealand,Pakistan,KS Williamson,SB Styris,Mohammad Hafeez,1,0,,,,,,,,,
473925,2010/11,2011-01-29,AMI Stadium,2,29.5,New Zealand,Pakistan,SB Styris,KS Williamson,Mohammad Hafeez,0,0,,,,,,,,,
473925,2010/11,2011-01-29,AMI Stadium,2,29.6,New Zealand,Pakistan,SB Styris,KS Williamson,Mohammad Hafeez,1,0,,,,,,,,,
473925,2010/11,2011-01-29,AMI Stadium,2,30.1,New Zealand,Pakistan,SB Styris,KS Williamson,Ahmed Shehzad,1,0,,,,,,,,,
473925,2010/11,2011-01-29,AMI Stadium,2,30.2,New Zealand,Pakistan,KS Williamson,SB Styris,Ahmed Shehzad,1,0,,,,,,,,,
473925,2010/11,2011-01-29,AMI Stadium,2,30.3,New Zealand,Pakistan,SB Styris,KS Williamson,Ahmed Shehzad,2,0,,,,,,,,,
473925,2010/11,2011-01-29,AMI Stadium,2,30.4,New Zealand,Pakistan,SB Styris,KS Williamson,Ahmed Shehzad,0,0,,,,,,,,,
473925,2010/11,2011-01-29,AMI Stadium,2,30.5,New Zealand,Pakistan,SB Styris,KS Williamson,Ahmed Shehzad,1,0,,,,,,,,,
473925,2010/11,2011-01-29,AMI Stadium,2,30.6,New Zealand,Pakistan,KS Williamson,SB Styris,Ahmed Shehzad,0,0,,,,,,,,,
473925,2010/11,2011-01-29,AMI Stadium,2,31.1,New Zealand,Pakistan,SB Styris,KS Williamson,Mohammad Hafeez,1,0,,,,,,,,,
473925,2010/11,2011-01-29,AMI Stadium,2,31.2,New Zealand,Pakistan,KS Williamson,SB Styris,Mohammad Hafeez,2,0,,,,,,,,,
473925,2010/11,2011-01-29,AMI Stadium,2,31.3,New Zealand,Pakistan,KS Williamson,SB Styris,Mohammad Hafeez,0,0,,,,,,,,,
473925,2010/11,2011-01-29,AMI Stadium,2,31.4,New Zealand,Pakistan,KS Williamson,SB Styris,Mohammad Hafeez,1,0,,,,,,,,,
473925,2010/11,2011-01-29,AMI Stadium,2,31.5,New Zealand,Pakistan,SB Styris,KS Williamson,Mohammad Hafeez,1,0,,,,,,,,,
473925,2010/11,2011-01-29,AMI Stadium,2,31.6,New Zealand,Pakistan,KS Williamson,SB Styris,Mohammad Hafeez,0,0,,,,,,,,,
473925,2010/11,2011-01-29,AMI Stadium,2,32.1,New Zealand,Pakistan,SB Styris,KS Williamson,Sohail Tanvir,0,0,,,,,,,,,
473925,2010/11,2011-01-29,AMI Stadium,2,32.2,New Zealand,Pakistan,SB Styris,KS Williamson,Sohail Tanvir,1,0,,,,,,,,,
473925,2010/11,2011-01-29,AMI Stadium,2,32.3,New Zealand,Pakistan,KS Williamson,SB Styris,Sohail Tanvir,0,0,,,,,,,,,
473925,2010/11,2011-01-29,AMI Stadium,2,32.4,New Zealand,Pakistan,KS Williamson,SB Styris,Sohail Tanvir,1,0,,,,,,,,,
473925,2010/11,2011-01-29,AMI Stadium,2,32.5,New Zealand,Pakistan,SB Styris,KS Williamson,Sohail Tanvir,1,0,,,,,,,,,
473925,2010/11,2011-01-29,AMI Stadium,2,32.6,New Zealand,Pakistan,KS Williamson,SB Styris,Sohail Tanvir,0,0,,,,,,,,,
473925,2010/11,2011-01-29,AMI Stadium,2,33.1,New Zealand,Pakistan,SB Styris,KS Williamson,Mohammad Hafeez,0,0,,,,,,caught,SB Styris,,
473925,2010/11,2011-01-29,AMI Stadium,2,33.2,New Zealand,Pakistan,KS Williamson,BB McCullum,Mohammad Hafeez,0,0,,,,,,,,,
473925,2010/11,2011-01-29,AMI Stadium,2,33.3,New Zealand,Pakistan,KS Williamson,BB McCullum,Mohammad Hafeez,1,0,,,,,,,,,
473925,2010/11,2011-01-29,AMI Stadium,2,33.4,New Zealand,Pakistan,BB McCullum,KS Williamson,Mohammad Hafeez,0,0,,,,,,,,,
473925,2010/11,2011-01-29,AMI Stadium,2,33.5,New Zealand,Pakistan,BB McCullum,KS Williamson,Mohammad Hafeez,1,0,,,,,,,,,
473925,2010/11,2011-01-29,AMI Stadium,2,33.6,New Zealand,Pakistan,KS Williamson,BB McCullum,Mohammad Hafeez,0,0,,,,,,,,,
473925,2010/11,2011-01-29,AMI Stadium,2,34.1,New Zealand,Pakistan,BB McCullum,KS Williamson,Sohail Tanvir,0,0,,,,,,,,,
473925,2010/11,2011-01-29,AMI Stadium,2,34.2,New Zealand,Pakistan,BB McCullum,KS Williamson,Sohail Tanvir,0,0,,,,,,,,,
473925,2010/11,2011-01-29,AMI Stadium,2,34.3,New Zealand,Pakistan,BB McCullum,KS Williamson,Sohail Tanvir,1,0,,,,,,,,,
473925,2010/11,2011-01-29,AMI Stadium,2,34.4,New Zealand,Pakistan,KS Williamson,BB McCullum,Sohail Tanvir,1,0,,,,,,,,,
473925,2010/11,2011-01-29,AMI Stadium,2,34.5,New Zealand,Pakistan,BB McCullum,KS Williamson,Sohail Tanvir,4,0,,,,,,,,,
473925,2010/11,2011-01-29,AMI Stadium,2,34.6,New Zealand,Pakistan,BB McCullum,KS Williamson,Sohail Tanvir,1,0,,,,,,,,,
473925,2010/11,2011-01-29,AMI Stadium,2,35.1,New Zealand,Pakistan,BB McCullum,KS Williamson,Shahid Afridi,0,0,,,,,,,,,
473925,2010/11,2011-01-29,AMI Stadium,2,35.2,New Zealand,Pakistan,BB McCullum,KS Williamson,Shahid Afridi,1,0,,,,,,,,,
473925,2010/11,2011-01-29,AMI Stadium,2,35.3,New Zealand,Pakistan,KS Williamson,BB McCullum,Shahid Afridi,0,0,,,,,,,,,
473925,2010/11,2011-01-29,AMI Stadium,2,35.4,New Zealand,Pakistan,KS Williamson,BB McCullum,Shahid Afridi,0,0,,,,,,,,,
473925,2010/11,2011-01-29,AMI Stadium,2,35.5,New Zealand,Pakistan,KS Williamson,BB McCullum,Shahid Afridi,1,0,,,,,,,,,
473925,2010/11,2011-01-29,AMI Stadium,2,35.6,New Zealand,Pakistan,BB McCullum,KS Williamson,Shahid Afridi,1,0,,,,,,,,,
473925,2010/11,2011-01-29,AMI Stadium,2,36.1,New Zealand,Pakistan,BB McCullum,KS Williamson,Wahab Riaz,0,5,5,,,,,,,,
473925,2010/11,2011-01-29,AMI Stadium,2,36.2,New Zealand,Pakistan,BB McCullum,KS Williamson,Wahab Riaz,1,0,,,,,,,,,
473925,2010/11,2011-01-29,AMI Stadium,2,36.3,New Zealand,Pakistan,KS Williamson,BB McCullum,Wahab Riaz,0,0,,,,,,bowled,KS Williamson,,
473925,2010/11,2011-01-29,AMI Stadium,2,36.4,New Zealand,Pakistan,JDP Oram,BB McCullum,Wahab Riaz,0,0,,,,,,,,,
473925,2010/11,2011-01-29,AMI Stadium,2,36.5,New Zealand,Pakistan,JDP Oram,BB McCullum,Wahab Riaz,0,0,,,,,,,,,
473925,2010/11,2011-01-29,AMI Stadium,2,36.6,New Zealand,Pakistan,JDP Oram,BB McCullum,Wahab Riaz,1,0,,,,,,,,,
473925,2010/11,2011-01-29,AMI Stadium,2,36.7,New Zealand,Pakistan,BB McCullum,JDP Oram,Wahab Riaz,1,0,,,,,,,,,
473925,2010/11,2011-01-29,AMI Stadium,2,37.1,New Zealand,Pakistan,BB McCullum,JDP Oram,Umar Gul,1,0,,,,,,,,,
473925,2010/11,2011-01-29,AMI Stadium,2,37.2,New Zealand,Pakistan,JDP Oram,BB McCullum,Umar Gul,0,0,,,,,,run out,BB McCullum,,
473925,2010/11,2011-01-29,AMI Stadium,2,37.3,New Zealand,Pakistan,LJ Woodcock,JDP Oram,Umar Gul,0,0,,,,,,,,,
473925,2010/11,2011-01-29,AMI Stadium,2,37.4,New Zealand,Pakistan,LJ Woodcock,JDP Oram,Umar Gul,1,0,,,,,,,,,
473925,2010/11,2011-01-29,AMI Stadium,2,37.5,New Zealand,Pakistan,JDP Oram,LJ Woodcock,Umar Gul,0,0,,,,,,,,,
473925,2010/11,2011-01-29,AMI Stadium,2,37.6,New Zealand,Pakistan,JDP Oram,LJ Woodcock,Umar Gul,0,0,,,,,,,,,
473925,2010/11,2011-01-29,AMI Stadium,2,38.1,New Zealand,Pakistan,LJ Woodcock,JDP Oram,Wahab Riaz,0,0,,,,,,,,,
473925,2010/11,2011-01-29,AMI Stadium,2,38.2,New Zealand,Pakistan,LJ Woodcock,JDP Oram,Wahab Riaz,1,0,,,,,,,,,
473925,2010/11,2011-01-29,AMI Stadium,2,38.3,New Zealand,Pakistan,JDP Oram,LJ Woodcock,Wahab Riaz,1,0,,,,,,,,,
473925,2010/11,2011-01-29,AMI Stadium,2,38.4,New Zealand,Pakistan,LJ Woodcock,JDP Oram,Wahab Riaz,0,0,,,,,,,,,
473925,2010/11,2011-01-29,AMI Stadium,2,38.5,New Zealand,Pakistan,LJ Woodcock,JDP Oram,Wahab Riaz,0,0,,,,,,,,,
473925,2010/11,2011-01-29,AMI Stadium,2,38.6,New Zealand,Pakistan,LJ Woodcock,JDP Oram,Wahab Riaz,0,1,,,,1,,,,,
473925,2010/11,2011-01-29,AMI Stadium,2,39.1,New Zealand,Pakistan,LJ Woodcock,JDP Oram,Umar Gul,0,0,,,,,,,,,
473925,2010/11,2011-01-29,AMI Stadium,2,39.2,New Zealand,Pakistan,LJ Woodcock,JDP Oram,Umar Gul,0,0,,,,,,,,,
473925,2010/11,2011-01-29,AMI Stadium,2,39.3,New Zealand,Pakistan,LJ Woodcock,JDP Oram,Umar Gul,0,0,,,,,,,,,
473925,2010/11,2011-01-29,AMI Stadium,2,39.4,New Zealand,Pakistan,LJ Woodcock,JDP Oram,Umar Gul,1,0,,,,,,,,,
473925,2010/11,2011-01-29,AMI Stadium,2,39.5,New Zealand,Pakistan,JDP Oram,LJ Woodcock,Umar Gul,0,0,,,,,,,,,
473925,2010/11,2011-01-29,AMI Stadium,2,39.6,New Zealand,Pakistan,JDP Oram,LJ Woodcock,Umar Gul,0,0,,,,,,,,,
473925,2010/11,2011-01-29,AMI Stadium,2,40.1,New Zealand,Pakistan,LJ Woodcock,JDP Oram,Sohail Tanvir,1,0,,,,,,,,,
473925,2010/11,2011-01-29,AMI Stadium,2,40.2,New Zealand,Pakistan,JDP Oram,LJ Woodcock,Sohail Tanvir,1,0,,,,,,,,,
473925,2010/11,2011-01-29,AMI Stadium,2,40.3,New Zealand,Pakistan,LJ Woodcock,JDP Oram,Sohail Tanvir,0,0,,,,,,,,,
473925,2010/11,2011-01-29,AMI Stadium,2,40.4,New Zealand,Pakistan,LJ Woodcock,JDP Oram,Sohail Tanvir,0,0,,,,,,,,,
473925,2010/11,2011-01-29,AMI Stadium,2,40.5,New Zealand,Pakistan,LJ Woodcock,JDP Oram,Sohail Tanvir,1,0,,,,,,,,,
473925,2010/11,2011-01-29,AMI Stadium,2,40.6,New Zealand,Pakistan,JDP Oram,LJ Woodcock,Sohail Tanvir,1,0,,,,,,,,,
473925,2010/11,2011-01-29,AMI Stadium,2,41.1,New Zealand,Pakistan,JDP Oram,LJ Woodcock,Shahid Afridi,2,0,,,,,,,,,
473925,2010/11,2011-01-29,AMI Stadium,2,41.2,New Zealand,Pakistan,JDP Oram,LJ Woodcock,Shahid Afridi,1,0,,,,,,,,,
473925,2010/11,2011-01-29,AMI Stadium,2,41.3,New Zealand,Pakistan,LJ Woodcock,JDP Oram,Shahid Afridi,1,0,,,,,,,,,
473925,2010/11,2011-01-29,AMI Stadium,2,41.4,New Zealand,Pakistan,JDP Oram,LJ Woodcock,Shahid Afridi,6,0,,,,,,,,,
473925,2010/11,2011-01-29,AMI Stadium,2,41.5,New Zealand,Pakistan,JDP Oram,LJ Woodcock,Shahid Afridi,2,0,,,,,,,,,
473925,2010/11,2011-01-29,AMI Stadium,2,41.6,New Zealand,Pakistan,JDP Oram,LJ Woodcock,Shahid Afridi,1,0,,,,,,,,,
473925,2010/11,2011-01-29,AMI Stadium,2,42.1,New Zealand,Pakistan,JDP Oram,LJ Woodcock,Sohail Tanvir,0,0,,,,,,,,,
473925,2010/11,2011-01-29,AMI Stadium,2,42.2,New Zealand,Pakistan,JDP Oram,LJ Woodcock,Sohail Tanvir,1,0,,,,,,,,,
473925,2010/11,2011-01-29,AMI Stadium,2,42.3,New Zealand,Pakistan,LJ Woodcock,JDP Oram,Sohail Tanvir,4,0,,,,,,,,,
473925,2010/11,2011-01-29,AMI Stadium,2,42.4,New Zealand,Pakistan,LJ Woodcock,JDP Oram,Sohail Tanvir,1,0,,,,,,,,,
473925,2010/11,2011-01-29,AMI Stadium,2,42.5,New Zealand,Pakistan,JDP Oram,LJ Woodcock,Sohail Tanvir,0,0,,,,,,caught,JDP Oram,,
473925,2010/11,2011-01-29,AMI Stadium,2,42.6,New Zealand,Pakistan,KD Mills,LJ Woodcock,Sohail Tanvir,0,1,1,,,,,,,,
473925,2010/11,2011-01-29,AMI Stadium,2,42.7,New Zealand,Pakistan,KD Mills,LJ Woodcock,Sohail Tanvir,1,0,,,,,,,,,
473925,2010/11,2011-01-29,AMI Stadium,2,43.1,New Zealand,Pakistan,KD Mills,LJ Woodcock,Umar Gul,4,0,,,,,,,,,
473925,2010/11,2011-01-29,AMI Stadium,2,43.2,New Zealand,Pakistan,KD Mills,LJ Woodcock,Umar Gul,0,0,,,,,,,,,
473925,2010/11,2011-01-29,AMI Stadium,2,43.3,New Zealand,Pakistan,KD Mills,LJ Woodcock,Umar Gul,1,0,,,,,,,,,
473925,2010/11,2011-01-29,AMI Stadium,2,43.4,New Zealand,Pakistan,LJ Woodcock,KD Mills,Umar Gul,0,0,,,,,,bowled,LJ Woodcock,,
473925,2010/11,2011-01-29,AMI Stadium,2,43.5,New Zealand,Pakistan,TG Southee,KD Mills,Umar Gul,1,0,,,,,,,,,
473925,2010/11,2011-01-29,AMI Stadium,2,43.6,New Zealand,Pakistan,KD Mills,TG Southee,Umar Gul,1,0,,,,,,,,,
473925,2010/11,2011-01-29,AMI Stadium,2,44.1,New Zealand,Pakistan,KD Mills,TG Southee,Sohail Tanvir,0,0,,,,,,,,,
473925,2010/11,2011-01-29,AMI Stadium,2,44.2,New Zealand,Pakistan,KD Mills,TG Southee,Sohail Tanvir,0,0,,,,,,,,,
473925,2010/11,2011-01-29,AMI Stadium,2,44.3,New Zealand,Pakistan,KD Mills,TG Southee,Sohail Tanvir,0,0,,,,,,,,,
473925,2010/11,2011-01-29,AMI Stadium,2,44.4,New Zealand,Pakistan,KD Mills,TG Southee,Sohail Tanvir,2,0,,,,,,,,,
473925,2010/11,2011-01-29,AMI Stadium,2,44.5,New Zealand,Pakistan,KD Mills,TG Southee,Sohail Tanvir,1,0,,,,,,,,,
473925,2010/11,2011-01-29,AMI Stadium,2,44.6,New Zealand,Pakistan,TG Southee,KD Mills,Sohail Tanvir,0,0,,,,,,,,,
473925,2010/11,2011-01-29,AMI Stadium,2,45.1,New Zealand,Pakistan,KD Mills,TG Southee,Umar Gul,0,0,,,,,,,,,
473925,2010/11,2011-01-29,AMI Stadium,2,45.2,New Zealand,Pakistan,KD Mills,TG Southee,Umar Gul,1,0,,,,,,,,,
473925,2010/11,2011-01-29,AMI Stadium,2,45.3,New Zealand,Pakistan,TG Southee,KD Mills,Umar Gul,0,1,,,,1,,,,,
473925,2010/11,2011-01-29,AMI Stadium,2,45.4,New Zealand,Pakistan,KD Mills,TG Southee,Umar Gul,2,0,,,,,,,,,
473925,2010/11,2011-01-29,AMI Stadium,2,45.5,New Zealand,Pakistan,KD Mills,TG Southee,Umar Gul,4,0,,,,,,,,,
473925,2010/11,2011-01-29,AMI Stadium,2,45.6,New Zealand,Pakistan,KD Mills,TG Southee,Umar Gul,0,0,,,,,,,,,
473925,2010/11,2011-01-29,AMI Stadium,2,46.1,New Zealand,Pakistan,TG Southee,KD Mills,Shahid Afridi,0,1,1,,,,,,,,
473925,2010/11,2011-01-29,AMI Stadium,2,46.2,New Zealand,Pakistan,TG Southee,KD Mills,Shahid Afridi,0,0,,,,,,,,,
473925,2010/11,2011-01-29,AMI Stadium,2,46.3,New Zealand,Pakistan,TG Southee,KD Mills,Shahid Afridi,0,0,,,,,,,,,
473925,2010/11,2011-01-29,AMI Stadium,2,46.4,New Zealand,Pakistan,TG Southee,KD Mills,Shahid Afridi,1,0,,,,,,,,,
473925,2010/11,2011-01-29,AMI Stadium,2,46.5,New Zealand,Pakistan,KD Mills,TG Southee,Shahid Afridi,0,0,,,,,,,,,
473925,2010/11,2011-01-29,AMI Stadium,2,46.6,New Zealand,Pakistan,KD Mills,TG Southee,Shahid Afridi,0,0,,,,,,,,,
473925,2010/11,2011-01-29,AMI Stadium,2,46.7,New Zealand,Pakistan,KD Mills,TG Southee,Shahid Afridi,0,0,,,,,,caught,KD Mills,,
473925,2010/11,2011-01-29,AMI Stadium,2,47.1,New Zealand,Pakistan,TG Southee,HK Bennett,Umar Gul,0,2,,,,2,,,,,
473925,2010/11,2011-01-29,AMI Stadium,2,47.2,New Zealand,Pakistan,TG Southee,HK Bennett,Umar Gul,1,0,,,,,,,,,
473925,2010/11,2011-01-29,AMI Stadium,2,47.3,New Zealand,Pakistan,HK Bennett,TG Southee,Umar Gul,0,0,,,,,,,,,
473925,2010/11,2011-01-29,AMI Stadium,2,47.4,New Zealand,Pakistan,HK Bennett,TG Southee,Umar Gul,1,0,,,,,,,,,
473925,2010/11,2011-01-29,AMI Stadium,2,47.5,New Zealand,Pakistan,TG Southee,HK Bennett,Umar Gul,1,0,,,,,,,,,
473925,2010/11,2011-01-29,AMI Stadium,2,47.6,New Zealand,Pakistan,HK Bennett,TG Southee,Umar Gul,0,0,,,,,,,,,
473925,2010/11,2011-01-29,AMI Stadium,2,48.1,New Zealand,Pakistan,TG Southee,HK Bennett,Wahab Riaz,0,0,,,,,,,,,
473925,2010/11,2011-01-29,AMI Stadium,2,48.2,New Zealand,Pakistan,TG Southee,HK Bennett,Wahab Riaz,0,0,,,,,,,,,
473925,2010/11,2011-01-29,AMI Stadium,2,48.3,New Zealand,Pakistan,TG Southee,HK Bennett,Wahab Riaz,1,0,,,,,,,,,
473925,2010/11,2011-01-29,AMI Stadium,2,48.4,New Zealand,Pakistan,HK Bennett,TG Southee,Wahab Riaz,0,1,,,,1,,,,,
473925,2010/11,2011-01-29,AMI Stadium,2,48.5,New Zealand,Pakistan,TG Southee,HK Bennett,Wahab Riaz,0,0,,,,,,,,,
473925,2010/11,2011-01-29,AMI Stadium,2,48.6,New Zealand,Pakistan,TG Southee,HK Bennett,Wahab Riaz,0,0,,,,,,,,,
473925,2010/11,2011-01-29,AMI Stadium,2,49.1,New Zealand,Pakistan,HK Bennett,TG Southee,Ahmed Shehzad,1,0,,,,,,,,,
473925,2010/11,2011-01-29,AMI Stadium,2,49.2,New Zealand,Pakistan,TG Southee,HK Bennett,Ahmed Shehzad,1,0,,,,,,,,,
473925,2010/11,2011-01-29,AMI Stadium,2,49.3,New Zealand,Pakistan,HK Bennett,TG Southee,Ahmed Shehzad,1,0,,,,,,,,,
473925,2010/11,2011-01-29,AMI Stadium,2,49.4,New Zealand,Pakistan,TG Southee,HK Bennett,Ahmed Shehzad,1,0,,,,,,,,,
473925,2010/11,2011-01-29,AMI Stadium,2,49.5,New Zealand,Pakistan,HK Bennett,TG Southee,Ahmed Shehzad,1,0,,,,,,,,,
473925,2010/11,2011-01-29,AMI Stadium,2,49.6,New Zealand,Pakistan,TG Southee,HK Bennett,Ahmed Shehzad,6,0,,,,,,,,,
